Week,Grade Pulled,Period,Semester,Course Code,Course Description,Staff Names,Grade,Grad Year,Grade Mark,Grade %,Total Days Absent,Mentor,PUS #,Menotor Active,Mentor Course
31,4/22/25,4,S2,SCI602 / 24,BIOLOGY B,GRANT MERRILL,10,2027,C,2.40 pts,1.29,Linda,9,Active,Yes
31,4/22/25,5,S2,MAT523 / 25,GEOMETRY B,BRIAN ANDERSON,10,2027,B,2.99 pts,1.14,Tom C,9,Active,Yes
31,4/22/25,1,S2,PED513 / 21,TEAM GAMES,SCOTT DIZMANG,10,2027,A,4.00 pts,1.00,,9,,#N/A
31,4/22/25,2,S2,SOC109 / 22,WORLD HISTORY/B,DAVID HOLLINGSWORTH,10,2027,B,3.08 pts,1.00,,9,,#N/A
31,4/22/25,3,S2,HFL116 / 23,BAKING PASTRY ARTS I,KAYLA PAYNE,10,2027,A,4.00 pts,1.00,,9,,#N/A
31,4/22/25,6,S2,ENG602 / 26,SOPH ENG/B,MARCEE SALAS,10,2027,D+,1.84 pts,1.00,,9,,#N/A
31,4/22/25,2,S2,BUS302 / 22,PERSONAL FINANCE B,NICOLE SIMEK,12,2025,F,0.74 pts,6.86,,8,,Yes
31,4/22/25,1,S2,FAR721 / 21,PANTHER PLAYERS/B,KELLY GREGERSEN,12,2025,B+,3.35 pts,4.57,,8,,#N/A
31,4/22/25,3,S2,HFL113 / 23,INTRO CULINARY ART,ALEXANDRA YOST,12,2025,W,2.22 pts,2.57,,8,,#N/A
31,4/22/25,3,S2,AID102 / HC3,TEACHER AIDE,HEATHER CARVER,12,2025,,,4.00,,8,,#N/A
32,4/29/25,4,S2,SCI602 / 24,BIOLOGY B,GRANT MERRILL,10,2027,D+,1.93 pts,1.29,Linda,9,Active,Yes
31,4/22/25,4,S2,ENG718 / 24,AP LITERATURE/COMPOSITION B,HEATHER CARVER,12,2025,C+,2.58 pts,6.29,,8,,#N/A
31,4/22/25,5,S2,SOC801 / 25,CONTEMPORARY WORLD ISSUES,SCOTT BOOTHBY,12,2025,C+,2.55 pts,6.29,,8,,#N/A
31,4/22/25,6,S2,SCI504 / 26,PHYSICAL SCIENCE B,JAMES BENNETT,12,2025,D+,1.81 pts,6.29,,8,,#N/A
31,4/22/25,1,S2,ENG802 / 21,SENIOR ENG/B,HEATHER CARVER,12,2025,F,0.46 pts,11.00,,7,,#N/A
31,4/22/25,2,S2,ELE404 / 22,LANGUAGE SUPPORT/B,HAYLEY ALVARADO,12,2025,,,2.00,,7,,#N/A
32,4/29/25,5,S2,MAT523 / 25,GEOMETRY B,BRIAN ANDERSON,10,2027,B-,2.70 pts,1.14,Tom C,9,Active,Yes
33,5/6/25,4,S2,SCI602 / 24,BIOLOGY B,GRANT MERRILL,10,2027,F,1.61 pts,1.29,Linda,9,Active,Yes
31,4/22/25,3,S2,ONT401 / 23,ON-TRACK/B,BRIAN ANDERSON,12,2025,U,0.20 pts,10.71,,7,,#N/A
31,4/22/25,4,S2,ENG716 / 24,DRAMATIC LITERATURE,KELLY GREGERSEN,12,2025,F,0.62 pts,11.14,,7,,#N/A
31,4/22/25,5,S2,CTE101 / 25,MEDICAL CAREER & TERMS/B,DONNA SCHATZ,12,2025,B-,2.86 pts,10.29,,7,,#N/A
33,5/6/25,5,S2,MAT523 / 25,GEOMETRY B,BRIAN ANDERSON,10,2027,B,3.01 pts,1.14,Tom C,9,Active,Yes
31,4/22/25,6,S2,SOC801 / 26,CONTEMPORARY WORLD ISSUES,JIM REED,12,2025,F,1.06 pts,11.71,,7,,#N/A
31,4/22/25,2,S2,BUS302 / 22,PERSONAL FINANCE B,NICOLE SIMEK,12,2025,W,0.79 pts,8.71,,7,,Yes
31,4/22/25,1,S2,VOC620 / 21,METAL CRAFTS & PRODUCTION I,DONALD O'BRIEN,10,2027,,0.33 pts,0.00,,6,,#N/A
31,4/22/25,1,S2,PED500 / 21,WEIGHT TRAINING,SCOTT BOOTHBY,10,2027,B+,3.33 pts,1.29,,6,,#N/A
31,4/22/25,2,S2,PED500 / 22,WEIGHT TRAINING,SCOTT BOOTHBY,10,2027,,4.00 pts,0.00,,6,,#N/A
31,4/22/25,2,S2,ELE404 / 22,LANGUAGE SUPPORT/B,HAYLEY ALVARADO,10,2027,A,4.00 pts,1.00,,6,,#N/A
31,4/22/25,3,S2,SOC109 / 23,WORLD HISTORY/B,RYAN ISAACSON,10,2027,A-,3.50 pts,1.00,,6,,#N/A
31,4/22/25,4,S2,MAT523 / 24,GEOMETRY B,ROCHELLE AITON,10,2027,B-,2.74 pts,1.00,,6,,Yes
34,5/13/25,4,S2,SCI602 / 24,BIOLOGY B,GRANT MERRILL,10,2027,D,1.74 pts,1.29,Linda,9,Active,Yes
34,5/13/25,5,S2,MAT523 / 25,GEOMETRY B,BRIAN ANDERSON,10,2027,B,3.01 pts,1.14,Tom C,9,Active,Yes
31,4/22/25,5,S2,ENG602 / 25,SOPH ENG/B,MARCEE SALAS,10,2027,C+,2.54 pts,1.00,,6,,Yes
31,4/22/25,6,S2,SCI602 / 46,BIOLOGY B,WILLIAM BAUR,10,2027,B,3.18 pts,1.00,Pat,6,Active,Yes
32,4/29/25,2,S2,BUS302 / 22,PERSONAL FINANCE B,NICOLE SIMEK,12,2025,F,0.71 pts,6.86,,8,,Yes
31,4/22/25,1,S2,VOC706 / 21,DIGITAL PHOTOGRAPHY II,ROSANNA RUFF,11,2026,B+,3.22 pts,0.57,,5,,#N/A
31,4/22/25,2,S2,SCI504 / 42,PHYSICAL SCIENCE B,WILLIAM BAUR,11,2026,C,2.33 pts,0.71,,5,,#N/A
31,4/22/25,4,S2,SOC702 / 24,US HISTORY/B,DAVE HAJEK,11,2026,C+,2.50 pts,2.00,,5,,#N/A
31,4/22/25,5,S2,ENG702 / 25,JUNIOR ENG/B,JOHN CARVER,11,2026,C+,2.52 pts,1.86,,5,,#N/A
31,4/22/25,6,S2,HFL113 / 26,INTRO CULINARY ART,ALEXANDRA YOST,11,2026,A,3.93 pts,1.29,,5,,#N/A
31,4/22/25,3,S2,BUS302 / 23,PERSONAL FINANCE B,NICOLE SIMEK,11,2026,C,2.27 pts,0.86,,5,,Yes
33,5/6/25,2,S2,BUS302 / 22,PERSONAL FINANCE B,NICOLE SIMEK,12,2025,F,0.83 pts,7.14,,8,,Yes
34,5/13/25,2,S2,BUS302 / 22,PERSONAL FINANCE B,NICOLE SIMEK,12,2025,F,0.64 pts,8.14,,8,,Yes
32,4/29/25,4,S2,MAT523 / 24,GEOMETRY B,ROCHELLE AITON,10,2027,B-,2.81 pts,1.00,,6,,Yes
32,4/29/25,5,S2,ENG602 / 25,SOPH ENG/B,MARCEE SALAS,10,2027,C+,2.57 pts,1.00,,6,,Yes
31,4/22/25,2,S2,ENG802 / 22,SENIOR ENG/B,MARCEE SALAS,12,2025,C,2.44 pts,9.57,,49,,#N/A
31,4/22/25,3,S2,SOC801 / 23,CONTEMPORARY WORLD ISSUES,JIM REED,12,2025,F,1.39 pts,9.57,,49,,#N/A
31,4/22/25,4,S2,FAR110 / 24,CERAMICS III,ROBERT YEE,12,2025,B,3.00 pts,9.29,,49,,#N/A
31,4/22/25,5,S2,ONT401 / 25,ON-TRACK/B,ROBERT YEE,12,2025,F,0.00 pts,9.29,,49,,#N/A
32,4/29/25,6,S2,SCI602 / 46,BIOLOGY B,WILLIAM BAUR,10,2027,B,3.18 pts,1.00,Pat,6,Active,Yes
31,4/22/25,1,S2,SCI504 / 21,PHYSICAL SCIENCE B,JAMES BENNETT,12,2025,F,1.60 pts,10.14,Jay,49,Active,Yes
31,4/22/25,6,S2,MAT702 / 26,ALGEBRA II B,JASON BLAESING,12,2025,F,1.19 pts,10.00,,49,,Yes
31,4/22/25,1,S2,SOC109 / 21,WORLD HISTORY/B,DAVID HOLLINGSWORTH,10,2027,F,1.49 pts,12.43,,48,,#N/A
31,4/22/25,3,S2,PED101 / 23,PHYSICAL EDUCATION,SCOTT DIZMANG,10,2027,B,3.05 pts,12.43,,48,,#N/A
31,4/22/25,4,S2,VOC504 / 24,ADV FINE ARTS WOODWORKING I,BRENT MANSELL,10,2027,F,1.31 pts,12.00,,48,,#N/A
33,5/6/25,4,S2,MAT523 / 24,GEOMETRY B,ROCHELLE AITON,10,2027,B-,2.81 pts,3.00,,6,,Yes
32,4/29/25,2,S2,BUS302 / 22,PERSONAL FINANCE B,NICOLE SIMEK,12,2025,W,0.79 pts,8.71,,7,,Yes
33,5/6/25,2,S2,BUS302 / 22,PERSONAL FINANCE B,NICOLE SIMEK,12,2025,W,0.79 pts,8.71,,7,,Yes
31,4/22/25,1,S2,MAT702 / 21,ALGEBRA II B,JENNIFER REILLY,11,2026,B-,2.87 pts,6.43,,47,,#N/A
34,5/13/25,2,S2,BUS302 / 22,PERSONAL FINANCE B,NICOLE SIMEK,12,2025,W,0.79 pts,8.71,,7,,Yes
31,4/22/25,3,S2,ASL504 / 23,AMERICAN SIGN LANGUAGE II/B,TAMI GRANT,11,2026,B+,3.22 pts,6.00,,47,,#N/A
31,4/22/25,4,S2,SOC702 / 24,US HISTORY/B,DAVE HAJEK,11,2026,D+,1.91 pts,6.00,,47,,#N/A
31,4/22/25,5,S2,PED500 / 25,WEIGHT TRAINING,SCOTT DIZMANG,11,2026,A,3.75 pts,6.00,,47,,#N/A
31,4/22/25,6,S2,ENG702 / 26,JUNIOR ENG/B,JOHN CARVER,11,2026,B,3.07 pts,6.00,,47,,#N/A
31,4/22/25,1,S2,FAR721 / 21,PANTHER PLAYERS/B,KELLY GREGERSEN,11,2026,B+,3.36 pts,7.29,,46,,#N/A
31,4/22/25,4,S2,ENG716 / 24,DRAMATIC LITERATURE,KELLY GREGERSEN,11,2026,C+,2.64 pts,7.29,,46,,#N/A
31,4/22/25,5,S2,SOC702 / 25,US HISTORY/B,DAVE HAJEK,11,2026,C,2.24 pts,7.29,,46,,#N/A
31,4/22/25,6,S2,SPA502 / 26,SPANISH I B,ARELI LOPEZ LOPEZ,11,2026,B-,2.79 pts,7.29,,46,,#N/A
33,5/6/25,5,S2,ENG602 / 25,SOPH ENG/B,MARCEE SALAS,10,2027,C+,2.56 pts,3.00,,6,,Yes
31,4/22/25,2,S2,ENG602 / 22,SOPH ENG/B,KELLY GREGERSEN,10,2027,F,1.44 pts,12.43,,48,,Yes
31,4/22/25,5,S2,MAT523 / 25,GEOMETRY B,BRIAN ANDERSON,10,2027,F,0.85 pts,12.14,Jonathan,48,Active,Yes
31,4/22/25,6,S2,SCI602 / 26,BIOLOGY B,GRANT MERRILL,10,2027,D+,1.98 pts,12.29,,48,,Yes
31,4/22/25,1,S2,PED101 / 21,PHYSICAL EDUCATION,KATHERINE STURDYVIN-SCOBBA,11,2026,A,3.95 pts,1.29,,45,,#N/A
31,4/22/25,3,S2,ENG720 / 23,AP LANGUAGE/ COMPOSITON B,HEATHER CARVER,11,2026,F,1.38 pts,1.00,,45,,#N/A
31,4/22/25,4,S2,CTE231 / 24,SOCIAL MEDIA MARKETING II,NICOLE SIMEK,11,2026,B+,3.35 pts,1.00,,45,,#N/A
33,5/6/25,6,S2,SCI602 / 46,BIOLOGY B,WILLIAM BAUR,10,2027,C+,2.56 pts,3.00,Pat,6,Active,Yes
31,4/22/25,5,S2,SOC704 / 25,AP US HISTORY B,RYAN ISAACSON,11,2026,C+,2.56 pts,1.00,,45,,#N/A
32,4/29/25,1,S2,SCI504 / 21,PHYSICAL SCIENCE B,JAMES BENNETT,12,2025,F,1.41 pts,10.43,Jay,49,Active,Yes
32,4/29/25,6,S2,MAT702 / 26,ALGEBRA II B,JASON BLAESING,12,2025,F,1.44 pts,10.29,,49,,Yes
31,4/22/25,2,S2,SCI602 / 42,BIOLOGY B,DONNA SCHATZ,10,2027,C-,2.19 pts,13.43,,44,,#N/A
31,4/22/25,3,S2,FAR604 / 23,SCENE DESIGN,KELLY GREGERSEN,10,2027,C,2.48 pts,14.29,,44,,#N/A
31,4/22/25,4,S2,HFL113 / 24,INTRO CULINARY ART,KAYLA PAYNE,10,2027,A-,3.49 pts,12.14,,44,,#N/A
31,4/22/25,6,S2,SOC109 / 26,WORLD HISTORY/B,RYAN ISAACSON,10,2027,F,0.00 pts,15.71,,44,,#N/A
31,4/22/25,1,S2,MAT523 / 21,GEOMETRY B,ROCHELLE AITON,10,2027,F,0.00 pts,16.86,,44,,Yes
31,4/22/25,5,S2,ENG602 / 25,SOPH ENG/B,MARCEE SALAS,10,2027,F,0.99 pts,12.29,,44,,Yes
34,5/13/25,4,S2,MAT523 / 24,GEOMETRY B,ROCHELLE AITON,10,2027,C+,2.65 pts,3.00,,6,,Yes
31,4/22/25,1,S2,ENG702 / 21,JUNIOR ENG/B,JOHN CARVER,11,2026,B-,2.86 pts,8.71,,43,,#N/A
31,4/22/25,2,S2,SCI504 / 22,PHYSICAL SCIENCE B,JAMES BENNETT,11,2026,C-,2.03 pts,8.43,,43,,#N/A
31,4/22/25,3,S2,ASL504 / 23,AMERICAN SIGN LANGUAGE II/B,TAMI GRANT,11,2026,B+,3.25 pts,8.14,,43,,#N/A
31,4/22/25,4,S2,SOC702 / 24,US HISTORY/B,DAVE HAJEK,11,2026,B,2.98 pts,7.57,,43,,#N/A
34,5/13/25,5,S2,ENG602 / 25,SOPH ENG/B,MARCEE SALAS,10,2027,C+,2.65 pts,3.00,,6,,Yes
32,4/29/25,2,S2,ENG602 / 22,SOPH ENG/B,KELLY GREGERSEN,10,2027,F,1.43 pts,12.43,,48,,Yes
34,5/13/25,6,S2,SCI602 / 46,BIOLOGY B,WILLIAM BAUR,10,2027,C,2.25 pts,3.14,Pat,6,Active,Yes
31,4/22/25,5,S2,SOC106 / 25,AP PSYCHOLOGY B,JIM REED,11,2026,C-,2.07 pts,7.57,,43,,#N/A
31,4/22/25,6,S2,MAT702 / 26,ALGEBRA II B,JASON BLAESING,11,2026,F,1.51 pts,7.71,,43,,Yes
31,4/22/25,1,S2,FAR607 / 21,ADVANCED ACTING/ B,KELLY GREGERSEN,12,2025,B,2.99 pts,1.14,,42,,#N/A
31,4/22/25,3,S2,ENG802 / 23,SENIOR ENG/B,JOHN CARVER,12,2025,F,1.03 pts,1.14,,42,,#N/A
33,5/6/25,1,S2,SCI504 / 21,PHYSICAL SCIENCE B,JAMES BENNETT,12,2025,D,1.73 pts,10.71,Jay,49,Active,Yes
31,4/22/25,4,S2,HFL119 / 24,ADV CULINARY ARTS B,ALEXANDRA YOST,12,2025,A,3.97 pts,1.00,,42,,#N/A
31,4/22/25,6,S2,FAR543 / 26,WIND ENSEMB/B,DAVID DUARTE,12,2025,A,3.92 pts,1.00,,42,,#N/A
31,4/22/25,2,S2,SCI610 / 22,CHEMISTRY/B,GRANT MERRILL,11,2026,F,1.63 pts,6.43,,47,,Yes
33,5/6/25,6,S2,MAT702 / 26,ALGEBRA II B,JASON BLAESING,12,2025,F,1.45 pts,10.14,,49,,Yes
32,4/29/25,5,S2,MAT523 / 25,GEOMETRY B,BRIAN ANDERSON,10,2027,F,1.50 pts,12.14,Jonathan,48,Active,Yes
31,4/22/25,1,S2,ENG702 / 21,JUNIOR ENG/B,JOHN CARVER,11,2026,C+,2.56 pts,0.86,,41,,#N/A
31,4/22/25,2,S2,SCI504 / 42,PHYSICAL SCIENCE B,WILLIAM BAUR,11,2026,C-,2.03 pts,0.00,,41,,#N/A
31,4/22/25,3,S2,ASL504 / 23,AMERICAN SIGN LANGUAGE II/B,TAMI GRANT,11,2026,A,3.86 pts,0.14,,41,,#N/A
31,4/22/25,4,S2,SOC702 / 24,US HISTORY/B,DAVE HAJEK,11,2026,D+,1.97 pts,0.43,,41,,#N/A
31,4/22/25,6,S2,FAR113 / 26,INTRO TO ART AND DESIGN,ROBERT YEE,11,2026,C-,2.04 pts,0.57,,41,,#N/A
31,4/22/25,5,S2,MAT702 / 45,ALGEBRA II B,JENNIFER REILLY,11,2026,D+,1.82 pts,0.43,,41,,Yes
31,4/22/25,1,S2,ENG702 / 21,JUNIOR ENG/B,JOHN CARVER,11,2026,C,2.40 pts,1.14,,40,,#N/A
32,4/29/25,3,S2,BUS302 / 23,PERSONAL FINANCE B,NICOLE SIMEK,11,2026,C-,2.07 pts,0.86,,5,,Yes
31,4/22/25,3,S2,SCI504 / 43,PHYSICAL SCIENCE B,WILLIAM BAUR,11,2026,F,1.56 pts,1.00,,40,,#N/A
31,4/22/25,4,S2,VOC504 / 24,ADV FINE ARTS WOODWORKING I,BRENT MANSELL,11,2026,F,1.38 pts,1.00,,40,,#N/A
31,4/22/25,5,S2,SPA602 / 25,SPANISH II B,ARELI LOPEZ LOPEZ,11,2026,C,2.41 pts,1.00,,40,,#N/A
31,4/22/25,2,S2,MAT702 / 22,ALGEBRA II B,JASON BLAESING,11,2026,F,1.01 pts,1.43,,40,,Yes
31,4/22/25,6,S2,SOC702 / 26,US HISTORY/B,SCOTT BOOTHBY,11,2026,B-,2.88 pts,1.00,,40,,Yes
31,4/22/25,1,S2,FAR506 / 21,CONCERT CHOIR /B,DAVID DUARTE,10,2027,A-,3.45 pts,8.14,,4,,#N/A
31,4/22/25,2,S2,SPA502 / 22,SPANISH I B,ARELI LOPEZ LOPEZ,10,2027,C-,2.19 pts,5.71,,4,,#N/A
31,4/22/25,3,S2,SOC109 / 23,WORLD HISTORY/B,RYAN ISAACSON,10,2027,C,2.40 pts,4.86,,4,,#N/A
31,4/22/25,6,S2,MAT523 / 46,GEOMETRY B,ROCHELLE AITON,10,2027,C-,2.07 pts,5.57,,4,,#N/A
33,5/6/25,3,S2,BUS302 / 23,PERSONAL FINANCE B,NICOLE SIMEK,11,2026,C,2.42 pts,0.86,,5,,Yes
31,4/22/25,2,S2,SCI610 / 22,CHEMISTRY/B,GRANT MERRILL,11,2026,F,1.20 pts,7.29,Jay,46,Active,Yes
31,4/22/25,3,S2,MAT702 / 23,ALGEBRA II B,JENNIFER REILLY,11,2026,C+,2.54 pts,7.29,,46,,Yes
31,4/22/25,1,S2,VOC620 / 21,METAL CRAFTS & PRODUCTION I,DONALD O'BRIEN,10,2027,C-,2.00 pts,2.57,,39,,#N/A
31,4/22/25,2,S2,SOC109 / 22,WORLD HISTORY/B,DAVID HOLLINGSWORTH,10,2027,B+,3.27 pts,2.57,,39,,#N/A
31,4/22/25,4,S2,VOC503 / 24,FINE ARTS WOODS II,BRENT MANSELL,10,2027,C+,2.69 pts,2.00,,39,,#N/A
34,5/13/25,3,S2,BUS302 / 23,PERSONAL FINANCE B,NICOLE SIMEK,11,2026,C+,2.55 pts,0.86,,5,,Yes
32,4/29/25,6,S2,SCI602 / 26,BIOLOGY B,GRANT MERRILL,10,2027,C,2.21 pts,12.29,,48,,Yes
34,5/13/25,1,S2,SCI504 / 21,PHYSICAL SCIENCE B,JAMES BENNETT,12,2025,D,1.76 pts,10.86,Jay,49,Active,Yes
31,4/22/25,2,S2,SCI610 / 22,CHEMISTRY/B,GRANT MERRILL,11,2026,D,1.69 pts,1.29,Jay,45,Active,Yes
31,4/22/25,2,S2,VOC107 / 22,METALS MANUF & TECHNOLOGY II,DONALD O'BRIEN,10,2027,C-,2.00 pts,8.00,,38,,#N/A
31,4/22/25,3,S2,SCI602 / 43,BIOLOGY B,DONNA SCHATZ,10,2027,B,3.13 pts,7.71,,38,,#N/A
31,4/22/25,4,S2,SOC109 / 24,WORLD HISTORY/B,DAVID HOLLINGSWORTH,10,2027,C,2.48 pts,8.00,,38,,#N/A
31,4/22/25,6,S2,PED500 / 26,WEIGHT TRAINING,SCOTT DIZMANG,10,2027,A,3.75 pts,7.86,,38,,#N/A
31,4/22/25,1,S2,MAT523 / 21,GEOMETRY B,ROCHELLE AITON,10,2027,F,1.43 pts,8.71,,38,,Yes
31,4/22/25,5,S2,ENG602 / 25,SOPH ENG/B,MARCEE SALAS,10,2027,D+,1.91 pts,7.57,,38,,Yes
31,4/22/25,6,S2,MAT702 / 26,ALGEBRA II B,JASON BLAESING,11,2026,D,1.75 pts,1.00,,45,,Yes
31,4/22/25,1,S2,PED500 / 21,WEIGHT TRAINING,SCOTT BOOTHBY,11,2026,C+,2.50 pts,10.14,,37,,#N/A
31,4/22/25,2,S2,SCI504 / 22,PHYSICAL SCIENCE B,JAMES BENNETT,11,2026,F,0.85 pts,9.86,,37,,#N/A
31,4/22/25,3,S2,ONT401 / 23,ON-TRACK/B,BRIAN ANDERSON,11,2026,U,0.20 pts,9.86,,37,,#N/A
31,4/22/25,4,S2,ENG716 / 24,DRAMATIC LITERATURE,KELLY GREGERSEN,11,2026,F,1.38 pts,10.29,,37,,#N/A
31,4/22/25,5,S2,BUS302 / 25,PERSONAL FINANCE B,NICOLE SIMEK,11,2026,F,0.65 pts,10.43,,37,,Yes
31,4/22/25,6,S2,SOC702 / 26,US HISTORY/B,SCOTT BOOTHBY,11,2026,F,1.07 pts,10.29,,37,,Yes
34,5/13/25,6,S2,MAT702 / 26,ALGEBRA II B,JASON BLAESING,12,2025,F,1.52 pts,10.14,,49,,Yes
31,4/22/25,1,S2,CTE115 / 21,ENGINEERING B,JASON BLAESING,11,2026,D,1.67 pts,0.00,,36,,#N/A
31,4/22/25,3,S2,FAR604 / 23,SCENE DESIGN,KELLY GREGERSEN,11,2026,B,2.94 pts,0.00,,36,,#N/A
31,4/22/25,4,S2,ENG702 / 24,JUNIOR ENG/B,JOHN CARVER,11,2026,C+,2.62 pts,0.00,,36,,#N/A
31,4/22/25,5,S2,SOC702 / 25,US HISTORY/B,DAVE HAJEK,11,2026,C+,2.57 pts,0.29,,36,,#N/A
31,4/22/25,6,S2,FAR543 / 26,WIND ENSEMB/B,DAVID DUARTE,11,2026,A,3.66 pts,0.43,,36,,#N/A
33,5/6/25,2,S2,ENG602 / 22,SOPH ENG/B,KELLY GREGERSEN,10,2027,F,1.43 pts,12.43,,48,,Yes
31,4/22/25,1,S2,ENG802 / 21,SENIOR ENG/B,HEATHER CARVER,12,2025,D+,1.95 pts,1.00,,35,,#N/A
31,4/22/25,2,S2,SCI504 / 22,PHYSICAL SCIENCE B,JAMES BENNETT,12,2025,C-,2.13 pts,2.57,,35,,#N/A
31,4/22/25,3,S2,SOC801 / 23,CONTEMPORARY WORLD ISSUES,JIM REED,12,2025,C-,2.13 pts,1.14,,35,,#N/A
31,4/22/25,4,S2,MAT521 / 24,ALGEBRA I B,KEVIN REILLY,12,2025,D,1.74 pts,1.57,,35,,#N/A
31,4/22/25,5,S2,ONT401 / 25,ON-TRACK/B,ROBERT YEE,12,2025,C-,2.00 pts,2.29,,35,,#N/A
31,4/22/25,6,S2,SCI602 / 46,BIOLOGY B,WILLIAM BAUR,12,2025,D+,1.97 pts,2.14,,35,,Yes
31,4/22/25,1,S2,VOC504 / 21,ADV FINE ARTS WOODWORKING I,BRENT MANSELL,10,2027,F,1.31 pts,12.71,,34,,#N/A
31,4/22/25,4,S2,PED513 / 24,TEAM GAMES,SCOTT DIZMANG,10,2027,F,0.68 pts,12.71,,34,,#N/A
32,4/29/25,2,S2,SCI610 / 22,CHEMISTRY/B,GRANT MERRILL,11,2026,D+,1.80 pts,6.43,,47,,Yes
31,4/22/25,5,S2,SCI602 / 25,BIOLOGY B,GRANT MERRILL,10,2027,F,0.48 pts,10.29,,34,,#N/A
31,4/22/25,6,S2,SOC109 / 26,WORLD HISTORY/B,RYAN ISAACSON,10,2027,F,0.40 pts,9.43,,34,,#N/A
33,5/6/25,5,S2,MAT523 / 25,GEOMETRY B,BRIAN ANDERSON,10,2027,F,1.15 pts,12.14,Jonathan,48,Active,Yes
31,4/22/25,2,S2,ENG602 / 22,SOPH ENG/B,KELLY GREGERSEN,10,2027,F,0.82 pts,9.00,,34,,Yes
31,4/22/25,3,S2,MAT523 / 23,GEOMETRY B,ROCHELLE AITON,10,2027,F,0.95 pts,12.43,,34,,Yes
31,4/22/25,1,S2,PED513 / 21,TEAM GAMES,SCOTT DIZMANG,10,2027,A,4.00 pts,1.43,,33,,#N/A
31,4/22/25,3,S2,ASL502 / 23,AMERICAN  SIGN LANGUAGE I/B,KYLA RITCHEY,10,2027,C+,2.55 pts,1.43,,33,,#N/A
31,4/22/25,4,S2,SOC109 / 24,WORLD HISTORY/B,DAVID HOLLINGSWORTH,10,2027,D,1.70 pts,1.43,,33,,#N/A
31,4/22/25,2,S2,SCI610 / 22,CHEMISTRY/B,GRANT MERRILL,12,2025,F,1.00 pts,1.14,Larry,42,Active,Yes
31,4/22/25,5,S2,BUS302 / 25,PERSONAL FINANCE B,NICOLE SIMEK,12,2025,C+,2.52 pts,1.00,,42,,Yes
32,4/29/25,2,S2,SCI610 / 22,CHEMISTRY/B,GRANT MERRILL,11,2026,F,1.57 pts,8.14,Jay,46,Active,Yes
33,5/6/25,6,S2,SCI602 / 26,BIOLOGY B,GRANT MERRILL,10,2027,C-,2.13 pts,12.29,,48,,Yes
31,4/22/25,1,S2,SOC109 / 21,WORLD HISTORY/B,DAVID HOLLINGSWORTH,10,2027,A,3.77 pts,2.14,,32,,#N/A
34,5/13/25,2,S2,ENG602 / 22,SOPH ENG/B,KELLY GREGERSEN,10,2027,D+,1.90 pts,14.43,,48,,Yes
31,4/22/25,2,S2,HFL114 / 22,FAMILY HEALTH,THOMAS KESSINGER,10,2027,A,3.90 pts,2.00,,32,,#N/A
31,4/22/25,3,S2,SCI602 / 43,BIOLOGY B,DONNA SCHATZ,10,2027,B+,3.31 pts,2.00,,32,,#N/A
31,4/22/25,5,S2,ASL504 / 25,AMERICAN SIGN LANGUAGE II/B,TAMI GRANT,10,2027,B,2.92 pts,3.14,,32,,#N/A
31,4/22/25,6,S2,ENG602 / 26,SOPH ENG/B,MARCEE SALAS,10,2027,C,2.43 pts,3.14,,32,,#N/A
32,4/29/25,3,S2,MAT702 / 23,ALGEBRA II B,JENNIFER REILLY,11,2026,B-,2.74 pts,8.14,,46,,Yes
31,4/22/25,1,S2,ENG802 / 21,SENIOR ENG/B,HEATHER CARVER,12,2025,C,2.46 pts,7.57,,30,,#N/A
31,4/22/25,2,S2,ASL504 / 22,AMERICAN SIGN LANGUAGE II/B,TAMI GRANT,12,2025,A-,3.47 pts,5.43,,30,,#N/A
31,4/22/25,3,S2,HFL113 / 23,INTRO CULINARY ART,ALEXANDRA YOST,12,2025,B,3.05 pts,6.43,,30,,#N/A
31,4/22/25,4,S2,SOC801 / 24,CONTEMPORARY WORLD ISSUES,JIM REED,12,2025,A,3.60 pts,6.00,,30,,#N/A
31,4/22/25,6,S2,VOC621 / 26,METAL CRAFTS & PRODUCTION II,DONALD O'BRIEN,12,2025,B,2.97 pts,6.57,,30,,#N/A
31,4/22/25,5,S2,BUS302 / 25,PERSONAL FINANCE B,NICOLE SIMEK,12,2025,A-,3.40 pts,5.43,,30,,Yes
31,4/22/25,1,S2,CTA102 / 21,CTA S2,,11,2026,,,0.00,,3,,#N/A
31,4/22/25,2,S2,CTA102 / 21,CTA S2,,11,2026,,,0.00,,3,,#N/A
31,4/22/25,3,S2,CTA102 / 21,CTA S2,,11,2026,,,0.00,,3,,#N/A
31,4/22/25,5,S2,ASL504 / 25,AMERICAN SIGN LANGUAGE II/B,TAMI GRANT,11,2026,A,4.00 pts,4.00,,3,,#N/A
31,4/22/25,6,S2,ENG702 / 26,JUNIOR ENG/B,JOHN CARVER,11,2026,B+,3.35 pts,3.00,,3,,#N/A
31,4/22/25,4,S2,MAT702 / 24,ALGEBRA II B,JENNIFER REILLY,11,2026,D+,1.87 pts,2.67,,3,,Yes
31,4/22/25,1,S2,MAT702 / 21,ALGEBRA II B,JENNIFER REILLY,11,2026,B-,2.77 pts,7.71,,29,,#N/A
31,4/22/25,2,S2,SCI504 / 42,PHYSICAL SCIENCE B,WILLIAM BAUR,11,2026,B+,3.33 pts,6.71,,29,,#N/A
31,4/22/25,3,S2,ENG720 / 23,AP LANGUAGE/ COMPOSITON B,HEATHER CARVER,11,2026,D+,1.91 pts,6.14,,29,,#N/A
31,4/22/25,4,S2,ASL506 / 24,AMER SIGN III/B,TAMI GRANT,11,2026,A-,3.50 pts,4.29,,29,,#N/A
31,4/22/25,5,S2,CTE502 / 25,PROJECT IN  LEADERSHIP/B,KYLA RITCHEY,11,2026,A,3.64 pts,4.00,,29,,#N/A
31,4/22/25,4,S2,SCI602 / 24,BIOLOGY B,GRANT MERRILL,10,2027,F,1.20 pts,7.00,,4,,Yes
31,4/22/25,5,S2,ENG602 / 25,SOPH ENG/B,MARCEE SALAS,10,2027,B-,2.77 pts,4.57,Mimi,4,Active,Yes
31,4/22/25,1,S2,ENG602 / 21,SOPH ENG/B,MARCEE SALAS,10,2027,C+,2.66 pts,2.00,,28,,#N/A
31,4/22/25,2,S2,SCI602 / 42,BIOLOGY B,DONNA SCHATZ,10,2027,B-,2.70 pts,2.29,,28,,#N/A
34,5/13/25,5,S2,MAT523 / 25,GEOMETRY B,BRIAN ANDERSON,10,2027,F,1.13 pts,14.14,Jonathan,48,Active,Yes
34,5/13/25,6,S2,SCI602 / 26,BIOLOGY B,GRANT MERRILL,10,2027,F,1.44 pts,14.29,,48,,Yes
31,4/22/25,3,S2,ASL502 / 23,AMERICAN  SIGN LANGUAGE I/B,KYLA RITCHEY,10,2027,B,2.96 pts,2.00,,28,,#N/A
32,4/29/25,2,S2,SCI610 / 22,CHEMISTRY/B,GRANT MERRILL,11,2026,F,0.87 pts,2.43,Jay,45,Active,Yes
32,4/29/25,6,S2,MAT702 / 26,ALGEBRA II B,JASON BLAESING,11,2026,F,1.49 pts,2.14,,45,,Yes
31,4/22/25,5,S2,HFL116 / 25,BAKING PASTRY ARTS I,KAYLA PAYNE,10,2027,A,3.77 pts,2.00,,28,,#N/A
31,4/22/25,6,S2,SOC109 / 26,WORLD HISTORY/B,RYAN ISAACSON,10,2027,F,1.09 pts,2.43,,28,,#N/A
31,4/22/25,4,S2,MAT523 / 24,GEOMETRY B,ROCHELLE AITON,10,2027,F,1.33 pts,2.00,,28,,Yes
31,4/22/25,1,S2,ENG802 / 21,SENIOR ENG/B,HEATHER CARVER,12,2025,F,0.49 pts,1.43,,27,,#N/A
31,4/22/25,3,S2,ONT401 / 23,ON-TRACK/B,BRIAN ANDERSON,12,2025,U,0.15 pts,1.14,,27,,#N/A
31,4/22/25,4,S2,SOC801 / 24,CONTEMPORARY WORLD ISSUES,JIM REED,12,2025,F,0.69 pts,1.29,,27,,#N/A
31,4/22/25,5,S2,CTE101 / 25,MEDICAL CAREER & TERMS/B,DONNA SCHATZ,12,2025,F,1.39 pts,1.29,,27,,#N/A
31,4/22/25,6,S2,ENG715 / 26,FILM AS LITERATURE,KELLY GREGERSEN,12,2025,F,1.51 pts,1.14,,27,,#N/A
33,5/6/25,2,S2,SCI610 / 22,CHEMISTRY/B,GRANT MERRILL,11,2026,C+,2.50 pts,6.43,,47,,Yes
31,4/22/25,2,S2,BUS302 / 22,PERSONAL FINANCE B,NICOLE SIMEK,12,2025,F,0.65 pts,1.29,,27,,Yes
34,5/13/25,2,S2,SCI610 / 22,CHEMISTRY/B,GRANT MERRILL,11,2026,C+,2.50 pts,6.43,,47,,Yes
31,4/22/25,1,S2,ENG702 / 21,JUNIOR ENG/B,JOHN CARVER,11,2026,F,1.09 pts,17.71,,26,,#N/A
31,4/22/25,2,S2,SCI504 / 22,PHYSICAL SCIENCE B,JAMES BENNETT,11,2026,C,2.35 pts,15.57,,26,,#N/A
31,4/22/25,4,S2,SOC702 / 24,US HISTORY/B,DAVE HAJEK,11,2026,D,1.71 pts,12.14,,26,,#N/A
31,4/22/25,5,S2,ONT401 / 25,ON-TRACK/B,ROBERT YEE,11,2026,F,0.00 pts,15.43,,26,,#N/A
31,4/22/25,6,S2,FAR113 / 26,INTRO TO ART AND DESIGN,ROBERT YEE,11,2026,F,0.00 pts,15.29,,26,,#N/A
31,4/22/25,3,S2,BUS302 / 23,PERSONAL FINANCE B,NICOLE SIMEK,11,2026,F,1.21 pts,13.71,,26,,Yes
31,4/22/25,1,S2,PED500 / 21,WEIGHT TRAINING,SCOTT BOOTHBY,09,2028,B,3.17 pts,1.00,,25,,#N/A
31,4/22/25,2,S2,SCI504 / 42,PHYSICAL SCIENCE B,WILLIAM BAUR,09,2028,F,1.20 pts,1.00,,25,,#N/A
33,5/6/25,2,S2,SCI610 / 22,CHEMISTRY/B,GRANT MERRILL,11,2026,F,1.38 pts,8.14,Jay,46,Active,Yes
33,5/6/25,3,S2,MAT702 / 23,ALGEBRA II B,JENNIFER REILLY,11,2026,B-,2.71 pts,8.14,,46,,Yes
31,4/22/25,3,S2,FAR108 / 23,CERAMICS I,ROBERT YEE,09,2028,A,3.95 pts,1.00,,25,,#N/A
31,4/22/25,4,S2,CTE230 / 24,SOCIAL MEDIA MARKETING I,NICOLE SIMEK,09,2028,F,1.56 pts,1.00,,25,,#N/A
31,4/22/25,5,S2,MAT521 / 25,ALGEBRA I B,KEVIN REILLY,09,2028,C+,2.67 pts,1.00,,25,,#N/A
31,4/22/25,3,S2,MAT523 / 23,GEOMETRY B,ROCHELLE AITON,10,2027,F,1.17 pts,2.43,John L,39,Active,Yes
31,4/22/25,5,S2,ENG602 / 25,SOPH ENG/B,MARCEE SALAS,10,2027,D+,1.91 pts,2.14,,39,,Yes
31,4/22/25,1,S2,MAT705 / 21,PRE-CALC B MAT 154,BRIAN ANDERSON,12,2025,C-,2.01 pts,1.25,,24,,#N/A
31,4/22/25,2,S2,RUN102 / 22,RUNNING START/B,,12,2025,,,0.00,,24,,#N/A
31,4/22/25,3,S2,RUN102 / 23,RUNNING START/B,,12,2025,,,0.00,,24,,#N/A
34,5/13/25,2,S2,SCI610 / 22,CHEMISTRY/B,GRANT MERRILL,11,2026,F,1.38 pts,8.43,Jay,46,Active,Yes
31,4/22/25,4,S2,RUN102 / 24,RUNNING START/B,,12,2025,,,0.00,,24,,#N/A
34,5/13/25,3,S2,MAT702 / 23,ALGEBRA II B,JENNIFER REILLY,11,2026,B-,2.75 pts,8.43,,46,,Yes
31,4/22/25,5,S2,ENG802 / 25,SENIOR ENG/B,HEATHER CARVER,12,2025,B,3.13 pts,1.00,,24,,#N/A
31,4/22/25,6,S2,SOC801 / 26,CONTEMPORARY WORLD ISSUES,JIM REED,12,2025,A,3.99 pts,1.50,,24,,#N/A
31,4/22/25,1,S2,PED513 / 21,TEAM GAMES,SCOTT DIZMANG,11,2026,A,4.00 pts,2.43,,22,,#N/A
31,4/22/25,2,S2,HFL115 / 22,ADVANCED PASTRY ARTS I,KAYLA PAYNE,11,2026,A,3.99 pts,2.43,,22,,#N/A
31,4/22/25,4,S2,SCI504 / 44,PHYSICAL SCIENCE B,WILLIAM BAUR,11,2026,B+,3.35 pts,2.00,,22,,#N/A
31,4/22/25,5,S2,SOC702 / 25,US HISTORY/B,DAVE HAJEK,11,2026,B,2.99 pts,2.57,,22,,#N/A
31,4/22/25,6,S2,SCI602 / 46,BIOLOGY B,WILLIAM BAUR,10,2027,C-,2.15 pts,2.00,,39,,Yes
31,4/22/25,6,S2,ENG702 / 26,JUNIOR ENG/B,JOHN CARVER,11,2026,B-,2.81 pts,2.43,,22,,#N/A
32,4/29/25,2,S2,SCI610 / 22,CHEMISTRY/B,GRANT MERRILL,12,2025,F,1.00 pts,1.14,Larry,42,Active,Yes
32,4/29/25,5,S2,BUS302 / 25,PERSONAL FINANCE B,NICOLE SIMEK,12,2025,C+,2.52 pts,1.00,,42,,Yes
31,4/22/25,1,S2,SOC702 / 21,US HISTORY/B,DAVE HAJEK,11,2026,F,0.68 pts,5.14,,21,,#N/A
31,4/22/25,4,S2,HFL119 / 24,ADV CULINARY ARTS B,ALEXANDRA YOST,11,2026,A,3.97 pts,6.57,,21,,#N/A
31,4/22/25,5,S2,ENG702 / 25,JUNIOR ENG/B,JOHN CARVER,11,2026,C-,2.10 pts,6.71,,21,,#N/A
31,4/22/25,6,S2,FAR113 / 26,INTRO TO ART AND DESIGN,ROBERT YEE,11,2026,,3.00 pts,5.14,,21,,#N/A
31,4/22/25,6,S2,FAR114 / 26,INTERMEDIATE ART,ROBERT YEE,11,2026,,,1.00,,21,,#N/A
33,5/6/25,2,S2,SCI610 / 22,CHEMISTRY/B,GRANT MERRILL,11,2026,F,0.90 pts,2.43,Jay,45,Active,Yes
31,4/22/25,2,S2,MAT702 / 22,ALGEBRA II B,JASON BLAESING,11,2026,D+,1.96 pts,0.00,Larry,36,Active,Yes
33,5/6/25,6,S2,MAT702 / 26,ALGEBRA II B,JASON BLAESING,11,2026,F,1.49 pts,2.14,,45,,Yes
31,4/22/25,1,S2,ENG602 / 21,SOPH ENG/B,MARCEE SALAS,10,2027,B+,3.30 pts,6.14,,20,,#N/A
31,4/22/25,2,S2,MAT523 / 42,GEOMETRY B,BRIAN ANDERSON,10,2027,C,2.39 pts,6.00,,20,,#N/A
32,4/29/25,4,S2,SCI602 / 24,BIOLOGY B,GRANT MERRILL,10,2027,D,1.67 pts,8.14,,4,,Yes
31,4/22/25,3,S2,FAR109 / 23,CERAMICS II,ROBERT YEE,10,2027,,,1.00,,20,,#N/A
31,4/22/25,3,S2,FAR108 / 23,CERAMICS I,ROBERT YEE,10,2027,F,1.58 pts,5.00,,20,,#N/A
34,5/13/25,2,S2,SCI610 / 22,CHEMISTRY/B,GRANT MERRILL,11,2026,F,0.90 pts,3.29,Jay,45,Active,Yes
31,4/22/25,5,S2,CTE101 / 25,MEDICAL CAREER & TERMS/B,DONNA SCHATZ,10,2027,C-,2.13 pts,6.00,,20,,#N/A
31,4/22/25,6,S2,SOC109 / 46,WORLD HISTORY/B,DAVE HAJEK,10,2027,B-,2.77 pts,6.14,,20,,#N/A
32,4/29/25,5,S2,ENG602 / 25,SOPH ENG/B,MARCEE SALAS,10,2027,C+,2.66 pts,5.29,Mimi,4,Active,Yes
31,4/22/25,1,S2,HFL114 / 21,FAMILY HEALTH,THOMAS KESSINGER,09,2028,A,3.68 pts,2.00,,2,,#N/A
31,4/22/25,2,S2,ASL502 / 22,AMERICAN  SIGN LANGUAGE I/B,KYLA RITCHEY,09,2028,B,3.09 pts,2.00,,2,,#N/A
31,4/22/25,3,S2,MAT521 / 43,ALGEBRA I B,JANET GROVE,09,2028,C+,2.58 pts,2.00,,2,,#N/A
34,5/13/25,6,S2,MAT702 / 26,ALGEBRA II B,JASON BLAESING,11,2026,F,1.31 pts,3.00,,45,,Yes
31,4/22/25,4,S2,SCI504 / 24,PHYSICAL SCIENCE B,JAMES BENNETT,09,2028,C-,2.15 pts,2.14,,2,,#N/A
31,4/22/25,5,S2,VOC705 / 25,DIGITAL PHOTOGRAPHY I,ROSANNA RUFF,09,2028,B-,2.72 pts,2.43,,2,,#N/A
31,4/22/25,2,S2,MAT523 / 22,GEOMETRY B,ROCHELLE AITON,10,2027,F,1.15 pts,1.43,John L,33,Active,Yes
31,4/22/25,1,S2,CTE115 / 21,ENGINEERING B,JASON BLAESING,11,2026,C,2.23 pts,0.00,,19,,#N/A
31,4/22/25,2,S2,FAR108 / 22,CERAMICS I,ROBERT YEE,11,2026,C-,2.05 pts,0.00,,19,,#N/A
31,4/22/25,3,S2,PED101 / 23,PHYSICAL EDUCATION,SCOTT DIZMANG,11,2026,A-,3.53 pts,0.00,,19,,#N/A
31,4/22/25,4,S2,ENG702 / 24,JUNIOR ENG/B,JOHN CARVER,11,2026,B+,3.23 pts,0.14,,19,,#N/A
31,4/22/25,5,S2,ENG602 / 25,SOPH ENG/B,MARCEE SALAS,10,2027,F,1.13 pts,1.43,,33,,Yes
31,4/22/25,5,S2,SOC704 / 25,AP US HISTORY B,RYAN ISAACSON,11,2026,F,1.41 pts,0.00,,19,,#N/A
31,4/22/25,6,S2,SCI602 / 46,BIOLOGY B,WILLIAM BAUR,10,2027,F,0.24 pts,1.71,,33,,Yes
31,4/22/25,1,S2,PED500 / 21,WEIGHT TRAINING,SCOTT BOOTHBY,12,2025,,2.00 pts,0.14,,18,,#N/A
33,5/6/25,2,S2,SCI610 / 22,CHEMISTRY/B,GRANT MERRILL,12,2025,F,0.67 pts,1.14,Larry,42,Active,Yes
31,4/22/25,1,S2,AACAL2 / 21,ACADEMIC ACHIEVEMENT B,AARON LABREE,12,2025,C-,2.00 pts,7.57,,18,,#N/A
33,5/6/25,5,S2,BUS302 / 25,PERSONAL FINANCE B,NICOLE SIMEK,12,2025,D,1.78 pts,1.14,,42,,Yes
31,4/22/25,3,S2,SOC801 / 23,CONTEMPORARY WORLD ISSUES,JIM REED,12,2025,C+,2.63 pts,5.71,,18,,#N/A
31,4/22/25,4,S2,PED513 / 24,TEAM GAMES,SCOTT DIZMANG,12,2025,C-,2.10 pts,7.71,,18,,#N/A
32,4/29/25,3,S2,MAT523 / 23,GEOMETRY B,ROCHELLE AITON,10,2027,F,1.64 pts,3.14,John L,39,Active,Yes
34,5/13/25,2,S2,SCI610 / 22,CHEMISTRY/B,GRANT MERRILL,12,2025,F,0.67 pts,2.86,Larry,42,Active,Yes
34,5/13/25,5,S2,BUS302 / 25,PERSONAL FINANCE B,NICOLE SIMEK,12,2025,D,1.75 pts,2.86,,42,,Yes
31,4/22/25,5,S2,ONT401 / 25,ON-TRACK/B,ROBERT YEE,12,2025,F,1.50 pts,4.86,,18,,#N/A
31,4/22/25,6,S2,ENG802 / 26,SENIOR ENG/B,HEATHER CARVER,12,2025,B-,2.70 pts,5.00,,18,,#N/A
31,4/22/25,2,S2,BUS302 / 22,PERSONAL FINANCE B,NICOLE SIMEK,12,2025,D+,1.96 pts,5.29,,18,,Yes
31,4/22/25,1,S2,PED513 / 21,TEAM GAMES,SCOTT DIZMANG,10,2027,C-,2.10 pts,7.43,,17,,#N/A
31,4/22/25,3,S2,SCI602 / 43,BIOLOGY B,DONNA SCHATZ,10,2027,D+,1.80 pts,5.43,,17,,#N/A
31,4/22/25,4,S2,SOC109 / 24,WORLD HISTORY/B,DAVID HOLLINGSWORTH,10,2027,B-,2.74 pts,7.43,,17,,#N/A
32,4/29/25,1,S2,MAT523 / 21,GEOMETRY B,ROCHELLE AITON,10,2027,F,0.63 pts,18.14,,44,,Yes
32,4/29/25,5,S2,ENG602 / 25,SOPH ENG/B,MARCEE SALAS,10,2027,F,0.89 pts,12.29,,44,,Yes
33,5/6/25,1,S2,MAT523 / 21,GEOMETRY B,ROCHELLE AITON,10,2027,F,0.63 pts,18.57,,44,,Yes
33,5/6/25,5,S2,ENG602 / 25,SOPH ENG/B,MARCEE SALAS,10,2027,F,0.89 pts,12.43,,44,,Yes
34,5/13/25,1,S2,MAT523 / 21,GEOMETRY B,ROCHELLE AITON,10,2027,F,0.32 pts,20.43,,44,,Yes
34,5/13/25,5,S2,ENG602 / 25,SOPH ENG/B,MARCEE SALAS,10,2027,F,0.89 pts,13.57,,44,,Yes
31,4/22/25,5,S2,HFL116 / 25,BAKING PASTRY ARTS I,KAYLA PAYNE,10,2027,A-,3.59 pts,6.00,,17,,#N/A
32,4/29/25,6,S2,MAT702 / 26,ALGEBRA II B,JASON BLAESING,11,2026,F,1.60 pts,8.71,,43,,Yes
33,5/6/25,6,S2,MAT702 / 26,ALGEBRA II B,JASON BLAESING,11,2026,F,1.57 pts,10.57,,43,,Yes
34,5/13/25,6,S2,MAT702 / 26,ALGEBRA II B,JASON BLAESING,11,2026,F,1.39 pts,12.86,,43,,Yes
31,4/22/25,6,S2,MAT523 / 46,GEOMETRY B,ROCHELLE AITON,10,2027,F,0.48 pts,7.29,,17,,#N/A
31,4/22/25,1,S2,MAT523 / 21,GEOMETRY B,ROCHELLE AITON,10,2027,,,1.00,,17,,Yes
32,4/29/25,5,S2,ENG602 / 25,SOPH ENG/B,MARCEE SALAS,10,2027,D,1.74 pts,2.86,,39,,Yes
32,4/29/25,6,S2,SCI602 / 46,BIOLOGY B,WILLIAM BAUR,10,2027,C-,2.13 pts,2.71,,39,,Yes
33,5/6/25,4,S2,SCI602 / 24,BIOLOGY B,GRANT MERRILL,10,2027,F,1.35 pts,8.29,,4,,Yes
33,5/6/25,5,S2,ENG602 / 25,SOPH ENG/B,MARCEE SALAS,10,2027,C+,2.66 pts,5.71,Mimi,4,Active,Yes
34,5/13/25,4,S2,SCI602 / 24,BIOLOGY B,GRANT MERRILL,10,2027,F,1.24 pts,10.00,,4,,Yes
34,5/13/25,5,S2,ENG602 / 25,SOPH ENG/B,MARCEE SALAS,10,2027,C+,2.56 pts,7.14,Mimi,4,Active,Yes
31,4/22/25,2,S2,ENG602 / 22,SOPH ENG/B,KELLY GREGERSEN,10,2027,C-,2.11 pts,5.74,,17,,Yes
32,4/29/25,5,S2,MAT702 / 45,ALGEBRA II B,JENNIFER REILLY,11,2026,C-,2.11 pts,0.43,,41,,Yes
33,5/6/25,5,S2,MAT702 / 45,ALGEBRA II B,JENNIFER REILLY,11,2026,C-,2.09 pts,0.43,,41,,Yes
34,5/13/25,5,S2,MAT702 / 45,ALGEBRA II B,JENNIFER REILLY,11,2026,D+,1.96 pts,0.43,,41,,Yes
31,4/22/25,1,S2,SOC109 / 21,WORLD HISTORY/B,DAVID HOLLINGSWORTH,10,2027,B+,3.25 pts,0.71,,16,,#N/A
31,4/22/25,2,S2,FAR108 / 22,CERAMICS I,ROBERT YEE,10,2027,C-,2.05 pts,0.43,,16,,#N/A
32,4/29/25,2,S2,MAT702 / 22,ALGEBRA II B,JASON BLAESING,11,2026,F,1.01 pts,1.43,,40,,Yes
32,4/29/25,6,S2,SOC702 / 26,US HISTORY/B,SCOTT BOOTHBY,11,2026,B-,2.88 pts,1.00,,40,,Yes
33,5/6/25,2,S2,MAT702 / 22,ALGEBRA II B,JASON BLAESING,11,2026,F,1.02 pts,1.43,,40,,Yes
33,5/6/25,6,S2,SOC702 / 26,US HISTORY/B,SCOTT BOOTHBY,11,2026,B-,2.88 pts,1.00,,40,,Yes
34,5/13/25,2,S2,MAT702 / 22,ALGEBRA II B,JASON BLAESING,11,2026,F,1.01 pts,1.43,,40,,Yes
34,5/13/25,6,S2,SOC702 / 26,US HISTORY/B,SCOTT BOOTHBY,11,2026,B-,2.79 pts,1.00,,40,,Yes
31,4/22/25,4,S2,SCI504 / 44,PHYSICAL SCIENCE B,WILLIAM BAUR,10,2027,C,2.20 pts,0.00,,16,,#N/A
31,4/22/25,5,S2,HFL116 / 25,BAKING PASTRY ARTS I,KAYLA PAYNE,10,2027,A,3.91 pts,0.00,,16,,#N/A
31,4/22/25,4,S2,MAT523 / 24,GEOMETRY B,ROCHELLE AITON,10,2027,D,1.77 pts,3.29,John,32,Active,Yes
33,5/6/25,3,S2,MAT523 / 23,GEOMETRY B,ROCHELLE AITON,10,2027,F,1.64 pts,3.29,John L,39,Active,Yes
32,4/29/25,2,S2,MAT702 / 22,ALGEBRA II B,JASON BLAESING,11,2026,C-,2.10 pts,0.43,Larry,36,Active,Yes
33,5/6/25,5,S2,ENG602 / 25,SOPH ENG/B,MARCEE SALAS,10,2027,D,1.74 pts,2.86,,39,,Yes
33,5/6/25,6,S2,SCI602 / 46,BIOLOGY B,WILLIAM BAUR,10,2027,D,1.69 pts,2.71,,39,,Yes
34,5/13/25,3,S2,MAT523 / 23,GEOMETRY B,ROCHELLE AITON,10,2027,D+,1.96 pts,3.43,John L,39,Active,Yes
31,4/22/25,6,S2,ENG602 / 26,SOPH ENG/B,MARCEE SALAS,10,2027,B,2.95 pts,0.00,,16,,#N/A
31,4/22/25,3,S2,MAT523 / 23,GEOMETRY B,ROCHELLE AITON,10,2027,F,1.48 pts,0.43,,16,,Yes
31,4/22/25,1,S2,SPA602 / 21,SPANISH II B,ARELI LOPEZ LOPEZ,10,2027,B-,2.84 pts,0.00,,15,,#N/A
31,4/22/25,6,S2,SOC702 / 26,US HISTORY/B,SCOTT BOOTHBY,11,2026,B,3.16 pts,6.43,Melanie,29,Active,Yes
32,4/29/25,2,S2,MAT523 / 22,GEOMETRY B,ROCHELLE AITON,10,2027,F,1.40 pts,1.43,John L,33,Active,Yes
31,4/22/25,6,S2,ENG502 / 26,FR ENGLISH/B,DAVID HOLLINGSWORTH,09,2028,D,1.69 pts,1.00,Alex W,25,Active,Yes
32,4/29/25,5,S2,ENG602 / 25,SOPH ENG/B,MARCEE SALAS,10,2027,F,0.99 pts,1.43,,33,,Yes
32,4/29/25,6,S2,SCI602 / 46,BIOLOGY B,WILLIAM BAUR,10,2027,F,0.24 pts,1.71,,33,,Yes
34,5/13/25,5,S2,ENG602 / 25,SOPH ENG/B,MARCEE SALAS,10,2027,D,1.75 pts,2.86,,39,,Yes
34,5/13/25,6,S2,SCI602 / 46,BIOLOGY B,WILLIAM BAUR,10,2027,D,1.73 pts,2.71,,39,,Yes
33,5/6/25,2,S2,MAT702 / 22,ALGEBRA II B,JASON BLAESING,11,2026,C-,2.10 pts,0.43,Larry,36,Active,Yes
34,5/13/25,2,S2,MAT702 / 22,ALGEBRA II B,JASON BLAESING,11,2026,C-,2.10 pts,0.43,Larry,36,Active,Yes
31,4/22/25,5,S2,VOC502 / 25,FINE ARTS WOODWORKING I,BRENT MANSELL,10,2027,A,4.00 pts,0.00,,15,,#N/A
31,4/22/25,6,S2,SOC109 / 26,WORLD HISTORY/B,RYAN ISAACSON,10,2027,F,0.94 pts,0.00,,15,,#N/A
32,4/29/25,1,S2,MAT523 / 21,GEOMETRY B,ROCHELLE AITON,10,2027,F,0.96 pts,10.71,,38,,Yes
32,4/29/25,5,S2,ENG602 / 25,SOPH ENG/B,MARCEE SALAS,10,2027,F,1.63 pts,9.57,,38,,Yes
33,5/6/25,1,S2,MAT523 / 21,GEOMETRY B,ROCHELLE AITON,10,2027,F,0.96 pts,11.86,,38,,Yes
33,5/6/25,5,S2,ENG602 / 25,SOPH ENG/B,MARCEE SALAS,10,2027,D,1.75 pts,10.43,,38,,Yes
34,5/13/25,1,S2,MAT523 / 21,GEOMETRY B,ROCHELLE AITON,10,2027,F,1.59 pts,12.00,,38,,Yes
34,5/13/25,5,S2,ENG602 / 25,SOPH ENG/B,MARCEE SALAS,10,2027,D,1.65 pts,10.57,,38,,Yes
33,5/6/25,2,S2,MAT523 / 22,GEOMETRY B,ROCHELLE AITON,10,2027,F,1.40 pts,1.43,John L,33,Active,Yes
31,4/22/25,3,S2,MAT702 / 23,ALGEBRA II B,JENNIFER REILLY,11,2026,C,2.39 pts,2.43,Larry,22,Active,Yes
32,4/29/25,5,S2,BUS302 / 25,PERSONAL FINANCE B,NICOLE SIMEK,11,2026,F,0.65 pts,11.43,,37,,Yes
32,4/29/25,6,S2,SOC702 / 26,US HISTORY/B,SCOTT BOOTHBY,11,2026,F,1.07 pts,11.29,,37,,Yes
33,5/6/25,5,S2,BUS302 / 25,PERSONAL FINANCE B,NICOLE SIMEK,11,2026,F,0.58 pts,11.43,,37,,Yes
33,5/6/25,6,S2,SOC702 / 26,US HISTORY/B,SCOTT BOOTHBY,11,2026,F,1.07 pts,11.29,,37,,Yes
34,5/13/25,5,S2,BUS302 / 25,PERSONAL FINANCE B,NICOLE SIMEK,11,2026,F,0.57 pts,12.43,,37,,Yes
34,5/13/25,6,S2,SOC702 / 26,US HISTORY/B,SCOTT BOOTHBY,11,2026,F,0.95 pts,12.29,,37,,Yes
33,5/6/25,5,S2,ENG602 / 25,SOPH ENG/B,MARCEE SALAS,10,2027,F,0.99 pts,1.43,,33,,Yes
31,4/22/25,2,S2,MAT523 / 22,GEOMETRY B,ROCHELLE AITON,11,2026,F,0.48 pts,6.43,John,21,Active,Yes
32,4/29/25,4,S2,MAT523 / 24,GEOMETRY B,ROCHELLE AITON,10,2027,D+,1.83 pts,3.29,John,32,Active,Yes
33,5/6/25,6,S2,SCI602 / 46,BIOLOGY B,WILLIAM BAUR,10,2027,F,0.20 pts,1.71,,33,,Yes
31,4/22/25,1,S2,ENG702 / 21,JUNIOR ENG/B,JOHN CARVER,11,2026,C,2.31 pts,1.71,,14,,#N/A
32,4/29/25,6,S2,SCI602 / 46,BIOLOGY B,WILLIAM BAUR,12,2025,C,2.47 pts,2.14,,35,,Yes
33,5/6/25,6,S2,SCI602 / 46,BIOLOGY B,WILLIAM BAUR,12,2025,C,2.23 pts,2.14,,35,,Yes
34,5/13/25,6,S2,SCI602 / 46,BIOLOGY B,WILLIAM BAUR,12,2025,C,2.48 pts,2.14,,35,,Yes
31,4/22/25,2,S2,VOC107 / 22,METALS MANUF & TECHNOLOGY II,DONALD O'BRIEN,11,2026,A-,3.55 pts,1.43,,14,,#N/A
31,4/22/25,4,S2,SCI504 / 24,PHYSICAL SCIENCE B,JAMES BENNETT,11,2026,B-,2.76 pts,1.29,,14,,#N/A
32,4/29/25,2,S2,ENG602 / 22,SOPH ENG/B,KELLY GREGERSEN,10,2027,F,0.82 pts,9.00,,34,,Yes
32,4/29/25,3,S2,MAT523 / 23,GEOMETRY B,ROCHELLE AITON,10,2027,F,0.63 pts,12.71,,34,,Yes
33,5/6/25,2,S2,ENG602 / 22,SOPH ENG/B,KELLY GREGERSEN,10,2027,F,0.82 pts,10.57,,34,,Yes
33,5/6/25,3,S2,MAT523 / 23,GEOMETRY B,ROCHELLE AITON,10,2027,F,0.63 pts,14.86,,34,,Yes
34,5/13/25,2,S2,ENG602 / 22,SOPH ENG/B,KELLY GREGERSEN,10,2027,F,0.83 pts,12.00,,34,,Yes
34,5/13/25,3,S2,MAT523 / 23,GEOMETRY B,ROCHELLE AITON,10,2027,F,0.63 pts,17.71,,34,,Yes
31,4/22/25,5,S2,SOC702 / 25,US HISTORY/B,DAVE HAJEK,11,2026,C,2.29 pts,1.29,,14,,#N/A
31,4/22/25,6,S2,AID102 / AL6,TEACHER AIDE,ARELI LOPEZ LOPEZ,11,2026,,,1.00,,14,,#N/A
31,4/22/25,3,S2,BUS302 / 23,PERSONAL FINANCE B,NICOLE SIMEK,11,2026,C,2.39 pts,6.29,,21,,Yes
34,5/13/25,2,S2,MAT523 / 22,GEOMETRY B,ROCHELLE AITON,10,2027,F,1.24 pts,1.57,John L,33,Active,Yes
32,4/29/25,6,S2,SOC702 / 26,US HISTORY/B,SCOTT BOOTHBY,11,2026,B,3.17 pts,6.71,Melanie,29,Active,Yes
31,4/22/25,4,S2,SCI602 / 24,BIOLOGY B,GRANT MERRILL,10,2027,A-,3.41 pts,6.00,Jay,20,Active,Yes
34,5/13/25,5,S2,ENG602 / 25,SOPH ENG/B,MARCEE SALAS,10,2027,F,1.08 pts,1.43,,33,,Yes
32,4/29/25,6,S2,ENG502 / 26,FR ENGLISH/B,DAVID HOLLINGSWORTH,09,2028,C-,2.07 pts,1.00,Alex W,25,Active,Yes
34,5/13/25,6,S2,SCI602 / 46,BIOLOGY B,WILLIAM BAUR,10,2027,F,0.59 pts,1.86,,33,,Yes
33,5/6/25,4,S2,MAT523 / 24,GEOMETRY B,ROCHELLE AITON,10,2027,D+,1.83 pts,3.29,John,32,Active,Yes
34,5/13/25,4,S2,MAT523 / 24,GEOMETRY B,ROCHELLE AITON,10,2027,C-,2.04 pts,3.29,John,32,Active,Yes
33,5/6/25,6,S2,SOC702 / 26,US HISTORY/B,SCOTT BOOTHBY,11,2026,B,3.17 pts,7.14,Melanie,29,Active,Yes
31,4/22/25,3,S2,SCI602 / 43,BIOLOGY B,DONNA SCHATZ,10,2027,B+,3.30 pts,4.00,,13,,#N/A
32,4/29/25,3,S2,MAT702 / 23,ALGEBRA II B,JENNIFER REILLY,11,2026,C+,2.62 pts,2.43,Larry,22,Active,Yes
34,5/13/25,6,S2,SOC702 / 26,US HISTORY/B,SCOTT BOOTHBY,11,2026,B-,2.82 pts,8.14,Melanie,29,Active,Yes
33,5/6/25,6,S2,ENG502 / 26,FR ENGLISH/B,DAVID HOLLINGSWORTH,09,2028,C-,2.07 pts,1.00,Alex W,25,Active,Yes
31,4/22/25,4,S2,SCI504 / 44,PHYSICAL SCIENCE B,WILLIAM BAUR,10,2027,D,1.65 pts,4.86,,13,,#N/A
32,4/29/25,5,S2,BUS302 / 25,PERSONAL FINANCE B,NICOLE SIMEK,12,2025,A-,3.40 pts,6.43,,30,,Yes
33,5/6/25,5,S2,BUS302 / 25,PERSONAL FINANCE B,NICOLE SIMEK,12,2025,A,3.60 pts,9.57,,30,,Yes
34,5/13/25,5,S2,BUS302 / 25,PERSONAL FINANCE B,NICOLE SIMEK,12,2025,A,3.67 pts,9.57,,30,,Yes
31,4/22/25,5,S2,HFL116 / 25,BAKING PASTRY ARTS I,KAYLA PAYNE,10,2027,A-,3.57 pts,4.71,,13,,#N/A
32,4/29/25,4,S2,MAT702 / 24,ALGEBRA II B,JENNIFER REILLY,11,2026,D+,1.91 pts,2.67,,3,,Yes
33,5/6/25,4,S2,MAT702 / 24,ALGEBRA II B,JENNIFER REILLY,11,2026,C-,2.06 pts,2.67,,3,,Yes
34,5/13/25,4,S2,MAT702 / 24,ALGEBRA II B,JENNIFER REILLY,11,2026,D+,1.81 pts,3.67,,3,,Yes
31,4/22/25,6,S2,SOC109 / 46,WORLD HISTORY/B,DAVE HAJEK,10,2027,F,1.47 pts,4.71,,13,,#N/A
31,4/22/25,6,S2,ENG502 / 26,FR ENGLISH/B,DAVID HOLLINGSWORTH,09,2028,A,3.73 pts,2.57,Melanie,2,Active,Yes
32,4/29/25,2,S2,MAT523 / 22,GEOMETRY B,ROCHELLE AITON,11,2026,F,0.32 pts,6.57,John,21,Active,Yes
34,5/13/25,6,S2,ENG502 / 26,FR ENGLISH/B,DAVID HOLLINGSWORTH,09,2028,D,1.72 pts,1.57,Alex W,25,Active,Yes
32,4/29/25,3,S2,BUS302 / 23,PERSONAL FINANCE B,NICOLE SIMEK,11,2026,C,2.21 pts,6.29,,21,,Yes
32,4/29/25,4,S2,MAT523 / 24,GEOMETRY B,ROCHELLE AITON,10,2027,F,1.54 pts,2.71,,28,,Yes
33,5/6/25,4,S2,MAT523 / 24,GEOMETRY B,ROCHELLE AITON,10,2027,F,1.54 pts,2.71,,28,,Yes
34,5/13/25,4,S2,MAT523 / 24,GEOMETRY B,ROCHELLE AITON,10,2027,F,1.38 pts,2.71,,28,,Yes
31,4/22/25,6,S2,MAT702 / 26,ALGEBRA II B,JASON BLAESING,11,2026,C+,2.59 pts,0.00,Larry,19,Active,Yes
32,4/29/25,2,S2,BUS302 / 22,PERSONAL FINANCE B,NICOLE SIMEK,12,2025,F,0.59 pts,2.29,,27,,Yes
33,5/6/25,2,S2,BUS302 / 22,PERSONAL FINANCE B,NICOLE SIMEK,12,2025,F,0.59 pts,3.29,,27,,Yes
34,5/13/25,2,S2,BUS302 / 22,PERSONAL FINANCE B,NICOLE SIMEK,12,2025,F,0.44 pts,4.29,,27,,Yes
31,4/22/25,1,S2,CTE115 / 21,ENGINEERING B,JASON BLAESING,11,2026,D+,1.97 pts,2.00,,12,,#N/A
32,4/29/25,3,S2,BUS302 / 23,PERSONAL FINANCE B,NICOLE SIMEK,11,2026,F,1.29 pts,14.71,,26,,Yes
33,5/6/25,3,S2,BUS302 / 23,PERSONAL FINANCE B,NICOLE SIMEK,11,2026,D+,1.94 pts,15.71,,26,,Yes
34,5/13/25,3,S2,BUS302 / 23,PERSONAL FINANCE B,NICOLE SIMEK,11,2026,C,2.41 pts,16.57,,26,,Yes
31,4/22/25,2,S2,VOC705 / 22,DIGITAL PHOTOGRAPHY I,ROSANNA RUFF,11,2026,B+,3.33 pts,2.00,,12,,#N/A
33,5/6/25,3,S2,MAT702 / 23,ALGEBRA II B,JENNIFER REILLY,11,2026,C+,2.65 pts,2.43,Larry,22,Active,Yes
33,5/6/25,2,S2,MAT523 / 22,GEOMETRY B,ROCHELLE AITON,11,2026,F,0.63 pts,9.57,Larry,22,Active,Yes
34,5/13/25,3,S2,MAT702 / 23,ALGEBRA II B,JENNIFER REILLY,11,2026,C,2.45 pts,2.43,Larry,22,Active,Yes
31,4/22/25,3,S2,PED500 / 23,WEIGHT TRAINING,SCOTT BOOTHBY,11,2026,A,3.88 pts,2.14,,12,,#N/A
31,4/22/25,2,S2,ENG602 / 22,SOPH ENG/B,KELLY GREGERSEN,10,2027,C+,2.50 pts,0.00,,15,,Yes
32,4/29/25,4,S2,SCI602 / 24,BIOLOGY B,GRANT MERRILL,10,2027,B,3.17 pts,6.00,Jay,20,Active,Yes
33,5/6/25,3,S2,BUS302 / 23,PERSONAL FINANCE B,NICOLE SIMEK,11,2026,F,1.57 pts,9.29,,21,,Yes
31,4/22/25,4,S2,SOC702 / 24,US HISTORY/B,DAVE HAJEK,11,2026,F,1.01 pts,2.00,,12,,#N/A
31,4/22/25,6,S2,ENG702 / 26,JUNIOR ENG/B,JOHN CARVER,11,2026,C,2.20 pts,2.00,,12,,#N/A
31,4/22/25,3,S2,SCI602 / 23,BIOLOGY B,GRANT MERRILL,10,2027,F,1.46 pts,0.14,Linda,15,Active,Yes
31,4/22/25,4,S2,MAT523 / 24,GEOMETRY B,ROCHELLE AITON,10,2027,D,1.78 pts,0.00,,15,,Yes
34,5/13/25,2,S2,MAT523 / 22,GEOMETRY B,ROCHELLE AITON,11,2026,F,1.27 pts,10.00,Larry,22,Active,Yes
32,4/29/25,6,S2,ENG502 / 26,FR ENGLISH/B,DAVID HOLLINGSWORTH,09,2028,A-,3.58 pts,2.57,Melanie,2,Active,Yes
34,5/13/25,3,S2,BUS302 / 23,PERSONAL FINANCE B,NICOLE SIMEK,11,2026,F,1.28 pts,9.71,,21,,Yes
33,5/6/25,4,S2,SCI602 / 24,BIOLOGY B,GRANT MERRILL,10,2027,B+,3.24 pts,6.00,Jay,20,Active,Yes
31,4/22/25,5,S2,BUS302 / 25,PERSONAL FINANCE B,NICOLE SIMEK,11,2026,C,2.41 pts,2.00,,12,,Yes
34,5/13/25,4,S2,SCI602 / 24,BIOLOGY B,GRANT MERRILL,10,2027,A-,3.49 pts,6.00,Jay,20,Active,Yes
32,4/29/25,6,S2,MAT702 / 26,ALGEBRA II B,JASON BLAESING,11,2026,C+,2.65 pts,0.00,Larry,19,Active,Yes
33,5/6/25,6,S2,ENG502 / 26,FR ENGLISH/B,DAVID HOLLINGSWORTH,09,2028,A-,3.58 pts,2.57,Melanie,2,Active,Yes
31,4/22/25,1,S2,SPA602 / 21,SPANISH II B,ARELI LOPEZ LOPEZ,11,2026,A-,3.58 pts,3.00,,11,,#N/A
34,5/13/25,6,S2,ENG502 / 26,FR ENGLISH/B,DAVID HOLLINGSWORTH,09,2028,A-,3.54 pts,2.57,Melanie,2,Active,Yes
32,4/29/25,2,S2,ENG602 / 22,SOPH ENG/B,KELLY GREGERSEN,10,2027,C+,2.50 pts,0.00,,15,,Yes
33,5/6/25,6,S2,MAT702 / 26,ALGEBRA II B,JASON BLAESING,11,2026,C+,2.64 pts,0.00,Larry,19,Active,Yes
31,4/22/25,2,S2,HFL115 / 22,ADVANCED PASTRY ARTS I,KAYLA PAYNE,11,2026,A,3.97 pts,3.00,,11,,#N/A
32,4/29/25,3,S2,SCI602 / 23,BIOLOGY B,GRANT MERRILL,10,2027,D+,1.93 pts,0.14,Linda,15,Active,Yes
32,4/29/25,4,S2,MAT523 / 24,GEOMETRY B,ROCHELLE AITON,10,2027,C-,2.17 pts,0.00,,15,,Yes
34,5/13/25,6,S2,MAT702 / 26,ALGEBRA II B,JASON BLAESING,11,2026,C+,2.56 pts,0.43,Larry,19,Active,Yes
31,4/22/25,4,S2,CTE115 / 24,ENGINEERING B,JASON BLAESING,11,2026,B+,3.39 pts,3.29,,11,,#N/A
32,4/29/25,2,S2,BUS302 / 22,PERSONAL FINANCE B,NICOLE SIMEK,12,2025,D+,1.85 pts,5.29,,18,,Yes
33,5/6/25,2,S2,BUS302 / 22,PERSONAL FINANCE B,NICOLE SIMEK,12,2025,F,1.36 pts,5.29,,18,,Yes
34,5/13/25,2,S2,BUS302 / 22,PERSONAL FINANCE B,NICOLE SIMEK,12,2025,F,1.02 pts,5.29,,18,,Yes
31,4/22/25,5,S2,SOC704 / 25,AP US HISTORY B,RYAN ISAACSON,11,2026,B+,3.22 pts,3.00,,11,,#N/A
31,4/22/25,6,S2,ENG702 / 26,JUNIOR ENG/B,JOHN CARVER,11,2026,B-,2.81 pts,3.14,,11,,#N/A
32,4/29/25,1,S2,MAT523 / 21,GEOMETRY B,ROCHELLE AITON,10,2027,,,1.00,,17,,Yes
32,4/29/25,2,S2,ENG602 / 22,SOPH ENG/B,KELLY GREGERSEN,10,2027,C-,2.09 pts,5.74,,17,,Yes
33,5/6/25,1,S2,MAT523 / 21,GEOMETRY B,ROCHELLE AITON,10,2027,,,1.00,,17,,Yes
33,5/6/25,2,S2,ENG602 / 22,SOPH ENG/B,KELLY GREGERSEN,10,2027,C-,2.09 pts,5.74,,17,,Yes
34,5/13/25,1,S2,MAT523 / 21,GEOMETRY B,ROCHELLE AITON,10,2027,,,1.00,,17,,Yes
34,5/13/25,2,S2,ENG602 / 22,SOPH ENG/B,KELLY GREGERSEN,10,2027,C,2.22 pts,8.45,,17,,Yes
31,4/22/25,3,S2,MAT702 / 23,ALGEBRA II B,JENNIFER REILLY,11,2026,F,0.97 pts,0.86,,14,,Yes
32,4/29/25,3,S2,MAT523 / 23,GEOMETRY B,ROCHELLE AITON,10,2027,F,1.64 pts,0.43,,16,,Yes
33,5/6/25,3,S2,MAT523 / 23,GEOMETRY B,ROCHELLE AITON,10,2027,F,1.64 pts,0.43,,16,,Yes
34,5/13/25,3,S2,MAT523 / 23,GEOMETRY B,ROCHELLE AITON,10,2027,F,1.64 pts,0.43,,16,,Yes
31,4/22/25,3,S2,SOC109 / 23,WORLD HISTORY/B,RYAN ISAACSON,10,2027,D+,1.94 pts,3.29,,10,,#N/A
31,4/22/25,4,S2,HFL119 / 24,ADV CULINARY ARTS B,ALEXANDRA YOST,10,2027,A,3.98 pts,3.00,,10,,#N/A
31,4/22/25,5,S2,PED500 / 25,WEIGHT TRAINING,SCOTT DIZMANG,10,2027,A-,3.50 pts,3.00,,10,,#N/A
33,5/6/25,2,S2,ENG602 / 22,SOPH ENG/B,KELLY GREGERSEN,10,2027,C+,2.50 pts,0.00,,15,,Yes
31,4/22/25,1,S2,MAT523 / 21,GEOMETRY B,ROCHELLE AITON,10,2027,F,1.30 pts,5.00,John L,13,Active,Yes
31,4/22/25,2,S2,ENG602 / 22,SOPH ENG/B,KELLY GREGERSEN,10,2027,D+,1.84 pts,4.71,,13,,Yes
33,5/6/25,3,S2,SCI602 / 23,BIOLOGY B,GRANT MERRILL,10,2027,C-,2.09 pts,0.14,Linda,15,Active,Yes
33,5/6/25,4,S2,MAT523 / 24,GEOMETRY B,ROCHELLE AITON,10,2027,C-,2.17 pts,0.00,,15,,Yes
32,4/29/25,3,S2,MAT702 / 23,ALGEBRA II B,JENNIFER REILLY,11,2026,F,0.96 pts,0.86,,14,,Yes
34,5/13/25,2,S2,ENG602 / 22,SOPH ENG/B,KELLY GREGERSEN,10,2027,C,2.21 pts,0.00,,15,,Yes
34,5/13/25,3,S2,SCI602 / 23,BIOLOGY B,GRANT MERRILL,10,2027,C-,2.06 pts,0.29,Linda,15,Active,Yes
34,5/13/25,4,S2,MAT523 / 24,GEOMETRY B,ROCHELLE AITON,10,2027,C-,2.00 pts,0.00,,15,,Yes
33,5/6/25,3,S2,MAT702 / 23,ALGEBRA II B,JENNIFER REILLY,11,2026,F,0.96 pts,1.00,,14,,Yes
32,4/29/25,1,S2,MAT523 / 21,GEOMETRY B,ROCHELLE AITON,10,2027,D+,1.82 pts,5.29,John L,13,Active,Yes
32,4/29/25,2,S2,ENG602 / 22,SOPH ENG/B,KELLY GREGERSEN,10,2027,D+,1.84 pts,5.00,,13,,Yes
34,5/13/25,3,S2,MAT702 / 23,ALGEBRA II B,JENNIFER REILLY,11,2026,F,0.84 pts,1.57,,14,,Yes
31,4/22/25,3,S2,MAT702 / 23,ALGEBRA II B,JENNIFER REILLY,11,2026,B,3.03 pts,3.43,Larry,11,Active,Yes
33,5/6/25,1,S2,MAT523 / 21,GEOMETRY B,ROCHELLE AITON,10,2027,D+,1.82 pts,5.29,John L,13,Active,Yes
31,4/22/25,1,S2,MAT523 / 21,GEOMETRY B,ROCHELLE AITON,10,2027,C-,2.15 pts,3.43,John L,10,Active,Yes
31,4/22/25,2,S2,ENG602 / 22,SOPH ENG/B,KELLY GREGERSEN,10,2027,B,3.01 pts,3.29,Melanie,10,Active,Yes
33,5/6/25,2,S2,ENG602 / 22,SOPH ENG/B,KELLY GREGERSEN,10,2027,D+,1.84 pts,5.00,,13,,Yes
32,4/29/25,3,S2,MAT702 / 23,ALGEBRA II B,JENNIFER REILLY,11,2026,B,3.14 pts,3.43,Larry,11,Active,Yes
34,5/13/25,1,S2,MAT523 / 21,GEOMETRY B,ROCHELLE AITON,10,2027,F,1.50 pts,7.00,John L,13,Active,Yes
34,5/13/25,2,S2,ENG602 / 22,SOPH ENG/B,KELLY GREGERSEN,10,2027,D+,1.93 pts,6.00,,13,,Yes
31,4/22/25,1,S2,ENG702 / 21,JUNIOR ENG/B,JOHN CARVER,11,2026,F,1.20 pts,15.48,,1,,#N/A
32,4/29/25,5,S2,BUS302 / 25,PERSONAL FINANCE B,NICOLE SIMEK,11,2026,C,2.41 pts,2.00,,12,,Yes
33,5/6/25,5,S2,BUS302 / 25,PERSONAL FINANCE B,NICOLE SIMEK,11,2026,D,1.75 pts,2.00,,12,,Yes
34,5/13/25,5,S2,BUS302 / 25,PERSONAL FINANCE B,NICOLE SIMEK,11,2026,D,1.75 pts,2.00,,12,,Yes
31,4/22/25,2,S2,FAR541 / 22,PERCUSSION/B,DAVID DUARTE,11,2026,,,12.57,,1,,#N/A
31,4/22/25,6,S2,SCI602 / 26,BIOLOGY B,GRANT MERRILL,10,2027,C-,2.18 pts,3.14,Melanie,10,Active,Yes
33,5/6/25,3,S2,MAT702 / 23,ALGEBRA II B,JENNIFER REILLY,11,2026,B+,3.30 pts,3.43,Larry,11,Active,Yes
34,5/13/25,3,S2,MAT702 / 23,ALGEBRA II B,JENNIFER REILLY,11,2026,B,3.14 pts,3.43,Larry,11,Active,Yes
31,4/22/25,3,S2,PED101 / 23,PHYSICAL EDUCATION,SCOTT DIZMANG,11,2026,F,1.63 pts,10.19,,1,,#N/A
31,4/22/25,4,S2,CTE115 / 24,ENGINEERING B,JASON BLAESING,11,2026,F,0.87 pts,15.90,,1,,#N/A
31,4/22/25,5,S2,ONT401 / 25,ON-TRACK/B,ROBERT YEE,11,2026,F,0.00 pts,7.57,,1,,#N/A
32,4/29/25,1,S2,MAT523 / 21,GEOMETRY B,ROCHELLE AITON,10,2027,C,2.40 pts,3.43,John L,10,Active,Yes
32,4/29/25,2,S2,ENG602 / 22,SOPH ENG/B,KELLY GREGERSEN,10,2027,B,3.00 pts,3.29,Melanie,10,Active,Yes
32,4/29/25,6,S2,SCI602 / 26,BIOLOGY B,GRANT MERRILL,10,2027,C+,2.65 pts,3.29,Melanie,10,Active,Yes
33,5/6/25,1,S2,MAT523 / 21,GEOMETRY B,ROCHELLE AITON,10,2027,C,2.40 pts,3.43,John L,10,Active,Yes
33,5/6/25,2,S2,ENG602 / 22,SOPH ENG/B,KELLY GREGERSEN,10,2027,B,3.01 pts,3.29,Melanie,10,Active,Yes
33,5/6/25,6,S2,SCI602 / 26,BIOLOGY B,GRANT MERRILL,10,2027,C,2.49 pts,3.29,Melanie,10,Active,Yes
34,5/13/25,1,S2,MAT523 / 21,GEOMETRY B,ROCHELLE AITON,10,2027,C,2.24 pts,3.43,John L,10,Active,Yes
34,5/13/25,2,S2,ENG602 / 22,SOPH ENG/B,KELLY GREGERSEN,10,2027,B+,3.20 pts,3.29,Melanie,10,Active,Yes
34,5/13/25,6,S2,SCI602 / 26,BIOLOGY B,GRANT MERRILL,10,2027,C,2.33 pts,3.43,Melanie,10,Active,Yes
31,4/22/25,5,S2,MAT702 / 45,ALGEBRA II B,JENNIFER REILLY,11,2026,W,0.98 pts,5.05,,1,,Yes
31,4/22/25,6,S2,SOC702 / 26,US HISTORY/B,SCOTT BOOTHBY,11,2026,F,1.25 pts,11.14,,1,,Yes
32,4/29/25,5,S2,MAT702 / 45,ALGEBRA II B,JENNIFER REILLY,11,2026,W,0.98 pts,5.05,,1,,Yes
32,4/29/25,6,S2,SOC702 / 26,US HISTORY/B,SCOTT BOOTHBY,11,2026,F,1.24 pts,12.57,,1,,Yes
33,5/6/25,5,S2,MAT702 / 45,ALGEBRA II B,JENNIFER REILLY,11,2026,W,0.98 pts,5.05,,1,,Yes
33,5/6/25,6,S2,SOC702 / 26,US HISTORY/B,SCOTT BOOTHBY,11,2026,D+,1.83 pts,14.57,,1,,Yes
34,5/13/25,5,S2,MAT702 / 45,ALGEBRA II B,JENNIFER REILLY,11,2026,W,0.98 pts,5.05,,1,,Yes
34,5/13/25,6,S2,SOC702 / 26,US HISTORY/B,SCOTT BOOTHBY,11,2026,D,1.73 pts,15.86,,1,,Yes
31,4/22/25,6,S2,SCI602 / 26,BIOLOGY B,GRANT MERRILL,09,2028,F,0.00 pts,0.71,,599,,Yes
32,4/29/25,6,S2,SCI602 / 26,BIOLOGY B,GRANT MERRILL,09,2028,F,0.00 pts,1.43,,599,,Yes
31,4/22/25,4,S2,SCI602 / 24,BIOLOGY B,GRANT MERRILL,09,2028,C-,2.00 pts,0.57,,598,,Yes
31,4/22/25,6,S2,ENG502 / 26,FR ENGLISH/B,DAVID HOLLINGSWORTH,09,2028,F,0.20 pts,0.57,,598,,Yes
32,4/29/25,4,S2,SCI602 / 24,BIOLOGY B,GRANT MERRILL,09,2028,F,1.10 pts,1.29,,598,,Yes
32,4/29/25,6,S2,ENG502 / 26,FR ENGLISH/B,DAVID HOLLINGSWORTH,09,2028,F,0.13 pts,1.29,,598,,Yes
31,4/22/25,2,S2,MAT702 / 22,ALGEBRA II B,JASON BLAESING,12,2025,C-,2.19 pts,5.00,,597,,Yes
32,4/29/25,2,S2,MAT702 / 22,ALGEBRA II B,JASON BLAESING,12,2025,B,3.07 pts,5.00,,597,,Yes
33,5/6/25,2,S2,MAT702 / 22,ALGEBRA II B,JASON BLAESING,12,2025,B,3.02 pts,5.00,,597,,Yes
34,5/13/25,2,S2,MAT702 / 22,ALGEBRA II B,JASON BLAESING,12,2025,B,3.02 pts,5.00,,597,,Yes
31,4/22/25,6,S2,ENG502 / 26,FR ENGLISH/B,DAVID HOLLINGSWORTH,09,2028,B,3.04 pts,1.14,,596,,Yes
32,4/29/25,6,S2,ENG502 / 26,FR ENGLISH/B,DAVID HOLLINGSWORTH,09,2028,B-,2.80 pts,1.57,,596,,Yes
33,5/6/25,6,S2,ENG502 / 26,FR ENGLISH/B,DAVID HOLLINGSWORTH,09,2028,B-,2.81 pts,1.57,,596,,Yes
34,5/13/25,6,S2,ENG502 / 26,FR ENGLISH/B,DAVID HOLLINGSWORTH,09,2028,B-,2.81 pts,1.57,,596,,Yes
31,4/22/25,1,S2,SCI504 / 21,PHYSICAL SCIENCE B,JAMES BENNETT,09,2028,B,3.07 pts,6.00,,594,,Yes
32,4/29/25,1,S2,SCI504 / 21,PHYSICAL SCIENCE B,JAMES BENNETT,09,2028,B,3.05 pts,6.00,,594,,Yes
33,5/6/25,1,S2,SCI504 / 21,PHYSICAL SCIENCE B,JAMES BENNETT,09,2028,B+,3.21 pts,7.00,,594,,Yes
34,5/13/25,1,S2,SCI504 / 21,PHYSICAL SCIENCE B,JAMES BENNETT,09,2028,B+,3.22 pts,7.00,,594,,Yes
31,4/22/25,5,S2,BUS302 / 25,PERSONAL FINANCE B,NICOLE SIMEK,12,2025,A,4.00 pts,5.40,,593,,Yes
32,4/29/25,5,S2,BUS302 / 25,PERSONAL FINANCE B,NICOLE SIMEK,12,2025,A,4.00 pts,5.40,,593,,Yes
33,5/6/25,5,S2,BUS302 / 25,PERSONAL FINANCE B,NICOLE SIMEK,12,2025,A,3.68 pts,5.60,,593,,Yes
34,5/13/25,5,S2,BUS302 / 25,PERSONAL FINANCE B,NICOLE SIMEK,12,2025,A,3.76 pts,6.20,,593,,Yes
31,4/22/25,1,S2,SCI504 / 21,PHYSICAL SCIENCE B,JAMES BENNETT,09,2028,C,2.38 pts,2.00,,592,,Yes
32,4/29/25,1,S2,SCI504 / 21,PHYSICAL SCIENCE B,JAMES BENNETT,09,2028,D+,1.93 pts,2.14,,592,,Yes
33,5/6/25,1,S2,SCI504 / 21,PHYSICAL SCIENCE B,JAMES BENNETT,09,2028,C,2.25 pts,2.14,,592,,Yes
34,5/13/25,1,S2,SCI504 / 21,PHYSICAL SCIENCE B,JAMES BENNETT,09,2028,C,2.43 pts,6.14,,592,,Yes
31,4/22/25,4,S2,SCI602 / 24,BIOLOGY B,GRANT MERRILL,11,2026,C,2.46 pts,2.00,,591,,Yes
31,4/22/25,5,S2,BUS302 / 25,PERSONAL FINANCE B,NICOLE SIMEK,11,2026,A,3.73 pts,2.86,,591,,Yes
32,4/29/25,4,S2,SCI602 / 24,BIOLOGY B,GRANT MERRILL,11,2026,B,2.92 pts,2.14,,591,,Yes
32,4/29/25,5,S2,BUS302 / 25,PERSONAL FINANCE B,NICOLE SIMEK,11,2026,A,3.73 pts,3.00,,591,,Yes
33,5/6/25,4,S2,SCI602 / 24,BIOLOGY B,GRANT MERRILL,11,2026,B,3.07 pts,3.14,,591,,Yes
33,5/6/25,5,S2,BUS302 / 25,PERSONAL FINANCE B,NICOLE SIMEK,11,2026,B-,2.86 pts,4.00,,591,,Yes
34,5/13/25,4,S2,SCI602 / 24,BIOLOGY B,GRANT MERRILL,11,2026,B,3.04 pts,3.43,,591,,Yes
34,5/13/25,5,S2,BUS302 / 25,PERSONAL FINANCE B,NICOLE SIMEK,11,2026,B-,2.82 pts,4.29,,591,,Yes
31,4/22/25,4,S2,MAT702 / 24,ALGEBRA II B,JENNIFER REILLY,12,2025,C,2.28 pts,1.33,,590,,Yes
32,4/29/25,4,S2,MAT702 / 24,ALGEBRA II B,JENNIFER REILLY,12,2025,C+,2.63 pts,2.67,,590,,Yes
33,5/6/25,4,S2,MAT702 / 24,ALGEBRA II B,JENNIFER REILLY,12,2025,C+,2.63 pts,2.67,,590,,Yes
34,5/13/25,4,S2,MAT702 / 24,ALGEBRA II B,JENNIFER REILLY,12,2025,C+,2.55 pts,3.33,,590,,Yes
31,4/22/25,4,S2,MAT702 / 24,ALGEBRA II B,JENNIFER REILLY,11,2026,A,4.00 pts,3.00,,589,,Yes
32,4/29/25,4,S2,MAT702 / 24,ALGEBRA II B,JENNIFER REILLY,11,2026,A-,3.46 pts,4.00,,589,,Yes
33,5/6/25,4,S2,MAT702 / 24,ALGEBRA II B,JENNIFER REILLY,11,2026,A,3.99 pts,5.00,,589,,Yes
34,5/13/25,4,S2,MAT702 / 24,ALGEBRA II B,JENNIFER REILLY,11,2026,A-,3.53 pts,6.00,,589,,Yes
31,4/22/25,1,S2,SCI504 / 21,PHYSICAL SCIENCE B,JAMES BENNETT,12,2025,C-,2.15 pts,5.00,,588,,Yes
32,4/29/25,1,S2,SCI504 / 21,PHYSICAL SCIENCE B,JAMES BENNETT,12,2025,D,1.78 pts,5.00,,588,,Yes
33,5/6/25,1,S2,SCI504 / 21,PHYSICAL SCIENCE B,JAMES BENNETT,12,2025,C-,2.10 pts,6.00,,588,,Yes
34,5/13/25,1,S2,SCI504 / 21,PHYSICAL SCIENCE B,JAMES BENNETT,12,2025,C,2.44 pts,6.71,,588,,Yes
31,4/22/25,1,S2,ENG504 / 21,PRE-AP FRESHMAN ENGLISH/B,ANGELINA MERRILL,09,2028,B-,2.79 pts,3.00,,587,,Yes
32,4/29/25,1,S2,ENG504 / 21,PRE-AP FRESHMAN ENGLISH/B,ANGELINA MERRILL,09,2028,B-,2.74 pts,3.00,,587,,Yes
33,5/6/25,1,S2,ENG504 / 21,PRE-AP FRESHMAN ENGLISH/B,ANGELINA MERRILL,09,2028,B-,2.81 pts,3.00,,587,,Yes
34,5/13/25,1,S2,ENG504 / 21,PRE-AP FRESHMAN ENGLISH/B,ANGELINA MERRILL,09,2028,B-,2.75 pts,3.29,,587,,Yes
31,4/22/25,1,S2,SCI504 / 21,PHYSICAL SCIENCE B,JAMES BENNETT,11,2026,C-,2.06 pts,22.14,,586,,Yes
31,4/22/25,4,S2,MAT702 / 24,ALGEBRA II B,JENNIFER REILLY,11,2026,F,1.36 pts,22.71,,586,,Yes
32,4/29/25,1,S2,SCI504 / 21,PHYSICAL SCIENCE B,JAMES BENNETT,11,2026,D,1.70 pts,25.00,,586,,Yes
32,4/29/25,4,S2,MAT702 / 24,ALGEBRA II B,JENNIFER REILLY,11,2026,F,1.16 pts,25.57,,586,,Yes
33,5/6/25,1,S2,SCI504 / 21,PHYSICAL SCIENCE B,JAMES BENNETT,11,2026,F,1.55 pts,27.71,,586,,Yes
33,5/6/25,4,S2,MAT702 / 24,ALGEBRA II B,JENNIFER REILLY,11,2026,F,1.17 pts,27.86,,586,,Yes
34,5/13/25,1,S2,SCI504 / 21,PHYSICAL SCIENCE B,JAMES BENNETT,11,2026,F,1.59 pts,29.71,,586,,Yes
34,5/13/25,4,S2,MAT702 / 24,ALGEBRA II B,JENNIFER REILLY,11,2026,F,1.03 pts,29.86,,586,,Yes
31,4/22/25,3,S2,SCI602 / 23,BIOLOGY B,GRANT MERRILL,10,2027,F,0.95 pts,28.71,,585,,Yes
32,4/29/25,3,S2,SCI602 / 23,BIOLOGY B,GRANT MERRILL,10,2027,F,0.71 pts,31.00,,585,,Yes
33,5/6/25,3,S2,SCI602 / 23,BIOLOGY B,GRANT MERRILL,10,2027,F,0.48 pts,34.14,,585,,Yes
34,5/13/25,3,S2,SCI602 / 23,BIOLOGY B,GRANT MERRILL,10,2027,F,0.32 pts,38.14,,585,,Yes
31,4/22/25,1,S2,SCI504 / 21,PHYSICAL SCIENCE B,JAMES BENNETT,09,2028,C+,2.59 pts,7.29,,584,,Yes
32,4/29/25,1,S2,SCI504 / 21,PHYSICAL SCIENCE B,JAMES BENNETT,09,2028,B,3.02 pts,9.29,,584,,Yes
33,5/6/25,1,S2,SCI504 / 21,PHYSICAL SCIENCE B,JAMES BENNETT,09,2028,B-,2.86 pts,9.29,,584,,Yes
34,5/13/25,1,S2,SCI504 / 21,PHYSICAL SCIENCE B,JAMES BENNETT,09,2028,B-,2.88 pts,11.29,,584,,Yes
31,4/22/25,1,S2,SCI504 / 21,PHYSICAL SCIENCE B,JAMES BENNETT,09,2028,C-,2.08 pts,9.57,,583,,Yes
31,4/22/25,6,S2,ENG502 / 26,FR ENGLISH/B,DAVID HOLLINGSWORTH,09,2028,B-,2.79 pts,9.29,,583,,Yes
32,4/29/25,1,S2,SCI504 / 21,PHYSICAL SCIENCE B,JAMES BENNETT,09,2028,D,1.73 pts,9.57,,583,,Yes
32,4/29/25,6,S2,ENG502 / 26,FR ENGLISH/B,DAVID HOLLINGSWORTH,09,2028,C+,2.60 pts,9.43,,583,,Yes
33,5/6/25,1,S2,SCI504 / 21,PHYSICAL SCIENCE B,JAMES BENNETT,09,2028,C-,2.05 pts,9.71,,583,,Yes
33,5/6/25,6,S2,ENG502 / 26,FR ENGLISH/B,DAVID HOLLINGSWORTH,09,2028,C+,2.60 pts,9.57,,583,,Yes
34,5/13/25,1,S2,SCI504 / 21,PHYSICAL SCIENCE B,JAMES BENNETT,09,2028,C-,2.08 pts,10.71,,583,,Yes
34,5/13/25,6,S2,ENG502 / 26,FR ENGLISH/B,DAVID HOLLINGSWORTH,09,2028,B-,2.84 pts,10.57,,583,,Yes
31,4/22/25,5,S2,MAT702 / 45,ALGEBRA II B,JENNIFER REILLY,11,2026,C+,2.61 pts,3.71,,582,,Yes
32,4/29/25,5,S2,MAT702 / 45,ALGEBRA II B,JENNIFER REILLY,11,2026,C+,2.54 pts,3.71,,582,,Yes
33,5/6/25,5,S2,MAT702 / 45,ALGEBRA II B,JENNIFER REILLY,11,2026,C+,2.52 pts,3.71,,582,,Yes
34,5/13/25,5,S2,MAT702 / 45,ALGEBRA II B,JENNIFER REILLY,11,2026,C,2.23 pts,3.71,,582,,Yes
31,4/22/25,5,S2,MAT702 / 45,ALGEBRA II B,JENNIFER REILLY,10,2027,C+,2.58 pts,6.29,,581,,Yes
32,4/29/25,5,S2,MAT702 / 45,ALGEBRA II B,JENNIFER REILLY,10,2027,B-,2.89 pts,6.43,,581,,Yes
33,5/6/25,5,S2,MAT702 / 45,ALGEBRA II B,JENNIFER REILLY,10,2027,B-,2.89 pts,7.43,,581,,Yes
34,5/13/25,5,S2,MAT702 / 45,ALGEBRA II B,JENNIFER REILLY,10,2027,C+,2.54 pts,8.29,,581,,Yes
31,4/22/25,6,S2,SOC702 / 26,US HISTORY/B,SCOTT BOOTHBY,11,2026,F,0.72 pts,27.31,,580,,Yes
32,4/29/25,6,S2,SOC702 / 26,US HISTORY/B,SCOTT BOOTHBY,11,2026,F,0.72 pts,29.81,,580,,Yes
33,5/6/25,6,S2,SOC702 / 26,US HISTORY/B,SCOTT BOOTHBY,11,2026,F,0.72 pts,33.81,,580,,Yes
34,5/13/25,6,S2,SOC702 / 26,US HISTORY/B,SCOTT BOOTHBY,11,2026,F,0.64 pts,37.98,,580,,Yes
31,4/22/25,5,S2,BUS302 / 25,PERSONAL FINANCE B,NICOLE SIMEK,12,2025,A,3.74 pts,2.57,,579,,Yes
32,4/29/25,5,S2,BUS302 / 25,PERSONAL FINANCE B,NICOLE SIMEK,12,2025,A,3.74 pts,3.29,,579,,Yes
33,5/6/25,5,S2,BUS302 / 25,PERSONAL FINANCE B,NICOLE SIMEK,12,2025,B,3.11 pts,3.29,,579,,Yes
34,5/13/25,5,S2,BUS302 / 25,PERSONAL FINANCE B,NICOLE SIMEK,12,2025,B+,3.30 pts,3.43,,579,,Yes
31,4/22/25,5,S2,MAT702 / 45,ALGEBRA II B,JENNIFER REILLY,10,2027,A,3.83 pts,1.00,,578,,Yes
32,4/29/25,5,S2,MAT702 / 45,ALGEBRA II B,JENNIFER REILLY,10,2027,A,3.86 pts,1.00,,578,,Yes
33,5/6/25,5,S2,MAT702 / 45,ALGEBRA II B,JENNIFER REILLY,10,2027,A,3.86 pts,1.00,,578,,Yes
34,5/13/25,5,S2,MAT702 / 45,ALGEBRA II B,JENNIFER REILLY,10,2027,A,3.75 pts,1.29,,578,,Yes
31,4/22/25,4,S2,MAT702 / 24,ALGEBRA II B,JENNIFER REILLY,11,2026,B-,2.77 pts,1.00,,577,,Yes
32,4/29/25,4,S2,MAT702 / 24,ALGEBRA II B,JENNIFER REILLY,11,2026,B,2.92 pts,1.00,,577,,Yes
33,5/6/25,4,S2,MAT702 / 24,ALGEBRA II B,JENNIFER REILLY,11,2026,B,2.91 pts,1.00,,577,,Yes
34,5/13/25,4,S2,MAT702 / 24,ALGEBRA II B,JENNIFER REILLY,11,2026,B,2.92 pts,1.57,,577,,Yes
31,4/22/25,5,S2,MAT523 / 25,GEOMETRY B,BRIAN ANDERSON,10,2027,B-,2.88 pts,2.00,,576,,Yes
32,4/29/25,5,S2,MAT523 / 25,GEOMETRY B,BRIAN ANDERSON,10,2027,B-,2.89 pts,3.00,,576,,Yes
33,5/6/25,5,S2,MAT523 / 25,GEOMETRY B,BRIAN ANDERSON,10,2027,B,3.16 pts,3.00,,576,,Yes
34,5/13/25,5,S2,MAT523 / 25,GEOMETRY B,BRIAN ANDERSON,10,2027,B,3.18 pts,3.00,,576,,Yes
31,4/22/25,5,S2,MAT702 / 45,ALGEBRA II B,JENNIFER REILLY,11,2026,B+,3.27 pts,2.00,,575,,Yes
32,4/29/25,5,S2,MAT702 / 45,ALGEBRA II B,JENNIFER REILLY,11,2026,A,3.92 pts,2.00,,575,,Yes
33,5/6/25,5,S2,MAT702 / 45,ALGEBRA II B,JENNIFER REILLY,11,2026,A,3.91 pts,2.00,,575,,Yes
34,5/13/25,5,S2,MAT702 / 45,ALGEBRA II B,JENNIFER REILLY,11,2026,A,3.80 pts,2.00,,575,,Yes
31,4/22/25,3,S2,BUS302 / 23,PERSONAL FINANCE B,NICOLE SIMEK,11,2026,B-,2.73 pts,7.43,,574,,Yes
32,4/29/25,3,S2,BUS302 / 23,PERSONAL FINANCE B,NICOLE SIMEK,11,2026,B-,2.86 pts,9.14,,574,,Yes
33,5/6/25,3,S2,BUS302 / 23,PERSONAL FINANCE B,NICOLE SIMEK,11,2026,B-,2.70 pts,9.14,,574,,Yes
34,5/13/25,3,S2,BUS302 / 23,PERSONAL FINANCE B,NICOLE SIMEK,11,2026,B,3.00 pts,10.00,,574,,Yes
31,4/22/25,1,S2,ENG504 / 21,PRE-AP FRESHMAN ENGLISH/B,ANGELINA MERRILL,09,2028,C,2.33 pts,5.00,,573,,Yes
32,4/29/25,1,S2,ENG504 / 21,PRE-AP FRESHMAN ENGLISH/B,ANGELINA MERRILL,09,2028,C+,2.63 pts,5.00,,573,,Yes
33,5/6/25,1,S2,ENG504 / 21,PRE-AP FRESHMAN ENGLISH/B,ANGELINA MERRILL,09,2028,C,2.36 pts,5.00,,573,,Yes
34,5/13/25,1,S2,ENG504 / 21,PRE-AP FRESHMAN ENGLISH/B,ANGELINA MERRILL,09,2028,C,2.37 pts,5.71,,573,,Yes
31,4/22/25,2,S2,ENG602 / 22,SOPH ENG/B,KELLY GREGERSEN,10,2027,A-,3.44 pts,5.00,,572,,Yes
31,4/22/25,3,S2,MAT523 / 23,GEOMETRY B,ROCHELLE AITON,10,2027,B+,3.30 pts,5.14,,572,,Yes
32,4/29/25,2,S2,ENG602 / 22,SOPH ENG/B,KELLY GREGERSEN,10,2027,A-,3.42 pts,7.00,,572,,Yes
32,4/29/25,3,S2,MAT523 / 23,GEOMETRY B,ROCHELLE AITON,10,2027,A-,3.50 pts,7.14,,572,,Yes
33,5/6/25,2,S2,ENG602 / 22,SOPH ENG/B,KELLY GREGERSEN,10,2027,A-,3.42 pts,7.43,,572,,Yes
33,5/6/25,3,S2,MAT523 / 23,GEOMETRY B,ROCHELLE AITON,10,2027,A-,3.50 pts,7.57,,572,,Yes
34,5/13/25,2,S2,ENG602 / 22,SOPH ENG/B,KELLY GREGERSEN,10,2027,A-,3.44 pts,8.14,,572,,Yes
34,5/13/25,3,S2,MAT523 / 23,GEOMETRY B,ROCHELLE AITON,10,2027,A-,3.49 pts,8.29,,572,,Yes
31,4/22/25,1,S2,ENG504 / 21,PRE-AP FRESHMAN ENGLISH/B,ANGELINA MERRILL,09,2028,A-,3.57 pts,4.71,,571,,Yes
32,4/29/25,1,S2,ENG504 / 21,PRE-AP FRESHMAN ENGLISH/B,ANGELINA MERRILL,09,2028,A-,3.44 pts,4.71,,571,,Yes
33,5/6/25,1,S2,ENG504 / 21,PRE-AP FRESHMAN ENGLISH/B,ANGELINA MERRILL,09,2028,B+,3.32 pts,4.86,,571,,Yes
34,5/13/25,1,S2,ENG504 / 21,PRE-AP FRESHMAN ENGLISH/B,ANGELINA MERRILL,09,2028,B+,3.30 pts,4.86,,571,,Yes
31,4/22/25,1,S2,SCI504 / 21,PHYSICAL SCIENCE B,JAMES BENNETT,11,2026,B,3.05 pts,7.17,,570,,Yes
31,4/22/25,4,S2,MAT702 / 24,ALGEBRA II B,JENNIFER REILLY,11,2026,B,2.93 pts,6.74,,570,,Yes
32,4/29/25,1,S2,SCI504 / 21,PHYSICAL SCIENCE B,JAMES BENNETT,11,2026,C-,2.07 pts,8.50,,570,,Yes
32,4/29/25,4,S2,MAT702 / 24,ALGEBRA II B,JENNIFER REILLY,11,2026,C+,2.51 pts,7.74,,570,,Yes
33,5/6/25,1,S2,SCI504 / 21,PHYSICAL SCIENCE B,JAMES BENNETT,11,2026,B-,2.70 pts,8.83,,570,,Yes
33,5/6/25,4,S2,MAT702 / 24,ALGEBRA II B,JENNIFER REILLY,11,2026,B,3.06 pts,8.07,,570,,Yes
34,5/13/25,1,S2,SCI504 / 21,PHYSICAL SCIENCE B,JAMES BENNETT,11,2026,B,3.03 pts,9.00,,570,,Yes
34,5/13/25,4,S2,MAT702 / 24,ALGEBRA II B,JENNIFER REILLY,11,2026,B,3.04 pts,8.24,,570,,Yes
31,4/22/25,5,S2,MAT702 / 45,ALGEBRA II B,JENNIFER REILLY,11,2026,B-,2.86 pts,6.33,,569,,Yes
32,4/29/25,5,S2,MAT702 / 45,ALGEBRA II B,JENNIFER REILLY,11,2026,B-,2.75 pts,6.67,,569,,Yes
33,5/6/25,5,S2,MAT702 / 45,ALGEBRA II B,JENNIFER REILLY,11,2026,B-,2.73 pts,8.67,,569,,Yes
34,5/13/25,5,S2,MAT702 / 45,ALGEBRA II B,JENNIFER REILLY,11,2026,C+,2.65 pts,9.00,,569,,Yes
31,4/22/25,1,S2,ENG504 / 21,PRE-AP FRESHMAN ENGLISH/B,ANGELINA MERRILL,09,2028,B+,3.34 pts,0.00,,568,,Yes
32,4/29/25,1,S2,ENG504 / 21,PRE-AP FRESHMAN ENGLISH/B,ANGELINA MERRILL,09,2028,A-,3.40 pts,0.00,,568,,Yes
33,5/6/25,1,S2,ENG504 / 21,PRE-AP FRESHMAN ENGLISH/B,ANGELINA MERRILL,09,2028,A-,3.50 pts,0.00,,568,,Yes
34,5/13/25,1,S2,ENG504 / 21,PRE-AP FRESHMAN ENGLISH/B,ANGELINA MERRILL,09,2028,A-,3.55 pts,0.00,,568,,Yes
31,4/22/25,6,S2,ENG502 / 26,FR ENGLISH/B,DAVID HOLLINGSWORTH,09,2028,A-,3.58 pts,3.00,,567,,Yes
32,4/29/25,6,S2,ENG502 / 26,FR ENGLISH/B,DAVID HOLLINGSWORTH,09,2028,A-,3.47 pts,3.00,,567,,Yes
33,5/6/25,6,S2,ENG502 / 26,FR ENGLISH/B,DAVID HOLLINGSWORTH,09,2028,A-,3.47 pts,3.00,,567,,Yes
34,5/13/25,6,S2,ENG502 / 26,FR ENGLISH/B,DAVID HOLLINGSWORTH,09,2028,A,3.62 pts,3.00,,567,,Yes
31,4/22/25,1,S2,ENG504 / 21,PRE-AP FRESHMAN ENGLISH/B,ANGELINA MERRILL,09,2028,A,3.76 pts,5.00,,566,,Yes
32,4/29/25,1,S2,ENG504 / 21,PRE-AP FRESHMAN ENGLISH/B,ANGELINA MERRILL,09,2028,A,3.72 pts,5.00,,566,,Yes
33,5/6/25,1,S2,ENG504 / 21,PRE-AP FRESHMAN ENGLISH/B,ANGELINA MERRILL,09,2028,A,3.72 pts,5.00,,566,,Yes
34,5/13/25,1,S2,ENG504 / 21,PRE-AP FRESHMAN ENGLISH/B,ANGELINA MERRILL,09,2028,A,3.72 pts,5.00,,566,,Yes
31,4/22/25,1,S2,SCI504 / 21,PHYSICAL SCIENCE B,JAMES BENNETT,09,2028,C,2.38 pts,0.00,,565,,Yes
31,4/22/25,6,S2,ENG502 / 26,FR ENGLISH/B,DAVID HOLLINGSWORTH,09,2028,A,3.75 pts,0.00,,565,,Yes
32,4/29/25,1,S2,SCI504 / 21,PHYSICAL SCIENCE B,JAMES BENNETT,09,2028,D+,1.94 pts,0.00,,565,,Yes
32,4/29/25,6,S2,ENG502 / 26,FR ENGLISH/B,DAVID HOLLINGSWORTH,09,2028,A,3.77 pts,0.14,,565,,Yes
33,5/6/25,1,S2,SCI504 / 21,PHYSICAL SCIENCE B,JAMES BENNETT,09,2028,C-,2.10 pts,0.00,,565,,Yes
33,5/6/25,6,S2,ENG502 / 26,FR ENGLISH/B,DAVID HOLLINGSWORTH,09,2028,A,3.77 pts,0.14,,565,,Yes
34,5/13/25,1,S2,SCI504 / 21,PHYSICAL SCIENCE B,JAMES BENNETT,09,2028,C-,2.13 pts,0.00,,565,,Yes
34,5/13/25,6,S2,ENG502 / 26,FR ENGLISH/B,DAVID HOLLINGSWORTH,09,2028,A,3.80 pts,0.14,,565,,Yes
31,4/22/25,4,S2,MAT702 / 24,ALGEBRA II B,JENNIFER REILLY,11,2026,C+,2.53 pts,9.88,,564,,Yes
32,4/29/25,4,S2,MAT702 / 24,ALGEBRA II B,JENNIFER REILLY,11,2026,C+,2.63 pts,11.17,,564,,Yes
33,5/6/25,4,S2,MAT702 / 24,ALGEBRA II B,JENNIFER REILLY,11,2026,B,3.04 pts,11.45,,564,,Yes
34,5/13/25,4,S2,MAT702 / 24,ALGEBRA II B,JENNIFER REILLY,11,2026,C+,2.68 pts,14.02,,564,,Yes
31,4/22/25,1,S2,ENG504 / 21,PRE-AP FRESHMAN ENGLISH/B,ANGELINA MERRILL,09,2028,C,2.31 pts,0.00,,563,,Yes
32,4/29/25,1,S2,ENG504 / 21,PRE-AP FRESHMAN ENGLISH/B,ANGELINA MERRILL,09,2028,C,2.28 pts,0.00,,563,,Yes
33,5/6/25,1,S2,ENG504 / 21,PRE-AP FRESHMAN ENGLISH/B,ANGELINA MERRILL,09,2028,D,1.79 pts,0.00,,563,,Yes
34,5/13/25,1,S2,ENG504 / 21,PRE-AP FRESHMAN ENGLISH/B,ANGELINA MERRILL,09,2028,D+,1.92 pts,0.00,,563,,Yes
31,4/22/25,1,S2,ENG504 / 21,PRE-AP FRESHMAN ENGLISH/B,ANGELINA MERRILL,09,2028,F,0.87 pts,17.00,,562,,Yes
32,4/29/25,1,S2,ENG504 / 21,PRE-AP FRESHMAN ENGLISH/B,ANGELINA MERRILL,09,2028,F,0.90 pts,17.00,,562,,Yes
33,5/6/25,1,S2,ENG504 / 21,PRE-AP FRESHMAN ENGLISH/B,ANGELINA MERRILL,09,2028,F,0.77 pts,20.71,,562,,Yes
34,5/13/25,1,S2,ENG504 / 21,PRE-AP FRESHMAN ENGLISH/B,ANGELINA MERRILL,09,2028,F,0.80 pts,21.71,,562,,Yes
31,4/22/25,1,S2,ENG504 / 21,PRE-AP FRESHMAN ENGLISH/B,ANGELINA MERRILL,09,2028,B+,3.32 pts,5.00,,561,,Yes
32,4/29/25,1,S2,ENG504 / 21,PRE-AP FRESHMAN ENGLISH/B,ANGELINA MERRILL,09,2028,B,3.10 pts,5.00,,561,,Yes
33,5/6/25,1,S2,ENG504 / 21,PRE-AP FRESHMAN ENGLISH/B,ANGELINA MERRILL,09,2028,B,3.10 pts,5.00,,561,,Yes
34,5/13/25,1,S2,ENG504 / 21,PRE-AP FRESHMAN ENGLISH/B,ANGELINA MERRILL,09,2028,B+,3.34 pts,5.00,,561,,Yes
31,4/22/25,5,S2,BUS302 / 25,PERSONAL FINANCE B,NICOLE SIMEK,12,2025,B,2.92 pts,0.43,,560,,Yes
32,4/29/25,5,S2,BUS302 / 25,PERSONAL FINANCE B,NICOLE SIMEK,12,2025,B,2.92 pts,0.43,,560,,Yes
33,5/6/25,5,S2,BUS302 / 25,PERSONAL FINANCE B,NICOLE SIMEK,12,2025,C+,2.50 pts,0.43,,560,,Yes
34,5/13/25,5,S2,BUS302 / 25,PERSONAL FINANCE B,NICOLE SIMEK,12,2025,B-,2.84 pts,0.43,,560,,Yes
31,4/22/25,5,S2,MAT702 / 45,ALGEBRA II B,JENNIFER REILLY,11,2026,B-,2.88 pts,5.71,,559,,Yes
32,4/29/25,5,S2,MAT702 / 45,ALGEBRA II B,JENNIFER REILLY,11,2026,B,2.91 pts,6.00,,559,,Yes
33,5/6/25,5,S2,MAT702 / 45,ALGEBRA II B,JENNIFER REILLY,11,2026,B-,2.88 pts,6.71,,559,,Yes
34,5/13/25,5,S2,MAT702 / 45,ALGEBRA II B,JENNIFER REILLY,11,2026,B-,2.78 pts,7.57,,559,,Yes
31,4/22/25,4,S2,MAT702 / 24,ALGEBRA II B,JENNIFER REILLY,11,2026,A,3.99 pts,0.50,,558,,Yes
32,4/29/25,4,S2,MAT702 / 24,ALGEBRA II B,JENNIFER REILLY,11,2026,A,3.99 pts,0.50,,558,,Yes
33,5/6/25,4,S2,MAT702 / 24,ALGEBRA II B,JENNIFER REILLY,11,2026,A,3.99 pts,0.50,,558,,Yes
34,5/13/25,4,S2,MAT702 / 24,ALGEBRA II B,JENNIFER REILLY,11,2026,A,3.99 pts,0.50,,558,,Yes
31,4/22/25,5,S2,MAT702 / 45,ALGEBRA II B,JENNIFER REILLY,12,2025,A-,3.44 pts,5.00,,557,,Yes
32,4/29/25,5,S2,MAT702 / 45,ALGEBRA II B,JENNIFER REILLY,12,2025,A,3.62 pts,5.00,,557,,Yes
33,5/6/25,5,S2,MAT702 / 45,ALGEBRA II B,JENNIFER REILLY,12,2025,A,3.60 pts,5.29,,557,,Yes
34,5/13/25,5,S2,MAT702 / 45,ALGEBRA II B,JENNIFER REILLY,12,2025,A-,3.55 pts,6.29,,557,,Yes
31,4/22/25,5,S2,MAT702 / 45,ALGEBRA II B,JENNIFER REILLY,11,2026,C+,2.64 pts,0.00,,556,,Yes
32,4/29/25,5,S2,MAT702 / 45,ALGEBRA II B,JENNIFER REILLY,11,2026,C+,2.56 pts,0.00,,556,,Yes
33,5/6/25,5,S2,MAT702 / 45,ALGEBRA II B,JENNIFER REILLY,11,2026,C+,2.55 pts,0.86,,556,,Yes
34,5/13/25,5,S2,MAT702 / 45,ALGEBRA II B,JENNIFER REILLY,11,2026,C,2.25 pts,1.71,,556,,Yes
31,4/22/25,4,S2,MAT702 / 24,ALGEBRA II B,JENNIFER REILLY,11,2026,A,3.65 pts,1.67,,555,,Yes
32,4/29/25,4,S2,MAT702 / 24,ALGEBRA II B,JENNIFER REILLY,11,2026,A,3.70 pts,1.67,,555,,Yes
33,5/6/25,4,S2,MAT702 / 24,ALGEBRA II B,JENNIFER REILLY,11,2026,A,3.82 pts,1.67,,555,,Yes
34,5/13/25,4,S2,MAT702 / 24,ALGEBRA II B,JENNIFER REILLY,11,2026,A,3.61 pts,1.67,,555,,Yes
31,4/22/25,2,S2,MAT702 / 22,ALGEBRA II B,JASON BLAESING,11,2026,C,2.25 pts,7.00,,554,,Yes
32,4/29/25,2,S2,MAT702 / 22,ALGEBRA II B,JASON BLAESING,11,2026,D+,1.98 pts,9.00,,554,,Yes
33,5/6/25,2,S2,MAT702 / 22,ALGEBRA II B,JASON BLAESING,11,2026,C,2.37 pts,9.00,,554,,Yes
34,5/13/25,2,S2,MAT702 / 22,ALGEBRA II B,JASON BLAESING,11,2026,C,2.33 pts,9.00,,554,,Yes
31,4/22/25,5,S2,BUS302 / 25,PERSONAL FINANCE B,NICOLE SIMEK,12,2025,D+,1.89 pts,9.29,,553,,Yes
32,4/29/25,5,S2,BUS302 / 25,PERSONAL FINANCE B,NICOLE SIMEK,12,2025,D+,1.89 pts,10.14,,553,,Yes
33,5/6/25,5,S2,BUS302 / 25,PERSONAL FINANCE B,NICOLE SIMEK,12,2025,C-,2.05 pts,12.00,,553,,Yes
34,5/13/25,5,S2,BUS302 / 25,PERSONAL FINANCE B,NICOLE SIMEK,12,2025,C-,2.01 pts,12.71,,553,,Yes
31,4/22/25,1,S2,ENG504 / 21,PRE-AP FRESHMAN ENGLISH/B,ANGELINA MERRILL,09,2028,B,3.03 pts,1.57,,552,,Yes
32,4/29/25,1,S2,ENG504 / 21,PRE-AP FRESHMAN ENGLISH/B,ANGELINA MERRILL,09,2028,B,2.95 pts,1.57,,552,,Yes
33,5/6/25,1,S2,ENG504 / 21,PRE-AP FRESHMAN ENGLISH/B,ANGELINA MERRILL,09,2028,B,3.14 pts,2.57,,552,,Yes
34,5/13/25,1,S2,ENG504 / 21,PRE-AP FRESHMAN ENGLISH/B,ANGELINA MERRILL,09,2028,B,3.09 pts,2.57,,552,,Yes
31,4/22/25,1,S2,ENG504 / 21,PRE-AP FRESHMAN ENGLISH/B,ANGELINA MERRILL,09,2028,A,3.87 pts,0.86,,551,,Yes
32,4/29/25,1,S2,ENG504 / 21,PRE-AP FRESHMAN ENGLISH/B,ANGELINA MERRILL,09,2028,A,3.87 pts,1.71,,551,,Yes
33,5/6/25,1,S2,ENG504 / 21,PRE-AP FRESHMAN ENGLISH/B,ANGELINA MERRILL,09,2028,A,3.85 pts,1.71,,551,,Yes
34,5/13/25,1,S2,ENG504 / 21,PRE-AP FRESHMAN ENGLISH/B,ANGELINA MERRILL,09,2028,A,3.85 pts,1.71,,551,,Yes
31,4/22/25,4,S2,MAT702 / 24,ALGEBRA II B,JENNIFER REILLY,11,2026,A,3.67 pts,3.33,,550,,Yes
32,4/29/25,4,S2,MAT702 / 24,ALGEBRA II B,JENNIFER REILLY,11,2026,A-,3.59 pts,4.33,,550,,Yes
33,5/6/25,4,S2,MAT702 / 24,ALGEBRA II B,JENNIFER REILLY,11,2026,A,3.72 pts,5.33,,550,,Yes
34,5/13/25,4,S2,MAT702 / 24,ALGEBRA II B,JENNIFER REILLY,11,2026,A-,3.51 pts,5.33,,550,,Yes
31,4/22/25,3,S2,SCI602 / 23,BIOLOGY B,GRANT MERRILL,10,2027,B-,2.78 pts,1.57,,549,,Yes
32,4/29/25,3,S2,SCI602 / 23,BIOLOGY B,GRANT MERRILL,10,2027,B-,2.76 pts,1.57,,549,,Yes
33,5/6/25,3,S2,SCI602 / 23,BIOLOGY B,GRANT MERRILL,10,2027,B-,2.79 pts,1.57,,549,,Yes
34,5/13/25,3,S2,SCI602 / 23,BIOLOGY B,GRANT MERRILL,10,2027,C+,2.53 pts,1.57,,549,,Yes
31,4/22/25,1,S2,SCI504 / 21,PHYSICAL SCIENCE B,JAMES BENNETT,09,2028,B+,3.30 pts,6.00,,548,,Yes
32,4/29/25,1,S2,SCI504 / 21,PHYSICAL SCIENCE B,JAMES BENNETT,09,2028,B-,2.89 pts,6.00,,548,,Yes
33,5/6/25,1,S2,SCI504 / 21,PHYSICAL SCIENCE B,JAMES BENNETT,09,2028,B+,3.20 pts,6.00,,548,,Yes
34,5/13/25,1,S2,SCI504 / 21,PHYSICAL SCIENCE B,JAMES BENNETT,09,2028,B+,3.22 pts,6.00,,548,,Yes
31,4/22/25,5,S2,MAT523 / 25,GEOMETRY B,BRIAN ANDERSON,09,2028,A,3.82 pts,8.86,,547,,Yes
32,4/29/25,5,S2,MAT523 / 25,GEOMETRY B,BRIAN ANDERSON,09,2028,A,3.89 pts,8.86,,547,,Yes
33,5/6/25,5,S2,MAT523 / 25,GEOMETRY B,BRIAN ANDERSON,09,2028,A,3.92 pts,8.86,,547,,Yes
34,5/13/25,5,S2,MAT523 / 25,GEOMETRY B,BRIAN ANDERSON,09,2028,A,3.92 pts,9.71,,547,,Yes
31,4/22/25,5,S2,BUS302 / 25,PERSONAL FINANCE B,NICOLE SIMEK,12,2025,C-,2.10 pts,6.14,,546,,Yes
32,4/29/25,5,S2,BUS302 / 25,PERSONAL FINANCE B,NICOLE SIMEK,12,2025,C-,2.10 pts,6.14,,546,,Yes
33,5/6/25,5,S2,BUS302 / 25,PERSONAL FINANCE B,NICOLE SIMEK,12,2025,D,1.68 pts,8.00,,546,,Yes
34,5/13/25,5,S2,BUS302 / 25,PERSONAL FINANCE B,NICOLE SIMEK,12,2025,D,1.66 pts,8.86,,546,,Yes
31,4/22/25,2,S2,MAT702 / 22,ALGEBRA II B,JASON BLAESING,11,2026,A-,3.52 pts,2.20,,545,,Yes
32,4/29/25,2,S2,MAT702 / 22,ALGEBRA II B,JASON BLAESING,11,2026,A-,3.59 pts,2.20,,545,,Yes
33,5/6/25,2,S2,MAT702 / 22,ALGEBRA II B,JASON BLAESING,11,2026,A,3.73 pts,3.40,,545,,Yes
34,5/13/25,2,S2,MAT702 / 22,ALGEBRA II B,JASON BLAESING,11,2026,A,3.64 pts,3.40,,545,,Yes
31,4/22/25,4,S2,MAT702 / 24,ALGEBRA II B,JENNIFER REILLY,11,2026,A,3.73 pts,4.67,,544,,Yes
32,4/29/25,4,S2,MAT702 / 24,ALGEBRA II B,JENNIFER REILLY,11,2026,A,3.74 pts,4.67,,544,,Yes
33,5/6/25,4,S2,MAT702 / 24,ALGEBRA II B,JENNIFER REILLY,11,2026,A,3.73 pts,5.67,,544,,Yes
34,5/13/25,4,S2,MAT702 / 24,ALGEBRA II B,JENNIFER REILLY,11,2026,A,3.65 pts,5.67,,544,,Yes
31,4/22/25,4,S2,MAT702 / 24,ALGEBRA II B,JENNIFER REILLY,12,2025,C-,2.17 pts,1.33,,543,,Yes
32,4/29/25,4,S2,MAT702 / 24,ALGEBRA II B,JENNIFER REILLY,12,2025,C-,2.15 pts,1.33,,543,,Yes
33,5/6/25,4,S2,MAT702 / 24,ALGEBRA II B,JENNIFER REILLY,12,2025,C-,2.13 pts,1.33,,543,,Yes
34,5/13/25,4,S2,MAT702 / 24,ALGEBRA II B,JENNIFER REILLY,12,2025,C,2.25 pts,1.33,,543,,Yes
31,4/22/25,3,S2,BUS302 / 23,PERSONAL FINANCE B,NICOLE SIMEK,12,2025,A,3.63 pts,0.00,,542,,Yes
32,4/29/25,3,S2,BUS302 / 23,PERSONAL FINANCE B,NICOLE SIMEK,12,2025,A,3.63 pts,0.00,,542,,Yes
33,5/6/25,3,S2,BUS302 / 23,PERSONAL FINANCE B,NICOLE SIMEK,12,2025,A,3.62 pts,0.00,,542,,Yes
34,5/13/25,3,S2,BUS302 / 23,PERSONAL FINANCE B,NICOLE SIMEK,12,2025,A,3.69 pts,1.86,,542,,Yes
31,4/22/25,5,S2,BUS302 / 25,PERSONAL FINANCE B,NICOLE SIMEK,12,2025,F,0.92 pts,10.86,,541,,Yes
32,4/29/25,5,S2,BUS302 / 25,PERSONAL FINANCE B,NICOLE SIMEK,12,2025,F,0.92 pts,12.86,,541,,Yes
33,5/6/25,5,S2,BUS302 / 25,PERSONAL FINANCE B,NICOLE SIMEK,12,2025,F,1.50 pts,14.29,,541,,Yes
34,5/13/25,5,S2,BUS302 / 25,PERSONAL FINANCE B,NICOLE SIMEK,12,2025,F,1.49 pts,16.43,,541,,Yes
31,4/22/25,1,S2,ENG504 / 21,PRE-AP FRESHMAN ENGLISH/B,ANGELINA MERRILL,09,2028,A-,3.45 pts,0.00,,540,,Yes
32,4/29/25,1,S2,ENG504 / 21,PRE-AP FRESHMAN ENGLISH/B,ANGELINA MERRILL,09,2028,B+,3.29 pts,0.43,,540,,Yes
33,5/6/25,1,S2,ENG504 / 21,PRE-AP FRESHMAN ENGLISH/B,ANGELINA MERRILL,09,2028,B,3.17 pts,0.43,,540,,Yes
34,5/13/25,1,S2,ENG504 / 21,PRE-AP FRESHMAN ENGLISH/B,ANGELINA MERRILL,09,2028,B,3.15 pts,0.43,,540,,Yes
31,4/22/25,5,S2,BUS302 / 25,PERSONAL FINANCE B,NICOLE SIMEK,12,2025,A-,3.46 pts,3.57,,539,,Yes
32,4/29/25,5,S2,BUS302 / 25,PERSONAL FINANCE B,NICOLE SIMEK,12,2025,A-,3.46 pts,5.57,,539,,Yes
33,5/6/25,5,S2,BUS302 / 25,PERSONAL FINANCE B,NICOLE SIMEK,12,2025,B+,3.26 pts,5.71,,539,,Yes
34,5/13/25,5,S2,BUS302 / 25,PERSONAL FINANCE B,NICOLE SIMEK,12,2025,A-,3.42 pts,5.57,,539,,Yes
31,4/22/25,4,S2,MAT702 / 24,ALGEBRA II B,JENNIFER REILLY,11,2026,A,3.93 pts,5.00,,538,,Yes
32,4/29/25,4,S2,MAT702 / 24,ALGEBRA II B,JENNIFER REILLY,11,2026,A,3.94 pts,5.00,,538,,Yes
33,5/6/25,4,S2,MAT702 / 24,ALGEBRA II B,JENNIFER REILLY,11,2026,A,3.94 pts,5.00,,538,,Yes
34,5/13/25,4,S2,MAT702 / 24,ALGEBRA II B,JENNIFER REILLY,11,2026,A-,3.47 pts,5.33,,538,,Yes
31,4/22/25,5,S2,BUS302 / 25,PERSONAL FINANCE B,NICOLE SIMEK,12,2025,A-,3.54 pts,14.29,,537,,Yes
32,4/29/25,5,S2,BUS302 / 25,PERSONAL FINANCE B,NICOLE SIMEK,12,2025,A-,3.54 pts,15.86,,537,,Yes
33,5/6/25,5,S2,BUS302 / 25,PERSONAL FINANCE B,NICOLE SIMEK,12,2025,B,3.12 pts,17.57,,537,,Yes
34,5/13/25,5,S2,BUS302 / 25,PERSONAL FINANCE B,NICOLE SIMEK,12,2025,B+,3.31 pts,19.57,,537,,Yes
31,4/22/25,1,S2,ENG504 / 21,PRE-AP FRESHMAN ENGLISH/B,ANGELINA MERRILL,09,2028,A,3.88 pts,5.00,,536,,Yes
32,4/29/25,1,S2,ENG504 / 21,PRE-AP FRESHMAN ENGLISH/B,ANGELINA MERRILL,09,2028,A,3.87 pts,7.00,,536,,Yes
33,5/6/25,1,S2,ENG504 / 21,PRE-AP FRESHMAN ENGLISH/B,ANGELINA MERRILL,09,2028,A,3.84 pts,7.00,,536,,Yes
34,5/13/25,1,S2,ENG504 / 21,PRE-AP FRESHMAN ENGLISH/B,ANGELINA MERRILL,09,2028,A,3.89 pts,8.00,,536,,Yes
31,4/22/25,1,S2,ENG504 / 21,PRE-AP FRESHMAN ENGLISH/B,ANGELINA MERRILL,09,2028,A-,3.53 pts,2.14,,535,,Yes
32,4/29/25,1,S2,ENG504 / 21,PRE-AP FRESHMAN ENGLISH/B,ANGELINA MERRILL,09,2028,A-,3.47 pts,2.14,,535,,Yes
33,5/6/25,1,S2,ENG504 / 21,PRE-AP FRESHMAN ENGLISH/B,ANGELINA MERRILL,09,2028,B,3.12 pts,2.14,,535,,Yes
34,5/13/25,1,S2,ENG504 / 21,PRE-AP FRESHMAN ENGLISH/B,ANGELINA MERRILL,09,2028,B,3.17 pts,3.00,,535,,Yes
31,4/22/25,1,S2,SCI504 / 21,PHYSICAL SCIENCE B,JAMES BENNETT,09,2028,C,2.33 pts,7.86,,534,,Yes
32,4/29/25,1,S2,SCI504 / 21,PHYSICAL SCIENCE B,JAMES BENNETT,09,2028,F,1.60 pts,8.57,,534,,Yes
33,5/6/25,1,S2,SCI504 / 21,PHYSICAL SCIENCE B,JAMES BENNETT,09,2028,F,1.60 pts,9.43,,534,,Yes
34,5/13/25,1,S2,SCI504 / 21,PHYSICAL SCIENCE B,JAMES BENNETT,09,2028,F,1.64 pts,9.57,,534,,Yes
31,4/22/25,5,S2,MAT523 / 25,GEOMETRY B,BRIAN ANDERSON,10,2027,C+,2.53 pts,15.00,,533,,Yes
32,4/29/25,5,S2,MAT523 / 25,GEOMETRY B,BRIAN ANDERSON,10,2027,D,1.72 pts,17.43,,533,,Yes
33,5/6/25,5,S2,MAT523 / 25,GEOMETRY B,BRIAN ANDERSON,10,2027,F,1.31 pts,20.29,,533,,Yes
34,5/13/25,5,S2,MAT523 / 25,GEOMETRY B,BRIAN ANDERSON,10,2027,F,1.45 pts,20.29,,533,,Yes
31,4/22/25,3,S2,MAT523 / 23,GEOMETRY B,ROCHELLE AITON,09,2028,B,3.08 pts,4.14,,532,,Yes
32,4/29/25,3,S2,MAT523 / 23,GEOMETRY B,ROCHELLE AITON,09,2028,B,3.02 pts,4.14,,532,,Yes
33,5/6/25,3,S2,MAT523 / 23,GEOMETRY B,ROCHELLE AITON,09,2028,B,3.02 pts,4.14,,532,,Yes
34,5/13/25,3,S2,MAT523 / 23,GEOMETRY B,ROCHELLE AITON,09,2028,B,3.18 pts,4.14,,532,,Yes
31,4/22/25,5,S2,MAT702 / 45,ALGEBRA II B,JENNIFER REILLY,10,2027,A-,3.47 pts,1.00,,531,,Yes
32,4/29/25,5,S2,MAT702 / 45,ALGEBRA II B,JENNIFER REILLY,10,2027,A-,3.55 pts,1.00,,531,,Yes
33,5/6/25,5,S2,MAT702 / 45,ALGEBRA II B,JENNIFER REILLY,10,2027,A-,3.55 pts,1.00,,531,,Yes
34,5/13/25,5,S2,MAT702 / 45,ALGEBRA II B,JENNIFER REILLY,10,2027,A,3.60 pts,1.00,,531,,Yes
31,4/22/25,4,S2,MAT702 / 24,ALGEBRA II B,JENNIFER REILLY,11,2026,A,3.82 pts,2.33,,530,,Yes
32,4/29/25,4,S2,MAT702 / 24,ALGEBRA II B,JENNIFER REILLY,11,2026,A,3.98 pts,2.67,,530,,Yes
33,5/6/25,4,S2,MAT702 / 24,ALGEBRA II B,JENNIFER REILLY,11,2026,A,3.96 pts,3.00,,530,,Yes
34,5/13/25,4,S2,MAT702 / 24,ALGEBRA II B,JENNIFER REILLY,11,2026,A-,3.49 pts,6.00,,530,,Yes
31,4/22/25,6,S2,ENG502 / 26,FR ENGLISH/B,DAVID HOLLINGSWORTH,09,2028,C,2.33 pts,11.71,,529,,Yes
32,4/29/25,6,S2,ENG502 / 26,FR ENGLISH/B,DAVID HOLLINGSWORTH,09,2028,C,2.42 pts,12.14,,529,,Yes
33,5/6/25,6,S2,ENG502 / 26,FR ENGLISH/B,DAVID HOLLINGSWORTH,09,2028,C,2.43 pts,12.43,,529,,Yes
34,5/13/25,6,S2,ENG502 / 26,FR ENGLISH/B,DAVID HOLLINGSWORTH,09,2028,B-,2.84 pts,13.14,,529,,Yes
31,4/22/25,3,S2,MAT702 / 23,ALGEBRA II B,JENNIFER REILLY,11,2026,A-,3.57 pts,5.43,,528,,Yes
32,4/29/25,3,S2,MAT702 / 23,ALGEBRA II B,JENNIFER REILLY,11,2026,B,3.09 pts,6.43,,528,,Yes
33,5/6/25,3,S2,MAT702 / 23,ALGEBRA II B,JENNIFER REILLY,11,2026,B,3.06 pts,6.43,,528,,Yes
34,5/13/25,3,S2,MAT702 / 23,ALGEBRA II B,JENNIFER REILLY,11,2026,B,3.06 pts,6.43,,528,,Yes
31,4/22/25,5,S2,BUS302 / 25,PERSONAL FINANCE B,NICOLE SIMEK,12,2025,B-,2.74 pts,5.00,,527,,Yes
32,4/29/25,5,S2,BUS302 / 25,PERSONAL FINANCE B,NICOLE SIMEK,12,2025,B-,2.74 pts,5.00,,527,,Yes
33,5/6/25,5,S2,BUS302 / 25,PERSONAL FINANCE B,NICOLE SIMEK,12,2025,B-,2.78 pts,5.00,,527,,Yes
34,5/13/25,5,S2,BUS302 / 25,PERSONAL FINANCE B,NICOLE SIMEK,12,2025,B-,2.74 pts,6.33,,527,,Yes
31,4/22/25,3,S2,BUS302 / 23,PERSONAL FINANCE B,NICOLE SIMEK,12,2025,C,2.34 pts,4.71,,526,,Yes
32,4/29/25,3,S2,BUS302 / 23,PERSONAL FINANCE B,NICOLE SIMEK,12,2025,C-,2.19 pts,4.71,,526,,Yes
33,5/6/25,3,S2,BUS302 / 23,PERSONAL FINANCE B,NICOLE SIMEK,12,2025,D+,1.87 pts,4.71,,526,,Yes
34,5/13/25,3,S2,BUS302 / 23,PERSONAL FINANCE B,NICOLE SIMEK,12,2025,F,1.40 pts,5.00,,526,,Yes
31,4/22/25,5,S2,MAT702 / 45,ALGEBRA II B,JENNIFER REILLY,10,2027,A,3.65 pts,1.14,,525,,Yes
32,4/29/25,5,S2,MAT702 / 45,ALGEBRA II B,JENNIFER REILLY,10,2027,A,3.84 pts,1.14,,525,,Yes
33,5/6/25,5,S2,MAT702 / 45,ALGEBRA II B,JENNIFER REILLY,10,2027,A,3.81 pts,1.57,,525,,Yes
34,5/13/25,5,S2,MAT702 / 45,ALGEBRA II B,JENNIFER REILLY,10,2027,A,3.73 pts,1.57,,525,,Yes
31,4/22/25,2,S2,MAT523 / 22,GEOMETRY B,ROCHELLE AITON,10,2027,A-,3.48 pts,1.00,,524,,Yes
32,4/29/25,2,S2,MAT523 / 22,GEOMETRY B,ROCHELLE AITON,10,2027,B,3.02 pts,1.00,,524,,Yes
33,5/6/25,2,S2,MAT523 / 22,GEOMETRY B,ROCHELLE AITON,10,2027,B,3.02 pts,1.00,,524,,Yes
34,5/13/25,2,S2,MAT523 / 22,GEOMETRY B,ROCHELLE AITON,10,2027,B+,3.33 pts,1.00,,524,,Yes
31,4/22/25,3,S2,BUS302 / 23,PERSONAL FINANCE B,NICOLE SIMEK,11,2026,B,3.05 pts,0.00,,523,,Yes
32,4/29/25,3,S2,BUS302 / 23,PERSONAL FINANCE B,NICOLE SIMEK,11,2026,B-,2.84 pts,1.00,,523,,Yes
33,5/6/25,3,S2,BUS302 / 23,PERSONAL FINANCE B,NICOLE SIMEK,11,2026,C+,2.52 pts,1.00,,523,,Yes
34,5/13/25,3,S2,BUS302 / 23,PERSONAL FINANCE B,NICOLE SIMEK,11,2026,B-,2.86 pts,1.00,,523,,Yes
31,4/22/25,5,S2,MAT523 / 25,GEOMETRY B,BRIAN ANDERSON,09,2028,A,3.97 pts,0.00,,522,,Yes
32,4/29/25,5,S2,MAT523 / 25,GEOMETRY B,BRIAN ANDERSON,09,2028,A,4.00 pts,0.00,,522,,Yes
33,5/6/25,5,S2,MAT523 / 25,GEOMETRY B,BRIAN ANDERSON,09,2028,A,4.00 pts,0.00,,522,,Yes
34,5/13/25,5,S2,MAT523 / 25,GEOMETRY B,BRIAN ANDERSON,09,2028,A,4.00 pts,0.00,,522,,Yes
31,4/22/25,5,S2,MAT523 / 25,GEOMETRY B,BRIAN ANDERSON,10,2027,F,1.33 pts,3.29,Johnathan,521,Active,Yes
32,4/29/25,5,S2,MAT523 / 25,GEOMETRY B,BRIAN ANDERSON,10,2027,F,1.19 pts,3.29,Johnathan,521,Active,Yes
33,5/6/25,5,S2,MAT523 / 25,GEOMETRY B,BRIAN ANDERSON,10,2027,F,0.91 pts,3.29,Johnathan,521,Active,Yes
34,5/13/25,5,S2,MAT523 / 25,GEOMETRY B,BRIAN ANDERSON,10,2027,F,0.94 pts,4.43,Johnathan,521,Active,Yes
31,4/22/25,6,S2,MAT702 / 26,ALGEBRA II B,JASON BLAESING,10,2027,A,3.84 pts,4.00,,520,,Yes
32,4/29/25,6,S2,MAT702 / 26,ALGEBRA II B,JASON BLAESING,10,2027,A,4.00 pts,4.00,,520,,Yes
33,5/6/25,6,S2,MAT702 / 26,ALGEBRA II B,JASON BLAESING,10,2027,A,3.99 pts,4.00,,520,,Yes
34,5/13/25,6,S2,MAT702 / 26,ALGEBRA II B,JASON BLAESING,10,2027,A,4.00 pts,4.00,,520,,Yes
31,4/22/25,5,S2,BUS302 / 25,PERSONAL FINANCE B,NICOLE SIMEK,12,2025,B,3.14 pts,9.29,,519,,Yes
32,4/29/25,5,S2,BUS302 / 25,PERSONAL FINANCE B,NICOLE SIMEK,12,2025,B,3.14 pts,9.29,,519,,Yes
33,5/6/25,5,S2,BUS302 / 25,PERSONAL FINANCE B,NICOLE SIMEK,12,2025,B,3.07 pts,9.29,,519,,Yes
34,5/13/25,5,S2,BUS302 / 25,PERSONAL FINANCE B,NICOLE SIMEK,12,2025,B+,3.30 pts,9.29,,519,,Yes
31,4/22/25,4,S2,MAT702 / 24,ALGEBRA II B,JENNIFER REILLY,11,2026,A,3.67 pts,3.67,,518,,Yes
32,4/29/25,4,S2,MAT702 / 24,ALGEBRA II B,JENNIFER REILLY,11,2026,A-,3.45 pts,4.00,,518,,Yes
33,5/6/25,4,S2,MAT702 / 24,ALGEBRA II B,JENNIFER REILLY,11,2026,A-,3.57 pts,4.00,,518,,Yes
34,5/13/25,4,S2,MAT702 / 24,ALGEBRA II B,JENNIFER REILLY,11,2026,A-,3.40 pts,4.00,,518,,Yes
31,4/22/25,5,S2,BUS302 / 25,PERSONAL FINANCE B,NICOLE SIMEK,12,2025,W,3.91 pts,2.43,,517,,Yes
32,4/29/25,5,S2,BUS302 / 25,PERSONAL FINANCE B,NICOLE SIMEK,12,2025,W,3.91 pts,2.43,,517,,Yes
33,5/6/25,5,S2,BUS302 / 25,PERSONAL FINANCE B,NICOLE SIMEK,12,2025,W,3.91 pts,2.43,,517,,Yes
34,5/13/25,5,S2,BUS302 / 25,PERSONAL FINANCE B,NICOLE SIMEK,12,2025,W,3.91 pts,2.43,,517,,Yes
31,4/22/25,3,S2,MAT523 / 23,GEOMETRY B,ROCHELLE AITON,10,2027,B,3.01 pts,5.43,,516,,Yes
32,4/29/25,3,S2,MAT523 / 23,GEOMETRY B,ROCHELLE AITON,10,2027,B,3.03 pts,5.43,,516,,Yes
33,5/6/25,3,S2,MAT523 / 23,GEOMETRY B,ROCHELLE AITON,10,2027,B,3.03 pts,5.43,,516,,Yes
34,5/13/25,3,S2,MAT523 / 23,GEOMETRY B,ROCHELLE AITON,10,2027,B,3.18 pts,5.43,,516,,Yes
31,4/22/25,2,S2,MAT702 / 22,ALGEBRA II B,JASON BLAESING,10,2027,,0.00 pts,0.00,,515,,Yes
32,4/29/25,2,S2,MAT702 / 22,ALGEBRA II B,JASON BLAESING,10,2027,,0.00 pts,0.00,,515,,Yes
33,5/6/25,2,S2,MAT702 / 22,ALGEBRA II B,JASON BLAESING,10,2027,,0.00 pts,0.00,,515,,Yes
34,5/13/25,2,S2,MAT702 / 22,ALGEBRA II B,JASON BLAESING,10,2027,,0.00 pts,0.00,,515,,Yes
31,4/22/25,5,S2,BUS302 / 25,PERSONAL FINANCE B,NICOLE SIMEK,12,2025,B+,3.27 pts,13.43,,514,,Yes
32,4/29/25,5,S2,BUS302 / 25,PERSONAL FINANCE B,NICOLE SIMEK,12,2025,B+,3.27 pts,14.43,,514,,Yes
33,5/6/25,5,S2,BUS302 / 25,PERSONAL FINANCE B,NICOLE SIMEK,12,2025,B+,3.30 pts,15.00,,514,,Yes
34,5/13/25,5,S2,BUS302 / 25,PERSONAL FINANCE B,NICOLE SIMEK,12,2025,B+,3.27 pts,15.57,,514,,Yes
31,4/22/25,4,S2,MAT702 / 24,ALGEBRA II B,JENNIFER REILLY,11,2026,B+,3.38 pts,1.71,,513,,Yes
32,4/29/25,4,S2,MAT702 / 24,ALGEBRA II B,JENNIFER REILLY,11,2026,A-,3.44 pts,1.71,,513,,Yes
33,5/6/25,4,S2,MAT702 / 24,ALGEBRA II B,JENNIFER REILLY,11,2026,A-,3.42 pts,1.71,,513,,Yes
34,5/13/25,4,S2,MAT702 / 24,ALGEBRA II B,JENNIFER REILLY,11,2026,B+,3.25 pts,1.71,,513,,Yes
31,4/22/25,1,S2,ENG504 / 21,PRE-AP FRESHMAN ENGLISH/B,ANGELINA MERRILL,09,2028,C,2.28 pts,8.00,,512,,Yes
32,4/29/25,1,S2,ENG504 / 21,PRE-AP FRESHMAN ENGLISH/B,ANGELINA MERRILL,09,2028,D+,1.87 pts,8.00,,512,,Yes
33,5/6/25,1,S2,ENG504 / 21,PRE-AP FRESHMAN ENGLISH/B,ANGELINA MERRILL,09,2028,D+,1.98 pts,8.00,,512,,Yes
34,5/13/25,1,S2,ENG504 / 21,PRE-AP FRESHMAN ENGLISH/B,ANGELINA MERRILL,09,2028,C-,2.14 pts,8.00,,512,,Yes
31,4/22/25,5,S2,BUS302 / 25,PERSONAL FINANCE B,NICOLE SIMEK,12,2025,A-,3.58 pts,6.33,,511,,Yes
32,4/29/25,5,S2,BUS302 / 25,PERSONAL FINANCE B,NICOLE SIMEK,12,2025,A-,3.58 pts,6.33,,511,,Yes
33,5/6/25,5,S2,BUS302 / 25,PERSONAL FINANCE B,NICOLE SIMEK,12,2025,B+,3.38 pts,6.33,,511,,Yes
34,5/13/25,5,S2,BUS302 / 25,PERSONAL FINANCE B,NICOLE SIMEK,12,2025,A-,3.52 pts,6.33,,511,,Yes
31,4/22/25,6,S2,MAT702 / 26,ALGEBRA II B,JASON BLAESING,11,2026,F,1.51 pts,10.19,,510,,Yes
32,4/29/25,6,S2,MAT702 / 26,ALGEBRA II B,JASON BLAESING,11,2026,F,1.43 pts,12.19,,510,,Yes
33,5/6/25,6,S2,MAT702 / 26,ALGEBRA II B,JASON BLAESING,11,2026,F,1.44 pts,12.86,,510,,Yes
34,5/13/25,6,S2,MAT702 / 26,ALGEBRA II B,JASON BLAESING,11,2026,F,1.51 pts,13.86,,510,,Yes
31,4/22/25,3,S2,MAT702 / 23,ALGEBRA II B,JENNIFER REILLY,10,2027,A,3.66 pts,3.14,,509,,Yes
32,4/29/25,3,S2,MAT702 / 23,ALGEBRA II B,JENNIFER REILLY,10,2027,A,3.70 pts,4.14,,509,,Yes
33,5/6/25,3,S2,MAT702 / 23,ALGEBRA II B,JENNIFER REILLY,10,2027,A,3.67 pts,4.14,,509,,Yes
34,5/13/25,3,S2,MAT702 / 23,ALGEBRA II B,JENNIFER REILLY,10,2027,A,3.62 pts,4.14,,509,,Yes
31,4/22/25,4,S2,MAT702 / 24,ALGEBRA II B,JENNIFER REILLY,11,2026,B,2.92 pts,8.00,,508,,Yes
32,4/29/25,4,S2,MAT702 / 24,ALGEBRA II B,JENNIFER REILLY,11,2026,B,3.06 pts,8.33,,508,,Yes
33,5/6/25,4,S2,MAT702 / 24,ALGEBRA II B,JENNIFER REILLY,11,2026,B,3.05 pts,10.33,,508,,Yes
34,5/13/25,4,S2,MAT702 / 24,ALGEBRA II B,JENNIFER REILLY,11,2026,C+,2.69 pts,14.00,,508,,Yes
31,4/22/25,4,S2,MAT702 / 24,ALGEBRA II B,JENNIFER REILLY,11,2026,C,2.46 pts,5.67,,507,,Yes
32,4/29/25,4,S2,MAT702 / 24,ALGEBRA II B,JENNIFER REILLY,11,2026,C+,2.52 pts,5.67,,507,,Yes
33,5/6/25,4,S2,MAT702 / 24,ALGEBRA II B,JENNIFER REILLY,11,2026,C+,2.50 pts,6.33,,507,,Yes
34,5/13/25,4,S2,MAT702 / 24,ALGEBRA II B,JENNIFER REILLY,11,2026,C+,2.56 pts,7.00,,507,,Yes
31,4/22/25,5,S2,BUS302 / 25,PERSONAL FINANCE B,NICOLE SIMEK,12,2025,C,2.39 pts,11.71,,505,,Yes
32,4/29/25,5,S2,BUS302 / 25,PERSONAL FINANCE B,NICOLE SIMEK,12,2025,C,2.39 pts,12.57,,505,,Yes
33,5/6/25,5,S2,BUS302 / 25,PERSONAL FINANCE B,NICOLE SIMEK,12,2025,D,1.79 pts,14.43,,505,,Yes
34,5/13/25,5,S2,BUS302 / 25,PERSONAL FINANCE B,NICOLE SIMEK,12,2025,D,1.78 pts,14.43,,505,,Yes
31,4/22/25,5,S2,MAT702 / 45,ALGEBRA II B,JENNIFER REILLY,11,2026,B,3.02 pts,5.00,,504,,Yes
32,4/29/25,1,S2,ENG702 / 21,JUNIOR ENG/B,JOHN CARVER,11,2026,F,1.20 pts,17.33,,1,,#N/A
32,4/29/25,2,S2,FAR541 / 22,PERCUSSION/B,DAVID DUARTE,11,2026,,,14.43,,1,,#N/A
32,4/29/25,3,S2,PED101 / 23,PHYSICAL EDUCATION,SCOTT DIZMANG,11,2026,D,1.78 pts,11.48,,1,,#N/A
32,4/29/25,4,S2,CTE115 / 24,ENGINEERING B,JASON BLAESING,11,2026,F,0.87 pts,17.76,,1,,#N/A
32,4/29/25,5,S2,ONT401 / 25,ON-TRACK/B,ROBERT YEE,11,2026,F,0.00 pts,8.57,,1,,#N/A
32,4/29/25,5,S2,MAT702 / 45,ALGEBRA II B,JENNIFER REILLY,11,2026,B,3.16 pts,6.00,,504,,Yes
33,5/6/25,5,S2,MAT702 / 45,ALGEBRA II B,JENNIFER REILLY,11,2026,B+,3.26 pts,6.00,,504,,Yes
32,4/29/25,1,S2,CTA102 / 21,CTA S2,,11,2026,,,0.00,,3,,#N/A
32,4/29/25,2,S2,CTA102 / 21,CTA S2,,11,2026,,,0.00,,3,,#N/A
32,4/29/25,3,S2,CTA102 / 21,CTA S2,,11,2026,,,0.00,,3,,#N/A
34,5/13/25,5,S2,MAT702 / 45,ALGEBRA II B,JENNIFER REILLY,11,2026,B,3.14 pts,6.00,,504,,Yes
32,4/29/25,5,S2,ASL504 / 25,AMERICAN SIGN LANGUAGE II/B,TAMI GRANT,11,2026,A,4.00 pts,4.00,,3,,#N/A
32,4/29/25,6,S2,ENG702 / 26,JUNIOR ENG/B,JOHN CARVER,11,2026,B+,3.35 pts,3.00,,3,,#N/A
32,4/29/25,1,S2,FAR506 / 21,CONCERT CHOIR /B,DAVID DUARTE,10,2027,A-,3.45 pts,9.00,,4,,#N/A
32,4/29/25,2,S2,SPA502 / 22,SPANISH I B,ARELI LOPEZ LOPEZ,10,2027,B-,2.76 pts,6.29,,4,,#N/A
32,4/29/25,3,S2,SOC109 / 23,WORLD HISTORY/B,RYAN ISAACSON,10,2027,C,2.38 pts,4.86,,4,,#N/A
31,4/22/25,5,S2,BUS302 / 25,PERSONAL FINANCE B,NICOLE SIMEK,12,2025,B,2.99 pts,8.71,,503,,Yes
32,4/29/25,5,S2,BUS302 / 25,PERSONAL FINANCE B,NICOLE SIMEK,12,2025,B,2.99 pts,9.57,,503,,Yes
32,4/29/25,6,S2,MAT523 / 46,GEOMETRY B,ROCHELLE AITON,10,2027,D,1.72 pts,6.57,,4,,#N/A
32,4/29/25,1,S2,VOC706 / 21,DIGITAL PHOTOGRAPHY II,ROSANNA RUFF,11,2026,B,3.13 pts,0.57,,5,,#N/A
32,4/29/25,2,S2,SCI504 / 42,PHYSICAL SCIENCE B,WILLIAM BAUR,11,2026,C,2.33 pts,0.71,,5,,#N/A
33,5/6/25,5,S2,BUS302 / 25,PERSONAL FINANCE B,NICOLE SIMEK,12,2025,C,2.37 pts,9.57,,503,,Yes
32,4/29/25,4,S2,SOC702 / 24,US HISTORY/B,DAVE HAJEK,11,2026,C+,2.50 pts,2.00,,5,,#N/A
32,4/29/25,5,S2,ENG702 / 25,JUNIOR ENG/B,JOHN CARVER,11,2026,C+,2.65 pts,2.00,,5,,#N/A
32,4/29/25,6,S2,HFL113 / 26,INTRO CULINARY ART,ALEXANDRA YOST,11,2026,B,3.01 pts,1.57,,5,,#N/A
32,4/29/25,1,S2,VOC620 / 21,METAL CRAFTS & PRODUCTION I,DONALD O'BRIEN,10,2027,,0.33 pts,0.00,,6,,#N/A
32,4/29/25,1,S2,PED500 / 21,WEIGHT TRAINING,SCOTT BOOTHBY,10,2027,B+,3.30 pts,1.29,,6,,#N/A
32,4/29/25,2,S2,PED500 / 22,WEIGHT TRAINING,SCOTT BOOTHBY,10,2027,,4.00 pts,0.00,,6,,#N/A
32,4/29/25,2,S2,ELE404 / 22,LANGUAGE SUPPORT/B,HAYLEY ALVARADO,10,2027,A,4.00 pts,1.00,,6,,#N/A
32,4/29/25,3,S2,SOC109 / 23,WORLD HISTORY/B,RYAN ISAACSON,10,2027,A-,3.49 pts,1.00,,6,,#N/A
34,5/13/25,5,S2,BUS302 / 25,PERSONAL FINANCE B,NICOLE SIMEK,12,2025,C,2.35 pts,9.57,,503,,Yes
31,4/22/25,1,S2,SCI504 / 21,PHYSICAL SCIENCE B,JAMES BENNETT,09,2028,C,2.33 pts,0.71,,502,,Yes
32,4/29/25,1,S2,SCI504 / 21,PHYSICAL SCIENCE B,JAMES BENNETT,09,2028,D+,1.91 pts,0.71,,502,,Yes
32,4/29/25,1,S2,ENG802 / 21,SENIOR ENG/B,HEATHER CARVER,12,2025,F,0.76 pts,12.57,,7,,#N/A
33,5/6/25,1,S2,SCI504 / 21,PHYSICAL SCIENCE B,JAMES BENNETT,09,2028,C,2.23 pts,0.71,,502,,Yes
32,4/29/25,2,S2,ELE404 / 22,LANGUAGE SUPPORT/B,HAYLEY ALVARADO,12,2025,,,3.00,,7,,#N/A
32,4/29/25,3,S2,ONT401 / 23,ON-TRACK/B,BRIAN ANDERSON,12,2025,U,0.20 pts,12.29,,7,,#N/A
32,4/29/25,4,S2,ENG716 / 24,DRAMATIC LITERATURE,KELLY GREGERSEN,12,2025,F,0.83 pts,12.71,,7,,#N/A
32,4/29/25,5,S2,CTE101 / 25,MEDICAL CAREER & TERMS/B,DONNA SCHATZ,12,2025,C-,2.06 pts,11.29,,7,,#N/A
32,4/29/25,6,S2,SOC801 / 26,CONTEMPORARY WORLD ISSUES,JIM REED,12,2025,F,0.73 pts,13.57,,7,,#N/A
32,4/29/25,1,S2,FAR721 / 21,PANTHER PLAYERS/B,KELLY GREGERSEN,11,2026,D+,1.85 pts,8.14,,46,,#N/A
34,5/13/25,1,S2,SCI504 / 21,PHYSICAL SCIENCE B,JAMES BENNETT,09,2028,C,2.26 pts,0.86,,502,,Yes
31,4/22/25,6,S2,ENG502 / 26,FR ENGLISH/B,DAVID HOLLINGSWORTH,09,2028,C+,2.53 pts,5.00,,501,,Yes
32,4/29/25,4,S2,ENG716 / 24,DRAMATIC LITERATURE,KELLY GREGERSEN,11,2026,C+,2.64 pts,8.14,,46,,#N/A
32,4/29/25,5,S2,SOC702 / 25,US HISTORY/B,DAVE HAJEK,11,2026,C,2.24 pts,8.14,,46,,#N/A
32,4/29/25,6,S2,SPA502 / 26,SPANISH I B,ARELI LOPEZ LOPEZ,11,2026,B,3.17 pts,7.29,,46,,#N/A
32,4/29/25,1,S2,FAR721 / 21,PANTHER PLAYERS/B,KELLY GREGERSEN,12,2025,D+,1.84 pts,4.86,,8,,#N/A
32,4/29/25,6,S2,ENG502 / 26,FR ENGLISH/B,DAVID HOLLINGSWORTH,09,2028,C+,2.57 pts,5.00,,501,,Yes
32,4/29/25,3,S2,HFL113 / 23,INTRO CULINARY ART,ALEXANDRA YOST,12,2025,W,2.22 pts,2.57,,8,,#N/A
32,4/29/25,3,S2,AID102 / HC3,TEACHER AIDE,HEATHER CARVER,12,2025,,,4.00,,8,,#N/A
32,4/29/25,4,S2,ENG718 / 24,AP LITERATURE/COMPOSITION B,HEATHER CARVER,12,2025,C,2.44 pts,6.29,,8,,#N/A
32,4/29/25,5,S2,SOC801 / 25,CONTEMPORARY WORLD ISSUES,SCOTT BOOTHBY,12,2025,C+,2.56 pts,6.29,,8,,#N/A
32,4/29/25,6,S2,SCI504 / 26,PHYSICAL SCIENCE B,JAMES BENNETT,12,2025,F,1.54 pts,6.43,,8,,#N/A
32,4/29/25,1,S2,PED513 / 21,TEAM GAMES,SCOTT DIZMANG,10,2027,A,4.00 pts,1.00,,9,,#N/A
32,4/29/25,2,S2,SOC109 / 22,WORLD HISTORY/B,DAVID HOLLINGSWORTH,10,2027,B+,3.25 pts,1.00,,9,,#N/A
32,4/29/25,3,S2,HFL116 / 23,BAKING PASTRY ARTS I,KAYLA PAYNE,10,2027,A,4.00 pts,1.00,,9,,#N/A
33,5/6/25,6,S2,ENG502 / 26,FR ENGLISH/B,DAVID HOLLINGSWORTH,09,2028,C+,2.56 pts,5.86,,501,,Yes
34,5/13/25,6,S2,ENG502 / 26,FR ENGLISH/B,DAVID HOLLINGSWORTH,09,2028,C-,2.16 pts,6.14,,501,,Yes
32,4/29/25,6,S2,ENG602 / 26,SOPH ENG/B,MARCEE SALAS,10,2027,D+,1.91 pts,1.00,,9,,#N/A
31,4/22/25,2,S2,BUS302 / 22,PERSONAL FINANCE B,NICOLE SIMEK,12,2025,W,0.00 pts,4.00,,500,,Yes
31,4/22/25,4,S2,SCI602 / 24,BIOLOGY B,GRANT MERRILL,12,2025,W,,4.40,,500,,Yes
32,4/29/25,3,S2,SOC109 / 23,WORLD HISTORY/B,RYAN ISAACSON,10,2027,D+,1.91 pts,3.29,,10,,#N/A
32,4/29/25,4,S2,HFL119 / 24,ADV CULINARY ARTS B,ALEXANDRA YOST,10,2027,A,3.98 pts,3.00,,10,,#N/A
32,4/29/25,5,S2,PED500 / 25,WEIGHT TRAINING,SCOTT DIZMANG,10,2027,B,3.00 pts,3.00,,10,,#N/A
32,4/29/25,2,S2,BUS302 / 22,PERSONAL FINANCE B,NICOLE SIMEK,12,2025,W,0.00 pts,4.00,,500,,Yes
32,4/29/25,1,S2,SPA602 / 21,SPANISH II B,ARELI LOPEZ LOPEZ,11,2026,A-,3.51 pts,3.00,,11,,#N/A
32,4/29/25,2,S2,HFL115 / 22,ADVANCED PASTRY ARTS I,KAYLA PAYNE,11,2026,A,3.97 pts,3.00,,11,,#N/A
32,4/29/25,4,S2,SCI602 / 24,BIOLOGY B,GRANT MERRILL,12,2025,W,,4.40,,500,,Yes
32,4/29/25,4,S2,CTE115 / 24,ENGINEERING B,JASON BLAESING,11,2026,B+,3.39 pts,3.29,,11,,#N/A
32,4/29/25,5,S2,SOC704 / 25,AP US HISTORY B,RYAN ISAACSON,11,2026,B+,3.22 pts,3.14,,11,,#N/A
32,4/29/25,6,S2,ENG702 / 26,JUNIOR ENG/B,JOHN CARVER,11,2026,B,2.96 pts,3.14,,11,,#N/A
32,4/29/25,1,S2,CTE115 / 21,ENGINEERING B,JASON BLAESING,11,2026,F,1.09 pts,2.00,,12,,#N/A
32,4/29/25,2,S2,VOC705 / 22,DIGITAL PHOTOGRAPHY I,ROSANNA RUFF,11,2026,B-,2.77 pts,2.00,,12,,#N/A
32,4/29/25,3,S2,PED500 / 23,WEIGHT TRAINING,SCOTT BOOTHBY,11,2026,A,3.90 pts,2.14,,12,,#N/A
32,4/29/25,4,S2,SOC702 / 24,US HISTORY/B,DAVE HAJEK,11,2026,F,1.01 pts,2.00,,12,,#N/A
33,5/6/25,2,S2,BUS302 / 22,PERSONAL FINANCE B,NICOLE SIMEK,12,2025,W,0.00 pts,4.00,,500,,Yes
32,4/29/25,6,S2,ENG702 / 26,JUNIOR ENG/B,JOHN CARVER,11,2026,C,2.20 pts,2.00,,12,,#N/A
33,5/6/25,4,S2,SCI602 / 24,BIOLOGY B,GRANT MERRILL,12,2025,W,,4.40,,500,,Yes
34,5/13/25,2,S2,BUS302 / 22,PERSONAL FINANCE B,NICOLE SIMEK,12,2025,W,0.00 pts,4.00,,500,,Yes
32,4/29/25,3,S2,SCI602 / 43,BIOLOGY B,DONNA SCHATZ,10,2027,B,3.07 pts,5.00,,13,,#N/A
32,4/29/25,4,S2,SCI504 / 44,PHYSICAL SCIENCE B,WILLIAM BAUR,10,2027,D,1.65 pts,5.14,,13,,#N/A
32,4/29/25,5,S2,HFL116 / 25,BAKING PASTRY ARTS I,KAYLA PAYNE,10,2027,A-,3.57 pts,5.00,,13,,#N/A
32,4/29/25,6,S2,SOC109 / 46,WORLD HISTORY/B,DAVE HAJEK,10,2027,D+,1.82 pts,5.00,,13,,#N/A
32,4/29/25,1,S2,ENG702 / 21,JUNIOR ENG/B,JOHN CARVER,11,2026,C,2.31 pts,1.86,,14,,#N/A
32,4/29/25,2,S2,VOC107 / 22,METALS MANUF & TECHNOLOGY II,DONALD O'BRIEN,11,2026,B+,3.21 pts,1.43,,14,,#N/A
34,5/13/25,4,S2,SCI602 / 24,BIOLOGY B,GRANT MERRILL,12,2025,W,,4.40,,500,,Yes
32,4/29/25,4,S2,SCI504 / 24,PHYSICAL SCIENCE B,JAMES BENNETT,11,2026,B-,2.82 pts,1.43,,14,,#N/A
32,4/29/25,5,S2,SOC702 / 25,US HISTORY/B,DAVE HAJEK,11,2026,C,2.29 pts,1.29,,14,,#N/A
32,4/29/25,6,S2,AID102 / AL6,TEACHER AIDE,ARELI LOPEZ LOPEZ,11,2026,,,1.14,,14,,#N/A
32,4/29/25,1,S2,SPA602 / 21,SPANISH II B,ARELI LOPEZ LOPEZ,10,2027,B-,2.85 pts,0.00,,15,,#N/A
31,4/22/25,5,S2,MAT523 / 25,GEOMETRY B,BRIAN ANDERSON,10,2027,C,2.25 pts,0.86,,499,,Yes
32,4/29/25,5,S2,MAT523 / 25,GEOMETRY B,BRIAN ANDERSON,10,2027,C,2.47 pts,0.86,,499,,Yes
33,5/6/25,5,S2,MAT523 / 25,GEOMETRY B,BRIAN ANDERSON,10,2027,D+,1.88 pts,0.86,,499,,Yes
32,4/29/25,5,S2,VOC502 / 25,FINE ARTS WOODWORKING I,BRENT MANSELL,10,2027,B+,3.35 pts,0.00,,15,,#N/A
32,4/29/25,6,S2,SOC109 / 26,WORLD HISTORY/B,RYAN ISAACSON,10,2027,F,0.96 pts,0.00,,15,,#N/A
32,4/29/25,1,S2,SOC109 / 21,WORLD HISTORY/B,DAVID HOLLINGSWORTH,10,2027,B+,3.37 pts,0.71,,16,,#N/A
32,4/29/25,2,S2,FAR108 / 22,CERAMICS I,ROBERT YEE,10,2027,F,1.03 pts,0.43,,16,,#N/A
34,5/13/25,5,S2,MAT523 / 25,GEOMETRY B,BRIAN ANDERSON,10,2027,B-,2.86 pts,0.86,,499,,Yes
32,4/29/25,4,S2,SCI504 / 44,PHYSICAL SCIENCE B,WILLIAM BAUR,10,2027,C,2.20 pts,0.00,,16,,#N/A
32,4/29/25,5,S2,HFL116 / 25,BAKING PASTRY ARTS I,KAYLA PAYNE,10,2027,A,3.91 pts,0.00,,16,,#N/A
32,4/29/25,6,S2,ENG602 / 26,SOPH ENG/B,MARCEE SALAS,10,2027,B-,2.73 pts,0.00,,16,,#N/A
31,4/22/25,2,S2,MAT702 / 22,ALGEBRA II B,JASON BLAESING,11,2026,B-,2.88 pts,0.00,,498,,Yes
32,4/29/25,1,S2,PED513 / 21,TEAM GAMES,SCOTT DIZMANG,10,2027,C,2.42 pts,7.57,,17,,#N/A
32,4/29/25,2,S2,MAT702 / 22,ALGEBRA II B,JASON BLAESING,11,2026,B,2.91 pts,0.00,,498,,Yes
32,4/29/25,3,S2,SCI602 / 43,BIOLOGY B,DONNA SCHATZ,10,2027,D,1.75 pts,5.57,,17,,#N/A
32,4/29/25,4,S2,SOC109 / 24,WORLD HISTORY/B,DAVID HOLLINGSWORTH,10,2027,B,2.92 pts,7.43,,17,,#N/A
32,4/29/25,5,S2,HFL116 / 25,BAKING PASTRY ARTS I,KAYLA PAYNE,10,2027,A-,3.59 pts,6.00,,17,,#N/A
32,4/29/25,6,S2,MAT523 / 46,GEOMETRY B,ROCHELLE AITON,10,2027,F,0.97 pts,7.57,,17,,#N/A
32,4/29/25,1,S2,PED500 / 21,WEIGHT TRAINING,SCOTT BOOTHBY,12,2025,,2.00 pts,0.14,,18,,#N/A
32,4/29/25,1,S2,AACAL2 / 21,ACADEMIC ACHIEVEMENT B,AARON LABREE,12,2025,C-,2.00 pts,7.57,,18,,#N/A
33,5/6/25,2,S2,MAT702 / 22,ALGEBRA II B,JASON BLAESING,11,2026,B,3.04 pts,0.00,,498,,Yes
32,4/29/25,3,S2,SOC801 / 23,CONTEMPORARY WORLD ISSUES,JIM REED,12,2025,C,2.43 pts,5.71,,18,,#N/A
32,4/29/25,4,S2,PED513 / 24,TEAM GAMES,SCOTT DIZMANG,12,2025,F,1.47 pts,7.86,,18,,#N/A
32,4/29/25,5,S2,ONT401 / 25,ON-TRACK/B,ROBERT YEE,12,2025,F,1.50 pts,4.86,,18,,#N/A
32,4/29/25,6,S2,ENG802 / 26,SENIOR ENG/B,HEATHER CARVER,12,2025,B,2.99 pts,5.14,,18,,#N/A
32,4/29/25,1,S2,HFL114 / 21,FAMILY HEALTH,THOMAS KESSINGER,09,2028,A,3.60 pts,2.00,,2,,#N/A
32,4/29/25,2,S2,ASL502 / 22,AMERICAN  SIGN LANGUAGE I/B,KYLA RITCHEY,09,2028,B-,2.85 pts,2.00,,2,,#N/A
32,4/29/25,3,S2,MAT521 / 43,ALGEBRA I B,JANET FRANKLIN,09,2028,C+,2.58 pts,2.00,,2,,#N/A
32,4/29/25,4,S2,SCI504 / 24,PHYSICAL SCIENCE B,JAMES BENNETT,09,2028,D,1.77 pts,2.14,,2,,#N/A
32,4/29/25,5,S2,VOC705 / 25,DIGITAL PHOTOGRAPHY I,ROSANNA RUFF,09,2028,C,2.30 pts,2.43,,2,,#N/A
34,5/13/25,2,S2,MAT702 / 22,ALGEBRA II B,JASON BLAESING,11,2026,C+,2.67 pts,0.86,,498,,Yes
32,4/29/25,1,S2,CTE115 / 21,ENGINEERING B,JASON BLAESING,11,2026,F,1.36 pts,0.00,,19,,#N/A
32,4/29/25,2,S2,FAR108 / 22,CERAMICS I,ROBERT YEE,11,2026,F,1.03 pts,0.00,,19,,#N/A
32,4/29/25,3,S2,PED101 / 23,PHYSICAL EDUCATION,SCOTT DIZMANG,11,2026,A,3.68 pts,0.00,,19,,#N/A
32,4/29/25,4,S2,ENG702 / 24,JUNIOR ENG/B,JOHN CARVER,11,2026,B+,3.23 pts,0.14,,19,,#N/A
32,4/29/25,5,S2,SOC704 / 25,AP US HISTORY B,RYAN ISAACSON,11,2026,F,1.41 pts,0.00,,19,,#N/A
31,4/22/25,1,S2,SCI504 / 21,PHYSICAL SCIENCE B,JAMES BENNETT,09,2028,B,3.07 pts,5.14,,497,,Yes
32,4/29/25,1,S2,ENG602 / 21,SOPH ENG/B,MARCEE SALAS,10,2027,B+,3.20 pts,6.14,,20,,#N/A
32,4/29/25,2,S2,MAT523 / 42,GEOMETRY B,BRIAN ANDERSON,10,2027,C+,2.59 pts,6.00,,20,,#N/A
32,4/29/25,3,S2,FAR109 / 23,CERAMICS II,ROBERT YEE,10,2027,,,1.00,,20,,#N/A
32,4/29/25,3,S2,FAR108 / 23,CERAMICS I,ROBERT YEE,10,2027,F,0.87 pts,5.00,,20,,#N/A
31,4/22/25,1,S2,ENG504 / 21,PRE-AP FRESHMAN ENGLISH/B,ANGELINA MERRILL,09,2028,,3.00 pts,0.00,,497,,Yes
32,4/29/25,5,S2,CTE101 / 25,MEDICAL CAREER & TERMS/B,DONNA SCHATZ,10,2027,C+,2.69 pts,6.00,,20,,#N/A
32,4/29/25,6,S2,SOC109 / 46,WORLD HISTORY/B,DAVE HAJEK,10,2027,B-,2.82 pts,6.29,,20,,#N/A
32,4/29/25,1,S2,SOC702 / 21,US HISTORY/B,DAVE HAJEK,11,2026,F,0.68 pts,5.29,,21,,#N/A
32,4/29/25,1,S2,SCI504 / 21,PHYSICAL SCIENCE B,JAMES BENNETT,09,2028,C-,2.10 pts,6.29,,497,,Yes
32,4/29/25,1,S2,ENG504 / 21,PRE-AP FRESHMAN ENGLISH/B,ANGELINA MERRILL,09,2028,,3.00 pts,0.00,,497,,Yes
32,4/29/25,4,S2,HFL119 / 24,ADV CULINARY ARTS B,ALEXANDRA YOST,11,2026,A,3.97 pts,6.57,,21,,#N/A
32,4/29/25,5,S2,ENG702 / 25,JUNIOR ENG/B,JOHN CARVER,11,2026,C-,2.10 pts,6.71,,21,,#N/A
32,4/29/25,6,S2,FAR113 / 26,INTRO TO ART AND DESIGN,ROBERT YEE,11,2026,,3.00 pts,5.14,,21,,#N/A
32,4/29/25,6,S2,FAR114 / 26,INTERMEDIATE ART,ROBERT YEE,11,2026,,,1.00,,21,,#N/A
32,4/29/25,1,S2,PED513 / 21,TEAM GAMES,SCOTT DIZMANG,11,2026,A,3.68 pts,2.43,,22,,#N/A
32,4/29/25,2,S2,HFL115 / 22,ADVANCED PASTRY ARTS I,KAYLA PAYNE,11,2026,A,3.99 pts,2.43,,22,,#N/A
33,5/6/25,1,S2,SCI504 / 21,PHYSICAL SCIENCE B,JAMES BENNETT,09,2028,B-,2.89 pts,6.29,,497,,Yes
32,4/29/25,4,S2,SCI504 / 44,PHYSICAL SCIENCE B,WILLIAM BAUR,11,2026,B+,3.35 pts,2.00,,22,,#N/A
32,4/29/25,5,S2,SOC702 / 25,US HISTORY/B,DAVE HAJEK,11,2026,B,2.99 pts,2.57,,22,,#N/A
32,4/29/25,6,S2,ENG702 / 26,JUNIOR ENG/B,JOHN CARVER,11,2026,B-,2.81 pts,2.43,,22,,#N/A
32,4/29/25,1,S2,MAT705 / 21,PRE-CALC B MAT 154,BRIAN ANDERSON,12,2025,C-,2.01 pts,1.50,,24,,#N/A
32,4/29/25,2,S2,RUN102 / 22,RUNNING START/B,,12,2025,,,0.00,,24,,#N/A
32,4/29/25,3,S2,RUN102 / 23,RUNNING START/B,,12,2025,,,0.00,,24,,#N/A
32,4/29/25,4,S2,RUN102 / 24,RUNNING START/B,,12,2025,,,0.00,,24,,#N/A
32,4/29/25,5,S2,ENG802 / 25,SENIOR ENG/B,HEATHER CARVER,12,2025,B,2.99 pts,1.00,,24,,#N/A
32,4/29/25,6,S2,SOC801 / 26,CONTEMPORARY WORLD ISSUES,JIM REED,12,2025,A,3.89 pts,1.50,,24,,#N/A
32,4/29/25,1,S2,PED500 / 21,WEIGHT TRAINING,SCOTT BOOTHBY,09,2028,B,3.15 pts,1.00,,25,,#N/A
32,4/29/25,2,S2,SCI504 / 42,PHYSICAL SCIENCE B,WILLIAM BAUR,09,2028,F,1.20 pts,1.00,,25,,#N/A
32,4/29/25,3,S2,FAR108 / 23,CERAMICS I,ROBERT YEE,09,2028,D,1.69 pts,1.00,,25,,#N/A
32,4/29/25,4,S2,CTE230 / 24,SOCIAL MEDIA MARKETING I,NICOLE SIMEK,09,2028,F,1.56 pts,1.00,,25,,#N/A
32,4/29/25,5,S2,MAT521 / 25,ALGEBRA I B,KEVIN REILLY,09,2028,C,2.37 pts,1.00,,25,,#N/A
33,5/6/25,1,S2,ENG504 / 21,PRE-AP FRESHMAN ENGLISH/B,ANGELINA MERRILL,09,2028,,3.00 pts,0.00,,497,,Yes
32,4/29/25,1,S2,ENG702 / 21,JUNIOR ENG/B,JOHN CARVER,11,2026,F,1.09 pts,19.00,,26,,#N/A
32,4/29/25,2,S2,SCI504 / 22,PHYSICAL SCIENCE B,JAMES BENNETT,11,2026,D+,1.92 pts,16.71,,26,,#N/A
34,5/13/25,1,S2,SCI504 / 21,PHYSICAL SCIENCE B,JAMES BENNETT,09,2028,B,2.91 pts,6.71,,497,,Yes
32,4/29/25,4,S2,SOC702 / 24,US HISTORY/B,DAVE HAJEK,11,2026,D,1.71 pts,13.14,,26,,#N/A
32,4/29/25,5,S2,ONT401 / 25,ON-TRACK/B,ROBERT YEE,11,2026,F,0.00 pts,16.43,,26,,#N/A
32,4/29/25,6,S2,FAR113 / 26,INTRO TO ART AND DESIGN,ROBERT YEE,11,2026,F,0.00 pts,16.29,,26,,#N/A
32,4/29/25,1,S2,MAT702 / 21,ALGEBRA II B,JENNIFER REILLY,11,2026,C+,2.68 pts,8.29,,29,,#N/A
32,4/29/25,2,S2,SCI504 / 42,PHYSICAL SCIENCE B,WILLIAM BAUR,11,2026,B+,3.33 pts,7.14,,29,,#N/A
32,4/29/25,3,S2,ENG720 / 23,AP LANGUAGE/ COMPOSITON B,HEATHER CARVER,11,2026,D+,1.97 pts,6.14,,29,,#N/A
32,4/29/25,4,S2,ASL506 / 24,AMER SIGN III/B,TAMI GRANT,11,2026,A-,3.50 pts,4.29,,29,,#N/A
32,4/29/25,5,S2,CTE502 / 25,PROJECT IN  LEADERSHIP/B,KYLA RITCHEY,11,2026,A,3.64 pts,4.00,,29,,#N/A
34,5/13/25,1,S2,ENG504 / 21,PRE-AP FRESHMAN ENGLISH/B,ANGELINA MERRILL,09,2028,,3.00 pts,0.00,,497,,Yes
32,4/29/25,1,S2,ENG802 / 21,SENIOR ENG/B,HEATHER CARVER,12,2025,F,0.47 pts,2.43,,27,,#N/A
31,4/22/25,1,S2,ENG504 / 21,PRE-AP FRESHMAN ENGLISH/B,ANGELINA MERRILL,09,2028,A,3.60 pts,1.57,,496,,Yes
32,4/29/25,3,S2,ONT401 / 23,ON-TRACK/B,BRIAN ANDERSON,12,2025,U,0.15 pts,2.14,,27,,#N/A
32,4/29/25,4,S2,SOC801 / 24,CONTEMPORARY WORLD ISSUES,JIM REED,12,2025,F,0.57 pts,2.86,,27,,#N/A
32,4/29/25,5,S2,CTE101 / 25,MEDICAL CAREER & TERMS/B,DONNA SCHATZ,12,2025,F,0.89 pts,2.86,,27,,#N/A
32,4/29/25,6,S2,ENG715 / 26,FILM AS LITERATURE,KELLY GREGERSEN,12,2025,F,1.05 pts,2.86,,27,,#N/A
32,4/29/25,1,S2,ENG602 / 21,SOPH ENG/B,MARCEE SALAS,10,2027,C+,2.63 pts,2.71,,28,,#N/A
32,4/29/25,2,S2,SCI602 / 42,BIOLOGY B,DONNA SCHATZ,10,2027,D+,1.80 pts,3.00,,28,,#N/A
32,4/29/25,3,S2,ASL502 / 23,AMERICAN  SIGN LANGUAGE I/B,KYLA RITCHEY,10,2027,C,2.48 pts,2.71,,28,,#N/A
32,4/29/25,1,S2,ENG504 / 21,PRE-AP FRESHMAN ENGLISH/B,ANGELINA MERRILL,09,2028,B+,3.26 pts,1.57,,496,,Yes
32,4/29/25,5,S2,HFL116 / 25,BAKING PASTRY ARTS I,KAYLA PAYNE,10,2027,A,3.77 pts,2.71,,28,,#N/A
32,4/29/25,6,S2,SOC109 / 26,WORLD HISTORY/B,RYAN ISAACSON,10,2027,F,1.12 pts,3.14,,28,,#N/A
32,4/29/25,1,S2,ENG802 / 21,SENIOR ENG/B,HEATHER CARVER,12,2025,C,2.42 pts,9.29,,30,,#N/A
32,4/29/25,2,S2,ASL504 / 22,AMERICAN SIGN LANGUAGE II/B,TAMI GRANT,12,2025,A-,3.47 pts,6.43,,30,,#N/A
32,4/29/25,3,S2,HFL113 / 23,INTRO CULINARY ART,ALEXANDRA YOST,12,2025,B,3.02 pts,7.43,,30,,#N/A
32,4/29/25,4,S2,SOC801 / 24,CONTEMPORARY WORLD ISSUES,JIM REED,12,2025,A,3.62 pts,7.00,,30,,#N/A
33,5/6/25,1,S2,ENG504 / 21,PRE-AP FRESHMAN ENGLISH/B,ANGELINA MERRILL,09,2028,B+,3.21 pts,1.57,,496,,Yes
32,4/29/25,6,S2,VOC621 / 26,METAL CRAFTS & PRODUCTION II,DONALD O'BRIEN,12,2025,A-,3.41 pts,8.14,,30,,#N/A
32,4/29/25,1,S2,SOC109 / 21,WORLD HISTORY/B,DAVID HOLLINGSWORTH,10,2027,A-,3.40 pts,2.14,,32,,#N/A
32,4/29/25,2,S2,HFL114 / 22,FAMILY HEALTH,THOMAS KESSINGER,10,2027,A,3.67 pts,2.00,,32,,#N/A
32,4/29/25,3,S2,SCI602 / 43,BIOLOGY B,DONNA SCHATZ,10,2027,B+,3.25 pts,2.00,,32,,#N/A
34,5/13/25,1,S2,ENG504 / 21,PRE-AP FRESHMAN ENGLISH/B,ANGELINA MERRILL,09,2028,B-,2.84 pts,2.57,,496,,Yes
32,4/29/25,5,S2,ASL504 / 25,AMERICAN SIGN LANGUAGE II/B,TAMI GRANT,10,2027,B,2.92 pts,3.14,,32,,#N/A
32,4/29/25,6,S2,ENG602 / 26,SOPH ENG/B,MARCEE SALAS,10,2027,C,2.35 pts,3.14,,32,,#N/A
32,4/29/25,1,S2,PED513 / 21,TEAM GAMES,SCOTT DIZMANG,10,2027,A,4.00 pts,1.43,,33,,#N/A
31,4/22/25,5,S2,BUS302 / 25,PERSONAL FINANCE B,NICOLE SIMEK,12,2025,B,3.04 pts,0.67,,495,,Yes
32,4/29/25,3,S2,ASL502 / 23,AMERICAN  SIGN LANGUAGE I/B,KYLA RITCHEY,10,2027,C+,2.54 pts,1.43,,33,,#N/A
32,4/29/25,4,S2,SOC109 / 24,WORLD HISTORY/B,DAVID HOLLINGSWORTH,10,2027,F,1.21 pts,1.43,,33,,#N/A
32,4/29/25,5,S2,BUS302 / 25,PERSONAL FINANCE B,NICOLE SIMEK,12,2025,B,3.04 pts,0.67,,495,,Yes
33,5/6/25,5,S2,BUS302 / 25,PERSONAL FINANCE B,NICOLE SIMEK,12,2025,C,2.36 pts,0.67,,495,,Yes
32,4/29/25,1,S2,VOC504 / 21,ADV FINE ARTS WOODWORKING I,BRENT MANSELL,10,2027,F,1.31 pts,13.00,,34,,#N/A
34,5/13/25,5,S2,BUS302 / 25,PERSONAL FINANCE B,NICOLE SIMEK,12,2025,C,2.36 pts,1.67,,495,,Yes
31,4/22/25,5,S2,MAT702 / 45,ALGEBRA II B,JENNIFER REILLY,11,2026,A-,3.48 pts,1.43,,494,,Yes
32,4/29/25,4,S2,PED513 / 24,TEAM GAMES,SCOTT DIZMANG,10,2027,F,0.83 pts,13.00,,34,,#N/A
32,4/29/25,5,S2,SCI602 / 25,BIOLOGY B,GRANT MERRILL,10,2027,F,0.48 pts,10.29,,34,,#N/A
32,4/29/25,6,S2,SOC109 / 26,WORLD HISTORY/B,RYAN ISAACSON,10,2027,F,0.40 pts,9.71,,34,,#N/A
32,4/29/25,1,S2,ENG802 / 21,SENIOR ENG/B,HEATHER CARVER,12,2025,F,1.60 pts,1.00,,35,,#N/A
32,4/29/25,2,S2,SCI504 / 22,PHYSICAL SCIENCE B,JAMES BENNETT,12,2025,C-,2.09 pts,2.57,,35,,#N/A
32,4/29/25,3,S2,SOC801 / 23,CONTEMPORARY WORLD ISSUES,JIM REED,12,2025,C+,2.61 pts,1.14,,35,,#N/A
32,4/29/25,4,S2,MAT521 / 24,ALGEBRA I B,KEVIN REILLY,12,2025,D,1.77 pts,1.57,,35,,#N/A
32,4/29/25,5,S2,ONT401 / 25,ON-TRACK/B,ROBERT YEE,12,2025,C-,2.00 pts,2.29,,35,,#N/A
32,4/29/25,5,S2,MAT702 / 45,ALGEBRA II B,JENNIFER REILLY,11,2026,A-,3.56 pts,1.43,,494,,Yes
32,4/29/25,1,S2,CTE115 / 21,ENGINEERING B,JASON BLAESING,11,2026,F,0.97 pts,0.57,,36,,#N/A
33,5/6/25,5,S2,MAT702 / 45,ALGEBRA II B,JENNIFER REILLY,11,2026,A,3.69 pts,1.43,,494,,Yes
32,4/29/25,3,S2,FAR604 / 23,SCENE DESIGN,KELLY GREGERSEN,11,2026,B,2.94 pts,0.00,,36,,#N/A
32,4/29/25,4,S2,ENG702 / 24,JUNIOR ENG/B,JOHN CARVER,11,2026,C+,2.62 pts,0.00,,36,,#N/A
32,4/29/25,5,S2,SOC702 / 25,US HISTORY/B,DAVE HAJEK,11,2026,C+,2.57 pts,0.29,,36,,#N/A
32,4/29/25,6,S2,FAR543 / 26,WIND ENSEMB/B,DAVID DUARTE,11,2026,A,3.71 pts,0.43,,36,,#N/A
32,4/29/25,1,S2,PED500 / 21,WEIGHT TRAINING,SCOTT BOOTHBY,11,2026,C+,2.55 pts,11.14,,37,,#N/A
32,4/29/25,2,S2,SCI504 / 22,PHYSICAL SCIENCE B,JAMES BENNETT,11,2026,F,0.92 pts,10.86,,37,,#N/A
32,4/29/25,3,S2,ONT401 / 23,ON-TRACK/B,BRIAN ANDERSON,11,2026,U,0.20 pts,10.86,,37,,#N/A
32,4/29/25,4,S2,ENG716 / 24,DRAMATIC LITERATURE,KELLY GREGERSEN,11,2026,F,1.38 pts,11.29,,37,,#N/A
34,5/13/25,5,S2,MAT702 / 45,ALGEBRA II B,JENNIFER REILLY,11,2026,A-,3.49 pts,1.43,,494,,Yes
31,4/22/25,1,S2,SCI504 / 21,PHYSICAL SCIENCE B,JAMES BENNETT,09,2028,A-,3.54 pts,3.71,,493,,Yes
32,4/29/25,1,S2,SCI504 / 21,PHYSICAL SCIENCE B,JAMES BENNETT,09,2028,B+,3.33 pts,3.71,,493,,Yes
32,4/29/25,2,S2,VOC107 / 22,METALS MANUF & TECHNOLOGY II,DONALD O'BRIEN,10,2027,C-,2.00 pts,10.00,,38,,#N/A
32,4/29/25,3,S2,SCI602 / 43,BIOLOGY B,DONNA SCHATZ,10,2027,B,2.99 pts,9.71,,38,,#N/A
32,4/29/25,4,S2,SOC109 / 24,WORLD HISTORY/B,DAVID HOLLINGSWORTH,10,2027,C,2.44 pts,10.00,,38,,#N/A
33,5/6/25,1,S2,SCI504 / 21,PHYSICAL SCIENCE B,JAMES BENNETT,09,2028,A-,3.49 pts,4.57,,493,,Yes
32,4/29/25,6,S2,PED500 / 26,WEIGHT TRAINING,SCOTT DIZMANG,10,2027,B+,3.38 pts,9.86,,38,,#N/A
32,4/29/25,1,S2,VOC620 / 21,METAL CRAFTS & PRODUCTION I,DONALD O'BRIEN,10,2027,C+,2.67 pts,3.29,,39,,#N/A
32,4/29/25,2,S2,SOC109 / 22,WORLD HISTORY/B,DAVID HOLLINGSWORTH,10,2027,B+,3.22 pts,3.29,,39,,#N/A
34,5/13/25,1,S2,SCI504 / 21,PHYSICAL SCIENCE B,JAMES BENNETT,09,2028,A-,3.50 pts,4.71,,493,,Yes
32,4/29/25,4,S2,VOC503 / 24,FINE ARTS WOODS II,BRENT MANSELL,10,2027,C+,2.69 pts,2.71,,39,,#N/A
31,4/22/25,3,S2,MAT702 / 23,ALGEBRA II B,JENNIFER REILLY,11,2026,B+,3.27 pts,5.00,,492,,Yes
32,4/29/25,3,S2,MAT702 / 23,ALGEBRA II B,JENNIFER REILLY,11,2026,B+,3.34 pts,5.29,,492,,Yes
32,4/29/25,1,S2,ENG702 / 21,JUNIOR ENG/B,JOHN CARVER,11,2026,C,2.40 pts,1.14,,40,,#N/A
33,5/6/25,3,S2,MAT702 / 23,ALGEBRA II B,JENNIFER REILLY,11,2026,B+,3.32 pts,9.00,,492,,Yes
32,4/29/25,3,S2,SCI504 / 43,PHYSICAL SCIENCE B,WILLIAM BAUR,11,2026,F,1.56 pts,1.00,,40,,#N/A
32,4/29/25,4,S2,VOC504 / 24,ADV FINE ARTS WOODWORKING I,BRENT MANSELL,11,2026,F,1.38 pts,1.00,,40,,#N/A
32,4/29/25,5,S2,SPA602 / 25,SPANISH II B,ARELI LOPEZ LOPEZ,11,2026,C,2.42 pts,1.00,,40,,#N/A
34,5/13/25,3,S2,MAT702 / 23,ALGEBRA II B,JENNIFER REILLY,11,2026,B,3.19 pts,10.29,,492,,Yes
32,4/29/25,1,S2,MAT702 / 21,ALGEBRA II B,JENNIFER REILLY,11,2026,B,3.16 pts,6.43,,47,,#N/A
31,4/22/25,4,S2,MAT702 / 24,ALGEBRA II B,JENNIFER REILLY,11,2026,B-,2.77 pts,6.33,,491,,Yes
32,4/29/25,3,S2,ASL504 / 23,AMERICAN SIGN LANGUAGE II/B,TAMI GRANT,11,2026,B+,3.22 pts,6.00,,47,,#N/A
32,4/29/25,4,S2,SOC702 / 24,US HISTORY/B,DAVE HAJEK,11,2026,D+,1.90 pts,6.00,,47,,#N/A
32,4/29/25,5,S2,PED500 / 25,WEIGHT TRAINING,SCOTT DIZMANG,11,2026,A-,3.50 pts,6.00,,47,,#N/A
32,4/29/25,6,S2,ENG702 / 26,JUNIOR ENG/B,JOHN CARVER,11,2026,B,3.07 pts,6.00,,47,,#N/A
32,4/29/25,1,S2,ENG702 / 21,JUNIOR ENG/B,JOHN CARVER,11,2026,C+,2.56 pts,0.86,,41,,#N/A
32,4/29/25,2,S2,SCI504 / 42,PHYSICAL SCIENCE B,WILLIAM BAUR,11,2026,C-,2.03 pts,0.00,,41,,#N/A
32,4/29/25,3,S2,ASL504 / 23,AMERICAN SIGN LANGUAGE II/B,TAMI GRANT,11,2026,A,3.86 pts,0.14,,41,,#N/A
32,4/29/25,4,S2,SOC702 / 24,US HISTORY/B,DAVE HAJEK,11,2026,D+,1.97 pts,0.43,,41,,#N/A
32,4/29/25,4,S2,MAT702 / 24,ALGEBRA II B,JENNIFER REILLY,11,2026,B-,2.79 pts,6.33,,491,,Yes
32,4/29/25,6,S2,FAR113 / 26,INTRO TO ART AND DESIGN,ROBERT YEE,11,2026,C-,2.04 pts,0.57,,41,,#N/A
32,4/29/25,1,S2,FAR607 / 21,ADVANCED ACTING/ B,KELLY GREGERSEN,12,2025,D,1.69 pts,1.14,,42,,#N/A
33,5/6/25,4,S2,MAT702 / 24,ALGEBRA II B,JENNIFER REILLY,11,2026,B-,2.78 pts,6.33,,491,,Yes
32,4/29/25,3,S2,ENG802 / 23,SENIOR ENG/B,JOHN CARVER,12,2025,F,0.96 pts,1.14,,42,,#N/A
32,4/29/25,4,S2,HFL119 / 24,ADV CULINARY ARTS B,ALEXANDRA YOST,12,2025,A,3.97 pts,1.00,,42,,#N/A
34,5/13/25,4,S2,MAT702 / 24,ALGEBRA II B,JENNIFER REILLY,11,2026,C+,2.68 pts,6.33,,491,,Yes
32,4/29/25,6,S2,FAR543 / 26,WIND ENSEMB/B,DAVID DUARTE,12,2025,A-,3.58 pts,1.00,,42,,#N/A
32,4/29/25,1,S2,ENG702 / 21,JUNIOR ENG/B,JOHN CARVER,11,2026,B-,2.86 pts,9.71,,43,,#N/A
32,4/29/25,2,S2,SCI504 / 22,PHYSICAL SCIENCE B,JAMES BENNETT,11,2026,C,2.36 pts,9.43,,43,,#N/A
32,4/29/25,3,S2,ASL504 / 23,AMERICAN SIGN LANGUAGE II/B,TAMI GRANT,11,2026,B+,3.25 pts,9.14,,43,,#N/A
32,4/29/25,4,S2,SOC702 / 24,US HISTORY/B,DAVE HAJEK,11,2026,B,2.98 pts,8.57,,43,,#N/A
32,4/29/25,5,S2,SOC106 / 25,AP PSYCHOLOGY B,JIM REED,11,2026,C-,2.07 pts,8.57,,43,,#N/A
31,4/22/25,6,S2,SCI602 / 46,BIOLOGY B,WILLIAM BAUR,10,2027,A,3.72 pts,2.14,,490,,Yes
32,4/29/25,6,S2,SCI602 / 46,BIOLOGY B,WILLIAM BAUR,10,2027,A,3.97 pts,2.14,,490,,Yes
32,4/29/25,2,S2,SCI602 / 42,BIOLOGY B,DONNA SCHATZ,10,2027,D,1.78 pts,13.71,,44,,#N/A
32,4/29/25,3,S2,FAR604 / 23,SCENE DESIGN,KELLY GREGERSEN,10,2027,C,2.48 pts,15.57,,44,,#N/A
32,4/29/25,4,S2,HFL113 / 24,INTRO CULINARY ART,KAYLA PAYNE,10,2027,A-,3.49 pts,12.57,,44,,#N/A
33,5/6/25,6,S2,SCI602 / 46,BIOLOGY B,WILLIAM BAUR,10,2027,A,3.65 pts,2.14,,490,,Yes
32,4/29/25,6,S2,SOC109 / 26,WORLD HISTORY/B,RYAN ISAACSON,10,2027,F,0.00 pts,17.00,,44,,#N/A
32,4/29/25,1,S2,PED101 / 21,PHYSICAL EDUCATION,KATHERINE STURDYVIN-SCOBBA,11,2026,A,3.95 pts,2.29,,45,,#N/A
34,5/13/25,6,S2,SCI602 / 46,BIOLOGY B,WILLIAM BAUR,10,2027,A,3.70 pts,3.14,,490,,Yes
32,4/29/25,3,S2,ENG720 / 23,AP LANGUAGE/ COMPOSITON B,HEATHER CARVER,11,2026,F,1.27 pts,2.14,,45,,#N/A
32,4/29/25,4,S2,CTE231 / 24,SOCIAL MEDIA MARKETING II,NICOLE SIMEK,11,2026,B+,3.35 pts,2.14,,45,,#N/A
32,4/29/25,5,S2,SOC704 / 25,AP US HISTORY B,RYAN ISAACSON,11,2026,C+,2.56 pts,2.14,,45,,#N/A
31,4/22/25,1,S2,ENG504 / 21,PRE-AP FRESHMAN ENGLISH/B,ANGELINA MERRILL,09,2028,C-,2.07 pts,6.43,,489,,Yes
32,4/29/25,1,S2,SOC109 / 21,WORLD HISTORY/B,DAVID HOLLINGSWORTH,10,2027,F,1.47 pts,12.43,,48,,#N/A
32,4/29/25,1,S2,ENG504 / 21,PRE-AP FRESHMAN ENGLISH/B,ANGELINA MERRILL,09,2028,D+,1.97 pts,6.43,,489,,Yes
32,4/29/25,3,S2,PED101 / 23,PHYSICAL EDUCATION,SCOTT DIZMANG,10,2027,B+,3.37 pts,12.43,,48,,#N/A
32,4/29/25,4,S2,VOC504 / 24,ADV FINE ARTS WOODWORKING I,BRENT MANSELL,10,2027,F,1.31 pts,12.00,,48,,#N/A
33,5/6/25,1,S2,ENG504 / 21,PRE-AP FRESHMAN ENGLISH/B,ANGELINA MERRILL,09,2028,F,1.52 pts,7.43,,489,,Yes
34,5/13/25,1,S2,ENG504 / 21,PRE-AP FRESHMAN ENGLISH/B,ANGELINA MERRILL,09,2028,D+,1.99 pts,8.71,,489,,Yes
31,4/22/25,3,S2,MAT523 / 23,GEOMETRY B,ROCHELLE AITON,09,2028,B-,2.71 pts,0.00,,488,,Yes
32,4/29/25,2,S2,ENG802 / 22,SENIOR ENG/B,MARCEE SALAS,12,2025,C,2.44 pts,9.86,,49,,#N/A
32,4/29/25,3,S2,SOC801 / 23,CONTEMPORARY WORLD ISSUES,JIM REED,12,2025,F,1.48 pts,9.57,,49,,#N/A
32,4/29/25,4,S2,FAR110 / 24,CERAMICS III,ROBERT YEE,12,2025,B,3.00 pts,9.43,,49,,#N/A
32,4/29/25,5,S2,ONT401 / 25,ON-TRACK/B,ROBERT YEE,12,2025,F,0.00 pts,9.29,,49,,#N/A
32,4/29/25,3,S2,MAT523 / 23,GEOMETRY B,ROCHELLE AITON,09,2028,B,3.09 pts,0.00,,488,,Yes
33,5/6/25,3,S2,MAT523 / 23,GEOMETRY B,ROCHELLE AITON,09,2028,B,3.09 pts,0.00,,488,,Yes
34,5/13/25,3,S2,MAT523 / 23,GEOMETRY B,ROCHELLE AITON,09,2028,B,3.09 pts,0.00,,488,,Yes
31,4/22/25,1,S2,MAT523 / 21,GEOMETRY B,ROCHELLE AITON,10,2027,B,3.09 pts,4.00,,487,,Yes
31,4/22/25,4,S2,SCI602 / 24,BIOLOGY B,GRANT MERRILL,10,2027,B,3.17 pts,4.14,,487,,Yes
32,4/29/25,1,S2,MAT523 / 21,GEOMETRY B,ROCHELLE AITON,10,2027,B,3.03 pts,5.00,,487,,Yes
32,4/29/25,4,S2,SCI602 / 24,BIOLOGY B,GRANT MERRILL,10,2027,C,2.23 pts,5.14,,487,,Yes
33,5/6/25,1,S2,MAT523 / 21,GEOMETRY B,ROCHELLE AITON,10,2027,B,3.03 pts,5.00,,487,,Yes
33,5/6/25,4,S2,SCI602 / 24,BIOLOGY B,GRANT MERRILL,10,2027,B-,2.85 pts,5.14,,487,,Yes
34,5/13/25,1,S2,MAT523 / 21,GEOMETRY B,ROCHELLE AITON,10,2027,B,3.04 pts,6.00,,487,,Yes
34,5/13/25,4,S2,SCI602 / 24,BIOLOGY B,GRANT MERRILL,10,2027,D+,1.93 pts,6.71,,487,,Yes
31,4/22/25,5,S2,BUS302 / 25,PERSONAL FINANCE B,NICOLE SIMEK,11,2026,A,3.70 pts,0.00,,486,,Yes
32,4/29/25,5,S2,BUS302 / 25,PERSONAL FINANCE B,NICOLE SIMEK,11,2026,A,3.70 pts,0.00,,486,,Yes
33,5/6/25,5,S2,BUS302 / 25,PERSONAL FINANCE B,NICOLE SIMEK,11,2026,A-,3.49 pts,0.00,,486,,Yes
34,5/13/25,5,S2,BUS302 / 25,PERSONAL FINANCE B,NICOLE SIMEK,11,2026,A-,3.43 pts,0.29,,486,,Yes
31,4/22/25,5,S2,MAT702 / 45,ALGEBRA II B,JENNIFER REILLY,10,2027,F,0.70 pts,18.29,,485,,Yes
32,4/29/25,5,S2,MAT702 / 45,ALGEBRA II B,JENNIFER REILLY,10,2027,F,1.17 pts,18.29,,485,,Yes
33,5/6/25,5,S2,MAT702 / 45,ALGEBRA II B,JENNIFER REILLY,10,2027,F,1.18 pts,20.14,,485,,Yes
34,5/13/25,5,S2,MAT702 / 45,ALGEBRA II B,JENNIFER REILLY,10,2027,F,1.04 pts,24.00,,485,,Yes
31,4/22/25,4,S2,MAT702 / 24,ALGEBRA II B,JENNIFER REILLY,11,2026,C,2.26 pts,3.33,,484,,Yes
32,4/29/25,4,S2,MAT702 / 24,ALGEBRA II B,JENNIFER REILLY,11,2026,C,2.34 pts,3.33,,484,,Yes
33,5/6/25,4,S2,MAT702 / 24,ALGEBRA II B,JENNIFER REILLY,11,2026,C,2.32 pts,3.33,,484,,Yes
34,5/13/25,4,S2,MAT702 / 24,ALGEBRA II B,JENNIFER REILLY,11,2026,C,2.29 pts,3.33,,484,,Yes
31,4/22/25,1,S2,ENG504 / 21,PRE-AP FRESHMAN ENGLISH/B,ANGELINA MERRILL,09,2028,A,3.99 pts,5.00,,483,,Yes
32,4/29/25,1,S2,ENG504 / 21,PRE-AP FRESHMAN ENGLISH/B,ANGELINA MERRILL,09,2028,A,3.91 pts,5.00,,483,,Yes
33,5/6/25,1,S2,ENG504 / 21,PRE-AP FRESHMAN ENGLISH/B,ANGELINA MERRILL,09,2028,A,3.92 pts,5.00,,483,,Yes
34,5/13/25,1,S2,ENG504 / 21,PRE-AP FRESHMAN ENGLISH/B,ANGELINA MERRILL,09,2028,A,3.94 pts,5.00,,483,,Yes
31,4/22/25,3,S2,SCI602 / 23,BIOLOGY B,GRANT MERRILL,10,2027,,3.03 pts,1.57,,482,,Yes
32,4/29/25,3,S2,SCI602 / 23,BIOLOGY B,GRANT MERRILL,10,2027,,3.03 pts,1.57,,482,,Yes
33,5/6/25,3,S2,SCI602 / 23,BIOLOGY B,GRANT MERRILL,10,2027,,3.03 pts,1.57,,482,,Yes
34,5/13/25,3,S2,SCI602 / 23,BIOLOGY B,GRANT MERRILL,10,2027,,3.03 pts,1.57,,482,,Yes
31,4/22/25,3,S2,BUS302 / 23,PERSONAL FINANCE B,NICOLE SIMEK,12,2025,A,3.73 pts,2.29,,481,,Yes
32,4/29/25,3,S2,BUS302 / 23,PERSONAL FINANCE B,NICOLE SIMEK,12,2025,A,3.76 pts,2.29,,481,,Yes
33,5/6/25,3,S2,BUS302 / 23,PERSONAL FINANCE B,NICOLE SIMEK,12,2025,A,3.60 pts,2.29,,481,,Yes
34,5/13/25,3,S2,BUS302 / 23,PERSONAL FINANCE B,NICOLE SIMEK,12,2025,A,3.66 pts,2.29,,481,,Yes
31,4/22/25,1,S2,ENG504 / 21,PRE-AP FRESHMAN ENGLISH/B,ANGELINA MERRILL,09,2028,A,3.61 pts,0.00,,480,,Yes
32,4/29/25,1,S2,ENG504 / 21,PRE-AP FRESHMAN ENGLISH/B,ANGELINA MERRILL,09,2028,A,3.66 pts,0.00,,480,,Yes
33,5/6/25,1,S2,ENG504 / 21,PRE-AP FRESHMAN ENGLISH/B,ANGELINA MERRILL,09,2028,A-,3.58 pts,0.00,,480,,Yes
34,5/13/25,1,S2,ENG504 / 21,PRE-AP FRESHMAN ENGLISH/B,ANGELINA MERRILL,09,2028,A,3.61 pts,0.00,,480,,Yes
31,4/22/25,3,S2,BUS302 / 23,PERSONAL FINANCE B,NICOLE SIMEK,11,2026,B,3.06 pts,0.00,,479,,Yes
32,4/29/25,3,S2,BUS302 / 23,PERSONAL FINANCE B,NICOLE SIMEK,11,2026,B,2.90 pts,0.00,,479,,Yes
33,5/6/25,3,S2,BUS302 / 23,PERSONAL FINANCE B,NICOLE SIMEK,11,2026,C,2.26 pts,0.00,,479,,Yes
34,5/13/25,3,S2,BUS302 / 23,PERSONAL FINANCE B,NICOLE SIMEK,11,2026,D,1.68 pts,0.00,,479,,Yes
31,4/22/25,5,S2,BUS302 / 25,PERSONAL FINANCE B,NICOLE SIMEK,12,2025,A,3.67 pts,16.50,,478,,Yes
32,4/29/25,5,S2,BUS302 / 25,PERSONAL FINANCE B,NICOLE SIMEK,12,2025,A,3.67 pts,19.50,,478,,Yes
33,5/6/25,5,S2,BUS302 / 25,PERSONAL FINANCE B,NICOLE SIMEK,12,2025,A,3.72 pts,24.00,,478,,Yes
34,5/13/25,5,S2,BUS302 / 25,PERSONAL FINANCE B,NICOLE SIMEK,12,2025,A,3.73 pts,25.50,,478,,Yes
31,4/22/25,6,S2,MAT702 / 26,ALGEBRA II B,JASON BLAESING,10,2027,B-,2.88 pts,0.14,,477,,Yes
32,4/29/25,6,S2,MAT702 / 26,ALGEBRA II B,JASON BLAESING,10,2027,B-,2.76 pts,0.29,,477,,Yes
33,5/6/25,6,S2,MAT702 / 26,ALGEBRA II B,JASON BLAESING,10,2027,B,3.17 pts,0.29,,477,,Yes
34,5/13/25,6,S2,MAT702 / 26,ALGEBRA II B,JASON BLAESING,10,2027,B,3.15 pts,0.29,,477,,Yes
31,4/22/25,1,S2,ENG504 / 21,PRE-AP FRESHMAN ENGLISH/B,ANGELINA MERRILL,09,2028,A,3.79 pts,0.00,,476,,Yes
32,4/29/25,1,S2,ENG504 / 21,PRE-AP FRESHMAN ENGLISH/B,ANGELINA MERRILL,09,2028,A,3.79 pts,0.00,,476,,Yes
33,5/6/25,1,S2,ENG504 / 21,PRE-AP FRESHMAN ENGLISH/B,ANGELINA MERRILL,09,2028,A,3.80 pts,1.00,,476,,Yes
34,5/13/25,1,S2,ENG504 / 21,PRE-AP FRESHMAN ENGLISH/B,ANGELINA MERRILL,09,2028,A,3.82 pts,1.86,,476,,Yes
31,4/22/25,5,S2,MAT702 / 45,ALGEBRA II B,JENNIFER REILLY,11,2026,A,4.00 pts,7.00,,475,,Yes
32,4/29/25,5,S2,MAT702 / 45,ALGEBRA II B,JENNIFER REILLY,11,2026,A,4.00 pts,7.00,,475,,Yes
33,5/6/25,5,S2,MAT702 / 45,ALGEBRA II B,JENNIFER REILLY,11,2026,A,4.00 pts,7.00,,475,,Yes
34,5/13/25,5,S2,MAT702 / 45,ALGEBRA II B,JENNIFER REILLY,11,2026,A,3.99 pts,7.00,,475,,Yes
31,4/22/25,4,S2,MAT702 / 24,ALGEBRA II B,JENNIFER REILLY,11,2026,B-,2.83 pts,14.92,,474,,Yes
32,4/29/25,4,S2,MAT702 / 24,ALGEBRA II B,JENNIFER REILLY,11,2026,B+,3.26 pts,15.92,,474,,Yes
33,5/6/25,4,S2,MAT702 / 24,ALGEBRA II B,JENNIFER REILLY,11,2026,B+,3.24 pts,16.92,,474,,Yes
34,5/13/25,4,S2,MAT702 / 24,ALGEBRA II B,JENNIFER REILLY,11,2026,B+,3.21 pts,17.25,,474,,Yes
31,4/22/25,5,S2,MAT702 / 45,ALGEBRA II B,JENNIFER REILLY,12,2025,F,0.97 pts,2.43,,473,,Yes
32,4/29/25,5,S2,MAT702 / 45,ALGEBRA II B,JENNIFER REILLY,12,2025,F,0.83 pts,4.71,,473,,Yes
33,5/6/25,5,S2,MAT702 / 45,ALGEBRA II B,JENNIFER REILLY,12,2025,F,0.82 pts,6.29,,473,,Yes
34,5/13/25,5,S2,MAT702 / 45,ALGEBRA II B,JENNIFER REILLY,12,2025,F,0.96 pts,6.29,,473,,Yes
31,4/22/25,6,S2,ENG502 / 26,FR ENGLISH/B,DAVID HOLLINGSWORTH,09,2028,B+,3.37 pts,1.29,,472,,Yes
32,4/29/25,6,S2,ENG502 / 26,FR ENGLISH/B,DAVID HOLLINGSWORTH,09,2028,A-,3.51 pts,1.29,,472,,Yes
33,5/6/25,6,S2,ENG502 / 26,FR ENGLISH/B,DAVID HOLLINGSWORTH,09,2028,A-,3.51 pts,1.29,,472,,Yes
34,5/13/25,6,S2,ENG502 / 26,FR ENGLISH/B,DAVID HOLLINGSWORTH,09,2028,A-,3.54 pts,1.29,,472,,Yes
31,4/22/25,2,S2,SCI610 / 22,CHEMISTRY/B,GRANT MERRILL,10,2027,W,1.51 pts,4.43,,471,,Yes
31,4/22/25,3,S2,MAT702 / 23,ALGEBRA II B,JENNIFER REILLY,10,2027,B-,2.87 pts,4.43,,471,,Yes
32,4/29/25,2,S2,SCI610 / 22,CHEMISTRY/B,GRANT MERRILL,10,2027,W,1.51 pts,4.43,,471,,Yes
32,4/29/25,3,S2,MAT702 / 23,ALGEBRA II B,JENNIFER REILLY,10,2027,B,3.03 pts,5.14,,471,,Yes
33,5/6/25,2,S2,SCI610 / 22,CHEMISTRY/B,GRANT MERRILL,10,2027,W,1.51 pts,4.43,,471,,Yes
33,5/6/25,3,S2,MAT702 / 23,ALGEBRA II B,JENNIFER REILLY,10,2027,B,3.03 pts,5.14,,471,,Yes
34,5/13/25,2,S2,SCI610 / 22,CHEMISTRY/B,GRANT MERRILL,10,2027,W,1.51 pts,4.43,,471,,Yes
34,5/13/25,3,S2,MAT702 / 23,ALGEBRA II B,JENNIFER REILLY,10,2027,C+,2.68 pts,6.14,,471,,Yes
31,4/22/25,1,S2,ENG504 / 21,PRE-AP FRESHMAN ENGLISH/B,ANGELINA MERRILL,09,2028,B-,2.86 pts,0.57,,470,,Yes
32,4/29/25,1,S2,ENG504 / 21,PRE-AP FRESHMAN ENGLISH/B,ANGELINA MERRILL,09,2028,C+,2.66 pts,0.57,,470,,Yes
33,5/6/25,1,S2,ENG504 / 21,PRE-AP FRESHMAN ENGLISH/B,ANGELINA MERRILL,09,2028,C,2.32 pts,0.86,,470,,Yes
34,5/13/25,1,S2,ENG504 / 21,PRE-AP FRESHMAN ENGLISH/B,ANGELINA MERRILL,09,2028,C,2.47 pts,0.86,,470,,Yes
31,4/22/25,1,S2,MAT523 / 21,GEOMETRY B,ROCHELLE AITON,10,2027,D+,1.95 pts,4.00,,469,,Yes
32,4/29/25,1,S2,MAT523 / 21,GEOMETRY B,ROCHELLE AITON,10,2027,D+,1.95 pts,5.00,,469,,Yes
33,5/6/25,1,S2,MAT523 / 21,GEOMETRY B,ROCHELLE AITON,10,2027,D+,1.95 pts,5.00,,469,,Yes
34,5/13/25,1,S2,MAT523 / 21,GEOMETRY B,ROCHELLE AITON,10,2027,D+,1.96 pts,5.00,,469,,Yes
31,4/22/25,1,S2,SCI504 / 21,PHYSICAL SCIENCE B,JAMES BENNETT,09,2028,F,1.11 pts,64.29,,464,,Yes
31,4/22/25,6,S2,ENG502 / 26,FR ENGLISH/B,DAVID HOLLINGSWORTH,09,2028,F,0.28 pts,64.86,,464,,Yes
31,4/22/25,6,S2,SCI602 / 46,BIOLOGY B,WILLIAM BAUR,10,2027,C-,2.19 pts,17.00,,462,,Yes
32,4/29/25,6,S2,SCI602 / 46,BIOLOGY B,WILLIAM BAUR,10,2027,C,2.21 pts,18.00,,462,,Yes
33,5/6/25,6,S2,SCI602 / 46,BIOLOGY B,WILLIAM BAUR,10,2027,C,2.28 pts,18.43,,462,,Yes
34,5/13/25,6,S2,SCI602 / 46,BIOLOGY B,WILLIAM BAUR,10,2027,C-,2.00 pts,22.14,,462,,Yes
31,4/22/25,1,S2,SCI504 / 21,PHYSICAL SCIENCE B,JAMES BENNETT,09,2028,C-,2.06 pts,5.57,,461,,Yes
31,4/22/25,6,S2,ENG502 / 26,FR ENGLISH/B,DAVID HOLLINGSWORTH,09,2028,C,2.41 pts,4.43,,461,,Yes
32,4/29/25,1,S2,SCI504 / 21,PHYSICAL SCIENCE B,JAMES BENNETT,09,2028,F,1.41 pts,6.57,,461,,Yes
32,4/29/25,6,S2,ENG502 / 26,FR ENGLISH/B,DAVID HOLLINGSWORTH,09,2028,C,2.39 pts,5.43,,461,,Yes
33,5/6/25,1,S2,SCI504 / 21,PHYSICAL SCIENCE B,JAMES BENNETT,09,2028,C,2.36 pts,6.71,,461,,Yes
33,5/6/25,6,S2,ENG502 / 26,FR ENGLISH/B,DAVID HOLLINGSWORTH,09,2028,C,2.39 pts,5.43,,461,,Yes
34,5/13/25,1,S2,SCI504 / 21,PHYSICAL SCIENCE B,JAMES BENNETT,09,2028,C,2.39 pts,7.86,,461,,Yes
34,5/13/25,6,S2,ENG502 / 26,FR ENGLISH/B,DAVID HOLLINGSWORTH,09,2028,B-,2.71 pts,6.29,,461,,Yes
31,4/22/25,4,S2,MAT523 / 24,GEOMETRY B,ROCHELLE AITON,10,2027,C,2.40 pts,0.71,,460,,Yes
32,4/29/25,4,S2,MAT523 / 24,GEOMETRY B,ROCHELLE AITON,10,2027,C+,2.56 pts,0.71,,460,,Yes
33,5/6/25,4,S2,MAT523 / 24,GEOMETRY B,ROCHELLE AITON,10,2027,C+,2.56 pts,0.71,,460,,Yes
34,5/13/25,4,S2,MAT523 / 24,GEOMETRY B,ROCHELLE AITON,10,2027,C,2.40 pts,0.71,,460,,Yes
31,4/22/25,4,S2,MAT523 / 24,GEOMETRY B,ROCHELLE AITON,10,2027,B,2.94 pts,0.43,,458,,Yes
32,4/29/25,4,S2,MAT523 / 24,GEOMETRY B,ROCHELLE AITON,10,2027,B,2.93 pts,0.43,,458,,Yes
33,5/6/25,4,S2,MAT523 / 24,GEOMETRY B,ROCHELLE AITON,10,2027,B,2.93 pts,0.71,,458,,Yes
34,5/13/25,4,S2,MAT523 / 24,GEOMETRY B,ROCHELLE AITON,10,2027,B-,2.78 pts,0.71,,458,,Yes
31,4/22/25,5,S2,ENG602 / 25,SOPH ENG/B,MARCEE SALAS,10,2027,B-,2.70 pts,9.71,,456,,Yes
32,4/29/25,5,S2,ENG602 / 25,SOPH ENG/B,MARCEE SALAS,10,2027,C+,2.69 pts,10.57,,456,,Yes
33,5/6/25,5,S2,ENG602 / 25,SOPH ENG/B,MARCEE SALAS,10,2027,C+,2.69 pts,11.86,,456,,Yes
34,5/13/25,5,S2,ENG602 / 25,SOPH ENG/B,MARCEE SALAS,10,2027,B-,2.71 pts,13.43,,456,,Yes
31,4/22/25,4,S2,MAT702 / 24,ALGEBRA II B,JENNIFER REILLY,10,2027,A-,3.59 pts,1.71,,455,,Yes
31,4/22/25,5,S2,ENG602 / 25,SOPH ENG/B,MARCEE SALAS,10,2027,B-,2.74 pts,1.57,,455,,Yes
32,4/29/25,4,S2,MAT702 / 24,ALGEBRA II B,JENNIFER REILLY,10,2027,A-,3.51 pts,1.71,,455,,Yes
32,4/29/25,5,S2,ENG602 / 25,SOPH ENG/B,MARCEE SALAS,10,2027,C+,2.66 pts,1.57,,455,,Yes
33,5/6/25,4,S2,MAT702 / 24,ALGEBRA II B,JENNIFER REILLY,10,2027,A-,3.52 pts,1.71,,455,,Yes
33,5/6/25,5,S2,ENG602 / 25,SOPH ENG/B,MARCEE SALAS,10,2027,C+,2.65 pts,1.57,,455,,Yes
34,5/13/25,4,S2,MAT702 / 24,ALGEBRA II B,JENNIFER REILLY,10,2027,A-,3.57 pts,1.71,,455,,Yes
34,5/13/25,5,S2,ENG602 / 25,SOPH ENG/B,MARCEE SALAS,10,2027,B-,2.73 pts,1.57,,455,,Yes
31,4/22/25,1,S2,MAT523 / 21,GEOMETRY B,ROCHELLE AITON,10,2027,B,3.03 pts,1.29,,454,,Yes
32,4/29/25,1,S2,MAT523 / 21,GEOMETRY B,ROCHELLE AITON,10,2027,B,2.98 pts,1.29,,454,,Yes
33,5/6/25,1,S2,MAT523 / 21,GEOMETRY B,ROCHELLE AITON,10,2027,B,2.98 pts,1.29,,454,,Yes
34,5/13/25,1,S2,MAT523 / 21,GEOMETRY B,ROCHELLE AITON,10,2027,B-,2.83 pts,1.29,,454,,Yes
31,4/22/25,6,S2,SCI602 / 26,BIOLOGY B,GRANT MERRILL,10,2027,C,2.45 pts,2.14,,453,,Yes
32,4/29/25,6,S2,SCI602 / 26,BIOLOGY B,GRANT MERRILL,10,2027,C+,2.68 pts,2.14,,453,,Yes
33,5/6/25,6,S2,SCI602 / 26,BIOLOGY B,GRANT MERRILL,10,2027,C+,2.60 pts,2.14,,453,,Yes
34,5/13/25,6,S2,SCI602 / 26,BIOLOGY B,GRANT MERRILL,10,2027,D,1.76 pts,2.29,,453,,Yes
31,4/22/25,4,S2,MAT523 / 24,GEOMETRY B,ROCHELLE AITON,10,2027,A,3.80 pts,0.43,,452,,Yes
31,4/22/25,6,S2,SCI602 / 26,BIOLOGY B,GRANT MERRILL,10,2027,A,3.88 pts,0.43,,452,,Yes
32,4/29/25,4,S2,MAT523 / 24,GEOMETRY B,ROCHELLE AITON,10,2027,A-,3.53 pts,0.43,,452,,Yes
32,4/29/25,6,S2,SCI602 / 26,BIOLOGY B,GRANT MERRILL,10,2027,A,3.92 pts,0.43,,452,,Yes
33,5/6/25,4,S2,MAT523 / 24,GEOMETRY B,ROCHELLE AITON,10,2027,A-,3.53 pts,0.43,,452,,Yes
33,5/6/25,6,S2,SCI602 / 26,BIOLOGY B,GRANT MERRILL,10,2027,A,3.93 pts,0.43,,452,,Yes
34,5/13/25,4,S2,MAT523 / 24,GEOMETRY B,ROCHELLE AITON,10,2027,A,3.85 pts,0.86,,452,,Yes
34,5/13/25,6,S2,SCI602 / 26,BIOLOGY B,GRANT MERRILL,10,2027,A,3.63 pts,0.86,,452,,Yes
31,4/22/25,2,S2,BUS302 / 22,PERSONAL FINANCE B,NICOLE SIMEK,11,2026,F,1.01 pts,20.00,,451,,Yes
32,4/29/25,2,S2,BUS302 / 22,PERSONAL FINANCE B,NICOLE SIMEK,11,2026,F,0.90 pts,20.71,,451,,Yes
33,5/6/25,2,S2,BUS302 / 22,PERSONAL FINANCE B,NICOLE SIMEK,11,2026,F,0.90 pts,23.00,,451,,Yes
34,5/13/25,2,S2,BUS302 / 22,PERSONAL FINANCE B,NICOLE SIMEK,11,2026,F,1.16 pts,24.00,,451,,Yes
31,4/22/25,1,S2,ENG504 / 21,PRE-AP FRESHMAN ENGLISH/B,ANGELINA MERRILL,09,2028,B,3.12 pts,6.57,,450,,Yes
31,4/22/25,4,S2,MAT523 / 24,GEOMETRY B,ROCHELLE AITON,09,2028,C-,2.10 pts,7.43,,450,,Yes
32,4/29/25,1,S2,ENG504 / 21,PRE-AP FRESHMAN ENGLISH/B,ANGELINA MERRILL,09,2028,B-,2.84 pts,6.57,,450,,Yes
32,4/29/25,4,S2,MAT523 / 24,GEOMETRY B,ROCHELLE AITON,09,2028,C,2.38 pts,7.43,,450,,Yes
33,5/6/25,1,S2,ENG504 / 21,PRE-AP FRESHMAN ENGLISH/B,ANGELINA MERRILL,09,2028,B-,2.82 pts,7.43,,450,,Yes
33,5/6/25,4,S2,MAT523 / 24,GEOMETRY B,ROCHELLE AITON,09,2028,C,2.38 pts,8.29,,450,,Yes
34,5/13/25,1,S2,ENG504 / 21,PRE-AP FRESHMAN ENGLISH/B,ANGELINA MERRILL,09,2028,B-,2.79 pts,7.43,,450,,Yes
34,5/13/25,4,S2,MAT523 / 24,GEOMETRY B,ROCHELLE AITON,09,2028,C,2.21 pts,8.29,,450,,Yes
31,4/22/25,4,S2,SCI602 / 24,BIOLOGY B,GRANT MERRILL,10,2027,C,2.47 pts,6.71,,448,,Yes
32,4/29/25,4,S2,SCI602 / 24,BIOLOGY B,GRANT MERRILL,10,2027,B,2.96 pts,6.71,,448,,Yes
33,5/6/25,4,S2,SCI602 / 24,BIOLOGY B,GRANT MERRILL,10,2027,B,2.95 pts,6.71,,448,,Yes
34,5/13/25,4,S2,SCI602 / 24,BIOLOGY B,GRANT MERRILL,10,2027,C+,2.65 pts,6.71,,448,,Yes
31,4/22/25,4,S2,SCI602 / 24,BIOLOGY B,GRANT MERRILL,10,2027,D+,1.99 pts,7.00,,445,,Yes
32,4/29/25,4,S2,SCI602 / 24,BIOLOGY B,GRANT MERRILL,10,2027,C,2.46 pts,7.00,,445,,Yes
33,5/6/25,4,S2,SCI602 / 24,BIOLOGY B,GRANT MERRILL,10,2027,C,2.30 pts,7.00,,445,,Yes
34,5/13/25,4,S2,SCI602 / 24,BIOLOGY B,GRANT MERRILL,10,2027,C,2.20 pts,7.00,,445,,Yes
31,4/22/25,4,S2,MAT523 / 24,GEOMETRY B,ROCHELLE AITON,10,2027,B,2.95 pts,1.00,,443,,Yes
32,4/29/25,4,S2,MAT523 / 24,GEOMETRY B,ROCHELLE AITON,10,2027,B,2.95 pts,1.00,,443,,Yes
33,5/6/25,4,S2,MAT523 / 24,GEOMETRY B,ROCHELLE AITON,10,2027,B,2.95 pts,1.00,,443,,Yes
34,5/13/25,4,S2,MAT523 / 24,GEOMETRY B,ROCHELLE AITON,10,2027,B,2.94 pts,1.00,,443,,Yes
31,4/22/25,4,S2,MAT523 / 24,GEOMETRY B,ROCHELLE AITON,10,2027,A,3.93 pts,0.29,,440,,Yes
32,4/29/25,4,S2,MAT523 / 24,GEOMETRY B,ROCHELLE AITON,10,2027,C+,2.62 pts,0.29,,440,,Yes
33,5/6/25,4,S2,MAT523 / 24,GEOMETRY B,ROCHELLE AITON,10,2027,C+,2.62 pts,0.29,,440,,Yes
34,5/13/25,4,S2,MAT523 / 24,GEOMETRY B,ROCHELLE AITON,10,2027,A,3.76 pts,0.29,,440,,Yes
31,4/22/25,3,S2,MAT702 / 23,ALGEBRA II B,JENNIFER REILLY,11,2026,A-,3.56 pts,4.71,,439,,Yes
32,4/29/25,3,S2,MAT702 / 23,ALGEBRA II B,JENNIFER REILLY,11,2026,A,3.62 pts,4.71,,439,,Yes
33,5/6/25,3,S2,MAT702 / 23,ALGEBRA II B,JENNIFER REILLY,11,2026,A,3.60 pts,4.71,,439,,Yes
34,5/13/25,3,S2,MAT702 / 23,ALGEBRA II B,JENNIFER REILLY,11,2026,B,3.18 pts,5.43,,439,,Yes
31,4/22/25,1,S2,SCI504 / 21,PHYSICAL SCIENCE B,JAMES BENNETT,11,2026,F,0.07 pts,22.29,,438,,Yes
31,4/22/25,3,S2,MAT702 / 23,ALGEBRA II B,JENNIFER REILLY,11,2026,D,1.76 pts,15.86,,438,,Yes
32,4/29/25,1,S2,SCI504 / 21,PHYSICAL SCIENCE B,JAMES BENNETT,11,2026,F,0.03 pts,24.29,,438,,Yes
32,4/29/25,3,S2,MAT702 / 23,ALGEBRA II B,JENNIFER REILLY,11,2026,C,2.32 pts,17.14,,438,,Yes
33,5/6/25,1,S2,SCI504 / 21,PHYSICAL SCIENCE B,JAMES BENNETT,11,2026,F,0.03 pts,26.71,,438,,Yes
33,5/6/25,3,S2,MAT702 / 23,ALGEBRA II B,JENNIFER REILLY,11,2026,C,2.30 pts,19.00,,438,,Yes
34,5/13/25,1,S2,SCI504 / 21,PHYSICAL SCIENCE B,JAMES BENNETT,11,2026,F,0.03 pts,30.86,,438,,Yes
34,5/13/25,3,S2,MAT702 / 23,ALGEBRA II B,JENNIFER REILLY,11,2026,C-,2.03 pts,22.57,,438,,Yes
31,4/22/25,2,S2,MAT523 / 22,GEOMETRY B,ROCHELLE AITON,10,2027,C-,2.10 pts,5.00,,437,,Yes
31,4/22/25,4,S2,SCI602 / 24,BIOLOGY B,GRANT MERRILL,10,2027,C-,2.01 pts,5.71,,437,,Yes
32,4/29/25,2,S2,MAT523 / 22,GEOMETRY B,ROCHELLE AITON,10,2027,C-,2.06 pts,5.71,,437,,Yes
32,4/29/25,4,S2,SCI602 / 24,BIOLOGY B,GRANT MERRILL,10,2027,B-,2.73 pts,6.43,,437,,Yes
33,5/6/25,2,S2,MAT523 / 22,GEOMETRY B,ROCHELLE AITON,10,2027,C-,2.06 pts,6.29,,437,,Yes
33,5/6/25,4,S2,SCI602 / 24,BIOLOGY B,GRANT MERRILL,10,2027,B-,2.80 pts,7.00,,437,,Yes
34,5/13/25,2,S2,MAT523 / 22,GEOMETRY B,ROCHELLE AITON,10,2027,C-,2.06 pts,6.29,,437,,Yes
34,5/13/25,4,S2,SCI602 / 24,BIOLOGY B,GRANT MERRILL,10,2027,C+,2.54 pts,7.29,,437,,Yes
31,4/22/25,3,S2,BUS302 / 23,PERSONAL FINANCE B,NICOLE SIMEK,11,2026,F,0.38 pts,1.86,,435,,Yes
32,4/29/25,3,S2,BUS302 / 23,PERSONAL FINANCE B,NICOLE SIMEK,11,2026,F,0.34 pts,2.00,,435,,Yes
33,5/6/25,3,S2,BUS302 / 23,PERSONAL FINANCE B,NICOLE SIMEK,11,2026,F,0.34 pts,2.00,,435,,Yes
34,5/13/25,3,S2,BUS302 / 23,PERSONAL FINANCE B,NICOLE SIMEK,11,2026,F,0.26 pts,2.00,,435,,Yes
31,4/22/25,1,S2,ENG504 / 21,PRE-AP FRESHMAN ENGLISH/B,ANGELINA MERRILL,09,2028,B-,2.80 pts,8.29,,434,,Yes
31,4/22/25,2,S2,MAT523 / 22,GEOMETRY B,ROCHELLE AITON,09,2028,C+,2.68 pts,8.29,,434,,Yes
32,4/29/25,1,S2,ENG504 / 21,PRE-AP FRESHMAN ENGLISH/B,ANGELINA MERRILL,09,2028,B-,2.80 pts,8.29,,434,,Yes
32,4/29/25,2,S2,MAT523 / 22,GEOMETRY B,ROCHELLE AITON,09,2028,B-,2.81 pts,8.29,,434,,Yes
33,5/6/25,1,S2,ENG504 / 21,PRE-AP FRESHMAN ENGLISH/B,ANGELINA MERRILL,09,2028,C,2.47 pts,8.86,,434,,Yes
33,5/6/25,2,S2,MAT523 / 22,GEOMETRY B,ROCHELLE AITON,09,2028,B-,2.81 pts,8.86,,434,,Yes
34,5/13/25,1,S2,ENG504 / 21,PRE-AP FRESHMAN ENGLISH/B,ANGELINA MERRILL,09,2028,C+,2.61 pts,8.86,,434,,Yes
34,5/13/25,2,S2,MAT523 / 22,GEOMETRY B,ROCHELLE AITON,09,2028,B-,2.80 pts,8.86,,434,,Yes
31,4/22/25,2,S2,ENG602 / 22,SOPH ENG/B,KELLY GREGERSEN,10,2027,B,3.03 pts,9.43,,433,,Yes
31,4/22/25,3,S2,SCI602 / 23,BIOLOGY B,GRANT MERRILL,10,2027,C,2.38 pts,10.29,,433,,Yes
31,4/22/25,5,S2,MAT523 / 25,GEOMETRY B,BRIAN ANDERSON,10,2027,D+,1.95 pts,8.43,,433,,Yes
32,4/29/25,2,S2,ENG602 / 22,SOPH ENG/B,KELLY GREGERSEN,10,2027,B,3.00 pts,9.57,,433,,Yes
32,4/29/25,3,S2,SCI602 / 23,BIOLOGY B,GRANT MERRILL,10,2027,B-,2.86 pts,10.71,,433,,Yes
32,4/29/25,5,S2,MAT523 / 25,GEOMETRY B,BRIAN ANDERSON,10,2027,F,1.31 pts,8.57,,433,,Yes
33,5/6/25,2,S2,ENG602 / 22,SOPH ENG/B,KELLY GREGERSEN,10,2027,B,3.00 pts,11.29,,433,,Yes
33,5/6/25,3,S2,SCI602 / 23,BIOLOGY B,GRANT MERRILL,10,2027,C,2.38 pts,12.71,,433,,Yes
33,5/6/25,5,S2,MAT523 / 25,GEOMETRY B,BRIAN ANDERSON,10,2027,F,1.00 pts,10.29,,433,,Yes
34,5/13/25,2,S2,ENG602 / 22,SOPH ENG/B,KELLY GREGERSEN,10,2027,C+,2.68 pts,11.29,,433,,Yes
34,5/13/25,3,S2,SCI602 / 23,BIOLOGY B,GRANT MERRILL,10,2027,C,2.26 pts,12.71,,433,,Yes
34,5/13/25,5,S2,MAT523 / 25,GEOMETRY B,BRIAN ANDERSON,10,2027,F,1.46 pts,10.29,,433,,Yes
31,4/22/25,3,S2,MAT702 / 23,ALGEBRA II B,JENNIFER REILLY,10,2027,A-,3.44 pts,5.43,,432,,Yes
31,4/22/25,4,S2,SCI602 / 24,BIOLOGY B,GRANT MERRILL,10,2027,A,3.90 pts,6.43,,432,,Yes
32,4/29/25,3,S2,MAT702 / 23,ALGEBRA II B,JENNIFER REILLY,10,2027,A,3.80 pts,5.43,,432,,Yes
32,4/29/25,4,S2,SCI602 / 24,BIOLOGY B,GRANT MERRILL,10,2027,A,3.65 pts,6.57,,432,,Yes
33,5/6/25,3,S2,MAT702 / 23,ALGEBRA II B,JENNIFER REILLY,10,2027,A,3.77 pts,6.14,,432,,Yes
33,5/6/25,4,S2,SCI602 / 24,BIOLOGY B,GRANT MERRILL,10,2027,A,3.72 pts,7.29,,432,,Yes
34,5/13/25,3,S2,MAT702 / 23,ALGEBRA II B,JENNIFER REILLY,10,2027,A,3.70 pts,6.14,,432,,Yes
34,5/13/25,4,S2,SCI602 / 24,BIOLOGY B,GRANT MERRILL,10,2027,A,3.81 pts,7.29,,432,,Yes
31,4/22/25,4,S2,SCI602 / 24,BIOLOGY B,GRANT MERRILL,10,2027,B,3.19 pts,14.43,,431,,Yes
32,4/29/25,4,S2,SCI602 / 24,BIOLOGY B,GRANT MERRILL,10,2027,C,2.47 pts,14.43,,431,,Yes
33,5/6/25,4,S2,SCI602 / 24,BIOLOGY B,GRANT MERRILL,10,2027,C,2.23 pts,14.43,,431,,Yes
34,5/13/25,4,S2,SCI602 / 24,BIOLOGY B,GRANT MERRILL,10,2027,B,3.12 pts,14.43,,431,,Yes
31,4/22/25,3,S2,SCI602 / 23,BIOLOGY B,GRANT MERRILL,10,2027,A-,3.41 pts,11.14,,429,,Yes
32,4/29/25,3,S2,SCI602 / 23,BIOLOGY B,GRANT MERRILL,10,2027,A,3.66 pts,11.14,,429,,Yes
33,5/6/25,3,S2,SCI602 / 23,BIOLOGY B,GRANT MERRILL,10,2027,A,3.72 pts,11.43,,429,,Yes
34,5/13/25,3,S2,SCI602 / 23,BIOLOGY B,GRANT MERRILL,10,2027,A,3.81 pts,11.43,,429,,Yes
31,4/22/25,4,S2,SCI602 / 24,BIOLOGY B,GRANT MERRILL,10,2027,A-,3.49 pts,0.00,,428,,Yes
32,4/29/25,4,S2,SCI602 / 24,BIOLOGY B,GRANT MERRILL,10,2027,A-,3.49 pts,0.00,,428,,Yes
33,5/6/25,4,S2,SCI602 / 24,BIOLOGY B,GRANT MERRILL,10,2027,A-,3.49 pts,0.00,,428,,Yes
34,5/13/25,4,S2,SCI602 / 24,BIOLOGY B,GRANT MERRILL,10,2027,B,3.01 pts,0.00,,428,,Yes
31,4/22/25,2,S2,BUS302 / 22,PERSONAL FINANCE B,NICOLE SIMEK,12,2025,W,0.21 pts,6.43,,426,,Yes
32,4/29/25,2,S2,BUS302 / 22,PERSONAL FINANCE B,NICOLE SIMEK,12,2025,W,0.21 pts,6.43,,426,,Yes
33,5/6/25,2,S2,BUS302 / 22,PERSONAL FINANCE B,NICOLE SIMEK,12,2025,W,0.21 pts,6.43,,426,,Yes
34,5/13/25,2,S2,BUS302 / 22,PERSONAL FINANCE B,NICOLE SIMEK,12,2025,W,0.21 pts,6.43,,426,,Yes
31,4/22/25,4,S2,MAT523 / 24,GEOMETRY B,ROCHELLE AITON,10,2027,C,2.27 pts,1.29,,425,,Yes
32,4/29/25,4,S2,MAT523 / 24,GEOMETRY B,ROCHELLE AITON,10,2027,C-,2.15 pts,1.29,,425,,Yes
33,5/6/25,4,S2,MAT523 / 24,GEOMETRY B,ROCHELLE AITON,10,2027,C-,2.15 pts,1.71,,425,,Yes
34,5/13/25,4,S2,MAT523 / 24,GEOMETRY B,ROCHELLE AITON,10,2027,D+,1.99 pts,1.71,,425,,Yes
31,4/22/25,3,S2,MAT523 / 23,GEOMETRY B,ROCHELLE AITON,10,2027,D,1.76 pts,1.86,,424,,Yes
32,4/29/25,3,S2,MAT523 / 23,GEOMETRY B,ROCHELLE AITON,10,2027,D+,1.83 pts,1.86,,424,,Yes
33,5/6/25,3,S2,MAT523 / 23,GEOMETRY B,ROCHELLE AITON,10,2027,D+,1.83 pts,2.57,,424,,Yes
34,5/13/25,3,S2,MAT523 / 23,GEOMETRY B,ROCHELLE AITON,10,2027,D+,1.82 pts,2.57,,424,,Yes
31,4/22/25,2,S2,SCI610 / 22,CHEMISTRY/B,GRANT MERRILL,12,2025,C,2.28 pts,5.67,,423,,Yes
32,4/29/25,2,S2,SCI610 / 22,CHEMISTRY/B,GRANT MERRILL,12,2025,F,1.19 pts,6.50,,423,,Yes
33,5/6/25,2,S2,SCI610 / 22,CHEMISTRY/B,GRANT MERRILL,12,2025,D,1.76 pts,7.50,,423,,Yes
34,5/13/25,2,S2,SCI610 / 22,CHEMISTRY/B,GRANT MERRILL,12,2025,D,1.76 pts,9.17,,423,,Yes
31,4/22/25,2,S2,BUS302 / 22,PERSONAL FINANCE B,NICOLE SIMEK,12,2025,F,0.87 pts,18.24,,422,,Yes
32,4/29/25,2,S2,BUS302 / 22,PERSONAL FINANCE B,NICOLE SIMEK,12,2025,F,0.87 pts,21.07,,422,,Yes
33,5/6/25,2,S2,BUS302 / 22,PERSONAL FINANCE B,NICOLE SIMEK,12,2025,F,0.71 pts,24.40,,422,,Yes
34,5/13/25,2,S2,BUS302 / 22,PERSONAL FINANCE B,NICOLE SIMEK,12,2025,F,0.53 pts,28.57,,422,,Yes
31,4/22/25,4,S2,SCI602 / 24,BIOLOGY B,GRANT MERRILL,10,2027,B+,3.22 pts,3.00,,421,,Yes
32,4/29/25,4,S2,SCI602 / 24,BIOLOGY B,GRANT MERRILL,10,2027,A-,3.45 pts,4.00,,421,,Yes
33,5/6/25,4,S2,SCI602 / 24,BIOLOGY B,GRANT MERRILL,10,2027,B+,3.36 pts,4.00,,421,,Yes
34,5/13/25,4,S2,SCI602 / 24,BIOLOGY B,GRANT MERRILL,10,2027,C,2.28 pts,5.71,,421,,Yes
31,4/22/25,5,S2,MAT523 / 25,GEOMETRY B,BRIAN ANDERSON,09,2028,B,2.93 pts,0.00,,420,,Yes
32,4/29/25,5,S2,MAT523 / 25,GEOMETRY B,BRIAN ANDERSON,09,2028,C+,2.64 pts,0.00,,420,,Yes
33,5/6/25,5,S2,MAT523 / 25,GEOMETRY B,BRIAN ANDERSON,09,2028,B,2.96 pts,0.00,,420,,Yes
34,5/13/25,5,S2,MAT523 / 25,GEOMETRY B,BRIAN ANDERSON,09,2028,B,2.97 pts,0.00,,420,,Yes
31,4/22/25,3,S2,MAT523 / 23,GEOMETRY B,ROCHELLE AITON,09,2028,F,0.00 pts,36.57,,419,,Yes
32,4/29/25,3,S2,MAT523 / 23,GEOMETRY B,ROCHELLE AITON,09,2028,F,0.00 pts,40.71,,419,,Yes
33,5/6/25,3,S2,MAT523 / 23,GEOMETRY B,ROCHELLE AITON,09,2028,F,0.00 pts,44.86,,419,,Yes
34,5/13/25,3,S2,MAT523 / 23,GEOMETRY B,ROCHELLE AITON,09,2028,F,0.00 pts,48.86,,419,,Yes
31,4/22/25,2,S2,ENG602 / 22,SOPH ENG/B,KELLY GREGERSEN,10,2027,C-,2.19 pts,7.71,,418,,Yes
31,4/22/25,4,S2,MAT702 / 24,ALGEBRA II B,JENNIFER REILLY,10,2027,B+,3.31 pts,7.86,,418,,Yes
31,4/22/25,6,S2,SCI602 / 26,BIOLOGY B,GRANT MERRILL,10,2027,B-,2.88 pts,7.14,,418,,Yes
32,4/29/25,2,S2,ENG602 / 22,SOPH ENG/B,KELLY GREGERSEN,10,2027,C-,2.19 pts,7.71,,418,,Yes
32,4/29/25,4,S2,MAT702 / 24,ALGEBRA II B,JENNIFER REILLY,10,2027,B+,3.27 pts,7.86,,418,,Yes
32,4/29/25,6,S2,SCI602 / 26,BIOLOGY B,GRANT MERRILL,10,2027,B-,2.87 pts,7.14,,418,,Yes
33,5/6/25,2,S2,ENG602 / 22,SOPH ENG/B,KELLY GREGERSEN,10,2027,C-,2.19 pts,7.86,,418,,Yes
33,5/6/25,4,S2,MAT702 / 24,ALGEBRA II B,JENNIFER REILLY,10,2027,A-,3.40 pts,7.86,,418,,Yes
33,5/6/25,6,S2,SCI602 / 26,BIOLOGY B,GRANT MERRILL,10,2027,B-,2.87 pts,7.29,,418,,Yes
34,5/13/25,2,S2,ENG602 / 22,SOPH ENG/B,KELLY GREGERSEN,10,2027,C-,2.16 pts,7.86,,418,,Yes
34,5/13/25,4,S2,MAT702 / 24,ALGEBRA II B,JENNIFER REILLY,10,2027,A-,3.48 pts,7.86,,418,,Yes
34,5/13/25,6,S2,SCI602 / 26,BIOLOGY B,GRANT MERRILL,10,2027,B+,3.23 pts,7.29,,418,,Yes
31,4/22/25,6,S2,SCI602 / 46,BIOLOGY B,WILLIAM BAUR,10,2027,A-,3.40 pts,1.00,,417,,Yes
32,4/29/25,6,S2,SCI602 / 46,BIOLOGY B,WILLIAM BAUR,10,2027,B+,3.29 pts,1.00,,417,,Yes
33,5/6/25,6,S2,SCI602 / 46,BIOLOGY B,WILLIAM BAUR,10,2027,A-,3.57 pts,1.00,,417,,Yes
34,5/13/25,6,S2,SCI602 / 46,BIOLOGY B,WILLIAM BAUR,10,2027,A,3.62 pts,2.00,,417,,Yes
31,4/22/25,2,S2,ENG602 / 22,SOPH ENG/B,KELLY GREGERSEN,10,2027,C-,2.08 pts,12.14,,416,,Yes
31,4/22/25,3,S2,SCI602 / 23,BIOLOGY B,GRANT MERRILL,10,2027,C+,2.64 pts,11.71,,416,,Yes
31,4/22/25,4,S2,MAT523 / 24,GEOMETRY B,ROCHELLE AITON,10,2027,C,2.22 pts,13.29,,416,,Yes
32,4/29/25,2,S2,ENG602 / 22,SOPH ENG/B,KELLY GREGERSEN,10,2027,C-,2.06 pts,12.57,,416,,Yes
32,4/29/25,3,S2,SCI602 / 23,BIOLOGY B,GRANT MERRILL,10,2027,D+,1.92 pts,12.29,,416,,Yes
32,4/29/25,4,S2,MAT523 / 24,GEOMETRY B,ROCHELLE AITON,10,2027,C,2.43 pts,14.00,,416,,Yes
33,5/6/25,2,S2,ENG602 / 22,SOPH ENG/B,KELLY GREGERSEN,10,2027,C-,2.06 pts,13.57,,416,,Yes
33,5/6/25,3,S2,SCI602 / 23,BIOLOGY B,GRANT MERRILL,10,2027,C-,2.16 pts,13.00,,416,,Yes
33,5/6/25,4,S2,MAT523 / 24,GEOMETRY B,ROCHELLE AITON,10,2027,C,2.43 pts,15.71,,416,,Yes
34,5/13/25,2,S2,ENG602 / 22,SOPH ENG/B,KELLY GREGERSEN,10,2027,D+,1.85 pts,14.00,,416,,Yes
34,5/13/25,3,S2,SCI602 / 23,BIOLOGY B,GRANT MERRILL,10,2027,D,1.78 pts,13.29,,416,,Yes
34,5/13/25,4,S2,MAT523 / 24,GEOMETRY B,ROCHELLE AITON,10,2027,C,2.43 pts,16.86,,416,,Yes
31,4/22/25,1,S2,SCI504 / 21,PHYSICAL SCIENCE B,JAMES BENNETT,12,2025,C,2.34 pts,7.29,,415,,Yes
31,4/22/25,2,S2,BUS302 / 22,PERSONAL FINANCE B,NICOLE SIMEK,12,2025,C+,2.64 pts,6.00,,415,,Yes
32,4/29/25,1,S2,SCI504 / 21,PHYSICAL SCIENCE B,JAMES BENNETT,12,2025,D+,1.89 pts,8.14,,415,,Yes
32,4/29/25,2,S2,BUS302 / 22,PERSONAL FINANCE B,NICOLE SIMEK,12,2025,C,2.46 pts,6.43,,415,,Yes
33,5/6/25,1,S2,SCI504 / 21,PHYSICAL SCIENCE B,JAMES BENNETT,12,2025,C,2.21 pts,8.29,,415,,Yes
33,5/6/25,2,S2,BUS302 / 22,PERSONAL FINANCE B,NICOLE SIMEK,12,2025,C,2.30 pts,6.43,,415,,Yes
34,5/13/25,1,S2,SCI504 / 21,PHYSICAL SCIENCE B,JAMES BENNETT,12,2025,C,2.24 pts,9.71,,415,,Yes
34,5/13/25,2,S2,BUS302 / 22,PERSONAL FINANCE B,NICOLE SIMEK,12,2025,D,1.73 pts,7.43,,415,,Yes
31,4/22/25,1,S2,MAT523 / 21,GEOMETRY B,ROCHELLE AITON,10,2027,C-,2.13 pts,1.00,,414,,Yes
31,4/22/25,5,S2,ENG602 / 25,SOPH ENG/B,MARCEE SALAS,10,2027,C,2.22 pts,0.00,,414,,Yes
31,4/22/25,6,S2,SCI602 / 46,BIOLOGY B,WILLIAM BAUR,10,2027,C,2.42 pts,0.00,,414,,Yes
32,4/29/25,1,S2,MAT523 / 21,GEOMETRY B,ROCHELLE AITON,10,2027,C-,2.07 pts,1.00,,414,,Yes
32,4/29/25,5,S2,ENG602 / 25,SOPH ENG/B,MARCEE SALAS,10,2027,C-,2.16 pts,0.00,,414,,Yes
32,4/29/25,6,S2,SCI602 / 46,BIOLOGY B,WILLIAM BAUR,10,2027,C,2.42 pts,0.00,,414,,Yes
33,5/6/25,1,S2,MAT523 / 21,GEOMETRY B,ROCHELLE AITON,10,2027,C-,2.07 pts,1.00,,414,,Yes
33,5/6/25,5,S2,ENG602 / 25,SOPH ENG/B,MARCEE SALAS,10,2027,C-,2.16 pts,0.00,,414,,Yes
33,5/6/25,6,S2,SCI602 / 46,BIOLOGY B,WILLIAM BAUR,10,2027,D,1.74 pts,0.00,,414,,Yes
34,5/13/25,1,S2,MAT523 / 21,GEOMETRY B,ROCHELLE AITON,10,2027,D,1.76 pts,1.14,,414,,Yes
34,5/13/25,5,S2,ENG602 / 25,SOPH ENG/B,MARCEE SALAS,10,2027,C-,2.15 pts,0.00,,414,,Yes
34,5/13/25,6,S2,SCI602 / 46,BIOLOGY B,WILLIAM BAUR,10,2027,D+,1.90 pts,0.14,,414,,Yes
31,4/22/25,3,S2,BUS302 / 23,PERSONAL FINANCE B,NICOLE SIMEK,12,2025,A,4.00 pts,38.57,,413,,Yes
32,4/29/25,3,S2,BUS302 / 23,PERSONAL FINANCE B,NICOLE SIMEK,12,2025,A,4.00 pts,43.29,,413,,Yes
33,5/6/25,3,S2,BUS302 / 23,PERSONAL FINANCE B,NICOLE SIMEK,12,2025,A,4.00 pts,47.86,,413,,Yes
34,5/13/25,3,S2,BUS302 / 23,PERSONAL FINANCE B,NICOLE SIMEK,12,2025,A,4.00 pts,52.00,,413,,Yes
31,4/22/25,1,S2,SCI504 / 21,PHYSICAL SCIENCE B,JAMES BENNETT,11,2026,D+,1.88 pts,0.00,,412,,Yes
31,4/22/25,2,S2,MAT702 / 22,ALGEBRA II B,JASON BLAESING,11,2026,,0.00 pts,0.00,,412,,Yes
31,4/22/25,5,S2,MAT702 / 45,ALGEBRA II B,JENNIFER REILLY,11,2026,B-,2.82 pts,0.00,,412,,Yes
32,4/29/25,1,S2,SCI504 / 21,PHYSICAL SCIENCE B,JAMES BENNETT,11,2026,F,1.58 pts,0.00,,412,,Yes
32,4/29/25,2,S2,MAT702 / 22,ALGEBRA II B,JASON BLAESING,11,2026,,0.00 pts,0.00,,412,,Yes
32,4/29/25,5,S2,MAT702 / 45,ALGEBRA II B,JENNIFER REILLY,11,2026,B-,2.84 pts,0.00,,412,,Yes
33,5/6/25,1,S2,SCI504 / 21,PHYSICAL SCIENCE B,JAMES BENNETT,11,2026,D+,1.90 pts,0.29,,412,,Yes
33,5/6/25,2,S2,MAT702 / 22,ALGEBRA II B,JASON BLAESING,11,2026,,0.00 pts,0.00,,412,,Yes
33,5/6/25,5,S2,MAT702 / 45,ALGEBRA II B,JENNIFER REILLY,11,2026,B-,2.83 pts,0.00,,412,,Yes
34,5/13/25,1,S2,SCI504 / 21,PHYSICAL SCIENCE B,JAMES BENNETT,11,2026,D+,1.93 pts,0.29,,412,,Yes
34,5/13/25,2,S2,MAT702 / 22,ALGEBRA II B,JASON BLAESING,11,2026,,0.00 pts,0.00,,412,,Yes
34,5/13/25,5,S2,MAT702 / 45,ALGEBRA II B,JENNIFER REILLY,11,2026,B-,2.74 pts,0.00,,412,,Yes
31,4/22/25,2,S2,MAT523 / 22,GEOMETRY B,ROCHELLE AITON,10,2027,D+,1.97 pts,1.29,,411,,Yes
31,4/22/25,3,S2,SCI602 / 23,BIOLOGY B,GRANT MERRILL,10,2027,C,2.46 pts,1.00,,411,,Yes
32,4/29/25,2,S2,MAT523 / 22,GEOMETRY B,ROCHELLE AITON,10,2027,C,2.28 pts,1.29,,411,,Yes
32,4/29/25,3,S2,SCI602 / 23,BIOLOGY B,GRANT MERRILL,10,2027,D+,1.98 pts,1.00,,411,,Yes
33,5/6/25,2,S2,MAT523 / 22,GEOMETRY B,ROCHELLE AITON,10,2027,C,2.28 pts,1.29,,411,,Yes
33,5/6/25,3,S2,SCI602 / 23,BIOLOGY B,GRANT MERRILL,10,2027,C-,2.15 pts,1.00,,411,,Yes
34,5/13/25,2,S2,MAT523 / 22,GEOMETRY B,ROCHELLE AITON,10,2027,C,2.28 pts,1.29,,411,,Yes
34,5/13/25,3,S2,SCI602 / 23,BIOLOGY B,GRANT MERRILL,10,2027,B-,2.74 pts,1.00,,411,,Yes
31,4/22/25,6,S2,ENG502 / 26,FR ENGLISH/B,DAVID HOLLINGSWORTH,09,2028,F,0.61 pts,28.29,,410,,Yes
32,4/29/25,6,S2,ENG502 / 26,FR ENGLISH/B,DAVID HOLLINGSWORTH,09,2028,F,1.04 pts,31.29,,410,,Yes
33,5/6/25,6,S2,ENG502 / 26,FR ENGLISH/B,DAVID HOLLINGSWORTH,09,2028,F,1.04 pts,36.00,,410,,Yes
34,5/13/25,6,S2,ENG502 / 26,FR ENGLISH/B,DAVID HOLLINGSWORTH,09,2028,F,0.92 pts,38.86,,410,,Yes
31,4/22/25,5,S2,BUS302 / 25,PERSONAL FINANCE B,NICOLE SIMEK,12,2025,B-,2.70 pts,2.71,,408,,Yes
32,4/29/25,5,S2,BUS302 / 25,PERSONAL FINANCE B,NICOLE SIMEK,12,2025,B-,2.70 pts,3.29,,408,,Yes
33,5/6/25,5,S2,BUS302 / 25,PERSONAL FINANCE B,NICOLE SIMEK,12,2025,C,2.28 pts,3.71,,408,,Yes
34,5/13/25,5,S2,BUS302 / 25,PERSONAL FINANCE B,NICOLE SIMEK,12,2025,C,2.24 pts,5.29,,408,,Yes
31,4/22/25,1,S2,MAT523 / 21,GEOMETRY B,ROCHELLE AITON,10,2027,F,0.32 pts,18.29,,407,,Yes
31,4/22/25,2,S2,ENG602 / 22,SOPH ENG/B,KELLY GREGERSEN,10,2027,C,2.32 pts,18.29,,407,,Yes
31,4/22/25,6,S2,SCI602 / 46,BIOLOGY B,WILLIAM BAUR,10,2027,D,1.71 pts,19.43,,407,,Yes
32,4/29/25,1,S2,MAT523 / 21,GEOMETRY B,ROCHELLE AITON,10,2027,F,0.21 pts,19.43,,407,,Yes
32,4/29/25,2,S2,ENG602 / 22,SOPH ENG/B,KELLY GREGERSEN,10,2027,C,2.32 pts,19.71,,407,,Yes
32,4/29/25,6,S2,SCI602 / 46,BIOLOGY B,WILLIAM BAUR,10,2027,D,1.71 pts,20.86,,407,,Yes
33,5/6/25,1,S2,MAT523 / 21,GEOMETRY B,ROCHELLE AITON,10,2027,F,0.21 pts,21.00,,407,,Yes
33,5/6/25,2,S2,ENG602 / 22,SOPH ENG/B,KELLY GREGERSEN,10,2027,C,2.32 pts,21.14,,407,,Yes
33,5/6/25,6,S2,SCI602 / 46,BIOLOGY B,WILLIAM BAUR,10,2027,F,1.15 pts,21.86,,407,,Yes
34,5/13/25,1,S2,MAT523 / 21,GEOMETRY B,ROCHELLE AITON,10,2027,F,0.21 pts,27.43,,407,,Yes
34,5/13/25,2,S2,ENG602 / 22,SOPH ENG/B,KELLY GREGERSEN,10,2027,C,2.32 pts,27.57,,407,,Yes
34,5/13/25,6,S2,SCI602 / 46,BIOLOGY B,WILLIAM BAUR,10,2027,F,1.27 pts,28.14,,407,,Yes
31,4/22/25,3,S2,MAT702 / 23,ALGEBRA II B,JENNIFER REILLY,11,2026,C+,2.67 pts,1.86,,406,,Yes
32,4/29/25,3,S2,MAT702 / 23,ALGEBRA II B,JENNIFER REILLY,11,2026,C+,2.57 pts,2.86,,406,,Yes
33,5/6/25,3,S2,MAT702 / 23,ALGEBRA II B,JENNIFER REILLY,11,2026,C+,2.68 pts,2.86,,406,,Yes
34,5/13/25,3,S2,MAT702 / 23,ALGEBRA II B,JENNIFER REILLY,11,2026,C,2.38 pts,3.57,,406,,Yes
31,4/22/25,3,S2,MAT702 / 23,ALGEBRA II B,JENNIFER REILLY,10,2027,B-,2.74 pts,0.00,,405,,Yes
31,4/22/25,4,S2,SCI602 / 24,BIOLOGY B,GRANT MERRILL,10,2027,B,2.92 pts,0.00,,405,,Yes
31,4/22/25,5,S2,ENG602 / 25,SOPH ENG/B,MARCEE SALAS,10,2027,A-,3.47 pts,0.00,,405,,Yes
32,4/29/25,3,S2,MAT702 / 23,ALGEBRA II B,JENNIFER REILLY,10,2027,B,3.17 pts,0.00,,405,,Yes
32,4/29/25,4,S2,SCI602 / 24,BIOLOGY B,GRANT MERRILL,10,2027,C,2.20 pts,0.00,,405,,Yes
32,4/29/25,5,S2,ENG602 / 25,SOPH ENG/B,MARCEE SALAS,10,2027,B+,3.38 pts,0.00,,405,,Yes
33,5/6/25,3,S2,MAT702 / 23,ALGEBRA II B,JENNIFER REILLY,10,2027,B,3.14 pts,0.00,,405,,Yes
33,5/6/25,4,S2,SCI602 / 24,BIOLOGY B,GRANT MERRILL,10,2027,B,3.07 pts,0.00,,405,,Yes
33,5/6/25,5,S2,ENG602 / 25,SOPH ENG/B,MARCEE SALAS,10,2027,B+,3.37 pts,0.00,,405,,Yes
34,5/13/25,3,S2,MAT702 / 23,ALGEBRA II B,JENNIFER REILLY,10,2027,B,3.13 pts,0.00,,405,,Yes
34,5/13/25,4,S2,SCI602 / 24,BIOLOGY B,GRANT MERRILL,10,2027,B-,2.72 pts,0.00,,405,,Yes
34,5/13/25,5,S2,ENG602 / 25,SOPH ENG/B,MARCEE SALAS,10,2027,B+,3.22 pts,0.00,,405,,Yes
31,4/22/25,2,S2,ENG602 / 22,SOPH ENG/B,KELLY GREGERSEN,10,2027,C+,2.63 pts,0.00,,404,,Yes
31,4/22/25,3,S2,MAT523 / 23,GEOMETRY B,ROCHELLE AITON,10,2027,B+,3.27 pts,0.00,,404,,Yes
31,4/22/25,4,S2,SCI602 / 24,BIOLOGY B,GRANT MERRILL,10,2027,B,2.93 pts,0.00,,404,,Yes
32,4/29/25,2,S2,ENG602 / 22,SOPH ENG/B,KELLY GREGERSEN,10,2027,C+,2.60 pts,0.00,,404,,Yes
32,4/29/25,3,S2,MAT523 / 23,GEOMETRY B,ROCHELLE AITON,10,2027,A-,3.48 pts,0.00,,404,,Yes
32,4/29/25,4,S2,SCI602 / 24,BIOLOGY B,GRANT MERRILL,10,2027,B-,2.70 pts,0.00,,404,,Yes
33,5/6/25,2,S2,ENG602 / 22,SOPH ENG/B,KELLY GREGERSEN,10,2027,C+,2.60 pts,0.00,,404,,Yes
33,5/6/25,3,S2,MAT523 / 23,GEOMETRY B,ROCHELLE AITON,10,2027,A-,3.48 pts,0.00,,404,,Yes
33,5/6/25,4,S2,SCI602 / 24,BIOLOGY B,GRANT MERRILL,10,2027,B,2.94 pts,0.00,,404,,Yes
34,5/13/25,2,S2,ENG602 / 22,SOPH ENG/B,KELLY GREGERSEN,10,2027,A-,3.51 pts,0.00,,404,,Yes
34,5/13/25,3,S2,MAT523 / 23,GEOMETRY B,ROCHELLE AITON,10,2027,B,3.17 pts,0.00,,404,,Yes
34,5/13/25,4,S2,SCI602 / 24,BIOLOGY B,GRANT MERRILL,10,2027,C,2.32 pts,0.00,,404,,Yes
31,4/22/25,3,S2,MAT523 / 23,GEOMETRY B,ROCHELLE AITON,10,2027,C-,2.16 pts,6.14,,403,,Yes
31,4/22/25,5,S2,ENG602 / 25,SOPH ENG/B,MARCEE SALAS,10,2027,B,3.09 pts,6.00,,403,,Yes
32,4/29/25,3,S2,MAT523 / 23,GEOMETRY B,ROCHELLE AITON,10,2027,C,2.44 pts,6.29,,403,,Yes
32,4/29/25,5,S2,ENG602 / 25,SOPH ENG/B,MARCEE SALAS,10,2027,B,3.18 pts,6.00,,403,,Yes
33,5/6/25,3,S2,MAT523 / 23,GEOMETRY B,ROCHELLE AITON,10,2027,C,2.44 pts,6.43,,403,,Yes
33,5/6/25,5,S2,ENG602 / 25,SOPH ENG/B,MARCEE SALAS,10,2027,B,3.18 pts,6.00,,403,,Yes
34,5/13/25,3,S2,MAT523 / 23,GEOMETRY B,ROCHELLE AITON,10,2027,C,2.28 pts,6.43,,403,,Yes
34,5/13/25,5,S2,ENG602 / 25,SOPH ENG/B,MARCEE SALAS,10,2027,B+,3.21 pts,6.00,,403,,Yes
31,4/22/25,5,S2,MAT523 / 25,GEOMETRY B,BRIAN ANDERSON,10,2027,F,1.34 pts,6.43,,402,,Yes
32,4/29/25,5,S2,MAT523 / 25,GEOMETRY B,BRIAN ANDERSON,10,2027,F,0.92 pts,7.43,,402,,Yes
33,5/6/25,5,S2,MAT523 / 25,GEOMETRY B,BRIAN ANDERSON,10,2027,F,0.70 pts,8.71,,402,,Yes
34,5/13/25,5,S2,MAT523 / 25,GEOMETRY B,BRIAN ANDERSON,10,2027,F,0.69 pts,11.14,,402,,Yes
31,4/22/25,4,S2,SCI602 / 24,BIOLOGY B,GRANT MERRILL,10,2027,B+,3.39 pts,11.00,,401,,Yes
31,4/22/25,5,S2,ENG602 / 25,SOPH ENG/B,MARCEE SALAS,10,2027,B-,2.85 pts,11.57,,401,,Yes
32,4/29/25,4,S2,SCI602 / 24,BIOLOGY B,GRANT MERRILL,10,2027,B+,3.39 pts,12.14,,401,,Yes
32,4/29/25,5,S2,ENG602 / 25,SOPH ENG/B,MARCEE SALAS,10,2027,B-,2.79 pts,12.71,,401,,Yes
33,5/6/25,4,S2,SCI602 / 24,BIOLOGY B,GRANT MERRILL,10,2027,B+,3.39 pts,12.14,,401,,Yes
33,5/6/25,5,S2,ENG602 / 25,SOPH ENG/B,MARCEE SALAS,10,2027,B-,2.79 pts,13.00,,401,,Yes
34,5/13/25,4,S2,SCI602 / 24,BIOLOGY B,GRANT MERRILL,10,2027,C+,2.62 pts,13.14,,401,,Yes
34,5/13/25,5,S2,ENG602 / 25,SOPH ENG/B,MARCEE SALAS,10,2027,B-,2.79 pts,14.00,,401,,Yes
31,4/22/25,1,S2,MAT523 / 21,GEOMETRY B,ROCHELLE AITON,10,2027,F,1.63 pts,9.43,,399,,Yes
31,4/22/25,2,S2,ENG602 / 22,SOPH ENG/B,KELLY GREGERSEN,10,2027,B,3.10 pts,9.43,,399,,Yes
31,4/22/25,6,S2,SCI602 / 26,BIOLOGY B,GRANT MERRILL,10,2027,B-,2.72 pts,9.71,,399,,Yes
32,4/29/25,1,S2,MAT523 / 21,GEOMETRY B,ROCHELLE AITON,10,2027,C-,2.06 pts,9.43,,399,,Yes
32,4/29/25,2,S2,ENG602 / 22,SOPH ENG/B,KELLY GREGERSEN,10,2027,B,3.10 pts,9.43,,399,,Yes
32,4/29/25,6,S2,SCI602 / 26,BIOLOGY B,GRANT MERRILL,10,2027,B-,2.71 pts,9.71,,399,,Yes
33,5/6/25,1,S2,MAT523 / 21,GEOMETRY B,ROCHELLE AITON,10,2027,C-,2.06 pts,9.43,,399,,Yes
33,5/6/25,2,S2,ENG602 / 22,SOPH ENG/B,KELLY GREGERSEN,10,2027,B,3.10 pts,9.43,,399,,Yes
33,5/6/25,6,S2,SCI602 / 26,BIOLOGY B,GRANT MERRILL,10,2027,B-,2.88 pts,9.71,,399,,Yes
34,5/13/25,1,S2,MAT523 / 21,GEOMETRY B,ROCHELLE AITON,10,2027,D+,1.90 pts,9.57,,399,,Yes
34,5/13/25,2,S2,ENG602 / 22,SOPH ENG/B,KELLY GREGERSEN,10,2027,B,3.12 pts,9.57,,399,,Yes
34,5/13/25,6,S2,SCI602 / 26,BIOLOGY B,GRANT MERRILL,10,2027,B,2.92 pts,9.86,,399,,Yes
31,4/22/25,2,S2,MAT702 / 22,ALGEBRA II B,JASON BLAESING,10,2027,A,4.00 pts,3.86,,398,,Yes
31,4/22/25,3,S2,SCI602 / 23,BIOLOGY B,GRANT MERRILL,10,2027,A,3.94 pts,3.43,,398,,Yes
32,4/29/25,2,S2,MAT702 / 22,ALGEBRA II B,JASON BLAESING,10,2027,A,4.00 pts,3.86,,398,,Yes
32,4/29/25,3,S2,SCI602 / 23,BIOLOGY B,GRANT MERRILL,10,2027,A,3.94 pts,3.43,,398,,Yes
33,5/6/25,2,S2,MAT702 / 22,ALGEBRA II B,JASON BLAESING,10,2027,A,3.99 pts,5.86,,398,,Yes
33,5/6/25,3,S2,SCI602 / 23,BIOLOGY B,GRANT MERRILL,10,2027,A,3.63 pts,5.43,,398,,Yes
34,5/13/25,2,S2,MAT702 / 22,ALGEBRA II B,JASON BLAESING,10,2027,A,3.88 pts,5.86,,398,,Yes
34,5/13/25,3,S2,SCI602 / 23,BIOLOGY B,GRANT MERRILL,10,2027,A,3.75 pts,5.43,,398,,Yes
31,4/22/25,3,S2,BUS302 / 23,PERSONAL FINANCE B,NICOLE SIMEK,12,2025,B-,2.83 pts,3.86,,394,,Yes
32,4/29/25,3,S2,BUS302 / 23,PERSONAL FINANCE B,NICOLE SIMEK,12,2025,C+,2.65 pts,3.86,,394,,Yes
33,5/6/25,3,S2,BUS302 / 23,PERSONAL FINANCE B,NICOLE SIMEK,12,2025,C,2.49 pts,3.86,,394,,Yes
34,5/13/25,3,S2,BUS302 / 23,PERSONAL FINANCE B,NICOLE SIMEK,12,2025,D+,1.87 pts,3.86,,394,,Yes
31,4/22/25,2,S2,ENG602 / 22,SOPH ENG/B,KELLY GREGERSEN,10,2027,B+,3.35 pts,3.43,,392,,Yes
32,4/29/25,2,S2,ENG602 / 22,SOPH ENG/B,KELLY GREGERSEN,10,2027,B+,3.32 pts,3.43,,392,,Yes
33,5/6/25,2,S2,ENG602 / 22,SOPH ENG/B,KELLY GREGERSEN,10,2027,B+,3.32 pts,3.43,,392,,Yes
34,5/13/25,2,S2,ENG602 / 22,SOPH ENG/B,KELLY GREGERSEN,10,2027,B+,3.20 pts,3.43,,392,,Yes
31,4/22/25,3,S2,SCI602 / 23,BIOLOGY B,GRANT MERRILL,10,2027,F,1.23 pts,7.71,,391,,Yes
32,4/29/25,3,S2,SCI602 / 23,BIOLOGY B,GRANT MERRILL,10,2027,F,0.99 pts,10.71,,391,,Yes
33,5/6/25,3,S2,SCI602 / 23,BIOLOGY B,GRANT MERRILL,10,2027,F,1.38 pts,12.00,,391,,Yes
34,5/13/25,3,S2,SCI602 / 23,BIOLOGY B,GRANT MERRILL,10,2027,F,0.94 pts,13.00,,391,,Yes
31,4/22/25,1,S2,MAT523 / 21,GEOMETRY B,ROCHELLE AITON,10,2027,A-,3.45 pts,3.14,,389,,Yes
31,4/22/25,3,S2,SCI602 / 23,BIOLOGY B,GRANT MERRILL,10,2027,B+,3.27 pts,3.00,,389,,Yes
32,4/29/25,1,S2,MAT523 / 21,GEOMETRY B,ROCHELLE AITON,10,2027,A,3.60 pts,3.14,,389,,Yes
32,4/29/25,3,S2,SCI602 / 23,BIOLOGY B,GRANT MERRILL,10,2027,B+,3.26 pts,3.00,,389,,Yes
33,5/6/25,1,S2,MAT523 / 21,GEOMETRY B,ROCHELLE AITON,10,2027,A,3.60 pts,3.14,,389,,Yes
33,5/6/25,3,S2,SCI602 / 23,BIOLOGY B,GRANT MERRILL,10,2027,A-,3.42 pts,3.00,,389,,Yes
34,5/13/25,1,S2,MAT523 / 21,GEOMETRY B,ROCHELLE AITON,10,2027,B+,3.28 pts,3.14,,389,,Yes
34,5/13/25,3,S2,SCI602 / 23,BIOLOGY B,GRANT MERRILL,10,2027,A,3.61 pts,3.00,,389,,Yes
31,4/22/25,2,S2,SCI610 / 22,CHEMISTRY/B,GRANT MERRILL,11,2026,C+,2.52 pts,0.00,,388,,Yes
31,4/22/25,4,S2,MAT702 / 24,ALGEBRA II B,JENNIFER REILLY,11,2026,A,3.80 pts,0.00,,388,,Yes
32,4/29/25,2,S2,SCI610 / 22,CHEMISTRY/B,GRANT MERRILL,11,2026,D,1.79 pts,0.00,,388,,Yes
32,4/29/25,4,S2,MAT702 / 24,ALGEBRA II B,JENNIFER REILLY,11,2026,A,3.96 pts,0.00,,388,,Yes
33,5/6/25,2,S2,SCI610 / 22,CHEMISTRY/B,GRANT MERRILL,11,2026,D+,1.86 pts,0.00,,388,,Yes
33,5/6/25,4,S2,MAT702 / 24,ALGEBRA II B,JENNIFER REILLY,11,2026,A,3.95 pts,0.00,,388,,Yes
34,5/13/25,2,S2,SCI610 / 22,CHEMISTRY/B,GRANT MERRILL,11,2026,C+,2.50 pts,0.71,,388,,Yes
34,5/13/25,4,S2,MAT702 / 24,ALGEBRA II B,JENNIFER REILLY,11,2026,A-,3.49 pts,0.71,,388,,Yes
31,4/22/25,2,S2,SCI610 / 22,CHEMISTRY/B,GRANT MERRILL,11,2026,B-,2.88 pts,0.29,,387,,Yes
31,4/22/25,3,S2,MAT702 / 23,ALGEBRA II B,JENNIFER REILLY,11,2026,B+,3.35 pts,0.00,,387,,Yes
32,4/29/25,2,S2,SCI610 / 22,CHEMISTRY/B,GRANT MERRILL,11,2026,C,2.45 pts,0.29,,387,,Yes
32,4/29/25,3,S2,MAT702 / 23,ALGEBRA II B,JENNIFER REILLY,11,2026,A,3.84 pts,0.00,,387,,Yes
33,5/6/25,2,S2,SCI610 / 22,CHEMISTRY/B,GRANT MERRILL,11,2026,C+,2.63 pts,0.29,,387,,Yes
33,5/6/25,3,S2,MAT702 / 23,ALGEBRA II B,JENNIFER REILLY,11,2026,A,3.98 pts,0.00,,387,,Yes
34,5/13/25,2,S2,SCI610 / 22,CHEMISTRY/B,GRANT MERRILL,11,2026,C+,2.63 pts,1.00,,387,,Yes
34,5/13/25,3,S2,MAT702 / 23,ALGEBRA II B,JENNIFER REILLY,11,2026,A-,3.50 pts,0.71,,387,,Yes
31,4/22/25,2,S2,MAT523 / 22,GEOMETRY B,ROCHELLE AITON,10,2027,B-,2.77 pts,8.43,,386,,Yes
31,4/22/25,4,S2,SCI602 / 24,BIOLOGY B,GRANT MERRILL,10,2027,B+,3.35 pts,9.00,,386,,Yes
32,4/29/25,2,S2,MAT523 / 22,GEOMETRY B,ROCHELLE AITON,10,2027,C,2.48 pts,8.86,,386,,Yes
32,4/29/25,4,S2,SCI602 / 24,BIOLOGY B,GRANT MERRILL,10,2027,B,3.11 pts,9.43,,386,,Yes
33,5/6/25,2,S2,MAT523 / 22,GEOMETRY B,ROCHELLE AITON,10,2027,C,2.48 pts,8.86,,386,,Yes
33,5/6/25,4,S2,SCI602 / 24,BIOLOGY B,GRANT MERRILL,10,2027,B+,3.34 pts,9.43,,386,,Yes
34,5/13/25,2,S2,MAT523 / 22,GEOMETRY B,ROCHELLE AITON,10,2027,C,2.49 pts,9.14,,386,,Yes
34,5/13/25,4,S2,SCI602 / 24,BIOLOGY B,GRANT MERRILL,10,2027,B+,3.23 pts,9.43,,386,,Yes
31,4/22/25,3,S2,BUS302 / 23,PERSONAL FINANCE B,NICOLE SIMEK,12,2025,A,3.60 pts,5.29,,385,,Yes
32,4/29/25,3,S2,BUS302 / 23,PERSONAL FINANCE B,NICOLE SIMEK,12,2025,B,3.17 pts,7.71,,385,,Yes
33,5/6/25,3,S2,BUS302 / 23,PERSONAL FINANCE B,NICOLE SIMEK,12,2025,C+,2.52 pts,7.71,,385,,Yes
34,5/13/25,3,S2,BUS302 / 23,PERSONAL FINANCE B,NICOLE SIMEK,12,2025,C,2.48 pts,8.43,,385,,Yes
31,4/22/25,6,S2,MAT702 / 26,ALGEBRA II B,JASON BLAESING,10,2027,B,3.17 pts,1.00,,384,,Yes
32,4/29/25,6,S2,MAT702 / 26,ALGEBRA II B,JASON BLAESING,10,2027,A-,3.55 pts,2.00,,384,,Yes
33,5/6/25,6,S2,MAT702 / 26,ALGEBRA II B,JASON BLAESING,10,2027,A-,3.55 pts,2.00,,384,,Yes
34,5/13/25,6,S2,MAT702 / 26,ALGEBRA II B,JASON BLAESING,10,2027,B+,3.36 pts,4.00,,384,,Yes
31,4/22/25,2,S2,MAT523 / 22,GEOMETRY B,ROCHELLE AITON,10,2027,B-,2.77 pts,13.86,,383,,Yes
31,4/22/25,3,S2,SCI602 / 23,BIOLOGY B,GRANT MERRILL,10,2027,B,2.94 pts,14.00,,383,,Yes
31,4/22/25,5,S2,ENG602 / 25,SOPH ENG/B,MARCEE SALAS,10,2027,C-,2.10 pts,14.71,,383,,Yes
32,4/29/25,2,S2,MAT523 / 22,GEOMETRY B,ROCHELLE AITON,10,2027,A-,3.44 pts,14.86,,383,,Yes
32,4/29/25,3,S2,SCI602 / 23,BIOLOGY B,GRANT MERRILL,10,2027,B,2.94 pts,15.00,,383,,Yes
32,4/29/25,5,S2,ENG602 / 25,SOPH ENG/B,MARCEE SALAS,10,2027,D+,1.98 pts,15.71,,383,,Yes
33,5/6/25,2,S2,MAT523 / 22,GEOMETRY B,ROCHELLE AITON,10,2027,A-,3.44 pts,16.86,,383,,Yes
33,5/6/25,3,S2,SCI602 / 23,BIOLOGY B,GRANT MERRILL,10,2027,B-,2.78 pts,17.00,,383,,Yes
33,5/6/25,5,S2,ENG602 / 25,SOPH ENG/B,MARCEE SALAS,10,2027,D+,1.98 pts,17.71,,383,,Yes
34,5/13/25,2,S2,MAT523 / 22,GEOMETRY B,ROCHELLE AITON,10,2027,A-,3.44 pts,17.86,,383,,Yes
34,5/13/25,3,S2,SCI602 / 23,BIOLOGY B,GRANT MERRILL,10,2027,B-,2.85 pts,18.00,,383,,Yes
34,5/13/25,5,S2,ENG602 / 25,SOPH ENG/B,MARCEE SALAS,10,2027,D,1.77 pts,18.71,,383,,Yes
31,4/22/25,2,S2,MAT523 / 22,GEOMETRY B,ROCHELLE AITON,10,2027,D+,1.95 pts,2.00,,382,,Yes
32,4/29/25,2,S2,MAT523 / 22,GEOMETRY B,ROCHELLE AITON,10,2027,C,2.26 pts,2.00,,382,,Yes
33,5/6/25,2,S2,MAT523 / 22,GEOMETRY B,ROCHELLE AITON,10,2027,C,2.26 pts,2.71,,382,,Yes
34,5/13/25,2,S2,MAT523 / 22,GEOMETRY B,ROCHELLE AITON,10,2027,C,2.26 pts,3.14,,382,,Yes
31,4/22/25,3,S2,MAT702 / 23,ALGEBRA II B,JENNIFER REILLY,11,2026,F,0.95 pts,10.79,,380,,Yes
31,4/22/25,6,S2,SOC702 / 26,US HISTORY/B,SCOTT BOOTHBY,11,2026,C,2.36 pts,8.60,,380,,Yes
32,4/29/25,3,S2,MAT702 / 23,ALGEBRA II B,JENNIFER REILLY,11,2026,D,1.76 pts,10.79,,380,,Yes
32,4/29/25,6,S2,SOC702 / 26,US HISTORY/B,SCOTT BOOTHBY,11,2026,B-,2.72 pts,8.60,,380,,Yes
33,5/6/25,3,S2,MAT702 / 23,ALGEBRA II B,JENNIFER REILLY,11,2026,D,1.75 pts,13.95,,380,,Yes
33,5/6/25,6,S2,SOC702 / 26,US HISTORY/B,SCOTT BOOTHBY,11,2026,B-,2.71 pts,11.60,,380,,Yes
34,5/13/25,3,S2,MAT702 / 23,ALGEBRA II B,JENNIFER REILLY,11,2026,F,1.54 pts,14.79,,380,,Yes
34,5/13/25,6,S2,SOC702 / 26,US HISTORY/B,SCOTT BOOTHBY,11,2026,B-,2.85 pts,11.60,,380,,Yes
31,4/22/25,2,S2,BUS302 / 22,PERSONAL FINANCE B,NICOLE SIMEK,12,2025,F,1.45 pts,12.71,,377,,Yes
32,4/29/25,2,S2,BUS302 / 22,PERSONAL FINANCE B,NICOLE SIMEK,12,2025,F,1.36 pts,13.71,,377,,Yes
33,5/6/25,2,S2,BUS302 / 22,PERSONAL FINANCE B,NICOLE SIMEK,12,2025,F,0.87 pts,14.71,,377,,Yes
34,5/13/25,2,S2,BUS302 / 22,PERSONAL FINANCE B,NICOLE SIMEK,12,2025,F,0.65 pts,16.29,,377,,Yes
31,4/22/25,6,S2,SOC702 / 26,US HISTORY/B,SCOTT BOOTHBY,11,2026,B,2.96 pts,3.00,,376,,Yes
32,4/29/25,6,S2,SOC702 / 26,US HISTORY/B,SCOTT BOOTHBY,11,2026,B,2.96 pts,3.00,,376,,Yes
33,5/6/25,6,S2,SOC702 / 26,US HISTORY/B,SCOTT BOOTHBY,11,2026,B,2.97 pts,3.00,,376,,Yes
34,5/13/25,6,S2,SOC702 / 26,US HISTORY/B,SCOTT BOOTHBY,11,2026,B,2.96 pts,3.00,,376,,Yes
31,4/22/25,6,S2,SCI602 / 26,BIOLOGY B,GRANT MERRILL,10,2027,D,1.74 pts,2.29,,375,,Yes
32,4/29/25,6,S2,SCI602 / 26,BIOLOGY B,GRANT MERRILL,10,2027,C,2.22 pts,2.29,,375,,Yes
33,5/6/25,6,S2,SCI602 / 26,BIOLOGY B,GRANT MERRILL,10,2027,C+,2.54 pts,2.29,,375,,Yes
34,5/13/25,6,S2,SCI602 / 26,BIOLOGY B,GRANT MERRILL,10,2027,B,3.01 pts,2.29,,375,,Yes
31,4/22/25,4,S2,SCI602 / 24,BIOLOGY B,GRANT MERRILL,10,2027,C,2.27 pts,1.00,,374,,Yes
32,4/29/25,4,S2,SCI602 / 24,BIOLOGY B,GRANT MERRILL,10,2027,B-,2.74 pts,1.00,,374,,Yes
33,5/6/25,4,S2,SCI602 / 24,BIOLOGY B,GRANT MERRILL,10,2027,C+,2.57 pts,1.00,,374,,Yes
34,5/13/25,4,S2,SCI602 / 24,BIOLOGY B,GRANT MERRILL,10,2027,C,2.39 pts,1.00,,374,,Yes
31,4/22/25,5,S2,ENG602 / 25,SOPH ENG/B,MARCEE SALAS,10,2027,A,3.61 pts,0.29,,373,,Yes
31,4/22/25,6,S2,SCI602 / 46,BIOLOGY B,WILLIAM BAUR,10,2027,A,3.61 pts,0.29,,373,,Yes
32,4/29/25,5,S2,ENG602 / 25,SOPH ENG/B,MARCEE SALAS,10,2027,A-,3.56 pts,0.29,,373,,Yes
32,4/29/25,6,S2,SCI602 / 46,BIOLOGY B,WILLIAM BAUR,10,2027,A,3.86 pts,0.43,,373,,Yes
33,5/6/25,5,S2,ENG602 / 25,SOPH ENG/B,MARCEE SALAS,10,2027,A-,3.55 pts,0.86,,373,,Yes
33,5/6/25,6,S2,SCI602 / 46,BIOLOGY B,WILLIAM BAUR,10,2027,A,3.79 pts,1.00,,373,,Yes
34,5/13/25,5,S2,ENG602 / 25,SOPH ENG/B,MARCEE SALAS,10,2027,A-,3.57 pts,0.86,,373,,Yes
34,5/13/25,6,S2,SCI602 / 46,BIOLOGY B,WILLIAM BAUR,10,2027,A,3.81 pts,1.00,,373,,Yes
31,4/22/25,3,S2,SCI602 / 23,BIOLOGY B,GRANT MERRILL,10,2027,C,2.49 pts,4.43,,372,,Yes
31,4/22/25,5,S2,MAT523 / 25,GEOMETRY B,BRIAN ANDERSON,10,2027,C+,2.66 pts,4.43,,372,,Yes
32,4/29/25,3,S2,SCI602 / 23,BIOLOGY B,GRANT MERRILL,10,2027,B-,2.71 pts,5.14,,372,,Yes
32,4/29/25,5,S2,MAT523 / 25,GEOMETRY B,BRIAN ANDERSON,10,2027,C,2.45 pts,5.14,,372,,Yes
33,5/6/25,3,S2,SCI602 / 23,BIOLOGY B,GRANT MERRILL,10,2027,C+,2.63 pts,6.14,,372,,Yes
33,5/6/25,5,S2,MAT523 / 25,GEOMETRY B,BRIAN ANDERSON,10,2027,B-,2.81 pts,6.14,,372,,Yes
34,5/13/25,3,S2,SCI602 / 23,BIOLOGY B,GRANT MERRILL,10,2027,B,3.07 pts,7.14,,372,,Yes
34,5/13/25,5,S2,MAT523 / 25,GEOMETRY B,BRIAN ANDERSON,10,2027,B-,2.85 pts,7.14,,372,,Yes
31,4/22/25,5,S2,ENG602 / 25,SOPH ENG/B,MARCEE SALAS,10,2027,D+,1.93 pts,10.57,,371,,Yes
32,4/29/25,5,S2,ENG602 / 25,SOPH ENG/B,MARCEE SALAS,10,2027,D+,1.95 pts,12.43,,371,,Yes
33,5/6/25,5,S2,ENG602 / 25,SOPH ENG/B,MARCEE SALAS,10,2027,D+,1.94 pts,17.00,,371,,Yes
34,5/13/25,5,S2,ENG602 / 25,SOPH ENG/B,MARCEE SALAS,10,2027,D,1.76 pts,18.43,,371,,Yes
31,4/22/25,6,S2,MAT702 / 26,ALGEBRA II B,JASON BLAESING,11,2026,B+,3.37 pts,1.43,,370,,Yes
32,4/29/25,6,S2,MAT702 / 26,ALGEBRA II B,JASON BLAESING,11,2026,A-,3.46 pts,1.43,,370,,Yes
33,5/6/25,6,S2,MAT702 / 26,ALGEBRA II B,JASON BLAESING,11,2026,A-,3.46 pts,1.86,,370,,Yes
34,5/13/25,6,S2,MAT702 / 26,ALGEBRA II B,JASON BLAESING,11,2026,B+,3.29 pts,1.86,,370,,Yes
31,4/22/25,5,S2,MAT523 / 25,GEOMETRY B,BRIAN ANDERSON,09,2028,B+,3.28 pts,3.29,,369,,Yes
32,4/29/25,5,S2,MAT523 / 25,GEOMETRY B,BRIAN ANDERSON,09,2028,B,3.12 pts,4.29,,369,,Yes
33,5/6/25,5,S2,MAT523 / 25,GEOMETRY B,BRIAN ANDERSON,09,2028,B+,3.33 pts,4.29,,369,,Yes
34,5/13/25,5,S2,MAT523 / 25,GEOMETRY B,BRIAN ANDERSON,09,2028,A-,3.59 pts,4.29,,369,,Yes
31,4/22/25,3,S2,BUS302 / 23,PERSONAL FINANCE B,NICOLE SIMEK,12,2025,A,3.95 pts,8.71,,367,,Yes
32,4/29/25,3,S2,BUS302 / 23,PERSONAL FINANCE B,NICOLE SIMEK,12,2025,A,3.95 pts,8.71,,367,,Yes
33,5/6/25,3,S2,BUS302 / 23,PERSONAL FINANCE B,NICOLE SIMEK,12,2025,A,3.94 pts,8.71,,367,,Yes
34,5/13/25,3,S2,BUS302 / 23,PERSONAL FINANCE B,NICOLE SIMEK,12,2025,B,2.96 pts,9.71,,367,,Yes
31,4/22/25,6,S2,ENG502 / 26,FR ENGLISH/B,DAVID HOLLINGSWORTH,09,2028,B-,2.81 pts,15.29,,366,,Yes
32,4/29/25,6,S2,ENG502 / 26,FR ENGLISH/B,DAVID HOLLINGSWORTH,09,2028,B-,2.77 pts,17.29,,366,,Yes
33,5/6/25,6,S2,ENG502 / 26,FR ENGLISH/B,DAVID HOLLINGSWORTH,09,2028,B-,2.78 pts,19.29,,366,,Yes
34,5/13/25,6,S2,ENG502 / 26,FR ENGLISH/B,DAVID HOLLINGSWORTH,09,2028,B-,2.88 pts,19.29,,366,,Yes
31,4/22/25,2,S2,BUS302 / 22,PERSONAL FINANCE B,NICOLE SIMEK,12,2025,C-,2.08 pts,2.86,,365,,Yes
32,4/29/25,2,S2,BUS302 / 22,PERSONAL FINANCE B,NICOLE SIMEK,12,2025,C-,2.08 pts,2.86,,365,,Yes
33,5/6/25,2,S2,BUS302 / 22,PERSONAL FINANCE B,NICOLE SIMEK,12,2025,C,2.24 pts,2.86,,365,,Yes
34,5/13/25,2,S2,BUS302 / 22,PERSONAL FINANCE B,NICOLE SIMEK,12,2025,D,1.67 pts,3.86,,365,,Yes
31,4/22/25,3,S2,MAT702 / 23,ALGEBRA II B,JENNIFER REILLY,10,2027,A,3.99 pts,1.00,,364,,Yes
31,4/22/25,4,S2,SCI602 / 24,BIOLOGY B,GRANT MERRILL,10,2027,B+,3.39 pts,1.43,,364,,Yes
32,4/29/25,3,S2,MAT702 / 23,ALGEBRA II B,JENNIFER REILLY,10,2027,A,3.99 pts,1.00,,364,,Yes
32,4/29/25,4,S2,SCI602 / 24,BIOLOGY B,GRANT MERRILL,10,2027,B,3.16 pts,1.43,,364,,Yes
33,5/6/25,3,S2,MAT702 / 23,ALGEBRA II B,JENNIFER REILLY,10,2027,A,3.97 pts,2.00,,364,,Yes
33,5/6/25,4,S2,SCI602 / 24,BIOLOGY B,GRANT MERRILL,10,2027,B,3.09 pts,2.43,,364,,Yes
34,5/13/25,3,S2,MAT702 / 23,ALGEBRA II B,JENNIFER REILLY,10,2027,A,3.88 pts,2.00,,364,,Yes
34,5/13/25,4,S2,SCI602 / 24,BIOLOGY B,GRANT MERRILL,10,2027,C-,2.09 pts,2.86,,364,,Yes
31,4/22/25,1,S2,ENG504 / 21,PRE-AP FRESHMAN ENGLISH/B,ANGELINA MERRILL,09,2028,,3.83 pts,0.00,,363,,Yes
31,4/22/25,3,S2,MAT523 / 23,GEOMETRY B,ROCHELLE AITON,09,2028,A,3.99 pts,0.00,,363,,Yes
32,4/29/25,1,S2,ENG504 / 21,PRE-AP FRESHMAN ENGLISH/B,ANGELINA MERRILL,09,2028,,3.83 pts,0.00,,363,,Yes
32,4/29/25,3,S2,MAT523 / 23,GEOMETRY B,ROCHELLE AITON,09,2028,A,3.99 pts,0.00,,363,,Yes
33,5/6/25,1,S2,ENG504 / 21,PRE-AP FRESHMAN ENGLISH/B,ANGELINA MERRILL,09,2028,,3.83 pts,0.00,,363,,Yes
33,5/6/25,3,S2,MAT523 / 23,GEOMETRY B,ROCHELLE AITON,09,2028,A,3.99 pts,0.00,,363,,Yes
34,5/13/25,1,S2,ENG504 / 21,PRE-AP FRESHMAN ENGLISH/B,ANGELINA MERRILL,09,2028,,3.83 pts,0.00,,363,,Yes
34,5/13/25,3,S2,MAT523 / 23,GEOMETRY B,ROCHELLE AITON,09,2028,A,3.99 pts,0.00,,363,,Yes
31,4/22/25,5,S2,BUS302 / 25,PERSONAL FINANCE B,NICOLE SIMEK,12,2025,F,0.57 pts,21.43,,362,,Yes
32,4/29/25,5,S2,BUS302 / 25,PERSONAL FINANCE B,NICOLE SIMEK,12,2025,F,0.57 pts,23.14,,362,,Yes
33,5/6/25,5,S2,BUS302 / 25,PERSONAL FINANCE B,NICOLE SIMEK,12,2025,F,1.43 pts,23.57,,362,,Yes
34,5/13/25,5,S2,BUS302 / 25,PERSONAL FINANCE B,NICOLE SIMEK,12,2025,C-,2.05 pts,26.43,,362,,Yes
31,4/22/25,1,S2,SCI504 / 21,PHYSICAL SCIENCE B,JAMES BENNETT,11,2026,C,2.38 pts,0.71,,361,,Yes
31,4/22/25,6,S2,MAT702 / 26,ALGEBRA II B,JASON BLAESING,11,2026,C,2.40 pts,0.00,,361,,Yes
32,4/29/25,1,S2,SCI504 / 21,PHYSICAL SCIENCE B,JAMES BENNETT,11,2026,C,2.26 pts,0.86,,361,,Yes
32,4/29/25,6,S2,MAT702 / 26,ALGEBRA II B,JASON BLAESING,11,2026,C+,2.50 pts,0.00,,361,,Yes
33,5/6/25,1,S2,SCI504 / 21,PHYSICAL SCIENCE B,JAMES BENNETT,11,2026,C,2.41 pts,0.71,,361,,Yes
33,5/6/25,6,S2,MAT702 / 26,ALGEBRA II B,JASON BLAESING,11,2026,C+,2.63 pts,0.00,,361,,Yes
34,5/13/25,1,S2,SCI504 / 21,PHYSICAL SCIENCE B,JAMES BENNETT,11,2026,C,2.44 pts,2.71,,361,,Yes
34,5/13/25,6,S2,MAT702 / 26,ALGEBRA II B,JASON BLAESING,11,2026,C+,2.56 pts,2.00,,361,,Yes
31,4/22/25,2,S2,MAT523 / 22,GEOMETRY B,ROCHELLE AITON,10,2027,F,0.00 pts,32.14,,360,,Yes
32,4/29/25,2,S2,MAT523 / 22,GEOMETRY B,ROCHELLE AITON,10,2027,F,0.00 pts,36.29,,360,,Yes
33,5/6/25,2,S2,MAT523 / 22,GEOMETRY B,ROCHELLE AITON,10,2027,F,0.00 pts,41.14,,360,,Yes
34,5/13/25,2,S2,MAT523 / 22,GEOMETRY B,ROCHELLE AITON,10,2027,F,0.00 pts,44.71,,360,,Yes
31,4/22/25,3,S2,MAT523 / 23,GEOMETRY B,ROCHELLE AITON,09,2028,B+,3.35 pts,5.14,,358,,Yes
32,4/29/25,3,S2,MAT523 / 23,GEOMETRY B,ROCHELLE AITON,09,2028,A-,3.52 pts,5.29,,358,,Yes
33,5/6/25,3,S2,MAT523 / 23,GEOMETRY B,ROCHELLE AITON,09,2028,A-,3.52 pts,5.43,,358,,Yes
34,5/13/25,3,S2,MAT523 / 23,GEOMETRY B,ROCHELLE AITON,09,2028,A-,3.51 pts,6.43,,358,,Yes
31,4/22/25,6,S2,MAT702 / 26,ALGEBRA II B,JASON BLAESING,11,2026,B-,2.72 pts,4.86,,357,,Yes
32,4/29/25,6,S2,MAT702 / 26,ALGEBRA II B,JASON BLAESING,11,2026,C,2.34 pts,5.86,,357,,Yes
33,5/6/25,6,S2,MAT702 / 26,ALGEBRA II B,JASON BLAESING,11,2026,B-,2.72 pts,5.86,,357,,Yes
34,5/13/25,6,S2,MAT702 / 26,ALGEBRA II B,JASON BLAESING,11,2026,C,2.40 pts,7.00,,357,,Yes
31,4/22/25,6,S2,SOC702 / 26,US HISTORY/B,SCOTT BOOTHBY,11,2026,C-,2.03 pts,12.57,,356,,Yes
32,4/29/25,6,S2,SOC702 / 26,US HISTORY/B,SCOTT BOOTHBY,11,2026,C-,2.03 pts,15.24,,356,,Yes
33,5/6/25,6,S2,SOC702 / 26,US HISTORY/B,SCOTT BOOTHBY,11,2026,C-,2.04 pts,15.90,,356,,Yes
34,5/13/25,6,S2,SOC702 / 26,US HISTORY/B,SCOTT BOOTHBY,11,2026,C-,2.14 pts,17.07,,356,,Yes
31,4/22/25,2,S2,SCI610 / 22,CHEMISTRY/B,GRANT MERRILL,12,2025,W,1.43 pts,8.14,,354,,Yes
32,4/29/25,2,S2,SCI610 / 22,CHEMISTRY/B,GRANT MERRILL,12,2025,W,1.43 pts,8.14,,354,,Yes
33,5/6/25,2,S2,SCI610 / 22,CHEMISTRY/B,GRANT MERRILL,12,2025,W,1.43 pts,8.14,,354,,Yes
34,5/13/25,2,S2,SCI610 / 22,CHEMISTRY/B,GRANT MERRILL,12,2025,W,1.43 pts,8.14,,354,,Yes
31,4/22/25,3,S2,MAT702 / 23,ALGEBRA II B,JENNIFER REILLY,10,2027,B,3.09 pts,7.29,,353,,Yes
31,4/22/25,5,S2,ENG602 / 25,SOPH ENG/B,MARCEE SALAS,10,2027,B-,2.80 pts,6.43,,353,,Yes
31,4/22/25,6,S2,SCI602 / 46,BIOLOGY B,WILLIAM BAUR,10,2027,A,3.95 pts,5.71,,353,,Yes
32,4/29/25,3,S2,MAT702 / 23,ALGEBRA II B,JENNIFER REILLY,10,2027,A-,3.48 pts,7.86,,353,,Yes
32,4/29/25,5,S2,ENG602 / 25,SOPH ENG/B,MARCEE SALAS,10,2027,B-,2.89 pts,6.86,,353,,Yes
32,4/29/25,6,S2,SCI602 / 46,BIOLOGY B,WILLIAM BAUR,10,2027,A,3.88 pts,6.14,,353,,Yes
33,5/6/25,3,S2,MAT702 / 23,ALGEBRA II B,JENNIFER REILLY,10,2027,A-,3.46 pts,8.57,,353,,Yes
33,5/6/25,5,S2,ENG602 / 25,SOPH ENG/B,MARCEE SALAS,10,2027,B-,2.89 pts,7.71,,353,,Yes
33,5/6/25,6,S2,SCI602 / 46,BIOLOGY B,WILLIAM BAUR,10,2027,A,3.88 pts,6.86,,353,,Yes
34,5/13/25,3,S2,MAT702 / 23,ALGEBRA II B,JENNIFER REILLY,10,2027,B,3.05 pts,10.14,,353,,Yes
34,5/13/25,5,S2,ENG602 / 25,SOPH ENG/B,MARCEE SALAS,10,2027,B-,2.87 pts,8.71,,353,,Yes
33,5/6/25,1,S2,ENG702 / 21,JUNIOR ENG/B,JOHN CARVER,11,2026,F,1.11 pts,19.33,,1,,#N/A
33,5/6/25,2,S2,FAR541 / 22,PERCUSSION/B,DAVID DUARTE,11,2026,,,16.43,,1,,#N/A
33,5/6/25,3,S2,PED101 / 23,PHYSICAL EDUCATION,SCOTT DIZMANG,11,2026,D,1.78 pts,12.76,,1,,#N/A
33,5/6/25,4,S2,CTE115 / 24,ENGINEERING B,JASON BLAESING,11,2026,F,1.55 pts,19.76,,1,,#N/A
33,5/6/25,5,S2,ONT401 / 25,ON-TRACK/B,ROBERT YEE,11,2026,F,0.00 pts,9.57,,1,,#N/A
34,5/13/25,6,S2,SCI602 / 46,BIOLOGY B,WILLIAM BAUR,10,2027,A,3.97 pts,7.14,,353,,Yes
31,4/22/25,5,S2,MAT523 / 25,GEOMETRY B,BRIAN ANDERSON,09,2028,B+,3.24 pts,3.86,,351,,Yes
33,5/6/25,1,S2,CTA102 / 21,CTA S2,,11,2026,,,0.00,,3,,#N/A
33,5/6/25,2,S2,CTA102 / 21,CTA S2,,11,2026,,,0.00,,3,,#N/A
33,5/6/25,3,S2,CTA102 / 21,CTA S2,,11,2026,,,0.00,,3,,#N/A
32,4/29/25,5,S2,MAT523 / 25,GEOMETRY B,BRIAN ANDERSON,09,2028,B,3.18 pts,3.86,,351,,Yes
33,5/6/25,5,S2,ASL504 / 25,AMERICAN SIGN LANGUAGE II/B,TAMI GRANT,11,2026,A,4.00 pts,4.00,,3,,#N/A
33,5/6/25,6,S2,ENG702 / 26,JUNIOR ENG/B,JOHN CARVER,11,2026,A-,3.45 pts,3.00,,3,,#N/A
33,5/6/25,1,S2,FAR506 / 21,CONCERT CHOIR /B,DAVID DUARTE,10,2027,A-,3.43 pts,9.14,,4,,#N/A
33,5/6/25,2,S2,SPA502 / 22,SPANISH I B,ARELI LOPEZ LOPEZ,10,2027,C-,2.13 pts,7.00,,4,,#N/A
33,5/6/25,3,S2,SOC109 / 23,WORLD HISTORY/B,RYAN ISAACSON,10,2027,B-,2.78 pts,5.57,,4,,#N/A
33,5/6/25,5,S2,MAT523 / 25,GEOMETRY B,BRIAN ANDERSON,09,2028,C,2.42 pts,3.86,,351,,Yes
34,5/13/25,5,S2,MAT523 / 25,GEOMETRY B,BRIAN ANDERSON,09,2028,C,2.43 pts,3.86,,351,,Yes
33,5/6/25,6,S2,MAT523 / 46,GEOMETRY B,ROCHELLE AITON,10,2027,D,1.69 pts,7.00,,4,,#N/A
33,5/6/25,1,S2,VOC706 / 21,DIGITAL PHOTOGRAPHY II,ROSANNA RUFF,11,2026,B,3.14 pts,0.57,,5,,#N/A
33,5/6/25,2,S2,SCI504 / 42,PHYSICAL SCIENCE B,WILLIAM BAUR,11,2026,B,3.11 pts,0.71,,5,,#N/A
31,4/22/25,2,S2,SCI610 / 22,CHEMISTRY/B,GRANT MERRILL,11,2026,B,2.94 pts,1.43,,350,,Yes
33,5/6/25,4,S2,SOC702 / 24,US HISTORY/B,DAVE HAJEK,11,2026,C+,2.52 pts,2.00,,5,,#N/A
33,5/6/25,5,S2,ENG702 / 25,JUNIOR ENG/B,JOHN CARVER,11,2026,C,2.36 pts,2.00,,5,,#N/A
33,5/6/25,6,S2,HFL113 / 26,INTRO CULINARY ART,ALEXANDRA YOST,11,2026,B,3.01 pts,1.57,,5,,#N/A
33,5/6/25,1,S2,VOC620 / 21,METAL CRAFTS & PRODUCTION I,DONALD O'BRIEN,10,2027,,0.33 pts,0.00,,6,,#N/A
33,5/6/25,1,S2,PED500 / 21,WEIGHT TRAINING,SCOTT BOOTHBY,10,2027,B+,3.27 pts,3.29,,6,,#N/A
33,5/6/25,2,S2,PED500 / 22,WEIGHT TRAINING,SCOTT BOOTHBY,10,2027,,4.00 pts,0.00,,6,,#N/A
33,5/6/25,2,S2,ELE404 / 22,LANGUAGE SUPPORT/B,HAYLEY ALVARADO,10,2027,A,4.00 pts,3.00,,6,,#N/A
33,5/6/25,3,S2,SOC109 / 23,WORLD HISTORY/B,RYAN ISAACSON,10,2027,B+,3.37 pts,3.00,,6,,#N/A
32,4/29/25,2,S2,SCI610 / 22,CHEMISTRY/B,GRANT MERRILL,11,2026,B,2.96 pts,1.43,,350,,Yes
33,5/6/25,2,S2,SCI610 / 22,CHEMISTRY/B,GRANT MERRILL,11,2026,B,2.97 pts,2.00,,350,,Yes
34,5/13/25,2,S2,SCI610 / 22,CHEMISTRY/B,GRANT MERRILL,11,2026,B,2.96 pts,6.29,,350,,Yes
33,5/6/25,1,S2,ENG802 / 21,SENIOR ENG/B,HEATHER CARVER,12,2025,F,1.05 pts,13.57,,7,,#N/A
31,4/22/25,1,S2,ENG504 / 21,PRE-AP FRESHMAN ENGLISH/B,ANGELINA MERRILL,09,2028,B+,3.32 pts,0.14,,348,,Yes
33,5/6/25,2,S2,ELE404 / 22,LANGUAGE SUPPORT/B,HAYLEY ALVARADO,12,2025,,,4.00,,7,,#N/A
33,5/6/25,3,S2,ONT401 / 23,ON-TRACK/B,BRIAN ANDERSON,12,2025,U,0.18 pts,13.86,,7,,#N/A
33,5/6/25,4,S2,ENG716 / 24,DRAMATIC LITERATURE,KELLY GREGERSEN,12,2025,F,0.83 pts,14.43,,7,,#N/A
33,5/6/25,5,S2,CTE101 / 25,MEDICAL CAREER & TERMS/B,DONNA SCHATZ,12,2025,C-,2.06 pts,13.14,,7,,#N/A
33,5/6/25,6,S2,SOC801 / 26,CONTEMPORARY WORLD ISSUES,JIM REED,12,2025,F,0.54 pts,15.71,,7,,#N/A
33,5/6/25,1,S2,FAR721 / 21,PANTHER PLAYERS/B,KELLY GREGERSEN,11,2026,D+,1.85 pts,8.14,,46,,#N/A
31,4/22/25,2,S2,MAT523 / 22,GEOMETRY B,ROCHELLE AITON,09,2028,A,3.82 pts,0.00,,348,,Yes
32,4/29/25,1,S2,ENG504 / 21,PRE-AP FRESHMAN ENGLISH/B,ANGELINA MERRILL,09,2028,B,3.18 pts,0.14,,348,,Yes
33,5/6/25,4,S2,ENG716 / 24,DRAMATIC LITERATURE,KELLY GREGERSEN,11,2026,C+,2.64 pts,8.14,,46,,#N/A
33,5/6/25,5,S2,SOC702 / 25,US HISTORY/B,DAVE HAJEK,11,2026,C-,2.15 pts,8.14,,46,,#N/A
33,5/6/25,6,S2,SPA502 / 26,SPANISH I B,ARELI LOPEZ LOPEZ,11,2026,B,3.17 pts,7.29,,46,,#N/A
33,5/6/25,1,S2,FAR721 / 21,PANTHER PLAYERS/B,KELLY GREGERSEN,12,2025,D+,1.84 pts,5.43,,8,,#N/A
32,4/29/25,2,S2,MAT523 / 22,GEOMETRY B,ROCHELLE AITON,09,2028,A-,3.56 pts,0.00,,348,,Yes
33,5/6/25,3,S2,HFL113 / 23,INTRO CULINARY ART,ALEXANDRA YOST,12,2025,W,2.22 pts,2.57,,8,,#N/A
33,5/6/25,3,S2,AID102 / HC3,TEACHER AIDE,HEATHER CARVER,12,2025,,,4.00,,8,,#N/A
33,5/6/25,4,S2,ENG718 / 24,AP LITERATURE/COMPOSITION B,HEATHER CARVER,12,2025,C+,2.57 pts,6.29,,8,,#N/A
33,5/6/25,5,S2,SOC801 / 25,CONTEMPORARY WORLD ISSUES,SCOTT BOOTHBY,12,2025,B-,2.86 pts,6.57,,8,,#N/A
33,5/6/25,6,S2,SCI504 / 26,PHYSICAL SCIENCE B,JAMES BENNETT,12,2025,D+,1.87 pts,6.71,,8,,#N/A
33,5/6/25,1,S2,PED513 / 21,TEAM GAMES,SCOTT DIZMANG,10,2027,A,4.00 pts,1.00,,9,,#N/A
33,5/6/25,2,S2,SOC109 / 22,WORLD HISTORY/B,DAVID HOLLINGSWORTH,10,2027,A-,3.43 pts,1.00,,9,,#N/A
33,5/6/25,3,S2,HFL116 / 23,BAKING PASTRY ARTS I,KAYLA PAYNE,10,2027,A,4.00 pts,1.00,,9,,#N/A
33,5/6/25,1,S2,ENG504 / 21,PRE-AP FRESHMAN ENGLISH/B,ANGELINA MERRILL,09,2028,B+,3.35 pts,0.14,,348,,Yes
33,5/6/25,2,S2,MAT523 / 22,GEOMETRY B,ROCHELLE AITON,09,2028,A-,3.56 pts,0.00,,348,,Yes
33,5/6/25,6,S2,ENG602 / 26,SOPH ENG/B,MARCEE SALAS,10,2027,D+,1.91 pts,1.00,,9,,#N/A
34,5/13/25,1,S2,ENG504 / 21,PRE-AP FRESHMAN ENGLISH/B,ANGELINA MERRILL,09,2028,B+,3.35 pts,0.14,,348,,Yes
34,5/13/25,2,S2,MAT523 / 22,GEOMETRY B,ROCHELLE AITON,09,2028,A,3.72 pts,0.00,,348,,Yes
33,5/6/25,3,S2,SOC109 / 23,WORLD HISTORY/B,RYAN ISAACSON,10,2027,D+,1.95 pts,3.29,,10,,#N/A
33,5/6/25,4,S2,HFL119 / 24,ADV CULINARY ARTS B,ALEXANDRA YOST,10,2027,A,3.98 pts,3.00,,10,,#N/A
33,5/6/25,5,S2,PED500 / 25,WEIGHT TRAINING,SCOTT DIZMANG,10,2027,B,3.00 pts,3.00,,10,,#N/A
31,4/22/25,6,S2,MAT702 / 26,ALGEBRA II B,JASON BLAESING,11,2026,B+,3.21 pts,3.43,,342,,Yes
33,5/6/25,1,S2,SPA602 / 21,SPANISH II B,ARELI LOPEZ LOPEZ,11,2026,A-,3.51 pts,3.00,,11,,#N/A
33,5/6/25,2,S2,HFL115 / 22,ADVANCED PASTRY ARTS I,KAYLA PAYNE,11,2026,A,3.97 pts,3.00,,11,,#N/A
32,4/29/25,6,S2,MAT702 / 26,ALGEBRA II B,JASON BLAESING,11,2026,A-,3.46 pts,4.00,,342,,Yes
33,5/6/25,4,S2,CTE115 / 24,ENGINEERING B,JASON BLAESING,11,2026,B+,3.25 pts,3.29,,11,,#N/A
33,5/6/25,5,S2,SOC704 / 25,AP US HISTORY B,RYAN ISAACSON,11,2026,A-,3.44 pts,3.29,,11,,#N/A
33,5/6/25,6,S2,ENG702 / 26,JUNIOR ENG/B,JOHN CARVER,11,2026,B,3.14 pts,3.14,,11,,#N/A
33,5/6/25,1,S2,CTE115 / 21,ENGINEERING B,JASON BLAESING,11,2026,F,1.09 pts,2.00,,12,,#N/A
33,5/6/25,2,S2,VOC705 / 22,DIGITAL PHOTOGRAPHY I,ROSANNA RUFF,11,2026,B-,2.77 pts,2.00,,12,,#N/A
33,5/6/25,3,S2,PED500 / 23,WEIGHT TRAINING,SCOTT BOOTHBY,11,2026,A,3.91 pts,2.14,,12,,#N/A
33,5/6/25,4,S2,SOC702 / 24,US HISTORY/B,DAVE HAJEK,11,2026,F,1.24 pts,2.00,,12,,#N/A
33,5/6/25,6,S2,MAT702 / 26,ALGEBRA II B,JASON BLAESING,11,2026,A-,3.45 pts,4.00,,342,,Yes
33,5/6/25,6,S2,ENG702 / 26,JUNIOR ENG/B,JOHN CARVER,11,2026,C-,2.04 pts,2.00,,12,,#N/A
34,5/13/25,6,S2,MAT702 / 26,ALGEBRA II B,JASON BLAESING,11,2026,B+,3.29 pts,5.00,,342,,Yes
31,4/22/25,3,S2,BUS302 / 23,PERSONAL FINANCE B,NICOLE SIMEK,12,2025,A-,3.50 pts,1.00,,341,,Yes
33,5/6/25,3,S2,SCI602 / 43,BIOLOGY B,DONNA SCHATZ,10,2027,B+,3.37 pts,5.00,,13,,#N/A
33,5/6/25,4,S2,SCI504 / 44,PHYSICAL SCIENCE B,WILLIAM BAUR,10,2027,C,2.24 pts,5.14,,13,,#N/A
33,5/6/25,5,S2,HFL116 / 25,BAKING PASTRY ARTS I,KAYLA PAYNE,10,2027,A-,3.57 pts,5.00,,13,,#N/A
33,5/6/25,6,S2,SOC109 / 46,WORLD HISTORY/B,DAVE HAJEK,10,2027,D+,1.82 pts,5.00,,13,,#N/A
33,5/6/25,1,S2,ENG702 / 21,JUNIOR ENG/B,JOHN CARVER,11,2026,C-,2.03 pts,2.29,,14,,#N/A
33,5/6/25,2,S2,VOC107 / 22,METALS MANUF & TECHNOLOGY II,DONALD O'BRIEN,11,2026,B,3.16 pts,1.57,,14,,#N/A
32,4/29/25,3,S2,BUS302 / 23,PERSONAL FINANCE B,NICOLE SIMEK,12,2025,A-,3.55 pts,1.00,,341,,Yes
33,5/6/25,4,S2,SCI504 / 24,PHYSICAL SCIENCE B,JAMES BENNETT,11,2026,B-,2.82 pts,1.86,,14,,#N/A
33,5/6/25,5,S2,SOC702 / 25,US HISTORY/B,DAVE HAJEK,11,2026,C-,2.17 pts,1.43,,14,,#N/A
33,5/6/25,6,S2,AID102 / AL6,TEACHER AIDE,ARELI LOPEZ LOPEZ,11,2026,,,1.29,,14,,#N/A
33,5/6/25,1,S2,SPA602 / 21,SPANISH II B,ARELI LOPEZ LOPEZ,10,2027,B-,2.83 pts,0.00,,15,,#N/A
33,5/6/25,3,S2,BUS302 / 23,PERSONAL FINANCE B,NICOLE SIMEK,12,2025,A-,3.54 pts,1.71,,341,,Yes
34,5/13/25,3,S2,BUS302 / 23,PERSONAL FINANCE B,NICOLE SIMEK,12,2025,A,3.62 pts,1.71,,341,,Yes
31,4/22/25,5,S2,MAT523 / 25,GEOMETRY B,BRIAN ANDERSON,10,2027,F,1.15 pts,10.29,,340,,Yes
33,5/6/25,5,S2,VOC502 / 25,FINE ARTS WOODWORKING I,BRENT MANSELL,10,2027,B+,3.35 pts,0.00,,15,,#N/A
33,5/6/25,6,S2,SOC109 / 26,WORLD HISTORY/B,RYAN ISAACSON,10,2027,B,3.02 pts,0.00,,15,,#N/A
33,5/6/25,1,S2,SOC109 / 21,WORLD HISTORY/B,DAVID HOLLINGSWORTH,10,2027,C+,2.57 pts,0.71,,16,,#N/A
33,5/6/25,2,S2,FAR108 / 22,CERAMICS I,ROBERT YEE,10,2027,F,1.03 pts,0.43,,16,,#N/A
31,4/22/25,6,S2,SCI602 / 46,BIOLOGY B,WILLIAM BAUR,10,2027,F,0.77 pts,9.57,,340,,Yes
33,5/6/25,4,S2,SCI504 / 44,PHYSICAL SCIENCE B,WILLIAM BAUR,10,2027,C-,2.15 pts,0.00,,16,,#N/A
33,5/6/25,5,S2,HFL116 / 25,BAKING PASTRY ARTS I,KAYLA PAYNE,10,2027,A,3.96 pts,0.00,,16,,#N/A
33,5/6/25,6,S2,ENG602 / 26,SOPH ENG/B,MARCEE SALAS,10,2027,B-,2.73 pts,0.00,,16,,#N/A
32,4/29/25,5,S2,MAT523 / 25,GEOMETRY B,BRIAN ANDERSON,10,2027,F,0.78 pts,11.29,,340,,Yes
33,5/6/25,1,S2,PED513 / 21,TEAM GAMES,SCOTT DIZMANG,10,2027,C,2.42 pts,8.57,,17,,#N/A
32,4/29/25,6,S2,SCI602 / 46,BIOLOGY B,WILLIAM BAUR,10,2027,F,1.40 pts,10.57,,340,,Yes
33,5/6/25,3,S2,SCI602 / 43,BIOLOGY B,DONNA SCHATZ,10,2027,D+,1.92 pts,5.86,,17,,#N/A
33,5/6/25,4,S2,SOC109 / 24,WORLD HISTORY/B,DAVID HOLLINGSWORTH,10,2027,C-,2.01 pts,8.14,,17,,#N/A
33,5/6/25,5,S2,HFL116 / 25,BAKING PASTRY ARTS I,KAYLA PAYNE,10,2027,A-,3.59 pts,6.71,,17,,#N/A
33,5/6/25,6,S2,MAT523 / 46,GEOMETRY B,ROCHELLE AITON,10,2027,F,0.97 pts,8.43,,17,,#N/A
33,5/6/25,1,S2,PED500 / 21,WEIGHT TRAINING,SCOTT BOOTHBY,12,2025,,2.00 pts,0.14,,18,,#N/A
33,5/6/25,1,S2,AACAL2 / 21,ACADEMIC ACHIEVEMENT B,AARON LABREE,12,2025,C-,2.00 pts,7.71,,18,,#N/A
33,5/6/25,5,S2,MAT523 / 25,GEOMETRY B,BRIAN ANDERSON,10,2027,F,1.55 pts,12.43,,340,,Yes
33,5/6/25,3,S2,SOC801 / 23,CONTEMPORARY WORLD ISSUES,JIM REED,12,2025,C-,2.18 pts,5.71,,18,,#N/A
33,5/6/25,4,S2,PED513 / 24,TEAM GAMES,SCOTT DIZMANG,12,2025,F,1.47 pts,8.14,,18,,#N/A
33,5/6/25,5,S2,ONT401 / 25,ON-TRACK/B,ROBERT YEE,12,2025,F,1.50 pts,5.00,,18,,#N/A
33,5/6/25,6,S2,ENG802 / 26,SENIOR ENG/B,HEATHER CARVER,12,2025,B,3.02 pts,5.29,,18,,#N/A
33,5/6/25,1,S2,HFL114 / 21,FAMILY HEALTH,THOMAS KESSINGER,09,2028,A,3.60 pts,2.00,,2,,#N/A
33,5/6/25,2,S2,ASL502 / 22,AMERICAN  SIGN LANGUAGE I/B,KYLA RITCHEY,09,2028,B-,2.85 pts,2.00,,2,,#N/A
33,5/6/25,3,S2,MAT521 / 43,ALGEBRA I B,JANET FRANKLIN,09,2028,C+,2.64 pts,2.00,,2,,#N/A
33,5/6/25,4,S2,SCI504 / 24,PHYSICAL SCIENCE B,JAMES BENNETT,09,2028,D+,1.93 pts,2.14,,2,,#N/A
33,5/6/25,5,S2,VOC705 / 25,DIGITAL PHOTOGRAPHY I,ROSANNA RUFF,09,2028,C,2.30 pts,2.43,,2,,#N/A
33,5/6/25,6,S2,SCI602 / 46,BIOLOGY B,WILLIAM BAUR,10,2027,F,0.84 pts,11.57,,340,,Yes
33,5/6/25,1,S2,CTE115 / 21,ENGINEERING B,JASON BLAESING,11,2026,F,1.36 pts,0.29,,19,,#N/A
33,5/6/25,2,S2,FAR108 / 22,CERAMICS I,ROBERT YEE,11,2026,F,1.03 pts,0.29,,19,,#N/A
33,5/6/25,3,S2,PED101 / 23,PHYSICAL EDUCATION,SCOTT DIZMANG,11,2026,A,3.68 pts,0.29,,19,,#N/A
33,5/6/25,4,S2,ENG702 / 24,JUNIOR ENG/B,JOHN CARVER,11,2026,C+,2.59 pts,0.14,,19,,#N/A
33,5/6/25,5,S2,SOC704 / 25,AP US HISTORY B,RYAN ISAACSON,11,2026,F,1.58 pts,0.00,,19,,#N/A
34,5/13/25,5,S2,MAT523 / 25,GEOMETRY B,BRIAN ANDERSON,10,2027,F,1.51 pts,12.71,,340,,Yes
33,5/6/25,1,S2,ENG602 / 21,SOPH ENG/B,MARCEE SALAS,10,2027,B,3.15 pts,6.43,,20,,#N/A
33,5/6/25,2,S2,MAT523 / 42,GEOMETRY B,BRIAN ANDERSON,10,2027,C+,2.66 pts,6.29,,20,,#N/A
33,5/6/25,3,S2,FAR109 / 23,CERAMICS II,ROBERT YEE,10,2027,,,1.00,,20,,#N/A
33,5/6/25,3,S2,FAR108 / 23,CERAMICS I,ROBERT YEE,10,2027,F,0.87 pts,5.00,,20,,#N/A
34,5/13/25,6,S2,SCI602 / 46,BIOLOGY B,WILLIAM BAUR,10,2027,F,1.57 pts,11.86,,340,,Yes
33,5/6/25,5,S2,CTE101 / 25,MEDICAL CAREER & TERMS/B,DONNA SCHATZ,10,2027,C+,2.69 pts,6.00,,20,,#N/A
33,5/6/25,6,S2,SOC109 / 46,WORLD HISTORY/B,DAVE HAJEK,10,2027,B-,2.82 pts,6.29,,20,,#N/A
33,5/6/25,1,S2,SOC702 / 21,US HISTORY/B,DAVE HAJEK,11,2026,F,0.58 pts,8.29,,21,,#N/A
31,4/22/25,3,S2,MAT702 / 23,ALGEBRA II B,JENNIFER REILLY,11,2026,B,2.95 pts,0.00,,339,,Yes
32,4/29/25,3,S2,MAT702 / 23,ALGEBRA II B,JENNIFER REILLY,11,2026,C+,2.53 pts,0.00,,339,,Yes
33,5/6/25,4,S2,HFL119 / 24,ADV CULINARY ARTS B,ALEXANDRA YOST,11,2026,A,3.97 pts,9.57,,21,,#N/A
33,5/6/25,5,S2,ENG702 / 25,JUNIOR ENG/B,JOHN CARVER,11,2026,D,1.69 pts,9.71,,21,,#N/A
33,5/6/25,6,S2,FAR113 / 26,INTRO TO ART AND DESIGN,ROBERT YEE,11,2026,,3.00 pts,5.14,,21,,#N/A
33,5/6/25,6,S2,FAR114 / 26,INTERMEDIATE ART,ROBERT YEE,11,2026,,,4.00,,21,,#N/A
33,5/6/25,1,S2,PED513 / 21,TEAM GAMES,SCOTT DIZMANG,11,2026,A,3.68 pts,2.43,,22,,#N/A
33,5/6/25,2,S2,HFL115 / 22,ADVANCED PASTRY ARTS I,KAYLA PAYNE,11,2026,A,3.99 pts,2.43,,22,,#N/A
33,5/6/25,3,S2,MAT702 / 23,ALGEBRA II B,JENNIFER REILLY,11,2026,C+,2.51 pts,0.00,,339,,Yes
33,5/6/25,4,S2,SCI504 / 44,PHYSICAL SCIENCE B,WILLIAM BAUR,11,2026,B+,3.26 pts,2.00,,22,,#N/A
33,5/6/25,5,S2,SOC702 / 25,US HISTORY/B,DAVE HAJEK,11,2026,B-,2.87 pts,2.57,,22,,#N/A
33,5/6/25,6,S2,ENG702 / 26,JUNIOR ENG/B,JOHN CARVER,11,2026,B,3.08 pts,2.43,,22,,#N/A
33,5/6/25,1,S2,MAT705 / 21,PRE-CALC B MAT 154,BRIAN ANDERSON,12,2025,C-,2.13 pts,1.75,,24,,#N/A
33,5/6/25,2,S2,RUN102 / 22,RUNNING START/B,,12,2025,,,0.00,,24,,#N/A
33,5/6/25,3,S2,RUN102 / 23,RUNNING START/B,,12,2025,,,0.00,,24,,#N/A
33,5/6/25,4,S2,RUN102 / 24,RUNNING START/B,,12,2025,,,0.00,,24,,#N/A
33,5/6/25,5,S2,ENG802 / 25,SENIOR ENG/B,HEATHER CARVER,12,2025,B,2.98 pts,1.25,,24,,#N/A
33,5/6/25,6,S2,SOC801 / 26,CONTEMPORARY WORLD ISSUES,JIM REED,12,2025,A,3.67 pts,1.50,,24,,#N/A
33,5/6/25,1,S2,PED500 / 21,WEIGHT TRAINING,SCOTT BOOTHBY,09,2028,B+,3.23 pts,1.00,,25,,#N/A
33,5/6/25,2,S2,SCI504 / 42,PHYSICAL SCIENCE B,WILLIAM BAUR,09,2028,F,1.40 pts,1.00,,25,,#N/A
33,5/6/25,3,S2,FAR108 / 23,CERAMICS I,ROBERT YEE,09,2028,D,1.69 pts,1.00,,25,,#N/A
33,5/6/25,4,S2,CTE230 / 24,SOCIAL MEDIA MARKETING I,NICOLE SIMEK,09,2028,F,1.55 pts,1.00,,25,,#N/A
33,5/6/25,5,S2,MAT521 / 25,ALGEBRA I B,KEVIN REILLY,09,2028,C,2.29 pts,1.00,,25,,#N/A
34,5/13/25,3,S2,MAT702 / 23,ALGEBRA II B,JENNIFER REILLY,11,2026,C,2.21 pts,1.33,,339,,Yes
33,5/6/25,1,S2,ENG702 / 21,JUNIOR ENG/B,JOHN CARVER,11,2026,F,1.32 pts,20.57,,26,,#N/A
33,5/6/25,2,S2,SCI504 / 22,PHYSICAL SCIENCE B,JAMES BENNETT,11,2026,D,1.76 pts,17.86,,26,,#N/A
31,4/22/25,4,S2,MAT523 / 24,GEOMETRY B,ROCHELLE AITON,10,2027,C,2.48 pts,4.00,,338,,Yes
33,5/6/25,4,S2,SOC702 / 24,US HISTORY/B,DAVE HAJEK,11,2026,D+,1.90 pts,14.57,,26,,#N/A
33,5/6/25,5,S2,ONT401 / 25,ON-TRACK/B,ROBERT YEE,11,2026,F,0.00 pts,17.43,,26,,#N/A
33,5/6/25,6,S2,FAR113 / 26,INTRO TO ART AND DESIGN,ROBERT YEE,11,2026,F,0.00 pts,17.57,,26,,#N/A
33,5/6/25,1,S2,MAT702 / 21,ALGEBRA II B,JENNIFER REILLY,11,2026,B,2.95 pts,8.71,,29,,#N/A
33,5/6/25,2,S2,SCI504 / 42,PHYSICAL SCIENCE B,WILLIAM BAUR,11,2026,B+,3.37 pts,7.57,,29,,#N/A
33,5/6/25,3,S2,ENG720 / 23,AP LANGUAGE/ COMPOSITON B,HEATHER CARVER,11,2026,D+,1.97 pts,6.57,,29,,#N/A
33,5/6/25,4,S2,ASL506 / 24,AMER SIGN III/B,TAMI GRANT,11,2026,A-,3.50 pts,4.71,,29,,#N/A
33,5/6/25,5,S2,CTE502 / 25,PROJECT IN  LEADERSHIP/B,KYLA RITCHEY,11,2026,A,3.64 pts,4.00,,29,,#N/A
31,4/22/25,5,S2,ENG602 / 25,SOPH ENG/B,MARCEE SALAS,10,2027,B,2.98 pts,4.00,,338,,Yes
33,5/6/25,1,S2,ENG802 / 21,SENIOR ENG/B,HEATHER CARVER,12,2025,F,0.83 pts,3.43,,27,,#N/A
32,4/29/25,4,S2,MAT523 / 24,GEOMETRY B,ROCHELLE AITON,10,2027,C+,2.62 pts,4.00,,338,,Yes
33,5/6/25,3,S2,ONT401 / 23,ON-TRACK/B,BRIAN ANDERSON,12,2025,U,0.11 pts,3.14,,27,,#N/A
33,5/6/25,4,S2,SOC801 / 24,CONTEMPORARY WORLD ISSUES,JIM REED,12,2025,F,0.93 pts,4.00,,27,,#N/A
33,5/6/25,5,S2,CTE101 / 25,MEDICAL CAREER & TERMS/B,DONNA SCHATZ,12,2025,F,0.89 pts,4.29,,27,,#N/A
33,5/6/25,6,S2,ENG715 / 26,FILM AS LITERATURE,KELLY GREGERSEN,12,2025,F,1.05 pts,4.43,,27,,#N/A
33,5/6/25,1,S2,ENG602 / 21,SOPH ENG/B,MARCEE SALAS,10,2027,C,2.42 pts,2.71,,28,,#N/A
33,5/6/25,2,S2,SCI602 / 42,BIOLOGY B,DONNA SCHATZ,10,2027,D+,1.91 pts,3.00,,28,,#N/A
33,5/6/25,3,S2,ASL502 / 23,AMERICAN  SIGN LANGUAGE I/B,KYLA RITCHEY,10,2027,C,2.48 pts,2.71,,28,,#N/A
32,4/29/25,5,S2,ENG602 / 25,SOPH ENG/B,MARCEE SALAS,10,2027,B-,2.76 pts,4.00,,338,,Yes
33,5/6/25,5,S2,HFL116 / 25,BAKING PASTRY ARTS I,KAYLA PAYNE,10,2027,A,3.77 pts,2.71,,28,,#N/A
33,5/6/25,6,S2,SOC109 / 26,WORLD HISTORY/B,RYAN ISAACSON,10,2027,F,1.34 pts,3.14,,28,,#N/A
33,5/6/25,1,S2,ENG802 / 21,SENIOR ENG/B,HEATHER CARVER,12,2025,C-,2.17 pts,12.57,,30,,#N/A
33,5/6/25,2,S2,ASL504 / 22,AMERICAN SIGN LANGUAGE II/B,TAMI GRANT,12,2025,A-,3.47 pts,9.43,,30,,#N/A
33,5/6/25,3,S2,HFL113 / 23,INTRO CULINARY ART,ALEXANDRA YOST,12,2025,B,3.03 pts,10.43,,30,,#N/A
33,5/6/25,4,S2,SOC801 / 24,CONTEMPORARY WORLD ISSUES,JIM REED,12,2025,B-,2.75 pts,10.14,,30,,#N/A
33,5/6/25,4,S2,MAT523 / 24,GEOMETRY B,ROCHELLE AITON,10,2027,C+,2.62 pts,4.00,,338,,Yes
33,5/6/25,6,S2,VOC621 / 26,METAL CRAFTS & PRODUCTION II,DONALD O'BRIEN,12,2025,B,3.06 pts,11.57,,30,,#N/A
33,5/6/25,1,S2,SOC109 / 21,WORLD HISTORY/B,DAVID HOLLINGSWORTH,10,2027,C+,2.67 pts,2.14,,32,,#N/A
33,5/6/25,2,S2,HFL114 / 22,FAMILY HEALTH,THOMAS KESSINGER,10,2027,A,3.67 pts,2.00,,32,,#N/A
33,5/6/25,3,S2,SCI602 / 43,BIOLOGY B,DONNA SCHATZ,10,2027,B+,3.22 pts,2.00,,32,,#N/A
33,5/6/25,5,S2,ENG602 / 25,SOPH ENG/B,MARCEE SALAS,10,2027,B-,2.76 pts,4.00,,338,,Yes
33,5/6/25,5,S2,ASL504 / 25,AMERICAN SIGN LANGUAGE II/B,TAMI GRANT,10,2027,B,2.92 pts,3.14,,32,,#N/A
33,5/6/25,6,S2,ENG602 / 26,SOPH ENG/B,MARCEE SALAS,10,2027,C,2.35 pts,3.14,,32,,#N/A
33,5/6/25,1,S2,PED513 / 21,TEAM GAMES,SCOTT DIZMANG,10,2027,A,4.00 pts,1.43,,33,,#N/A
34,5/13/25,4,S2,MAT523 / 24,GEOMETRY B,ROCHELLE AITON,10,2027,C,2.29 pts,4.00,,338,,Yes
33,5/6/25,3,S2,ASL502 / 23,AMERICAN  SIGN LANGUAGE I/B,KYLA RITCHEY,10,2027,C+,2.54 pts,1.43,,33,,#N/A
33,5/6/25,4,S2,SOC109 / 24,WORLD HISTORY/B,DAVID HOLLINGSWORTH,10,2027,F,0.92 pts,1.43,,33,,#N/A
34,5/13/25,5,S2,ENG602 / 25,SOPH ENG/B,MARCEE SALAS,10,2027,C+,2.69 pts,4.14,,338,,Yes
31,4/22/25,6,S2,SCI602 / 46,BIOLOGY B,WILLIAM BAUR,10,2027,B-,2.78 pts,4.57,,337,,Yes
33,5/6/25,1,S2,VOC504 / 21,ADV FINE ARTS WOODWORKING I,BRENT MANSELL,10,2027,F,1.31 pts,15.14,,34,,#N/A
32,4/29/25,6,S2,SCI602 / 46,BIOLOGY B,WILLIAM BAUR,10,2027,B-,2.77 pts,4.57,,337,,Yes
33,5/6/25,6,S2,SCI602 / 46,BIOLOGY B,WILLIAM BAUR,10,2027,B-,2.77 pts,5.57,,337,,Yes
33,5/6/25,4,S2,PED513 / 24,TEAM GAMES,SCOTT DIZMANG,10,2027,F,0.83 pts,15.14,,34,,#N/A
33,5/6/25,5,S2,SCI602 / 25,BIOLOGY B,GRANT MERRILL,10,2027,F,0.48 pts,12.29,,34,,#N/A
33,5/6/25,6,S2,SOC109 / 26,WORLD HISTORY/B,RYAN ISAACSON,10,2027,F,0.32 pts,10.14,,34,,#N/A
33,5/6/25,1,S2,ENG802 / 21,SENIOR ENG/B,HEATHER CARVER,12,2025,D+,1.94 pts,1.00,,35,,#N/A
33,5/6/25,2,S2,SCI504 / 22,PHYSICAL SCIENCE B,JAMES BENNETT,12,2025,C,2.25 pts,2.57,,35,,#N/A
33,5/6/25,3,S2,SOC801 / 23,CONTEMPORARY WORLD ISSUES,JIM REED,12,2025,C,2.35 pts,1.14,,35,,#N/A
33,5/6/25,4,S2,MAT521 / 24,ALGEBRA I B,KEVIN REILLY,12,2025,C-,2.09 pts,1.57,,35,,#N/A
33,5/6/25,5,S2,ONT401 / 25,ON-TRACK/B,ROBERT YEE,12,2025,C-,2.00 pts,2.29,,35,,#N/A
34,5/13/25,6,S2,SCI602 / 46,BIOLOGY B,WILLIAM BAUR,10,2027,B,2.94 pts,6.29,,337,,Yes
33,5/6/25,1,S2,CTE115 / 21,ENGINEERING B,JASON BLAESING,11,2026,F,1.63 pts,0.57,,36,,#N/A
31,4/22/25,6,S2,MAT702 / 26,ALGEBRA II B,JASON BLAESING,11,2026,B+,3.35 pts,5.00,,336,,Yes
33,5/6/25,3,S2,FAR604 / 23,SCENE DESIGN,KELLY GREGERSEN,11,2026,B,2.94 pts,0.00,,36,,#N/A
33,5/6/25,4,S2,ENG702 / 24,JUNIOR ENG/B,JOHN CARVER,11,2026,C,2.31 pts,0.00,,36,,#N/A
33,5/6/25,5,S2,SOC702 / 25,US HISTORY/B,DAVE HAJEK,11,2026,C,2.36 pts,0.29,,36,,#N/A
33,5/6/25,6,S2,FAR543 / 26,WIND ENSEMB/B,DAVID DUARTE,11,2026,A,3.71 pts,0.43,,36,,#N/A
33,5/6/25,1,S2,PED500 / 21,WEIGHT TRAINING,SCOTT BOOTHBY,11,2026,C+,2.59 pts,11.14,,37,,#N/A
33,5/6/25,2,S2,SCI504 / 22,PHYSICAL SCIENCE B,JAMES BENNETT,11,2026,F,1.23 pts,10.86,,37,,#N/A
33,5/6/25,3,S2,ONT401 / 23,ON-TRACK/B,BRIAN ANDERSON,11,2026,U,0.18 pts,10.86,,37,,#N/A
33,5/6/25,4,S2,ENG716 / 24,DRAMATIC LITERATURE,KELLY GREGERSEN,11,2026,F,1.38 pts,11.29,,37,,#N/A
32,4/29/25,6,S2,MAT702 / 26,ALGEBRA II B,JASON BLAESING,11,2026,A-,3.58 pts,5.00,,336,,Yes
33,5/6/25,6,S2,MAT702 / 26,ALGEBRA II B,JASON BLAESING,11,2026,A-,3.56 pts,6.00,,336,,Yes
34,5/13/25,6,S2,MAT702 / 26,ALGEBRA II B,JASON BLAESING,11,2026,B+,3.37 pts,6.00,,336,,Yes
33,5/6/25,2,S2,VOC107 / 22,METALS MANUF & TECHNOLOGY II,DONALD O'BRIEN,10,2027,C,2.25 pts,11.14,,38,,#N/A
33,5/6/25,3,S2,SCI602 / 43,BIOLOGY B,DONNA SCHATZ,10,2027,B,2.99 pts,10.86,,38,,#N/A
33,5/6/25,4,S2,SOC109 / 24,WORLD HISTORY/B,DAVID HOLLINGSWORTH,10,2027,B-,2.81 pts,10.86,,38,,#N/A
31,4/22/25,2,S2,MAT523 / 22,GEOMETRY B,ROCHELLE AITON,10,2027,C+,2.66 pts,1.00,,335,,Yes
33,5/6/25,6,S2,PED500 / 26,WEIGHT TRAINING,SCOTT DIZMANG,10,2027,B+,3.38 pts,10.71,,38,,#N/A
33,5/6/25,1,S2,VOC620 / 21,METAL CRAFTS & PRODUCTION I,DONALD O'BRIEN,10,2027,C+,2.50 pts,3.43,,39,,#N/A
33,5/6/25,2,S2,SOC109 / 22,WORLD HISTORY/B,DAVID HOLLINGSWORTH,10,2027,C,2.46 pts,3.29,,39,,#N/A
31,4/22/25,3,S2,SCI602 / 23,BIOLOGY B,GRANT MERRILL,10,2027,C+,2.50 pts,1.00,,335,,Yes
33,5/6/25,4,S2,VOC503 / 24,FINE ARTS WOODS II,BRENT MANSELL,10,2027,C+,2.69 pts,2.71,,39,,#N/A
32,4/29/25,2,S2,MAT523 / 22,GEOMETRY B,ROCHELLE AITON,10,2027,B-,2.76 pts,1.00,,335,,Yes
32,4/29/25,3,S2,SCI602 / 23,BIOLOGY B,GRANT MERRILL,10,2027,B-,2.73 pts,1.00,,335,,Yes
33,5/6/25,1,S2,ENG702 / 21,JUNIOR ENG/B,JOHN CARVER,11,2026,C,2.28 pts,1.14,,40,,#N/A
33,5/6/25,2,S2,MAT523 / 22,GEOMETRY B,ROCHELLE AITON,10,2027,B-,2.76 pts,1.00,,335,,Yes
33,5/6/25,3,S2,SCI504 / 43,PHYSICAL SCIENCE B,WILLIAM BAUR,11,2026,D,1.66 pts,1.00,,40,,#N/A
33,5/6/25,4,S2,VOC504 / 24,ADV FINE ARTS WOODWORKING I,BRENT MANSELL,11,2026,F,1.38 pts,1.00,,40,,#N/A
33,5/6/25,5,S2,SPA602 / 25,SPANISH II B,ARELI LOPEZ LOPEZ,11,2026,C,2.39 pts,1.00,,40,,#N/A
33,5/6/25,3,S2,SCI602 / 23,BIOLOGY B,GRANT MERRILL,10,2027,C,2.36 pts,1.00,,335,,Yes
33,5/6/25,1,S2,MAT702 / 21,ALGEBRA II B,JENNIFER REILLY,11,2026,B,3.14 pts,6.57,,47,,#N/A
34,5/13/25,2,S2,MAT523 / 22,GEOMETRY B,ROCHELLE AITON,10,2027,C+,2.60 pts,1.00,,335,,Yes
33,5/6/25,3,S2,ASL504 / 23,AMERICAN SIGN LANGUAGE II/B,TAMI GRANT,11,2026,B+,3.22 pts,6.00,,47,,#N/A
33,5/6/25,4,S2,SOC702 / 24,US HISTORY/B,DAVE HAJEK,11,2026,D+,1.93 pts,6.00,,47,,#N/A
33,5/6/25,5,S2,PED500 / 25,WEIGHT TRAINING,SCOTT DIZMANG,11,2026,A-,3.50 pts,6.00,,47,,#N/A
33,5/6/25,6,S2,ENG702 / 26,JUNIOR ENG/B,JOHN CARVER,11,2026,B,3.05 pts,6.00,,47,,#N/A
33,5/6/25,1,S2,ENG702 / 21,JUNIOR ENG/B,JOHN CARVER,11,2026,C,2.32 pts,1.00,,41,,#N/A
33,5/6/25,2,S2,SCI504 / 42,PHYSICAL SCIENCE B,WILLIAM BAUR,11,2026,D+,1.89 pts,0.00,,41,,#N/A
33,5/6/25,3,S2,ASL504 / 23,AMERICAN SIGN LANGUAGE II/B,TAMI GRANT,11,2026,A,3.86 pts,0.14,,41,,#N/A
33,5/6/25,4,S2,SOC702 / 24,US HISTORY/B,DAVE HAJEK,11,2026,D+,1.84 pts,0.43,,41,,#N/A
34,5/13/25,3,S2,SCI602 / 23,BIOLOGY B,GRANT MERRILL,10,2027,C,2.24 pts,1.14,,335,,Yes
33,5/6/25,6,S2,FAR113 / 26,INTRO TO ART AND DESIGN,ROBERT YEE,11,2026,C-,2.04 pts,0.57,,41,,#N/A
33,5/6/25,1,S2,FAR607 / 21,ADVANCED ACTING/ B,KELLY GREGERSEN,12,2025,D,1.69 pts,1.14,,42,,#N/A
31,4/22/25,5,S2,MAT523 / 25,GEOMETRY B,BRIAN ANDERSON,10,2027,B+,3.24 pts,11.71,,334,,Yes
33,5/6/25,3,S2,ENG802 / 23,SENIOR ENG/B,JOHN CARVER,12,2025,F,0.81 pts,1.14,,42,,#N/A
33,5/6/25,4,S2,HFL119 / 24,ADV CULINARY ARTS B,ALEXANDRA YOST,12,2025,A,3.97 pts,1.00,,42,,#N/A
32,4/29/25,5,S2,MAT523 / 25,GEOMETRY B,BRIAN ANDERSON,10,2027,B,3.18 pts,13.71,,334,,Yes
33,5/6/25,6,S2,FAR543 / 26,WIND ENSEMB/B,DAVID DUARTE,12,2025,A-,3.58 pts,1.14,,42,,#N/A
33,5/6/25,1,S2,ENG702 / 21,JUNIOR ENG/B,JOHN CARVER,11,2026,C,2.27 pts,11.57,,43,,#N/A
33,5/6/25,2,S2,SCI504 / 22,PHYSICAL SCIENCE B,JAMES BENNETT,11,2026,D+,1.88 pts,11.29,,43,,#N/A
33,5/6/25,3,S2,ASL504 / 23,AMERICAN SIGN LANGUAGE II/B,TAMI GRANT,11,2026,B+,3.25 pts,10.00,,43,,#N/A
33,5/6/25,4,S2,SOC702 / 24,US HISTORY/B,DAVE HAJEK,11,2026,C+,2.54 pts,10.14,,43,,#N/A
33,5/6/25,5,S2,SOC106 / 25,AP PSYCHOLOGY B,JIM REED,11,2026,C-,2.07 pts,10.14,,43,,#N/A
33,5/6/25,5,S2,MAT523 / 25,GEOMETRY B,BRIAN ANDERSON,10,2027,C,2.43 pts,16.14,,334,,Yes
34,5/13/25,5,S2,MAT523 / 25,GEOMETRY B,BRIAN ANDERSON,10,2027,B+,3.37 pts,17.57,,334,,Yes
33,5/6/25,2,S2,SCI602 / 42,BIOLOGY B,DONNA SCHATZ,10,2027,D+,1.99 pts,14.14,,44,,#N/A
33,5/6/25,3,S2,FAR604 / 23,SCENE DESIGN,KELLY GREGERSEN,10,2027,C,2.48 pts,16.00,,44,,#N/A
33,5/6/25,4,S2,HFL113 / 24,INTRO CULINARY ART,KAYLA PAYNE,10,2027,A-,3.49 pts,12.57,,44,,#N/A
31,4/22/25,3,S2,SCI602 / 23,BIOLOGY B,GRANT MERRILL,10,2027,C,2.44 pts,9.00,,333,,Yes
33,5/6/25,6,S2,SOC109 / 26,WORLD HISTORY/B,RYAN ISAACSON,10,2027,F,0.02 pts,17.14,,44,,#N/A
33,5/6/25,1,S2,PED101 / 21,PHYSICAL EDUCATION,KATHERINE STURDYVIN-SCOBBA,11,2026,A,3.95 pts,2.29,,45,,#N/A
31,4/22/25,5,S2,ENG602 / 25,SOPH ENG/B,MARCEE SALAS,10,2027,F,1.54 pts,9.00,,333,,Yes
33,5/6/25,3,S2,ENG720 / 23,AP LANGUAGE/ COMPOSITON B,HEATHER CARVER,11,2026,F,1.45 pts,2.14,,45,,#N/A
33,5/6/25,4,S2,CTE231 / 24,SOCIAL MEDIA MARKETING II,NICOLE SIMEK,11,2026,B+,3.35 pts,2.14,,45,,#N/A
33,5/6/25,5,S2,SOC704 / 25,AP US HISTORY B,RYAN ISAACSON,11,2026,D+,1.84 pts,2.14,,45,,#N/A
32,4/29/25,3,S2,SCI602 / 23,BIOLOGY B,GRANT MERRILL,10,2027,D,1.73 pts,9.14,,333,,Yes
33,5/6/25,1,S2,SOC109 / 21,WORLD HISTORY/B,DAVID HOLLINGSWORTH,10,2027,F,1.12 pts,12.43,,48,,#N/A
32,4/29/25,5,S2,ENG602 / 25,SOPH ENG/B,MARCEE SALAS,10,2027,F,1.39 pts,9.14,,333,,Yes
33,5/6/25,3,S2,PED101 / 23,PHYSICAL EDUCATION,SCOTT DIZMANG,10,2027,B+,3.37 pts,12.43,,48,,#N/A
33,5/6/25,4,S2,VOC504 / 24,ADV FINE ARTS WOODWORKING I,BRENT MANSELL,10,2027,F,1.31 pts,12.00,,48,,#N/A
33,5/6/25,3,S2,SCI602 / 23,BIOLOGY B,GRANT MERRILL,10,2027,C+,2.58 pts,9.14,,333,,Yes
33,5/6/25,5,S2,ENG602 / 25,SOPH ENG/B,MARCEE SALAS,10,2027,F,1.51 pts,9.14,,333,,Yes
34,5/13/25,3,S2,SCI602 / 23,BIOLOGY B,GRANT MERRILL,10,2027,B,3.04 pts,9.14,,333,,Yes
33,5/6/25,2,S2,ENG802 / 22,SENIOR ENG/B,MARCEE SALAS,12,2025,C,2.38 pts,10.14,,49,,#N/A
33,5/6/25,3,S2,SOC801 / 23,CONTEMPORARY WORLD ISSUES,JIM REED,12,2025,F,1.50 pts,9.57,,49,,#N/A
33,5/6/25,4,S2,FAR110 / 24,CERAMICS III,ROBERT YEE,12,2025,B,3.00 pts,9.71,,49,,#N/A
33,5/6/25,5,S2,ONT401 / 25,ON-TRACK/B,ROBERT YEE,12,2025,F,0.00 pts,9.29,,49,,#N/A
34,5/13/25,5,S2,ENG602 / 25,SOPH ENG/B,MARCEE SALAS,10,2027,F,1.62 pts,9.14,,333,,Yes
31,4/22/25,3,S2,BUS302 / 23,PERSONAL FINANCE B,NICOLE SIMEK,12,2025,B,3.10 pts,4.43,,332,,Yes
32,4/29/25,3,S2,BUS302 / 23,PERSONAL FINANCE B,NICOLE SIMEK,12,2025,B,3.17 pts,5.43,,332,,Yes
33,5/6/25,3,S2,BUS302 / 23,PERSONAL FINANCE B,NICOLE SIMEK,12,2025,C+,2.52 pts,5.71,,332,,Yes
34,5/13/25,3,S2,BUS302 / 23,PERSONAL FINANCE B,NICOLE SIMEK,12,2025,D+,1.89 pts,6.14,,332,,Yes
31,4/22/25,3,S2,BUS302 / 23,PERSONAL FINANCE B,NICOLE SIMEK,12,2025,F,1.64 pts,27.57,,331,,Yes
32,4/29/25,3,S2,BUS302 / 23,PERSONAL FINANCE B,NICOLE SIMEK,12,2025,F,1.59 pts,32.00,,331,,Yes
33,5/6/25,3,S2,BUS302 / 23,PERSONAL FINANCE B,NICOLE SIMEK,12,2025,F,1.11 pts,34.43,,331,,Yes
34,5/13/25,3,S2,BUS302 / 23,PERSONAL FINANCE B,NICOLE SIMEK,12,2025,F,0.83 pts,39.29,,331,,Yes
31,4/22/25,6,S2,SCI602 / 46,BIOLOGY B,WILLIAM BAUR,10,2027,F,1.51 pts,1.14,,330,,Yes
32,4/29/25,6,S2,SCI602 / 46,BIOLOGY B,WILLIAM BAUR,10,2027,F,1.61 pts,1.14,,330,,Yes
33,5/6/25,6,S2,SCI602 / 46,BIOLOGY B,WILLIAM BAUR,10,2027,F,1.18 pts,1.14,,330,,Yes
34,5/13/25,6,S2,SCI602 / 46,BIOLOGY B,WILLIAM BAUR,10,2027,F,1.44 pts,1.57,,330,,Yes
31,4/22/25,2,S2,BUS302 / 22,PERSONAL FINANCE B,NICOLE SIMEK,11,2026,A-,3.43 pts,0.29,,327,,Yes
31,4/22/25,6,S2,SOC702 / 26,US HISTORY/B,SCOTT BOOTHBY,11,2026,B+,3.24 pts,0.00,,327,,Yes
32,4/29/25,2,S2,BUS302 / 22,PERSONAL FINANCE B,NICOLE SIMEK,11,2026,B,3.00 pts,0.29,,327,,Yes
32,4/29/25,6,S2,SOC702 / 26,US HISTORY/B,SCOTT BOOTHBY,11,2026,B+,3.23 pts,0.00,,327,,Yes
33,5/6/25,2,S2,BUS302 / 22,PERSONAL FINANCE B,NICOLE SIMEK,11,2026,B,3.09 pts,0.29,,327,,Yes
33,5/6/25,6,S2,SOC702 / 26,US HISTORY/B,SCOTT BOOTHBY,11,2026,B+,3.23 pts,0.00,,327,,Yes
34,5/13/25,2,S2,BUS302 / 22,PERSONAL FINANCE B,NICOLE SIMEK,11,2026,B+,3.31 pts,0.29,,327,,Yes
34,5/13/25,6,S2,SOC702 / 26,US HISTORY/B,SCOTT BOOTHBY,11,2026,B+,3.32 pts,0.00,,327,,Yes
31,4/22/25,3,S2,BUS302 / 23,PERSONAL FINANCE B,NICOLE SIMEK,12,2025,A,3.78 pts,2.83,,326,,Yes
32,4/29/25,3,S2,BUS302 / 23,PERSONAL FINANCE B,NICOLE SIMEK,12,2025,A,3.61 pts,3.00,,326,,Yes
33,5/6/25,3,S2,BUS302 / 23,PERSONAL FINANCE B,NICOLE SIMEK,12,2025,A,3.60 pts,3.00,,326,,Yes
34,5/13/25,3,S2,BUS302 / 23,PERSONAL FINANCE B,NICOLE SIMEK,12,2025,A,3.68 pts,3.33,,326,,Yes
31,4/22/25,2,S2,BUS302 / 22,PERSONAL FINANCE B,NICOLE SIMEK,12,2025,A,3.86 pts,6.00,,325,,Yes
32,4/29/25,2,S2,BUS302 / 22,PERSONAL FINANCE B,NICOLE SIMEK,12,2025,A,3.87 pts,8.00,,325,,Yes
33,5/6/25,2,S2,BUS302 / 22,PERSONAL FINANCE B,NICOLE SIMEK,12,2025,A,3.86 pts,8.00,,325,,Yes
34,5/13/25,2,S2,BUS302 / 22,PERSONAL FINANCE B,NICOLE SIMEK,12,2025,A,3.89 pts,9.00,,325,,Yes
31,4/22/25,2,S2,ENG602 / 22,SOPH ENG/B,KELLY GREGERSEN,10,2027,A-,3.55 pts,0.71,,324,,Yes
31,4/22/25,4,S2,MAT523 / 24,GEOMETRY B,ROCHELLE AITON,10,2027,B,3.16 pts,0.00,,324,,Yes
32,4/29/25,2,S2,ENG602 / 22,SOPH ENG/B,KELLY GREGERSEN,10,2027,A-,3.52 pts,1.00,,324,,Yes
32,4/29/25,4,S2,MAT523 / 24,GEOMETRY B,ROCHELLE AITON,10,2027,B,3.07 pts,0.00,,324,,Yes
33,5/6/25,2,S2,ENG602 / 22,SOPH ENG/B,KELLY GREGERSEN,10,2027,A-,3.52 pts,1.00,,324,,Yes
33,5/6/25,4,S2,MAT523 / 24,GEOMETRY B,ROCHELLE AITON,10,2027,B,3.07 pts,0.00,,324,,Yes
34,5/13/25,2,S2,ENG602 / 22,SOPH ENG/B,KELLY GREGERSEN,10,2027,A-,3.51 pts,1.00,,324,,Yes
34,5/13/25,4,S2,MAT523 / 24,GEOMETRY B,ROCHELLE AITON,10,2027,B,2.91 pts,0.00,,324,,Yes
31,4/22/25,3,S2,BUS302 / 23,PERSONAL FINANCE B,NICOLE SIMEK,12,2025,B+,3.34 pts,3.29,,323,,Yes
32,4/29/25,3,S2,BUS302 / 23,PERSONAL FINANCE B,NICOLE SIMEK,12,2025,A-,3.41 pts,3.71,,323,,Yes
33,5/6/25,3,S2,BUS302 / 23,PERSONAL FINANCE B,NICOLE SIMEK,12,2025,B-,2.76 pts,4.14,,323,,Yes
34,5/13/25,3,S2,BUS302 / 23,PERSONAL FINANCE B,NICOLE SIMEK,12,2025,C-,2.08 pts,4.14,,323,,Yes
31,4/22/25,2,S2,BUS302 / 22,PERSONAL FINANCE B,NICOLE SIMEK,12,2025,C+,2.51 pts,10.71,,322,,Yes
32,4/29/25,2,S2,BUS302 / 22,PERSONAL FINANCE B,NICOLE SIMEK,12,2025,C,2.21 pts,12.57,,322,,Yes
33,5/6/25,2,S2,BUS302 / 22,PERSONAL FINANCE B,NICOLE SIMEK,12,2025,F,1.56 pts,13.43,,322,,Yes
34,5/13/25,2,S2,BUS302 / 22,PERSONAL FINANCE B,NICOLE SIMEK,12,2025,F,1.17 pts,15.71,,322,,Yes
31,4/22/25,2,S2,BUS302 / 22,PERSONAL FINANCE B,NICOLE SIMEK,12,2025,F,0.22 pts,34.21,,321,,Yes
32,4/29/25,2,S2,BUS302 / 22,PERSONAL FINANCE B,NICOLE SIMEK,12,2025,F,0.13 pts,38.55,,321,,Yes
33,5/6/25,2,S2,BUS302 / 22,PERSONAL FINANCE B,NICOLE SIMEK,12,2025,F,0.13 pts,42.05,,321,,Yes
34,5/13/25,2,S2,BUS302 / 22,PERSONAL FINANCE B,NICOLE SIMEK,12,2025,F,0.10 pts,46.21,,321,,Yes
31,4/22/25,2,S2,MAT702 / 22,ALGEBRA II B,JASON BLAESING,11,2026,A-,3.50 pts,0.00,,320,,Yes
31,4/22/25,6,S2,SOC702 / 26,US HISTORY/B,SCOTT BOOTHBY,11,2026,B,3.15 pts,1.43,,320,,Yes
32,4/29/25,2,S2,MAT702 / 22,ALGEBRA II B,JASON BLAESING,11,2026,A-,3.57 pts,1.00,,320,,Yes
32,4/29/25,6,S2,SOC702 / 26,US HISTORY/B,SCOTT BOOTHBY,11,2026,B,3.15 pts,2.43,,320,,Yes
33,5/6/25,2,S2,MAT702 / 22,ALGEBRA II B,JASON BLAESING,11,2026,A-,3.57 pts,1.00,,320,,Yes
33,5/6/25,6,S2,SOC702 / 26,US HISTORY/B,SCOTT BOOTHBY,11,2026,B,3.14 pts,2.43,,320,,Yes
34,5/13/25,2,S2,MAT702 / 22,ALGEBRA II B,JASON BLAESING,11,2026,A-,3.51 pts,1.00,,320,,Yes
34,5/13/25,6,S2,SOC702 / 26,US HISTORY/B,SCOTT BOOTHBY,11,2026,B,3.12 pts,2.43,,320,,Yes
31,4/22/25,2,S2,MAT702 / 22,ALGEBRA II B,JASON BLAESING,11,2026,A-,3.43 pts,1.33,,319,,Yes
32,4/29/25,2,S2,MAT702 / 22,ALGEBRA II B,JASON BLAESING,11,2026,A-,3.49 pts,1.33,,319,,Yes
33,5/6/25,2,S2,MAT702 / 22,ALGEBRA II B,JASON BLAESING,11,2026,A-,3.47 pts,2.00,,319,,Yes
34,5/13/25,2,S2,MAT702 / 22,ALGEBRA II B,JASON BLAESING,11,2026,B,3.18 pts,2.33,,319,,Yes
31,4/22/25,1,S2,MAT523 / 21,GEOMETRY B,ROCHELLE AITON,10,2027,C+,2.56 pts,6.86,,318,,Yes
31,4/22/25,3,S2,SCI602 / 23,BIOLOGY B,GRANT MERRILL,10,2027,B,3.11 pts,8.14,,318,,Yes
32,4/29/25,1,S2,MAT523 / 21,GEOMETRY B,ROCHELLE AITON,10,2027,D,1.71 pts,7.86,,318,,Yes
32,4/29/25,3,S2,SCI602 / 23,BIOLOGY B,GRANT MERRILL,10,2027,B-,2.87 pts,9.86,,318,,Yes
33,5/6/25,1,S2,MAT523 / 21,GEOMETRY B,ROCHELLE AITON,10,2027,D,1.71 pts,7.86,,318,,Yes
33,5/6/25,3,S2,SCI602 / 23,BIOLOGY B,GRANT MERRILL,10,2027,C,2.47 pts,10.00,,318,,Yes
34,5/13/25,1,S2,MAT523 / 21,GEOMETRY B,ROCHELLE AITON,10,2027,C-,2.18 pts,9.29,,318,,Yes
34,5/13/25,3,S2,SCI602 / 23,BIOLOGY B,GRANT MERRILL,10,2027,D,1.68 pts,11.43,,318,,Yes
31,4/22/25,2,S2,ENG602 / 22,SOPH ENG/B,KELLY GREGERSEN,10,2027,D+,1.85 pts,15.57,,317,,Yes
31,4/22/25,3,S2,MAT523 / 23,GEOMETRY B,ROCHELLE AITON,10,2027,F,1.29 pts,14.57,,317,,Yes
31,4/22/25,4,S2,SCI602 / 24,BIOLOGY B,GRANT MERRILL,10,2027,F,1.44 pts,13.43,,317,,Yes
32,4/29/25,2,S2,ENG602 / 22,SOPH ENG/B,KELLY GREGERSEN,10,2027,D+,1.84 pts,16.71,,317,,Yes
32,4/29/25,3,S2,MAT523 / 23,GEOMETRY B,ROCHELLE AITON,10,2027,F,0.86 pts,15.57,,317,,Yes
32,4/29/25,4,S2,SCI602 / 24,BIOLOGY B,GRANT MERRILL,10,2027,D+,1.92 pts,14.29,,317,,Yes
33,5/6/25,2,S2,ENG602 / 22,SOPH ENG/B,KELLY GREGERSEN,10,2027,D+,1.84 pts,19.14,,317,,Yes
33,5/6/25,3,S2,MAT523 / 23,GEOMETRY B,ROCHELLE AITON,10,2027,F,0.86 pts,17.57,,317,,Yes
33,5/6/25,4,S2,SCI602 / 24,BIOLOGY B,GRANT MERRILL,10,2027,D+,1.92 pts,15.14,,317,,Yes
34,5/13/25,2,S2,ENG602 / 22,SOPH ENG/B,KELLY GREGERSEN,10,2027,D+,1.84 pts,21.14,,317,,Yes
34,5/13/25,3,S2,MAT523 / 23,GEOMETRY B,ROCHELLE AITON,10,2027,F,0.86 pts,19.86,,317,,Yes
34,5/13/25,4,S2,SCI602 / 24,BIOLOGY B,GRANT MERRILL,10,2027,F,1.62 pts,17.00,,317,,Yes
31,4/22/25,6,S2,MAT702 / 26,ALGEBRA II B,JASON BLAESING,11,2026,B,3.16 pts,7.29,,316,,Yes
32,4/29/25,6,S2,MAT702 / 26,ALGEBRA II B,JASON BLAESING,11,2026,B,3.00 pts,7.29,,316,,Yes
33,5/6/25,6,S2,MAT702 / 26,ALGEBRA II B,JASON BLAESING,11,2026,B+,3.39 pts,9.57,,316,,Yes
34,5/13/25,6,S2,MAT702 / 26,ALGEBRA II B,JASON BLAESING,11,2026,B,2.98 pts,9.57,,316,,Yes
31,4/22/25,2,S2,SCI610 / 22,CHEMISTRY/B,GRANT MERRILL,11,2026,B-,2.86 pts,0.29,,315,,Yes
31,4/22/25,4,S2,MAT702 / 24,ALGEBRA II B,JENNIFER REILLY,11,2026,A,3.99 pts,0.29,,315,,Yes
32,4/29/25,2,S2,SCI610 / 22,CHEMISTRY/B,GRANT MERRILL,11,2026,F,1.49 pts,1.71,,315,,Yes
32,4/29/25,4,S2,MAT702 / 24,ALGEBRA II B,JENNIFER REILLY,11,2026,A,3.98 pts,1.29,,315,,Yes
33,5/6/25,2,S2,SCI610 / 22,CHEMISTRY/B,GRANT MERRILL,11,2026,D+,1.97 pts,1.71,,315,,Yes
33,5/6/25,4,S2,MAT702 / 24,ALGEBRA II B,JENNIFER REILLY,11,2026,A,3.97 pts,1.86,,315,,Yes
34,5/13/25,2,S2,SCI610 / 22,CHEMISTRY/B,GRANT MERRILL,11,2026,D+,1.97 pts,2.00,,315,,Yes
34,5/13/25,4,S2,MAT702 / 24,ALGEBRA II B,JENNIFER REILLY,11,2026,A,3.98 pts,1.86,,315,,Yes
31,4/22/25,2,S2,MAT702 / 22,ALGEBRA II B,JASON BLAESING,11,2026,B-,2.81 pts,2.29,,314,,Yes
32,4/29/25,2,S2,MAT702 / 22,ALGEBRA II B,JASON BLAESING,11,2026,B,2.97 pts,2.29,,314,,Yes
33,5/6/25,2,S2,MAT702 / 22,ALGEBRA II B,JASON BLAESING,11,2026,B,2.96 pts,2.29,,314,,Yes
34,5/13/25,2,S2,MAT702 / 22,ALGEBRA II B,JASON BLAESING,11,2026,B-,2.72 pts,2.29,,314,,Yes
31,4/22/25,6,S2,MAT702 / 26,ALGEBRA II B,JASON BLAESING,11,2026,B+,3.37 pts,4.00,,313,,Yes
32,4/29/25,6,S2,MAT702 / 26,ALGEBRA II B,JASON BLAESING,11,2026,A-,3.46 pts,5.00,,313,,Yes
33,5/6/25,6,S2,MAT702 / 26,ALGEBRA II B,JASON BLAESING,11,2026,A-,3.46 pts,7.00,,313,,Yes
34,5/13/25,6,S2,MAT702 / 26,ALGEBRA II B,JASON BLAESING,11,2026,B,3.05 pts,9.00,,313,,Yes
31,4/22/25,2,S2,MAT702 / 22,ALGEBRA II B,JASON BLAESING,11,2026,C,2.32 pts,9.57,,312,,Yes
31,4/22/25,6,S2,SOC702 / 26,US HISTORY/B,SCOTT BOOTHBY,11,2026,C,2.22 pts,9.71,,312,,Yes
32,4/29/25,2,S2,MAT702 / 22,ALGEBRA II B,JASON BLAESING,11,2026,C,2.41 pts,10.71,,312,,Yes
32,4/29/25,6,S2,SOC702 / 26,US HISTORY/B,SCOTT BOOTHBY,11,2026,C,2.21 pts,10.86,,312,,Yes
33,5/6/25,2,S2,MAT702 / 22,ALGEBRA II B,JASON BLAESING,11,2026,C,2.40 pts,11.71,,312,,Yes
33,5/6/25,6,S2,SOC702 / 26,US HISTORY/B,SCOTT BOOTHBY,11,2026,C,2.22 pts,12.00,,312,,Yes
34,5/13/25,2,S2,MAT702 / 22,ALGEBRA II B,JASON BLAESING,11,2026,C,2.23 pts,11.71,,312,,Yes
34,5/13/25,6,S2,SOC702 / 26,US HISTORY/B,SCOTT BOOTHBY,11,2026,C-,2.09 pts,12.00,,312,,Yes
31,4/22/25,3,S2,SCI602 / 23,BIOLOGY B,GRANT MERRILL,10,2027,B+,3.21 pts,3.00,,310,,Yes
31,4/22/25,4,S2,MAT523 / 24,GEOMETRY B,ROCHELLE AITON,10,2027,C+,2.60 pts,3.00,,310,,Yes
32,4/29/25,3,S2,SCI602 / 23,BIOLOGY B,GRANT MERRILL,10,2027,B,2.96 pts,3.00,,310,,Yes
32,4/29/25,4,S2,MAT523 / 24,GEOMETRY B,ROCHELLE AITON,10,2027,B-,2.70 pts,3.00,,310,,Yes
33,5/6/25,3,S2,SCI602 / 23,BIOLOGY B,GRANT MERRILL,10,2027,B-,2.74 pts,3.00,,310,,Yes
33,5/6/25,4,S2,MAT523 / 24,GEOMETRY B,ROCHELLE AITON,10,2027,B-,2.70 pts,3.00,,310,,Yes
34,5/13/25,3,S2,SCI602 / 23,BIOLOGY B,GRANT MERRILL,10,2027,B,3.14 pts,3.00,,310,,Yes
34,5/13/25,4,S2,MAT523 / 24,GEOMETRY B,ROCHELLE AITON,10,2027,C+,2.54 pts,3.00,,310,,Yes
31,4/22/25,2,S2,ENG602 / 22,SOPH ENG/B,KELLY GREGERSEN,10,2027,F,0.13 pts,27.57,,309,,Yes
31,4/22/25,5,S2,MAT523 / 25,GEOMETRY B,BRIAN ANDERSON,10,2027,F,0.01 pts,26.00,,309,,Yes
31,4/22/25,6,S2,SCI602 / 26,BIOLOGY B,GRANT MERRILL,10,2027,F,0.24 pts,26.86,,309,,Yes
32,4/29/25,2,S2,ENG602 / 22,SOPH ENG/B,KELLY GREGERSEN,10,2027,F,0.12 pts,31.14,,309,,Yes
32,4/29/25,5,S2,MAT523 / 25,GEOMETRY B,BRIAN ANDERSON,10,2027,F,0.02 pts,27.86,,309,,Yes
32,4/29/25,6,S2,SCI602 / 26,BIOLOGY B,GRANT MERRILL,10,2027,F,0.24 pts,30.43,,309,,Yes
33,5/6/25,2,S2,ENG602 / 22,SOPH ENG/B,KELLY GREGERSEN,10,2027,F,0.12 pts,33.00,,309,,Yes
33,5/6/25,5,S2,MAT523 / 25,GEOMETRY B,BRIAN ANDERSON,10,2027,F,0.02 pts,28.29,,309,,Yes
33,5/6/25,6,S2,SCI602 / 26,BIOLOGY B,GRANT MERRILL,10,2027,F,0.40 pts,32.00,,309,,Yes
34,5/13/25,2,S2,ENG602 / 22,SOPH ENG/B,KELLY GREGERSEN,10,2027,F,1.23 pts,33.00,,309,,Yes
34,5/13/25,5,S2,MAT523 / 25,GEOMETRY B,BRIAN ANDERSON,10,2027,F,0.49 pts,28.29,,309,,Yes
34,5/13/25,6,S2,SCI602 / 26,BIOLOGY B,GRANT MERRILL,10,2027,F,0.91 pts,32.43,,309,,Yes
31,4/22/25,1,S2,SCI504 / 21,PHYSICAL SCIENCE B,JAMES BENNETT,09,2028,F,1.22 pts,1.71,,308,,Yes
31,4/22/25,6,S2,ENG502 / 26,FR ENGLISH/B,DAVID HOLLINGSWORTH,09,2028,C,2.32 pts,1.57,,308,,Yes
32,4/29/25,1,S2,SCI504 / 21,PHYSICAL SCIENCE B,JAMES BENNETT,09,2028,F,0.80 pts,2.71,,308,,Yes
32,4/29/25,6,S2,ENG502 / 26,FR ENGLISH/B,DAVID HOLLINGSWORTH,09,2028,D+,1.89 pts,2.57,,308,,Yes
33,5/6/25,1,S2,SCI504 / 21,PHYSICAL SCIENCE B,JAMES BENNETT,09,2028,F,1.12 pts,2.71,,308,,Yes
33,5/6/25,6,S2,ENG502 / 26,FR ENGLISH/B,DAVID HOLLINGSWORTH,09,2028,D+,1.88 pts,2.57,,308,,Yes
34,5/13/25,1,S2,SCI504 / 21,PHYSICAL SCIENCE B,JAMES BENNETT,09,2028,F,1.17 pts,2.71,,308,,Yes
34,5/13/25,6,S2,ENG502 / 26,FR ENGLISH/B,DAVID HOLLINGSWORTH,09,2028,D+,1.94 pts,2.57,,308,,Yes
31,4/22/25,2,S2,MAT702 / 22,ALGEBRA II B,JASON BLAESING,11,2026,A-,3.53 pts,6.43,,307,,Yes
32,4/29/25,2,S2,MAT702 / 22,ALGEBRA II B,JASON BLAESING,11,2026,A,3.60 pts,6.43,,307,,Yes
33,5/6/25,2,S2,MAT702 / 22,ALGEBRA II B,JASON BLAESING,11,2026,A,3.60 pts,8.43,,307,,Yes
34,5/13/25,2,S2,MAT702 / 22,ALGEBRA II B,JASON BLAESING,11,2026,B,3.17 pts,9.29,,307,,Yes
31,4/22/25,1,S2,SCI504 / 21,PHYSICAL SCIENCE B,JAMES BENNETT,09,2028,C+,2.58 pts,11.43,,306,,Yes
31,4/22/25,3,S2,MAT523 / 23,GEOMETRY B,ROCHELLE AITON,09,2028,B-,2.80 pts,13.29,,306,,Yes
32,4/29/25,1,S2,SCI504 / 21,PHYSICAL SCIENCE B,JAMES BENNETT,09,2028,B-,2.70 pts,12.43,,306,,Yes
32,4/29/25,3,S2,MAT523 / 23,GEOMETRY B,ROCHELLE AITON,09,2028,B,3.15 pts,14.29,,306,,Yes
33,5/6/25,1,S2,SCI504 / 21,PHYSICAL SCIENCE B,JAMES BENNETT,09,2028,B-,2.71 pts,13.43,,306,,Yes
33,5/6/25,3,S2,MAT523 / 23,GEOMETRY B,ROCHELLE AITON,09,2028,B,3.15 pts,15.86,,306,,Yes
34,5/13/25,1,S2,SCI504 / 21,PHYSICAL SCIENCE B,JAMES BENNETT,09,2028,B-,2.74 pts,13.71,,306,,Yes
34,5/13/25,3,S2,MAT523 / 23,GEOMETRY B,ROCHELLE AITON,09,2028,B,3.16 pts,15.86,,306,,Yes
31,4/22/25,3,S2,BUS302 / 23,PERSONAL FINANCE B,NICOLE SIMEK,12,2025,C,2.32 pts,1.00,,305,,Yes
32,4/29/25,3,S2,BUS302 / 23,PERSONAL FINANCE B,NICOLE SIMEK,12,2025,C-,2.16 pts,1.14,,305,,Yes
33,5/6/25,3,S2,BUS302 / 23,PERSONAL FINANCE B,NICOLE SIMEK,12,2025,D,1.68 pts,1.43,,305,,Yes
34,5/13/25,3,S2,BUS302 / 23,PERSONAL FINANCE B,NICOLE SIMEK,12,2025,F,1.25 pts,2.14,,305,,Yes
31,4/22/25,3,S2,MAT523 / 23,GEOMETRY B,ROCHELLE AITON,09,2028,B-,2.86 pts,12.14,,302,,Yes
31,4/22/25,6,S2,ENG502 / 26,FR ENGLISH/B,DAVID HOLLINGSWORTH,09,2028,B,2.94 pts,12.00,,302,,Yes
32,4/29/25,3,S2,MAT523 / 23,GEOMETRY B,ROCHELLE AITON,09,2028,A-,3.51 pts,12.29,,302,,Yes
32,4/29/25,6,S2,ENG502 / 26,FR ENGLISH/B,DAVID HOLLINGSWORTH,09,2028,B,2.94 pts,12.14,,302,,Yes
33,5/6/25,3,S2,MAT523 / 23,GEOMETRY B,ROCHELLE AITON,09,2028,A-,3.51 pts,14.29,,302,,Yes
33,5/6/25,6,S2,ENG502 / 26,FR ENGLISH/B,DAVID HOLLINGSWORTH,09,2028,B,2.94 pts,14.14,,302,,Yes
34,5/13/25,3,S2,MAT523 / 23,GEOMETRY B,ROCHELLE AITON,09,2028,A-,3.50 pts,15.71,,302,,Yes
34,5/13/25,6,S2,ENG502 / 26,FR ENGLISH/B,DAVID HOLLINGSWORTH,09,2028,C,2.23 pts,15.14,,302,,Yes
31,4/22/25,1,S2,MAT523 / 21,GEOMETRY B,ROCHELLE AITON,10,2027,B+,3.25 pts,1.71,,301,,Yes
32,4/29/25,1,S2,MAT523 / 21,GEOMETRY B,ROCHELLE AITON,10,2027,B,3.13 pts,2.57,,301,,Yes
33,5/6/25,1,S2,MAT523 / 21,GEOMETRY B,ROCHELLE AITON,10,2027,B,3.13 pts,2.71,,301,,Yes
34,5/13/25,1,S2,MAT523 / 21,GEOMETRY B,ROCHELLE AITON,10,2027,C+,2.66 pts,5.71,,301,,Yes
31,4/22/25,3,S2,BUS302 / 23,PERSONAL FINANCE B,NICOLE SIMEK,11,2026,,0.00 pts,2.57,,300,,Yes
32,4/29/25,3,S2,BUS302 / 23,PERSONAL FINANCE B,NICOLE SIMEK,11,2026,,0.00 pts,2.57,,300,,Yes
33,5/6/25,3,S2,BUS302 / 23,PERSONAL FINANCE B,NICOLE SIMEK,11,2026,,0.00 pts,2.57,,300,,Yes
34,5/13/25,3,S2,BUS302 / 23,PERSONAL FINANCE B,NICOLE SIMEK,11,2026,,0.00 pts,2.57,,300,,Yes
31,4/22/25,2,S2,BUS302 / 22,PERSONAL FINANCE B,NICOLE SIMEK,12,2025,A-,3.55 pts,4.86,,299,,Yes
32,4/29/25,2,S2,BUS302 / 22,PERSONAL FINANCE B,NICOLE SIMEK,12,2025,A-,3.55 pts,5.29,,299,,Yes
33,5/6/25,2,S2,BUS302 / 22,PERSONAL FINANCE B,NICOLE SIMEK,12,2025,B,2.90 pts,5.71,,299,,Yes
34,5/13/25,2,S2,BUS302 / 22,PERSONAL FINANCE B,NICOLE SIMEK,12,2025,C-,2.19 pts,6.43,,299,,Yes
31,4/22/25,3,S2,MAT702 / 23,ALGEBRA II B,JENNIFER REILLY,11,2026,A,4.00 pts,0.00,,298,,Yes
32,4/29/25,3,S2,MAT702 / 23,ALGEBRA II B,JENNIFER REILLY,11,2026,A,4.00 pts,0.00,,298,,Yes
33,5/6/25,3,S2,MAT702 / 23,ALGEBRA II B,JENNIFER REILLY,11,2026,A,4.00 pts,0.00,,298,,Yes
34,5/13/25,3,S2,MAT702 / 23,ALGEBRA II B,JENNIFER REILLY,11,2026,A,3.76 pts,0.00,,298,,Yes
31,4/22/25,2,S2,SCI610 / 22,CHEMISTRY/B,GRANT MERRILL,11,2026,C+,2.66 pts,2.86,,297,,Yes
31,4/22/25,6,S2,MAT702 / 26,ALGEBRA II B,JASON BLAESING,11,2026,B-,2.85 pts,2.71,,297,,Yes
32,4/29/25,2,S2,SCI610 / 22,CHEMISTRY/B,GRANT MERRILL,11,2026,D+,1.87 pts,2.86,,297,,Yes
32,4/29/25,6,S2,MAT702 / 26,ALGEBRA II B,JASON BLAESING,11,2026,B,3.01 pts,2.71,,297,,Yes
33,5/6/25,2,S2,SCI610 / 22,CHEMISTRY/B,GRANT MERRILL,11,2026,F,1.58 pts,2.86,,297,,Yes
33,5/6/25,6,S2,MAT702 / 26,ALGEBRA II B,JASON BLAESING,11,2026,B,3.01 pts,2.71,,297,,Yes
34,5/13/25,2,S2,SCI610 / 22,CHEMISTRY/B,GRANT MERRILL,11,2026,C,2.23 pts,4.57,,297,,Yes
34,5/13/25,6,S2,MAT702 / 26,ALGEBRA II B,JASON BLAESING,11,2026,C+,2.65 pts,4.43,,297,,Yes
31,4/22/25,6,S2,MAT702 / 26,ALGEBRA II B,JASON BLAESING,11,2026,F,1.33 pts,16.86,,296,,Yes
32,4/29/25,6,S2,MAT702 / 26,ALGEBRA II B,JASON BLAESING,11,2026,F,1.57 pts,17.86,,296,,Yes
33,5/6/25,6,S2,MAT702 / 26,ALGEBRA II B,JASON BLAESING,11,2026,D,1.70 pts,18.86,,296,,Yes
34,5/13/25,6,S2,MAT702 / 26,ALGEBRA II B,JASON BLAESING,11,2026,F,1.49 pts,21.14,,296,,Yes
31,4/22/25,6,S2,ENG502 / 26,FR ENGLISH/B,DAVID HOLLINGSWORTH,09,2028,A,3.90 pts,0.57,,295,,Yes
32,4/29/25,6,S2,ENG502 / 26,FR ENGLISH/B,DAVID HOLLINGSWORTH,09,2028,A,3.90 pts,0.86,,295,,Yes
33,5/6/25,6,S2,ENG502 / 26,FR ENGLISH/B,DAVID HOLLINGSWORTH,09,2028,A,3.90 pts,0.86,,295,,Yes
34,5/13/25,6,S2,ENG502 / 26,FR ENGLISH/B,DAVID HOLLINGSWORTH,09,2028,A,3.90 pts,0.86,,295,,Yes
31,4/22/25,5,S2,MAT523 / 25,GEOMETRY B,BRIAN ANDERSON,10,2027,C+,2.56 pts,1.14,,294,,Yes
31,4/22/25,6,S2,SCI602 / 46,BIOLOGY B,WILLIAM BAUR,10,2027,A-,3.40 pts,0.86,,294,,Yes
32,4/29/25,5,S2,MAT523 / 25,GEOMETRY B,BRIAN ANDERSON,10,2027,C,2.40 pts,1.14,,294,,Yes
32,4/29/25,6,S2,SCI602 / 46,BIOLOGY B,WILLIAM BAUR,10,2027,B+,3.22 pts,0.86,,294,,Yes
33,5/6/25,5,S2,MAT523 / 25,GEOMETRY B,BRIAN ANDERSON,10,2027,B-,2.78 pts,1.14,,294,,Yes
33,5/6/25,6,S2,SCI602 / 46,BIOLOGY B,WILLIAM BAUR,10,2027,B+,3.22 pts,0.86,,294,,Yes
34,5/13/25,5,S2,MAT523 / 25,GEOMETRY B,BRIAN ANDERSON,10,2027,B-,2.78 pts,3.14,,294,,Yes
34,5/13/25,6,S2,SCI602 / 46,BIOLOGY B,WILLIAM BAUR,10,2027,B+,3.31 pts,2.86,,294,,Yes
31,4/22/25,3,S2,MAT523 / 23,GEOMETRY B,ROCHELLE AITON,10,2027,F,1.63 pts,12.29,,293,,Yes
31,4/22/25,4,S2,SCI602 / 24,BIOLOGY B,GRANT MERRILL,10,2027,F,1.46 pts,13.14,,293,,Yes
32,4/29/25,3,S2,MAT523 / 23,GEOMETRY B,ROCHELLE AITON,10,2027,C-,2.05 pts,13.43,,293,,Yes
32,4/29/25,4,S2,SCI602 / 24,BIOLOGY B,GRANT MERRILL,10,2027,F,1.22 pts,15.00,,293,,Yes
33,5/6/25,3,S2,MAT523 / 23,GEOMETRY B,ROCHELLE AITON,10,2027,C-,2.05 pts,14.00,,293,,Yes
33,5/6/25,4,S2,SCI602 / 24,BIOLOGY B,GRANT MERRILL,10,2027,F,1.14 pts,16.14,,293,,Yes
34,5/13/25,3,S2,MAT523 / 23,GEOMETRY B,ROCHELLE AITON,10,2027,D+,1.89 pts,15.14,,293,,Yes
34,5/13/25,4,S2,SCI602 / 24,BIOLOGY B,GRANT MERRILL,10,2027,F,0.77 pts,17.71,,293,,Yes
31,4/22/25,4,S2,SCI602 / 24,BIOLOGY B,GRANT MERRILL,10,2027,C,2.24 pts,2.00,,291,,Yes
32,4/29/25,4,S2,SCI602 / 24,BIOLOGY B,GRANT MERRILL,10,2027,C-,2.01 pts,2.00,,291,,Yes
33,5/6/25,4,S2,SCI602 / 24,BIOLOGY B,GRANT MERRILL,10,2027,C,2.25 pts,3.00,,291,,Yes
34,5/13/25,4,S2,SCI602 / 24,BIOLOGY B,GRANT MERRILL,10,2027,F,1.53 pts,3.00,,291,,Yes
31,4/22/25,2,S2,ENG602 / 22,SOPH ENG/B,KELLY GREGERSEN,10,2027,F,1.47 pts,5.00,,290,,Yes
32,4/29/25,2,S2,ENG602 / 22,SOPH ENG/B,KELLY GREGERSEN,10,2027,F,1.47 pts,5.29,,290,,Yes
33,5/6/25,2,S2,ENG602 / 22,SOPH ENG/B,KELLY GREGERSEN,10,2027,F,1.47 pts,5.71,,290,,Yes
34,5/13/25,2,S2,ENG602 / 22,SOPH ENG/B,KELLY GREGERSEN,10,2027,D+,1.87 pts,5.71,,290,,Yes
31,4/22/25,5,S2,MAT702 / 45,ALGEBRA II B,JENNIFER REILLY,11,2026,A,3.66 pts,1.00,,288,,Yes
31,4/22/25,6,S2,SOC702 / 26,US HISTORY/B,SCOTT BOOTHBY,11,2026,A,3.86 pts,1.00,,288,,Yes
32,4/29/25,5,S2,MAT702 / 45,ALGEBRA II B,JENNIFER REILLY,11,2026,A,3.71 pts,1.00,,288,,Yes
32,4/29/25,6,S2,SOC702 / 26,US HISTORY/B,SCOTT BOOTHBY,11,2026,A,3.86 pts,1.00,,288,,Yes
33,5/6/25,5,S2,MAT702 / 45,ALGEBRA II B,JENNIFER REILLY,11,2026,A,3.72 pts,1.71,,288,,Yes
33,5/6/25,6,S2,SOC702 / 26,US HISTORY/B,SCOTT BOOTHBY,11,2026,A,3.86 pts,1.71,,288,,Yes
34,5/13/25,5,S2,MAT702 / 45,ALGEBRA II B,JENNIFER REILLY,11,2026,A,3.63 pts,2.00,,288,,Yes
34,5/13/25,6,S2,SOC702 / 26,US HISTORY/B,SCOTT BOOTHBY,11,2026,A,3.77 pts,2.00,,288,,Yes
31,4/22/25,5,S2,MAT702 / 45,ALGEBRA II B,JENNIFER REILLY,10,2027,A,3.99 pts,9.00,,287,,Yes
31,4/22/25,6,S2,SCI602 / 26,BIOLOGY B,GRANT MERRILL,10,2027,A-,3.49 pts,9.00,,287,,Yes
32,4/29/25,5,S2,MAT702 / 45,ALGEBRA II B,JENNIFER REILLY,10,2027,A,4.00 pts,9.00,,287,,Yes
32,4/29/25,6,S2,SCI602 / 26,BIOLOGY B,GRANT MERRILL,10,2027,A-,3.50 pts,9.00,,287,,Yes
33,5/6/25,5,S2,MAT702 / 45,ALGEBRA II B,JENNIFER REILLY,10,2027,A,3.98 pts,9.29,,287,,Yes
33,5/6/25,6,S2,SCI602 / 26,BIOLOGY B,GRANT MERRILL,10,2027,A-,3.49 pts,9.29,,287,,Yes
34,5/13/25,5,S2,MAT702 / 45,ALGEBRA II B,JENNIFER REILLY,10,2027,A,3.76 pts,9.29,,287,,Yes
34,5/13/25,6,S2,SCI602 / 26,BIOLOGY B,GRANT MERRILL,10,2027,A,3.66 pts,9.29,,287,,Yes
31,4/22/25,1,S2,SCI504 / 21,PHYSICAL SCIENCE B,JAMES BENNETT,09,2028,B,3.07 pts,2.86,,285,,Yes
31,4/22/25,6,S2,ENG502 / 26,FR ENGLISH/B,DAVID HOLLINGSWORTH,09,2028,A,3.61 pts,2.14,,285,,Yes
32,4/29/25,1,S2,SCI504 / 21,PHYSICAL SCIENCE B,JAMES BENNETT,09,2028,C-,2.09 pts,3.71,,285,,Yes
32,4/29/25,6,S2,ENG502 / 26,FR ENGLISH/B,DAVID HOLLINGSWORTH,09,2028,A-,3.47 pts,3.00,,285,,Yes
33,5/6/25,1,S2,SCI504 / 21,PHYSICAL SCIENCE B,JAMES BENNETT,09,2028,C+,2.57 pts,4.86,,285,,Yes
33,5/6/25,6,S2,ENG502 / 26,FR ENGLISH/B,DAVID HOLLINGSWORTH,09,2028,A-,3.47 pts,4.14,,285,,Yes
34,5/13/25,1,S2,SCI504 / 21,PHYSICAL SCIENCE B,JAMES BENNETT,09,2028,B,3.06 pts,4.86,,285,,Yes
34,5/13/25,6,S2,ENG502 / 26,FR ENGLISH/B,DAVID HOLLINGSWORTH,09,2028,A-,3.47 pts,4.14,,285,,Yes
31,4/22/25,3,S2,MAT523 / 23,GEOMETRY B,ROCHELLE AITON,09,2028,A,3.83 pts,1.00,,284,,Yes
32,4/29/25,3,S2,MAT523 / 23,GEOMETRY B,ROCHELLE AITON,09,2028,A,3.89 pts,1.00,,284,,Yes
33,5/6/25,3,S2,MAT523 / 23,GEOMETRY B,ROCHELLE AITON,09,2028,A,3.89 pts,1.00,,284,,Yes
34,5/13/25,3,S2,MAT523 / 23,GEOMETRY B,ROCHELLE AITON,09,2028,A,3.73 pts,1.00,,284,,Yes
31,4/22/25,3,S2,BUS302 / 23,PERSONAL FINANCE B,NICOLE SIMEK,12,2025,A,3.83 pts,1.86,,283,,Yes
32,4/29/25,3,S2,BUS302 / 23,PERSONAL FINANCE B,NICOLE SIMEK,12,2025,A,3.87 pts,1.86,,283,,Yes
33,5/6/25,3,S2,BUS302 / 23,PERSONAL FINANCE B,NICOLE SIMEK,12,2025,A,3.86 pts,1.86,,283,,Yes
34,5/13/25,3,S2,BUS302 / 23,PERSONAL FINANCE B,NICOLE SIMEK,12,2025,A,3.89 pts,1.86,,283,,Yes
31,4/22/25,2,S2,SCI610 / 22,CHEMISTRY/B,GRANT MERRILL,11,2026,D,1.73 pts,19.00,,282,,Yes
31,4/22/25,3,S2,MAT702 / 23,ALGEBRA II B,JENNIFER REILLY,11,2026,B-,2.86 pts,19.00,,282,,Yes
32,4/29/25,2,S2,SCI610 / 22,CHEMISTRY/B,GRANT MERRILL,11,2026,F,0.90 pts,23.00,,282,,Yes
32,4/29/25,3,S2,MAT702 / 23,ALGEBRA II B,JENNIFER REILLY,11,2026,C,2.45 pts,23.00,,282,,Yes
33,5/6/25,2,S2,SCI610 / 22,CHEMISTRY/B,GRANT MERRILL,11,2026,F,1.26 pts,23.00,,282,,Yes
33,5/6/25,3,S2,MAT702 / 23,ALGEBRA II B,JENNIFER REILLY,11,2026,C,2.47 pts,23.00,,282,,Yes
34,5/13/25,2,S2,SCI610 / 22,CHEMISTRY/B,GRANT MERRILL,11,2026,F,1.25 pts,26.00,,282,,Yes
34,5/13/25,3,S2,MAT702 / 23,ALGEBRA II B,JENNIFER REILLY,11,2026,C-,2.17 pts,26.00,,282,,Yes
31,4/22/25,2,S2,MAT523 / 22,GEOMETRY B,ROCHELLE AITON,09,2028,A,3.79 pts,0.00,,281,,Yes
32,4/29/25,2,S2,MAT523 / 22,GEOMETRY B,ROCHELLE AITON,09,2028,A,3.84 pts,0.71,,281,,Yes
33,5/6/25,2,S2,MAT523 / 22,GEOMETRY B,ROCHELLE AITON,09,2028,A,3.84 pts,0.71,,281,,Yes
34,5/13/25,2,S2,MAT523 / 22,GEOMETRY B,ROCHELLE AITON,09,2028,A,3.83 pts,0.71,,281,,Yes
31,4/22/25,3,S2,BUS302 / 23,PERSONAL FINANCE B,NICOLE SIMEK,12,2025,B+,3.20 pts,11.71,,280,,Yes
31,4/22/25,5,S2,BUS302 / 25,PERSONAL FINANCE B,NICOLE SIMEK,12,2025,,3.88 pts,1.29,,280,,Yes
32,4/29/25,3,S2,BUS302 / 23,PERSONAL FINANCE B,NICOLE SIMEK,12,2025,B,2.99 pts,11.71,,280,,Yes
32,4/29/25,5,S2,BUS302 / 25,PERSONAL FINANCE B,NICOLE SIMEK,12,2025,,3.88 pts,1.29,,280,,Yes
33,5/6/25,3,S2,BUS302 / 23,PERSONAL FINANCE B,NICOLE SIMEK,12,2025,B,3.15 pts,11.71,,280,,Yes
33,5/6/25,5,S2,BUS302 / 25,PERSONAL FINANCE B,NICOLE SIMEK,12,2025,,3.88 pts,1.29,,280,,Yes
34,5/13/25,3,S2,BUS302 / 23,PERSONAL FINANCE B,NICOLE SIMEK,12,2025,C,2.36 pts,12.71,,280,,Yes
34,5/13/25,5,S2,BUS302 / 25,PERSONAL FINANCE B,NICOLE SIMEK,12,2025,,3.88 pts,1.29,,280,,Yes
31,4/22/25,1,S2,MAT523 / 21,GEOMETRY B,ROCHELLE AITON,09,2028,A,4.00 pts,2.00,,279,,Yes
32,4/29/25,1,S2,MAT523 / 21,GEOMETRY B,ROCHELLE AITON,09,2028,A,4.00 pts,2.00,,279,,Yes
33,5/6/25,1,S2,MAT523 / 21,GEOMETRY B,ROCHELLE AITON,09,2028,A,4.00 pts,2.00,,279,,Yes
34,5/13/25,1,S2,MAT523 / 21,GEOMETRY B,ROCHELLE AITON,09,2028,A,4.00 pts,3.00,,279,,Yes
31,4/22/25,6,S2,MAT702 / 26,ALGEBRA II B,JASON BLAESING,11,2026,A-,3.48 pts,11.00,,278,,Yes
32,4/29/25,6,S2,MAT702 / 26,ALGEBRA II B,JASON BLAESING,11,2026,A-,3.55 pts,11.00,,278,,Yes
33,5/6/25,6,S2,MAT702 / 26,ALGEBRA II B,JASON BLAESING,11,2026,A-,3.55 pts,12.00,,278,,Yes
34,5/13/25,6,S2,MAT702 / 26,ALGEBRA II B,JASON BLAESING,11,2026,B,3.12 pts,17.00,,278,,Yes
31,4/22/25,6,S2,SOC702 / 26,US HISTORY/B,SCOTT BOOTHBY,11,2026,B,2.91 pts,9.14,,277,,Yes
32,4/29/25,6,S2,SOC702 / 26,US HISTORY/B,SCOTT BOOTHBY,11,2026,B,2.91 pts,10.00,,277,,Yes
33,5/6/25,6,S2,SOC702 / 26,US HISTORY/B,SCOTT BOOTHBY,11,2026,B,2.92 pts,10.14,,277,,Yes
34,5/13/25,6,S2,SOC702 / 26,US HISTORY/B,SCOTT BOOTHBY,11,2026,B,2.92 pts,12.14,,277,,Yes
31,4/22/25,5,S2,BUS302 / 25,PERSONAL FINANCE B,NICOLE SIMEK,11,2026,F,0.00 pts,13.14,,276,,Yes
32,4/29/25,5,S2,BUS302 / 25,PERSONAL FINANCE B,NICOLE SIMEK,11,2026,F,0.00 pts,14.14,,276,,Yes
33,5/6/25,5,S2,BUS302 / 25,PERSONAL FINANCE B,NICOLE SIMEK,11,2026,F,0.00 pts,15.57,,276,,Yes
34,5/13/25,5,S2,BUS302 / 25,PERSONAL FINANCE B,NICOLE SIMEK,11,2026,F,0.01 pts,15.71,,276,,Yes
31,4/22/25,6,S2,SOC702 / 26,US HISTORY/B,SCOTT BOOTHBY,11,2026,C,2.31 pts,5.17,,275,,Yes
32,4/29/25,6,S2,SOC702 / 26,US HISTORY/B,SCOTT BOOTHBY,11,2026,C,2.31 pts,5.17,,275,,Yes
33,5/6/25,6,S2,SOC702 / 26,US HISTORY/B,SCOTT BOOTHBY,11,2026,C,2.31 pts,5.17,,275,,Yes
34,5/13/25,6,S2,SOC702 / 26,US HISTORY/B,SCOTT BOOTHBY,11,2026,C,2.38 pts,6.17,,275,,Yes
31,4/22/25,2,S2,MAT702 / 22,ALGEBRA II B,JASON BLAESING,11,2026,F,1.33 pts,26.29,,274,,Yes
32,4/29/25,2,S2,MAT702 / 22,ALGEBRA II B,JASON BLAESING,11,2026,F,1.42 pts,29.29,,274,,Yes
33,5/6/25,2,S2,MAT702 / 22,ALGEBRA II B,JASON BLAESING,11,2026,F,1.40 pts,33.14,,274,,Yes
34,5/13/25,2,S2,MAT702 / 22,ALGEBRA II B,JASON BLAESING,11,2026,F,1.23 pts,37.14,,274,,Yes
31,4/22/25,2,S2,MAT523 / 22,GEOMETRY B,ROCHELLE AITON,10,2027,F,0.56 pts,12.14,,273,,Yes
31,4/22/25,5,S2,ENG602 / 25,SOPH ENG/B,MARCEE SALAS,10,2027,F,1.52 pts,5.57,,273,,Yes
31,4/22/25,6,S2,SCI602 / 46,BIOLOGY B,WILLIAM BAUR,10,2027,C,2.23 pts,5.86,,273,,Yes
32,4/29/25,2,S2,MAT523 / 22,GEOMETRY B,ROCHELLE AITON,10,2027,F,0.38 pts,13.86,,273,,Yes
32,4/29/25,5,S2,ENG602 / 25,SOPH ENG/B,MARCEE SALAS,10,2027,F,1.44 pts,5.57,,273,,Yes
32,4/29/25,6,S2,SCI602 / 46,BIOLOGY B,WILLIAM BAUR,10,2027,C,2.38 pts,6.14,,273,,Yes
33,5/6/25,2,S2,MAT523 / 22,GEOMETRY B,ROCHELLE AITON,10,2027,F,0.38 pts,15.43,,273,,Yes
33,5/6/25,5,S2,ENG602 / 25,SOPH ENG/B,MARCEE SALAS,10,2027,F,1.44 pts,5.57,,273,,Yes
33,5/6/25,6,S2,SCI602 / 46,BIOLOGY B,WILLIAM BAUR,10,2027,D,1.75 pts,6.14,,273,,Yes
34,5/13/25,2,S2,MAT523 / 22,GEOMETRY B,ROCHELLE AITON,10,2027,F,0.38 pts,17.43,,273,,Yes
34,5/13/25,5,S2,ENG602 / 25,SOPH ENG/B,MARCEE SALAS,10,2027,F,1.46 pts,6.57,,273,,Yes
34,5/13/25,6,S2,SCI602 / 46,BIOLOGY B,WILLIAM BAUR,10,2027,C-,2.06 pts,7.71,,273,,Yes
31,4/22/25,2,S2,MAT523 / 22,GEOMETRY B,ROCHELLE AITON,10,2027,C-,2.07 pts,18.71,,272,,Yes
31,4/22/25,3,S2,SCI602 / 23,BIOLOGY B,GRANT MERRILL,10,2027,D+,1.97 pts,18.00,,272,,Yes
31,4/22/25,5,S2,ENG602 / 25,SOPH ENG/B,MARCEE SALAS,10,2027,F,1.57 pts,19.14,,272,,Yes
32,4/29/25,2,S2,MAT523 / 22,GEOMETRY B,ROCHELLE AITON,10,2027,C,2.35 pts,19.71,,272,,Yes
32,4/29/25,3,S2,SCI602 / 23,BIOLOGY B,GRANT MERRILL,10,2027,F,1.49 pts,19.00,,272,,Yes
32,4/29/25,5,S2,ENG602 / 25,SOPH ENG/B,MARCEE SALAS,10,2027,F,1.38 pts,20.43,,272,,Yes
33,5/6/25,2,S2,MAT523 / 22,GEOMETRY B,ROCHELLE AITON,10,2027,C,2.35 pts,20.86,,272,,Yes
33,5/6/25,3,S2,SCI602 / 23,BIOLOGY B,GRANT MERRILL,10,2027,C+,2.58 pts,20.14,,272,,Yes
33,5/6/25,5,S2,ENG602 / 25,SOPH ENG/B,MARCEE SALAS,10,2027,D,1.70 pts,21.29,,272,,Yes
34,5/13/25,2,S2,MAT523 / 22,GEOMETRY B,ROCHELLE AITON,10,2027,C-,2.19 pts,20.86,,272,,Yes
34,5/13/25,3,S2,SCI602 / 23,BIOLOGY B,GRANT MERRILL,10,2027,B-,2.71 pts,20.14,,272,,Yes
34,5/13/25,5,S2,ENG602 / 25,SOPH ENG/B,MARCEE SALAS,10,2027,D+,1.85 pts,21.29,,272,,Yes
31,4/22/25,3,S2,MAT702 / 23,ALGEBRA II B,JENNIFER REILLY,11,2026,A-,3.45 pts,3.86,,271,,Yes
31,4/22/25,6,S2,SOC702 / 26,US HISTORY/B,SCOTT BOOTHBY,11,2026,F,1.33 pts,4.71,,271,,Yes
32,4/29/25,3,S2,MAT702 / 23,ALGEBRA II B,JENNIFER REILLY,11,2026,B,3.11 pts,6.00,,271,,Yes
32,4/29/25,6,S2,SOC702 / 26,US HISTORY/B,SCOTT BOOTHBY,11,2026,F,1.33 pts,5.57,,271,,Yes
33,5/6/25,3,S2,MAT702 / 23,ALGEBRA II B,JENNIFER REILLY,11,2026,B,3.08 pts,6.57,,271,,Yes
33,5/6/25,6,S2,SOC702 / 26,US HISTORY/B,SCOTT BOOTHBY,11,2026,F,1.44 pts,5.57,,271,,Yes
34,5/13/25,3,S2,MAT702 / 23,ALGEBRA II B,JENNIFER REILLY,11,2026,B,2.96 pts,6.57,,271,,Yes
34,5/13/25,6,S2,SOC702 / 26,US HISTORY/B,SCOTT BOOTHBY,11,2026,D,1.71 pts,5.57,,271,,Yes
31,4/22/25,6,S2,ENG502 / 26,FR ENGLISH/B,DAVID HOLLINGSWORTH,09,2028,C,2.20 pts,2.57,,270,,Yes
32,4/29/25,6,S2,ENG502 / 26,FR ENGLISH/B,DAVID HOLLINGSWORTH,09,2028,D,1.72 pts,3.43,,270,,Yes
33,5/6/25,6,S2,ENG502 / 26,FR ENGLISH/B,DAVID HOLLINGSWORTH,09,2028,C,2.23 pts,3.43,,270,,Yes
34,5/13/25,6,S2,ENG502 / 26,FR ENGLISH/B,DAVID HOLLINGSWORTH,09,2028,C,2.25 pts,3.43,,270,,Yes
31,4/22/25,5,S2,MAT523 / 25,GEOMETRY B,BRIAN ANDERSON,10,2027,B+,3.31 pts,11.00,,269,,Yes
31,4/22/25,6,S2,SCI602 / 46,BIOLOGY B,WILLIAM BAUR,10,2027,A,3.78 pts,11.14,,269,,Yes
32,4/29/25,5,S2,MAT523 / 25,GEOMETRY B,BRIAN ANDERSON,10,2027,B+,3.22 pts,11.14,,269,,Yes
32,4/29/25,6,S2,SCI602 / 46,BIOLOGY B,WILLIAM BAUR,10,2027,A,3.84 pts,11.29,,269,,Yes
33,5/6/25,5,S2,MAT523 / 25,GEOMETRY B,BRIAN ANDERSON,10,2027,A-,3.41 pts,11.14,,269,,Yes
33,5/6/25,6,S2,SCI602 / 46,BIOLOGY B,WILLIAM BAUR,10,2027,A,3.98 pts,11.29,,269,,Yes
34,5/13/25,5,S2,MAT523 / 25,GEOMETRY B,BRIAN ANDERSON,10,2027,A,3.65 pts,12.14,,269,,Yes
34,5/13/25,6,S2,SCI602 / 46,BIOLOGY B,WILLIAM BAUR,10,2027,A,3.99 pts,12.29,,269,,Yes
31,4/22/25,6,S2,ENG502 / 26,FR ENGLISH/B,DAVID HOLLINGSWORTH,09,2028,B,3.01 pts,9.14,,268,,Yes
32,4/29/25,6,S2,ENG502 / 26,FR ENGLISH/B,DAVID HOLLINGSWORTH,09,2028,B,2.98 pts,9.14,,268,,Yes
33,5/6/25,6,S2,ENG502 / 26,FR ENGLISH/B,DAVID HOLLINGSWORTH,09,2028,B,2.98 pts,9.14,,268,,Yes
34,5/13/25,6,S2,ENG502 / 26,FR ENGLISH/B,DAVID HOLLINGSWORTH,09,2028,B,3.18 pts,9.14,,268,,Yes
31,4/22/25,3,S2,BUS302 / 23,PERSONAL FINANCE B,NICOLE SIMEK,11,2026,C+,2.60 pts,1.43,,267,,Yes
32,4/29/25,3,S2,BUS302 / 23,PERSONAL FINANCE B,NICOLE SIMEK,11,2026,C+,2.67 pts,1.43,,267,,Yes
33,5/6/25,3,S2,BUS302 / 23,PERSONAL FINANCE B,NICOLE SIMEK,11,2026,B-,2.83 pts,1.43,,267,,Yes
34,5/13/25,3,S2,BUS302 / 23,PERSONAL FINANCE B,NICOLE SIMEK,11,2026,C+,2.61 pts,1.43,,267,,Yes
31,4/22/25,4,S2,MAT523 / 24,GEOMETRY B,ROCHELLE AITON,10,2027,A,3.88 pts,2.71,,264,,Yes
32,4/29/25,4,S2,MAT523 / 24,GEOMETRY B,ROCHELLE AITON,10,2027,A,3.87 pts,2.71,,264,,Yes
33,5/6/25,4,S2,MAT523 / 24,GEOMETRY B,ROCHELLE AITON,10,2027,A,3.87 pts,4.00,,264,,Yes
34,5/13/25,4,S2,MAT523 / 24,GEOMETRY B,ROCHELLE AITON,10,2027,A,3.86 pts,5.29,,264,,Yes
31,4/22/25,2,S2,MAT702 / 22,ALGEBRA II B,JASON BLAESING,11,2026,B-,2.74 pts,4.17,,262,,Yes
32,4/29/25,2,S2,MAT702 / 22,ALGEBRA II B,JASON BLAESING,11,2026,B-,2.77 pts,4.17,,262,,Yes
33,5/6/25,2,S2,MAT702 / 22,ALGEBRA II B,JASON BLAESING,11,2026,B-,2.77 pts,4.17,,262,,Yes
34,5/13/25,2,S2,MAT702 / 22,ALGEBRA II B,JASON BLAESING,11,2026,C+,2.68 pts,4.17,,262,,Yes
31,4/22/25,2,S2,MAT702 / 22,ALGEBRA II B,JASON BLAESING,11,2026,C+,2.68 pts,1.14,,260,,Yes
32,4/29/25,2,S2,MAT702 / 22,ALGEBRA II B,JASON BLAESING,11,2026,B,3.13 pts,1.71,,260,,Yes
33,5/6/25,2,S2,MAT702 / 22,ALGEBRA II B,JASON BLAESING,11,2026,B,3.12 pts,3.71,,260,,Yes
34,5/13/25,2,S2,MAT702 / 22,ALGEBRA II B,JASON BLAESING,11,2026,B,3.10 pts,4.14,,260,,Yes
31,4/22/25,2,S2,BUS302 / 22,PERSONAL FINANCE B,NICOLE SIMEK,12,2025,A,3.99 pts,1.00,,259,,Yes
32,4/29/25,2,S2,BUS302 / 22,PERSONAL FINANCE B,NICOLE SIMEK,12,2025,A,3.73 pts,2.43,,259,,Yes
33,5/6/25,2,S2,BUS302 / 22,PERSONAL FINANCE B,NICOLE SIMEK,12,2025,A,3.98 pts,2.71,,259,,Yes
34,5/13/25,2,S2,BUS302 / 22,PERSONAL FINANCE B,NICOLE SIMEK,12,2025,A,3.95 pts,2.71,,259,,Yes
31,4/22/25,6,S2,MAT702 / 26,ALGEBRA II B,JASON BLAESING,11,2026,D+,1.87 pts,5.00,,258,,Yes
32,4/29/25,6,S2,MAT702 / 26,ALGEBRA II B,JASON BLAESING,11,2026,D+,1.90 pts,5.00,,258,,Yes
33,5/6/25,6,S2,MAT702 / 26,ALGEBRA II B,JASON BLAESING,11,2026,D+,1.88 pts,5.00,,258,,Yes
34,5/13/25,6,S2,MAT702 / 26,ALGEBRA II B,JASON BLAESING,11,2026,D+,1.91 pts,5.00,,258,,Yes
31,4/22/25,6,S2,MAT702 / 26,ALGEBRA II B,JASON BLAESING,11,2026,A,3.69 pts,6.00,,257,,Yes
32,4/29/25,6,S2,MAT702 / 26,ALGEBRA II B,JASON BLAESING,11,2026,A,4.00 pts,6.00,,257,,Yes
33,5/6/25,6,S2,MAT702 / 26,ALGEBRA II B,JASON BLAESING,11,2026,A,4.00 pts,6.00,,257,,Yes
34,5/13/25,6,S2,MAT702 / 26,ALGEBRA II B,JASON BLAESING,11,2026,A,3.88 pts,7.00,,257,,Yes
31,4/22/25,4,S2,MAT702 / 24,ALGEBRA II B,JENNIFER REILLY,11,2026,C,2.40 pts,7.57,,255,,Yes
31,4/22/25,6,S2,SOC702 / 26,US HISTORY/B,SCOTT BOOTHBY,11,2026,B,3.16 pts,7.29,,255,,Yes
32,4/29/25,4,S2,MAT702 / 24,ALGEBRA II B,JENNIFER REILLY,11,2026,C,2.33 pts,7.57,,255,,Yes
32,4/29/25,6,S2,SOC702 / 26,US HISTORY/B,SCOTT BOOTHBY,11,2026,B,3.16 pts,7.29,,255,,Yes
33,5/6/25,4,S2,MAT702 / 24,ALGEBRA II B,JENNIFER REILLY,11,2026,C,2.31 pts,7.57,,255,,Yes
33,5/6/25,6,S2,SOC702 / 26,US HISTORY/B,SCOTT BOOTHBY,11,2026,B,3.16 pts,7.29,,255,,Yes
34,5/13/25,4,S2,MAT702 / 24,ALGEBRA II B,JENNIFER REILLY,11,2026,C,2.28 pts,8.57,,255,,Yes
34,5/13/25,6,S2,SOC702 / 26,US HISTORY/B,SCOTT BOOTHBY,11,2026,B,3.14 pts,8.29,,255,,Yes
31,4/22/25,3,S2,BUS302 / 23,PERSONAL FINANCE B,NICOLE SIMEK,11,2026,C-,2.07 pts,2.43,,253,,Yes
31,4/22/25,6,S2,SOC702 / 26,US HISTORY/B,SCOTT BOOTHBY,11,2026,C+,2.56 pts,5.14,,253,,Yes
32,4/29/25,3,S2,BUS302 / 23,PERSONAL FINANCE B,NICOLE SIMEK,11,2026,C-,2.13 pts,2.43,,253,,Yes
32,4/29/25,6,S2,SOC702 / 26,US HISTORY/B,SCOTT BOOTHBY,11,2026,C+,2.56 pts,5.14,,253,,Yes
33,5/6/25,3,S2,BUS302 / 23,PERSONAL FINANCE B,NICOLE SIMEK,11,2026,C-,2.13 pts,2.43,,253,,Yes
33,5/6/25,6,S2,SOC702 / 26,US HISTORY/B,SCOTT BOOTHBY,11,2026,C+,2.56 pts,5.14,,253,,Yes
34,5/13/25,3,S2,BUS302 / 23,PERSONAL FINANCE B,NICOLE SIMEK,11,2026,C,2.35 pts,2.43,,253,,Yes
34,5/13/25,6,S2,SOC702 / 26,US HISTORY/B,SCOTT BOOTHBY,11,2026,C+,2.62 pts,5.14,,253,,Yes
31,4/22/25,5,S2,MAT523 / 25,GEOMETRY B,BRIAN ANDERSON,10,2027,B-,2.75 pts,10.86,,252,,Yes
31,4/22/25,6,S2,SCI602 / 26,BIOLOGY B,GRANT MERRILL,10,2027,C,2.20 pts,11.14,,252,,Yes
32,4/29/25,5,S2,MAT523 / 25,GEOMETRY B,BRIAN ANDERSON,10,2027,D,1.68 pts,12.57,,252,,Yes
32,4/29/25,6,S2,SCI602 / 26,BIOLOGY B,GRANT MERRILL,10,2027,C,2.43 pts,12.86,,252,,Yes
33,5/6/25,5,S2,MAT523 / 25,GEOMETRY B,BRIAN ANDERSON,10,2027,C,2.25 pts,12.86,,252,,Yes
33,5/6/25,6,S2,SCI602 / 26,BIOLOGY B,GRANT MERRILL,10,2027,C+,2.67 pts,13.14,,252,,Yes
34,5/13/25,5,S2,MAT523 / 25,GEOMETRY B,BRIAN ANDERSON,10,2027,C,2.25 pts,14.71,,252,,Yes
34,5/13/25,6,S2,SCI602 / 26,BIOLOGY B,GRANT MERRILL,10,2027,B-,2.77 pts,15.00,,252,,Yes
31,4/22/25,4,S2,MAT523 / 24,GEOMETRY B,ROCHELLE AITON,10,2027,F,0.63 pts,7.57,,251,,Yes
32,4/29/25,4,S2,MAT523 / 24,GEOMETRY B,ROCHELLE AITON,10,2027,F,0.42 pts,8.71,,251,,Yes
33,5/6/25,4,S2,MAT523 / 24,GEOMETRY B,ROCHELLE AITON,10,2027,F,0.42 pts,9.57,,251,,Yes
34,5/13/25,4,S2,MAT523 / 24,GEOMETRY B,ROCHELLE AITON,10,2027,F,0.42 pts,10.57,,251,,Yes
31,4/22/25,5,S2,MAT702 / 45,ALGEBRA II B,JENNIFER REILLY,11,2026,A,3.84 pts,6.43,,250,,Yes
31,4/22/25,6,S2,SOC702 / 26,US HISTORY/B,SCOTT BOOTHBY,11,2026,B,3.08 pts,6.29,,250,,Yes
32,4/29/25,5,S2,MAT702 / 45,ALGEBRA II B,JENNIFER REILLY,11,2026,A,3.73 pts,6.43,,250,,Yes
32,4/29/25,6,S2,SOC702 / 26,US HISTORY/B,SCOTT BOOTHBY,11,2026,B,3.08 pts,6.29,,250,,Yes
33,5/6/25,5,S2,MAT702 / 45,ALGEBRA II B,JENNIFER REILLY,11,2026,A,3.72 pts,6.43,,250,,Yes
33,5/6/25,6,S2,SOC702 / 26,US HISTORY/B,SCOTT BOOTHBY,11,2026,B,3.07 pts,6.29,,250,,Yes
34,5/13/25,5,S2,MAT702 / 45,ALGEBRA II B,JENNIFER REILLY,11,2026,B+,3.29 pts,7.14,,250,,Yes
34,5/13/25,6,S2,SOC702 / 26,US HISTORY/B,SCOTT BOOTHBY,11,2026,B,3.05 pts,6.29,,250,,Yes
31,4/22/25,2,S2,ENG602 / 22,SOPH ENG/B,KELLY GREGERSEN,10,2027,F,0.85 pts,7.00,,249,,Yes
32,4/29/25,2,S2,ENG602 / 22,SOPH ENG/B,KELLY GREGERSEN,10,2027,F,0.85 pts,7.00,,249,,Yes
33,5/6/25,2,S2,ENG602 / 22,SOPH ENG/B,KELLY GREGERSEN,10,2027,F,0.85 pts,8.57,,249,,Yes
34,5/13/25,2,S2,ENG602 / 22,SOPH ENG/B,KELLY GREGERSEN,10,2027,F,1.21 pts,10.71,,249,,Yes
31,4/22/25,3,S2,MAT702 / 23,ALGEBRA II B,JENNIFER REILLY,10,2027,B,2.95 pts,8.14,,247,,Yes
32,4/29/25,3,S2,MAT702 / 23,ALGEBRA II B,JENNIFER REILLY,10,2027,B,2.94 pts,9.00,,247,,Yes
33,5/6/25,3,S2,MAT702 / 23,ALGEBRA II B,JENNIFER REILLY,10,2027,B,2.91 pts,12.14,,247,,Yes
34,5/13/25,3,S2,MAT702 / 23,ALGEBRA II B,JENNIFER REILLY,10,2027,B,2.93 pts,12.14,,247,,Yes
31,4/22/25,2,S2,MAT523 / 22,GEOMETRY B,ROCHELLE AITON,10,2027,C-,2.13 pts,6.71,,246,,Yes
32,4/29/25,2,S2,MAT523 / 22,GEOMETRY B,ROCHELLE AITON,10,2027,C-,2.07 pts,7.57,,246,,Yes
33,5/6/25,2,S2,MAT523 / 22,GEOMETRY B,ROCHELLE AITON,10,2027,C-,2.07 pts,9.00,,246,,Yes
34,5/13/25,2,S2,MAT523 / 22,GEOMETRY B,ROCHELLE AITON,10,2027,C,2.24 pts,9.00,,246,,Yes
31,4/22/25,5,S2,MAT523 / 25,GEOMETRY B,BRIAN ANDERSON,10,2027,C+,2.59 pts,2.71,,244,,Yes
32,4/29/25,5,S2,MAT523 / 25,GEOMETRY B,BRIAN ANDERSON,10,2027,C,2.38 pts,2.71,,244,,Yes
33,5/6/25,5,S2,MAT523 / 25,GEOMETRY B,BRIAN ANDERSON,10,2027,D+,1.82 pts,2.71,,244,,Yes
34,5/13/25,5,S2,MAT523 / 25,GEOMETRY B,BRIAN ANDERSON,10,2027,D+,1.84 pts,2.71,,244,,Yes
31,4/22/25,6,S2,ENG502 / 26,FR ENGLISH/B,DAVID HOLLINGSWORTH,09,2028,F,0.56 pts,19.57,,243,,Yes
32,4/29/25,6,S2,ENG502 / 26,FR ENGLISH/B,DAVID HOLLINGSWORTH,09,2028,F,0.56 pts,21.71,,243,,Yes
33,5/6/25,6,S2,ENG502 / 26,FR ENGLISH/B,DAVID HOLLINGSWORTH,09,2028,F,0.56 pts,25.00,,243,,Yes
34,5/13/25,6,S2,ENG502 / 26,FR ENGLISH/B,DAVID HOLLINGSWORTH,09,2028,F,0.34 pts,27.86,,243,,Yes
31,4/22/25,2,S2,SCI610 / 22,CHEMISTRY/B,GRANT MERRILL,11,2026,C+,2.59 pts,15.14,,242,,Yes
31,4/22/25,3,S2,BUS302 / 23,PERSONAL FINANCE B,NICOLE SIMEK,11,2026,A,3.97 pts,15.43,,242,,Yes
32,4/29/25,2,S2,SCI610 / 22,CHEMISTRY/B,GRANT MERRILL,11,2026,F,1.35 pts,18.57,,242,,Yes
32,4/29/25,3,S2,BUS302 / 23,PERSONAL FINANCE B,NICOLE SIMEK,11,2026,A-,3.46 pts,18.86,,242,,Yes
33,5/6/25,2,S2,SCI610 / 22,CHEMISTRY/B,GRANT MERRILL,11,2026,F,1.23 pts,19.43,,242,,Yes
33,5/6/25,3,S2,BUS302 / 23,PERSONAL FINANCE B,NICOLE SIMEK,11,2026,A,3.99 pts,19.71,,242,,Yes
34,5/13/25,2,S2,SCI610 / 22,CHEMISTRY/B,GRANT MERRILL,11,2026,A-,3.48 pts,22.57,,242,,Yes
34,5/13/25,3,S2,BUS302 / 23,PERSONAL FINANCE B,NICOLE SIMEK,11,2026,A,3.95 pts,22.71,,242,,Yes
31,4/22/25,2,S2,MAT702 / 22,ALGEBRA II B,JASON BLAESING,11,2026,C+,2.53 pts,4.43,,241,,Yes
32,4/29/25,2,S2,MAT702 / 22,ALGEBRA II B,JASON BLAESING,11,2026,B+,3.28 pts,4.43,,241,,Yes
33,5/6/25,2,S2,MAT702 / 22,ALGEBRA II B,JASON BLAESING,11,2026,B+,3.28 pts,4.43,,241,,Yes
34,5/13/25,2,S2,MAT702 / 22,ALGEBRA II B,JASON BLAESING,11,2026,B-,2.89 pts,5.00,,241,,Yes
31,4/22/25,2,S2,BUS302 / 22,PERSONAL FINANCE B,NICOLE SIMEK,12,2025,C+,2.64 pts,3.33,,240,,Yes
32,4/29/25,2,S2,BUS302 / 22,PERSONAL FINANCE B,NICOLE SIMEK,12,2025,C,2.42 pts,4.33,,240,,Yes
33,5/6/25,2,S2,BUS302 / 22,PERSONAL FINANCE B,NICOLE SIMEK,12,2025,C+,2.58 pts,4.67,,240,,Yes
34,5/13/25,2,S2,BUS302 / 22,PERSONAL FINANCE B,NICOLE SIMEK,12,2025,B-,2.75 pts,5.17,,240,,Yes
31,4/22/25,4,S2,MAT523 / 24,GEOMETRY B,ROCHELLE AITON,10,2027,C,2.21 pts,0.43,,238,,Yes
31,4/22/25,5,S2,ENG602 / 25,SOPH ENG/B,MARCEE SALAS,10,2027,D+,1.87 pts,0.43,,238,,Yes
31,4/22/25,6,S2,SCI602 / 46,BIOLOGY B,WILLIAM BAUR,10,2027,C,2.44 pts,0.43,,238,,Yes
32,4/29/25,4,S2,MAT523 / 24,GEOMETRY B,ROCHELLE AITON,10,2027,C-,2.16 pts,0.43,,238,,Yes
32,4/29/25,5,S2,ENG602 / 25,SOPH ENG/B,MARCEE SALAS,10,2027,D+,1.94 pts,0.43,,238,,Yes
32,4/29/25,6,S2,SCI602 / 46,BIOLOGY B,WILLIAM BAUR,10,2027,C+,2.60 pts,0.43,,238,,Yes
33,5/6/25,4,S2,MAT523 / 24,GEOMETRY B,ROCHELLE AITON,10,2027,C-,2.16 pts,0.43,,238,,Yes
33,5/6/25,5,S2,ENG602 / 25,SOPH ENG/B,MARCEE SALAS,10,2027,D+,1.94 pts,0.43,,238,,Yes
33,5/6/25,6,S2,SCI602 / 46,BIOLOGY B,WILLIAM BAUR,10,2027,C-,2.18 pts,0.43,,238,,Yes
34,5/13/25,4,S2,MAT523 / 24,GEOMETRY B,ROCHELLE AITON,10,2027,C-,2.15 pts,0.43,,238,,Yes
34,5/13/25,5,S2,ENG602 / 25,SOPH ENG/B,MARCEE SALAS,10,2027,D+,1.89 pts,0.43,,238,,Yes
34,5/13/25,6,S2,SCI602 / 46,BIOLOGY B,WILLIAM BAUR,10,2027,C,2.40 pts,0.43,,238,,Yes
31,4/22/25,2,S2,MAT702 / 22,ALGEBRA II B,JASON BLAESING,10,2027,A-,3.52 pts,3.00,,237,,Yes
31,4/22/25,3,S2,SCI602 / 23,BIOLOGY B,GRANT MERRILL,10,2027,A,4.00 pts,2.86,,237,,Yes
32,4/29/25,2,S2,MAT702 / 22,ALGEBRA II B,JASON BLAESING,10,2027,A,3.86 pts,3.00,,237,,Yes
32,4/29/25,3,S2,SCI602 / 23,BIOLOGY B,GRANT MERRILL,10,2027,A,3.98 pts,2.86,,237,,Yes
33,5/6/25,2,S2,MAT702 / 22,ALGEBRA II B,JASON BLAESING,10,2027,A,3.86 pts,4.00,,237,,Yes
33,5/6/25,3,S2,SCI602 / 23,BIOLOGY B,GRANT MERRILL,10,2027,B+,3.36 pts,3.86,,237,,Yes
34,5/13/25,2,S2,MAT702 / 22,ALGEBRA II B,JASON BLAESING,10,2027,A,3.76 pts,5.00,,237,,Yes
34,5/13/25,3,S2,SCI602 / 23,BIOLOGY B,GRANT MERRILL,10,2027,A,3.89 pts,4.86,,237,,Yes
31,4/22/25,2,S2,MAT523 / 22,GEOMETRY B,ROCHELLE AITON,10,2027,C,2.43 pts,5.00,,236,,Yes
31,4/22/25,3,S2,SCI602 / 23,BIOLOGY B,GRANT MERRILL,10,2027,B,2.95 pts,5.00,,236,,Yes
31,4/22/25,5,S2,ENG602 / 25,SOPH ENG/B,MARCEE SALAS,10,2027,C+,2.62 pts,5.43,,236,,Yes
32,4/29/25,2,S2,MAT523 / 22,GEOMETRY B,ROCHELLE AITON,10,2027,C+,2.58 pts,6.00,,236,,Yes
32,4/29/25,3,S2,SCI602 / 23,BIOLOGY B,GRANT MERRILL,10,2027,B,2.95 pts,6.00,,236,,Yes
32,4/29/25,5,S2,ENG602 / 25,SOPH ENG/B,MARCEE SALAS,10,2027,C+,2.60 pts,6.43,,236,,Yes
33,5/6/25,2,S2,MAT523 / 22,GEOMETRY B,ROCHELLE AITON,10,2027,C+,2.58 pts,6.00,,236,,Yes
33,5/6/25,3,S2,SCI602 / 23,BIOLOGY B,GRANT MERRILL,10,2027,C+,2.63 pts,6.00,,236,,Yes
33,5/6/25,5,S2,ENG602 / 25,SOPH ENG/B,MARCEE SALAS,10,2027,C+,2.59 pts,6.43,,236,,Yes
34,5/13/25,2,S2,MAT523 / 22,GEOMETRY B,ROCHELLE AITON,10,2027,B-,2.76 pts,6.00,,236,,Yes
34,5/13/25,3,S2,SCI602 / 23,BIOLOGY B,GRANT MERRILL,10,2027,C,2.43 pts,6.00,,236,,Yes
34,5/13/25,5,S2,ENG602 / 25,SOPH ENG/B,MARCEE SALAS,10,2027,C+,2.58 pts,6.43,,236,,Yes
31,4/22/25,2,S2,ENG602 / 22,SOPH ENG/B,KELLY GREGERSEN,10,2027,B+,3.26 pts,5.43,,235,,Yes
31,4/22/25,4,S2,SCI602 / 24,BIOLOGY B,GRANT MERRILL,10,2027,C,2.25 pts,5.71,,235,,Yes
32,4/29/25,2,S2,ENG602 / 22,SOPH ENG/B,KELLY GREGERSEN,10,2027,B+,3.23 pts,5.43,,235,,Yes
32,4/29/25,4,S2,SCI602 / 24,BIOLOGY B,GRANT MERRILL,10,2027,C,2.24 pts,5.71,,235,,Yes
33,5/6/25,2,S2,ENG602 / 22,SOPH ENG/B,KELLY GREGERSEN,10,2027,B+,3.23 pts,5.43,,235,,Yes
33,5/6/25,4,S2,SCI602 / 24,BIOLOGY B,GRANT MERRILL,10,2027,C,2.23 pts,5.86,,235,,Yes
34,5/13/25,2,S2,ENG602 / 22,SOPH ENG/B,KELLY GREGERSEN,10,2027,B+,3.37 pts,5.43,,235,,Yes
34,5/13/25,4,S2,SCI602 / 24,BIOLOGY B,GRANT MERRILL,10,2027,D+,1.83 pts,5.86,,235,,Yes
31,4/22/25,2,S2,BUS302 / 22,PERSONAL FINANCE B,NICOLE SIMEK,12,2025,B,3.08 pts,15.86,,233,,Yes
32,4/29/25,2,S2,BUS302 / 22,PERSONAL FINANCE B,NICOLE SIMEK,12,2025,B-,2.81 pts,18.71,,233,,Yes
33,5/6/25,2,S2,BUS302 / 22,PERSONAL FINANCE B,NICOLE SIMEK,12,2025,C+,2.65 pts,18.71,,233,,Yes
34,5/13/25,2,S2,BUS302 / 22,PERSONAL FINANCE B,NICOLE SIMEK,12,2025,B,2.98 pts,19.71,,233,,Yes
31,4/22/25,2,S2,BUS302 / 22,PERSONAL FINANCE B,NICOLE SIMEK,11,2026,A-,3.42 pts,5.43,,230,,Yes
32,4/29/25,2,S2,BUS302 / 22,PERSONAL FINANCE B,NICOLE SIMEK,11,2026,A-,3.42 pts,6.43,,230,,Yes
33,5/6/25,2,S2,BUS302 / 22,PERSONAL FINANCE B,NICOLE SIMEK,11,2026,A-,3.42 pts,6.43,,230,,Yes
34,5/13/25,2,S2,BUS302 / 22,PERSONAL FINANCE B,NICOLE SIMEK,11,2026,A-,3.54 pts,8.43,,230,,Yes
31,4/22/25,6,S2,ENG502 / 26,FR ENGLISH/B,DAVID HOLLINGSWORTH,09,2028,D+,1.84 pts,0.14,,229,,Yes
32,4/29/25,6,S2,ENG502 / 26,FR ENGLISH/B,DAVID HOLLINGSWORTH,09,2028,C-,2.01 pts,0.14,,229,,Yes
33,5/6/25,6,S2,ENG502 / 26,FR ENGLISH/B,DAVID HOLLINGSWORTH,09,2028,C-,2.01 pts,0.14,,229,,Yes
34,5/13/25,6,S2,ENG502 / 26,FR ENGLISH/B,DAVID HOLLINGSWORTH,09,2028,D+,1.86 pts,0.14,,229,,Yes
31,4/22/25,2,S2,MAT523 / 22,GEOMETRY B,ROCHELLE AITON,09,2028,A,3.68 pts,0.00,,228,,Yes
32,4/29/25,2,S2,MAT523 / 22,GEOMETRY B,ROCHELLE AITON,09,2028,A,3.78 pts,0.00,,228,,Yes
33,5/6/25,2,S2,MAT523 / 22,GEOMETRY B,ROCHELLE AITON,09,2028,A,3.78 pts,0.00,,228,,Yes
34,5/13/25,2,S2,MAT523 / 22,GEOMETRY B,ROCHELLE AITON,09,2028,A,3.78 pts,0.00,,228,,Yes
31,4/22/25,2,S2,MAT702 / 22,ALGEBRA II B,JASON BLAESING,10,2027,A,3.68 pts,0.00,,226,,Yes
31,4/22/25,6,S2,SCI602 / 26,BIOLOGY B,GRANT MERRILL,10,2027,B+,3.23 pts,0.00,,226,,Yes
32,4/29/25,2,S2,MAT702 / 22,ALGEBRA II B,JASON BLAESING,10,2027,A,3.86 pts,0.00,,226,,Yes
32,4/29/25,6,S2,SCI602 / 26,BIOLOGY B,GRANT MERRILL,10,2027,B+,3.23 pts,0.00,,226,,Yes
33,5/6/25,2,S2,MAT702 / 22,ALGEBRA II B,JASON BLAESING,10,2027,A,3.86 pts,0.00,,226,,Yes
33,5/6/25,6,S2,SCI602 / 26,BIOLOGY B,GRANT MERRILL,10,2027,B+,3.23 pts,0.00,,226,,Yes
34,5/13/25,2,S2,MAT702 / 22,ALGEBRA II B,JASON BLAESING,10,2027,A,3.76 pts,0.00,,226,,Yes
34,5/13/25,6,S2,SCI602 / 26,BIOLOGY B,GRANT MERRILL,10,2027,B,3.15 pts,0.00,,226,,Yes
31,4/22/25,2,S2,MAT702 / 22,ALGEBRA II B,JASON BLAESING,11,2026,C-,2.14 pts,0.00,,225,,Yes
32,4/29/25,2,S2,MAT702 / 22,ALGEBRA II B,JASON BLAESING,11,2026,C,2.25 pts,0.00,,225,,Yes
33,5/6/25,2,S2,MAT702 / 22,ALGEBRA II B,JASON BLAESING,11,2026,C,2.23 pts,0.00,,225,,Yes
34,5/13/25,2,S2,MAT702 / 22,ALGEBRA II B,JASON BLAESING,11,2026,C,2.20 pts,0.00,,225,,Yes
31,4/22/25,6,S2,SOC702 / 26,US HISTORY/B,SCOTT BOOTHBY,11,2026,A,3.91 pts,8.67,,224,,Yes
32,4/29/25,6,S2,SOC702 / 26,US HISTORY/B,SCOTT BOOTHBY,11,2026,A,3.92 pts,9.67,,224,,Yes
33,5/6/25,6,S2,SOC702 / 26,US HISTORY/B,SCOTT BOOTHBY,11,2026,A,3.92 pts,9.67,,224,,Yes
34,5/13/25,6,S2,SOC702 / 26,US HISTORY/B,SCOTT BOOTHBY,11,2026,A,3.92 pts,10.33,,224,,Yes
31,4/22/25,2,S2,MAT702 / 22,ALGEBRA II B,JASON BLAESING,11,2026,A,3.65 pts,0.00,,222,,Yes
32,4/29/25,2,S2,MAT702 / 22,ALGEBRA II B,JASON BLAESING,11,2026,A,3.70 pts,0.00,,222,,Yes
33,5/6/25,2,S2,MAT702 / 22,ALGEBRA II B,JASON BLAESING,11,2026,A,3.70 pts,0.14,,222,,Yes
34,5/13/25,2,S2,MAT702 / 22,ALGEBRA II B,JASON BLAESING,11,2026,A,3.62 pts,0.29,,222,,Yes
31,4/22/25,4,S2,MAT523 / 24,GEOMETRY B,ROCHELLE AITON,10,2027,B-,2.81 pts,6.00,,221,,Yes
31,4/22/25,5,S2,ENG602 / 25,SOPH ENG/B,MARCEE SALAS,10,2027,C+,2.57 pts,6.57,,221,,Yes
32,4/29/25,4,S2,MAT523 / 24,GEOMETRY B,ROCHELLE AITON,10,2027,D+,1.88 pts,8.57,,221,,Yes
32,4/29/25,5,S2,ENG602 / 25,SOPH ENG/B,MARCEE SALAS,10,2027,C,2.30 pts,9.14,,221,,Yes
33,5/6/25,4,S2,MAT523 / 24,GEOMETRY B,ROCHELLE AITON,10,2027,D+,1.88 pts,8.57,,221,,Yes
33,5/6/25,5,S2,ENG602 / 25,SOPH ENG/B,MARCEE SALAS,10,2027,C,2.42 pts,9.14,,221,,Yes
34,5/13/25,4,S2,MAT523 / 24,GEOMETRY B,ROCHELLE AITON,10,2027,D+,1.88 pts,10.57,,221,,Yes
34,5/13/25,5,S2,ENG602 / 25,SOPH ENG/B,MARCEE SALAS,10,2027,C,2.36 pts,11.14,,221,,Yes
31,4/22/25,3,S2,SCI602 / 23,BIOLOGY B,GRANT MERRILL,10,2027,C+,2.64 pts,25.00,,220,,Yes
32,4/29/25,3,S2,SCI602 / 23,BIOLOGY B,GRANT MERRILL,10,2027,D,1.69 pts,28.71,,220,,Yes
33,5/6/25,3,S2,SCI602 / 23,BIOLOGY B,GRANT MERRILL,10,2027,F,1.37 pts,33.00,,220,,Yes
34,5/13/25,3,S2,SCI602 / 23,BIOLOGY B,GRANT MERRILL,10,2027,F,0.93 pts,35.57,,220,,Yes
31,4/22/25,1,S2,ENG504 / 21,PRE-AP FRESHMAN ENGLISH/B,ANGELINA MERRILL,09,2028,,3.01 pts,0.83,,219,,Yes
31,4/22/25,2,S2,MAT523 / 22,GEOMETRY B,ROCHELLE AITON,09,2028,,0.15 pts,0.83,,219,,Yes
31,4/22/25,3,S2,MAT523 / 23,GEOMETRY B,ROCHELLE AITON,09,2028,A,3.96 pts,3.00,,219,,Yes
32,4/29/25,1,S2,ENG504 / 21,PRE-AP FRESHMAN ENGLISH/B,ANGELINA MERRILL,09,2028,,3.01 pts,0.83,,219,,Yes
32,4/29/25,2,S2,MAT523 / 22,GEOMETRY B,ROCHELLE AITON,09,2028,,0.15 pts,0.83,,219,,Yes
32,4/29/25,3,S2,MAT523 / 23,GEOMETRY B,ROCHELLE AITON,09,2028,A,3.64 pts,3.00,,219,,Yes
33,5/6/25,1,S2,ENG504 / 21,PRE-AP FRESHMAN ENGLISH/B,ANGELINA MERRILL,09,2028,,3.01 pts,0.83,,219,,Yes
33,5/6/25,2,S2,MAT523 / 22,GEOMETRY B,ROCHELLE AITON,09,2028,,0.15 pts,0.83,,219,,Yes
33,5/6/25,3,S2,MAT523 / 23,GEOMETRY B,ROCHELLE AITON,09,2028,A,3.64 pts,3.00,,219,,Yes
34,5/13/25,1,S2,ENG504 / 21,PRE-AP FRESHMAN ENGLISH/B,ANGELINA MERRILL,09,2028,,3.01 pts,0.83,,219,,Yes
34,5/13/25,2,S2,MAT523 / 22,GEOMETRY B,ROCHELLE AITON,09,2028,,0.15 pts,0.83,,219,,Yes
34,5/13/25,3,S2,MAT523 / 23,GEOMETRY B,ROCHELLE AITON,09,2028,A,3.81 pts,3.00,,219,,Yes
31,4/22/25,1,S2,SCI504 / 21,PHYSICAL SCIENCE B,JAMES BENNETT,11,2026,C-,2.08 pts,13.71,,218,,Yes
31,4/22/25,4,S2,MAT702 / 24,ALGEBRA II B,JENNIFER REILLY,11,2026,A-,3.43 pts,11.57,,218,,Yes
31,4/22/25,6,S2,SOC702 / 26,US HISTORY/B,SCOTT BOOTHBY,11,2026,B+,3.25 pts,12.14,,218,,Yes
32,4/29/25,1,S2,SCI504 / 21,PHYSICAL SCIENCE B,JAMES BENNETT,11,2026,D,1.74 pts,14.71,,218,,Yes
32,4/29/25,4,S2,MAT702 / 24,ALGEBRA II B,JENNIFER REILLY,11,2026,A,3.64 pts,12.57,,218,,Yes
32,4/29/25,6,S2,SOC702 / 26,US HISTORY/B,SCOTT BOOTHBY,11,2026,B+,3.25 pts,13.14,,218,,Yes
33,5/6/25,1,S2,SCI504 / 21,PHYSICAL SCIENCE B,JAMES BENNETT,11,2026,D,1.74 pts,15.57,,218,,Yes
33,5/6/25,4,S2,MAT702 / 24,ALGEBRA II B,JENNIFER REILLY,11,2026,A,3.61 pts,13.43,,218,,Yes
33,5/6/25,6,S2,SOC702 / 26,US HISTORY/B,SCOTT BOOTHBY,11,2026,B+,3.25 pts,14.00,,218,,Yes
34,5/13/25,1,S2,SCI504 / 21,PHYSICAL SCIENCE B,JAMES BENNETT,11,2026,D+,1.94 pts,16.71,,218,,Yes
34,5/13/25,4,S2,MAT702 / 24,ALGEBRA II B,JENNIFER REILLY,11,2026,A-,3.43 pts,14.43,,218,,Yes
34,5/13/25,6,S2,SOC702 / 26,US HISTORY/B,SCOTT BOOTHBY,11,2026,B+,3.32 pts,15.00,,218,,Yes
31,4/22/25,6,S2,ENG502 / 26,FR ENGLISH/B,DAVID HOLLINGSWORTH,09,2028,A,3.92 pts,8.00,,217,,Yes
32,4/29/25,6,S2,ENG502 / 26,FR ENGLISH/B,DAVID HOLLINGSWORTH,09,2028,A,3.73 pts,9.00,,217,,Yes
33,5/6/25,6,S2,ENG502 / 26,FR ENGLISH/B,DAVID HOLLINGSWORTH,09,2028,A,3.73 pts,11.00,,217,,Yes
34,5/13/25,6,S2,ENG502 / 26,FR ENGLISH/B,DAVID HOLLINGSWORTH,09,2028,A,3.73 pts,12.00,,217,,Yes
31,4/22/25,2,S2,BUS302 / 22,PERSONAL FINANCE B,NICOLE SIMEK,12,2025,D,1.77 pts,6.57,,216,,Yes
32,4/29/25,2,S2,BUS302 / 22,PERSONAL FINANCE B,NICOLE SIMEK,12,2025,D,1.77 pts,6.86,,216,,Yes
33,5/6/25,2,S2,BUS302 / 22,PERSONAL FINANCE B,NICOLE SIMEK,12,2025,D,1.77 pts,8.00,,216,,Yes
34,5/13/25,2,S2,BUS302 / 22,PERSONAL FINANCE B,NICOLE SIMEK,12,2025,C,2.28 pts,9.00,,216,,Yes
31,4/22/25,1,S2,MAT523 / 21,GEOMETRY B,ROCHELLE AITON,10,2027,D+,1.87 pts,5.86,,215,,Yes
31,4/22/25,6,S2,SCI602 / 26,BIOLOGY B,GRANT MERRILL,10,2027,B,3.19 pts,5.71,,215,,Yes
32,4/29/25,1,S2,MAT523 / 21,GEOMETRY B,ROCHELLE AITON,10,2027,D+,1.90 pts,6.00,,215,,Yes
32,4/29/25,6,S2,SCI602 / 26,BIOLOGY B,GRANT MERRILL,10,2027,B,2.96 pts,5.71,,215,,Yes
33,5/6/25,1,S2,MAT523 / 21,GEOMETRY B,ROCHELLE AITON,10,2027,D+,1.90 pts,7.00,,215,,Yes
33,5/6/25,6,S2,SCI602 / 26,BIOLOGY B,GRANT MERRILL,10,2027,C,2.42 pts,6.71,,215,,Yes
34,5/13/25,1,S2,MAT523 / 21,GEOMETRY B,ROCHELLE AITON,10,2027,D+,1.89 pts,7.29,,215,,Yes
34,5/13/25,6,S2,SCI602 / 26,BIOLOGY B,GRANT MERRILL,10,2027,C,2.39 pts,7.14,,215,,Yes
31,4/22/25,4,S2,MAT523 / 24,GEOMETRY B,ROCHELLE AITON,11,2026,F,0.33 pts,5.57,,214,,Yes
32,4/29/25,4,S2,MAT523 / 24,GEOMETRY B,ROCHELLE AITON,11,2026,F,1.20 pts,6.43,,214,,Yes
33,5/6/25,4,S2,MAT523 / 24,GEOMETRY B,ROCHELLE AITON,11,2026,F,1.20 pts,6.86,,214,,Yes
34,5/13/25,4,S2,MAT523 / 24,GEOMETRY B,ROCHELLE AITON,11,2026,F,0.87 pts,8.14,,214,,Yes
31,4/22/25,5,S2,BUS302 / 25,PERSONAL FINANCE B,NICOLE SIMEK,12,2025,A,3.97 pts,0.00,,213,,Yes
32,4/29/25,5,S2,BUS302 / 25,PERSONAL FINANCE B,NICOLE SIMEK,12,2025,A,3.97 pts,0.00,,213,,Yes
33,5/6/25,5,S2,BUS302 / 25,PERSONAL FINANCE B,NICOLE SIMEK,12,2025,A,3.96 pts,0.00,,213,,Yes
34,5/13/25,5,S2,BUS302 / 25,PERSONAL FINANCE B,NICOLE SIMEK,12,2025,A,3.94 pts,2.00,,213,,Yes
31,4/22/25,1,S2,SCI504 / 21,PHYSICAL SCIENCE B,JAMES BENNETT,09,2028,F,1.45 pts,1.14,,212,,Yes
31,4/22/25,6,S2,ENG502 / 26,FR ENGLISH/B,DAVID HOLLINGSWORTH,09,2028,B,2.98 pts,3.86,,212,,Yes
32,4/29/25,1,S2,SCI504 / 21,PHYSICAL SCIENCE B,JAMES BENNETT,09,2028,F,1.30 pts,1.14,,212,,Yes
32,4/29/25,6,S2,ENG502 / 26,FR ENGLISH/B,DAVID HOLLINGSWORTH,09,2028,B,3.12 pts,4.14,,212,,Yes
33,5/6/25,1,S2,SCI504 / 21,PHYSICAL SCIENCE B,JAMES BENNETT,09,2028,F,1.46 pts,1.14,,212,,Yes
33,5/6/25,6,S2,ENG502 / 26,FR ENGLISH/B,DAVID HOLLINGSWORTH,09,2028,B,3.12 pts,4.71,,212,,Yes
34,5/13/25,1,S2,SCI504 / 21,PHYSICAL SCIENCE B,JAMES BENNETT,09,2028,F,1.50 pts,1.29,,212,,Yes
34,5/13/25,6,S2,ENG502 / 26,FR ENGLISH/B,DAVID HOLLINGSWORTH,09,2028,B+,3.23 pts,5.29,,212,,Yes
31,4/22/25,3,S2,MAT523 / 23,GEOMETRY B,ROCHELLE AITON,09,2028,C+,2.54 pts,3.00,,211,,Yes
32,4/29/25,3,S2,MAT523 / 23,GEOMETRY B,ROCHELLE AITON,09,2028,C+,2.64 pts,3.00,,211,,Yes
33,5/6/25,3,S2,MAT523 / 23,GEOMETRY B,ROCHELLE AITON,09,2028,C+,2.64 pts,4.00,,211,,Yes
34,5/13/25,3,S2,MAT523 / 23,GEOMETRY B,ROCHELLE AITON,09,2028,C,2.49 pts,4.00,,211,,Yes
31,4/22/25,6,S2,SOC702 / 26,US HISTORY/B,SCOTT BOOTHBY,11,2026,A,3.74 pts,4.00,,210,,Yes
32,4/29/25,6,S2,SOC702 / 26,US HISTORY/B,SCOTT BOOTHBY,11,2026,A,3.74 pts,4.00,,210,,Yes
33,5/6/25,6,S2,SOC702 / 26,US HISTORY/B,SCOTT BOOTHBY,11,2026,A,3.74 pts,4.00,,210,,Yes
34,5/13/25,6,S2,SOC702 / 26,US HISTORY/B,SCOTT BOOTHBY,11,2026,A,3.76 pts,4.00,,210,,Yes
31,4/22/25,3,S2,BUS302 / 23,PERSONAL FINANCE B,NICOLE SIMEK,11,2026,F,0.43 pts,3.43,,209,,Yes
31,4/22/25,6,S2,SOC702 / 26,US HISTORY/B,SCOTT BOOTHBY,11,2026,,1.93 pts,2.00,,209,,Yes
32,4/29/25,3,S2,BUS302 / 23,PERSONAL FINANCE B,NICOLE SIMEK,11,2026,F,0.63 pts,3.43,,209,,Yes
32,4/29/25,6,S2,SOC702 / 26,US HISTORY/B,SCOTT BOOTHBY,11,2026,,1.93 pts,2.00,,209,,Yes
33,5/6/25,3,S2,BUS302 / 23,PERSONAL FINANCE B,NICOLE SIMEK,11,2026,F,0.63 pts,3.86,,209,,Yes
33,5/6/25,6,S2,SOC702 / 26,US HISTORY/B,SCOTT BOOTHBY,11,2026,,1.93 pts,2.00,,209,,Yes
34,5/13/25,3,S2,BUS302 / 23,PERSONAL FINANCE B,NICOLE SIMEK,11,2026,F,1.43 pts,4.71,,209,,Yes
34,5/13/25,6,S2,SOC702 / 26,US HISTORY/B,SCOTT BOOTHBY,11,2026,,1.93 pts,2.00,,209,,Yes
31,4/22/25,3,S2,MAT702 / 23,ALGEBRA II B,JENNIFER REILLY,11,2026,B,3.15 pts,6.43,,208,,Yes
32,4/29/25,3,S2,MAT702 / 23,ALGEBRA II B,JENNIFER REILLY,11,2026,A,3.81 pts,6.86,,208,,Yes
33,5/6/25,3,S2,MAT702 / 23,ALGEBRA II B,JENNIFER REILLY,11,2026,A,3.80 pts,6.86,,208,,Yes
34,5/13/25,3,S2,MAT702 / 23,ALGEBRA II B,JENNIFER REILLY,11,2026,A,3.83 pts,6.86,,208,,Yes
31,4/22/25,5,S2,MAT702 / 45,ALGEBRA II B,JENNIFER REILLY,11,2026,B-,2.86 pts,15.00,,207,,Yes
32,4/29/25,5,S2,MAT702 / 45,ALGEBRA II B,JENNIFER REILLY,11,2026,C,2.45 pts,17.00,,207,,Yes
33,5/6/25,5,S2,MAT702 / 45,ALGEBRA II B,JENNIFER REILLY,11,2026,C,2.46 pts,19.00,,207,,Yes
34,5/13/25,5,S2,MAT702 / 45,ALGEBRA II B,JENNIFER REILLY,11,2026,C+,2.52 pts,20.00,,207,,Yes
34,5/13/25,1,S2,ENG702 / 21,JUNIOR ENG/B,JOHN CARVER,11,2026,F,1.23 pts,21.19,,1,,#N/A
34,5/13/25,2,S2,FAR541 / 22,PERCUSSION/B,DAVID DUARTE,11,2026,,,18.29,,1,,#N/A
34,5/13/25,3,S2,PED101 / 23,PHYSICAL EDUCATION,SCOTT DIZMANG,11,2026,D+,1.86 pts,13.62,,1,,#N/A
34,5/13/25,4,S2,CTE115 / 24,ENGINEERING B,JASON BLAESING,11,2026,F,1.55 pts,21.62,,1,,#N/A
34,5/13/25,5,S2,ONT401 / 25,ON-TRACK/B,ROBERT YEE,11,2026,F,0.00 pts,10.57,,1,,#N/A
31,4/22/25,2,S2,MAT523 / 22,GEOMETRY B,ROCHELLE AITON,10,2027,B+,3.32 pts,0.00,,206,,Yes
31,4/22/25,6,S2,SCI602 / 46,BIOLOGY B,WILLIAM BAUR,10,2027,B+,3.22 pts,0.00,,206,,Yes
34,5/13/25,1,S2,CTA102 / 21,CTA S2,,11,2026,,,0.00,,3,,#N/A
34,5/13/25,2,S2,CTA102 / 21,CTA S2,,11,2026,,,0.00,,3,,#N/A
34,5/13/25,3,S2,CTA102 / 21,CTA S2,,11,2026,,,0.00,,3,,#N/A
32,4/29/25,2,S2,MAT523 / 22,GEOMETRY B,ROCHELLE AITON,10,2027,C,2.21 pts,0.00,,206,,Yes
34,5/13/25,5,S2,ASL504 / 25,AMERICAN SIGN LANGUAGE II/B,TAMI GRANT,11,2026,A,4.00 pts,5.00,,3,,#N/A
34,5/13/25,6,S2,ENG702 / 26,JUNIOR ENG/B,JOHN CARVER,11,2026,A-,3.45 pts,4.00,,3,,#N/A
34,5/13/25,1,S2,FAR506 / 21,CONCERT CHOIR /B,DAVID DUARTE,10,2027,A-,3.43 pts,10.57,,4,,#N/A
34,5/13/25,2,S2,SPA502 / 22,SPANISH I B,ARELI LOPEZ LOPEZ,10,2027,D+,1.91 pts,8.00,,4,,#N/A
34,5/13/25,3,S2,SOC109 / 23,WORLD HISTORY/B,RYAN ISAACSON,10,2027,B-,2.78 pts,6.57,,4,,#N/A
32,4/29/25,6,S2,SCI602 / 46,BIOLOGY B,WILLIAM BAUR,10,2027,B+,3.35 pts,0.00,,206,,Yes
33,5/6/25,2,S2,MAT523 / 22,GEOMETRY B,ROCHELLE AITON,10,2027,B,3.16 pts,0.00,,206,,Yes
34,5/13/25,6,S2,MAT523 / 46,GEOMETRY B,ROCHELLE AITON,10,2027,F,1.54 pts,8.43,,4,,#N/A
34,5/13/25,1,S2,VOC706 / 21,DIGITAL PHOTOGRAPHY II,ROSANNA RUFF,11,2026,B,3.17 pts,0.57,,5,,#N/A
34,5/13/25,2,S2,SCI504 / 42,PHYSICAL SCIENCE B,WILLIAM BAUR,11,2026,B,3.11 pts,0.71,,5,,#N/A
33,5/6/25,6,S2,SCI602 / 46,BIOLOGY B,WILLIAM BAUR,10,2027,B-,2.88 pts,0.00,,206,,Yes
34,5/13/25,4,S2,SOC702 / 24,US HISTORY/B,DAVE HAJEK,11,2026,B-,2.75 pts,2.00,,5,,#N/A
34,5/13/25,5,S2,ENG702 / 25,JUNIOR ENG/B,JOHN CARVER,11,2026,C+,2.61 pts,2.00,,5,,#N/A
34,5/13/25,6,S2,HFL113 / 26,INTRO CULINARY ART,ALEXANDRA YOST,11,2026,B,3.01 pts,1.71,,5,,#N/A
34,5/13/25,1,S2,VOC620 / 21,METAL CRAFTS & PRODUCTION I,DONALD O'BRIEN,10,2027,,0.33 pts,0.00,,6,,#N/A
34,5/13/25,1,S2,PED500 / 21,WEIGHT TRAINING,SCOTT BOOTHBY,10,2027,B+,3.25 pts,3.43,,6,,#N/A
34,5/13/25,2,S2,PED500 / 22,WEIGHT TRAINING,SCOTT BOOTHBY,10,2027,,4.00 pts,0.00,,6,,#N/A
34,5/13/25,2,S2,ELE404 / 22,LANGUAGE SUPPORT/B,HAYLEY ALVARADO,10,2027,A,4.00 pts,3.00,,6,,#N/A
34,5/13/25,3,S2,SOC109 / 23,WORLD HISTORY/B,RYAN ISAACSON,10,2027,B+,3.37 pts,3.00,,6,,#N/A
34,5/13/25,2,S2,MAT523 / 22,GEOMETRY B,ROCHELLE AITON,10,2027,B,3.01 pts,0.00,,206,,Yes
34,5/13/25,6,S2,SCI602 / 46,BIOLOGY B,WILLIAM BAUR,10,2027,B+,3.26 pts,0.00,,206,,Yes
31,4/22/25,3,S2,MAT523 / 23,GEOMETRY B,ROCHELLE AITON,10,2027,B+,3.22 pts,2.57,,205,,Yes
34,5/13/25,1,S2,ENG802 / 21,SENIOR ENG/B,HEATHER CARVER,12,2025,D+,1.90 pts,14.57,,7,,#N/A
32,4/29/25,3,S2,MAT523 / 23,GEOMETRY B,ROCHELLE AITON,10,2027,B,3.11 pts,2.86,,205,,Yes
34,5/13/25,2,S2,ELE404 / 22,LANGUAGE SUPPORT/B,HAYLEY ALVARADO,12,2025,,,5.00,,7,,#N/A
34,5/13/25,3,S2,ONT401 / 23,ON-TRACK/B,BRIAN ANDERSON,12,2025,U,0.18 pts,14.86,,7,,#N/A
34,5/13/25,4,S2,ENG716 / 24,DRAMATIC LITERATURE,KELLY GREGERSEN,12,2025,F,0.80 pts,15.43,,7,,#N/A
34,5/13/25,5,S2,CTE101 / 25,MEDICAL CAREER & TERMS/B,DONNA SCHATZ,12,2025,D+,1.80 pts,14.14,,7,,#N/A
34,5/13/25,6,S2,SOC801 / 26,CONTEMPORARY WORLD ISSUES,JIM REED,12,2025,F,0.54 pts,16.86,,7,,#N/A
34,5/13/25,1,S2,FAR721 / 21,PANTHER PLAYERS/B,KELLY GREGERSEN,11,2026,D+,1.85 pts,8.43,,46,,#N/A
33,5/6/25,3,S2,MAT523 / 23,GEOMETRY B,ROCHELLE AITON,10,2027,B,3.11 pts,3.14,,205,,Yes
34,5/13/25,3,S2,MAT523 / 23,GEOMETRY B,ROCHELLE AITON,10,2027,B+,3.30 pts,4.14,,205,,Yes
34,5/13/25,4,S2,ENG716 / 24,DRAMATIC LITERATURE,KELLY GREGERSEN,11,2026,C+,2.68 pts,8.43,,46,,#N/A
34,5/13/25,5,S2,SOC702 / 25,US HISTORY/B,DAVE HAJEK,11,2026,C,2.26 pts,8.43,,46,,#N/A
34,5/13/25,6,S2,SPA502 / 26,SPANISH I B,ARELI LOPEZ LOPEZ,11,2026,B,3.17 pts,7.57,,46,,#N/A
34,5/13/25,1,S2,FAR721 / 21,PANTHER PLAYERS/B,KELLY GREGERSEN,12,2025,D+,1.84 pts,5.71,,8,,#N/A
31,4/22/25,5,S2,MAT523 / 25,GEOMETRY B,BRIAN ANDERSON,10,2027,A-,3.43 pts,0.71,,204,,Yes
34,5/13/25,3,S2,HFL113 / 23,INTRO CULINARY ART,ALEXANDRA YOST,12,2025,W,2.22 pts,2.57,,8,,#N/A
34,5/13/25,3,S2,AID102 / HC3,TEACHER AIDE,HEATHER CARVER,12,2025,,,5.00,,8,,#N/A
34,5/13/25,4,S2,ENG718 / 24,AP LITERATURE/COMPOSITION B,HEATHER CARVER,12,2025,C+,2.57 pts,7.29,,8,,#N/A
34,5/13/25,5,S2,SOC801 / 25,CONTEMPORARY WORLD ISSUES,SCOTT BOOTHBY,12,2025,B-,2.85 pts,7.57,,8,,#N/A
34,5/13/25,6,S2,SCI504 / 26,PHYSICAL SCIENCE B,JAMES BENNETT,12,2025,D+,1.91 pts,7.71,,8,,#N/A
34,5/13/25,1,S2,PED513 / 21,TEAM GAMES,SCOTT DIZMANG,10,2027,A,4.00 pts,1.00,,9,,#N/A
34,5/13/25,2,S2,SOC109 / 22,WORLD HISTORY/B,DAVID HOLLINGSWORTH,10,2027,A-,3.41 pts,1.00,,9,,#N/A
34,5/13/25,3,S2,HFL116 / 23,BAKING PASTRY ARTS I,KAYLA PAYNE,10,2027,A,4.00 pts,1.00,,9,,#N/A
31,4/22/25,6,S2,SCI602 / 26,BIOLOGY B,GRANT MERRILL,10,2027,A-,3.48 pts,0.00,,204,,Yes
32,4/29/25,5,S2,MAT523 / 25,GEOMETRY B,BRIAN ANDERSON,10,2027,A,3.61 pts,0.71,,204,,Yes
34,5/13/25,6,S2,ENG602 / 26,SOPH ENG/B,MARCEE SALAS,10,2027,D+,1.82 pts,1.00,,9,,#N/A
32,4/29/25,6,S2,SCI602 / 26,BIOLOGY B,GRANT MERRILL,10,2027,A-,3.47 pts,0.00,,204,,Yes
33,5/6/25,5,S2,MAT523 / 25,GEOMETRY B,BRIAN ANDERSON,10,2027,B-,2.75 pts,0.71,,204,,Yes
34,5/13/25,3,S2,SOC109 / 23,WORLD HISTORY/B,RYAN ISAACSON,10,2027,D+,1.95 pts,3.29,,10,,#N/A
34,5/13/25,4,S2,HFL119 / 24,ADV CULINARY ARTS B,ALEXANDRA YOST,10,2027,A,3.98 pts,3.00,,10,,#N/A
34,5/13/25,5,S2,PED500 / 25,WEIGHT TRAINING,SCOTT DIZMANG,10,2027,B-,2.83 pts,3.14,,10,,#N/A
33,5/6/25,6,S2,SCI602 / 26,BIOLOGY B,GRANT MERRILL,10,2027,B,3.15 pts,0.00,,204,,Yes
34,5/13/25,1,S2,SPA602 / 21,SPANISH II B,ARELI LOPEZ LOPEZ,11,2026,A,3.61 pts,3.00,,11,,#N/A
34,5/13/25,2,S2,HFL115 / 22,ADVANCED PASTRY ARTS I,KAYLA PAYNE,11,2026,A,3.97 pts,3.00,,11,,#N/A
34,5/13/25,5,S2,MAT523 / 25,GEOMETRY B,BRIAN ANDERSON,10,2027,A,3.69 pts,0.71,,204,,Yes
34,5/13/25,4,S2,CTE115 / 24,ENGINEERING B,JASON BLAESING,11,2026,B+,3.25 pts,3.29,,11,,#N/A
34,5/13/25,5,S2,SOC704 / 25,AP US HISTORY B,RYAN ISAACSON,11,2026,B,3.01 pts,3.43,,11,,#N/A
34,5/13/25,6,S2,ENG702 / 26,JUNIOR ENG/B,JOHN CARVER,11,2026,B+,3.32 pts,3.14,,11,,#N/A
34,5/13/25,1,S2,CTE115 / 21,ENGINEERING B,JASON BLAESING,11,2026,D+,1.89 pts,2.14,,12,,#N/A
34,5/13/25,2,S2,VOC705 / 22,DIGITAL PHOTOGRAPHY I,ROSANNA RUFF,11,2026,B-,2.76 pts,2.00,,12,,#N/A
34,5/13/25,3,S2,PED500 / 23,WEIGHT TRAINING,SCOTT BOOTHBY,11,2026,A,3.92 pts,2.14,,12,,#N/A
34,5/13/25,4,S2,SOC702 / 24,US HISTORY/B,DAVE HAJEK,11,2026,F,1.05 pts,2.00,,12,,#N/A
34,5/13/25,6,S2,SCI602 / 26,BIOLOGY B,GRANT MERRILL,10,2027,A-,3.42 pts,0.00,,204,,Yes
34,5/13/25,6,S2,ENG702 / 26,JUNIOR ENG/B,JOHN CARVER,11,2026,C,2.34 pts,2.00,,12,,#N/A
31,4/22/25,1,S2,MAT523 / 21,GEOMETRY B,ROCHELLE AITON,10,2027,C-,2.12 pts,0.71,,202,,Yes
31,4/22/25,6,S2,SCI602 / 26,BIOLOGY B,GRANT MERRILL,10,2027,C,2.27 pts,0.00,,202,,Yes
34,5/13/25,3,S2,SCI602 / 43,BIOLOGY B,DONNA SCHATZ,10,2027,C,2.42 pts,6.71,,13,,#N/A
34,5/13/25,4,S2,SCI504 / 44,PHYSICAL SCIENCE B,WILLIAM BAUR,10,2027,C,2.24 pts,6.86,,13,,#N/A
34,5/13/25,5,S2,HFL116 / 25,BAKING PASTRY ARTS I,KAYLA PAYNE,10,2027,A-,3.57 pts,6.71,,13,,#N/A
34,5/13/25,6,S2,SOC109 / 46,WORLD HISTORY/B,DAVE HAJEK,10,2027,F,1.60 pts,6.71,,13,,#N/A
34,5/13/25,1,S2,ENG702 / 21,JUNIOR ENG/B,JOHN CARVER,11,2026,C,2.45 pts,3.14,,14,,#N/A
34,5/13/25,2,S2,VOC107 / 22,METALS MANUF & TECHNOLOGY II,DONALD O'BRIEN,11,2026,B,2.91 pts,1.57,,14,,#N/A
32,4/29/25,1,S2,MAT523 / 21,GEOMETRY B,ROCHELLE AITON,10,2027,C-,2.06 pts,0.71,,202,,Yes
34,5/13/25,4,S2,SCI504 / 24,PHYSICAL SCIENCE B,JAMES BENNETT,11,2026,B-,2.77 pts,2.71,,14,,#N/A
34,5/13/25,5,S2,SOC702 / 25,US HISTORY/B,DAVE HAJEK,11,2026,D+,1.88 pts,1.86,,14,,#N/A
34,5/13/25,6,S2,AID102 / AL6,TEACHER AIDE,ARELI LOPEZ LOPEZ,11,2026,,,2.14,,14,,#N/A
34,5/13/25,1,S2,SPA602 / 21,SPANISH II B,ARELI LOPEZ LOPEZ,10,2027,B-,2.86 pts,0.00,,15,,#N/A
32,4/29/25,6,S2,SCI602 / 26,BIOLOGY B,GRANT MERRILL,10,2027,C+,2.51 pts,0.00,,202,,Yes
33,5/6/25,1,S2,MAT523 / 21,GEOMETRY B,ROCHELLE AITON,10,2027,C-,2.06 pts,0.71,,202,,Yes
33,5/6/25,6,S2,SCI602 / 26,BIOLOGY B,GRANT MERRILL,10,2027,B-,2.75 pts,0.00,,202,,Yes
34,5/13/25,5,S2,VOC502 / 25,FINE ARTS WOODWORKING I,BRENT MANSELL,10,2027,B+,3.35 pts,0.00,,15,,#N/A
34,5/13/25,6,S2,SOC109 / 26,WORLD HISTORY/B,RYAN ISAACSON,10,2027,B,3.02 pts,0.00,,15,,#N/A
34,5/13/25,1,S2,SOC109 / 21,WORLD HISTORY/B,DAVID HOLLINGSWORTH,10,2027,B+,3.27 pts,0.71,,16,,#N/A
34,5/13/25,2,S2,FAR108 / 22,CERAMICS I,ROBERT YEE,10,2027,F,1.03 pts,0.43,,16,,#N/A
34,5/13/25,1,S2,MAT523 / 21,GEOMETRY B,ROCHELLE AITON,10,2027,D,1.74 pts,1.00,,202,,Yes
34,5/13/25,4,S2,SCI504 / 44,PHYSICAL SCIENCE B,WILLIAM BAUR,10,2027,C-,2.15 pts,0.00,,16,,#N/A
34,5/13/25,5,S2,HFL116 / 25,BAKING PASTRY ARTS I,KAYLA PAYNE,10,2027,A,3.96 pts,0.00,,16,,#N/A
34,5/13/25,6,S2,ENG602 / 26,SOPH ENG/B,MARCEE SALAS,10,2027,C+,2.68 pts,0.00,,16,,#N/A
34,5/13/25,6,S2,SCI602 / 26,BIOLOGY B,GRANT MERRILL,10,2027,C+,2.51 pts,0.00,,202,,Yes
34,5/13/25,1,S2,PED513 / 21,TEAM GAMES,SCOTT DIZMANG,10,2027,D+,1.86 pts,11.43,,17,,#N/A
31,4/22/25,1,S2,SCI504 / 21,PHYSICAL SCIENCE B,JAMES BENNETT,12,2025,F,1.05 pts,26.43,,201,,Yes
34,5/13/25,3,S2,SCI602 / 43,BIOLOGY B,DONNA SCHATZ,10,2027,F,1.51 pts,8.71,,17,,#N/A
34,5/13/25,4,S2,SOC109 / 24,WORLD HISTORY/B,DAVID HOLLINGSWORTH,10,2027,D+,1.99 pts,11.29,,17,,#N/A
34,5/13/25,5,S2,HFL116 / 25,BAKING PASTRY ARTS I,KAYLA PAYNE,10,2027,A-,3.59 pts,9.86,,17,,#N/A
34,5/13/25,6,S2,MAT523 / 46,GEOMETRY B,ROCHELLE AITON,10,2027,F,0.96 pts,11.57,,17,,#N/A
34,5/13/25,1,S2,PED500 / 21,WEIGHT TRAINING,SCOTT BOOTHBY,12,2025,,2.00 pts,0.14,,18,,#N/A
34,5/13/25,1,S2,AACAL2 / 21,ACADEMIC ACHIEVEMENT B,AARON LABREE,12,2025,C-,2.00 pts,7.71,,18,,#N/A
31,4/22/25,2,S2,BUS302 / 22,PERSONAL FINANCE B,NICOLE SIMEK,12,2025,F,1.40 pts,25.00,,201,,Yes
34,5/13/25,3,S2,SOC801 / 23,CONTEMPORARY WORLD ISSUES,JIM REED,12,2025,C-,2.15 pts,5.71,,18,,#N/A
34,5/13/25,4,S2,PED513 / 24,TEAM GAMES,SCOTT DIZMANG,12,2025,F,1.15 pts,8.14,,18,,#N/A
34,5/13/25,5,S2,ONT401 / 25,ON-TRACK/B,ROBERT YEE,12,2025,C-,2.00 pts,5.00,,18,,#N/A
34,5/13/25,6,S2,ENG802 / 26,SENIOR ENG/B,HEATHER CARVER,12,2025,B,3.02 pts,5.29,,18,,#N/A
34,5/13/25,1,S2,HFL114 / 21,FAMILY HEALTH,THOMAS KESSINGER,09,2028,A,3.60 pts,2.00,,2,,#N/A
34,5/13/25,2,S2,ASL502 / 22,AMERICAN  SIGN LANGUAGE I/B,KYLA RITCHEY,09,2028,B,2.93 pts,2.00,,2,,#N/A
34,5/13/25,3,S2,MAT521 / 43,ALGEBRA I B,JANET FRANKLIN,09,2028,B-,2.75 pts,2.00,,2,,#N/A
34,5/13/25,4,S2,SCI504 / 24,PHYSICAL SCIENCE B,JAMES BENNETT,09,2028,C-,2.12 pts,2.14,,2,,#N/A
34,5/13/25,5,S2,VOC705 / 25,DIGITAL PHOTOGRAPHY I,ROSANNA RUFF,09,2028,C,2.33 pts,2.43,,2,,#N/A
32,4/29/25,1,S2,SCI504 / 21,PHYSICAL SCIENCE B,JAMES BENNETT,12,2025,F,0.72 pts,28.00,,201,,Yes
34,5/13/25,1,S2,CTE115 / 21,ENGINEERING B,JASON BLAESING,11,2026,F,1.36 pts,1.14,,19,,#N/A
34,5/13/25,2,S2,FAR108 / 22,CERAMICS I,ROBERT YEE,11,2026,F,1.03 pts,1.14,,19,,#N/A
34,5/13/25,3,S2,PED101 / 23,PHYSICAL EDUCATION,SCOTT DIZMANG,11,2026,A-,3.53 pts,1.14,,19,,#N/A
34,5/13/25,4,S2,ENG702 / 24,JUNIOR ENG/B,JOHN CARVER,11,2026,B,2.90 pts,1.14,,19,,#N/A
34,5/13/25,5,S2,SOC704 / 25,AP US HISTORY B,RYAN ISAACSON,11,2026,F,1.38 pts,0.43,,19,,#N/A
32,4/29/25,2,S2,BUS302 / 22,PERSONAL FINANCE B,NICOLE SIMEK,12,2025,F,1.23 pts,26.57,,201,,Yes
34,5/13/25,1,S2,ENG602 / 21,SOPH ENG/B,MARCEE SALAS,10,2027,B,3.19 pts,6.43,,20,,#N/A
34,5/13/25,2,S2,MAT523 / 42,GEOMETRY B,BRIAN ANDERSON,10,2027,C+,2.67 pts,6.29,,20,,#N/A
34,5/13/25,3,S2,FAR109 / 23,CERAMICS II,ROBERT YEE,10,2027,,,1.00,,20,,#N/A
34,5/13/25,3,S2,FAR108 / 23,CERAMICS I,ROBERT YEE,10,2027,B-,2.83 pts,5.00,,20,,#N/A
33,5/6/25,1,S2,SCI504 / 21,PHYSICAL SCIENCE B,JAMES BENNETT,12,2025,F,0.72 pts,30.71,,201,,Yes
34,5/13/25,5,S2,CTE101 / 25,MEDICAL CAREER & TERMS/B,DONNA SCHATZ,10,2027,A-,3.43 pts,6.00,,20,,#N/A
34,5/13/25,6,S2,SOC109 / 46,WORLD HISTORY/B,DAVE HAJEK,10,2027,B-,2.73 pts,6.29,,20,,#N/A
34,5/13/25,1,S2,SOC702 / 21,US HISTORY/B,DAVE HAJEK,11,2026,F,0.50 pts,8.71,,21,,#N/A
33,5/6/25,2,S2,BUS302 / 22,PERSONAL FINANCE B,NICOLE SIMEK,12,2025,F,1.07 pts,28.71,,201,,Yes
34,5/13/25,1,S2,SCI504 / 21,PHYSICAL SCIENCE B,JAMES BENNETT,12,2025,F,1.09 pts,32.57,,201,,Yes
34,5/13/25,4,S2,HFL119 / 24,ADV CULINARY ARTS B,ALEXANDRA YOST,11,2026,A,3.97 pts,10.00,,21,,#N/A
34,5/13/25,5,S2,ENG702 / 25,JUNIOR ENG/B,JOHN CARVER,11,2026,C-,2.07 pts,10.14,,21,,#N/A
34,5/13/25,6,S2,FAR113 / 26,INTRO TO ART AND DESIGN,ROBERT YEE,11,2026,,3.00 pts,5.14,,21,,#N/A
34,5/13/25,6,S2,FAR114 / 26,INTERMEDIATE ART,ROBERT YEE,11,2026,,,4.43,,21,,#N/A
34,5/13/25,1,S2,PED513 / 21,TEAM GAMES,SCOTT DIZMANG,11,2026,B+,3.29 pts,2.43,,22,,#N/A
34,5/13/25,2,S2,HFL115 / 22,ADVANCED PASTRY ARTS I,KAYLA PAYNE,11,2026,A,3.99 pts,2.43,,22,,#N/A
34,5/13/25,2,S2,BUS302 / 22,PERSONAL FINANCE B,NICOLE SIMEK,12,2025,F,1.28 pts,30.57,,201,,Yes
34,5/13/25,4,S2,SCI504 / 44,PHYSICAL SCIENCE B,WILLIAM BAUR,11,2026,B+,3.26 pts,2.00,,22,,#N/A
34,5/13/25,5,S2,SOC702 / 25,US HISTORY/B,DAVE HAJEK,11,2026,B,2.94 pts,2.57,,22,,#N/A
34,5/13/25,6,S2,ENG702 / 26,JUNIOR ENG/B,JOHN CARVER,11,2026,B+,3.32 pts,2.43,,22,,#N/A
34,5/13/25,1,S2,MAT705 / 21,PRE-CALC B MAT 154,BRIAN ANDERSON,12,2025,C-,2.14 pts,2.25,,24,,#N/A
34,5/13/25,2,S2,RUN102 / 22,RUNNING START/B,,12,2025,,,0.00,,24,,#N/A
34,5/13/25,3,S2,RUN102 / 23,RUNNING START/B,,12,2025,,,0.00,,24,,#N/A
34,5/13/25,4,S2,RUN102 / 24,RUNNING START/B,,12,2025,,,0.00,,24,,#N/A
34,5/13/25,5,S2,ENG802 / 25,SENIOR ENG/B,HEATHER CARVER,12,2025,B,2.98 pts,1.75,,24,,#N/A
34,5/13/25,6,S2,SOC801 / 26,CONTEMPORARY WORLD ISSUES,JIM REED,12,2025,A,3.79 pts,1.50,,24,,#N/A
34,5/13/25,1,S2,PED500 / 21,WEIGHT TRAINING,SCOTT BOOTHBY,09,2028,B+,3.21 pts,1.57,,25,,#N/A
34,5/13/25,2,S2,SCI504 / 42,PHYSICAL SCIENCE B,WILLIAM BAUR,09,2028,F,1.40 pts,1.00,,25,,#N/A
34,5/13/25,3,S2,FAR108 / 23,CERAMICS I,ROBERT YEE,09,2028,D,1.69 pts,1.00,,25,,#N/A
34,5/13/25,4,S2,CTE230 / 24,SOCIAL MEDIA MARKETING I,NICOLE SIMEK,09,2028,F,1.55 pts,1.57,,25,,#N/A
34,5/13/25,5,S2,MAT521 / 25,ALGEBRA I B,KEVIN REILLY,09,2028,C,2.28 pts,1.57,,25,,#N/A
31,4/22/25,5,S2,BUS302 / 25,PERSONAL FINANCE B,NICOLE SIMEK,12,2025,A,3.73 pts,0.57,,200,,Yes
34,5/13/25,1,S2,ENG702 / 21,JUNIOR ENG/B,JOHN CARVER,11,2026,D,1.75 pts,22.71,,26,,#N/A
34,5/13/25,2,S2,SCI504 / 22,PHYSICAL SCIENCE B,JAMES BENNETT,11,2026,D,1.73 pts,20.00,,26,,#N/A
32,4/29/25,5,S2,BUS302 / 25,PERSONAL FINANCE B,NICOLE SIMEK,12,2025,A,3.73 pts,0.57,,200,,Yes
34,5/13/25,4,S2,SOC702 / 24,US HISTORY/B,DAVE HAJEK,11,2026,F,1.60 pts,16.71,,26,,#N/A
34,5/13/25,5,S2,ONT401 / 25,ON-TRACK/B,ROBERT YEE,11,2026,F,0.00 pts,18.57,,26,,#N/A
34,5/13/25,6,S2,FAR113 / 26,INTRO TO ART AND DESIGN,ROBERT YEE,11,2026,F,0.00 pts,19.14,,26,,#N/A
34,5/13/25,1,S2,MAT702 / 21,ALGEBRA II B,JENNIFER REILLY,11,2026,B-,2.83 pts,9.57,,29,,#N/A
34,5/13/25,2,S2,SCI504 / 42,PHYSICAL SCIENCE B,WILLIAM BAUR,11,2026,B+,3.37 pts,8.00,,29,,#N/A
34,5/13/25,3,S2,ENG720 / 23,AP LANGUAGE/ COMPOSITON B,HEATHER CARVER,11,2026,D+,1.97 pts,7.43,,29,,#N/A
34,5/13/25,4,S2,ASL506 / 24,AMER SIGN III/B,TAMI GRANT,11,2026,A-,3.50 pts,4.71,,29,,#N/A
34,5/13/25,5,S2,CTE502 / 25,PROJECT IN  LEADERSHIP/B,KYLA RITCHEY,11,2026,A,3.64 pts,4.00,,29,,#N/A
33,5/6/25,5,S2,BUS302 / 25,PERSONAL FINANCE B,NICOLE SIMEK,12,2025,A,3.76 pts,0.57,,200,,Yes
34,5/13/25,1,S2,ENG802 / 21,SENIOR ENG/B,HEATHER CARVER,12,2025,F,1.09 pts,4.43,,27,,#N/A
34,5/13/25,5,S2,BUS302 / 25,PERSONAL FINANCE B,NICOLE SIMEK,12,2025,A,3.82 pts,0.57,,200,,Yes
34,5/13/25,3,S2,ONT401 / 23,ON-TRACK/B,BRIAN ANDERSON,12,2025,U,0.12 pts,4.14,,27,,#N/A
34,5/13/25,4,S2,SOC801 / 24,CONTEMPORARY WORLD ISSUES,JIM REED,12,2025,F,0.69 pts,5.00,,27,,#N/A
34,5/13/25,5,S2,CTE101 / 25,MEDICAL CAREER & TERMS/B,DONNA SCHATZ,12,2025,F,0.92 pts,5.43,,27,,#N/A
34,5/13/25,6,S2,ENG715 / 26,FILM AS LITERATURE,KELLY GREGERSEN,12,2025,F,1.05 pts,5.43,,27,,#N/A
34,5/13/25,1,S2,ENG602 / 21,SOPH ENG/B,MARCEE SALAS,10,2027,C,2.49 pts,2.71,,28,,#N/A
34,5/13/25,2,S2,SCI602 / 42,BIOLOGY B,DONNA SCHATZ,10,2027,D+,1.88 pts,3.00,,28,,#N/A
34,5/13/25,3,S2,ASL502 / 23,AMERICAN  SIGN LANGUAGE I/B,KYLA RITCHEY,10,2027,C,2.48 pts,2.71,,28,,#N/A
31,4/22/25,5,S2,MAT523 / 25,GEOMETRY B,BRIAN ANDERSON,10,2027,C+,2.63 pts,0.00,,199,,Yes
34,5/13/25,5,S2,HFL116 / 25,BAKING PASTRY ARTS I,KAYLA PAYNE,10,2027,A,3.77 pts,2.71,,28,,#N/A
34,5/13/25,6,S2,SOC109 / 26,WORLD HISTORY/B,RYAN ISAACSON,10,2027,F,1.34 pts,3.14,,28,,#N/A
34,5/13/25,1,S2,ENG802 / 21,SENIOR ENG/B,HEATHER CARVER,12,2025,C-,2.17 pts,13.14,,30,,#N/A
34,5/13/25,2,S2,ASL504 / 22,AMERICAN SIGN LANGUAGE II/B,TAMI GRANT,12,2025,A-,3.47 pts,9.43,,30,,#N/A
34,5/13/25,3,S2,HFL113 / 23,INTRO CULINARY ART,ALEXANDRA YOST,12,2025,B,3.02 pts,10.71,,30,,#N/A
34,5/13/25,4,S2,SOC801 / 24,CONTEMPORARY WORLD ISSUES,JIM REED,12,2025,A,3.70 pts,10.14,,30,,#N/A
32,4/29/25,5,S2,MAT523 / 25,GEOMETRY B,BRIAN ANDERSON,10,2027,D+,1.82 pts,0.00,,199,,Yes
34,5/13/25,6,S2,VOC621 / 26,METAL CRAFTS & PRODUCTION II,DONALD O'BRIEN,12,2025,B,3.06 pts,12.14,,30,,#N/A
34,5/13/25,1,S2,SOC109 / 21,WORLD HISTORY/B,DAVID HOLLINGSWORTH,10,2027,A-,3.41 pts,2.14,,32,,#N/A
34,5/13/25,2,S2,HFL114 / 22,FAMILY HEALTH,THOMAS KESSINGER,10,2027,A,3.67 pts,2.00,,32,,#N/A
34,5/13/25,3,S2,SCI602 / 43,BIOLOGY B,DONNA SCHATZ,10,2027,B+,3.22 pts,2.00,,32,,#N/A
33,5/6/25,5,S2,MAT523 / 25,GEOMETRY B,BRIAN ANDERSON,10,2027,C,2.36 pts,0.00,,199,,Yes
34,5/13/25,5,S2,ASL504 / 25,AMERICAN SIGN LANGUAGE II/B,TAMI GRANT,10,2027,B,2.92 pts,3.14,,32,,#N/A
34,5/13/25,6,S2,ENG602 / 26,SOPH ENG/B,MARCEE SALAS,10,2027,C,2.26 pts,3.14,,32,,#N/A
34,5/13/25,1,S2,PED513 / 21,TEAM GAMES,SCOTT DIZMANG,10,2027,A,3.76 pts,1.57,,33,,#N/A
34,5/13/25,5,S2,MAT523 / 25,GEOMETRY B,BRIAN ANDERSON,10,2027,B+,3.36 pts,0.00,,199,,Yes
34,5/13/25,3,S2,ASL502 / 23,AMERICAN  SIGN LANGUAGE I/B,KYLA RITCHEY,10,2027,C+,2.54 pts,1.43,,33,,#N/A
34,5/13/25,4,S2,SOC109 / 24,WORLD HISTORY/B,DAVID HOLLINGSWORTH,10,2027,F,0.93 pts,1.43,,33,,#N/A
31,4/22/25,1,S2,MAT523 / 21,GEOMETRY B,ROCHELLE AITON,10,2027,F,1.62 pts,5.43,,198,,Yes
31,4/22/25,4,S2,SCI602 / 24,BIOLOGY B,GRANT MERRILL,10,2027,B-,2.70 pts,5.43,,198,,Yes
34,5/13/25,1,S2,VOC504 / 21,ADV FINE ARTS WOODWORKING I,BRENT MANSELL,10,2027,F,1.31 pts,18.00,,34,,#N/A
32,4/29/25,1,S2,MAT523 / 21,GEOMETRY B,ROCHELLE AITON,10,2027,D,1.73 pts,5.43,,198,,Yes
32,4/29/25,4,S2,SCI602 / 24,BIOLOGY B,GRANT MERRILL,10,2027,C+,2.69 pts,5.57,,198,,Yes
34,5/13/25,4,S2,PED513 / 24,TEAM GAMES,SCOTT DIZMANG,10,2027,F,1.39 pts,17.43,,34,,#N/A
34,5/13/25,5,S2,SCI602 / 25,BIOLOGY B,GRANT MERRILL,10,2027,F,0.32 pts,15.14,,34,,#N/A
34,5/13/25,6,S2,SOC109 / 26,WORLD HISTORY/B,RYAN ISAACSON,10,2027,F,0.32 pts,11.00,,34,,#N/A
34,5/13/25,1,S2,ENG802 / 21,SENIOR ENG/B,HEATHER CARVER,12,2025,C+,2.54 pts,1.00,,35,,#N/A
34,5/13/25,2,S2,SCI504 / 22,PHYSICAL SCIENCE B,JAMES BENNETT,12,2025,C,2.21 pts,2.57,,35,,#N/A
34,5/13/25,3,S2,SOC801 / 23,CONTEMPORARY WORLD ISSUES,JIM REED,12,2025,C,2.36 pts,1.14,,35,,#N/A
34,5/13/25,4,S2,MAT521 / 24,ALGEBRA I B,KEVIN REILLY,12,2025,C-,2.09 pts,1.57,,35,,#N/A
34,5/13/25,5,S2,ONT401 / 25,ON-TRACK/B,ROBERT YEE,12,2025,C-,2.00 pts,2.29,,35,,#N/A
33,5/6/25,1,S2,MAT523 / 21,GEOMETRY B,ROCHELLE AITON,10,2027,D,1.73 pts,7.43,,198,,Yes
34,5/13/25,1,S2,CTE115 / 21,ENGINEERING B,JASON BLAESING,11,2026,F,1.63 pts,0.57,,36,,#N/A
33,5/6/25,4,S2,SCI602 / 24,BIOLOGY B,GRANT MERRILL,10,2027,C,2.21 pts,7.57,,198,,Yes
34,5/13/25,3,S2,FAR604 / 23,SCENE DESIGN,KELLY GREGERSEN,11,2026,C,2.28 pts,0.00,,36,,#N/A
34,5/13/25,4,S2,ENG702 / 24,JUNIOR ENG/B,JOHN CARVER,11,2026,C+,2.56 pts,0.00,,36,,#N/A
34,5/13/25,5,S2,SOC702 / 25,US HISTORY/B,DAVE HAJEK,11,2026,C,2.45 pts,0.29,,36,,#N/A
34,5/13/25,6,S2,FAR543 / 26,WIND ENSEMB/B,DAVID DUARTE,11,2026,A,3.71 pts,0.43,,36,,#N/A
34,5/13/25,1,S2,PED500 / 21,WEIGHT TRAINING,SCOTT BOOTHBY,11,2026,C+,2.54 pts,12.14,,37,,#N/A
34,5/13/25,2,S2,SCI504 / 22,PHYSICAL SCIENCE B,JAMES BENNETT,11,2026,F,1.28 pts,11.86,,37,,#N/A
34,5/13/25,3,S2,ONT401 / 23,ON-TRACK/B,BRIAN ANDERSON,11,2026,U,0.20 pts,11.86,,37,,#N/A
34,5/13/25,4,S2,ENG716 / 24,DRAMATIC LITERATURE,KELLY GREGERSEN,11,2026,F,1.38 pts,12.29,,37,,#N/A
34,5/13/25,1,S2,MAT523 / 21,GEOMETRY B,ROCHELLE AITON,10,2027,D,1.73 pts,8.14,,198,,Yes
34,5/13/25,4,S2,SCI602 / 24,BIOLOGY B,GRANT MERRILL,10,2027,C,2.46 pts,7.71,,198,,Yes
31,4/22/25,6,S2,ENG502 / 26,FR ENGLISH/B,DAVID HOLLINGSWORTH,09,2028,C-,2.02 pts,2.43,,196,,Yes
34,5/13/25,2,S2,VOC107 / 22,METALS MANUF & TECHNOLOGY II,DONALD O'BRIEN,10,2027,C,2.25 pts,11.29,,38,,#N/A
34,5/13/25,3,S2,SCI602 / 43,BIOLOGY B,DONNA SCHATZ,10,2027,C,2.36 pts,11.00,,38,,#N/A
34,5/13/25,4,S2,SOC109 / 24,WORLD HISTORY/B,DAVID HOLLINGSWORTH,10,2027,B-,2.81 pts,11.00,,38,,#N/A
32,4/29/25,6,S2,ENG502 / 26,FR ENGLISH/B,DAVID HOLLINGSWORTH,09,2028,D,1.66 pts,2.43,,196,,Yes
34,5/13/25,6,S2,PED500 / 26,WEIGHT TRAINING,SCOTT DIZMANG,10,2027,B+,3.20 pts,10.86,,38,,#N/A
34,5/13/25,1,S2,VOC620 / 21,METAL CRAFTS & PRODUCTION I,DONALD O'BRIEN,10,2027,C+,2.67 pts,3.57,,39,,#N/A
34,5/13/25,2,S2,SOC109 / 22,WORLD HISTORY/B,DAVID HOLLINGSWORTH,10,2027,C-,2.18 pts,3.43,,39,,#N/A
33,5/6/25,6,S2,ENG502 / 26,FR ENGLISH/B,DAVID HOLLINGSWORTH,09,2028,D+,1.90 pts,2.43,,196,,Yes
34,5/13/25,4,S2,VOC503 / 24,FINE ARTS WOODS II,BRENT MANSELL,10,2027,C+,2.69 pts,2.71,,39,,#N/A
34,5/13/25,6,S2,ENG502 / 26,FR ENGLISH/B,DAVID HOLLINGSWORTH,09,2028,D+,1.96 pts,2.43,,196,,Yes
31,4/22/25,3,S2,BUS302 / 23,PERSONAL FINANCE B,NICOLE SIMEK,12,2025,F,0.01 pts,12.43,,195,,Yes
34,5/13/25,1,S2,ENG702 / 21,JUNIOR ENG/B,JOHN CARVER,11,2026,C+,2.65 pts,1.14,,40,,#N/A
32,4/29/25,3,S2,BUS302 / 23,PERSONAL FINANCE B,NICOLE SIMEK,12,2025,F,0.01 pts,15.43,,195,,Yes
34,5/13/25,3,S2,SCI504 / 43,PHYSICAL SCIENCE B,WILLIAM BAUR,11,2026,D,1.66 pts,1.00,,40,,#N/A
34,5/13/25,4,S2,VOC504 / 24,ADV FINE ARTS WOODWORKING I,BRENT MANSELL,11,2026,F,1.38 pts,1.00,,40,,#N/A
34,5/13/25,5,S2,SPA602 / 25,SPANISH II B,ARELI LOPEZ LOPEZ,11,2026,C,2.39 pts,1.00,,40,,#N/A
33,5/6/25,3,S2,BUS302 / 23,PERSONAL FINANCE B,NICOLE SIMEK,12,2025,F,0.01 pts,18.00,,195,,Yes
34,5/13/25,1,S2,MAT702 / 21,ALGEBRA II B,JENNIFER REILLY,11,2026,B,3.01 pts,6.71,,47,,#N/A
34,5/13/25,3,S2,BUS302 / 23,PERSONAL FINANCE B,NICOLE SIMEK,12,2025,F,0.49 pts,20.86,,195,,Yes
34,5/13/25,3,S2,ASL504 / 23,AMERICAN SIGN LANGUAGE II/B,TAMI GRANT,11,2026,B+,3.22 pts,6.14,,47,,#N/A
34,5/13/25,4,S2,SOC702 / 24,US HISTORY/B,DAVE HAJEK,11,2026,D+,1.82 pts,6.00,,47,,#N/A
34,5/13/25,5,S2,PED500 / 25,WEIGHT TRAINING,SCOTT DIZMANG,11,2026,A-,3.50 pts,6.00,,47,,#N/A
34,5/13/25,6,S2,ENG702 / 26,JUNIOR ENG/B,JOHN CARVER,11,2026,B,2.94 pts,6.00,,47,,#N/A
34,5/13/25,1,S2,ENG702 / 21,JUNIOR ENG/B,JOHN CARVER,11,2026,C+,2.62 pts,1.00,,41,,#N/A
34,5/13/25,2,S2,SCI504 / 42,PHYSICAL SCIENCE B,WILLIAM BAUR,11,2026,D+,1.89 pts,0.00,,41,,#N/A
34,5/13/25,3,S2,ASL504 / 23,AMERICAN SIGN LANGUAGE II/B,TAMI GRANT,11,2026,A,3.86 pts,0.14,,41,,#N/A
34,5/13/25,4,S2,SOC702 / 24,US HISTORY/B,DAVE HAJEK,11,2026,D+,1.86 pts,0.43,,41,,#N/A
31,4/22/25,5,S2,MAT523 / 25,GEOMETRY B,BRIAN ANDERSON,10,2027,F,1.28 pts,8.90,,194,,Yes
34,5/13/25,6,S2,FAR113 / 26,INTRO TO ART AND DESIGN,ROBERT YEE,11,2026,C-,2.04 pts,0.57,,41,,#N/A
34,5/13/25,1,S2,FAR607 / 21,ADVANCED ACTING/ B,KELLY GREGERSEN,12,2025,D,1.69 pts,2.86,,42,,#N/A
32,4/29/25,5,S2,MAT523 / 25,GEOMETRY B,BRIAN ANDERSON,10,2027,F,1.51 pts,8.90,,194,,Yes
34,5/13/25,3,S2,ENG802 / 23,SENIOR ENG/B,JOHN CARVER,12,2025,F,0.72 pts,2.86,,42,,#N/A
34,5/13/25,4,S2,HFL119 / 24,ADV CULINARY ARTS B,ALEXANDRA YOST,12,2025,A,3.97 pts,2.71,,42,,#N/A
33,5/6/25,5,S2,MAT523 / 25,GEOMETRY B,BRIAN ANDERSON,10,2027,F,1.15 pts,9.19,,194,,Yes
34,5/13/25,6,S2,FAR543 / 26,WIND ENSEMB/B,DAVID DUARTE,12,2025,A-,3.58 pts,2.14,,42,,#N/A
34,5/13/25,1,S2,ENG702 / 21,JUNIOR ENG/B,JOHN CARVER,11,2026,C,2.46 pts,13.86,,43,,#N/A
34,5/13/25,2,S2,SCI504 / 22,PHYSICAL SCIENCE B,JAMES BENNETT,11,2026,C,2.38 pts,13.57,,43,,#N/A
34,5/13/25,3,S2,ASL504 / 23,AMERICAN SIGN LANGUAGE II/B,TAMI GRANT,11,2026,B+,3.25 pts,11.71,,43,,#N/A
34,5/13/25,4,S2,SOC702 / 24,US HISTORY/B,DAVE HAJEK,11,2026,C-,2.14 pts,11.86,,43,,#N/A
34,5/13/25,5,S2,SOC106 / 25,AP PSYCHOLOGY B,JIM REED,11,2026,D,1.65 pts,12.43,,43,,#N/A
34,5/13/25,5,S2,MAT523 / 25,GEOMETRY B,BRIAN ANDERSON,10,2027,F,1.13 pts,9.19,,194,,Yes
31,4/22/25,1,S2,MAT523 / 21,GEOMETRY B,ROCHELLE AITON,10,2027,D+,1.82 pts,1.29,,193,,Yes
34,5/13/25,2,S2,SCI602 / 42,BIOLOGY B,DONNA SCHATZ,10,2027,D+,1.86 pts,15.43,,44,,#N/A
34,5/13/25,3,S2,FAR604 / 23,SCENE DESIGN,KELLY GREGERSEN,10,2027,C,2.48 pts,17.43,,44,,#N/A
34,5/13/25,4,S2,HFL113 / 24,INTRO CULINARY ART,KAYLA PAYNE,10,2027,A-,3.49 pts,13.86,,44,,#N/A
31,4/22/25,5,S2,ENG602 / 25,SOPH ENG/B,MARCEE SALAS,10,2027,B,2.93 pts,1.57,,193,,Yes
34,5/13/25,6,S2,SOC109 / 26,WORLD HISTORY/B,RYAN ISAACSON,10,2027,F,0.02 pts,18.71,,44,,#N/A
34,5/13/25,1,S2,PED101 / 21,PHYSICAL EDUCATION,KATHERINE STURDYVIN-SCOBBA,11,2026,A,3.95 pts,3.14,,45,,#N/A
32,4/29/25,1,S2,MAT523 / 21,GEOMETRY B,ROCHELLE AITON,10,2027,D+,1.85 pts,1.43,,193,,Yes
34,5/13/25,3,S2,ENG720 / 23,AP LANGUAGE/ COMPOSITON B,HEATHER CARVER,11,2026,F,1.45 pts,3.00,,45,,#N/A
34,5/13/25,4,S2,CTE231 / 24,SOCIAL MEDIA MARKETING II,NICOLE SIMEK,11,2026,C,2.44 pts,3.00,,45,,#N/A
34,5/13/25,5,S2,SOC704 / 25,AP US HISTORY B,RYAN ISAACSON,11,2026,B,3.01 pts,3.00,,45,,#N/A
32,4/29/25,5,S2,ENG602 / 25,SOPH ENG/B,MARCEE SALAS,10,2027,B-,2.82 pts,1.57,,193,,Yes
34,5/13/25,1,S2,SOC109 / 21,WORLD HISTORY/B,DAVID HOLLINGSWORTH,10,2027,F,1.12 pts,14.43,,48,,#N/A
33,5/6/25,1,S2,MAT523 / 21,GEOMETRY B,ROCHELLE AITON,10,2027,D+,1.85 pts,1.57,,193,,Yes
34,5/13/25,3,S2,PED101 / 23,PHYSICAL EDUCATION,SCOTT DIZMANG,10,2027,B+,3.29 pts,14.43,,48,,#N/A
34,5/13/25,4,S2,VOC504 / 24,ADV FINE ARTS WOODWORKING I,BRENT MANSELL,10,2027,F,1.31 pts,14.00,,48,,#N/A
33,5/6/25,5,S2,ENG602 / 25,SOPH ENG/B,MARCEE SALAS,10,2027,B-,2.81 pts,1.57,,193,,Yes
34,5/13/25,1,S2,MAT523 / 21,GEOMETRY B,ROCHELLE AITON,10,2027,D,1.69 pts,1.57,,193,,Yes
34,5/13/25,5,S2,ENG602 / 25,SOPH ENG/B,MARCEE SALAS,10,2027,C+,2.69 pts,1.57,,193,,Yes
34,5/13/25,2,S2,ENG802 / 22,SENIOR ENG/B,MARCEE SALAS,12,2025,C,2.43 pts,10.14,,49,,#N/A
34,5/13/25,3,S2,SOC801 / 23,CONTEMPORARY WORLD ISSUES,JIM REED,12,2025,F,1.51 pts,9.57,,49,,#N/A
34,5/13/25,4,S2,FAR110 / 24,CERAMICS III,ROBERT YEE,12,2025,B,3.00 pts,9.71,,49,,#N/A
34,5/13/25,5,S2,ONT401 / 25,ON-TRACK/B,ROBERT YEE,12,2025,F,0.00 pts,9.29,,49,,#N/A
31,4/22/25,1,S2,MAT523 / 21,GEOMETRY B,ROCHELLE AITON,09,2028,B,3.16 pts,2.00,,192,,Yes
32,4/29/25,1,S2,MAT523 / 21,GEOMETRY B,ROCHELLE AITON,09,2028,A,3.79 pts,2.00,,192,,Yes
33,5/6/25,1,S2,MAT523 / 21,GEOMETRY B,ROCHELLE AITON,09,2028,A,3.79 pts,2.00,,192,,Yes
34,5/13/25,1,S2,MAT523 / 21,GEOMETRY B,ROCHELLE AITON,09,2028,A,3.79 pts,2.00,,192,,Yes
31,4/22/25,3,S2,MAT702 / 23,ALGEBRA II B,JENNIFER REILLY,11,2026,B+,3.31 pts,12.00,,191,,Yes
32,4/29/25,3,S2,MAT702 / 23,ALGEBRA II B,JENNIFER REILLY,11,2026,A,3.81 pts,13.33,,191,,Yes
33,5/6/25,3,S2,MAT702 / 23,ALGEBRA II B,JENNIFER REILLY,11,2026,A,3.78 pts,15.67,,191,,Yes
34,5/13/25,3,S2,MAT702 / 23,ALGEBRA II B,JENNIFER REILLY,11,2026,A,3.71 pts,16.67,,191,,Yes
31,4/22/25,1,S2,MAT523 / 21,GEOMETRY B,ROCHELLE AITON,10,2027,C,2.25 pts,6.57,,190,,Yes
31,4/22/25,6,S2,SCI602 / 26,BIOLOGY B,GRANT MERRILL,10,2027,B-,2.72 pts,6.86,,190,,Yes
32,4/29/25,1,S2,MAT523 / 21,GEOMETRY B,ROCHELLE AITON,10,2027,C+,2.51 pts,8.57,,190,,Yes
32,4/29/25,6,S2,SCI602 / 26,BIOLOGY B,GRANT MERRILL,10,2027,C-,2.00 pts,8.86,,190,,Yes
33,5/6/25,1,S2,MAT523 / 21,GEOMETRY B,ROCHELLE AITON,10,2027,C+,2.51 pts,8.57,,190,,Yes
33,5/6/25,6,S2,SCI602 / 26,BIOLOGY B,GRANT MERRILL,10,2027,C,2.25 pts,8.86,,190,,Yes
34,5/13/25,1,S2,MAT523 / 21,GEOMETRY B,ROCHELLE AITON,10,2027,C+,2.51 pts,8.57,,190,,Yes
34,5/13/25,6,S2,SCI602 / 26,BIOLOGY B,GRANT MERRILL,10,2027,D+,1.85 pts,8.86,,190,,Yes
31,4/22/25,6,S2,ENG502 / 26,FR ENGLISH/B,DAVID HOLLINGSWORTH,09,2028,B+,3.27 pts,0.14,,189,,Yes
32,4/29/25,6,S2,ENG502 / 26,FR ENGLISH/B,DAVID HOLLINGSWORTH,09,2028,B+,3.25 pts,0.14,,189,,Yes
33,5/6/25,6,S2,ENG502 / 26,FR ENGLISH/B,DAVID HOLLINGSWORTH,09,2028,B+,3.25 pts,0.14,,189,,Yes
34,5/13/25,6,S2,ENG502 / 26,FR ENGLISH/B,DAVID HOLLINGSWORTH,09,2028,B,3.03 pts,0.14,,189,,Yes
31,4/22/25,6,S2,SCI602 / 46,BIOLOGY B,WILLIAM BAUR,12,2025,C-,2.08 pts,3.29,,188,,Yes
32,4/29/25,6,S2,SCI602 / 46,BIOLOGY B,WILLIAM BAUR,12,2025,C,2.46 pts,3.86,,188,,Yes
33,5/6/25,6,S2,SCI602 / 46,BIOLOGY B,WILLIAM BAUR,12,2025,C,2.46 pts,4.29,,188,,Yes
34,5/13/25,6,S2,SCI602 / 46,BIOLOGY B,WILLIAM BAUR,12,2025,C-,2.11 pts,4.86,,188,,Yes
31,4/22/25,6,S2,SOC702 / 26,US HISTORY/B,SCOTT BOOTHBY,11,2026,C,2.37 pts,11.14,,187,,Yes
32,4/29/25,6,S2,SOC702 / 26,US HISTORY/B,SCOTT BOOTHBY,11,2026,C,2.37 pts,12.00,,187,,Yes
33,5/6/25,6,S2,SOC702 / 26,US HISTORY/B,SCOTT BOOTHBY,11,2026,C,2.37 pts,13.86,,187,,Yes
34,5/13/25,6,S2,SOC702 / 26,US HISTORY/B,SCOTT BOOTHBY,11,2026,C-,2.10 pts,18.14,,187,,Yes
31,4/22/25,5,S2,MAT702 / 45,ALGEBRA II B,JENNIFER REILLY,10,2027,A,3.94 pts,3.00,,186,,Yes
31,4/22/25,6,S2,SCI602 / 46,BIOLOGY B,WILLIAM BAUR,10,2027,A,3.99 pts,3.57,,186,,Yes
32,4/29/25,5,S2,MAT702 / 45,ALGEBRA II B,JENNIFER REILLY,10,2027,A,3.80 pts,3.71,,186,,Yes
32,4/29/25,6,S2,SCI602 / 46,BIOLOGY B,WILLIAM BAUR,10,2027,A,3.92 pts,4.29,,186,,Yes
33,5/6/25,5,S2,MAT702 / 45,ALGEBRA II B,JENNIFER REILLY,10,2027,A,3.81 pts,3.71,,186,,Yes
33,5/6/25,6,S2,SCI602 / 46,BIOLOGY B,WILLIAM BAUR,10,2027,A,3.99 pts,4.29,,186,,Yes
34,5/13/25,5,S2,MAT702 / 45,ALGEBRA II B,JENNIFER REILLY,10,2027,A,3.70 pts,3.71,,186,,Yes
34,5/13/25,6,S2,SCI602 / 46,BIOLOGY B,WILLIAM BAUR,10,2027,A,3.99 pts,4.29,,186,,Yes
31,4/22/25,2,S2,BUS302 / 22,PERSONAL FINANCE B,NICOLE SIMEK,11,2026,A,3.78 pts,9.14,,185,,Yes
32,4/29/25,2,S2,BUS302 / 22,PERSONAL FINANCE B,NICOLE SIMEK,11,2026,A-,3.54 pts,9.86,,185,,Yes
33,5/6/25,2,S2,BUS302 / 22,PERSONAL FINANCE B,NICOLE SIMEK,11,2026,B-,2.88 pts,10.57,,185,,Yes
34,5/13/25,2,S2,BUS302 / 22,PERSONAL FINANCE B,NICOLE SIMEK,11,2026,B,3.16 pts,11.86,,185,,Yes
31,4/22/25,2,S2,MAT523 / 22,GEOMETRY B,ROCHELLE AITON,10,2027,A-,3.46 pts,2.00,,184,,Yes
31,4/22/25,4,S2,SCI602 / 24,BIOLOGY B,GRANT MERRILL,10,2027,B,3.00 pts,2.57,,184,,Yes
32,4/29/25,2,S2,MAT523 / 22,GEOMETRY B,ROCHELLE AITON,10,2027,A-,3.59 pts,2.00,,184,,Yes
32,4/29/25,4,S2,SCI602 / 24,BIOLOGY B,GRANT MERRILL,10,2027,B,2.99 pts,2.57,,184,,Yes
33,5/6/25,2,S2,MAT523 / 22,GEOMETRY B,ROCHELLE AITON,10,2027,A-,3.59 pts,2.00,,184,,Yes
33,5/6/25,4,S2,SCI602 / 24,BIOLOGY B,GRANT MERRILL,10,2027,B+,3.30 pts,2.57,,184,,Yes
34,5/13/25,2,S2,MAT523 / 22,GEOMETRY B,ROCHELLE AITON,10,2027,A-,3.58 pts,2.00,,184,,Yes
34,5/13/25,4,S2,SCI602 / 24,BIOLOGY B,GRANT MERRILL,10,2027,A-,3.53 pts,2.57,,184,,Yes
31,4/22/25,6,S2,ENG502 / 26,FR ENGLISH/B,DAVID HOLLINGSWORTH,09,2028,B+,3.22 pts,4.29,,181,,Yes
32,4/29/25,6,S2,ENG502 / 26,FR ENGLISH/B,DAVID HOLLINGSWORTH,09,2028,B+,3.25 pts,4.29,,181,,Yes
33,5/6/25,6,S2,ENG502 / 26,FR ENGLISH/B,DAVID HOLLINGSWORTH,09,2028,B+,3.25 pts,4.29,,181,,Yes
34,5/13/25,6,S2,ENG502 / 26,FR ENGLISH/B,DAVID HOLLINGSWORTH,09,2028,A-,3.40 pts,4.29,,181,,Yes
31,4/22/25,4,S2,MAT523 / 24,GEOMETRY B,ROCHELLE AITON,10,2027,C+,2.68 pts,1.00,,179,,Yes
32,4/29/25,4,S2,MAT523 / 24,GEOMETRY B,ROCHELLE AITON,10,2027,B-,2.77 pts,1.00,,179,,Yes
33,5/6/25,4,S2,MAT523 / 24,GEOMETRY B,ROCHELLE AITON,10,2027,B-,2.77 pts,1.00,,179,,Yes
34,5/13/25,4,S2,MAT523 / 24,GEOMETRY B,ROCHELLE AITON,10,2027,C+,2.62 pts,1.00,,179,,Yes
31,4/22/25,6,S2,SCI602 / 46,BIOLOGY B,WILLIAM BAUR,12,2025,D+,1.80 pts,9.00,,178,,Yes
31,4/22/25,6,S2,SCI602 / 26,BIOLOGY B,GRANT MERRILL,12,2025,,0.00 pts,5.00,,178,,Yes
32,4/29/25,6,S2,SCI602 / 46,BIOLOGY B,WILLIAM BAUR,12,2025,D+,1.92 pts,12.00,,178,,Yes
32,4/29/25,6,S2,SCI602 / 26,BIOLOGY B,GRANT MERRILL,12,2025,,0.00 pts,5.00,,178,,Yes
33,5/6/25,6,S2,SCI602 / 46,BIOLOGY B,WILLIAM BAUR,12,2025,C-,2.07 pts,13.00,,178,,Yes
33,5/6/25,6,S2,SCI602 / 26,BIOLOGY B,GRANT MERRILL,12,2025,,0.00 pts,5.00,,178,,Yes
34,5/13/25,6,S2,SCI602 / 46,BIOLOGY B,WILLIAM BAUR,12,2025,C,2.31 pts,14.00,,178,,Yes
34,5/13/25,6,S2,SCI602 / 26,BIOLOGY B,GRANT MERRILL,12,2025,,0.00 pts,5.00,,178,,Yes
31,4/22/25,4,S2,MAT702 / 24,ALGEBRA II B,JENNIFER REILLY,11,2026,F,1.17 pts,18.00,,177,,Yes
32,4/29/25,4,S2,MAT702 / 24,ALGEBRA II B,JENNIFER REILLY,11,2026,F,1.01 pts,21.86,,177,,Yes
33,5/6/25,4,S2,MAT702 / 24,ALGEBRA II B,JENNIFER REILLY,11,2026,F,1.00 pts,25.57,,177,,Yes
34,5/13/25,4,S2,MAT702 / 24,ALGEBRA II B,JENNIFER REILLY,11,2026,F,0.89 pts,29.57,,177,,Yes
31,4/22/25,3,S2,BUS302 / 23,PERSONAL FINANCE B,NICOLE SIMEK,12,2025,A,4.00 pts,2.86,,176,,Yes
32,4/29/25,3,S2,BUS302 / 23,PERSONAL FINANCE B,NICOLE SIMEK,12,2025,A,4.00 pts,2.86,,176,,Yes
33,5/6/25,3,S2,BUS302 / 23,PERSONAL FINANCE B,NICOLE SIMEK,12,2025,A,3.99 pts,2.86,,176,,Yes
34,5/13/25,3,S2,BUS302 / 23,PERSONAL FINANCE B,NICOLE SIMEK,12,2025,A,3.95 pts,3.86,,176,,Yes
31,4/22/25,6,S2,SCI602 / 46,BIOLOGY B,WILLIAM BAUR,10,2027,B,3.00 pts,4.71,,174,,Yes
32,4/29/25,6,S2,SCI602 / 46,BIOLOGY B,WILLIAM BAUR,10,2027,C+,2.51 pts,6.43,,174,,Yes
33,5/6/25,6,S2,SCI602 / 46,BIOLOGY B,WILLIAM BAUR,10,2027,C,2.43 pts,6.43,,174,,Yes
34,5/13/25,6,S2,SCI602 / 46,BIOLOGY B,WILLIAM BAUR,10,2027,C,2.23 pts,6.43,,174,,Yes
31,4/22/25,2,S2,MAT523 / 22,GEOMETRY B,ROCHELLE AITON,10,2027,B-,2.76 pts,2.29,,173,,Yes
31,4/22/25,6,S2,SCI602 / 46,BIOLOGY B,WILLIAM BAUR,10,2027,B,2.97 pts,2.00,,173,,Yes
32,4/29/25,2,S2,MAT523 / 22,GEOMETRY B,ROCHELLE AITON,10,2027,B-,2.86 pts,2.29,,173,,Yes
32,4/29/25,6,S2,SCI602 / 46,BIOLOGY B,WILLIAM BAUR,10,2027,B,2.91 pts,2.00,,173,,Yes
33,5/6/25,2,S2,MAT523 / 22,GEOMETRY B,ROCHELLE AITON,10,2027,B-,2.86 pts,2.29,,173,,Yes
33,5/6/25,6,S2,SCI602 / 46,BIOLOGY B,WILLIAM BAUR,10,2027,B,3.05 pts,2.00,,173,,Yes
34,5/13/25,2,S2,MAT523 / 22,GEOMETRY B,ROCHELLE AITON,10,2027,B-,2.85 pts,2.29,,173,,Yes
34,5/13/25,6,S2,SCI602 / 46,BIOLOGY B,WILLIAM BAUR,10,2027,B+,3.29 pts,2.00,,173,,Yes
31,4/22/25,3,S2,MAT702 / 23,ALGEBRA II B,JENNIFER REILLY,11,2026,A,3.79 pts,0.67,,172,,Yes
32,4/29/25,3,S2,MAT702 / 23,ALGEBRA II B,JENNIFER REILLY,11,2026,A,3.79 pts,0.67,,172,,Yes
33,5/6/25,3,S2,MAT702 / 23,ALGEBRA II B,JENNIFER REILLY,11,2026,A,3.79 pts,0.67,,172,,Yes
34,5/13/25,3,S2,MAT702 / 23,ALGEBRA II B,JENNIFER REILLY,11,2026,A,3.79 pts,0.67,,172,,Yes
31,4/22/25,4,S2,MAT523 / 24,GEOMETRY B,ROCHELLE AITON,10,2027,C+,2.58 pts,4.43,,171,,Yes
31,4/22/25,6,S2,SCI602 / 46,BIOLOGY B,WILLIAM BAUR,10,2027,C+,2.57 pts,7.14,,171,,Yes
32,4/29/25,4,S2,MAT523 / 24,GEOMETRY B,ROCHELLE AITON,10,2027,C+,2.68 pts,5.14,,171,,Yes
32,4/29/25,6,S2,SCI602 / 46,BIOLOGY B,WILLIAM BAUR,10,2027,B-,2.80 pts,7.57,,171,,Yes
33,5/6/25,4,S2,MAT523 / 24,GEOMETRY B,ROCHELLE AITON,10,2027,C+,2.68 pts,5.14,,171,,Yes
33,5/6/25,6,S2,SCI602 / 46,BIOLOGY B,WILLIAM BAUR,10,2027,C-,2.13 pts,7.86,,171,,Yes
34,5/13/25,4,S2,MAT523 / 24,GEOMETRY B,ROCHELLE AITON,10,2027,C+,2.68 pts,5.29,,171,,Yes
34,5/13/25,6,S2,SCI602 / 46,BIOLOGY B,WILLIAM BAUR,10,2027,C+,2.67 pts,8.29,,171,,Yes
31,4/22/25,4,S2,MAT523 / 24,GEOMETRY B,ROCHELLE AITON,10,2027,F,1.61 pts,3.14,,170,,Yes
31,4/22/25,5,S2,ENG602 / 25,SOPH ENG/B,MARCEE SALAS,10,2027,B-,2.72 pts,2.71,,170,,Yes
31,4/22/25,6,S2,SCI602 / 46,BIOLOGY B,WILLIAM BAUR,10,2027,F,1.57 pts,2.00,,170,,Yes
32,4/29/25,4,S2,MAT523 / 24,GEOMETRY B,ROCHELLE AITON,10,2027,C-,2.04 pts,3.14,,170,,Yes
32,4/29/25,5,S2,ENG602 / 25,SOPH ENG/B,MARCEE SALAS,10,2027,C+,2.59 pts,2.71,,170,,Yes
32,4/29/25,6,S2,SCI602 / 46,BIOLOGY B,WILLIAM BAUR,10,2027,C-,2.11 pts,2.00,,170,,Yes
33,5/6/25,4,S2,MAT523 / 24,GEOMETRY B,ROCHELLE AITON,10,2027,C-,2.04 pts,3.14,,170,,Yes
33,5/6/25,5,S2,ENG602 / 25,SOPH ENG/B,MARCEE SALAS,10,2027,C+,2.59 pts,2.71,,170,,Yes
33,5/6/25,6,S2,SCI602 / 46,BIOLOGY B,WILLIAM BAUR,10,2027,F,1.62 pts,2.00,,170,,Yes
34,5/13/25,4,S2,MAT523 / 24,GEOMETRY B,ROCHELLE AITON,10,2027,D,1.73 pts,3.14,,170,,Yes
34,5/13/25,5,S2,ENG602 / 25,SOPH ENG/B,MARCEE SALAS,10,2027,C,2.48 pts,2.71,,170,,Yes
34,5/13/25,6,S2,SCI602 / 46,BIOLOGY B,WILLIAM BAUR,10,2027,D,1.79 pts,2.00,,170,,Yes
31,4/22/25,6,S2,SCI602 / 26,BIOLOGY B,GRANT MERRILL,10,2027,C,2.48 pts,3.00,,169,,Yes
32,4/29/25,6,S2,SCI602 / 26,BIOLOGY B,GRANT MERRILL,10,2027,C,2.47 pts,3.00,,169,,Yes
33,5/6/25,6,S2,SCI602 / 26,BIOLOGY B,GRANT MERRILL,10,2027,B-,2.79 pts,3.00,,169,,Yes
34,5/13/25,6,S2,SCI602 / 26,BIOLOGY B,GRANT MERRILL,10,2027,C+,2.53 pts,3.00,,169,,Yes
31,4/22/25,2,S2,MAT523 / 22,GEOMETRY B,ROCHELLE AITON,10,2027,C,2.27 pts,10.14,,168,,Yes
32,4/29/25,2,S2,MAT523 / 22,GEOMETRY B,ROCHELLE AITON,10,2027,C,2.48 pts,10.29,,168,,Yes
33,5/6/25,2,S2,MAT523 / 22,GEOMETRY B,ROCHELLE AITON,10,2027,C,2.48 pts,11.29,,168,,Yes
34,5/13/25,2,S2,MAT523 / 22,GEOMETRY B,ROCHELLE AITON,10,2027,C,2.49 pts,11.29,,168,,Yes
31,4/22/25,2,S2,MAT702 / 22,ALGEBRA II B,JASON BLAESING,11,2026,C,2.47 pts,7.29,,167,,Yes
31,4/22/25,6,S2,SOC702 / 26,US HISTORY/B,SCOTT BOOTHBY,11,2026,C,2.30 pts,6.43,,167,,Yes
32,4/29/25,2,S2,MAT702 / 22,ALGEBRA II B,JASON BLAESING,11,2026,B-,2.81 pts,8.14,,167,,Yes
32,4/29/25,6,S2,SOC702 / 26,US HISTORY/B,SCOTT BOOTHBY,11,2026,C,2.30 pts,7.14,,167,,Yes
33,5/6/25,2,S2,MAT702 / 22,ALGEBRA II B,JASON BLAESING,11,2026,B-,2.79 pts,9.86,,167,,Yes
33,5/6/25,6,S2,SOC702 / 26,US HISTORY/B,SCOTT BOOTHBY,11,2026,C,2.30 pts,8.86,,167,,Yes
34,5/13/25,2,S2,MAT702 / 22,ALGEBRA II B,JASON BLAESING,11,2026,C+,2.58 pts,11.14,,167,,Yes
34,5/13/25,6,S2,SOC702 / 26,US HISTORY/B,SCOTT BOOTHBY,11,2026,C,2.48 pts,10.29,,167,,Yes
31,4/22/25,2,S2,MAT523 / 22,GEOMETRY B,ROCHELLE AITON,09,2028,C+,2.64 pts,4.00,,166,,Yes
31,4/22/25,6,S2,ENG502 / 26,FR ENGLISH/B,DAVID HOLLINGSWORTH,09,2028,A,3.76 pts,4.43,,166,,Yes
32,4/29/25,2,S2,MAT523 / 22,GEOMETRY B,ROCHELLE AITON,09,2028,C,2.41 pts,4.00,,166,,Yes
32,4/29/25,6,S2,ENG502 / 26,FR ENGLISH/B,DAVID HOLLINGSWORTH,09,2028,A,3.78 pts,4.43,,166,,Yes
33,5/6/25,2,S2,MAT523 / 22,GEOMETRY B,ROCHELLE AITON,09,2028,C,2.41 pts,4.00,,166,,Yes
33,5/6/25,6,S2,ENG502 / 26,FR ENGLISH/B,DAVID HOLLINGSWORTH,09,2028,A,3.78 pts,4.43,,166,,Yes
34,5/13/25,2,S2,MAT523 / 22,GEOMETRY B,ROCHELLE AITON,09,2028,C,2.41 pts,4.00,,166,,Yes
34,5/13/25,6,S2,ENG502 / 26,FR ENGLISH/B,DAVID HOLLINGSWORTH,09,2028,A,3.62 pts,4.43,,166,,Yes
31,4/22/25,6,S2,SCI602 / 46,BIOLOGY B,WILLIAM BAUR,10,2027,C,2.24 pts,1.00,,165,,Yes
32,4/29/25,6,S2,SCI602 / 46,BIOLOGY B,WILLIAM BAUR,10,2027,C+,2.53 pts,1.00,,165,,Yes
33,5/6/25,6,S2,SCI602 / 46,BIOLOGY B,WILLIAM BAUR,10,2027,C+,2.67 pts,1.00,,165,,Yes
34,5/13/25,6,S2,SCI602 / 46,BIOLOGY B,WILLIAM BAUR,10,2027,B-,2.71 pts,1.14,,165,,Yes
31,4/22/25,1,S2,SCI504 / 21,PHYSICAL SCIENCE B,JAMES BENNETT,11,2026,F,0.70 pts,31.86,,164,,Yes
31,4/22/25,5,S2,MAT702 / 45,ALGEBRA II B,JENNIFER REILLY,11,2026,F,0.00 pts,32.00,,164,,Yes
32,4/29/25,1,S2,SCI504 / 21,PHYSICAL SCIENCE B,JAMES BENNETT,11,2026,F,0.48 pts,36.86,,164,,Yes
32,4/29/25,5,S2,MAT702 / 45,ALGEBRA II B,JENNIFER REILLY,11,2026,F,0.00 pts,37.00,,164,,Yes
33,5/6/25,1,S2,SCI504 / 21,PHYSICAL SCIENCE B,JAMES BENNETT,11,2026,F,0.48 pts,41.86,,164,,Yes
33,5/6/25,5,S2,MAT702 / 45,ALGEBRA II B,JENNIFER REILLY,11,2026,F,0.00 pts,42.00,,164,,Yes
34,5/13/25,1,S2,SCI504 / 21,PHYSICAL SCIENCE B,JAMES BENNETT,11,2026,F,0.48 pts,46.00,,164,,Yes
34,5/13/25,5,S2,MAT702 / 45,ALGEBRA II B,JENNIFER REILLY,11,2026,F,0.00 pts,46.43,,164,,Yes
31,4/22/25,2,S2,ENG602 / 22,SOPH ENG/B,KELLY GREGERSEN,10,2027,A,3.61 pts,0.14,,162,,Yes
31,4/22/25,4,S2,MAT523 / 24,GEOMETRY B,ROCHELLE AITON,10,2027,B,2.92 pts,0.00,,162,,Yes
31,4/22/25,6,S2,SCI602 / 46,BIOLOGY B,WILLIAM BAUR,10,2027,C+,2.62 pts,0.14,,162,,Yes
32,4/29/25,2,S2,ENG602 / 22,SOPH ENG/B,KELLY GREGERSEN,10,2027,A-,3.58 pts,4.00,,162,,Yes
32,4/29/25,4,S2,MAT523 / 24,GEOMETRY B,ROCHELLE AITON,10,2027,C+,2.63 pts,3.86,,162,,Yes
32,4/29/25,6,S2,SCI602 / 46,BIOLOGY B,WILLIAM BAUR,10,2027,B,3.01 pts,4.00,,162,,Yes
33,5/6/25,2,S2,ENG602 / 22,SOPH ENG/B,KELLY GREGERSEN,10,2027,A-,3.58 pts,4.00,,162,,Yes
33,5/6/25,4,S2,MAT523 / 24,GEOMETRY B,ROCHELLE AITON,10,2027,C+,2.63 pts,3.86,,162,,Yes
33,5/6/25,6,S2,SCI602 / 46,BIOLOGY B,WILLIAM BAUR,10,2027,B-,2.73 pts,4.14,,162,,Yes
34,5/13/25,2,S2,ENG602 / 22,SOPH ENG/B,KELLY GREGERSEN,10,2027,B,3.19 pts,4.00,,162,,Yes
34,5/13/25,4,S2,MAT523 / 24,GEOMETRY B,ROCHELLE AITON,10,2027,C+,2.61 pts,3.86,,162,,Yes
34,5/13/25,6,S2,SCI602 / 46,BIOLOGY B,WILLIAM BAUR,10,2027,B-,2.88 pts,4.14,,162,,Yes
31,4/22/25,6,S2,MAT702 / 26,ALGEBRA II B,JASON BLAESING,11,2026,B+,3.36 pts,11.50,,161,,Yes
32,4/29/25,6,S2,MAT702 / 26,ALGEBRA II B,JASON BLAESING,11,2026,A-,3.44 pts,14.50,,161,,Yes
33,5/6/25,6,S2,MAT702 / 26,ALGEBRA II B,JASON BLAESING,11,2026,A-,3.45 pts,14.50,,161,,Yes
34,5/13/25,6,S2,MAT702 / 26,ALGEBRA II B,JASON BLAESING,11,2026,B+,3.39 pts,18.50,,161,,Yes
31,4/22/25,5,S2,MAT523 / 25,GEOMETRY B,BRIAN ANDERSON,10,2027,F,1.22 pts,9.71,,159,,Yes
31,4/22/25,6,S2,SCI602 / 46,BIOLOGY B,WILLIAM BAUR,10,2027,C-,2.06 pts,9.43,,159,,Yes
32,4/29/25,5,S2,MAT523 / 25,GEOMETRY B,BRIAN ANDERSON,10,2027,F,1.31 pts,10.43,,159,,Yes
32,4/29/25,6,S2,SCI602 / 46,BIOLOGY B,WILLIAM BAUR,10,2027,C,2.24 pts,9.43,,159,,Yes
33,5/6/25,5,S2,MAT523 / 25,GEOMETRY B,BRIAN ANDERSON,10,2027,D+,1.95 pts,10.86,,159,,Yes
33,5/6/25,6,S2,SCI602 / 46,BIOLOGY B,WILLIAM BAUR,10,2027,F,1.64 pts,10.43,,159,,Yes
34,5/13/25,5,S2,MAT523 / 25,GEOMETRY B,BRIAN ANDERSON,10,2027,D+,1.95 pts,10.86,,159,,Yes
34,5/13/25,6,S2,SCI602 / 46,BIOLOGY B,WILLIAM BAUR,10,2027,D+,1.83 pts,10.43,,159,,Yes
31,4/22/25,2,S2,SCI610 / 22,CHEMISTRY/B,GRANT MERRILL,11,2026,D+,1.84 pts,4.57,,158,,Yes
32,4/29/25,2,S2,SCI610 / 22,CHEMISTRY/B,GRANT MERRILL,11,2026,D+,1.91 pts,4.57,,158,,Yes
33,5/6/25,2,S2,SCI610 / 22,CHEMISTRY/B,GRANT MERRILL,11,2026,C+,2.58 pts,4.57,,158,,Yes
34,5/13/25,2,S2,SCI610 / 22,CHEMISTRY/B,GRANT MERRILL,11,2026,C+,2.58 pts,4.57,,158,,Yes
31,4/22/25,5,S2,BUS302 / 25,PERSONAL FINANCE B,NICOLE SIMEK,12,2025,C,2.34 pts,2.43,,156,,Yes
32,4/29/25,5,S2,BUS302 / 25,PERSONAL FINANCE B,NICOLE SIMEK,12,2025,C,2.34 pts,2.71,,156,,Yes
33,5/6/25,5,S2,BUS302 / 25,PERSONAL FINANCE B,NICOLE SIMEK,12,2025,C-,2.00 pts,3.29,,156,,Yes
34,5/13/25,5,S2,BUS302 / 25,PERSONAL FINANCE B,NICOLE SIMEK,12,2025,D+,1.98 pts,4.00,,156,,Yes
31,4/22/25,2,S2,MAT523 / 22,GEOMETRY B,ROCHELLE AITON,10,2027,A,3.73 pts,2.00,,155,,Yes
31,4/22/25,3,S2,SCI602 / 23,BIOLOGY B,GRANT MERRILL,10,2027,A-,3.51 pts,2.00,,155,,Yes
32,4/29/25,2,S2,MAT523 / 22,GEOMETRY B,ROCHELLE AITON,10,2027,A,3.79 pts,2.00,,155,,Yes
32,4/29/25,3,S2,SCI602 / 23,BIOLOGY B,GRANT MERRILL,10,2027,B+,3.26 pts,2.00,,155,,Yes
33,5/6/25,2,S2,MAT523 / 22,GEOMETRY B,ROCHELLE AITON,10,2027,A,3.79 pts,2.00,,155,,Yes
33,5/6/25,3,S2,SCI602 / 23,BIOLOGY B,GRANT MERRILL,10,2027,B+,3.34 pts,2.00,,155,,Yes
34,5/13/25,2,S2,MAT523 / 22,GEOMETRY B,ROCHELLE AITON,10,2027,A,3.79 pts,2.00,,155,,Yes
34,5/13/25,3,S2,SCI602 / 23,BIOLOGY B,GRANT MERRILL,10,2027,B+,3.23 pts,2.00,,155,,Yes
31,4/22/25,1,S2,ENG504 / 21,PRE-AP FRESHMAN ENGLISH/B,ANGELINA MERRILL,09,2028,B-,2.89 pts,2.00,,154,,Yes
31,4/22/25,5,S2,MAT523 / 25,GEOMETRY B,BRIAN ANDERSON,09,2028,C-,2.19 pts,2.00,,154,,Yes
32,4/29/25,1,S2,ENG504 / 21,PRE-AP FRESHMAN ENGLISH/B,ANGELINA MERRILL,09,2028,B,2.99 pts,2.00,,154,,Yes
32,4/29/25,5,S2,MAT523 / 25,GEOMETRY B,BRIAN ANDERSON,09,2028,C,2.41 pts,2.00,,154,,Yes
33,5/6/25,1,S2,ENG504 / 21,PRE-AP FRESHMAN ENGLISH/B,ANGELINA MERRILL,09,2028,C+,2.68 pts,2.00,,154,,Yes
33,5/6/25,5,S2,MAT523 / 25,GEOMETRY B,BRIAN ANDERSON,09,2028,D+,1.83 pts,2.00,,154,,Yes
34,5/13/25,1,S2,ENG504 / 21,PRE-AP FRESHMAN ENGLISH/B,ANGELINA MERRILL,09,2028,C,2.43 pts,2.00,,154,,Yes
34,5/13/25,5,S2,MAT523 / 25,GEOMETRY B,BRIAN ANDERSON,09,2028,B-,2.80 pts,2.00,,154,,Yes
31,4/22/25,3,S2,MAT702 / 23,ALGEBRA II B,JENNIFER REILLY,10,2027,A,3.72 pts,3.29,,153,,Yes
32,4/29/25,3,S2,MAT702 / 23,ALGEBRA II B,JENNIFER REILLY,10,2027,A,3.61 pts,3.29,,153,,Yes
33,5/6/25,3,S2,MAT702 / 23,ALGEBRA II B,JENNIFER REILLY,10,2027,A-,3.59 pts,3.29,,153,,Yes
34,5/13/25,3,S2,MAT702 / 23,ALGEBRA II B,JENNIFER REILLY,10,2027,A-,3.40 pts,8.71,,153,,Yes
31,4/22/25,2,S2,MAT702 / 22,ALGEBRA II B,JASON BLAESING,11,2026,D+,1.83 pts,0.57,,152,,Yes
32,4/29/25,2,S2,MAT702 / 22,ALGEBRA II B,JASON BLAESING,11,2026,D+,1.85 pts,1.57,,152,,Yes
33,5/6/25,2,S2,MAT702 / 22,ALGEBRA II B,JASON BLAESING,11,2026,D+,1.84 pts,1.57,,152,,Yes
34,5/13/25,2,S2,MAT702 / 22,ALGEBRA II B,JASON BLAESING,11,2026,D+,1.86 pts,1.71,,152,,Yes
31,4/22/25,2,S2,SCI610 / 22,CHEMISTRY/B,GRANT MERRILL,11,2026,C,2.34 pts,3.86,,150,,Yes
31,4/22/25,3,S2,MAT702 / 23,ALGEBRA II B,JENNIFER REILLY,11,2026,B+,3.29 pts,4.00,,150,,Yes
32,4/29/25,2,S2,SCI610 / 22,CHEMISTRY/B,GRANT MERRILL,11,2026,D,1.70 pts,3.86,,150,,Yes
32,4/29/25,3,S2,MAT702 / 23,ALGEBRA II B,JENNIFER REILLY,11,2026,B+,3.39 pts,4.00,,150,,Yes
33,5/6/25,2,S2,SCI610 / 22,CHEMISTRY/B,GRANT MERRILL,11,2026,C-,2.11 pts,4.00,,150,,Yes
33,5/6/25,3,S2,MAT702 / 23,ALGEBRA II B,JENNIFER REILLY,11,2026,B+,3.37 pts,4.00,,150,,Yes
34,5/13/25,2,S2,SCI610 / 22,CHEMISTRY/B,GRANT MERRILL,11,2026,C-,2.11 pts,5.00,,150,,Yes
34,5/13/25,3,S2,MAT702 / 23,ALGEBRA II B,JENNIFER REILLY,11,2026,B+,3.21 pts,4.71,,150,,Yes
31,4/22/25,3,S2,MAT702 / 23,ALGEBRA II B,JENNIFER REILLY,12,2025,A-,3.50 pts,1.00,,149,,Yes
32,4/29/25,3,S2,MAT702 / 23,ALGEBRA II B,JENNIFER REILLY,12,2025,A,3.71 pts,1.00,,149,,Yes
33,5/6/25,3,S2,MAT702 / 23,ALGEBRA II B,JENNIFER REILLY,12,2025,A,3.84 pts,1.00,,149,,Yes
34,5/13/25,3,S2,MAT702 / 23,ALGEBRA II B,JENNIFER REILLY,12,2025,A,3.74 pts,1.00,,149,,Yes
31,4/22/25,6,S2,MAT702 / 26,ALGEBRA II B,JASON BLAESING,11,2026,B+,3.21 pts,3.00,,148,,Yes
32,4/29/25,6,S2,MAT702 / 26,ALGEBRA II B,JASON BLAESING,11,2026,B,3.19 pts,3.00,,148,,Yes
33,5/6/25,6,S2,MAT702 / 26,ALGEBRA II B,JASON BLAESING,11,2026,B+,3.31 pts,3.00,,148,,Yes
34,5/13/25,6,S2,MAT702 / 26,ALGEBRA II B,JASON BLAESING,11,2026,B,3.17 pts,3.00,,148,,Yes
31,4/22/25,6,S2,SOC702 / 26,US HISTORY/B,SCOTT BOOTHBY,11,2026,F,1.35 pts,21.86,,147,,Yes
32,4/29/25,6,S2,SOC702 / 26,US HISTORY/B,SCOTT BOOTHBY,11,2026,F,1.35 pts,22.86,,147,,Yes
33,5/6/25,6,S2,SOC702 / 26,US HISTORY/B,SCOTT BOOTHBY,11,2026,F,1.36 pts,23.14,,147,,Yes
34,5/13/25,6,S2,SOC702 / 26,US HISTORY/B,SCOTT BOOTHBY,11,2026,F,1.22 pts,24.57,,147,,Yes
31,4/22/25,4,S2,MAT523 / 24,GEOMETRY B,ROCHELLE AITON,10,2027,A-,3.42 pts,1.29,,146,,Yes
31,4/22/25,6,S2,SCI602 / 26,BIOLOGY B,GRANT MERRILL,10,2027,B+,3.21 pts,1.57,,146,,Yes
32,4/29/25,4,S2,MAT523 / 24,GEOMETRY B,ROCHELLE AITON,10,2027,B+,3.25 pts,1.29,,146,,Yes
32,4/29/25,6,S2,SCI602 / 26,BIOLOGY B,GRANT MERRILL,10,2027,B+,3.21 pts,1.57,,146,,Yes
33,5/6/25,4,S2,MAT523 / 24,GEOMETRY B,ROCHELLE AITON,10,2027,B+,3.25 pts,1.43,,146,,Yes
33,5/6/25,6,S2,SCI602 / 26,BIOLOGY B,GRANT MERRILL,10,2027,B+,3.21 pts,1.57,,146,,Yes
34,5/13/25,4,S2,MAT523 / 24,GEOMETRY B,ROCHELLE AITON,10,2027,B,3.09 pts,2.57,,146,,Yes
34,5/13/25,6,S2,SCI602 / 26,BIOLOGY B,GRANT MERRILL,10,2027,B,3.14 pts,2.71,,146,,Yes
31,4/22/25,6,S2,MAT702 / 26,ALGEBRA II B,JASON BLAESING,11,2026,B+,3.20 pts,12.00,,145,,Yes
32,4/29/25,6,S2,MAT702 / 26,ALGEBRA II B,JASON BLAESING,11,2026,B-,2.75 pts,12.00,,145,,Yes
33,5/6/25,6,S2,MAT702 / 26,ALGEBRA II B,JASON BLAESING,11,2026,B,3.17 pts,13.00,,145,,Yes
34,5/13/25,6,S2,MAT702 / 26,ALGEBRA II B,JASON BLAESING,11,2026,B,3.04 pts,13.00,,145,,Yes
31,4/22/25,5,S2,MAT523 / 25,GEOMETRY B,BRIAN ANDERSON,10,2027,D+,1.96 pts,3.57,,144,,Yes
31,4/22/25,6,S2,SCI602 / 26,BIOLOGY B,GRANT MERRILL,10,2027,B,3.14 pts,3.71,,144,,Yes
32,4/29/25,5,S2,MAT523 / 25,GEOMETRY B,BRIAN ANDERSON,10,2027,C,2.27 pts,4.57,,144,,Yes
32,4/29/25,6,S2,SCI602 / 26,BIOLOGY B,GRANT MERRILL,10,2027,B+,3.38 pts,4.71,,144,,Yes
33,5/6/25,5,S2,MAT523 / 25,GEOMETRY B,BRIAN ANDERSON,10,2027,D,1.73 pts,4.57,,144,,Yes
33,5/6/25,6,S2,SCI602 / 26,BIOLOGY B,GRANT MERRILL,10,2027,B+,3.30 pts,4.71,,144,,Yes
34,5/13/25,5,S2,MAT523 / 25,GEOMETRY B,BRIAN ANDERSON,10,2027,D,1.75 pts,5.57,,144,,Yes
34,5/13/25,6,S2,SCI602 / 26,BIOLOGY B,GRANT MERRILL,10,2027,A-,3.52 pts,5.71,,144,,Yes
31,4/22/25,2,S2,ENG602 / 22,SOPH ENG/B,KELLY GREGERSEN,10,2027,B,2.90 pts,12.29,,143,,Yes
31,4/22/25,4,S2,MAT523 / 24,GEOMETRY B,ROCHELLE AITON,10,2027,F,1.46 pts,12.14,,143,,Yes
32,4/29/25,2,S2,ENG602 / 22,SOPH ENG/B,KELLY GREGERSEN,10,2027,B,2.91 pts,12.29,,143,,Yes
32,4/29/25,4,S2,MAT523 / 24,GEOMETRY B,ROCHELLE AITON,10,2027,F,1.62 pts,12.14,,143,,Yes
33,5/6/25,2,S2,ENG602 / 22,SOPH ENG/B,KELLY GREGERSEN,10,2027,B,2.91 pts,12.29,,143,,Yes
33,5/6/25,4,S2,MAT523 / 24,GEOMETRY B,ROCHELLE AITON,10,2027,D,1.73 pts,12.14,,143,,Yes
34,5/13/25,2,S2,ENG602 / 22,SOPH ENG/B,KELLY GREGERSEN,10,2027,B,3.17 pts,13.00,,143,,Yes
34,5/13/25,4,S2,MAT523 / 24,GEOMETRY B,ROCHELLE AITON,10,2027,D,1.74 pts,13.14,,143,,Yes
31,4/22/25,5,S2,ENG602 / 25,SOPH ENG/B,MARCEE SALAS,10,2027,B,3.04 pts,2.57,,139,,Yes
32,4/29/25,5,S2,ENG602 / 25,SOPH ENG/B,MARCEE SALAS,10,2027,B,3.15 pts,2.57,,139,,Yes
33,5/6/25,5,S2,ENG602 / 25,SOPH ENG/B,MARCEE SALAS,10,2027,B,3.14 pts,3.43,,139,,Yes
34,5/13/25,5,S2,ENG602 / 25,SOPH ENG/B,MARCEE SALAS,10,2027,B,2.99 pts,3.43,,139,,Yes
31,4/22/25,3,S2,MAT523 / 23,GEOMETRY B,ROCHELLE AITON,10,2027,B+,3.21 pts,1.14,,137,,Yes
31,4/22/25,4,S2,SCI602 / 24,BIOLOGY B,GRANT MERRILL,10,2027,A-,3.45 pts,1.86,,137,,Yes
32,4/29/25,3,S2,MAT523 / 23,GEOMETRY B,ROCHELLE AITON,10,2027,B,3.16 pts,1.14,,137,,Yes
32,4/29/25,4,S2,SCI602 / 24,BIOLOGY B,GRANT MERRILL,10,2027,B+,3.21 pts,1.86,,137,,Yes
33,5/6/25,3,S2,MAT523 / 23,GEOMETRY B,ROCHELLE AITON,10,2027,B,3.16 pts,1.14,,137,,Yes
33,5/6/25,4,S2,SCI602 / 24,BIOLOGY B,GRANT MERRILL,10,2027,B+,3.28 pts,1.86,,137,,Yes
34,5/13/25,3,S2,MAT523 / 23,GEOMETRY B,ROCHELLE AITON,10,2027,B+,3.31 pts,1.14,,137,,Yes
34,5/13/25,4,S2,SCI602 / 24,BIOLOGY B,GRANT MERRILL,10,2027,B,3.19 pts,1.86,,137,,Yes
31,4/22/25,6,S2,SCI602 / 26,BIOLOGY B,GRANT MERRILL,10,2027,D+,1.98 pts,0.86,,136,,Yes
32,4/29/25,6,S2,SCI602 / 26,BIOLOGY B,GRANT MERRILL,10,2027,C,2.46 pts,1.00,,136,,Yes
33,5/6/25,6,S2,SCI602 / 26,BIOLOGY B,GRANT MERRILL,10,2027,D+,1.98 pts,1.14,,136,,Yes
34,5/13/25,6,S2,SCI602 / 26,BIOLOGY B,GRANT MERRILL,10,2027,D+,1.99 pts,1.29,,136,,Yes
31,4/22/25,2,S2,BUS302 / 22,PERSONAL FINANCE B,NICOLE SIMEK,12,2025,C+,2.58 pts,6.00,,135,,Yes
32,4/29/25,2,S2,BUS302 / 22,PERSONAL FINANCE B,NICOLE SIMEK,12,2025,C+,2.59 pts,6.00,,135,,Yes
33,5/6/25,2,S2,BUS302 / 22,PERSONAL FINANCE B,NICOLE SIMEK,12,2025,C,2.26 pts,6.43,,135,,Yes
34,5/13/25,2,S2,BUS302 / 22,PERSONAL FINANCE B,NICOLE SIMEK,12,2025,C,2.41 pts,6.43,,135,,Yes
31,4/22/25,6,S2,SOC702 / 26,US HISTORY/B,SCOTT BOOTHBY,11,2026,B,2.97 pts,8.50,,134,,Yes
32,4/29/25,6,S2,SOC702 / 26,US HISTORY/B,SCOTT BOOTHBY,11,2026,B-,2.86 pts,8.67,,134,,Yes
33,5/6/25,6,S2,SOC702 / 26,US HISTORY/B,SCOTT BOOTHBY,11,2026,B-,2.87 pts,10.83,,134,,Yes
34,5/13/25,6,S2,SOC702 / 26,US HISTORY/B,SCOTT BOOTHBY,11,2026,B,2.99 pts,11.33,,134,,Yes
31,4/22/25,6,S2,SCI602 / 46,BIOLOGY B,WILLIAM BAUR,10,2027,A,3.74 pts,3.00,,133,,Yes
32,4/29/25,6,S2,SCI602 / 46,BIOLOGY B,WILLIAM BAUR,10,2027,A,3.82 pts,3.14,,133,,Yes
33,5/6/25,6,S2,SCI602 / 46,BIOLOGY B,WILLIAM BAUR,10,2027,A,3.82 pts,3.14,,133,,Yes
34,5/13/25,6,S2,SCI602 / 46,BIOLOGY B,WILLIAM BAUR,10,2027,A,3.84 pts,3.29,,133,,Yes
31,4/22/25,2,S2,ENG602 / 22,SOPH ENG/B,KELLY GREGERSEN,10,2027,D,1.65 pts,0.00,,132,,Yes
31,4/22/25,3,S2,MAT523 / 23,GEOMETRY B,ROCHELLE AITON,10,2027,F,1.13 pts,0.00,,132,,Yes
32,4/29/25,2,S2,ENG602 / 22,SOPH ENG/B,KELLY GREGERSEN,10,2027,D,1.65 pts,0.00,,132,,Yes
32,4/29/25,3,S2,MAT523 / 23,GEOMETRY B,ROCHELLE AITON,10,2027,F,1.41 pts,0.00,,132,,Yes
33,5/6/25,2,S2,ENG602 / 22,SOPH ENG/B,KELLY GREGERSEN,10,2027,D,1.65 pts,0.00,,132,,Yes
33,5/6/25,3,S2,MAT523 / 23,GEOMETRY B,ROCHELLE AITON,10,2027,F,1.41 pts,0.00,,132,,Yes
34,5/13/25,2,S2,ENG602 / 22,SOPH ENG/B,KELLY GREGERSEN,10,2027,D,1.73 pts,0.00,,132,,Yes
34,5/13/25,3,S2,MAT523 / 23,GEOMETRY B,ROCHELLE AITON,10,2027,F,1.41 pts,0.00,,132,,Yes
31,4/22/25,4,S2,MAT702 / 24,ALGEBRA II B,JENNIFER REILLY,10,2027,A,3.94 pts,2.14,,130,,Yes
31,4/22/25,5,S2,ENG602 / 25,SOPH ENG/B,MARCEE SALAS,10,2027,C,2.26 pts,2.00,,130,,Yes
32,4/29/25,4,S2,MAT702 / 24,ALGEBRA II B,JENNIFER REILLY,10,2027,A,3.95 pts,2.14,,130,,Yes
32,4/29/25,5,S2,ENG602 / 25,SOPH ENG/B,MARCEE SALAS,10,2027,C-,2.11 pts,2.00,,130,,Yes
33,5/6/25,4,S2,MAT702 / 24,ALGEBRA II B,JENNIFER REILLY,10,2027,A,3.92 pts,2.14,,130,,Yes
33,5/6/25,5,S2,ENG602 / 25,SOPH ENG/B,MARCEE SALAS,10,2027,C-,2.11 pts,2.00,,130,,Yes
34,5/13/25,4,S2,MAT702 / 24,ALGEBRA II B,JENNIFER REILLY,10,2027,A,3.82 pts,2.14,,130,,Yes
34,5/13/25,5,S2,ENG602 / 25,SOPH ENG/B,MARCEE SALAS,10,2027,C-,2.14 pts,2.00,,130,,Yes
31,4/22/25,3,S2,MAT702 / 23,ALGEBRA II B,JENNIFER REILLY,11,2026,A,3.80 pts,2.86,,128,,Yes
32,4/29/25,3,S2,MAT702 / 23,ALGEBRA II B,JENNIFER REILLY,11,2026,B+,3.28 pts,3.86,,128,,Yes
33,5/6/25,3,S2,MAT702 / 23,ALGEBRA II B,JENNIFER REILLY,11,2026,A,3.79 pts,3.86,,128,,Yes
34,5/13/25,3,S2,MAT702 / 23,ALGEBRA II B,JENNIFER REILLY,11,2026,A-,3.59 pts,4.86,,128,,Yes
31,4/22/25,6,S2,MAT702 / 26,ALGEBRA II B,JASON BLAESING,11,2026,B,3.06 pts,3.67,,127,,Yes
32,4/29/25,6,S2,MAT702 / 26,ALGEBRA II B,JASON BLAESING,11,2026,B+,3.32 pts,3.67,,127,,Yes
33,5/6/25,6,S2,MAT702 / 26,ALGEBRA II B,JASON BLAESING,11,2026,A,3.72 pts,4.33,,127,,Yes
34,5/13/25,6,S2,MAT702 / 26,ALGEBRA II B,JASON BLAESING,11,2026,A,3.64 pts,5.33,,127,,Yes
31,4/22/25,3,S2,SCI602 / 23,BIOLOGY B,GRANT MERRILL,10,2027,A,3.75 pts,0.00,,126,,Yes
31,4/22/25,5,S2,MAT523 / 25,GEOMETRY B,BRIAN ANDERSON,10,2027,B+,3.31 pts,0.00,,126,,Yes
32,4/29/25,3,S2,SCI602 / 23,BIOLOGY B,GRANT MERRILL,10,2027,A,3.73 pts,0.00,,126,,Yes
32,4/29/25,5,S2,MAT523 / 25,GEOMETRY B,BRIAN ANDERSON,10,2027,B+,3.23 pts,0.00,,126,,Yes
33,5/6/25,3,S2,SCI602 / 23,BIOLOGY B,GRANT MERRILL,10,2027,A-,3.57 pts,0.00,,126,,Yes
33,5/6/25,5,S2,MAT523 / 25,GEOMETRY B,BRIAN ANDERSON,10,2027,A-,3.41 pts,0.00,,126,,Yes
34,5/13/25,3,S2,SCI602 / 23,BIOLOGY B,GRANT MERRILL,10,2027,B+,3.39 pts,0.00,,126,,Yes
34,5/13/25,5,S2,MAT523 / 25,GEOMETRY B,BRIAN ANDERSON,10,2027,A-,3.40 pts,0.14,,126,,Yes
31,4/22/25,6,S2,SCI602 / 26,BIOLOGY B,GRANT MERRILL,10,2027,B-,2.71 pts,0.00,,125,,Yes
32,4/29/25,6,S2,SCI602 / 26,BIOLOGY B,GRANT MERRILL,10,2027,B,2.94 pts,0.00,,125,,Yes
33,5/6/25,6,S2,SCI602 / 26,BIOLOGY B,GRANT MERRILL,10,2027,B-,2.86 pts,0.00,,125,,Yes
34,5/13/25,6,S2,SCI602 / 26,BIOLOGY B,GRANT MERRILL,10,2027,C+,2.58 pts,0.00,,125,,Yes
31,4/22/25,1,S2,MAT523 / 21,GEOMETRY B,ROCHELLE AITON,10,2027,F,0.97 pts,1.14,Johnathan,122,Active,Yes
31,4/22/25,2,S2,ENG602 / 22,SOPH ENG/B,KELLY GREGERSEN,10,2027,C+,2.60 pts,0.14,,122,,Yes
32,4/29/25,1,S2,MAT523 / 21,GEOMETRY B,ROCHELLE AITON,10,2027,F,1.28 pts,1.43,Johnathan,122,Active,Yes
32,4/29/25,2,S2,ENG602 / 22,SOPH ENG/B,KELLY GREGERSEN,10,2027,C+,2.60 pts,0.14,,122,,Yes
33,5/6/25,1,S2,MAT523 / 21,GEOMETRY B,ROCHELLE AITON,10,2027,F,1.28 pts,1.71,Johnathan,122,Active,Yes
33,5/6/25,2,S2,ENG602 / 22,SOPH ENG/B,KELLY GREGERSEN,10,2027,C+,2.60 pts,0.14,,122,,Yes
34,5/13/25,1,S2,MAT523 / 21,GEOMETRY B,ROCHELLE AITON,10,2027,F,1.28 pts,1.86,Johnathan,122,Active,Yes
34,5/13/25,2,S2,ENG602 / 22,SOPH ENG/B,KELLY GREGERSEN,10,2027,C+,2.55 pts,0.14,,122,,Yes
31,4/22/25,2,S2,MAT702 / 22,ALGEBRA II B,JASON BLAESING,11,2026,F,1.11 pts,17.05,,121,,Yes
32,4/29/25,2,S2,MAT702 / 22,ALGEBRA II B,JASON BLAESING,11,2026,F,0.95 pts,19.05,,121,,Yes
33,5/6/25,2,S2,MAT702 / 22,ALGEBRA II B,JASON BLAESING,11,2026,F,0.94 pts,21.19,,121,,Yes
34,5/13/25,2,S2,MAT702 / 22,ALGEBRA II B,JASON BLAESING,11,2026,F,0.83 pts,23.76,,121,,Yes
31,4/22/25,5,S2,MAT523 / 25,GEOMETRY B,BRIAN ANDERSON,10,2027,F,1.20 pts,10.29,,120,,Yes
32,4/29/25,5,S2,MAT523 / 25,GEOMETRY B,BRIAN ANDERSON,10,2027,F,0.80 pts,11.00,,120,,Yes
33,5/6/25,5,S2,MAT523 / 25,GEOMETRY B,BRIAN ANDERSON,10,2027,F,0.61 pts,11.57,,120,,Yes
34,5/13/25,5,S2,MAT523 / 25,GEOMETRY B,BRIAN ANDERSON,10,2027,F,0.61 pts,13.86,,120,,Yes
31,4/22/25,6,S2,MAT702 / 26,ALGEBRA II B,JASON BLAESING,11,2026,B+,3.21 pts,7.00,,119,,Yes
32,4/29/25,6,S2,MAT702 / 26,ALGEBRA II B,JASON BLAESING,11,2026,A-,3.46 pts,7.00,,119,,Yes
33,5/6/25,6,S2,MAT702 / 26,ALGEBRA II B,JASON BLAESING,11,2026,A-,3.46 pts,7.00,,119,,Yes
34,5/13/25,6,S2,MAT702 / 26,ALGEBRA II B,JASON BLAESING,11,2026,A-,3.40 pts,7.00,,119,,Yes
31,4/22/25,3,S2,MAT523 / 23,GEOMETRY B,ROCHELLE AITON,10,2027,A-,3.47 pts,2.86,,118,,Yes
32,4/29/25,3,S2,MAT523 / 23,GEOMETRY B,ROCHELLE AITON,10,2027,A,3.61 pts,2.86,,118,,Yes
33,5/6/25,3,S2,MAT523 / 23,GEOMETRY B,ROCHELLE AITON,10,2027,A,3.61 pts,3.86,,118,,Yes
34,5/13/25,3,S2,MAT523 / 23,GEOMETRY B,ROCHELLE AITON,10,2027,B+,3.31 pts,4.29,,118,,Yes
31,4/22/25,2,S2,ENG602 / 22,SOPH ENG/B,KELLY GREGERSEN,10,2027,D+,1.86 pts,7.57,,117,,Yes
31,4/22/25,3,S2,MAT523 / 23,GEOMETRY B,ROCHELLE AITON,10,2027,F,0.00 pts,15.57,,117,,Yes
31,4/22/25,6,S2,SCI602 / 26,BIOLOGY B,GRANT MERRILL,10,2027,F,1.45 pts,15.86,,117,,Yes
32,4/29/25,2,S2,ENG602 / 22,SOPH ENG/B,KELLY GREGERSEN,10,2027,D+,1.85 pts,9.00,,117,,Yes
32,4/29/25,3,S2,MAT523 / 23,GEOMETRY B,ROCHELLE AITON,10,2027,F,0.00 pts,18.14,,117,,Yes
32,4/29/25,6,S2,SCI602 / 26,BIOLOGY B,GRANT MERRILL,10,2027,F,1.21 pts,18.29,,117,,Yes
33,5/6/25,2,S2,ENG602 / 22,SOPH ENG/B,KELLY GREGERSEN,10,2027,D+,1.85 pts,9.00,,117,,Yes
33,5/6/25,3,S2,MAT523 / 23,GEOMETRY B,ROCHELLE AITON,10,2027,F,0.00 pts,19.86,,117,,Yes
33,5/6/25,6,S2,SCI602 / 26,BIOLOGY B,GRANT MERRILL,10,2027,F,1.14 pts,19.43,,117,,Yes
34,5/13/25,2,S2,ENG602 / 22,SOPH ENG/B,KELLY GREGERSEN,10,2027,C,2.35 pts,10.00,,117,,Yes
34,5/13/25,3,S2,MAT523 / 23,GEOMETRY B,ROCHELLE AITON,10,2027,F,0.00 pts,23.29,,117,,Yes
34,5/13/25,6,S2,SCI602 / 26,BIOLOGY B,GRANT MERRILL,10,2027,F,0.77 pts,22.86,,117,,Yes
31,4/22/25,1,S2,MAT523 / 21,GEOMETRY B,ROCHELLE AITON,10,2027,D+,1.95 pts,5.43,,116,,Yes
31,4/22/25,2,S2,ENG602 / 22,SOPH ENG/B,KELLY GREGERSEN,10,2027,A,3.76 pts,4.29,,116,,Yes
32,4/29/25,1,S2,MAT523 / 21,GEOMETRY B,ROCHELLE AITON,10,2027,D+,1.93 pts,6.71,,116,,Yes
32,4/29/25,2,S2,ENG602 / 22,SOPH ENG/B,KELLY GREGERSEN,10,2027,A,3.73 pts,5.29,,116,,Yes
33,5/6/25,1,S2,MAT523 / 21,GEOMETRY B,ROCHELLE AITON,10,2027,D+,1.93 pts,8.71,,116,,Yes
33,5/6/25,2,S2,ENG602 / 22,SOPH ENG/B,KELLY GREGERSEN,10,2027,A,3.73 pts,7.29,,116,,Yes
34,5/13/25,1,S2,MAT523 / 21,GEOMETRY B,ROCHELLE AITON,10,2027,D+,1.93 pts,8.86,,116,,Yes
34,5/13/25,2,S2,ENG602 / 22,SOPH ENG/B,KELLY GREGERSEN,10,2027,B+,3.29 pts,7.43,,116,,Yes
31,4/22/25,2,S2,SCI610 / 22,CHEMISTRY/B,GRANT MERRILL,11,2026,C-,2.16 pts,0.14,,114,,Yes
32,4/29/25,2,S2,SCI610 / 22,CHEMISTRY/B,GRANT MERRILL,11,2026,F,1.60 pts,0.14,,114,,Yes
33,5/6/25,2,S2,SCI610 / 22,CHEMISTRY/B,GRANT MERRILL,11,2026,C,2.38 pts,0.14,,114,,Yes
34,5/13/25,2,S2,SCI610 / 22,CHEMISTRY/B,GRANT MERRILL,11,2026,C,2.38 pts,0.14,,114,,Yes
31,4/22/25,2,S2,MAT702 / 22,ALGEBRA II B,JASON BLAESING,11,2026,C-,2.04 pts,13.00,,113,,Yes
32,4/29/25,2,S2,MAT702 / 22,ALGEBRA II B,JASON BLAESING,11,2026,C-,2.04 pts,14.00,,113,,Yes
33,5/6/25,2,S2,MAT702 / 22,ALGEBRA II B,JASON BLAESING,11,2026,C-,2.04 pts,14.00,,113,,Yes
34,5/13/25,2,S2,MAT702 / 22,ALGEBRA II B,JASON BLAESING,11,2026,D+,1.92 pts,14.00,,113,,Yes
31,4/22/25,6,S2,MAT702 / 26,ALGEBRA II B,JASON BLAESING,11,2026,B,3.19 pts,3.00,,112,,Yes
32,4/29/25,6,S2,MAT702 / 26,ALGEBRA II B,JASON BLAESING,11,2026,A-,3.44 pts,3.00,,112,,Yes
33,5/6/25,6,S2,MAT702 / 26,ALGEBRA II B,JASON BLAESING,11,2026,A-,3.44 pts,3.00,,112,,Yes
34,5/13/25,6,S2,MAT702 / 26,ALGEBRA II B,JASON BLAESING,11,2026,B,3.03 pts,4.50,,112,,Yes
31,4/22/25,6,S2,ENG502 / 26,FR ENGLISH/B,DAVID HOLLINGSWORTH,09,2028,A,3.76 pts,1.43,,111,,Yes
32,4/29/25,6,S2,ENG502 / 26,FR ENGLISH/B,DAVID HOLLINGSWORTH,09,2028,A,3.77 pts,1.43,,111,,Yes
33,5/6/25,6,S2,ENG502 / 26,FR ENGLISH/B,DAVID HOLLINGSWORTH,09,2028,A,3.77 pts,1.43,,111,,Yes
34,5/13/25,6,S2,ENG502 / 26,FR ENGLISH/B,DAVID HOLLINGSWORTH,09,2028,A,3.84 pts,1.43,,111,,Yes
31,4/22/25,5,S2,ENG602 / 25,SOPH ENG/B,MARCEE SALAS,10,2027,F,0.61 pts,7.86,,110,,Yes
31,4/22/25,6,S2,SCI602 / 26,BIOLOGY B,GRANT MERRILL,10,2027,F,0.71 pts,9.14,,110,,Yes
32,4/29/25,5,S2,ENG602 / 25,SOPH ENG/B,MARCEE SALAS,10,2027,F,0.68 pts,7.86,,110,,Yes
32,4/29/25,6,S2,SCI602 / 26,BIOLOGY B,GRANT MERRILL,10,2027,F,0.71 pts,9.14,,110,,Yes
33,5/6/25,5,S2,ENG602 / 25,SOPH ENG/B,MARCEE SALAS,10,2027,F,0.68 pts,7.86,,110,,Yes
33,5/6/25,6,S2,SCI602 / 26,BIOLOGY B,GRANT MERRILL,10,2027,F,0.72 pts,9.14,,110,,Yes
34,5/13/25,5,S2,ENG602 / 25,SOPH ENG/B,MARCEE SALAS,10,2027,F,0.66 pts,7.86,,110,,Yes
34,5/13/25,6,S2,SCI602 / 26,BIOLOGY B,GRANT MERRILL,10,2027,F,0.81 pts,9.14,,110,,Yes
31,4/22/25,5,S2,ENG602 / 25,SOPH ENG/B,MARCEE SALAS,10,2027,C,2.49 pts,1.00,,108,,Yes
32,4/29/25,5,S2,ENG602 / 25,SOPH ENG/B,MARCEE SALAS,10,2027,C,2.42 pts,1.00,,108,,Yes
33,5/6/25,5,S2,ENG602 / 25,SOPH ENG/B,MARCEE SALAS,10,2027,C,2.42 pts,1.00,,108,,Yes
34,5/13/25,5,S2,ENG602 / 25,SOPH ENG/B,MARCEE SALAS,10,2027,C,2.34 pts,1.00,,108,,Yes
31,4/22/25,6,S2,MAT702 / 26,ALGEBRA II B,JASON BLAESING,11,2026,C,2.20 pts,2.14,,107,,Yes
32,4/29/25,6,S2,MAT702 / 26,ALGEBRA II B,JASON BLAESING,11,2026,C-,2.18 pts,2.14,,107,,Yes
33,5/6/25,6,S2,MAT702 / 26,ALGEBRA II B,JASON BLAESING,11,2026,C-,2.16 pts,2.14,,107,,Yes
34,5/13/25,6,S2,MAT702 / 26,ALGEBRA II B,JASON BLAESING,11,2026,C-,2.02 pts,2.14,,107,,Yes
31,4/22/25,1,S2,SCI504 / 21,PHYSICAL SCIENCE B,JAMES BENNETT,12,2025,C-,2.06 pts,2.71,,105,,Yes
31,4/22/25,2,S2,BUS302 / 22,PERSONAL FINANCE B,NICOLE SIMEK,12,2025,C-,2.15 pts,2.00,,105,,Yes
32,4/29/25,1,S2,SCI504 / 21,PHYSICAL SCIENCE B,JAMES BENNETT,12,2025,C-,2.02 pts,2.71,,105,,Yes
32,4/29/25,2,S2,BUS302 / 22,PERSONAL FINANCE B,NICOLE SIMEK,12,2025,D+,1.90 pts,2.00,,105,,Yes
33,5/6/25,1,S2,SCI504 / 21,PHYSICAL SCIENCE B,JAMES BENNETT,12,2025,C-,2.18 pts,2.86,,105,,Yes
33,5/6/25,2,S2,BUS302 / 22,PERSONAL FINANCE B,NICOLE SIMEK,12,2025,F,1.58 pts,2.00,,105,,Yes
34,5/13/25,1,S2,SCI504 / 21,PHYSICAL SCIENCE B,JAMES BENNETT,12,2025,C,2.21 pts,3.43,,105,,Yes
34,5/13/25,2,S2,BUS302 / 22,PERSONAL FINANCE B,NICOLE SIMEK,12,2025,C-,2.15 pts,2.57,,105,,Yes
31,4/22/25,2,S2,BUS302 / 22,PERSONAL FINANCE B,NICOLE SIMEK,12,2025,F,1.11 pts,15.86,,104,,Yes
32,4/29/25,2,S2,BUS302 / 22,PERSONAL FINANCE B,NICOLE SIMEK,12,2025,F,1.03 pts,16.86,,104,,Yes
33,5/6/25,2,S2,BUS302 / 22,PERSONAL FINANCE B,NICOLE SIMEK,12,2025,F,1.03 pts,18.14,,104,,Yes
34,5/13/25,2,S2,BUS302 / 22,PERSONAL FINANCE B,NICOLE SIMEK,12,2025,D,1.73 pts,19.00,,104,,Yes
31,4/22/25,3,S2,MAT702 / 23,ALGEBRA II B,JENNIFER REILLY,11,2026,B+,3.30 pts,1.67,,103,,Yes
32,4/29/25,3,S2,MAT702 / 23,ALGEBRA II B,JENNIFER REILLY,11,2026,A-,3.54 pts,2.00,,103,,Yes
33,5/6/25,3,S2,MAT702 / 23,ALGEBRA II B,JENNIFER REILLY,11,2026,A-,3.50 pts,2.00,,103,,Yes
34,5/13/25,3,S2,MAT702 / 23,ALGEBRA II B,JENNIFER REILLY,11,2026,A-,3.47 pts,2.00,,103,,Yes
31,4/22/25,1,S2,MAT523 / 21,GEOMETRY B,ROCHELLE AITON,10,2027,B,3.19 pts,1.00,,102,,Yes
31,4/22/25,2,S2,ENG602 / 22,SOPH ENG/B,KELLY GREGERSEN,10,2027,A,3.80 pts,1.00,,102,,Yes
31,4/22/25,3,S2,SCI602 / 23,BIOLOGY B,GRANT MERRILL,10,2027,C+,2.54 pts,1.14,,102,,Yes
32,4/29/25,1,S2,MAT523 / 21,GEOMETRY B,ROCHELLE AITON,10,2027,C-,2.13 pts,1.29,,102,,Yes
32,4/29/25,2,S2,ENG602 / 22,SOPH ENG/B,KELLY GREGERSEN,10,2027,A,3.77 pts,1.29,,102,,Yes
32,4/29/25,3,S2,SCI602 / 23,BIOLOGY B,GRANT MERRILL,10,2027,C-,2.05 pts,1.43,,102,,Yes
33,5/6/25,1,S2,MAT523 / 21,GEOMETRY B,ROCHELLE AITON,10,2027,C-,2.13 pts,1.29,,102,,Yes
33,5/6/25,2,S2,ENG602 / 22,SOPH ENG/B,KELLY GREGERSEN,10,2027,A,3.77 pts,1.29,,102,,Yes
33,5/6/25,3,S2,SCI602 / 23,BIOLOGY B,GRANT MERRILL,10,2027,B,2.99 pts,1.43,,102,,Yes
34,5/13/25,1,S2,MAT523 / 21,GEOMETRY B,ROCHELLE AITON,10,2027,B-,2.79 pts,1.29,,102,,Yes
34,5/13/25,2,S2,ENG602 / 22,SOPH ENG/B,KELLY GREGERSEN,10,2027,A,3.75 pts,1.29,,102,,Yes
34,5/13/25,3,S2,SCI602 / 23,BIOLOGY B,GRANT MERRILL,10,2027,B,2.99 pts,1.43,,102,,Yes
31,4/22/25,2,S2,SCI610 / 22,CHEMISTRY/B,GRANT MERRILL,11,2026,B+,3.20 pts,1.29,,101,,Yes
32,4/29/25,2,S2,SCI610 / 22,CHEMISTRY/B,GRANT MERRILL,11,2026,A-,3.56 pts,1.86,,101,,Yes
33,5/6/25,2,S2,SCI610 / 22,CHEMISTRY/B,GRANT MERRILL,11,2026,B+,3.37 pts,2.86,,101,,Yes
34,5/13/25,2,S2,SCI610 / 22,CHEMISTRY/B,GRANT MERRILL,11,2026,A,3.70 pts,2.86,,101,,Yes
31,4/22/25,2,S2,SCI610 / 22,CHEMISTRY/B,GRANT MERRILL,11,2026,A,3.76 pts,0.14,,100,,Yes
32,4/29/25,2,S2,SCI610 / 22,CHEMISTRY/B,GRANT MERRILL,11,2026,B+,3.38 pts,0.14,,100,,Yes
33,5/6/25,2,S2,SCI610 / 22,CHEMISTRY/B,GRANT MERRILL,11,2026,B,2.94 pts,0.14,,100,,Yes
34,5/13/25,2,S2,SCI610 / 22,CHEMISTRY/B,GRANT MERRILL,11,2026,B+,3.26 pts,0.71,,100,,Yes
31,4/22/25,3,S2,SCI602 / 23,BIOLOGY B,GRANT MERRILL,10,2027,B,3.17 pts,0.00,,99,,Yes
32,4/29/25,3,S2,SCI602 / 23,BIOLOGY B,GRANT MERRILL,10,2027,A-,3.40 pts,0.00,,99,,Yes
33,5/6/25,3,S2,SCI602 / 23,BIOLOGY B,GRANT MERRILL,10,2027,B+,3.33 pts,0.00,,99,,Yes
34,5/13/25,3,S2,SCI602 / 23,BIOLOGY B,GRANT MERRILL,10,2027,B,2.90 pts,0.00,,99,,Yes
31,4/22/25,6,S2,ENG502 / 26,FR ENGLISH/B,DAVID HOLLINGSWORTH,09,2028,B-,2.80 pts,5.71,,98,,Yes
32,4/29/25,6,S2,ENG502 / 26,FR ENGLISH/B,DAVID HOLLINGSWORTH,09,2028,C,2.34 pts,7.14,,98,,Yes
33,5/6/25,6,S2,ENG502 / 26,FR ENGLISH/B,DAVID HOLLINGSWORTH,09,2028,C,2.32 pts,7.71,,98,,Yes
34,5/13/25,6,S2,ENG502 / 26,FR ENGLISH/B,DAVID HOLLINGSWORTH,09,2028,C,2.35 pts,10.00,,98,,Yes
31,4/22/25,2,S2,BUS302 / 22,PERSONAL FINANCE B,NICOLE SIMEK,12,2025,A,3.70 pts,9.43,,97,,Yes
32,4/29/25,2,S2,BUS302 / 22,PERSONAL FINANCE B,NICOLE SIMEK,12,2025,B+,3.31 pts,9.43,,97,,Yes
33,5/6/25,2,S2,BUS302 / 22,PERSONAL FINANCE B,NICOLE SIMEK,12,2025,B,2.99 pts,9.43,,97,,Yes
34,5/13/25,2,S2,BUS302 / 22,PERSONAL FINANCE B,NICOLE SIMEK,12,2025,B+,3.23 pts,10.86,,97,,Yes
31,4/22/25,2,S2,BUS302 / 22,PERSONAL FINANCE B,NICOLE SIMEK,12,2025,B+,3.24 pts,11.14,,96,,Yes
32,4/29/25,2,S2,BUS302 / 22,PERSONAL FINANCE B,NICOLE SIMEK,12,2025,B,3.11 pts,11.14,,96,,Yes
33,5/6/25,2,S2,BUS302 / 22,PERSONAL FINANCE B,NICOLE SIMEK,12,2025,B,2.94 pts,12.00,,96,,Yes
34,5/13/25,2,S2,BUS302 / 22,PERSONAL FINANCE B,NICOLE SIMEK,12,2025,B+,3.21 pts,16.71,,96,,Yes
31,4/22/25,2,S2,ENG602 / 22,SOPH ENG/B,KELLY GREGERSEN,10,2027,F,1.09 pts,0.14,,94,,Yes
32,4/29/25,2,S2,ENG602 / 22,SOPH ENG/B,KELLY GREGERSEN,10,2027,F,1.09 pts,0.14,,94,,Yes
33,5/6/25,2,S2,ENG602 / 22,SOPH ENG/B,KELLY GREGERSEN,10,2027,F,1.09 pts,2.14,,94,,Yes
34,5/13/25,2,S2,ENG602 / 22,SOPH ENG/B,KELLY GREGERSEN,10,2027,F,1.18 pts,2.14,,94,,Yes
31,4/22/25,2,S2,BUS302 / 22,PERSONAL FINANCE B,NICOLE SIMEK,12,2025,A,3.99 pts,7.14,,93,,Yes
32,4/29/25,2,S2,BUS302 / 22,PERSONAL FINANCE B,NICOLE SIMEK,12,2025,A,3.99 pts,7.14,,93,,Yes
33,5/6/25,2,S2,BUS302 / 22,PERSONAL FINANCE B,NICOLE SIMEK,12,2025,A,3.98 pts,7.86,,93,,Yes
34,5/13/25,2,S2,BUS302 / 22,PERSONAL FINANCE B,NICOLE SIMEK,12,2025,A,3.96 pts,8.14,,93,,Yes
31,4/22/25,3,S2,SCI602 / 23,BIOLOGY B,GRANT MERRILL,10,2027,W,0.15 pts,16.43,,92,,Yes
31,4/22/25,3,S2,BUS302 / 23,PERSONAL FINANCE B,NICOLE SIMEK,12,2025,A-,3.59 pts,2.43,,90,,Yes
32,4/29/25,3,S2,BUS302 / 23,PERSONAL FINANCE B,NICOLE SIMEK,12,2025,A-,3.59 pts,2.43,,90,,Yes
33,5/6/25,3,S2,BUS302 / 23,PERSONAL FINANCE B,NICOLE SIMEK,12,2025,A-,3.59 pts,2.43,,90,,Yes
34,5/13/25,3,S2,BUS302 / 23,PERSONAL FINANCE B,NICOLE SIMEK,12,2025,A,3.67 pts,3.43,,90,,Yes
31,4/22/25,6,S2,MAT702 / 26,ALGEBRA II B,JASON BLAESING,10,2027,B+,3.35 pts,8.14,,89,,Yes
32,4/29/25,6,S2,MAT702 / 26,ALGEBRA II B,JASON BLAESING,10,2027,B-,2.89 pts,8.43,,89,,Yes
33,5/6/25,6,S2,MAT702 / 26,ALGEBRA II B,JASON BLAESING,10,2027,B+,3.29 pts,8.43,,89,,Yes
34,5/13/25,6,S2,MAT702 / 26,ALGEBRA II B,JASON BLAESING,10,2027,B+,3.38 pts,8.43,,89,,Yes
31,4/22/25,3,S2,MAT523 / 23,GEOMETRY B,ROCHELLE AITON,10,2027,F,0.63 pts,9.57,,88,,Yes
31,4/22/25,5,S2,ENG602 / 25,SOPH ENG/B,MARCEE SALAS,10,2027,F,1.08 pts,9.29,,88,,Yes
31,4/22/25,6,S2,SCI602 / 46,BIOLOGY B,WILLIAM BAUR,10,2027,F,0.22 pts,9.29,,88,,Yes
32,4/29/25,3,S2,MAT523 / 23,GEOMETRY B,ROCHELLE AITON,10,2027,F,1.06 pts,9.57,,88,,Yes
32,4/29/25,5,S2,ENG602 / 25,SOPH ENG/B,MARCEE SALAS,10,2027,F,1.25 pts,9.29,,88,,Yes
32,4/29/25,6,S2,SCI602 / 46,BIOLOGY B,WILLIAM BAUR,10,2027,F,0.51 pts,9.29,,88,,Yes
33,5/6/25,3,S2,MAT523 / 23,GEOMETRY B,ROCHELLE AITON,10,2027,F,1.06 pts,9.57,,88,,Yes
33,5/6/25,5,S2,ENG602 / 25,SOPH ENG/B,MARCEE SALAS,10,2027,F,1.25 pts,9.29,,88,,Yes
33,5/6/25,6,S2,SCI602 / 46,BIOLOGY B,WILLIAM BAUR,10,2027,F,0.30 pts,9.29,,88,,Yes
34,5/13/25,3,S2,MAT523 / 23,GEOMETRY B,ROCHELLE AITON,10,2027,F,1.06 pts,9.57,,88,,Yes
34,5/13/25,5,S2,ENG602 / 25,SOPH ENG/B,MARCEE SALAS,10,2027,F,1.29 pts,9.29,,88,,Yes
34,5/13/25,6,S2,SCI602 / 46,BIOLOGY B,WILLIAM BAUR,10,2027,F,0.63 pts,9.29,,88,,Yes
31,4/22/25,2,S2,SCI610 / 22,CHEMISTRY/B,GRANT MERRILL,11,2026,C+,2.58 pts,3.86,,86,,Yes
31,4/22/25,6,S2,SOC702 / 26,US HISTORY/B,SCOTT BOOTHBY,11,2026,A-,3.56 pts,3.86,,86,,Yes
32,4/29/25,2,S2,SCI610 / 22,CHEMISTRY/B,GRANT MERRILL,11,2026,C,2.30 pts,3.86,,86,,Yes
32,4/29/25,6,S2,SOC702 / 26,US HISTORY/B,SCOTT BOOTHBY,11,2026,A-,3.56 pts,3.86,,86,,Yes
33,5/6/25,2,S2,SCI610 / 22,CHEMISTRY/B,GRANT MERRILL,11,2026,F,1.55 pts,3.86,,86,,Yes
33,5/6/25,6,S2,SOC702 / 26,US HISTORY/B,SCOTT BOOTHBY,11,2026,A-,3.55 pts,4.00,,86,,Yes
34,5/13/25,2,S2,SCI610 / 22,CHEMISTRY/B,GRANT MERRILL,11,2026,F,1.55 pts,4.14,,86,,Yes
34,5/13/25,6,S2,SOC702 / 26,US HISTORY/B,SCOTT BOOTHBY,11,2026,A-,3.49 pts,4.00,,86,,Yes
31,4/22/25,6,S2,SOC702 / 26,US HISTORY/B,SCOTT BOOTHBY,11,2026,A,3.61 pts,0.00,,85,,Yes
32,4/29/25,6,S2,SOC702 / 26,US HISTORY/B,SCOTT BOOTHBY,11,2026,A,3.63 pts,0.00,,85,,Yes
33,5/6/25,6,S2,SOC702 / 26,US HISTORY/B,SCOTT BOOTHBY,11,2026,A,3.63 pts,0.00,,85,,Yes
34,5/13/25,6,S2,SOC702 / 26,US HISTORY/B,SCOTT BOOTHBY,11,2026,A,3.66 pts,0.14,,85,,Yes
31,4/22/25,1,S2,MAT523 / 21,GEOMETRY B,ROCHELLE AITON,10,2027,F,0.67 pts,1.14,,84,,Yes
32,4/29/25,1,S2,MAT523 / 21,GEOMETRY B,ROCHELLE AITON,10,2027,F,0.76 pts,1.29,,84,,Yes
33,5/6/25,1,S2,MAT523 / 21,GEOMETRY B,ROCHELLE AITON,10,2027,F,0.76 pts,2.29,,84,,Yes
34,5/13/25,1,S2,MAT523 / 21,GEOMETRY B,ROCHELLE AITON,10,2027,F,0.62 pts,2.29,,84,,Yes
31,4/22/25,1,S2,MAT523 / 21,GEOMETRY B,ROCHELLE AITON,10,2027,C+,2.55 pts,5.14,,83,,Yes
32,4/29/25,1,S2,MAT523 / 21,GEOMETRY B,ROCHELLE AITON,10,2027,C+,2.65 pts,6.14,,83,,Yes
33,5/6/25,1,S2,MAT523 / 21,GEOMETRY B,ROCHELLE AITON,10,2027,C+,2.65 pts,7.14,,83,,Yes
34,5/13/25,1,S2,MAT523 / 21,GEOMETRY B,ROCHELLE AITON,10,2027,C,2.49 pts,7.14,,83,,Yes
31,4/22/25,2,S2,SCI610 / 22,CHEMISTRY/B,GRANT MERRILL,12,2025,C-,2.10 pts,10.43,,82,,Yes
32,4/29/25,2,S2,SCI610 / 22,CHEMISTRY/B,GRANT MERRILL,12,2025,C-,2.04 pts,11.14,,82,,Yes
33,5/6/25,2,S2,SCI610 / 22,CHEMISTRY/B,GRANT MERRILL,12,2025,C,2.34 pts,12.00,,82,,Yes
34,5/13/25,2,S2,SCI610 / 22,CHEMISTRY/B,GRANT MERRILL,12,2025,C+,2.66 pts,12.29,,82,,Yes
31,4/22/25,5,S2,MAT523 / 25,GEOMETRY B,BRIAN ANDERSON,10,2027,A-,3.46 pts,2.86,,80,,Yes
32,4/29/25,5,S2,MAT523 / 25,GEOMETRY B,BRIAN ANDERSON,10,2027,B,3.00 pts,2.86,,80,,Yes
33,5/6/25,5,S2,MAT523 / 25,GEOMETRY B,BRIAN ANDERSON,10,2027,B+,3.24 pts,3.14,,80,,Yes
34,5/13/25,5,S2,MAT523 / 25,GEOMETRY B,BRIAN ANDERSON,10,2027,B+,3.23 pts,3.14,,80,,Yes
31,4/22/25,1,S2,MAT523 / 21,GEOMETRY B,ROCHELLE AITON,09,2028,F,1.63 pts,7.29,,79,,Yes
32,4/29/25,1,S2,MAT523 / 21,GEOMETRY B,ROCHELLE AITON,09,2028,D,1.72 pts,7.71,,79,,Yes
33,5/6/25,1,S2,MAT523 / 21,GEOMETRY B,ROCHELLE AITON,09,2028,D,1.72 pts,8.86,,79,,Yes
34,5/13/25,1,S2,MAT523 / 21,GEOMETRY B,ROCHELLE AITON,09,2028,D,1.73 pts,10.29,,79,,Yes
31,4/22/25,2,S2,ENG602 / 22,SOPH ENG/B,KELLY GREGERSEN,10,2027,C+,2.59 pts,10.00,,77,,Yes
31,4/22/25,3,S2,SCI602 / 23,BIOLOGY B,GRANT MERRILL,10,2027,B,2.98 pts,10.00,,77,,Yes
32,4/29/25,2,S2,ENG602 / 22,SOPH ENG/B,KELLY GREGERSEN,10,2027,C+,2.56 pts,14.00,,77,,Yes
32,4/29/25,3,S2,SCI602 / 23,BIOLOGY B,GRANT MERRILL,10,2027,C,2.26 pts,14.00,,77,,Yes
33,5/6/25,2,S2,ENG602 / 22,SOPH ENG/B,KELLY GREGERSEN,10,2027,C+,2.56 pts,14.14,,77,,Yes
33,5/6/25,3,S2,SCI602 / 23,BIOLOGY B,GRANT MERRILL,10,2027,B,3.10 pts,14.00,,77,,Yes
34,5/13/25,2,S2,ENG602 / 22,SOPH ENG/B,KELLY GREGERSEN,10,2027,B,2.97 pts,14.29,,77,,Yes
34,5/13/25,3,S2,SCI602 / 23,BIOLOGY B,GRANT MERRILL,10,2027,B+,3.39 pts,14.00,,77,,Yes
31,4/22/25,2,S2,MAT523 / 22,GEOMETRY B,ROCHELLE AITON,09,2028,B+,3.38 pts,5.43,,76,,Yes
32,4/29/25,2,S2,MAT523 / 22,GEOMETRY B,ROCHELLE AITON,09,2028,B+,3.22 pts,5.71,,76,,Yes
33,5/6/25,2,S2,MAT523 / 22,GEOMETRY B,ROCHELLE AITON,09,2028,B+,3.22 pts,5.71,,76,,Yes
34,5/13/25,2,S2,MAT523 / 22,GEOMETRY B,ROCHELLE AITON,09,2028,B+,3.38 pts,6.43,,76,,Yes
31,4/22/25,1,S2,MAT523 / 21,GEOMETRY B,ROCHELLE AITON,10,2027,F,0.64 pts,15.71,,72,,Yes
31,4/22/25,5,S2,ENG602 / 25,SOPH ENG/B,MARCEE SALAS,10,2027,C+,2.65 pts,15.57,,72,,Yes
32,4/29/25,1,S2,MAT523 / 21,GEOMETRY B,ROCHELLE AITON,10,2027,F,1.06 pts,15.71,,72,,Yes
32,4/29/25,5,S2,ENG602 / 25,SOPH ENG/B,MARCEE SALAS,10,2027,C+,2.58 pts,15.57,,72,,Yes
33,5/6/25,1,S2,MAT523 / 21,GEOMETRY B,ROCHELLE AITON,10,2027,F,1.06 pts,15.71,,72,,Yes
33,5/6/25,5,S2,ENG602 / 25,SOPH ENG/B,MARCEE SALAS,10,2027,C+,2.62 pts,15.57,,72,,Yes
34,5/13/25,1,S2,MAT523 / 21,GEOMETRY B,ROCHELLE AITON,10,2027,F,1.07 pts,18.00,,72,,Yes
34,5/13/25,5,S2,ENG602 / 25,SOPH ENG/B,MARCEE SALAS,10,2027,C+,2.56 pts,17.57,,72,,Yes
31,4/22/25,6,S2,SOC702 / 26,US HISTORY/B,SCOTT BOOTHBY,11,2026,C,2.49 pts,0.00,,71,,Yes
32,4/29/25,6,S2,SOC702 / 26,US HISTORY/B,SCOTT BOOTHBY,11,2026,C,2.48 pts,0.00,,71,,Yes
33,5/6/25,6,S2,SOC702 / 26,US HISTORY/B,SCOTT BOOTHBY,11,2026,C,2.49 pts,0.00,,71,,Yes
34,5/13/25,6,S2,SOC702 / 26,US HISTORY/B,SCOTT BOOTHBY,11,2026,C+,2.65 pts,0.00,,71,,Yes
31,4/22/25,1,S2,SCI504 / 21,PHYSICAL SCIENCE B,JAMES BENNETT,09,2028,D,1.68 pts,2.29,,70,,Yes
31,4/22/25,6,S2,ENG502 / 26,FR ENGLISH/B,DAVID HOLLINGSWORTH,09,2028,A,3.91 pts,2.00,,70,,Yes
32,4/29/25,1,S2,SCI504 / 21,PHYSICAL SCIENCE B,JAMES BENNETT,09,2028,F,1.15 pts,2.29,,70,,Yes
32,4/29/25,6,S2,ENG502 / 26,FR ENGLISH/B,DAVID HOLLINGSWORTH,09,2028,A,3.90 pts,2.14,,70,,Yes
33,5/6/25,1,S2,SCI504 / 21,PHYSICAL SCIENCE B,JAMES BENNETT,09,2028,F,1.46 pts,2.29,,70,,Yes
33,5/6/25,6,S2,ENG502 / 26,FR ENGLISH/B,DAVID HOLLINGSWORTH,09,2028,A,3.90 pts,2.43,,70,,Yes
34,5/13/25,1,S2,SCI504 / 21,PHYSICAL SCIENCE B,JAMES BENNETT,09,2028,D+,1.82 pts,2.29,,70,,Yes
34,5/13/25,6,S2,ENG502 / 26,FR ENGLISH/B,DAVID HOLLINGSWORTH,09,2028,A,3.90 pts,2.43,,70,,Yes
31,4/22/25,3,S2,MAT523 / 23,GEOMETRY B,ROCHELLE AITON,09,2028,C,2.45 pts,7.57,,69,,Yes
32,4/29/25,3,S2,MAT523 / 23,GEOMETRY B,ROCHELLE AITON,09,2028,B-,2.82 pts,7.71,,69,,Yes
33,5/6/25,3,S2,MAT523 / 23,GEOMETRY B,ROCHELLE AITON,09,2028,B-,2.82 pts,8.71,,69,,Yes
34,5/13/25,3,S2,MAT523 / 23,GEOMETRY B,ROCHELLE AITON,09,2028,B,3.00 pts,9.71,,69,,Yes
31,4/22/25,6,S2,SOC702 / 26,US HISTORY/B,SCOTT BOOTHBY,11,2026,A,3.95 pts,6.00,,68,,Yes
32,4/29/25,6,S2,SOC702 / 26,US HISTORY/B,SCOTT BOOTHBY,11,2026,A,3.95 pts,6.00,,68,,Yes
33,5/6/25,6,S2,SOC702 / 26,US HISTORY/B,SCOTT BOOTHBY,11,2026,A,3.95 pts,6.00,,68,,Yes
34,5/13/25,6,S2,SOC702 / 26,US HISTORY/B,SCOTT BOOTHBY,11,2026,A,3.95 pts,6.00,,68,,Yes
31,4/22/25,3,S2,MAT523 / 23,GEOMETRY B,ROCHELLE AITON,10,2027,D+,1.97 pts,4.29,,67,,Yes
32,4/29/25,3,S2,MAT523 / 23,GEOMETRY B,ROCHELLE AITON,10,2027,C,2.28 pts,5.14,,67,,Yes
33,5/6/25,3,S2,MAT523 / 23,GEOMETRY B,ROCHELLE AITON,10,2027,C,2.28 pts,5.14,,67,,Yes
34,5/13/25,3,S2,MAT523 / 23,GEOMETRY B,ROCHELLE AITON,10,2027,C-,2.12 pts,6.00,,67,,Yes
31,4/22/25,2,S2,MAT702 / 22,ALGEBRA II B,JASON BLAESING,10,2027,B+,3.37 pts,8.00,,66,,Yes
32,4/29/25,2,S2,MAT702 / 22,ALGEBRA II B,JASON BLAESING,10,2027,A,4.00 pts,8.00,,66,,Yes
33,5/6/25,2,S2,MAT702 / 22,ALGEBRA II B,JASON BLAESING,10,2027,A,3.99 pts,8.00,,66,,Yes
34,5/13/25,2,S2,MAT702 / 22,ALGEBRA II B,JASON BLAESING,10,2027,A,3.76 pts,8.00,,66,,Yes
31,4/22/25,3,S2,BUS302 / 23,PERSONAL FINANCE B,NICOLE SIMEK,11,2026,F,1.57 pts,12.29,,65,,Yes
31,4/22/25,5,S2,MAT702 / 45,ALGEBRA II B,JENNIFER REILLY,11,2026,B,2.91 pts,11.29,,65,,Yes
32,4/29/25,3,S2,BUS302 / 23,PERSONAL FINANCE B,NICOLE SIMEK,11,2026,F,1.18 pts,14.14,,65,,Yes
32,4/29/25,5,S2,MAT702 / 45,ALGEBRA II B,JENNIFER REILLY,11,2026,A-,3.59 pts,13.14,,65,,Yes
33,5/6/25,3,S2,BUS302 / 23,PERSONAL FINANCE B,NICOLE SIMEK,11,2026,F,1.50 pts,14.14,,65,,Yes
33,5/6/25,5,S2,MAT702 / 45,ALGEBRA II B,JENNIFER REILLY,11,2026,A-,3.58 pts,13.14,,65,,Yes
34,5/13/25,3,S2,BUS302 / 23,PERSONAL FINANCE B,NICOLE SIMEK,11,2026,F,1.12 pts,15.86,,65,,Yes
34,5/13/25,5,S2,MAT702 / 45,ALGEBRA II B,JENNIFER REILLY,11,2026,B,3.15 pts,14.86,,65,,Yes
31,4/22/25,5,S2,MAT523 / 25,GEOMETRY B,BRIAN ANDERSON,10,2027,F,1.17 pts,12.86,,63,,Yes
32,4/29/25,5,S2,MAT523 / 25,GEOMETRY B,BRIAN ANDERSON,10,2027,F,0.79 pts,14.57,,63,,Yes
33,5/6/25,5,S2,MAT523 / 25,GEOMETRY B,BRIAN ANDERSON,10,2027,F,0.60 pts,15.14,,63,,Yes
34,5/13/25,5,S2,MAT523 / 25,GEOMETRY B,BRIAN ANDERSON,10,2027,F,1.06 pts,17.14,,63,,Yes
31,4/22/25,2,S2,BUS302 / 22,PERSONAL FINANCE B,NICOLE SIMEK,12,2025,B-,2.70 pts,6.29,,61,,Yes
32,4/29/25,2,S2,BUS302 / 22,PERSONAL FINANCE B,NICOLE SIMEK,12,2025,C,2.49 pts,7.14,,61,,Yes
33,5/6/25,2,S2,BUS302 / 22,PERSONAL FINANCE B,NICOLE SIMEK,12,2025,C-,2.00 pts,7.29,,61,,Yes
34,5/13/25,2,S2,BUS302 / 22,PERSONAL FINANCE B,NICOLE SIMEK,12,2025,B-,2.85 pts,7.43,,61,,Yes
31,4/22/25,2,S2,SCI610 / 22,CHEMISTRY/B,GRANT MERRILL,11,2026,C,2.34 pts,2.67,,60,,Yes
31,4/22/25,3,S2,MAT702 / 23,ALGEBRA II B,JENNIFER REILLY,11,2026,A-,3.50 pts,2.67,,60,,Yes
32,4/29/25,2,S2,SCI610 / 22,CHEMISTRY/B,GRANT MERRILL,11,2026,F,1.22 pts,3.67,,60,,Yes
32,4/29/25,3,S2,MAT702 / 23,ALGEBRA II B,JENNIFER REILLY,11,2026,A-,3.57 pts,3.67,,60,,Yes
33,5/6/25,2,S2,SCI610 / 22,CHEMISTRY/B,GRANT MERRILL,11,2026,C-,2.12 pts,3.67,,60,,Yes
33,5/6/25,3,S2,MAT702 / 23,ALGEBRA II B,JENNIFER REILLY,11,2026,A-,3.56 pts,3.67,,60,,Yes
34,5/13/25,2,S2,SCI610 / 22,CHEMISTRY/B,GRANT MERRILL,11,2026,C-,2.12 pts,4.33,,60,,Yes
34,5/13/25,3,S2,MAT702 / 23,ALGEBRA II B,JENNIFER REILLY,11,2026,B,3.14 pts,4.33,,60,,Yes
31,4/22/25,5,S2,MAT523 / 25,GEOMETRY B,BRIAN ANDERSON,10,2027,F,0.67 pts,2.86,,59,,Yes
32,4/29/25,5,S2,MAT523 / 25,GEOMETRY B,BRIAN ANDERSON,10,2027,F,0.45 pts,5.14,,59,,Yes
33,5/6/25,5,S2,MAT523 / 25,GEOMETRY B,BRIAN ANDERSON,10,2027,F,1.29 pts,6.14,,59,,Yes
34,5/13/25,5,S2,MAT523 / 25,GEOMETRY B,BRIAN ANDERSON,10,2027,F,1.28 pts,6.43,,59,,Yes
31,4/22/25,2,S2,MAT702 / 22,ALGEBRA II B,JASON BLAESING,11,2026,B-,2.84 pts,0.14,,56,,Yes
32,4/29/25,2,S2,MAT702 / 22,ALGEBRA II B,JASON BLAESING,11,2026,B-,2.87 pts,0.14,,56,,Yes
33,5/6/25,2,S2,MAT702 / 22,ALGEBRA II B,JASON BLAESING,11,2026,B-,2.86 pts,0.14,,56,,Yes
34,5/13/25,2,S2,MAT702 / 22,ALGEBRA II B,JASON BLAESING,11,2026,B-,2.76 pts,0.14,,56,,Yes
31,4/22/25,2,S2,SCI610 / 22,CHEMISTRY/B,GRANT MERRILL,11,2026,F,1.18 pts,3.57,,55,,Yes
32,4/29/25,2,S2,SCI610 / 22,CHEMISTRY/B,GRANT MERRILL,11,2026,F,1.09 pts,3.57,,55,,Yes
33,5/6/25,2,S2,SCI610 / 22,CHEMISTRY/B,GRANT MERRILL,11,2026,D,1.70 pts,3.57,,55,,Yes
34,5/13/25,2,S2,SCI610 / 22,CHEMISTRY/B,GRANT MERRILL,11,2026,D,1.70 pts,3.57,,55,,Yes
31,4/22/25,6,S2,MAT702 / 26,ALGEBRA II B,JASON BLAESING,10,2027,A,3.84 pts,0.00,,54,,Yes
32,4/29/25,6,S2,MAT702 / 26,ALGEBRA II B,JASON BLAESING,10,2027,A,3.87 pts,0.00,,54,,Yes
33,5/6/25,6,S2,MAT702 / 26,ALGEBRA II B,JASON BLAESING,10,2027,A,3.87 pts,0.00,,54,,Yes
34,5/13/25,6,S2,MAT702 / 26,ALGEBRA II B,JASON BLAESING,10,2027,A,3.76 pts,0.00,,54,,Yes
31,4/22/25,2,S2,MAT523 / 22,GEOMETRY B,ROCHELLE AITON,10,2027,D,1.77 pts,11.43,,53,,Yes
31,4/22/25,4,S2,SCI602 / 24,BIOLOGY B,GRANT MERRILL,10,2027,F,1.49 pts,10.00,,53,,Yes
32,4/29/25,2,S2,MAT523 / 22,GEOMETRY B,ROCHELLE AITON,10,2027,C-,2.13 pts,12.43,,53,,Yes
32,4/29/25,4,S2,SCI602 / 24,BIOLOGY B,GRANT MERRILL,10,2027,D,1.72 pts,11.29,,53,,Yes
33,5/6/25,2,S2,MAT523 / 22,GEOMETRY B,ROCHELLE AITON,10,2027,C-,2.13 pts,12.86,,53,,Yes
33,5/6/25,4,S2,SCI602 / 24,BIOLOGY B,GRANT MERRILL,10,2027,D+,1.95 pts,11.29,,53,,Yes
34,5/13/25,2,S2,MAT523 / 22,GEOMETRY B,ROCHELLE AITON,10,2027,D+,1.81 pts,13.86,,53,,Yes
34,5/13/25,4,S2,SCI602 / 24,BIOLOGY B,GRANT MERRILL,10,2027,D+,1.97 pts,12.00,,53,,Yes
31,4/22/25,2,S2,ENG602 / 22,SOPH ENG/B,KELLY GREGERSEN,10,2027,B+,3.20 pts,3.43,,52,,Yes
31,4/22/25,4,S2,MAT523 / 24,GEOMETRY B,ROCHELLE AITON,10,2027,C,2.20 pts,2.43,,52,,Yes
32,4/29/25,2,S2,ENG602 / 22,SOPH ENG/B,KELLY GREGERSEN,10,2027,B+,3.20 pts,6.43,,52,,Yes
32,4/29/25,4,S2,MAT523 / 24,GEOMETRY B,ROCHELLE AITON,10,2027,F,1.46 pts,5.43,,52,,Yes
33,5/6/25,2,S2,ENG602 / 22,SOPH ENG/B,KELLY GREGERSEN,10,2027,B+,3.20 pts,7.57,,52,,Yes
33,5/6/25,4,S2,MAT523 / 24,GEOMETRY B,ROCHELLE AITON,10,2027,F,1.46 pts,6.43,,52,,Yes
34,5/13/25,2,S2,ENG602 / 22,SOPH ENG/B,KELLY GREGERSEN,10,2027,B-,2.71 pts,9.14,,52,,Yes
34,5/13/25,4,S2,MAT523 / 24,GEOMETRY B,ROCHELLE AITON,10,2027,D,1.79 pts,8.43,,52,,Yes
31,4/22/25,6,S2,MAT702 / 26,ALGEBRA II B,JASON BLAESING,11,2026,C+,2.55 pts,1.00,,50,,Yes
32,4/29/25,6,S2,MAT702 / 26,ALGEBRA II B,JASON BLAESING,11,2026,B-,2.89 pts,1.00,,50,,Yes
33,5/6/25,6,S2,MAT702 / 26,ALGEBRA II B,JASON BLAESING,11,2026,B-,2.88 pts,1.00,,50,,Yes
34,5/13/25,6,S2,MAT702 / 26,ALGEBRA II B,JASON BLAESING,11,2026,B-,2.89 pts,2.00,,50,,Yes