Week,Grade Pulled,Period,Semester,Course Code,Course Description,Staff Names,Grade Year,Grad Year,Grade Mark,Grade %,Total Days Absent,Mentor,Student #,Mentor Activity,Mentor Course
2,9/10/24,1,S1,ENG701 / 11,JUNIOR ENG/A,JOHN CARVER,11,2026,B,3.00 pts,0.64,,1,,#N/A
2,9/10/24,2,S1,PED500 / 12,WEIGHT TRAINING,SCOTT BOOTHBY,11,2026,C-,2.00 pts,0.79,,1,,#N/A
2,9/10/24,5,S1,SOC701 / 15,US HISTORY/A,DAVE HAJEK,11,2026,,,0.43,,1,,#N/A
2,9/10/24,6,S1,FAR604 / 16,SCENE DESIGN,KELLY GREGERSEN,11,2026,,,0.29,,1,,#N/A
2,9/10/24,7,S1,ELE507 / A61,ADVISORY 11/A,AARON LABREE,11,2026,,,0,,1,,#N/A
2,9/10/24,3,S1,MAT701 / 13,ALGEBRA II A,JENNIFER REILLY,11,2026,,,0.93,,1,,Yes
2,9/10/24,1,S1,CTA101 / 11,CTA S1,MARK CASTLE,11,2026,,,0,,3,,#N/A
2,9/10/24,2,S1,CTA101 / 11,CTA S1,MARK CASTLE,11,2026,,,0,,3,,#N/A
2,9/10/24,3,S1,CTA101 / 11,CTA S1,MARK CASTLE,11,2026,,,0,,3,,#N/A
2,9/10/24,5,S1,ASL503 / 15,AMERICAN SIGN LANGUAGE II/A,TAMI GRANT,11,2026,,,0,,3,,#N/A
2,9/10/24,6,S1,ENG701 / 16,JUNIOR ENG/A,JOHN CARVER,11,2026,,,0.33,,3,,#N/A
2,9/10/24,1,S1,FAR505 / 11,CONCERT CHOIR/A,DAVID DUARTE,10,2027,,,0,,4,,#N/A
2,9/10/24,2,S1,SPA501 / 12,SPANISH 1 A,ROCHELLE AITON,10,2027,,,0,,4,,#N/A
2,9/10/24,3,S1,SOC108 / 13,WORLD HISTORY/A,RYAN ISAACSON,10,2027,A,4.00 pts,0,,4,,#N/A
2,9/10/24,5,S1,ENG601 / 15,SOPH ENG/A,MARCEE SALAS,10,2027,A,4.00 pts,0,,4,,Yes
2,9/10/24,6,S1,MAT522 / 36,GEOMETRY A,ROCHELLE AITON,10,2027,,,0.14,,4,,#N/A
2,9/10/24,7,S1,ELE505 / A60,ADVISORY 10/A,GRANT MERRILL,10,2027,,,0,,4,,#N/A
2,9/10/24,1,S1,VOC705 / 11,DIGITAL PHOTOGRAPHY I,ROSANNA RUFF,11,2026,,,1,,5,,#N/A
2,9/10/24,2,S1,BUS301 / 12,PERSONAL FINANCE A,NICOLE SIMEK,11,2026,,,1,,5,,Yes
2,9/10/24,3,S1,SCI503 / 33,PHYSICAL SCIENCE A,WILLIAM BAUR,11,2026,,,1,,5,,#N/A
2,9/10/24,5,S1,ENG701 / 15,JUNIOR ENG/A,JOHN CARVER,11,2026,A,4.00 pts,1,,5,,Yes
2,9/10/24,6,S1,PED500 / 16,WEIGHT TRAINING,SCOTT DIZMANG,11,2026,,,1,,5,,#N/A
2,9/10/24,7,S1,ELE507 / A41,ADVISORY 11/A,BRENT MANSELL,11,2026,,,1,,5,,#N/A
2,9/10/24,1,S1,PED513 / 11,TEAM GAMES,SCOTT DIZMANG,10,2027,,,0,,6,,#N/A
2,9/10/24,5,S1,ENG601 / 15,SOPH ENG/A,MARCEE SALAS,10,2027,A,4.00 pts,0,,6,,Yes
2,9/10/24,3,S1,SOC108 / 13,WORLD HISTORY/A,RYAN ISAACSON,10,2027,A,4.00 pts,0,,6,,#N/A
2,9/10/24,2,S1,MAT522 / 12,GEOMETRY A,ROCHELLE AITON,10,2027,,,0,,6,,Yes
2,9/10/24,6,S1,SCI601 / 36,BIOLOGY A,WILLIAM BAUR,10,2027,,,0,,6,,Yes
2,9/10/24,7,S1,ELE505 / A60,ADVISORY 10/A,GRANT MERRILL,10,2027,,,0,,6,,#N/A
2,9/10/24,1,S1,ENG801 / 11,SENIOR ENG/A,HEATHER CARVER,12,2025,,,0,,7,,#N/A
2,9/10/24,2,S1,BUS301 / 12,PERSONAL FINANCE A,NICOLE SIMEK,12,2025,,,0,,7,,Yes
2,9/10/24,3,S1,ONT400 / 13,ON-TRACK/A,BRIAN ANDERSON,12,2025,,,0,,7,,#N/A
2,9/10/24,5,S1,CTE100 / 15,MEDICAL CAREERS & TERMINOLOG/A,DONNA SCHATZ,12,2025,,,0,,7,,#N/A
2,9/10/24,6,S1,SOC802 / 16,CIVICS,JIM REED,12,2025,,,0,,7,,#N/A
2,9/10/24,7,S1,ELE509 / A32,ADVISORY 12/A,SCOTT DIZMANG,12,2025,,,0,,7,,#N/A
2,9/10/24,3,S1,MAT701 / 13,ALGEBRA II A,JENNIFER REILLY,11,2026,,,0,,46,,Yes
2,9/10/24,1,S1,FAR720 / 11,PANTHER PLAYERS/A,KELLY GREGERSEN,11,2026,A,4.00 pts,0,,46,,#N/A
2,9/10/24,2,S1,SCI609 / 12,CHEMISTRY/A,GRANT MERRILL,11,2026,A,4.00 pts,0,,46,,Yes
2,9/10/24,5,S1,SOC701 / 15,US HISTORY/A,DAVE HAJEK,11,2026,,,0,,46,,#N/A
2,9/10/24,6,S1,SPA501 / 16,SPANISH 1 A,ROCHELLE AITON,11,2026,,,0,,46,,#N/A
2,9/10/24,7,S1,ELE507 / A51,ADVISORY 11/A,DONALD O'BRIEN,11,2026,,,0,,46,,#N/A
2,9/10/24,1,S1,FAR720 / 11,PANTHER PLAYERS/A,KELLY GREGERSEN,12,2025,A,4.00 pts,0.71,,8,,#N/A
2,9/10/24,2,S1,SPS103 / 12,OFFICE ASSISTANT,MARK CASTLE,12,2025,,,0.71,,8,,#N/A
2,9/10/24,3,S1,PED500 / 13,WEIGHT TRAINING,SCOTT BOOTHBY,12,2025,C-,2.00 pts,0,,8,,#N/A
2,9/10/24,5,S1,SOC802 / 15,CIVICS,SCOTT BOOTHBY,12,2025,A,4.00 pts,0.71,,8,,#N/A
2,9/10/24,6,S1,SCI503 / 16,PHYSICAL SCIENCE A,JAMES BENNETT,12,2025,,,0.71,,8,,#N/A
2,9/10/24,7,S1,ELE509 / A12,ADVISORY 12/A,JASON BLAESING,12,2025,,,0,,8,,#N/A
2,9/10/24,1,S1,PED500 / 11,WEIGHT TRAINING,SCOTT BOOTHBY,10,2027,A,4.00 pts,0.57,,9,,#N/A
2,9/10/24,2,S1,SOC108 / 12,WORLD HISTORY/A,DAVID HOLLINGSWORTH,10,2027,A,4.00 pts,0.57,,9,,#N/A
2,9/10/24,5,S1,MAT522 / 15,GEOMETRY A,BRIAN ANDERSON,10,2027,,,0,,9,,Yes
2,9/10/24,3,S1,SCI601 / 13,BIOLOGY A,GRANT MERRILL,10,2027,,,0.57,,9,,Yes
2,9/10/24,6,S1,ENG601 / 16,SOPH ENG/A,MARCEE SALAS,10,2027,A,4.00 pts,0,,9,,#N/A
2,9/10/24,7,S1,ELE505 / A80,ADVISORY 10/A,MARCEE SALAS,10,2027,,,0.57,,9,,#N/A
2,9/10/24,2,S1,ENG601 / 12,SOPH ENG/A,KELLY GREGERSEN,10,2027,A,4.00 pts,0,,10,,Yes
2,9/10/24,1,S1,MAT522 / 11,GEOMETRY A,ROCHELLE AITON,10,2027,,,0,,10,,Yes
2,9/10/24,3,S1,SOC108 / 13,WORLD HISTORY/A,RYAN ISAACSON,10,2027,A,4.00 pts,0,,10,,#N/A
2,9/10/24,5,S1,VOC106 / 15,METAL MANUFACTURING & TECH I,DONALD O'BRIEN,10,2027,F,1.00 pts,0,,10,,#N/A
2,9/10/24,3,S1,MAT701 / 13,ALGEBRA II A,JENNIFER REILLY,11,2026,,,1,,11,,Yes
2,9/10/24,7,S1,ELE505 / A20,ADVISORY 10/A,ROCHELLE AITON,10,2027,,,0,,10,,#N/A
2,9/10/24,1,S1,SPA601 / 11,SPANISH II A,ROCHELLE AITON,11,2026,,,1,,11,,#N/A
2,9/10/24,2,S1,HFL116 / 12,BAKING PASTRY ARTS I,KAYLA PAYNE,11,2026,,,1,,11,,#N/A
2,9/10/24,6,S1,SCI601 / 16,BIOLOGY A,GRANT MERRILL,10,2027,,,0,,10,,Yes
2,9/10/24,5,S1,SOC703 / 15,AP US HISTORY A,RYAN ISAACSON,11,2026,A,4.00 pts,1,,11,,#N/A
2,9/10/24,6,S1,ENG701 / 16,JUNIOR ENG/A,JOHN CARVER,11,2026,,,1,,11,,#N/A
2,9/10/24,7,S1,ELE507 / A31,ADVISORY 11/A,DAVID HOLLINGSWORTH,11,2026,,,1,,11,,#N/A
2,9/10/24,1,S1,CTE114 / 11,ENGINEERING A,JASON BLAESING,11,2026,,,0,,12,,#N/A
2,9/10/24,2,S1,VOC116 / 12,BASIC CARPENTRY 1,BRENT MANSELL,11,2026,A,4.00 pts,0,,12,,#N/A
2,9/10/24,3,S1,BUS301 / 13,PERSONAL FINANCE A,NICOLE SIMEK,11,2026,,,0,,12,,Yes
2,9/10/24,5,S1,VOC504 / 15,ADV FINE ARTS WOODWORKING I,BRENT MANSELL,11,2026,A,4.00 pts,0,,12,,#N/A
2,9/10/24,6,S1,ENG701 / 16,JUNIOR ENG/A,JOHN CARVER,11,2026,,,0,,12,,#N/A
2,9/10/24,7,S1,ELE507 / A11,ADVISORY 11/A,JAMES BENNETT,11,2026,,,0,,12,,#N/A
2,9/10/24,2,S1,ENG601 / 12,SOPH ENG/A,KELLY GREGERSEN,10,2027,B,3.00 pts,2,,13,,Yes
2,9/10/24,1,S1,MAT522 / 11,GEOMETRY A,ROCHELLE AITON,10,2027,,,2,,13,,Yes
2,9/10/24,3,S1,SCI601 / 33,BIOLOGY A,DONNA SCHATZ,10,2027,,,2,,13,,#N/A
2,9/10/24,5,S1,HFL113 / 15,INTRO CULINARY ART,ALEXANDRA YOST,10,2027,,,2,,13,,#N/A
2,9/10/24,6,S1,SOC108 / 36,WORLD HISTORY/A,DAVE HAJEK,10,2027,,,2,,13,,#N/A
2,9/10/24,7,S1,ELE505 / A70,ADVISORY 10/A,JOHN MILLER,10,2027,,,2,,13,,#N/A
2,9/10/24,1,S1,ENG701 / 11,JUNIOR ENG/A,JOHN CARVER,11,2026,A,4.00 pts,0,,14,,#N/A
2,9/10/24,2,S1,VOC705 / 12,DIGITAL PHOTOGRAPHY I,ROSANNA RUFF,11,2026,,,0,,14,,#N/A
2,9/10/24,3,S1,MAT701 / 13,ALGEBRA II A,JENNIFER REILLY,11,2026,,,0,,14,,Yes
2,9/10/24,5,S1,SOC701 / 15,US HISTORY/A,DAVE HAJEK,11,2026,,,0,,14,,#N/A
2,9/10/24,6,S1,VOC502 / 16,FINE ARTS WOODWORKING I,BRENT MANSELL,11,2026,A,4.00 pts,0,,14,,#N/A
2,9/10/24,7,S1,ELE507 / A61,ADVISORY 11/A,AARON LABREE,11,2026,,,0,,14,,#N/A
2,9/10/24,1,S1,SPA601 / 11,SPANISH II A,ROCHELLE AITON,10,2027,,,0,,15,,#N/A
2,9/10/24,2,S1,ENG601 / 12,SOPH ENG/A,KELLY GREGERSEN,10,2027,A,4.00 pts,0,,15,,Yes
2,9/10/24,3,S1,SOC108 / 13,WORLD HISTORY/A,RYAN ISAACSON,10,2027,A,4.00 pts,0,,15,,#N/A
2,9/10/24,5,S1,PED513 / 15,TEAM GAMES,SCOTT DIZMANG,10,2027,,,0,,15,,#N/A
2,9/10/24,6,S1,MAT522 / 36,GEOMETRY A,ROCHELLE AITON,10,2027,,,0,,15,,#N/A
2,9/10/24,7,S1,ELE505 / A80,ADVISORY 10/A,MARCEE SALAS,10,2027,,,0,,15,,#N/A
2,9/10/24,1,S1,SOC108 / 11,WORLD HISTORY/A,DAVID HOLLINGSWORTH,10,2027,A,4.00 pts,0,,17,,#N/A
2,9/10/24,2,S1,ENG601 / 12,SOPH ENG/A,KELLY GREGERSEN,10,2027,,,0,,17,,Yes
2,9/10/24,3,S1,SCI601 / 33,BIOLOGY A,DONNA SCHATZ,10,2027,,,0,,17,,#N/A
2,9/10/24,5,S1,PED513 / 15,TEAM GAMES,SCOTT DIZMANG,10,2027,,,0,,17,,#N/A
2,9/10/24,6,S1,VOC620 / 16,METAL CRAFTS & PRODUCTION I,DONALD O'BRIEN,10,2027,F,0.00 pts,0,,17,,#N/A
2,9/10/24,7,S1,ELE505 / A70,ADVISORY 10/A,JOHN MILLER,10,2027,,,0,,17,,#N/A
2,9/10/24,0,S1,SUPADV / TM,SUPPLEMENTAL  ADVISORY,TIMOTHY MOORE,12,2025,,,0,,18,,#N/A
2,9/10/24,1,S1,PED101 / 11,PHYSICAL EDUCATION,KATHERINE STURDYVIN-SCOBBA,12,2025,,,1,,18,,#N/A
2,9/10/24,2,S1,BUS301 / 12,PERSONAL FINANCE A,NICOLE SIMEK,12,2025,,,0.86,,18,,Yes
2,9/10/24,3,S1,SOC802 / 13,CIVICS,JIM REED,12,2025,,,0.86,,18,,#N/A
2,9/10/24,5,S1,ONT400 / 15,ON-TRACK/A,ROBERT YEE,12,2025,,,0.86,,18,,#N/A
2,9/10/24,6,S1,ENG801 / 16,SENIOR ENG/A,HEATHER CARVER,12,2025,,,0.86,,18,,#N/A
2,9/10/24,7,S1,ELE509 / A72,ADVISORY 12/A,JENNIFER REILLY,12,2025,,,0,,18,,#N/A
2,9/10/24,1,S1,PED500 / 11,WEIGHT TRAINING,SCOTT BOOTHBY,9,2028,A,4.00 pts,0,,2,,#N/A
2,9/10/24,2,S1,ASL501 / 12,AMERICAN SIGN LANGUAGE I/A,KYLA RITCHEY,9,2028,,,0,,2,,#N/A
2,9/10/24,3,S1,MAT520 / 33,ALGEBRA I A,JANET GROVE,9,2028,A,4.00 pts,0,,2,,#N/A
2,9/10/24,5,S1,HFL113 / 15,INTRO CULINARY ART,ALEXANDRA YOST,9,2028,,,0,,2,,#N/A
2,9/10/24,6,S1,ENG501 / 16,FR ENGLISH/A,DAVID HOLLINGSWORTH,9,2028,,,0,,2,,Yes
2,9/10/24,7,S1,ELE503 / AA9,ADVISORY 9/A,NICOLE SIMEK,9,2028,,,0,,2,,#N/A
2,9/10/24,1,S1,CTE114 / 11,ENGINEERING A,JASON BLAESING,11,2026,,,0,,19,,#N/A
2,9/10/24,2,S1,FAR113 / 12,INTRO TO ART AND DESIGN,ROBERT YEE,11,2026,,,0,,19,,#N/A
2,9/10/24,3,S1,FAR605 / 13,INTRO TO THEATRE,KELLY GREGERSEN,11,2026,A,4.00 pts,0,,19,,#N/A
2,9/10/24,5,S1,SOC703 / 15,AP US HISTORY A,RYAN ISAACSON,11,2026,A,4.00 pts,0,,19,,#N/A
2,9/10/24,6,S1,MAT701 / 16,ALGEBRA II A,JASON BLAESING,11,2026,,,0,,19,,Yes
2,9/10/24,7,S1,ELE507 / A31,ADVISORY 11/A,DAVID HOLLINGSWORTH,11,2026,,,0,,19,,#N/A
2,9/10/24,1,S1,ENG601 / 11,SOPH ENG/A,MARCEE SALAS,10,2027,C-,2.00 pts,0,,20,,#N/A
2,9/10/24,2,S1,MAT522 / 32,GEOMETRY A,BRIAN ANDERSON,10,2027,F,0.00 pts,0.14,,20,,#N/A
2,9/10/24,3,S1,VOC620 / 13,METAL CRAFTS & PRODUCTION I,DONALD O'BRIEN,10,2027,F,1.00 pts,0,,20,,#N/A
2,9/10/24,5,S1,CTE100 / 15,MEDICAL CAREERS & TERMINOLOG/A,DONNA SCHATZ,10,2027,,,0,,20,,#N/A
2,9/10/24,6,S1,SOC108 / 36,WORLD HISTORY/A,DAVE HAJEK,10,2027,,,0,,20,,#N/A
2,9/10/24,7,S1,ELE505 / A40,ADVISORY 10/A,DAVID DUARTE,10,2027,,,0,,20,,#N/A
2,9/10/24,1,S1,SOC701 / 11,US HISTORY/A,DAVE HAJEK,11,2026,,,0,,21,,#N/A
2,9/10/24,3,S1,BUS301 / 13,PERSONAL FINANCE A,NICOLE SIMEK,11,2026,,,0,,21,,Yes
2,9/10/24,5,S1,ENG701 / 15,JUNIOR ENG/A,JOHN CARVER,11,2026,A,4.00 pts,0,,21,,Yes
2,9/10/24,2,S1,SCI609 / 12,CHEMISTRY/A,GRANT MERRILL,11,2026,A,4.00 pts,0,,21,,Yes
2,9/10/24,6,S1,PED500 / 16,WEIGHT TRAINING,SCOTT DIZMANG,11,2026,,,0,,21,,#N/A
2,9/10/24,7,S1,ELE507 / A11,ADVISORY 11/A,JAMES BENNETT,11,2026,,,0,,21,,#N/A
2,9/10/24,1,S1,FAR109 / 11,CERAMICS II,ROBERT YEE,11,2026,,,0,,22,,#N/A
2,9/10/24,2,S1,FAR113 / 12,INTRO TO ART AND DESIGN,ROBERT YEE,11,2026,,,0,,22,,#N/A
2,9/10/24,3,S1,MAT701 / 13,ALGEBRA II A,JENNIFER REILLY,11,2026,,,0,,22,,Yes
2,9/10/24,5,S1,SOC701 / 15,US HISTORY/A,DAVE HAJEK,11,2026,,,0,,22,,#N/A
2,9/10/24,6,S1,ENG701 / 16,JUNIOR ENG/A,JOHN CARVER,11,2026,,,0,,22,,#N/A
2,9/10/24,7,S1,ELE507 / A41,ADVISORY 11/A,BRENT MANSELL,11,2026,,,0,,22,,#N/A
2,9/10/24,1,S1,SCI503 / 11,PHYSICAL SCIENCE A,JAMES BENNETT,11,2026,,,0,,23,,#N/A
2,9/10/24,2,S1,BUS301 / 12,PERSONAL FINANCE A,NICOLE SIMEK,11,2026,,,0,,23,,Yes
2,9/10/24,3,S1,ONT400 / 13,ON-TRACK/A,BRIAN ANDERSON,11,2026,,,0,,23,,#N/A
2,9/10/24,6,S1,VOC620 / 16,METAL CRAFTS & PRODUCTION I,DONALD O'BRIEN,11,2026,F,0.00 pts,0,,23,,#N/A
2,9/10/24,7,S1,ELE507 / A11,ADVISORY 11/A,JAMES BENNETT,11,2026,,,0,,23,,#N/A
2,9/10/24,5,S1,ENG701 / 15,JUNIOR ENG/A,JOHN CARVER,11,2026,,,0,,23,,Yes
2,9/10/24,1,S1,RUN101 / 11,RUNNING START/A,,12,2025,,,0,,24,,#N/A
2,9/10/24,2,S1,RUN101 / 12,RUNNING START/A,,12,2025,,,0,,24,,#N/A
2,9/10/24,3,S1,CTE120 / 13,CYBER SECURITY I,ROSANNA RUFF,12,2025,,,1,,24,,#N/A
2,9/10/24,5,S1,SOC802 / 15,CIVICS,SCOTT BOOTHBY,12,2025,A,4.00 pts,1,,24,,#N/A
2,9/10/24,6,S1,RUN101 / 16,RUNNING START/A,,12,2025,,,0,,24,,#N/A
2,9/10/24,1,S1,PED513 / 11,TEAM GAMES,SCOTT DIZMANG,9,2028,,,0,,25,,#N/A
2,9/10/24,2,S1,HFL114 / 12,FAMILY HEALTH,MICHAEL ISOTALO,9,2028,,,0,,25,,#N/A
2,9/10/24,3,S1,SCI503 / 33,PHYSICAL SCIENCE A,WILLIAM BAUR,9,2028,,,0,,25,,#N/A
2,9/10/24,5,S1,MAT520 / 15,ALGEBRA I A,KEVIN REILLY,9,2028,,,0,,25,,#N/A
2,9/10/24,6,S1,ENG501 / 16,FR ENGLISH/A,DAVID HOLLINGSWORTH,9,2028,A,4.00 pts,0,,25,,Yes
2,9/10/24,7,S1,ELE503 / A19,ADVISORY 9/A,ANGELINA MERRILL,9,2028,,,0,,25,,#N/A
2,9/10/24,1,S1,SCI503 / 11,PHYSICAL SCIENCE A,JAMES BENNETT,11,2026,,,0.14,,26,,#N/A
2,9/10/24,2,S1,VOC705 / 12,DIGITAL PHOTOGRAPHY I,ROSANNA RUFF,11,2026,,,0,,26,,#N/A
2,9/10/24,3,S1,ONT400 / 13,ON-TRACK/A,BRIAN ANDERSON,11,2026,,,0,,26,,#N/A
2,9/10/24,5,S1,BUS301 / 15,PERSONAL FINANCE A,NICOLE SIMEK,11,2026,,,0,,26,,#N/A
2,9/10/24,6,S1,ENG701 / 16,JUNIOR ENG/A,JOHN CARVER,11,2026,,,0,,26,,#N/A
2,9/10/24,7,S1,ELE507 / A21,ADVISORY 11/A,HEATHER CARVER,11,2026,,,0,,26,,#N/A
2,9/10/24,2,S1,BUS301 / 12,PERSONAL FINANCE A,NICOLE SIMEK,12,2025,,,0,,27,,Yes
2,9/10/24,1,S1,ASL505 / 11,AMER SIGN III/A,TAMI GRANT,11,2026,,,0.43,,29,,#N/A
2,9/10/24,2,S1,SCI503 / 32,PHYSICAL SCIENCE A,WILLIAM BAUR,11,2026,,,0.43,,29,,#N/A
2,9/10/24,3,S1,ENG719 / 13,AP LANGUAGE/COMPOSITION A,HEATHER CARVER,11,2026,A,4.00 pts,0.43,,29,,#N/A
2,9/10/24,5,S1,CTE501 / 15,PROJECT IN LEADERSHIP/A,KYLA RITCHEY,11,2026,,,0,,29,,#N/A
2,9/10/24,7,S1,ELE507 / A71,ADVISORY 11/A,KEVIN REILLY,11,2026,,,0,,29,,#N/A
2,9/10/24,6,S1,SOC701 / 16,US HISTORY/A,SCOTT BOOTHBY,11,2026,C-,2.00 pts,0.43,,29,,Yes
2,9/10/24,1,S1,PED500 / 11,WEIGHT TRAINING,SCOTT BOOTHBY,12,2025,A,4.00 pts,0,,27,,#N/A
2,9/10/24,3,S1,ONT400 / 13,ON-TRACK/A,BRIAN ANDERSON,12,2025,,,0,,27,,#N/A
2,9/10/24,5,S1,CTE100 / 15,MEDICAL CAREERS & TERMINOLOG/A,DONNA SCHATZ,12,2025,,,0,,27,,#N/A
2,9/10/24,6,S1,ENG801 / 16,SENIOR ENG/A,HEATHER CARVER,12,2025,,,0,,27,,#N/A
2,9/10/24,7,S1,ELE509 / A42,ADVISORY 12/A,TAMI GRANT,12,2025,,,0,,27,,#N/A
2,9/10/24,1,S1,ENG601 / 11,SOPH ENG/A,MARCEE SALAS,10,2027,C-,2.00 pts,0,,28,,#N/A
2,9/10/24,2,S1,SCI601 / 32,BIOLOGY A,DONNA SCHATZ,10,2027,,,0,,28,,#N/A
2,9/10/24,3,S1,ASL501 / 13,AMERICAN SIGN LANGUAGE I/A,KYLA RITCHEY,10,2027,,,0,,28,,#N/A
2,9/10/24,5,S1,CTE222 / 15,MUSIC PROD IA,DAVID DUARTE,10,2027,,,0,,28,,#N/A
2,9/10/24,6,S1,SOC108 / 16,WORLD HISTORY/A,RYAN ISAACSON,10,2027,A,4.00 pts,0,,28,,#N/A
2,9/10/24,7,S1,ELE505 / A50,ADVISORY 10/A,JANET GROVE,10,2027,,,0,,28,,#N/A
2,9/10/24,1,S1,PED513 / 11,TEAM GAMES,SCOTT DIZMANG,12,2025,,,0.14,,30,,#N/A
2,9/10/24,2,S1,ASL503 / 12,AMERICAN SIGN LANGUAGE II/A,TAMI GRANT,12,2025,,,0,,30,,#N/A
2,9/10/24,3,S1,BUS301 / 13,PERSONAL FINANCE A,NICOLE SIMEK,12,2025,,,0,,30,,Yes
2,9/10/24,5,S1,VOC106 / 15,METAL MANUFACTURING & TECH I,DONALD O'BRIEN,12,2025,C-,2.00 pts,0,,30,,#N/A
2,9/10/24,6,S1,ENG801 / 16,SENIOR ENG/A,HEATHER CARVER,12,2025,,,0.14,,30,,#N/A
2,9/10/24,7,S1,ELE509 / A22,ADVISORY 12/A,SCOTT BOOTHBY,12,2025,,,0,,30,,#N/A
2,9/10/24,1,S1,PED513 / 11,TEAM GAMES,SCOTT DIZMANG,11,2026,,,1.86,,31,,#N/A
2,9/10/24,2,S1,MAT520 / 12,ALGEBRA I A,KEVIN REILLY,11,2026,,,1.86,,31,,#N/A
2,9/10/24,3,S1,SOC701 / 13,US HISTORY/A,DAVE HAJEK,11,2026,,,1.86,,31,,#N/A
2,9/10/24,5,S1,ENG701 / 15,JUNIOR ENG/A,JOHN CARVER,11,2026,,,1.86,,31,,Yes
2,9/10/24,6,S1,FAR108 / 16,CERAMICS I,ROBERT YEE,11,2026,,,1.86,,31,,#N/A
2,9/10/24,7,S1,ELE507 / A61,ADVISORY 11/A,AARON LABREE,11,2026,,,1,,31,,#N/A
2,9/10/24,1,S1,FAR108 / 11,CERAMICS I,ROBERT YEE,10,2027,,,0,,32,,#N/A
2,9/10/24,2,S1,SOC108 / 12,WORLD HISTORY/A,DAVID HOLLINGSWORTH,10,2027,A,4.00 pts,0,,32,,#N/A
2,9/10/24,3,S1,SCI601 / 33,BIOLOGY A,DONNA SCHATZ,10,2027,,,0,,32,,#N/A
2,9/10/24,5,S1,ASL503 / 15,AMERICAN SIGN LANGUAGE II/A,TAMI GRANT,10,2027,,,0,,32,,#N/A
2,9/10/24,6,S1,ENG601 / 16,SOPH ENG/A,MARCEE SALAS,10,2027,B,3.00 pts,0,,32,,#N/A
2,9/10/24,7,S1,ELE505 / A50,ADVISORY 10/A,JANET GROVE,10,2027,,,0,,32,,#N/A
2,9/10/24,1,S1,VOC705 / 11,DIGITAL PHOTOGRAPHY I,ROSANNA RUFF,10,2027,,,0,,33,,#N/A
2,9/10/24,5,S1,ENG601 / 15,SOPH ENG/A,MARCEE SALAS,10,2027,A,4.00 pts,0,,33,,Yes
2,9/10/24,3,S1,ASL501 / 13,AMERICAN SIGN LANGUAGE I/A,KYLA RITCHEY,10,2027,,,0,,33,,#N/A
2,9/10/24,2,S1,MAT522 / 12,GEOMETRY A,ROCHELLE AITON,10,2027,,,0,,33,,Yes
2,9/10/24,6,S1,SCI601 / 36,BIOLOGY A,WILLIAM BAUR,10,2027,,,0,,33,,Yes
2,9/10/24,7,S1,ELE505 / A90,ADVISORY 10/A,MICHAEL WAREHAM,10,2027,,,0,,33,,#N/A
2,9/10/24,1,S1,VOC106 / 11,METAL MANUFACTURING & TECH I,DONALD O'BRIEN,10,2027,F,1.00 pts,0.57,,34,,#N/A
2,9/10/24,2,S1,ENG601 / 12,SOPH ENG/A,KELLY GREGERSEN,10,2027,,,0,,34,,Yes
2,9/10/24,3,S1,SCI601 / 13,BIOLOGY A,GRANT MERRILL,10,2027,B+,3.33 pts,0,,34,,Yes
2,9/10/24,5,S1,VOC503 / 15,FINE ARTS WOODS II,BRENT MANSELL,10,2027,F,0.00 pts,0.43,,34,,#N/A
2,9/10/24,6,S1,SOC108 / 16,WORLD HISTORY/A,RYAN ISAACSON,10,2027,F,0.00 pts,0.43,,34,,#N/A
2,9/10/24,7,S1,ELE505 / A60,ADVISORY 10/A,GRANT MERRILL,10,2027,,,0,,34,,#N/A
2,9/10/24,1,S1,ENG801 / 11,SENIOR ENG/A,HEATHER CARVER,12,2025,,,0,,35,,#N/A
2,9/10/24,2,S1,SCI609 / 12,CHEMISTRY/A,GRANT MERRILL,12,2025,F,0.00 pts,0,,35,,Yes
2,9/10/24,3,S1,SOC802 / 13,CIVICS,JIM REED,12,2025,,,0,,35,,#N/A
2,9/10/24,5,S1,ONT400 / 15,ON-TRACK/A,ROBERT YEE,12,2025,,,0,,35,,#N/A
2,9/10/24,6,S1,FAR111 / 16,CERAMICS IV,ROBERT YEE,12,2025,,,0,,35,,#N/A
2,9/10/24,7,S1,ELE509 / A62,ADVISORY 12/A,RYAN ISAACSON,12,2025,,,0,,35,,#N/A
2,9/10/24,1,S1,CTE114 / 11,ENGINEERING A,JASON BLAESING,11,2026,,,7.43,,36,,#N/A
2,9/10/24,2,S1,MAT701 / 12,ALGEBRA II A,JASON BLAESING,11,2026,,,7.43,,36,,Yes
2,9/10/24,3,S1,PED500 / 13,WEIGHT TRAINING,SCOTT BOOTHBY,11,2026,A,4.00 pts,7.43,,36,,#N/A
2,9/10/24,5,S1,SOC701 / 15,US HISTORY/A,DAVE HAJEK,11,2026,,,7,,36,,#N/A
2,9/10/24,6,S1,FAR542 / 16,WIND ENSEMB/A,DAVID DUARTE,11,2026,,,7,,36,,#N/A
2,9/10/24,7,S1,ELE507 / A41,ADVISORY 11/A,BRENT MANSELL,11,2026,,,7,,36,,#N/A
2,9/10/24,1,S1,VOC502 / 11,FINE ARTS WOODWORKING I,BRENT MANSELL,11,2026,F,0.00 pts,0,,37,,#N/A
2,9/10/24,2,S1,SCI503 / 12,PHYSICAL SCIENCE A,JAMES BENNETT,11,2026,,,0,,37,,#N/A
2,9/10/24,3,S1,ONT400 / 13,ON-TRACK/A,BRIAN ANDERSON,11,2026,,,0,,37,,#N/A
2,9/10/24,5,S1,BUS301 / 15,PERSONAL FINANCE A,NICOLE SIMEK,11,2026,,,0,,37,,#N/A
2,9/10/24,6,S1,SOC701 / 16,US HISTORY/A,SCOTT BOOTHBY,11,2026,F,0.00 pts,0,,37,,Yes
2,9/10/24,7,S1,ELE507 / A21,ADVISORY 11/A,HEATHER CARVER,11,2026,,,0,,37,,#N/A
2,9/10/24,1,S1,VOC502 / 11,FINE ARTS WOODWORKING I,BRENT MANSELL,10,2027,F,0.00 pts,0,,38,,#N/A
2,9/10/24,2,S1,SCI601 / 32,BIOLOGY A,DONNA SCHATZ,10,2027,,,0,,38,,#N/A
2,9/10/24,5,S1,ENG601 / 15,SOPH ENG/A,MARCEE SALAS,10,2027,A,4.00 pts,0,,38,,Yes
2,9/10/24,3,S1,MAT522 / 13,GEOMETRY A,ROCHELLE AITON,10,2027,,,0,,38,,Yes
2,9/10/24,6,S1,SOC108 / 36,WORLD HISTORY/A,DAVE HAJEK,10,2027,,,0,,38,,#N/A
2,9/10/24,7,S1,ELE505 / A70,ADVISORY 10/A,JOHN MILLER,10,2027,,,0,,38,,#N/A
2,9/10/24,1,S1,VOC106 / 11,METAL MANUFACTURING & TECH I,DONALD O'BRIEN,10,2027,F,0.00 pts,0,,39,,#N/A
2,9/10/24,2,S1,SOC108 / 12,WORLD HISTORY/A,DAVID HOLLINGSWORTH,10,2027,A,4.00 pts,0,,39,,#N/A
2,9/10/24,5,S1,ENG601 / 15,SOPH ENG/A,MARCEE SALAS,10,2027,A,4.00 pts,0,,39,,Yes
2,9/10/24,3,S1,MAT522 / 13,GEOMETRY A,ROCHELLE AITON,10,2027,,,0,,39,,Yes
2,9/10/24,6,S1,SCI601 / 36,BIOLOGY A,WILLIAM BAUR,10,2027,,,0,,39,,Yes
2,9/10/24,7,S1,ELE505 / A20,ADVISORY 10/A,ROCHELLE AITON,10,2027,,,0,,39,,#N/A
2,9/10/24,1,S1,ENG701 / 11,JUNIOR ENG/A,JOHN CARVER,11,2026,A,4.00 pts,0,,40,,#N/A
2,9/10/24,2,S1,MAT701 / 12,ALGEBRA II A,JASON BLAESING,11,2026,,,0,,40,,Yes
2,9/10/24,3,S1,PED500 / 13,WEIGHT TRAINING,SCOTT BOOTHBY,11,2026,A,4.00 pts,0,,40,,#N/A
2,9/10/24,5,S1,SPA601 / 15,SPANISH II A,ROCHELLE AITON,11,2026,,,0,,40,,#N/A
2,9/10/24,6,S1,SOC701 / 16,US HISTORY/A,SCOTT BOOTHBY,11,2026,B,3.00 pts,0,,40,,Yes
2,9/10/24,7,S1,ELE507 / A31,ADVISORY 11/A,DAVID HOLLINGSWORTH,11,2026,,,0,,40,,#N/A
2,9/10/24,1,S1,SOC701 / 11,US HISTORY/A,DAVE HAJEK,11,2026,,,0,,47,,#N/A
2,9/10/24,2,S1,SCI609 / 12,CHEMISTRY/A,GRANT MERRILL,11,2026,A,4.00 pts,0,,47,,Yes
2,9/10/24,3,S1,ASL503 / 13,AMERICAN SIGN LANGUAGE II/A,TAMI GRANT,11,2026,,,0,,47,,#N/A
2,9/10/24,5,S1,MAT701 / 35,ALGEBRA II A,JENNIFER REILLY,11,2026,,,0,,47,,#N/A
2,9/10/24,6,S1,ENG701 / 16,JUNIOR ENG/A,JOHN CARVER,11,2026,,,0,,47,,#N/A
2,9/10/24,7,S1,ELE507 / A91,ADVISORY 11/A,DONNA SCHATZ,11,2026,,,0,,47,,#N/A
2,9/10/24,1,S1,ENG701 / 11,JUNIOR ENG/A,JOHN CARVER,11,2026,C-,2.00 pts,0,,41,,#N/A
2,9/10/24,2,S1,HFL116 / 12,BAKING PASTRY ARTS I,KAYLA PAYNE,11,2026,,,0,,41,,#N/A
2,9/10/24,3,S1,SCI503 / 33,PHYSICAL SCIENCE A,WILLIAM BAUR,11,2026,,,0,,41,,#N/A
2,9/10/24,5,S1,ASL503 / 15,AMERICAN SIGN LANGUAGE II/A,TAMI GRANT,11,2026,,,0,,41,,#N/A
2,9/10/24,6,S1,MAT701 / 16,ALGEBRA II A,JASON BLAESING,11,2026,,,0,,41,,Yes
2,9/10/24,7,S1,ELE507 / A31,ADVISORY 11/A,DAVID HOLLINGSWORTH,11,2026,,,0,,41,,#N/A
2,9/10/24,1,S1,FAR606 / 11,ADVANCED ACTING/ A,KELLY GREGERSEN,12,2025,A,4.00 pts,0,,42,,#N/A
2,9/10/24,2,S1,SCI609 / 12,CHEMISTRY/A,GRANT MERRILL,12,2025,F,0.00 pts,0,,42,,Yes
2,9/10/24,3,S1,ENG801 / 13,SENIOR ENG/A,JOHN CARVER,12,2025,,,0,,42,,#N/A
2,9/10/24,5,S1,BUS301 / 15,PERSONAL FINANCE A,NICOLE SIMEK,12,2025,,,0,,42,,#N/A
2,9/10/24,6,S1,FAR542 / 16,WIND ENSEMB/A,DAVID DUARTE,12,2025,,,0,,42,,#N/A
2,9/10/24,7,S1,ELE509 / A82,ADVISORY 12/A,ALEXANDRA YOST,12,2025,,,0,,42,,#N/A
2,9/10/24,1,S1,ENG701 / 11,JUNIOR ENG/A,JOHN CARVER,11,2026,A,4.00 pts,0,,43,,#N/A
2,9/10/24,2,S1,SCI503 / 12,PHYSICAL SCIENCE A,JAMES BENNETT,11,2026,,,0,,43,,#N/A
2,9/10/24,3,S1,ASL503 / 13,AMERICAN SIGN LANGUAGE II/A,TAMI GRANT,11,2026,,,0,,43,,#N/A
2,9/10/24,5,S1,SOC105 / 15,AP PSYCHOLOGY A,JIM REED,11,2026,,,0,,43,,#N/A
2,9/10/24,6,S1,MAT701 / 16,ALGEBRA II A,JASON BLAESING,11,2026,,,0,,43,,Yes
2,9/10/24,7,S1,ELE507 / A41,ADVISORY 11/A,BRENT MANSELL,11,2026,,,0,,43,,#N/A
2,9/10/24,5,S1,ENG601 / 15,SOPH ENG/A,MARCEE SALAS,10,2027,F,0.00 pts,3,,44,,Yes
2,9/10/24,2,S1,HFL116 / 12,BAKING PASTRY ARTS I,KAYLA PAYNE,10,2027,,,0,,44,,#N/A
2,9/10/24,2,S1,SCI601 / 32,BIOLOGY A,DONNA SCHATZ,10,2027,,,1.86,,44,,#N/A
2,9/10/24,3,S1,HFL116 / 13,BAKING PASTRY ARTS I,KAYLA PAYNE,10,2027,,,2.57,,44,,#N/A
2,9/10/24,3,S1,SCI601 / 33,BIOLOGY A,DONNA SCHATZ,10,2027,,,0,,44,,#N/A
2,9/10/24,1,S1,MAT522 / 11,GEOMETRY A,ROCHELLE AITON,10,2027,,,1.86,,44,,Yes
2,9/10/24,6,S1,SOC108 / 16,WORLD HISTORY/A,RYAN ISAACSON,10,2027,F,0.00 pts,3,,44,,#N/A
2,9/10/24,7,S1,ELE505 / A30,ADVISORY 10/A,WILLIAM BAUR,10,2027,,,1.71,,44,,#N/A
2,9/10/24,1,S1,VOC705 / 11,DIGITAL PHOTOGRAPHY I,ROSANNA RUFF,11,2026,,,0,,45,,#N/A
2,9/10/24,6,S1,MAT701 / 16,ALGEBRA II A,JASON BLAESING,11,2026,,,0,,45,,Yes
2,9/10/24,3,S1,ENG719 / 13,AP LANGUAGE/COMPOSITION A,HEATHER CARVER,11,2026,A,4.00 pts,0,,45,,#N/A
2,9/10/24,5,S1,SOC703 / 15,AP US HISTORY A,RYAN ISAACSON,11,2026,A,4.00 pts,0,,45,,#N/A
2,9/10/24,2,S1,SCI609 / 12,CHEMISTRY/A,GRANT MERRILL,11,2026,F,0.00 pts,0,,45,,Yes
2,9/10/24,7,S1,ELE507 / A81,ADVISORY 11/A,ROSANNA RUFF,11,2026,,,0,,45,,#N/A
2,9/10/24,2,S1,ENG601 / 12,SOPH ENG/A,KELLY GREGERSEN,10,2027,A,4.00 pts,0,,48,,Yes
2,9/10/24,5,S1,MAT522 / 15,GEOMETRY A,BRIAN ANDERSON,10,2027,,,0,,48,,Yes
2,9/10/24,3,S1,SCI601 / 13,BIOLOGY A,GRANT MERRILL,10,2027,A,4.00 pts,0,,48,,Yes
3,9/17/24,2,S1,ENG601 / 12,SOPH ENG/A,KELLY GREGERSEN,10,2027,F,0.43 pts,0,,48,,Yes
3,9/17/24,3,S1,SCI601 / 13,BIOLOGY A,GRANT MERRILL,10,2027,F,1.11 pts,0,,48,,Yes
3,9/17/24,5,S1,MAT522 / 15,GEOMETRY A,BRIAN ANDERSON,10,2027,F,1.33 pts,0,,48,,Yes
4,9/24/24,2,S1,ENG601 / 12,SOPH ENG/A,KELLY GREGERSEN,10,2027,F,1.60 pts,3,,48,,Yes
4,9/24/24,3,S1,SCI601 / 13,BIOLOGY A,GRANT MERRILL,10,2027,F,1.09 pts,3,,48,,Yes
4,9/24/24,5,S1,MAT522 / 15,GEOMETRY A,BRIAN ANDERSON,10,2027,A,3.83 pts,3,,48,,Yes
5,10/1/24,2,S1,ENG601 / 12,SOPH ENG/A,KELLY GREGERSEN,10,2027,F,1.60 pts,5.71,,48,,Yes
5,10/1/24,3,S1,SCI601 / 13,BIOLOGY A,GRANT MERRILL,10,2027,F,1.07 pts,5.71,,48,,Yes
5,10/1/24,5,S1,MAT522 / 15,GEOMETRY A,BRIAN ANDERSON,10,2027,A,3.65 pts,5.71,,48,,Yes
6,10/8/24,2,S1,ENG601 / 12,SOPH ENG/A,KELLY GREGERSEN,10,2027,F,0.85 pts,7,,48,,Yes
6,10/8/24,3,S1,SCI601 / 13,BIOLOGY A,GRANT MERRILL,10,2027,F,1.08 pts,7,,48,,Yes
6,10/8/24,5,S1,MAT522 / 15,GEOMETRY A,BRIAN ANDERSON,10,2027,C,2.39 pts,7,,48,,Yes
7,10/16/24,2,S1,ENG601 / 12,SOPH ENG/A,KELLY GREGERSEN,10,2027,F,0.85 pts,7,,48,,Yes
7,10/16/24,3,S1,SCI601 / 13,BIOLOGY A,GRANT MERRILL,10,2027,F,1.10 pts,7,,48,,Yes
7,10/16/24,5,S1,MAT522 / 15,GEOMETRY A,BRIAN ANDERSON,10,2027,C,2.39 pts,7,,48,,Yes
8,10/22/24,2,S1,ENG601 / 12,SOPH ENG/A,KELLY GREGERSEN,10,2027,F,1.20 pts,7,,48,,Yes
8,10/22/24,3,S1,SCI601 / 13,BIOLOGY A,GRANT MERRILL,10,2027,F,0.94 pts,7,,48,,Yes
8,10/22/24,5,S1,MAT522 / 15,GEOMETRY A,BRIAN ANDERSON,10,2027,C,2.40 pts,7,,48,,Yes
9,10/29/24,2,S1,ENG601 / 12,SOPH ENG/A,KELLY GREGERSEN,10,2027,F,1.20 pts,7,,48,,Yes
9,10/29/24,3,S1,SCI601 / 13,BIOLOGY A,GRANT MERRILL,10,2027,C-,2.04 pts,7,,48,,Yes
9,10/29/24,5,S1,MAT522 / 15,GEOMETRY A,BRIAN ANDERSON,10,2027,C,2.46 pts,7,,48,,Yes
10,11/5/24,2,S1,ENG601 / 12,SOPH ENG/A,KELLY GREGERSEN,10,2027,F,1.20 pts,7,,48,,Yes
10,11/5/24,3,S1,SCI601 / 13,BIOLOGY A,GRANT MERRILL,10,2027,C-,2.02 pts,7,,48,,Yes
10,11/5/24,5,S1,MAT522 / 15,GEOMETRY A,BRIAN ANDERSON,10,2027,C,2.47 pts,7,,48,,Yes
2,9/10/24,6,S1,MAT701 / 16,ALGEBRA II A,JASON BLAESING,12,2025,,,0,,49,,Yes
3,9/17/24,6,S1,MAT701 / 16,ALGEBRA II A,JASON BLAESING,12,2025,C+,2.67 pts,0,,49,,Yes
4,9/24/24,6,S1,MAT701 / 16,ALGEBRA II A,JASON BLAESING,12,2025,F,1.17 pts,1,,49,,Yes
5,10/1/24,6,S1,MAT701 / 16,ALGEBRA II A,JASON BLAESING,12,2025,F,1.13 pts,1,,49,,Yes
6,10/8/24,6,S1,MAT701 / 16,ALGEBRA II A,JASON BLAESING,12,2025,F,1.60 pts,2.14,,49,,Yes
7,10/16/24,6,S1,MAT701 / 16,ALGEBRA II A,JASON BLAESING,12,2025,C,2.36 pts,2.14,,49,,Yes
8,10/22/24,6,S1,MAT701 / 16,ALGEBRA II A,JASON BLAESING,12,2025,C,2.39 pts,2.14,,49,,Yes
9,10/29/24,6,S1,MAT701 / 16,ALGEBRA II A,JASON BLAESING,12,2025,C+,2.55 pts,2.29,,49,,Yes
10,11/5/24,6,S1,MAT701 / 16,ALGEBRA II A,JASON BLAESING,12,2025,C+,2.54 pts,2.29,,49,,Yes
2,9/10/24,6,S1,MAT701 / 16,ALGEBRA II A,JASON BLAESING,11,2026,,,0,,50,,Yes
3,9/17/24,6,S1,MAT701 / 16,ALGEBRA II A,JASON BLAESING,11,2026,A,4.00 pts,0,,50,,Yes
4,9/24/24,6,S1,MAT701 / 16,ALGEBRA II A,JASON BLAESING,11,2026,B,3.06 pts,0,,50,,Yes
5,10/1/24,6,S1,MAT701 / 16,ALGEBRA II A,JASON BLAESING,11,2026,B,3.05 pts,0,,50,,Yes
6,10/8/24,6,S1,MAT701 / 16,ALGEBRA II A,JASON BLAESING,11,2026,A-,3.50 pts,0,,50,,Yes
7,10/16/24,6,S1,MAT701 / 16,ALGEBRA II A,JASON BLAESING,11,2026,B,3.01 pts,0,,50,,Yes
8,10/22/24,6,S1,MAT701 / 16,ALGEBRA II A,JASON BLAESING,11,2026,B,3.02 pts,0,,50,,Yes
9,10/29/24,6,S1,MAT701 / 16,ALGEBRA II A,JASON BLAESING,11,2026,B-,2.80 pts,0,,50,,Yes
10,11/5/24,6,S1,MAT701 / 16,ALGEBRA II A,JASON BLAESING,11,2026,B-,2.78 pts,1.5,,50,,Yes
2,9/10/24,1,S1,MAT704 / 11,PRE-CALC A MAT 153,BRIAN ANDERSON,12,2025,,,0,,51,,Yes
3,9/17/24,1,S1,MAT704 / 11,PRE-CALC A MAT 153,BRIAN ANDERSON,12,2025,,,0,,51,,Yes
4,9/24/24,1,S1,MAT704 / 11,PRE-CALC A MAT 153,BRIAN ANDERSON,12,2025,F,0.95 pts,0,,51,,Yes
5,10/1/24,1,S1,MAT704 / 11,PRE-CALC A MAT 153,BRIAN ANDERSON,12,2025,F,0.95 pts,0,,51,,Yes
6,10/8/24,1,S1,MAT704 / 11,PRE-CALC A MAT 153,BRIAN ANDERSON,12,2025,F,0.95 pts,0,,51,,Yes
7,10/16/24,1,S1,MAT704 / 11,PRE-CALC A MAT 153,BRIAN ANDERSON,12,2025,F,0.95 pts,0,,51,,Yes
8,10/22/24,1,S1,MAT704 / 11,PRE-CALC A MAT 153,BRIAN ANDERSON,12,2025,F,1.04 pts,0,,51,,Yes
9,10/29/24,1,S1,MAT704 / 11,PRE-CALC A MAT 153,BRIAN ANDERSON,12,2025,F,1.02 pts,0,,51,,Yes
10,11/5/24,1,S1,MAT704 / 11,PRE-CALC A MAT 153,BRIAN ANDERSON,12,2025,F,1.33 pts,0,,51,,Yes
2,9/10/24,2,S1,ENG601 / 12,SOPH ENG/A,KELLY GREGERSEN,10,2027,,,0,,52,,Yes
3,9/17/24,2,S1,ENG601 / 12,SOPH ENG/A,KELLY GREGERSEN,10,2027,B,3.02 pts,0,,52,,Yes
3,9/17/24,4,S1,MAT522 / 14,GEOMETRY A,ROCHELLE AITON,10,2027,,,1.71,,52,,Yes
4,9/24/24,2,S1,ENG601 / 12,SOPH ENG/A,KELLY GREGERSEN,10,2027,B,3.04 pts,0,,52,,Yes
4,9/24/24,4,S1,MAT522 / 14,GEOMETRY A,ROCHELLE AITON,10,2027,C-,2.05 pts,1.71,,52,,Yes
5,10/1/24,2,S1,ENG601 / 12,SOPH ENG/A,KELLY GREGERSEN,10,2027,B,3.04 pts,2.29,,52,,Yes
5,10/1/24,4,S1,MAT522 / 14,GEOMETRY A,ROCHELLE AITON,10,2027,C-,2.05 pts,2.71,,52,,Yes
6,10/8/24,2,S1,ENG601 / 12,SOPH ENG/A,KELLY GREGERSEN,10,2027,C,2.33 pts,4.14,,52,,Yes
6,10/8/24,4,S1,MAT522 / 14,GEOMETRY A,ROCHELLE AITON,10,2027,F,1.05 pts,4.14,,52,,Yes
7,10/16/24,2,S1,ENG601 / 12,SOPH ENG/A,KELLY GREGERSEN,10,2027,C,2.35 pts,4.29,,52,,Yes
7,10/16/24,4,S1,MAT522 / 14,GEOMETRY A,ROCHELLE AITON,10,2027,F,1.05 pts,4.57,,52,,Yes
8,10/22/24,2,S1,ENG601 / 12,SOPH ENG/A,KELLY GREGERSEN,10,2027,F,1.15 pts,4.71,,52,,Yes
8,10/22/24,4,S1,MAT522 / 14,GEOMETRY A,ROCHELLE AITON,10,2027,F,1.05 pts,4.57,,52,,Yes
8,10/22/24,4,S1,MAT522 / 14,GEOMETRY A,NINETTE LILIENTHAL,10,2027,F,1.05 pts,4.57,,52,,Yes
9,10/29/24,2,S1,ENG601 / 12,SOPH ENG/A,KELLY GREGERSEN,10,2027,F,1.15 pts,5.29,,52,,Yes
9,10/29/24,4,S1,MAT522 / 14,GEOMETRY A,ROCHELLE AITON,10,2027,D,1.68 pts,4.57,,52,,Yes
9,10/29/24,4,S1,MAT522 / 14,GEOMETRY A,NINETTE LILIENTHAL,10,2027,D,1.68 pts,4.57,,52,,Yes
10,11/5/24,2,S1,ENG601 / 12,SOPH ENG/A,KELLY GREGERSEN,10,2027,F,1.15 pts,6.14,,52,,Yes
10,11/5/24,4,S1,MAT522 / 14,GEOMETRY A,ROCHELLE AITON,10,2027,D,1.68 pts,5.43,,52,,Yes
10,11/5/24,4,S1,MAT522 / 14,GEOMETRY A,NINETTE LILIENTHAL,10,2027,D,1.68 pts,5.43,,52,,Yes
2,9/10/24,1,S1,MAT522 / 11,GEOMETRY A,ROCHELLE AITON,10,2027,,,0,,53,,Yes
3,9/17/24,1,S1,MAT522 / 11,GEOMETRY A,ROCHELLE AITON,10,2027,D+,1.95 pts,1,,53,,Yes
3,9/17/24,4,S1,SCI601 / 14,BIOLOGY A,GRANT MERRILL,10,2027,F,1.20 pts,1,,53,,Yes
4,9/24/24,1,S1,MAT522 / 11,GEOMETRY A,ROCHELLE AITON,10,2027,D+,1.95 pts,1.14,,53,,Yes
4,9/24/24,4,S1,SCI601 / 14,BIOLOGY A,GRANT MERRILL,10,2027,C-,2.09 pts,1,,53,,Yes
5,10/1/24,1,S1,MAT522 / 11,GEOMETRY A,ROCHELLE AITON,10,2027,D+,1.95 pts,2.14,,53,,Yes
5,10/1/24,4,S1,SCI601 / 14,BIOLOGY A,GRANT MERRILL,10,2027,C-,2.05 pts,2,,53,,Yes
6,10/8/24,1,S1,MAT522 / 11,GEOMETRY A,ROCHELLE AITON,10,2027,F,0.95 pts,4.43,,53,,Yes
6,10/8/24,4,S1,SCI601 / 14,BIOLOGY A,GRANT MERRILL,10,2027,C-,2.03 pts,4.29,,53,,Yes
7,10/16/24,1,S1,MAT522 / 11,GEOMETRY A,ROCHELLE AITON,10,2027,F,0.95 pts,5.43,,53,,Yes
7,10/16/24,4,S1,SCI601 / 14,BIOLOGY A,GRANT MERRILL,10,2027,C-,2.03 pts,5.29,,53,,Yes
8,10/22/24,1,S1,MAT522 / 11,GEOMETRY A,ROCHELLE AITON,10,2027,D+,1.86 pts,5.43,,53,,Yes
8,10/22/24,1,S1,MAT522 / 11,GEOMETRY A,NINETTE LILIENTHAL,10,2027,D+,1.86 pts,5.43,,53,,Yes
8,10/22/24,4,S1,SCI601 / 14,BIOLOGY A,GRANT MERRILL,10,2027,F,1.07 pts,5.29,,53,,Yes
9,10/29/24,1,S1,MAT522 / 11,GEOMETRY A,ROCHELLE AITON,10,2027,D+,1.90 pts,6.43,,53,,Yes
9,10/29/24,1,S1,MAT522 / 11,GEOMETRY A,NINETTE LILIENTHAL,10,2027,D+,1.90 pts,6.43,,53,,Yes
9,10/29/24,4,S1,SCI601 / 14,BIOLOGY A,GRANT MERRILL,10,2027,F,1.07 pts,6.29,,53,,Yes
10,11/5/24,1,S1,MAT522 / 11,GEOMETRY A,ROCHELLE AITON,10,2027,D+,1.90 pts,7.29,,53,,Yes
10,11/5/24,1,S1,MAT522 / 11,GEOMETRY A,NINETTE LILIENTHAL,10,2027,D+,1.90 pts,7.29,,53,,Yes
10,11/5/24,4,S1,SCI601 / 14,BIOLOGY A,GRANT MERRILL,10,2027,F,1.07 pts,7.14,,53,,Yes
2,9/10/24,6,S1,MAT701 / 16,ALGEBRA II A,JASON BLAESING,10,2027,,,0,,54,,Yes
3,9/17/24,6,S1,MAT701 / 16,ALGEBRA II A,JASON BLAESING,10,2027,A,4.00 pts,0,,54,,Yes
4,9/24/24,6,S1,MAT701 / 16,ALGEBRA II A,JASON BLAESING,10,2027,A,4.00 pts,0.14,,54,,Yes
5,10/1/24,6,S1,MAT701 / 16,ALGEBRA II A,JASON BLAESING,10,2027,A,4.00 pts,0.14,,54,,Yes
6,10/8/24,6,S1,MAT701 / 16,ALGEBRA II A,JASON BLAESING,10,2027,A,4.00 pts,0.14,,54,,Yes
7,10/16/24,6,S1,MAT701 / 16,ALGEBRA II A,JASON BLAESING,10,2027,A,4.00 pts,0.14,,54,,Yes
8,10/22/24,6,S1,MAT701 / 16,ALGEBRA II A,JASON BLAESING,10,2027,A,4.00 pts,0.14,,54,,Yes
9,10/29/24,6,S1,MAT701 / 16,ALGEBRA II A,JASON BLAESING,10,2027,A,3.77 pts,0.14,,54,,Yes
10,11/5/24,6,S1,MAT701 / 16,ALGEBRA II A,JASON BLAESING,10,2027,A,4.00 pts,0.14,,54,,Yes
2,9/10/24,6,S1,MAT701 / 16,ALGEBRA II A,JASON BLAESING,11,2026,,,0,,55,,Yes
2,9/10/24,2,S1,SCI609 / 12,CHEMISTRY/A,GRANT MERRILL,11,2026,A,4.00 pts,0,,55,,Yes
3,9/17/24,2,S1,SCI609 / 12,CHEMISTRY/A,GRANT MERRILL,11,2026,F,1.08 pts,0,,55,,Yes
3,9/17/24,6,S1,MAT701 / 16,ALGEBRA II A,JASON BLAESING,11,2026,A,4.00 pts,0,,55,,Yes
4,9/24/24,2,S1,SCI609 / 12,CHEMISTRY/A,GRANT MERRILL,11,2026,C-,2.01 pts,0,,55,,Yes
4,9/24/24,6,S1,MAT701 / 16,ALGEBRA II A,JASON BLAESING,11,2026,B,3.10 pts,0,,55,,Yes
5,10/1/24,2,S1,SCI609 / 12,CHEMISTRY/A,GRANT MERRILL,11,2026,D+,1.99 pts,0,,55,,Yes
5,10/1/24,6,S1,MAT701 / 16,ALGEBRA II A,JASON BLAESING,11,2026,B,3.05 pts,0,,55,,Yes
6,10/8/24,2,S1,SCI609 / 12,CHEMISTRY/A,GRANT MERRILL,11,2026,F,1.52 pts,1,,55,,Yes
6,10/8/24,6,S1,MAT701 / 16,ALGEBRA II A,JASON BLAESING,11,2026,B,3.05 pts,1,,55,,Yes
7,10/16/24,2,S1,SCI609 / 12,CHEMISTRY/A,GRANT MERRILL,11,2026,F,1.52 pts,1,,55,,Yes
7,10/16/24,6,S1,MAT701 / 16,ALGEBRA II A,JASON BLAESING,11,2026,B-,2.72 pts,1,,55,,Yes
8,10/22/24,2,S1,SCI609 / 12,CHEMISTRY/A,GRANT MERRILL,11,2026,F,1.63 pts,3,,55,,Yes
8,10/22/24,6,S1,MAT701 / 16,ALGEBRA II A,JASON BLAESING,11,2026,C+,2.68 pts,3,,55,,Yes
9,10/29/24,2,S1,SCI609 / 12,CHEMISTRY/A,GRANT MERRILL,11,2026,F,0.84 pts,5.86,,55,,Yes
9,10/29/24,6,S1,MAT701 / 16,ALGEBRA II A,JASON BLAESING,11,2026,C-,2.04 pts,5.86,,55,,Yes
10,11/5/24,2,S1,SCI609 / 12,CHEMISTRY/A,GRANT MERRILL,11,2026,F,0.84 pts,5.86,,55,,Yes
10,11/5/24,6,S1,MAT701 / 16,ALGEBRA II A,JASON BLAESING,11,2026,C,2.25 pts,6.29,,55,,Yes
2,9/10/24,5,S1,ENG701 / 15,JUNIOR ENG/A,JOHN CARVER,11,2026,,,0,,56,,Yes
2,9/10/24,2,S1,MAT701 / 12,ALGEBRA II A,JASON BLAESING,11,2026,,,0,,56,,Yes
3,9/17/24,2,S1,MAT701 / 12,ALGEBRA II A,JASON BLAESING,11,2026,A,4.00 pts,0,,56,,Yes
3,9/17/24,5,S1,ENG701 / 15,JUNIOR ENG/A,JOHN CARVER,11,2026,B,2.95 pts,0,,56,,Yes
4,9/24/24,2,S1,MAT701 / 12,ALGEBRA II A,JASON BLAESING,11,2026,C-,2.00 pts,0,,56,,Yes
4,9/24/24,5,S1,ENG701 / 15,JUNIOR ENG/A,JOHN CARVER,11,2026,C,2.34 pts,0.14,,56,,Yes
5,10/1/24,2,S1,MAT701 / 12,ALGEBRA II A,JASON BLAESING,11,2026,C-,2.14 pts,0,,56,,Yes
5,10/1/24,5,S1,ENG701 / 15,JUNIOR ENG/A,JOHN CARVER,11,2026,B-,2.83 pts,0.14,,56,,Yes
6,10/8/24,2,S1,MAT701 / 12,ALGEBRA II A,JASON BLAESING,11,2026,D,1.68 pts,0,,56,,Yes
6,10/8/24,5,S1,ENG701 / 15,JUNIOR ENG/A,JOHN CARVER,11,2026,C,2.39 pts,0.29,,56,,Yes
7,10/16/24,2,S1,MAT701 / 12,ALGEBRA II A,JASON BLAESING,11,2026,D,1.78 pts,0,,56,,Yes
7,10/16/24,5,S1,ENG701 / 15,JUNIOR ENG/A,JOHN CARVER,11,2026,B,3.00 pts,0.43,,56,,Yes
8,10/22/24,2,S1,MAT701 / 12,ALGEBRA II A,JASON BLAESING,11,2026,C,2.41 pts,0,,56,,Yes
8,10/22/24,5,S1,ENG701 / 15,JUNIOR ENG/A,JOHN CARVER,11,2026,B-,2.88 pts,0.57,,56,,Yes
9,10/29/24,2,S1,MAT701 / 12,ALGEBRA II A,JASON BLAESING,11,2026,C+,2.59 pts,0,,56,,Yes
9,10/29/24,5,S1,ENG701 / 15,JUNIOR ENG/A,JOHN CARVER,11,2026,B-,2.89 pts,0.57,,56,,Yes
10,11/5/24,2,S1,MAT701 / 12,ALGEBRA II A,JASON BLAESING,11,2026,C+,2.57 pts,0,,56,,Yes
10,11/5/24,5,S1,ENG701 / 15,JUNIOR ENG/A,JOHN CARVER,11,2026,B,2.95 pts,0.57,,56,,Yes
2,9/10/24,3,S1,SCI601 / 13,BIOLOGY A,GRANT MERRILL,10,2027,A,4.00 pts,0,,57,,Yes
3,9/17/24,3,S1,SCI601 / 13,BIOLOGY A,GRANT MERRILL,10,2027,F,1.18 pts,0,,57,,Yes
4,9/24/24,3,S1,SCI601 / 13,BIOLOGY A,GRANT MERRILL,10,2027,C-,2.09 pts,1,,57,,Yes
5,10/1/24,3,S1,SCI601 / 13,BIOLOGY A,GRANT MERRILL,10,2027,C-,2.09 pts,1,,57,,Yes
6,10/8/24,3,S1,SCI601 / 13,BIOLOGY A,GRANT MERRILL,10,2027,C-,2.09 pts,1,,57,,Yes
7,10/16/24,3,S1,SCI601 / 13,BIOLOGY A,GRANT MERRILL,10,2027,C-,2.08 pts,1,,57,,Yes
8,10/22/24,3,S1,SCI601 / 13,BIOLOGY A,GRANT MERRILL,10,2027,C,2.42 pts,1,,57,,Yes
9,10/29/24,3,S1,SCI601 / 13,BIOLOGY A,GRANT MERRILL,10,2027,C+,2.68 pts,1,,57,,Yes
10,11/5/24,3,S1,SCI601 / 13,BIOLOGY A,GRANT MERRILL,10,2027,C+,2.68 pts,1,,57,,Yes
2,9/10/24,5,S1,ENG701 / 15,JUNIOR ENG/A,JOHN CARVER,11,2026,,,0,,58,,Yes
3,9/17/24,5,S1,ENG701 / 15,JUNIOR ENG/A,JOHN CARVER,11,2026,A,3.90 pts,0.29,,58,,Yes
4,9/24/24,5,S1,ENG701 / 15,JUNIOR ENG/A,JOHN CARVER,11,2026,B,3.00 pts,1.43,,58,,Yes
5,10/1/24,5,S1,ENG701 / 15,JUNIOR ENG/A,JOHN CARVER,11,2026,,3.02 pts,1.43,,58,,Yes
6,10/8/24,5,S1,ENG701 / 15,JUNIOR ENG/A,JOHN CARVER,11,2026,,3.02 pts,1.43,,58,,Yes
7,10/16/24,5,S1,ENG701 / 15,JUNIOR ENG/A,JOHN CARVER,11,2026,,3.02 pts,1.43,,58,,Yes
8,10/22/24,5,S1,ENG701 / 15,JUNIOR ENG/A,JOHN CARVER,11,2026,,3.02 pts,1.43,,58,,Yes
9,10/29/24,5,S1,ENG701 / 15,JUNIOR ENG/A,JOHN CARVER,11,2026,,3.02 pts,1.43,,58,,Yes
10,11/5/24,5,S1,ENG701 / 15,JUNIOR ENG/A,JOHN CARVER,11,2026,,3.02 pts,1.43,,58,,Yes
2,9/10/24,5,S1,MAT522 / 15,GEOMETRY A,BRIAN ANDERSON,10,2027,,,0,,59,,Yes
3,9/17/24,5,S1,MAT522 / 15,GEOMETRY A,BRIAN ANDERSON,10,2027,C+,2.67 pts,0.43,,59,,Yes
4,9/24/24,5,S1,MAT522 / 15,GEOMETRY A,BRIAN ANDERSON,10,2027,C-,2.02 pts,0.43,,59,,Yes
5,10/1/24,5,S1,MAT522 / 15,GEOMETRY A,BRIAN ANDERSON,10,2027,D+,1.93 pts,1.43,,59,,Yes
6,10/8/24,5,S1,MAT522 / 15,GEOMETRY A,BRIAN ANDERSON,10,2027,F,1.50 pts,2.43,,59,,Yes
7,10/16/24,5,S1,MAT522 / 15,GEOMETRY A,BRIAN ANDERSON,10,2027,F,1.49 pts,2.43,,59,,Yes
8,10/22/24,5,S1,MAT522 / 15,GEOMETRY A,BRIAN ANDERSON,10,2027,F,1.50 pts,3.71,,59,,Yes
9,10/29/24,5,S1,MAT522 / 15,GEOMETRY A,BRIAN ANDERSON,10,2027,F,1.26 pts,4.71,,59,,Yes
10,11/5/24,5,S1,MAT522 / 15,GEOMETRY A,BRIAN ANDERSON,10,2027,F,1.18 pts,4.71,,59,,Yes
2,9/10/24,3,S1,MAT701 / 13,ALGEBRA II A,JENNIFER REILLY,11,2026,,,0,,60,,Yes
2,9/10/24,2,S1,SCI609 / 12,CHEMISTRY/A,GRANT MERRILL,11,2026,A,4.00 pts,0,,60,,Yes
3,9/17/24,2,S1,SCI609 / 12,CHEMISTRY/A,GRANT MERRILL,11,2026,F,1.11 pts,0,,60,,Yes
3,9/17/24,3,S1,MAT701 / 13,ALGEBRA II A,JENNIFER REILLY,11,2026,A,4.00 pts,0,,60,,Yes
4,9/24/24,2,S1,SCI609 / 12,CHEMISTRY/A,GRANT MERRILL,11,2026,A,3.96 pts,0,,60,,Yes
4,9/24/24,3,S1,MAT701 / 13,ALGEBRA II A,JENNIFER REILLY,11,2026,B,3.05 pts,0,,60,,Yes
5,10/1/24,2,S1,SCI609 / 12,CHEMISTRY/A,GRANT MERRILL,11,2026,A,3.91 pts,0,,60,,Yes
5,10/1/24,3,S1,MAT701 / 13,ALGEBRA II A,JENNIFER REILLY,11,2026,A,4.00 pts,0,,60,,Yes
6,10/8/24,2,S1,SCI609 / 12,CHEMISTRY/A,GRANT MERRILL,11,2026,C-,2.01 pts,1,,60,,Yes
6,10/8/24,3,S1,MAT701 / 13,ALGEBRA II A,JENNIFER REILLY,11,2026,B,3.05 pts,1,,60,,Yes
7,10/16/24,2,S1,SCI609 / 12,CHEMISTRY/A,GRANT MERRILL,11,2026,C,2.49 pts,1,,60,,Yes
7,10/16/24,3,S1,MAT701 / 13,ALGEBRA II A,JENNIFER REILLY,11,2026,B,3.07 pts,1,,60,,Yes
8,10/22/24,2,S1,SCI609 / 12,CHEMISTRY/A,GRANT MERRILL,11,2026,C+,2.56 pts,1,,60,,Yes
8,10/22/24,3,S1,MAT701 / 13,ALGEBRA II A,JENNIFER REILLY,11,2026,A,4.00 pts,1,,60,,Yes
9,10/29/24,2,S1,SCI609 / 12,CHEMISTRY/A,GRANT MERRILL,11,2026,D+,1.81 pts,1,,60,,Yes
9,10/29/24,3,S1,MAT701 / 13,ALGEBRA II A,JENNIFER REILLY,11,2026,A,3.95 pts,1,,60,,Yes
10,11/5/24,2,S1,SCI609 / 12,CHEMISTRY/A,GRANT MERRILL,11,2026,D+,1.81 pts,1.83,,60,,Yes
10,11/5/24,3,S1,MAT701 / 13,ALGEBRA II A,JENNIFER REILLY,11,2026,A,4.00 pts,1.83,,60,,Yes
2,9/10/24,2,S1,BUS301 / 12,PERSONAL FINANCE A,NICOLE SIMEK,12,2025,,,0,,61,,Yes
3,9/17/24,2,S1,BUS301 / 12,PERSONAL FINANCE A,NICOLE SIMEK,12,2025,A,3.96 pts,0,,61,,Yes
4,9/24/24,2,S1,BUS301 / 12,PERSONAL FINANCE A,NICOLE SIMEK,12,2025,C,2.33 pts,0.14,,61,,Yes
5,10/1/24,2,S1,BUS301 / 12,PERSONAL FINANCE A,NICOLE SIMEK,12,2025,A,3.60 pts,0.14,,61,,Yes
6,10/8/24,2,S1,BUS301 / 12,PERSONAL FINANCE A,NICOLE SIMEK,12,2025,B+,3.22 pts,0.14,,61,,Yes
7,10/16/24,2,S1,BUS301 / 12,PERSONAL FINANCE A,NICOLE SIMEK,12,2025,B,3.18 pts,0.14,,61,,Yes
8,10/22/24,2,S1,BUS301 / 12,PERSONAL FINANCE A,NICOLE SIMEK,12,2025,F,1.63 pts,0.14,,61,,Yes
9,10/29/24,2,S1,BUS301 / 12,PERSONAL FINANCE A,NICOLE SIMEK,12,2025,B+,3.35 pts,0.14,,61,,Yes
10,11/5/24,2,S1,BUS301 / 12,PERSONAL FINANCE A,NICOLE SIMEK,12,2025,B+,3.35 pts,0.14,,61,,Yes
2,9/10/24,6,S1,ENG501 / 16,FR ENGLISH/A,DAVID HOLLINGSWORTH,9,2028,A,4.00 pts,0.14,,62,,Yes
3,9/17/24,6,S1,ENG501 / 16,FR ENGLISH/A,DAVID HOLLINGSWORTH,9,2028,A,4.00 pts,0.14,,62,,Yes
4,9/24/24,6,S1,ENG501 / 16,FR ENGLISH/A,DAVID HOLLINGSWORTH,9,2028,A,4.00 pts,0.14,,62,,Yes
5,10/1/24,6,S1,ENG501 / 16,FR ENGLISH/A,DAVID HOLLINGSWORTH,9,2028,A,4.00 pts,0.14,,62,,Yes
6,10/8/24,6,S1,ENG501 / 16,FR ENGLISH/A,DAVID HOLLINGSWORTH,9,2028,A,4.00 pts,0.14,,62,,Yes
7,10/16/24,6,S1,ENG501 / 16,FR ENGLISH/A,DAVID HOLLINGSWORTH,9,2028,A,4.00 pts,0.14,,62,,Yes
8,10/22/24,6,S1,ENG501 / 16,FR ENGLISH/A,DAVID HOLLINGSWORTH,9,2028,A,4.00 pts,0.14,,62,,Yes
9,10/29/24,6,S1,ENG501 / 16,FR ENGLISH/A,DAVID HOLLINGSWORTH,9,2028,A,4.00 pts,0.14,,62,,Yes
10,11/5/24,6,S1,ENG501 / 16,FR ENGLISH/A,DAVID HOLLINGSWORTH,9,2028,A,4.00 pts,0.14,,62,,Yes
2,9/10/24,5,S1,MAT522 / 15,GEOMETRY A,BRIAN ANDERSON,10,2027,,,0,,63,,Yes
3,9/17/24,5,S1,MAT522 / 15,GEOMETRY A,BRIAN ANDERSON,10,2027,F,1.33 pts,0.71,,63,,Yes
4,9/24/24,5,S1,MAT522 / 15,GEOMETRY A,BRIAN ANDERSON,10,2027,F,0.98 pts,1.29,,63,,Yes
5,10/1/24,5,S1,MAT522 / 15,GEOMETRY A,BRIAN ANDERSON,10,2027,F,0.93 pts,2.29,,63,,Yes
6,10/8/24,5,S1,MAT522 / 15,GEOMETRY A,BRIAN ANDERSON,10,2027,F,1.44 pts,3,,63,,Yes
7,10/16/24,5,S1,MAT522 / 15,GEOMETRY A,BRIAN ANDERSON,10,2027,F,1.44 pts,3.43,,63,,Yes
8,10/22/24,5,S1,MAT522 / 15,GEOMETRY A,BRIAN ANDERSON,10,2027,F,1.44 pts,3.71,,63,,Yes
9,10/29/24,5,S1,MAT522 / 15,GEOMETRY A,BRIAN ANDERSON,10,2027,F,1.20 pts,4.57,,63,,Yes
10,11/5/24,5,S1,MAT522 / 15,GEOMETRY A,BRIAN ANDERSON,10,2027,F,0.81 pts,5,,63,,Yes
2,9/10/24,3,S1,BUS301 / 13,PERSONAL FINANCE A,NICOLE SIMEK,12,2025,,,0,,64,,Yes
3,9/17/24,3,S1,BUS301 / 13,PERSONAL FINANCE A,NICOLE SIMEK,12,2025,C-,2.08 pts,0,,64,,Yes
4,9/24/24,3,S1,BUS301 / 13,PERSONAL FINANCE A,NICOLE SIMEK,12,2025,C-,2.09 pts,0,,64,,Yes
5,10/1/24,3,S1,BUS301 / 13,PERSONAL FINANCE A,NICOLE SIMEK,12,2025,W,2.06 pts,0.14,,64,,Yes
6,10/8/24,3,S1,BUS301 / 13,PERSONAL FINANCE A,NICOLE SIMEK,12,2025,W,2.05 pts,0.14,,64,,Yes
7,10/16/24,3,S1,BUS301 / 13,PERSONAL FINANCE A,NICOLE SIMEK,12,2025,W,2.05 pts,0.14,,64,,Yes
8,10/22/24,3,S1,BUS301 / 13,PERSONAL FINANCE A,NICOLE SIMEK,12,2025,W,2.05 pts,0.14,,64,,Yes
9,10/29/24,3,S1,BUS301 / 13,PERSONAL FINANCE A,NICOLE SIMEK,12,2025,W,2.05 pts,0.14,,64,,Yes
10,11/5/24,3,S1,BUS301 / 13,PERSONAL FINANCE A,NICOLE SIMEK,12,2025,W,2.05 pts,0.14,,64,,Yes
2,9/10/24,3,S1,BUS301 / 13,PERSONAL FINANCE A,NICOLE SIMEK,11,2026,,,0,,65,,Yes
2,9/10/24,2,S1,SCI609 / 12,CHEMISTRY/A,GRANT MERRILL,11,2026,A,4.00 pts,0,,65,,Yes
3,9/17/24,2,S1,SCI609 / 12,CHEMISTRY/A,GRANT MERRILL,11,2026,B-,2.82 pts,0,,65,,Yes
3,9/17/24,3,S1,BUS301 / 13,PERSONAL FINANCE A,NICOLE SIMEK,11,2026,A,4.00 pts,0,,65,,Yes
3,9/17/24,4,S1,SOC701 / 14,US HISTORY/A,DAVE HAJEK,11,2026,A,4.00 pts,0,,65,,Yes
4,9/24/24,2,S1,SCI609 / 12,CHEMISTRY/A,GRANT MERRILL,11,2026,C-,2.04 pts,1.14,,65,,Yes
4,9/24/24,3,S1,BUS301 / 13,PERSONAL FINANCE A,NICOLE SIMEK,11,2026,A,3.99 pts,1.14,,65,,Yes
4,9/24/24,4,S1,SOC701 / 14,US HISTORY/A,DAVE HAJEK,11,2026,C-,2.10 pts,1.43,,65,,Yes
5,10/1/24,2,S1,SCI609 / 12,CHEMISTRY/A,GRANT MERRILL,11,2026,D+,1.99 pts,1.43,,65,,Yes
5,10/1/24,3,S1,BUS301 / 13,PERSONAL FINANCE A,NICOLE SIMEK,11,2026,A,3.64 pts,1.57,,65,,Yes
5,10/1/24,4,S1,SOC701 / 14,US HISTORY/A,DAVE HAJEK,11,2026,C-,2.14 pts,1.43,,65,,Yes
6,10/8/24,2,S1,SCI609 / 12,CHEMISTRY/A,GRANT MERRILL,11,2026,F,1.05 pts,2.71,,65,,Yes
6,10/8/24,3,S1,BUS301 / 13,PERSONAL FINANCE A,NICOLE SIMEK,11,2026,A,3.69 pts,2.86,,65,,Yes
6,10/8/24,4,S1,SOC701 / 14,US HISTORY/A,DAVE HAJEK,11,2026,C-,2.16 pts,2.29,,65,,Yes
7,10/16/24,2,S1,SCI609 / 12,CHEMISTRY/A,GRANT MERRILL,11,2026,F,1.05 pts,4.57,,65,,Yes
7,10/16/24,3,S1,BUS301 / 13,PERSONAL FINANCE A,NICOLE SIMEK,11,2026,A-,3.55 pts,4.71,,65,,Yes
7,10/16/24,4,S1,SOC701 / 14,US HISTORY/A,DAVE HAJEK,11,2026,C-,2.06 pts,3.86,,65,,Yes
8,10/22/24,2,S1,SCI609 / 12,CHEMISTRY/A,GRANT MERRILL,11,2026,F,1.19 pts,4.86,,65,,Yes
8,10/22/24,3,S1,BUS301 / 13,PERSONAL FINANCE A,NICOLE SIMEK,11,2026,B+,3.28 pts,4.71,,65,,Yes
8,10/22/24,4,S1,SOC701 / 14,US HISTORY/A,DAVE HAJEK,11,2026,B,2.98 pts,4.14,,65,,Yes
9,10/29/24,2,S1,SCI609 / 12,CHEMISTRY/A,GRANT MERRILL,11,2026,F,1.12 pts,5.71,,65,,Yes
9,10/29/24,3,S1,BUS301 / 13,PERSONAL FINANCE A,NICOLE SIMEK,11,2026,B+,3.20 pts,5.86,,65,,Yes
9,10/29/24,4,S1,SOC701 / 14,US HISTORY/A,DAVE HAJEK,11,2026,B,2.99 pts,5.29,,65,,Yes
10,11/5/24,2,S1,SCI609 / 12,CHEMISTRY/A,GRANT MERRILL,11,2026,F,1.12 pts,7.14,,65,,Yes
10,11/5/24,3,S1,BUS301 / 13,PERSONAL FINANCE A,NICOLE SIMEK,11,2026,B+,3.20 pts,7.29,,65,,Yes
10,11/5/24,4,S1,SOC701 / 14,US HISTORY/A,DAVE HAJEK,11,2026,B,2.98 pts,7.43,,65,,Yes
2,9/10/24,2,S1,MAT701 / 12,ALGEBRA II A,JASON BLAESING,10,2027,,,0,,66,,Yes
3,9/17/24,2,S1,MAT701 / 12,ALGEBRA II A,JASON BLAESING,10,2027,C-,2.00 pts,2.71,,66,,Yes
4,9/24/24,2,S1,MAT701 / 12,ALGEBRA II A,JASON BLAESING,10,2027,F,0.30 pts,6,,66,,Yes
5,10/1/24,2,S1,MAT701 / 12,ALGEBRA II A,JASON BLAESING,10,2027,B,3.02 pts,6,,66,,Yes
6,10/8/24,2,S1,MAT701 / 12,ALGEBRA II A,JASON BLAESING,10,2027,A-,3.50 pts,6,,66,,Yes
7,10/16/24,2,S1,MAT701 / 12,ALGEBRA II A,JASON BLAESING,10,2027,A,3.66 pts,6,,66,,Yes
8,10/22/24,2,S1,MAT701 / 12,ALGEBRA II A,JASON BLAESING,10,2027,A,3.63 pts,6.43,,66,,Yes
9,10/29/24,2,S1,MAT701 / 12,ALGEBRA II A,JASON BLAESING,10,2027,A,3.75 pts,6.43,,66,,Yes
10,11/5/24,2,S1,MAT701 / 12,ALGEBRA II A,JASON BLAESING,10,2027,A,3.75 pts,7.14,,66,,Yes
2,9/10/24,3,S1,MAT522 / 13,GEOMETRY A,ROCHELLE AITON,10,2027,,,1,,67,,Yes
3,9/17/24,3,S1,MAT522 / 13,GEOMETRY A,ROCHELLE AITON,10,2027,C-,2.05 pts,1,,67,,Yes
3,9/17/24,4,S1,SCI601 / 14,BIOLOGY A,GRANT MERRILL,10,2027,F,1.04 pts,1,,67,,Yes
4,9/24/24,3,S1,MAT522 / 13,GEOMETRY A,ROCHELLE AITON,10,2027,C-,2.05 pts,2.86,,67,,Yes
4,9/24/24,4,S1,SCI601 / 14,BIOLOGY A,GRANT MERRILL,10,2027,F,1.03 pts,2.86,,67,,Yes
5,10/1/24,3,S1,MAT522 / 13,GEOMETRY A,ROCHELLE AITON,10,2027,C-,2.05 pts,4,,67,,Yes
5,10/1/24,4,S1,SCI601 / 14,BIOLOGY A,GRANT MERRILL,10,2027,F,1.03 pts,4,,67,,Yes
6,10/8/24,3,S1,MAT522 / 13,GEOMETRY A,ROCHELLE AITON,10,2027,F,1.10 pts,7,,67,,Yes
6,10/8/24,4,S1,SCI601 / 14,BIOLOGY A,GRANT MERRILL,10,2027,F,1.02 pts,7,,67,,Yes
7,10/16/24,3,S1,MAT522 / 13,GEOMETRY A,ROCHELLE AITON,10,2027,F,1.10 pts,8.86,,67,,Yes
7,10/16/24,4,S1,SCI601 / 14,BIOLOGY A,GRANT MERRILL,10,2027,F,1.02 pts,8.86,,67,,Yes
8,10/22/24,3,S1,MAT522 / 13,GEOMETRY A,ROCHELLE AITON,10,2027,C,2.29 pts,9.57,,67,,Yes
8,10/22/24,3,S1,MAT522 / 13,GEOMETRY A,NINETTE LILIENTHAL,10,2027,C,2.29 pts,9.57,,67,,Yes
8,10/22/24,4,S1,SCI601 / 14,BIOLOGY A,GRANT MERRILL,10,2027,F,0.82 pts,9.71,,67,,Yes
9,10/29/24,3,S1,MAT522 / 13,GEOMETRY A,ROCHELLE AITON,10,2027,C,2.21 pts,11.14,,67,,Yes
9,10/29/24,3,S1,MAT522 / 13,GEOMETRY A,NINETTE LILIENTHAL,10,2027,C,2.21 pts,11.14,,67,,Yes
9,10/29/24,4,S1,SCI601 / 14,BIOLOGY A,GRANT MERRILL,10,2027,F,1.07 pts,11.29,,67,,Yes
10,11/5/24,3,S1,MAT522 / 13,GEOMETRY A,ROCHELLE AITON,10,2027,C,2.21 pts,12.29,,67,,Yes
10,11/5/24,3,S1,MAT522 / 13,GEOMETRY A,NINETTE LILIENTHAL,10,2027,C,2.21 pts,12.29,,67,,Yes
10,11/5/24,4,S1,SCI601 / 14,BIOLOGY A,GRANT MERRILL,10,2027,F,1.06 pts,11.29,,67,,Yes
2,9/10/24,6,S1,SOC701 / 16,US HISTORY/A,SCOTT BOOTHBY,11,2026,B,3.00 pts,0,,68,,Yes
3,9/17/24,6,S1,SOC701 / 16,US HISTORY/A,SCOTT BOOTHBY,11,2026,A-,3.51 pts,0,,68,,Yes
4,9/24/24,6,S1,SOC701 / 16,US HISTORY/A,SCOTT BOOTHBY,11,2026,A,3.98 pts,1,,68,,Yes
5,10/1/24,6,S1,SOC701 / 16,US HISTORY/A,SCOTT BOOTHBY,11,2026,A,3.93 pts,1,,68,,Yes
6,10/8/24,6,S1,SOC701 / 16,US HISTORY/A,SCOTT BOOTHBY,11,2026,A,3.96 pts,1,,68,,Yes
7,10/16/24,6,S1,SOC701 / 16,US HISTORY/A,SCOTT BOOTHBY,11,2026,A,3.98 pts,1,,68,,Yes
8,10/22/24,6,S1,SOC701 / 16,US HISTORY/A,SCOTT BOOTHBY,11,2026,A,3.99 pts,1,,68,,Yes
9,10/29/24,6,S1,SOC701 / 16,US HISTORY/A,SCOTT BOOTHBY,11,2026,A,3.99 pts,1,,68,,Yes
10,11/5/24,6,S1,SOC701 / 16,US HISTORY/A,SCOTT BOOTHBY,11,2026,A,3.93 pts,2,,68,,Yes
2,9/10/24,1,S1,MAT522 / 11,GEOMETRY A,ROCHELLE AITON,9,2028,,,0.71,,69,,Yes
3,9/17/24,1,S1,MAT522 / 11,GEOMETRY A,ROCHELLE AITON,9,2028,F,0.00 pts,3.71,,69,,Yes
4,9/24/24,1,S1,MAT522 / 11,GEOMETRY A,ROCHELLE AITON,9,2028,D+,1.90 pts,4.14,,69,,Yes
5,10/1/24,1,S1,MAT522 / 11,GEOMETRY A,ROCHELLE AITON,9,2028,D+,1.90 pts,4.14,,69,,Yes
6,10/8/24,1,S1,MAT522 / 11,GEOMETRY A,ROCHELLE AITON,9,2028,B-,2.86 pts,4.29,,69,,Yes
7,10/16/24,1,S1,MAT522 / 11,GEOMETRY A,ROCHELLE AITON,9,2028,B-,2.86 pts,4.29,,69,,Yes
8,10/22/24,1,S1,MAT522 / 11,GEOMETRY A,ROCHELLE AITON,9,2028,B-,2.86 pts,4.29,,69,,Yes
8,10/22/24,1,S1,MAT522 / 11,GEOMETRY A,NINETTE LILIENTHAL,9,2028,B-,2.86 pts,4.29,,69,,Yes
9,10/29/24,1,S1,MAT522 / 11,GEOMETRY A,ROCHELLE AITON,9,2028,B,2.95 pts,4.29,,69,,Yes
9,10/29/24,1,S1,MAT522 / 11,GEOMETRY A,NINETTE LILIENTHAL,9,2028,B,2.95 pts,4.29,,69,,Yes
10,11/5/24,1,S1,MAT522 / 11,GEOMETRY A,ROCHELLE AITON,9,2028,B,2.95 pts,5.14,,69,,Yes
10,11/5/24,1,S1,MAT522 / 11,GEOMETRY A,NINETTE LILIENTHAL,9,2028,B,2.95 pts,5.14,,69,,Yes
2,9/10/24,3,S1,MAT522 / 13,GEOMETRY A,ROCHELLE AITON,9,2028,,,0,,70,,Yes
3,9/17/24,3,S1,MAT522 / 13,GEOMETRY A,ROCHELLE AITON,9,2028,,,0,,70,,Yes
4,9/24/24,3,S1,MAT522 / 13,GEOMETRY A,ROCHELLE AITON,9,2028,,,0,,70,,Yes
5,10/1/24,3,S1,MAT522 / 13,GEOMETRY A,ROCHELLE AITON,9,2028,,,0,,70,,Yes
6,10/8/24,3,S1,MAT522 / 13,GEOMETRY A,ROCHELLE AITON,9,2028,,,0,,70,,Yes
7,10/16/24,3,S1,MAT522 / 13,GEOMETRY A,ROCHELLE AITON,9,2028,,,0,,70,,Yes
8,10/22/24,3,S1,MAT522 / 13,GEOMETRY A,ROCHELLE AITON,9,2028,,,0,,70,,Yes
8,10/22/24,3,S1,MAT522 / 13,GEOMETRY A,NINETTE LILIENTHAL,9,2028,,,0,,70,,Yes
9,10/29/24,3,S1,MAT522 / 13,GEOMETRY A,ROCHELLE AITON,9,2028,,,0,,70,,Yes
9,10/29/24,3,S1,MAT522 / 13,GEOMETRY A,NINETTE LILIENTHAL,9,2028,,,0,,70,,Yes
10,11/5/24,3,S1,MAT522 / 13,GEOMETRY A,ROCHELLE AITON,9,2028,,,0,,70,,Yes
10,11/5/24,3,S1,MAT522 / 13,GEOMETRY A,NINETTE LILIENTHAL,9,2028,,,0,,70,,Yes
2,9/10/24,1,S1,MAT704 / 11,PRE-CALC A MAT 153,BRIAN ANDERSON,11,2026,,,0,,71,,Yes
2,9/10/24,6,S1,SOC701 / 16,US HISTORY/A,SCOTT BOOTHBY,11,2026,A,4.00 pts,0,,71,,Yes
3,9/17/24,1,S1,MAT704 / 11,PRE-CALC A MAT 153,BRIAN ANDERSON,11,2026,,,0,,71,,Yes
3,9/17/24,6,S1,SOC701 / 16,US HISTORY/A,SCOTT BOOTHBY,11,2026,A-,3.51 pts,0,,71,,Yes
4,9/24/24,1,S1,MAT704 / 11,PRE-CALC A MAT 153,BRIAN ANDERSON,11,2026,C-,2.10 pts,0,,71,,Yes
4,9/24/24,6,S1,SOC701 / 16,US HISTORY/A,SCOTT BOOTHBY,11,2026,A-,3.55 pts,0,,71,,Yes
5,10/1/24,1,S1,MAT704 / 11,PRE-CALC A MAT 153,BRIAN ANDERSON,11,2026,C-,2.10 pts,0,,71,,Yes
5,10/1/24,6,S1,SOC701 / 16,US HISTORY/A,SCOTT BOOTHBY,11,2026,A-,3.59 pts,0,,71,,Yes
6,10/8/24,1,S1,MAT704 / 11,PRE-CALC A MAT 153,BRIAN ANDERSON,11,2026,C-,2.10 pts,0,,71,,Yes
6,10/8/24,6,S1,SOC701 / 16,US HISTORY/A,SCOTT BOOTHBY,11,2026,A-,3.59 pts,0,,71,,Yes
7,10/16/24,1,S1,MAT704 / 11,PRE-CALC A MAT 153,BRIAN ANDERSON,11,2026,C-,2.00 pts,0,,71,,Yes
7,10/16/24,6,S1,SOC701 / 16,US HISTORY/A,SCOTT BOOTHBY,11,2026,A,3.77 pts,0,,71,,Yes
8,10/22/24,1,S1,MAT704 / 11,PRE-CALC A MAT 153,BRIAN ANDERSON,11,2026,C-,2.00 pts,0,,71,,Yes
8,10/22/24,6,S1,SOC701 / 16,US HISTORY/A,SCOTT BOOTHBY,11,2026,A,3.75 pts,0,,71,,Yes
9,10/29/24,1,S1,MAT704 / 11,PRE-CALC A MAT 153,BRIAN ANDERSON,11,2026,C-,2.10 pts,0,,71,,Yes
9,10/29/24,6,S1,SOC701 / 16,US HISTORY/A,SCOTT BOOTHBY,11,2026,A,3.76 pts,0,,71,,Yes
10,11/5/24,1,S1,MAT704 / 11,PRE-CALC A MAT 153,BRIAN ANDERSON,11,2026,C-,2.05 pts,0,,71,,Yes
10,11/5/24,6,S1,SOC701 / 16,US HISTORY/A,SCOTT BOOTHBY,11,2026,A,3.82 pts,0,,71,,Yes
2,9/10/24,5,S1,ENG601 / 15,SOPH ENG/A,MARCEE SALAS,10,2027,A,4.00 pts,0,,72,,Yes
2,9/10/24,1,S1,MAT522 / 11,GEOMETRY A,ROCHELLE AITON,10,2027,,,0.43,,72,,Yes
3,9/17/24,1,S1,MAT522 / 11,GEOMETRY A,ROCHELLE AITON,10,2027,F,0.00 pts,1.86,,72,,Yes
3,9/17/24,5,S1,ENG601 / 15,SOPH ENG/A,MARCEE SALAS,10,2027,A,3.60 pts,1.86,,72,,Yes
4,9/24/24,1,S1,MAT522 / 11,GEOMETRY A,ROCHELLE AITON,10,2027,F,0.95 pts,1.86,,72,,Yes
4,9/24/24,5,S1,ENG601 / 15,SOPH ENG/A,MARCEE SALAS,10,2027,C,2.44 pts,1.86,,72,,Yes
5,10/1/24,1,S1,MAT522 / 11,GEOMETRY A,ROCHELLE AITON,10,2027,F,0.95 pts,4,,72,,Yes
5,10/1/24,5,S1,ENG601 / 15,SOPH ENG/A,MARCEE SALAS,10,2027,C,2.42 pts,3.86,,72,,Yes
6,10/8/24,1,S1,MAT522 / 11,GEOMETRY A,ROCHELLE AITON,10,2027,F,0.60 pts,5.14,,72,,Yes
6,10/8/24,5,S1,ENG601 / 15,SOPH ENG/A,MARCEE SALAS,10,2027,D+,1.88 pts,4.86,,72,,Yes
7,10/16/24,1,S1,MAT522 / 11,GEOMETRY A,ROCHELLE AITON,10,2027,F,0.60 pts,6.14,,72,,Yes
7,10/16/24,5,S1,ENG601 / 15,SOPH ENG/A,MARCEE SALAS,10,2027,C,2.27 pts,6,,72,,Yes
8,10/22/24,1,S1,MAT522 / 11,GEOMETRY A,ROCHELLE AITON,10,2027,F,1.05 pts,6.14,,72,,Yes
8,10/22/24,1,S1,MAT522 / 11,GEOMETRY A,NINETTE LILIENTHAL,10,2027,F,1.05 pts,6.14,,72,,Yes
8,10/22/24,5,S1,ENG601 / 15,SOPH ENG/A,MARCEE SALAS,10,2027,C,2.33 pts,6,,72,,Yes
9,10/29/24,1,S1,MAT522 / 11,GEOMETRY A,ROCHELLE AITON,10,2027,F,1.02 pts,6.57,,72,,Yes
9,10/29/24,1,S1,MAT522 / 11,GEOMETRY A,NINETTE LILIENTHAL,10,2027,F,1.02 pts,6.57,,72,,Yes
9,10/29/24,5,S1,ENG601 / 15,SOPH ENG/A,MARCEE SALAS,10,2027,C,2.33 pts,6,,72,,Yes
10,11/5/24,1,S1,MAT522 / 11,GEOMETRY A,ROCHELLE AITON,10,2027,F,1.02 pts,7.14,,72,,Yes
10,11/5/24,1,S1,MAT522 / 11,GEOMETRY A,NINETTE LILIENTHAL,10,2027,F,1.02 pts,7.14,,72,,Yes
10,11/5/24,5,S1,ENG601 / 15,SOPH ENG/A,MARCEE SALAS,10,2027,D+,1.97 pts,6,,72,,Yes
2,9/10/24,2,S1,BUS301 / 12,PERSONAL FINANCE A,NICOLE SIMEK,12,2025,,,1.71,,73,,Yes
3,9/17/24,2,S1,BUS301 / 12,PERSONAL FINANCE A,NICOLE SIMEK,12,2025,C-,2.03 pts,2.71,,73,,Yes
4,9/24/24,2,S1,BUS301 / 12,PERSONAL FINANCE A,NICOLE SIMEK,12,2025,F,1.34 pts,5.29,,73,,Yes
5,10/1/24,2,S1,BUS301 / 12,PERSONAL FINANCE A,NICOLE SIMEK,12,2025,F,1.32 pts,7,,73,,Yes
6,10/8/24,2,S1,BUS301 / 12,PERSONAL FINANCE A,NICOLE SIMEK,12,2025,F,1.47 pts,8.71,,73,,Yes
7,10/16/24,2,S1,BUS301 / 12,PERSONAL FINANCE A,NICOLE SIMEK,12,2025,F,1.59 pts,9.86,,73,,Yes
8,10/22/24,2,S1,BUS301 / 12,PERSONAL FINANCE A,NICOLE SIMEK,12,2025,F,1.30 pts,11.57,,73,,Yes
9,10/29/24,2,S1,BUS301 / 12,PERSONAL FINANCE A,NICOLE SIMEK,12,2025,F,1.27 pts,13.29,,73,,Yes
10,11/5/24,2,S1,BUS301 / 12,PERSONAL FINANCE A,NICOLE SIMEK,12,2025,F,1.27 pts,14.14,,73,,Yes
2,9/10/24,6,S1,SOC701 / 16,US HISTORY/A,SCOTT BOOTHBY,11,2026,A,4.00 pts,1,,74,,Yes
3,9/17/24,6,S1,SOC701 / 16,US HISTORY/A,SCOTT BOOTHBY,11,2026,A-,3.49 pts,2,,74,,Yes
4,9/24/24,6,S1,SOC701 / 16,US HISTORY/A,SCOTT BOOTHBY,11,2026,A-,3.52 pts,2,,74,,Yes
5,10/1/24,6,S1,SOC701 / 16,US HISTORY/A,SCOTT BOOTHBY,11,2026,B+,3.39 pts,3,,74,,Yes
6,10/8/24,6,S1,SOC701 / 16,US HISTORY/A,SCOTT BOOTHBY,11,2026,B+,3.39 pts,3.14,,74,,Yes
7,10/16/24,6,S1,SOC701 / 16,US HISTORY/A,SCOTT BOOTHBY,11,2026,B+,3.21 pts,3.14,,74,,Yes
8,10/22/24,6,S1,SOC701 / 16,US HISTORY/A,SCOTT BOOTHBY,11,2026,B+,3.21 pts,7.14,,74,,Yes
9,10/29/24,6,S1,SOC701 / 16,US HISTORY/A,SCOTT BOOTHBY,11,2026,C+,2.58 pts,8.57,,74,,Yes
10,11/5/24,6,S1,SOC701 / 16,US HISTORY/A,SCOTT BOOTHBY,11,2026,C+,2.66 pts,10.71,,74,,Yes
2,9/10/24,3,S1,BUS301 / 13,PERSONAL FINANCE A,NICOLE SIMEK,11,2026,,,7.43,,75,,Yes
2,9/10/24,2,S1,SCI609 / 12,CHEMISTRY/A,GRANT MERRILL,11,2026,F,0.00 pts,6.86,,75,,Yes
3,9/17/24,2,S1,SCI609 / 12,CHEMISTRY/A,GRANT MERRILL,11,2026,F,0.00 pts,7.86,,75,,Yes
3,9/17/24,3,S1,BUS301 / 13,PERSONAL FINANCE A,NICOLE SIMEK,11,2026,F,0.00 pts,8.43,,75,,Yes
3,9/17/24,4,S1,SOC701 / 14,US HISTORY/A,DAVE HAJEK,11,2026,F,0.00 pts,8,,75,,Yes
4,9/24/24,2,S1,SCI609 / 12,CHEMISTRY/A,GRANT MERRILL,11,2026,,0.00 pts,8.29,,75,,Yes
4,9/24/24,3,S1,BUS301 / 13,PERSONAL FINANCE A,NICOLE SIMEK,11,2026,,0.00 pts,8.86,,75,,Yes
4,9/24/24,4,S1,SOC701 / 14,US HISTORY/A,DAVE HAJEK,11,2026,,0.00 pts,8.43,,75,,Yes
5,10/1/24,2,S1,SCI609 / 12,CHEMISTRY/A,GRANT MERRILL,11,2026,,0.00 pts,8.29,,75,,Yes
5,10/1/24,3,S1,BUS301 / 13,PERSONAL FINANCE A,NICOLE SIMEK,11,2026,,0.00 pts,8.86,,75,,Yes
5,10/1/24,4,S1,SOC701 / 14,US HISTORY/A,DAVE HAJEK,11,2026,,0.00 pts,8.43,,75,,Yes
6,10/8/24,2,S1,SCI609 / 12,CHEMISTRY/A,GRANT MERRILL,11,2026,,0.00 pts,8.29,,75,,Yes
6,10/8/24,3,S1,BUS301 / 13,PERSONAL FINANCE A,NICOLE SIMEK,11,2026,,0.00 pts,8.86,,75,,Yes
6,10/8/24,4,S1,SOC701 / 14,US HISTORY/A,DAVE HAJEK,11,2026,,0.00 pts,8.43,,75,,Yes
7,10/16/24,2,S1,SCI609 / 12,CHEMISTRY/A,GRANT MERRILL,11,2026,,0.00 pts,8.29,,75,,Yes
7,10/16/24,3,S1,BUS301 / 13,PERSONAL FINANCE A,NICOLE SIMEK,11,2026,,0.00 pts,8.86,,75,,Yes
7,10/16/24,4,S1,SOC701 / 14,US HISTORY/A,DAVE HAJEK,11,2026,,0.00 pts,8.43,,75,,Yes
8,10/22/24,2,S1,SCI609 / 12,CHEMISTRY/A,GRANT MERRILL,11,2026,,0.00 pts,8.29,,75,,Yes
8,10/22/24,3,S1,BUS301 / 13,PERSONAL FINANCE A,NICOLE SIMEK,11,2026,,0.00 pts,8.86,,75,,Yes
8,10/22/24,4,S1,SOC701 / 14,US HISTORY/A,DAVE HAJEK,11,2026,,0.00 pts,8.43,,75,,Yes
9,10/29/24,2,S1,SCI609 / 12,CHEMISTRY/A,GRANT MERRILL,11,2026,,0.00 pts,8.29,,75,,Yes
9,10/29/24,3,S1,BUS301 / 13,PERSONAL FINANCE A,NICOLE SIMEK,11,2026,,0.00 pts,8.86,,75,,Yes
9,10/29/24,4,S1,SOC701 / 14,US HISTORY/A,DAVE HAJEK,11,2026,,0.00 pts,8.43,,75,,Yes
10,11/5/24,2,S1,SCI609 / 12,CHEMISTRY/A,GRANT MERRILL,11,2026,,0.00 pts,8.29,,75,,Yes
10,11/5/24,3,S1,BUS301 / 13,PERSONAL FINANCE A,NICOLE SIMEK,11,2026,,0.00 pts,8.86,,75,,Yes
10,11/5/24,4,S1,SOC701 / 14,US HISTORY/A,DAVE HAJEK,11,2026,,0.00 pts,8.43,,75,,Yes
2,9/10/24,3,S1,MAT522 / 13,GEOMETRY A,ROCHELLE AITON,9,2028,,,0,,76,,Yes
3,9/17/24,3,S1,MAT522 / 13,GEOMETRY A,ROCHELLE AITON,9,2028,B,3.00 pts,0,,76,,Yes
4,9/24/24,3,S1,MAT522 / 13,GEOMETRY A,ROCHELLE AITON,9,2028,B,3.00 pts,0,,76,,Yes
5,10/1/24,3,S1,MAT522 / 13,GEOMETRY A,ROCHELLE AITON,9,2028,B,3.00 pts,0.86,,76,,Yes
6,10/8/24,3,S1,MAT522 / 13,GEOMETRY A,ROCHELLE AITON,9,2028,C+,2.53 pts,1,,76,,Yes
7,10/16/24,3,S1,MAT522 / 13,GEOMETRY A,ROCHELLE AITON,9,2028,C+,2.53 pts,1,,76,,Yes
8,10/22/24,3,S1,MAT522 / 13,GEOMETRY A,ROCHELLE AITON,9,2028,C+,2.50 pts,3.71,,76,,Yes
8,10/22/24,3,S1,MAT522 / 13,GEOMETRY A,NINETTE LILIENTHAL,9,2028,C+,2.50 pts,3.71,,76,,Yes
9,10/29/24,3,S1,MAT522 / 13,GEOMETRY A,ROCHELLE AITON,9,2028,C+,2.65 pts,3.71,,76,,Yes
9,10/29/24,3,S1,MAT522 / 13,GEOMETRY A,NINETTE LILIENTHAL,9,2028,C+,2.65 pts,3.71,,76,,Yes
10,11/5/24,3,S1,MAT522 / 13,GEOMETRY A,ROCHELLE AITON,9,2028,C+,2.65 pts,3.71,,76,,Yes
10,11/5/24,3,S1,MAT522 / 13,GEOMETRY A,NINETTE LILIENTHAL,9,2028,C+,2.65 pts,3.71,,76,,Yes
2,9/10/24,2,S1,ENG601 / 12,SOPH ENG/A,KELLY GREGERSEN,10,2027,A,4.00 pts,0,,77,,Yes
2,9/10/24,3,S1,SCI601 / 13,BIOLOGY A,GRANT MERRILL,10,2027,A,4.00 pts,0,,77,,Yes
3,9/17/24,2,S1,ENG601 / 12,SOPH ENG/A,KELLY GREGERSEN,10,2027,A,4.00 pts,0,,77,,Yes
3,9/17/24,3,S1,SCI601 / 13,BIOLOGY A,GRANT MERRILL,10,2027,F,1.19 pts,0,,77,,Yes
4,9/24/24,2,S1,ENG601 / 12,SOPH ENG/A,KELLY GREGERSEN,10,2027,A,3.96 pts,0,,77,,Yes
4,9/24/24,3,S1,SCI601 / 13,BIOLOGY A,GRANT MERRILL,10,2027,F,1.18 pts,0,,77,,Yes
5,10/1/24,2,S1,ENG601 / 12,SOPH ENG/A,KELLY GREGERSEN,10,2027,A,3.96 pts,2,,77,,Yes
5,10/1/24,3,S1,SCI601 / 13,BIOLOGY A,GRANT MERRILL,10,2027,C-,2.06 pts,2.57,,77,,Yes
6,10/8/24,2,S1,ENG601 / 12,SOPH ENG/A,KELLY GREGERSEN,10,2027,A-,3.48 pts,2,,77,,Yes
6,10/8/24,3,S1,SCI601 / 13,BIOLOGY A,GRANT MERRILL,10,2027,C-,2.06 pts,2.43,,77,,Yes
7,10/16/24,2,S1,ENG601 / 12,SOPH ENG/A,KELLY GREGERSEN,10,2027,A-,3.48 pts,2,,77,,Yes
7,10/16/24,3,S1,SCI601 / 13,BIOLOGY A,GRANT MERRILL,10,2027,C-,2.06 pts,2.43,,77,,Yes
8,10/22/24,2,S1,ENG601 / 12,SOPH ENG/A,KELLY GREGERSEN,10,2027,B+,3.33 pts,5,,77,,Yes
8,10/22/24,3,S1,SCI601 / 13,BIOLOGY A,GRANT MERRILL,10,2027,C-,2.09 pts,5.43,,77,,Yes
9,10/29/24,2,S1,ENG601 / 12,SOPH ENG/A,KELLY GREGERSEN,10,2027,B+,3.33 pts,5,,77,,Yes
9,10/29/24,3,S1,SCI601 / 13,BIOLOGY A,GRANT MERRILL,10,2027,C,2.34 pts,5.43,,77,,Yes
10,11/5/24,2,S1,ENG601 / 12,SOPH ENG/A,KELLY GREGERSEN,10,2027,B+,3.33 pts,6,,77,,Yes
10,11/5/24,3,S1,SCI601 / 13,BIOLOGY A,GRANT MERRILL,10,2027,C,2.34 pts,6.43,,77,,Yes
2,9/10/24,2,S1,MAT701 / 12,ALGEBRA II A,JASON BLAESING,11,2026,,,0,,78,,Yes
3,9/17/24,2,S1,MAT701 / 12,ALGEBRA II A,JASON BLAESING,11,2026,A,4.00 pts,0,,78,,Yes
4,9/24/24,2,S1,MAT701 / 12,ALGEBRA II A,JASON BLAESING,11,2026,C-,2.15 pts,0.43,,78,,Yes
5,10/1/24,2,S1,MAT701 / 12,ALGEBRA II A,JASON BLAESING,11,2026,C-,2.10 pts,0.43,,78,,Yes
6,10/8/24,2,S1,MAT701 / 12,ALGEBRA II A,JASON BLAESING,11,2026,B,3.03 pts,0.57,,78,,Yes
7,10/16/24,2,S1,MAT701 / 12,ALGEBRA II A,JASON BLAESING,11,2026,B-,2.71 pts,0.71,,78,,Yes
8,10/22/24,2,S1,MAT701 / 12,ALGEBRA II A,JASON BLAESING,11,2026,B,2.97 pts,1.29,,78,,Yes
9,10/29/24,2,S1,MAT701 / 12,ALGEBRA II A,JASON BLAESING,11,2026,C,2.24 pts,3,,78,,Yes
10,11/5/24,2,S1,MAT701 / 12,ALGEBRA II A,JASON BLAESING,11,2026,C,2.47 pts,3.14,,78,,Yes
2,9/10/24,1,S1,MAT522 / 11,GEOMETRY A,ROCHELLE AITON,9,2028,,,0,,79,,Yes
3,9/17/24,1,S1,MAT522 / 11,GEOMETRY A,ROCHELLE AITON,9,2028,F,1.10 pts,0.14,,79,,Yes
4,9/24/24,1,S1,MAT522 / 11,GEOMETRY A,ROCHELLE AITON,9,2028,C-,2.05 pts,0.14,,79,,Yes
5,10/1/24,1,S1,MAT522 / 11,GEOMETRY A,ROCHELLE AITON,9,2028,C-,2.05 pts,1.14,,79,,Yes
6,10/8/24,1,S1,MAT522 / 11,GEOMETRY A,ROCHELLE AITON,9,2028,C-,2.10 pts,1.43,,79,,Yes
7,10/16/24,1,S1,MAT522 / 11,GEOMETRY A,ROCHELLE AITON,9,2028,C-,2.10 pts,4.14,,79,,Yes
8,10/22/24,1,S1,MAT522 / 11,GEOMETRY A,ROCHELLE AITON,9,2028,C-,2.10 pts,4.14,,79,,Yes
8,10/22/24,1,S1,MAT522 / 11,GEOMETRY A,NINETTE LILIENTHAL,9,2028,C-,2.10 pts,4.14,,79,,Yes
9,10/29/24,1,S1,MAT522 / 11,GEOMETRY A,ROCHELLE AITON,9,2028,C,2.36 pts,4.14,,79,,Yes
9,10/29/24,1,S1,MAT522 / 11,GEOMETRY A,NINETTE LILIENTHAL,9,2028,C,2.36 pts,4.14,,79,,Yes
10,11/5/24,1,S1,MAT522 / 11,GEOMETRY A,ROCHELLE AITON,9,2028,C,2.36 pts,4.57,,79,,Yes
10,11/5/24,1,S1,MAT522 / 11,GEOMETRY A,NINETTE LILIENTHAL,9,2028,C,2.36 pts,4.57,,79,,Yes
2,9/10/24,5,S1,MAT522 / 15,GEOMETRY A,BRIAN ANDERSON,10,2027,,,0,,80,,Yes
3,9/17/24,5,S1,MAT522 / 15,GEOMETRY A,BRIAN ANDERSON,10,2027,C+,2.67 pts,0,,80,,Yes
4,9/24/24,5,S1,MAT522 / 15,GEOMETRY A,BRIAN ANDERSON,10,2027,A,4.00 pts,0.29,,80,,Yes
5,10/1/24,5,S1,MAT522 / 15,GEOMETRY A,BRIAN ANDERSON,10,2027,A,3.95 pts,0,,80,,Yes
6,10/8/24,5,S1,MAT522 / 15,GEOMETRY A,BRIAN ANDERSON,10,2027,A-,3.51 pts,0.29,,80,,Yes
7,10/16/24,5,S1,MAT522 / 15,GEOMETRY A,BRIAN ANDERSON,10,2027,A-,3.49 pts,2.29,,80,,Yes
8,10/22/24,5,S1,MAT522 / 15,GEOMETRY A,BRIAN ANDERSON,10,2027,A-,3.49 pts,3,,80,,Yes
9,10/29/24,5,S1,MAT522 / 15,GEOMETRY A,BRIAN ANDERSON,10,2027,A-,3.49 pts,3,,80,,Yes
10,11/5/24,5,S1,MAT522 / 15,GEOMETRY A,BRIAN ANDERSON,10,2027,B+,3.33 pts,3,,80,,Yes
2,9/10/24,3,S1,MAT701 / 13,ALGEBRA II A,JENNIFER REILLY,11,2026,,,0.43,,81,,Yes
3,9/17/24,3,S1,MAT701 / 13,ALGEBRA II A,JENNIFER REILLY,11,2026,C-,2.00 pts,1.86,,81,,Yes
4,9/24/24,3,S1,MAT701 / 13,ALGEBRA II A,JENNIFER REILLY,11,2026,B,2.95 pts,3.57,,81,,Yes
5,10/1/24,3,S1,MAT701 / 13,ALGEBRA II A,JENNIFER REILLY,11,2026,B-,2.81 pts,4.86,,81,,Yes
6,10/8/24,3,S1,MAT701 / 13,ALGEBRA II A,JENNIFER REILLY,11,2026,F,1.48 pts,8.57,,81,,Yes
7,10/16/24,3,S1,MAT701 / 13,ALGEBRA II A,JENNIFER REILLY,11,2026,F,1.44 pts,12.43,,81,,Yes
8,10/22/24,3,S1,MAT701 / 13,ALGEBRA II A,JENNIFER REILLY,11,2026,F,0.97 pts,16.71,,81,,Yes
9,10/29/24,3,S1,MAT701 / 13,ALGEBRA II A,JENNIFER REILLY,11,2026,F,0.73 pts,18.71,,81,,Yes
10,11/5/24,3,S1,MAT701 / 13,ALGEBRA II A,JENNIFER REILLY,11,2026,F,0.73 pts,20.29,,81,,Yes
2,9/10/24,2,S1,SCI609 / 12,CHEMISTRY/A,GRANT MERRILL,12,2025,A,4.00 pts,0,,82,,Yes
3,9/17/24,2,S1,SCI609 / 12,CHEMISTRY/A,GRANT MERRILL,12,2025,B,2.91 pts,0.5,,82,,Yes
4,9/24/24,2,S1,SCI609 / 12,CHEMISTRY/A,GRANT MERRILL,12,2025,B,3.01 pts,2.5,,82,,Yes
5,10/1/24,2,S1,SCI609 / 12,CHEMISTRY/A,GRANT MERRILL,12,2025,B,2.98 pts,2.5,,82,,Yes
6,10/8/24,2,S1,SCI609 / 12,CHEMISTRY/A,GRANT MERRILL,12,2025,C-,2.04 pts,2.5,,82,,Yes
7,10/16/24,2,S1,SCI609 / 12,CHEMISTRY/A,GRANT MERRILL,12,2025,C+,2.51 pts,2.5,,82,,Yes
8,10/22/24,2,S1,SCI609 / 12,CHEMISTRY/A,GRANT MERRILL,12,2025,B,3.04 pts,3,,82,,Yes
9,10/29/24,2,S1,SCI609 / 12,CHEMISTRY/A,GRANT MERRILL,12,2025,F,1.62 pts,4.33,,82,,Yes
10,11/5/24,2,S1,SCI609 / 12,CHEMISTRY/A,GRANT MERRILL,12,2025,F,1.62 pts,4.67,,82,,Yes
2,9/10/24,1,S1,MAT522 / 11,GEOMETRY A,ROCHELLE AITON,10,2027,,,1,,83,,Yes
3,9/17/24,1,S1,MAT522 / 11,GEOMETRY A,ROCHELLE AITON,10,2027,F,0.00 pts,3,,83,,Yes
4,9/24/24,1,S1,MAT522 / 11,GEOMETRY A,ROCHELLE AITON,10,2027,B-,2.85 pts,3,,83,,Yes
5,10/1/24,1,S1,MAT522 / 11,GEOMETRY A,ROCHELLE AITON,10,2027,B-,2.85 pts,3,,83,,Yes
6,10/8/24,1,S1,MAT522 / 11,GEOMETRY A,ROCHELLE AITON,10,2027,D+,1.81 pts,4.14,,83,,Yes
7,10/16/24,1,S1,MAT522 / 11,GEOMETRY A,ROCHELLE AITON,10,2027,D+,1.81 pts,4.14,,83,,Yes
8,10/22/24,1,S1,MAT522 / 11,GEOMETRY A,ROCHELLE AITON,10,2027,D+,1.81 pts,5.14,,83,,Yes
8,10/22/24,1,S1,MAT522 / 11,GEOMETRY A,NINETTE LILIENTHAL,10,2027,D+,1.81 pts,5.14,,83,,Yes
9,10/29/24,1,S1,MAT522 / 11,GEOMETRY A,ROCHELLE AITON,10,2027,D+,1.93 pts,5.14,,83,,Yes
9,10/29/24,1,S1,MAT522 / 11,GEOMETRY A,NINETTE LILIENTHAL,10,2027,D+,1.93 pts,5.14,,83,,Yes
10,11/5/24,1,S1,MAT522 / 11,GEOMETRY A,ROCHELLE AITON,10,2027,D+,1.93 pts,5.14,,83,,Yes
10,11/5/24,1,S1,MAT522 / 11,GEOMETRY A,NINETTE LILIENTHAL,10,2027,D+,1.93 pts,5.14,,83,,Yes
2,9/10/24,2,S1,MAT522 / 12,GEOMETRY A,ROCHELLE AITON,10,2027,,,0,,84,,Yes
3,9/17/24,2,S1,MAT522 / 12,GEOMETRY A,ROCHELLE AITON,10,2027,F,0.95 pts,0.14,,84,,Yes
4,9/24/24,2,S1,MAT522 / 12,GEOMETRY A,ROCHELLE AITON,10,2027,D+,1.90 pts,0.14,,84,,Yes
5,10/1/24,2,S1,MAT522 / 12,GEOMETRY A,ROCHELLE AITON,10,2027,D+,1.90 pts,0.14,,84,,Yes
6,10/8/24,2,S1,MAT522 / 12,GEOMETRY A,ROCHELLE AITON,10,2027,D+,1.81 pts,0.14,,84,,Yes
7,10/16/24,2,S1,MAT522 / 12,GEOMETRY A,ROCHELLE AITON,10,2027,D+,1.81 pts,0.14,,84,,Yes
8,10/22/24,2,S1,MAT522 / 12,GEOMETRY A,ROCHELLE AITON,10,2027,D+,1.81 pts,0.14,,84,,Yes
8,10/22/24,2,S1,MAT522 / 12,GEOMETRY A,NINETTE LILIENTHAL,10,2027,D+,1.81 pts,0.14,,84,,Yes
9,10/29/24,2,S1,MAT522 / 12,GEOMETRY A,ROCHELLE AITON,10,2027,D+,1.93 pts,0.43,,84,,Yes
9,10/29/24,2,S1,MAT522 / 12,GEOMETRY A,NINETTE LILIENTHAL,10,2027,D+,1.93 pts,0.43,,84,,Yes
10,11/5/24,2,S1,MAT522 / 12,GEOMETRY A,ROCHELLE AITON,10,2027,D+,1.93 pts,1.29,,84,,Yes
10,11/5/24,2,S1,MAT522 / 12,GEOMETRY A,NINETTE LILIENTHAL,10,2027,D+,1.93 pts,1.29,,84,,Yes
2,9/10/24,2,S1,MAT701 / 12,ALGEBRA II A,JASON BLAESING,11,2026,,,0.29,,85,,Yes
2,9/10/24,6,S1,SOC701 / 16,US HISTORY/A,SCOTT BOOTHBY,11,2026,A,4.00 pts,0,,85,,Yes
3,9/17/24,2,S1,MAT701 / 12,ALGEBRA II A,JASON BLAESING,11,2026,A,4.00 pts,0.29,,85,,Yes
3,9/17/24,6,S1,SOC701 / 16,US HISTORY/A,SCOTT BOOTHBY,11,2026,A,4.00 pts,0,,85,,Yes
4,9/24/24,2,S1,MAT701 / 12,ALGEBRA II A,JASON BLAESING,11,2026,F,1.29 pts,0.29,,85,,Yes
4,9/24/24,6,S1,SOC701 / 16,US HISTORY/A,SCOTT BOOTHBY,11,2026,A,4.00 pts,0,,85,,Yes
5,10/1/24,2,S1,MAT701 / 12,ALGEBRA II A,JASON BLAESING,11,2026,C-,2.11 pts,0.29,,85,,Yes
5,10/1/24,6,S1,SOC701 / 16,US HISTORY/A,SCOTT BOOTHBY,11,2026,A,4.00 pts,0,,85,,Yes
6,10/8/24,2,S1,MAT701 / 12,ALGEBRA II A,JASON BLAESING,11,2026,C-,2.05 pts,4.29,,85,,Yes
6,10/8/24,6,S1,SOC701 / 16,US HISTORY/A,SCOTT BOOTHBY,11,2026,A,3.91 pts,4,,85,,Yes
7,10/16/24,2,S1,MAT701 / 12,ALGEBRA II A,JASON BLAESING,11,2026,D,1.77 pts,4.29,,85,,Yes
7,10/16/24,6,S1,SOC701 / 16,US HISTORY/A,SCOTT BOOTHBY,11,2026,A-,3.52 pts,4,,85,,Yes
8,10/22/24,2,S1,MAT701 / 12,ALGEBRA II A,JASON BLAESING,11,2026,C,2.39 pts,4.29,,85,,Yes
8,10/22/24,6,S1,SOC701 / 16,US HISTORY/A,SCOTT BOOTHBY,11,2026,A-,3.52 pts,4,,85,,Yes
9,10/29/24,2,S1,MAT701 / 12,ALGEBRA II A,JASON BLAESING,11,2026,C,2.34 pts,4.29,,85,,Yes
9,10/29/24,6,S1,SOC701 / 16,US HISTORY/A,SCOTT BOOTHBY,11,2026,A,3.69 pts,4.57,,85,,Yes
10,11/5/24,2,S1,MAT701 / 12,ALGEBRA II A,JASON BLAESING,11,2026,C,2.33 pts,4.29,,85,,Yes
10,11/5/24,6,S1,SOC701 / 16,US HISTORY/A,SCOTT BOOTHBY,11,2026,A,3.72 pts,4.57,,85,,Yes
2,9/10/24,2,S1,SCI609 / 12,CHEMISTRY/A,GRANT MERRILL,11,2026,F,0.00 pts,0,,86,,Yes
2,9/10/24,6,S1,SOC701 / 16,US HISTORY/A,SCOTT BOOTHBY,11,2026,A,4.00 pts,0,,86,,Yes
3,9/17/24,2,S1,SCI609 / 12,CHEMISTRY/A,GRANT MERRILL,11,2026,F,1.10 pts,0,,86,,Yes
3,9/17/24,6,S1,SOC701 / 16,US HISTORY/A,SCOTT BOOTHBY,11,2026,A-,3.51 pts,0,,86,,Yes
4,9/24/24,2,S1,SCI609 / 12,CHEMISTRY/A,GRANT MERRILL,11,2026,B,3.01 pts,1,,86,,Yes
4,9/24/24,6,S1,SOC701 / 16,US HISTORY/A,SCOTT BOOTHBY,11,2026,A-,3.55 pts,1,,86,,Yes
5,10/1/24,2,S1,SCI609 / 12,CHEMISTRY/A,GRANT MERRILL,11,2026,B,2.99 pts,2,,86,,Yes
5,10/1/24,6,S1,SOC701 / 16,US HISTORY/A,SCOTT BOOTHBY,11,2026,B+,3.24 pts,2.43,,86,,Yes
6,10/8/24,2,S1,SCI609 / 12,CHEMISTRY/A,GRANT MERRILL,11,2026,C-,2.05 pts,2,,86,,Yes
6,10/8/24,6,S1,SOC701 / 16,US HISTORY/A,SCOTT BOOTHBY,11,2026,B+,3.37 pts,2.43,,86,,Yes
7,10/16/24,2,S1,SCI609 / 12,CHEMISTRY/A,GRANT MERRILL,11,2026,C-,2.05 pts,3,,86,,Yes
7,10/16/24,6,S1,SOC701 / 16,US HISTORY/A,SCOTT BOOTHBY,11,2026,B-,2.74 pts,3.43,,86,,Yes
8,10/22/24,2,S1,SCI609 / 12,CHEMISTRY/A,GRANT MERRILL,11,2026,C+,2.59 pts,3,,86,,Yes
8,10/22/24,6,S1,SOC701 / 16,US HISTORY/A,SCOTT BOOTHBY,11,2026,B-,2.74 pts,3.43,,86,,Yes
9,10/29/24,2,S1,SCI609 / 12,CHEMISTRY/A,GRANT MERRILL,11,2026,D,1.79 pts,3,,86,,Yes
9,10/29/24,6,S1,SOC701 / 16,US HISTORY/A,SCOTT BOOTHBY,11,2026,B,3.12 pts,3.86,,86,,Yes
10,11/5/24,2,S1,SCI609 / 12,CHEMISTRY/A,GRANT MERRILL,11,2026,D,1.79 pts,3,,86,,Yes
10,11/5/24,6,S1,SOC701 / 16,US HISTORY/A,SCOTT BOOTHBY,11,2026,A-,3.42 pts,3.86,,86,,Yes
2,9/10/24,2,S1,BUS301 / 12,PERSONAL FINANCE A,NICOLE SIMEK,12,2025,,,1.57,,87,,Yes
3,9/17/24,1,S1,ENG701 / 11,JUNIOR ENG/A,JOHN CARVER,11,2026,A,3.76 pts,1.64,,1,,#N/A
3,9/17/24,2,S1,PED500 / 12,WEIGHT TRAINING,SCOTT BOOTHBY,11,2026,C-,2.00 pts,1.79,,1,,#N/A
3,9/17/24,3,S1,MAT701 / 13,ALGEBRA II A,JENNIFER REILLY,11,2026,F,0.00 pts,2.07,,1,,Yes
3,9/17/24,4,S1,CTE114 / 14,ENGINEERING A,JASON BLAESING,11,2026,C-,2.00 pts,1.29,,1,,#N/A
3,9/17/24,5,S1,SOC701 / 15,US HISTORY/A,DAVE HAJEK,11,2026,C,2.30 pts,1.43,,1,,#N/A
3,9/17/24,6,S1,FAR604 / 16,SCENE DESIGN,KELLY GREGERSEN,11,2026,F,0.20 pts,1.14,,1,,#N/A
3,9/17/24,1,S1,CTA101 / 11,CTA S1,MARK CASTLE,11,2026,,,0,,3,,#N/A
3,9/17/24,2,S1,CTA101 / 11,CTA S1,MARK CASTLE,11,2026,,,0,,3,,#N/A
3,9/17/24,3,S1,CTA101 / 11,CTA S1,MARK CASTLE,11,2026,,,0,,3,,#N/A
3,9/17/24,4,S1,MAT701 / 14,ALGEBRA II A,JENNIFER REILLY,11,2026,A,4.00 pts,0,,3,,#N/A
3,9/17/24,5,S1,ASL503 / 15,AMERICAN SIGN LANGUAGE II/A,TAMI GRANT,11,2026,A-,3.50 pts,0,,3,,#N/A
3,9/17/24,6,S1,ENG701 / 16,JUNIOR ENG/A,JOHN CARVER,11,2026,A,3.90 pts,0.33,,3,,#N/A
3,9/17/24,1,S1,FAR505 / 11,CONCERT CHOIR/A,DAVID DUARTE,10,2027,F,0.00 pts,0.14,,4,,#N/A
3,9/17/24,2,S1,SPA501 / 12,SPANISH 1 A,ROCHELLE AITON,10,2027,A,3.95 pts,0.14,,4,,#N/A
3,9/17/24,3,S1,SOC108 / 13,WORLD HISTORY/A,RYAN ISAACSON,10,2027,A,4.00 pts,0,,4,,#N/A
3,9/17/24,4,S1,SCI601 / 14,BIOLOGY A,GRANT MERRILL,10,2027,F,0.99 pts,0.29,,4,,Yes
3,9/17/24,5,S1,ENG601 / 15,SOPH ENG/A,MARCEE SALAS,10,2027,A,3.60 pts,0,,4,,Yes
3,9/17/24,6,S1,MAT522 / 36,GEOMETRY A,ROCHELLE AITON,10,2027,D+,1.95 pts,0.29,,4,,#N/A
3,9/17/24,1,S1,VOC705 / 11,DIGITAL PHOTOGRAPHY I,ROSANNA RUFF,11,2026,A,4.00 pts,7.14,,5,,#N/A
3,9/17/24,2,S1,BUS301 / 12,PERSONAL FINANCE A,NICOLE SIMEK,11,2026,A,3.95 pts,7,,5,,Yes
3,9/17/24,3,S1,SCI503 / 33,PHYSICAL SCIENCE A,WILLIAM BAUR,11,2026,B,3.00 pts,7.14,,5,,#N/A
3,9/17/24,4,S1,SOC701 / 14,US HISTORY/A,DAVE HAJEK,11,2026,C,2.43 pts,7,,5,,Yes
3,9/17/24,5,S1,ENG701 / 15,JUNIOR ENG/A,JOHN CARVER,11,2026,A,3.86 pts,7,,5,,Yes
3,9/17/24,6,S1,PED500 / 16,WEIGHT TRAINING,SCOTT DIZMANG,11,2026,,,7.14,,5,,#N/A
3,9/17/24,1,S1,PED513 / 11,TEAM GAMES,SCOTT DIZMANG,10,2027,,,0,,6,,#N/A
3,9/17/24,2,S1,MAT522 / 12,GEOMETRY A,ROCHELLE AITON,10,2027,F,0.00 pts,0,,6,,Yes
3,9/17/24,3,S1,SOC108 / 13,WORLD HISTORY/A,RYAN ISAACSON,10,2027,A,4.00 pts,0,,6,,#N/A
3,9/17/24,4,S1,FAR109 / 14,CERAMICS II,ROBERT YEE,10,2027,,,0,,6,,#N/A
3,9/17/24,5,S1,ENG601 / 15,SOPH ENG/A,MARCEE SALAS,10,2027,A,4.00 pts,0,,6,,Yes
3,9/17/24,6,S1,SCI601 / 36,BIOLOGY A,WILLIAM BAUR,10,2027,B,3.00 pts,0,,6,,Yes
3,9/17/24,1,S1,ENG801 / 11,SENIOR ENG/A,HEATHER CARVER,12,2025,,,0.71,,7,,#N/A
3,9/17/24,2,S1,BUS301 / 12,PERSONAL FINANCE A,NICOLE SIMEK,12,2025,C-,2.10 pts,0.71,,7,,Yes
3,9/17/24,3,S1,ONT400 / 13,ON-TRACK/A,BRIAN ANDERSON,12,2025,F,0.00 pts,0.71,,7,,#N/A
3,9/17/24,4,S1,ENG715 / 14,FILM AS LITERATURE,KELLY GREGERSEN,12,2025,C-,2.19 pts,0.71,,7,,#N/A
3,9/17/24,5,S1,CTE100 / 15,MEDICAL CAREERS & TERMINOLOG/A,DONNA SCHATZ,12,2025,B,2.90 pts,0.71,,7,,#N/A
3,9/17/24,6,S1,SOC802 / 16,CIVICS,JIM REED,12,2025,A,4.00 pts,0.14,,7,,#N/A
3,9/17/24,1,S1,FAR720 / 11,PANTHER PLAYERS/A,KELLY GREGERSEN,11,2026,A,4.00 pts,0.14,,46,,#N/A
3,9/17/24,2,S1,SCI609 / 12,CHEMISTRY/A,GRANT MERRILL,11,2026,F,1.09 pts,0,,46,,Yes
3,9/17/24,3,S1,MAT701 / 13,ALGEBRA II A,JENNIFER REILLY,11,2026,A,4.00 pts,0,,46,,Yes
3,9/17/24,4,S1,ENG715 / 14,FILM AS LITERATURE,KELLY GREGERSEN,11,2026,A,4.00 pts,0,,46,,#N/A
3,9/17/24,5,S1,SOC701 / 15,US HISTORY/A,DAVE HAJEK,11,2026,A,3.70 pts,0,,46,,#N/A
3,9/17/24,6,S1,SPA501 / 16,SPANISH 1 A,ROCHELLE AITON,11,2026,A-,3.51 pts,0,,46,,#N/A
3,9/17/24,1,S1,FAR720 / 11,PANTHER PLAYERS/A,KELLY GREGERSEN,12,2025,A,4.00 pts,1.57,,8,,#N/A
3,9/17/24,2,S1,SPS103 / 12,OFFICE ASSISTANT,MARK CASTLE,12,2025,,,0.71,,8,,#N/A
3,9/17/24,3,S1,PED500 / 13,WEIGHT TRAINING,SCOTT BOOTHBY,12,2025,B,3.00 pts,0,,8,,#N/A
3,9/17/24,4,S1,ENG717 / 14,AP LITERATURE/ COMPOSITION A,HEATHER CARVER,12,2025,,,1.29,,8,,#N/A
3,9/17/24,5,S1,SOC802 / 15,CIVICS,SCOTT BOOTHBY,12,2025,A,3.95 pts,1.29,,8,,#N/A
3,9/17/24,6,S1,SCI503 / 16,PHYSICAL SCIENCE A,JAMES BENNETT,12,2025,A,4.00 pts,1.29,,8,,#N/A
3,9/17/24,1,S1,PED500 / 11,WEIGHT TRAINING,SCOTT BOOTHBY,10,2027,A,4.00 pts,1.43,,9,,#N/A
3,9/17/24,2,S1,SOC108 / 12,WORLD HISTORY/A,DAVID HOLLINGSWORTH,10,2027,C,2.40 pts,1.43,,9,,#N/A
3,9/17/24,3,S1,SCI601 / 13,BIOLOGY A,GRANT MERRILL,10,2027,F,1.46 pts,1.43,,9,,Yes
3,9/17/24,4,S1,FAR109 / 14,CERAMICS II,ROBERT YEE,10,2027,,,0.86,,9,,#N/A
3,9/17/24,5,S1,MAT522 / 15,GEOMETRY A,BRIAN ANDERSON,10,2027,C+,2.67 pts,0.86,,9,,Yes
3,9/17/24,6,S1,ENG601 / 16,SOPH ENG/A,MARCEE SALAS,10,2027,B+,3.20 pts,0.86,,9,,#N/A
3,9/17/24,1,S1,MAT522 / 11,GEOMETRY A,ROCHELLE AITON,10,2027,F,1.05 pts,0,,10,,Yes
3,9/17/24,2,S1,ENG601 / 12,SOPH ENG/A,KELLY GREGERSEN,10,2027,B,3.09 pts,0,,10,,Yes
3,9/17/24,3,S1,SOC108 / 13,WORLD HISTORY/A,RYAN ISAACSON,10,2027,A,4.00 pts,0,,10,,#N/A
3,9/17/24,4,S1,HFL118 / 14,ADV CULINARY ARTS A,ALEXANDRA YOST,10,2027,B,3.00 pts,0,,10,,#N/A
3,9/17/24,5,S1,VOC106 / 15,METAL MANUFACTURING & TECH I,DONALD O'BRIEN,10,2027,A,3.96 pts,0,,10,,#N/A
3,9/17/24,6,S1,SCI601 / 16,BIOLOGY A,GRANT MERRILL,10,2027,B,2.95 pts,0,,10,,Yes
3,9/17/24,1,S1,SPA601 / 11,SPANISH II A,ROCHELLE AITON,11,2026,A-,3.46 pts,1,,11,,#N/A
3,9/17/24,2,S1,HFL116 / 12,BAKING PASTRY ARTS I,KAYLA PAYNE,11,2026,,,1,,11,,#N/A
3,9/17/24,3,S1,MAT701 / 13,ALGEBRA II A,JENNIFER REILLY,11,2026,A,4.00 pts,1,,11,,Yes
3,9/17/24,4,S1,CTE114 / 14,ENGINEERING A,JASON BLAESING,11,2026,C-,2.00 pts,1.14,,11,,#N/A
3,9/17/24,5,S1,SOC703 / 15,AP US HISTORY A,RYAN ISAACSON,11,2026,A,4.00 pts,1,,11,,#N/A
3,9/17/24,6,S1,ENG701 / 16,JUNIOR ENG/A,JOHN CARVER,11,2026,A,3.90 pts,1,,11,,#N/A
3,9/17/24,1,S1,CTE114 / 11,ENGINEERING A,JASON BLAESING,11,2026,C-,2.00 pts,0,,12,,#N/A
3,9/17/24,2,S1,VOC116 / 12,BASIC CARPENTRY 1,BRENT MANSELL,11,2026,A,4.00 pts,0,,12,,#N/A
3,9/17/24,3,S1,BUS301 / 13,PERSONAL FINANCE A,NICOLE SIMEK,11,2026,A,3.85 pts,0,,12,,Yes
3,9/17/24,4,S1,SOC701 / 14,US HISTORY/A,DAVE HAJEK,11,2026,C+,2.67 pts,0,,12,,Yes
3,9/17/24,5,S1,VOC504 / 15,ADV FINE ARTS WOODWORKING I,BRENT MANSELL,11,2026,A,4.00 pts,0,,12,,#N/A
3,9/17/24,6,S1,ENG701 / 16,JUNIOR ENG/A,JOHN CARVER,11,2026,A,3.95 pts,0,,12,,#N/A
3,9/17/24,1,S1,MAT522 / 11,GEOMETRY A,ROCHELLE AITON,10,2027,F,0.95 pts,2,,13,,Yes
3,9/17/24,2,S1,ENG601 / 12,SOPH ENG/A,KELLY GREGERSEN,10,2027,B,3.13 pts,2,,13,,Yes
3,9/17/24,3,S1,SCI601 / 33,BIOLOGY A,DONNA SCHATZ,10,2027,,,2,,13,,#N/A
3,9/17/24,4,S1,CTE114 / 14,ENGINEERING A,JASON BLAESING,10,2027,A,4.00 pts,0.14,,13,,#N/A
3,9/17/24,5,S1,HFL113 / 15,INTRO CULINARY ART,ALEXANDRA YOST,10,2027,C-,2.00 pts,2,,13,,#N/A
3,9/17/24,6,S1,SOC108 / 36,WORLD HISTORY/A,DAVE HAJEK,10,2027,B+,3.33 pts,2,,13,,#N/A
3,9/17/24,1,S1,ENG701 / 11,JUNIOR ENG/A,JOHN CARVER,11,2026,A,3.76 pts,0.43,,14,,#N/A
3,9/17/24,2,S1,VOC705 / 12,DIGITAL PHOTOGRAPHY I,ROSANNA RUFF,11,2026,A,4.00 pts,0,,14,,#N/A
3,9/17/24,3,S1,MAT701 / 13,ALGEBRA II A,JENNIFER REILLY,11,2026,C-,2.00 pts,0.43,,14,,Yes
3,9/17/24,4,S1,SCI503 / 14,PHYSICAL SCIENCE A,JAMES BENNETT,11,2026,A,4.00 pts,0.43,,14,,#N/A
3,9/17/24,5,S1,SOC701 / 15,US HISTORY/A,DAVE HAJEK,11,2026,B+,3.20 pts,0.43,,14,,#N/A
3,9/17/24,6,S1,VOC502 / 16,FINE ARTS WOODWORKING I,BRENT MANSELL,11,2026,A,4.00 pts,0,,14,,#N/A
3,9/17/24,1,S1,SPA601 / 11,SPANISH II A,ROCHELLE AITON,10,2027,A,3.97 pts,0,,15,,#N/A
3,9/17/24,2,S1,ENG601 / 12,SOPH ENG/A,KELLY GREGERSEN,10,2027,B,2.91 pts,0,,15,,Yes
3,9/17/24,3,S1,SOC108 / 13,WORLD HISTORY/A,RYAN ISAACSON,10,2027,A,4.00 pts,0,,15,,#N/A
3,9/17/24,4,S1,SCI601 / 14,BIOLOGY A,GRANT MERRILL,10,2027,F,1.05 pts,0,,15,,Yes
3,9/17/24,5,S1,PED513 / 15,TEAM GAMES,SCOTT DIZMANG,10,2027,,,0,,15,,#N/A
3,9/17/24,6,S1,MAT522 / 36,GEOMETRY A,ROCHELLE AITON,10,2027,D+,1.90 pts,0,,15,,#N/A
3,9/17/24,1,S1,SOC108 / 11,WORLD HISTORY/A,DAVID HOLLINGSWORTH,10,2027,,4.00 pts,0,,17,,#N/A
3,9/17/24,1,S1,VOC106 / 11,METAL MANUFACTURING & TECH I,DONALD O'BRIEN,10,2027,,,1.29,,17,,#N/A
3,9/17/24,2,S1,ENG601 / 12,SOPH ENG/A,KELLY GREGERSEN,10,2027,C-,2.09 pts,0.71,,17,,Yes
3,9/17/24,3,S1,SCI601 / 33,BIOLOGY A,DONNA SCHATZ,10,2027,,,1.29,,17,,#N/A
3,9/17/24,4,S1,MAT522 / 14,GEOMETRY A,ROCHELLE AITON,10,2027,,,1.29,,17,,Yes
3,9/17/24,5,S1,PED513 / 15,TEAM GAMES,SCOTT DIZMANG,10,2027,,,1.29,,17,,#N/A
3,9/17/24,6,S1,VOC620 / 16,METAL CRAFTS & PRODUCTION I,DONALD O'BRIEN,10,2027,,0.00 pts,0,,17,,#N/A
3,9/17/24,6,S1,SOC108 / 36,WORLD HISTORY/A,DAVE HAJEK,10,2027,F,1.50 pts,0.57,,17,,#N/A
3,9/17/24,1,S1,PED101 / 11,PHYSICAL EDUCATION,KATHERINE STURDYVIN-SCOBBA,12,2025,,,1.43,,18,,#N/A
3,9/17/24,2,S1,BUS301 / 12,PERSONAL FINANCE A,NICOLE SIMEK,12,2025,B-,2.89 pts,0.86,,18,,Yes
3,9/17/24,3,S1,SOC802 / 13,CIVICS,JIM REED,12,2025,,,1,,18,,#N/A
3,9/17/24,4,S1,AACTM1 / 14,ACADEMIC ACHIEVEMENT A,TIMOTHY MOORE,12,2025,A,4.00 pts,1.57,,18,,#N/A
3,9/17/24,5,S1,ONT400 / 15,ON-TRACK/A,ROBERT YEE,12,2025,B,3.00 pts,0.86,,18,,#N/A
3,9/17/24,6,S1,ENG801 / 16,SENIOR ENG/A,HEATHER CARVER,12,2025,,,0.86,,18,,#N/A
3,9/17/24,1,S1,PED500 / 11,WEIGHT TRAINING,SCOTT BOOTHBY,9,2028,A,4.00 pts,0,,2,,#N/A
3,9/17/24,2,S1,ASL501 / 12,AMERICAN SIGN LANGUAGE I/A,KYLA RITCHEY,9,2028,,,0,,2,,#N/A
3,9/17/24,3,S1,MAT520 / 33,ALGEBRA I A,JANET GROVE,9,2028,A,4.00 pts,0.14,,2,,#N/A
3,9/17/24,4,S1,SCI503 / 14,PHYSICAL SCIENCE A,JAMES BENNETT,9,2028,A,4.00 pts,0.14,,2,,#N/A
3,9/17/24,5,S1,HFL113 / 15,INTRO CULINARY ART,ALEXANDRA YOST,9,2028,C-,2.00 pts,0,,2,,#N/A
3,9/17/24,6,S1,ENG501 / 16,FR ENGLISH/A,DAVID HOLLINGSWORTH,9,2028,A,3.80 pts,0,,2,,Yes
3,9/17/24,1,S1,CTE114 / 11,ENGINEERING A,JASON BLAESING,11,2026,A,4.00 pts,0,,19,,#N/A
3,9/17/24,2,S1,FAR113 / 12,INTRO TO ART AND DESIGN,ROBERT YEE,11,2026,A,4.00 pts,0,,19,,#N/A
3,9/17/24,3,S1,FAR605 / 13,INTRO TO THEATRE,KELLY GREGERSEN,11,2026,A,4.00 pts,0,,19,,#N/A
3,9/17/24,4,S1,ENG701 / 14,JUNIOR ENG/A,JOHN CARVER,11,2026,A,3.90 pts,0,,19,,#N/A
3,9/17/24,5,S1,SOC703 / 15,AP US HISTORY A,RYAN ISAACSON,11,2026,A,4.00 pts,0,,19,,#N/A
3,9/17/24,6,S1,MAT701 / 16,ALGEBRA II A,JASON BLAESING,11,2026,C+,2.67 pts,0,,19,,Yes
3,9/17/24,1,S1,ENG601 / 11,SOPH ENG/A,MARCEE SALAS,10,2027,B+,3.33 pts,0,,20,,#N/A
3,9/17/24,2,S1,MAT522 / 32,GEOMETRY A,BRIAN ANDERSON,10,2027,A,3.67 pts,0.14,,20,,#N/A
3,9/17/24,3,S1,VOC620 / 13,METAL CRAFTS & PRODUCTION I,DONALD O'BRIEN,10,2027,A,3.95 pts,0,,20,,#N/A
3,9/17/24,4,S1,SCI601 / 14,BIOLOGY A,GRANT MERRILL,10,2027,B+,3.20 pts,0,,20,,Yes
3,9/17/24,5,S1,CTE100 / 15,MEDICAL CAREERS & TERMINOLOG/A,DONNA SCHATZ,10,2027,A,4.00 pts,0,,20,,#N/A
3,9/17/24,6,S1,SOC108 / 36,WORLD HISTORY/A,DAVE HAJEK,10,2027,A,3.67 pts,0,,20,,#N/A
3,9/17/24,1,S1,SOC701 / 11,US HISTORY/A,DAVE HAJEK,11,2026,B+,3.23 pts,0,,21,,#N/A
3,9/17/24,2,S1,SCI609 / 12,CHEMISTRY/A,GRANT MERRILL,11,2026,F,1.10 pts,0,,21,,Yes
3,9/17/24,3,S1,BUS301 / 13,PERSONAL FINANCE A,NICOLE SIMEK,11,2026,F,0.00 pts,0,,21,,Yes
3,9/17/24,4,S1,HFL118 / 14,ADV CULINARY ARTS A,ALEXANDRA YOST,11,2026,B,3.00 pts,0,,21,,#N/A
3,9/17/24,5,S1,ENG701 / 15,JUNIOR ENG/A,JOHN CARVER,11,2026,A,3.95 pts,0,,21,,Yes
3,9/17/24,6,S1,PED500 / 16,WEIGHT TRAINING,SCOTT DIZMANG,11,2026,,,0,,21,,#N/A
3,9/17/24,1,S1,FAR109 / 11,CERAMICS II,ROBERT YEE,11,2026,,,0,,22,,#N/A
3,9/17/24,2,S1,FAR113 / 12,INTRO TO ART AND DESIGN,ROBERT YEE,11,2026,A-,3.50 pts,0.29,,22,,#N/A
3,9/17/24,3,S1,MAT701 / 13,ALGEBRA II A,JENNIFER REILLY,11,2026,A,4.00 pts,0.29,,22,,Yes
3,9/17/24,4,S1,SCI503 / 34,PHYSICAL SCIENCE A,WILLIAM BAUR,11,2026,A,4.00 pts,0,,22,,#N/A
3,9/17/24,5,S1,SOC701 / 15,US HISTORY/A,DAVE HAJEK,11,2026,A,3.73 pts,0,,22,,#N/A
3,9/17/24,6,S1,ENG701 / 16,JUNIOR ENG/A,JOHN CARVER,11,2026,A,3.95 pts,0,,22,,#N/A
3,9/17/24,1,S1,SCI503 / 11,PHYSICAL SCIENCE A,JAMES BENNETT,11,2026,A,4.00 pts,1.14,,23,,#N/A
3,9/17/24,2,S1,BUS301 / 12,PERSONAL FINANCE A,NICOLE SIMEK,11,2026,F,0.00 pts,1,,23,,Yes
3,9/17/24,3,S1,ONT400 / 13,ON-TRACK/A,BRIAN ANDERSON,11,2026,A,4.00 pts,1,,23,,#N/A
3,9/17/24,4,S1,SOC701 / 14,US HISTORY/A,DAVE HAJEK,11,2026,D,1.77 pts,1,,23,,Yes
3,9/17/24,5,S1,ENG701 / 15,JUNIOR ENG/A,JOHN CARVER,11,2026,F,0.24 pts,1,,23,,Yes
3,9/17/24,6,S1,VOC620 / 16,METAL CRAFTS & PRODUCTION I,DONALD O'BRIEN,11,2026,,0.00 pts,1.29,,23,,#N/A
3,9/17/24,6,S1,FAR604 / 16,SCENE DESIGN,KELLY GREGERSEN,11,2026,,,0,,23,,#N/A
3,9/17/24,1,S1,MAT704 / 11,PRE-CALC A MAT 153,BRIAN ANDERSON,12,2025,,,0.25,,24,,Yes
3,9/17/24,2,S1,RUN101 / 12,RUNNING START/A,,12,2025,,,0,,24,,#N/A
3,9/17/24,3,S1,CTE120 / 13,CYBER SECURITY I,ROSANNA RUFF,12,2025,F,1.14 pts,1,,24,,#N/A
3,9/17/24,4,S1,ENG717 / 14,AP LITERATURE/ COMPOSITION A,HEATHER CARVER,12,2025,,,1.5,,24,,#N/A
3,9/17/24,5,S1,SOC802 / 15,CIVICS,SCOTT BOOTHBY,12,2025,A,4.00 pts,1,,24,,#N/A
3,9/17/24,6,S1,RUN101 / 16,RUNNING START/A,,12,2025,,,0,,24,,#N/A
3,9/17/24,1,S1,PED513 / 11,TEAM GAMES,SCOTT DIZMANG,9,2028,,,0,,25,,#N/A
3,9/17/24,2,S1,HFL114 / 12,FAMILY HEALTH,MICHAEL ISOTALO,9,2028,F,0.00 pts,0,,25,,#N/A
3,9/17/24,3,S1,SCI503 / 33,PHYSICAL SCIENCE A,WILLIAM BAUR,9,2028,A,4.00 pts,0,,25,,#N/A
3,9/17/24,4,S1,VOC300 / 14,SMALL ENGINE REPAIR I,DONALD O'BRIEN,9,2028,F,0.00 pts,0,,25,,#N/A
3,9/17/24,5,S1,MAT520 / 15,ALGEBRA I A,KEVIN REILLY,9,2028,F,0.00 pts,0,,25,,#N/A
3,9/17/24,6,S1,ENG501 / 16,FR ENGLISH/A,DAVID HOLLINGSWORTH,9,2028,A,4.00 pts,0,,25,,Yes
3,9/17/24,1,S1,SCI503 / 11,PHYSICAL SCIENCE A,JAMES BENNETT,11,2026,A,4.00 pts,0.71,,26,,#N/A
3,9/17/24,2,S1,VOC705 / 12,DIGITAL PHOTOGRAPHY I,ROSANNA RUFF,11,2026,A,4.00 pts,0.43,,26,,#N/A
3,9/17/24,3,S1,ONT400 / 13,ON-TRACK/A,BRIAN ANDERSON,11,2026,A,4.00 pts,0,,26,,#N/A
3,9/17/24,4,S1,SOC701 / 14,US HISTORY/A,DAVE HAJEK,11,2026,B,2.93 pts,0,,26,,Yes
3,9/17/24,5,S1,BUS301 / 15,PERSONAL FINANCE A,NICOLE SIMEK,11,2026,B-,2.85 pts,0,,26,,#N/A
3,9/17/24,6,S1,ENG701 / 16,JUNIOR ENG/A,JOHN CARVER,11,2026,A,3.76 pts,0.29,,26,,#N/A
3,9/17/24,1,S1,ASL505 / 11,AMER SIGN III/A,TAMI GRANT,11,2026,F,0.00 pts,0.43,,29,,#N/A
3,9/17/24,2,S1,SCI503 / 32,PHYSICAL SCIENCE A,WILLIAM BAUR,11,2026,A,4.00 pts,0.43,,29,,#N/A
3,9/17/24,3,S1,ENG719 / 13,AP LANGUAGE/COMPOSITION A,HEATHER CARVER,11,2026,A,4.00 pts,0.43,,29,,#N/A
3,9/17/24,4,S1,MAT701 / 14,ALGEBRA II A,JENNIFER REILLY,11,2026,A,4.00 pts,0.43,,29,,#N/A
3,9/17/24,5,S1,CTE501 / 15,PROJECT IN LEADERSHIP/A,KYLA RITCHEY,11,2026,,,0,,29,,#N/A
3,9/17/24,6,S1,SOC701 / 16,US HISTORY/A,SCOTT BOOTHBY,11,2026,F,1.54 pts,0.43,,29,,Yes
3,9/17/24,1,S1,PED500 / 11,WEIGHT TRAINING,SCOTT BOOTHBY,12,2025,A-,3.50 pts,0,,27,,#N/A
3,9/17/24,2,S1,BUS301 / 12,PERSONAL FINANCE A,NICOLE SIMEK,12,2025,D+,1.94 pts,0,,27,,Yes
3,9/17/24,3,S1,ONT400 / 13,ON-TRACK/A,BRIAN ANDERSON,12,2025,F,0.00 pts,0,,27,,#N/A
3,9/17/24,4,S1,SOC802 / 14,CIVICS,JIM REED,12,2025,A,4.00 pts,0.14,,27,,#N/A
3,9/17/24,5,S1,CTE100 / 15,MEDICAL CAREERS & TERMINOLOG/A,DONNA SCHATZ,12,2025,F,0.90 pts,0,,27,,#N/A
3,9/17/24,6,S1,ENG801 / 16,SENIOR ENG/A,HEATHER CARVER,12,2025,,,0,,27,,#N/A
3,9/17/24,1,S1,ENG601 / 11,SOPH ENG/A,MARCEE SALAS,10,2027,B-,2.89 pts,0,,28,,#N/A
3,9/17/24,2,S1,SCI601 / 32,BIOLOGY A,DONNA SCHATZ,10,2027,,,0,,28,,#N/A
3,9/17/24,3,S1,ASL501 / 13,AMERICAN SIGN LANGUAGE I/A,KYLA RITCHEY,10,2027,,,0.57,,28,,#N/A
3,9/17/24,4,S1,MAT522 / 14,GEOMETRY A,ROCHELLE AITON,10,2027,,,0.57,,28,,Yes
3,9/17/24,5,S1,CTE222 / 15,MUSIC PROD IA,DAVID DUARTE,10,2027,C-,2.00 pts,0.57,,28,,#N/A
3,9/17/24,6,S1,SOC108 / 16,WORLD HISTORY/A,RYAN ISAACSON,10,2027,A,4.00 pts,0.57,,28,,#N/A
3,9/17/24,1,S1,PED513 / 11,TEAM GAMES,SCOTT DIZMANG,12,2025,,,0.29,,30,,#N/A
3,9/17/24,2,S1,ASL503 / 12,AMERICAN SIGN LANGUAGE II/A,TAMI GRANT,12,2025,A,4.00 pts,0,,30,,#N/A
3,9/17/24,3,S1,BUS301 / 13,PERSONAL FINANCE A,NICOLE SIMEK,12,2025,B-,2.85 pts,0,,30,,Yes
3,9/17/24,4,S1,SOC802 / 14,CIVICS,JIM REED,12,2025,A,4.00 pts,0,,30,,#N/A
3,9/17/24,5,S1,VOC106 / 15,METAL MANUFACTURING & TECH I,DONALD O'BRIEN,12,2025,A,3.97 pts,0,,30,,#N/A
3,9/17/24,6,S1,ENG801 / 16,SENIOR ENG/A,HEATHER CARVER,12,2025,,,0.14,,30,,#N/A
3,9/17/24,1,S1,PED513 / 11,TEAM GAMES,SCOTT DIZMANG,11,2026,,,5,,31,,#N/A
3,9/17/24,2,S1,MAT520 / 12,ALGEBRA I A,KEVIN REILLY,11,2026,,,5.57,,31,,#N/A
3,9/17/24,3,S1,SOC701 / 13,US HISTORY/A,DAVE HAJEK,11,2026,F,0.00 pts,5.57,,31,,#N/A
3,9/17/24,4,S1,SCI503 / 34,PHYSICAL SCIENCE A,WILLIAM BAUR,11,2026,F,0.00 pts,5.57,,31,,#N/A
3,9/17/24,5,S1,ENG701 / 15,JUNIOR ENG/A,JOHN CARVER,11,2026,F,0.00 pts,3.57,,31,,Yes
3,9/17/24,6,S1,FAR108 / 16,CERAMICS I,ROBERT YEE,11,2026,A,4.00 pts,5.57,,31,,#N/A
3,9/17/24,1,S1,FAR108 / 11,CERAMICS I,ROBERT YEE,10,2027,A,4.00 pts,0,,32,,#N/A
3,9/17/24,2,S1,SOC108 / 12,WORLD HISTORY/A,DAVID HOLLINGSWORTH,10,2027,B,3.00 pts,0,,32,,#N/A
3,9/17/24,3,S1,SCI601 / 33,BIOLOGY A,DONNA SCHATZ,10,2027,,,0,,32,,#N/A
3,9/17/24,4,S1,MAT522 / 14,GEOMETRY A,ROCHELLE AITON,10,2027,,,0,,32,,Yes
3,9/17/24,5,S1,ASL503 / 15,AMERICAN SIGN LANGUAGE II/A,TAMI GRANT,10,2027,F,1.50 pts,0,,32,,#N/A
3,9/17/24,6,S1,ENG601 / 16,SOPH ENG/A,MARCEE SALAS,10,2027,B-,2.70 pts,0,,32,,#N/A
3,9/17/24,1,S1,VOC705 / 11,DIGITAL PHOTOGRAPHY I,ROSANNA RUFF,10,2027,A,4.00 pts,0.14,,33,,#N/A
3,9/17/24,2,S1,MAT522 / 12,GEOMETRY A,ROCHELLE AITON,10,2027,F,0.95 pts,0,,33,,Yes
3,9/17/24,3,S1,ASL501 / 13,AMERICAN SIGN LANGUAGE I/A,KYLA RITCHEY,10,2027,,,0,,33,,#N/A
3,9/17/24,4,S1,SOC108 / 14,WORLD HISTORY/A,DAVID HOLLINGSWORTH,10,2027,B+,3.20 pts,0,,33,,#N/A
3,9/17/24,5,S1,ENG601 / 15,SOPH ENG/A,MARCEE SALAS,10,2027,A,4.00 pts,0,,33,,Yes
3,9/17/24,6,S1,SCI601 / 36,BIOLOGY A,WILLIAM BAUR,10,2027,A,4.00 pts,0,,33,,Yes
3,9/17/24,1,S1,VOC106 / 11,METAL MANUFACTURING & TECH I,DONALD O'BRIEN,10,2027,A,3.85 pts,0.43,,34,,#N/A
3,9/17/24,2,S1,ENG601 / 12,SOPH ENG/A,KELLY GREGERSEN,10,2027,B-,2.77 pts,0,,34,,Yes
3,9/17/24,3,S1,SCI601 / 13,BIOLOGY A,GRANT MERRILL,10,2027,F,0.20 pts,0,,34,,Yes
3,9/17/24,4,S1,MAT522 / 14,GEOMETRY A,ROCHELLE AITON,10,2027,,,0,,34,,Yes
3,9/17/24,5,S1,VOC503 / 15,FINE ARTS WOODS II,BRENT MANSELL,10,2027,F,0.00 pts,0.43,,34,,#N/A
3,9/17/24,6,S1,SOC108 / 16,WORLD HISTORY/A,RYAN ISAACSON,10,2027,F,0.00 pts,0.43,,34,,#N/A
3,9/17/24,1,S1,ENG801 / 11,SENIOR ENG/A,HEATHER CARVER,12,2025,,,0,,35,,#N/A
3,9/17/24,2,S1,SCI609 / 12,CHEMISTRY/A,GRANT MERRILL,12,2025,B,2.91 pts,0,,35,,Yes
3,9/17/24,3,S1,SOC802 / 13,CIVICS,JIM REED,12,2025,A,4.00 pts,0,,35,,#N/A
3,9/17/24,4,S1,HFL115 / 14,ADVANCED PASTRY ARTS I,KAYLA PAYNE,12,2025,,,0,,35,,#N/A
3,9/17/24,5,S1,ONT400 / 15,ON-TRACK/A,ROBERT YEE,12,2025,B,3.00 pts,0,,35,,#N/A
3,9/17/24,6,S1,FAR111 / 16,CERAMICS IV,ROBERT YEE,12,2025,,,0,,35,,#N/A
3,9/17/24,1,S1,CTE114 / 11,ENGINEERING A,JASON BLAESING,11,2026,A,4.00 pts,7.43,,36,,#N/A
3,9/17/24,2,S1,MAT701 / 12,ALGEBRA II A,JASON BLAESING,11,2026,C-,2.00 pts,7.43,,36,,Yes
3,9/17/24,3,S1,PED500 / 13,WEIGHT TRAINING,SCOTT BOOTHBY,11,2026,B,3.00 pts,7.43,,36,,#N/A
3,9/17/24,4,S1,ENG701 / 14,JUNIOR ENG/A,JOHN CARVER,11,2026,A,3.90 pts,7.14,,36,,#N/A
3,9/17/24,5,S1,SOC701 / 15,US HISTORY/A,DAVE HAJEK,11,2026,B+,3.30 pts,7,,36,,#N/A
3,9/17/24,6,S1,FAR542 / 16,WIND ENSEMB/A,DAVID DUARTE,11,2026,A,4.00 pts,7,,36,,#N/A
3,9/17/24,1,S1,VOC502 / 11,FINE ARTS WOODWORKING I,BRENT MANSELL,11,2026,A,4.00 pts,0,,37,,#N/A
3,9/17/24,2,S1,SCI503 / 12,PHYSICAL SCIENCE A,JAMES BENNETT,11,2026,A,4.00 pts,0,,37,,#N/A
3,9/17/24,3,S1,ONT400 / 13,ON-TRACK/A,BRIAN ANDERSON,11,2026,F,0.00 pts,0,,37,,#N/A
3,9/17/24,4,S1,ENG715 / 14,FILM AS LITERATURE,KELLY GREGERSEN,11,2026,B,3.10 pts,0,,37,,#N/A
3,9/17/24,5,S1,BUS301 / 15,PERSONAL FINANCE A,NICOLE SIMEK,11,2026,D+,1.90 pts,0,,37,,#N/A
3,9/17/24,6,S1,SOC701 / 16,US HISTORY/A,SCOTT BOOTHBY,11,2026,F,1.49 pts,0,,37,,Yes
3,9/17/24,1,S1,VOC502 / 11,FINE ARTS WOODWORKING I,BRENT MANSELL,10,2027,A,4.00 pts,0,,38,,#N/A
3,9/17/24,2,S1,SCI601 / 32,BIOLOGY A,DONNA SCHATZ,10,2027,,,0.71,,38,,#N/A
3,9/17/24,3,S1,MAT522 / 13,GEOMETRY A,ROCHELLE AITON,10,2027,F,0.00 pts,0.71,,38,,Yes
3,9/17/24,4,S1,PED500 / 14,WEIGHT TRAINING,SCOTT DIZMANG,10,2027,,,0.71,,38,,#N/A
3,9/17/24,5,S1,ENG601 / 15,SOPH ENG/A,MARCEE SALAS,10,2027,B+,3.20 pts,0.71,,38,,Yes
3,9/17/24,6,S1,SOC108 / 36,WORLD HISTORY/A,DAVE HAJEK,10,2027,B,3.17 pts,0.71,,38,,#N/A
3,9/17/24,1,S1,VOC106 / 11,METAL MANUFACTURING & TECH I,DONALD O'BRIEN,10,2027,A,4.00 pts,0,,39,,#N/A
3,9/17/24,2,S1,SOC108 / 12,WORLD HISTORY/A,DAVID HOLLINGSWORTH,10,2027,C,2.40 pts,0,,39,,#N/A
3,9/17/24,3,S1,MAT522 / 13,GEOMETRY A,ROCHELLE AITON,10,2027,D+,1.95 pts,0,,39,,Yes
3,9/17/24,4,S1,PED500 / 14,WEIGHT TRAINING,SCOTT DIZMANG,10,2027,,,0,,39,,#N/A
3,9/17/24,5,S1,ENG601 / 15,SOPH ENG/A,MARCEE SALAS,10,2027,A,4.00 pts,0,,39,,Yes
3,9/17/24,6,S1,SCI601 / 36,BIOLOGY A,WILLIAM BAUR,10,2027,B,3.00 pts,0,,39,,Yes
3,9/17/24,1,S1,ENG701 / 11,JUNIOR ENG/A,JOHN CARVER,11,2026,A,4.00 pts,0,,40,,#N/A
3,9/17/24,2,S1,MAT701 / 12,ALGEBRA II A,JASON BLAESING,11,2026,C+,2.67 pts,0,,40,,Yes
3,9/17/24,3,S1,PED500 / 13,WEIGHT TRAINING,SCOTT BOOTHBY,11,2026,A,4.00 pts,0,,40,,#N/A
3,9/17/24,4,S1,SCI503 / 34,PHYSICAL SCIENCE A,WILLIAM BAUR,11,2026,F,0.00 pts,0,,40,,#N/A
3,9/17/24,5,S1,SPA601 / 15,SPANISH II A,ROCHELLE AITON,11,2026,B,2.95 pts,0,,40,,#N/A
3,9/17/24,6,S1,SOC701 / 16,US HISTORY/A,SCOTT BOOTHBY,11,2026,F,1.54 pts,0,,40,,Yes
3,9/17/24,1,S1,SOC701 / 11,US HISTORY/A,DAVE HAJEK,11,2026,A,3.90 pts,0,,47,,#N/A
3,9/17/24,2,S1,SCI609 / 12,CHEMISTRY/A,GRANT MERRILL,11,2026,B+,3.27 pts,0,,47,,Yes
3,9/17/24,3,S1,ASL503 / 13,AMERICAN SIGN LANGUAGE II/A,TAMI GRANT,11,2026,,,0,,47,,#N/A
3,9/17/24,4,S1,PED500 / 14,WEIGHT TRAINING,SCOTT DIZMANG,11,2026,,,0,,47,,#N/A
3,9/17/24,5,S1,MAT701 / 35,ALGEBRA II A,JENNIFER REILLY,11,2026,A,4.00 pts,0,,47,,#N/A
3,9/17/24,6,S1,ENG701 / 16,JUNIOR ENG/A,JOHN CARVER,11,2026,A,3.95 pts,0,,47,,#N/A
3,9/17/24,1,S1,ENG701 / 11,JUNIOR ENG/A,JOHN CARVER,11,2026,B,3.05 pts,0.14,,41,,#N/A
3,9/17/24,2,S1,HFL116 / 12,BAKING PASTRY ARTS I,KAYLA PAYNE,11,2026,,,0,,41,,#N/A
3,9/17/24,3,S1,SCI503 / 33,PHYSICAL SCIENCE A,WILLIAM BAUR,11,2026,A,4.00 pts,0,,41,,#N/A
3,9/17/24,4,S1,SOC701 / 14,US HISTORY/A,DAVE HAJEK,11,2026,B+,3.33 pts,0,,41,,Yes
3,9/17/24,5,S1,ASL503 / 15,AMERICAN SIGN LANGUAGE II/A,TAMI GRANT,11,2026,A-,3.50 pts,0,,41,,#N/A
3,9/17/24,6,S1,MAT701 / 16,ALGEBRA II A,JASON BLAESING,11,2026,C+,2.67 pts,0,,41,,Yes
3,9/17/24,1,S1,FAR606 / 11,ADVANCED ACTING/ A,KELLY GREGERSEN,12,2025,A,4.00 pts,0,,42,,#N/A
3,9/17/24,2,S1,SCI609 / 12,CHEMISTRY/A,GRANT MERRILL,12,2025,F,1.12 pts,0,,42,,Yes
3,9/17/24,3,S1,ENG801 / 13,SENIOR ENG/A,JOHN CARVER,12,2025,A,3.80 pts,0,,42,,#N/A
3,9/17/24,4,S1,HFL118 / 14,ADV CULINARY ARTS A,ALEXANDRA YOST,12,2025,B,3.00 pts,0,,42,,#N/A
3,9/17/24,5,S1,BUS301 / 15,PERSONAL FINANCE A,NICOLE SIMEK,12,2025,B,2.98 pts,0,,42,,#N/A
3,9/17/24,6,S1,FAR542 / 16,WIND ENSEMB/A,DAVID DUARTE,12,2025,C+,2.67 pts,0.14,,42,,#N/A
3,9/17/24,1,S1,ENG701 / 11,JUNIOR ENG/A,JOHN CARVER,11,2026,A,4.00 pts,1.43,,43,,#N/A
3,9/17/24,2,S1,SCI503 / 12,PHYSICAL SCIENCE A,JAMES BENNETT,11,2026,A,4.00 pts,1.29,,43,,#N/A
3,9/17/24,3,S1,ASL503 / 13,AMERICAN SIGN LANGUAGE II/A,TAMI GRANT,11,2026,B,3.00 pts,1,,43,,#N/A
3,9/17/24,4,S1,SOC701 / 14,US HISTORY/A,DAVE HAJEK,11,2026,B+,3.23 pts,1.43,,43,,Yes
3,9/17/24,5,S1,SOC105 / 15,AP PSYCHOLOGY A,JIM REED,11,2026,A,4.00 pts,1,,43,,#N/A
3,9/17/24,6,S1,MAT701 / 16,ALGEBRA II A,JASON BLAESING,11,2026,A,4.00 pts,1,,43,,Yes
3,9/17/24,1,S1,MAT522 / 11,GEOMETRY A,ROCHELLE AITON,10,2027,F,0.00 pts,2.29,,44,,Yes
3,9/17/24,2,S1,HFL116 / 12,BAKING PASTRY ARTS I,KAYLA PAYNE,10,2027,,,0,,44,,#N/A
3,9/17/24,2,S1,SCI601 / 32,BIOLOGY A,DONNA SCHATZ,10,2027,,,1.86,,44,,#N/A
3,9/17/24,3,S1,HFL116 / 13,BAKING PASTRY ARTS I,KAYLA PAYNE,10,2027,,,2.57,,44,,#N/A
3,9/17/24,3,S1,SCI601 / 33,BIOLOGY A,DONNA SCHATZ,10,2027,,,0,,44,,#N/A
3,9/17/24,4,S1,PED500 / 14,WEIGHT TRAINING,SCOTT DIZMANG,10,2027,,,3.43,,44,,#N/A
3,9/17/24,5,S1,ENG601 / 15,SOPH ENG/A,MARCEE SALAS,10,2027,F,1.20 pts,3.43,,44,,Yes
3,9/17/24,6,S1,SOC108 / 16,WORLD HISTORY/A,RYAN ISAACSON,10,2027,F,0.00 pts,3.43,,44,,#N/A
3,9/17/24,1,S1,VOC705 / 11,DIGITAL PHOTOGRAPHY I,ROSANNA RUFF,11,2026,A,4.00 pts,0,,45,,#N/A
3,9/17/24,2,S1,SCI609 / 12,CHEMISTRY/A,GRANT MERRILL,11,2026,A-,3.45 pts,0,,45,,Yes
3,9/17/24,3,S1,ENG719 / 13,AP LANGUAGE/COMPOSITION A,HEATHER CARVER,11,2026,A,4.00 pts,0,,45,,#N/A
3,9/17/24,4,S1,PED500 / 14,WEIGHT TRAINING,SCOTT DIZMANG,11,2026,,,0,,45,,#N/A
3,9/17/24,5,S1,SOC703 / 15,AP US HISTORY A,RYAN ISAACSON,11,2026,A,4.00 pts,0,,45,,#N/A
3,9/17/24,6,S1,MAT701 / 16,ALGEBRA II A,JASON BLAESING,11,2026,A,4.00 pts,0,,45,,Yes
3,9/17/24,2,S1,BUS301 / 12,PERSONAL FINANCE A,NICOLE SIMEK,12,2025,F,0.00 pts,4,,87,,Yes
4,9/24/24,2,S1,BUS301 / 12,PERSONAL FINANCE A,NICOLE SIMEK,12,2025,W,0.00 pts,8.43,,87,,Yes
5,10/1/24,2,S1,BUS301 / 12,PERSONAL FINANCE A,NICOLE SIMEK,12,2025,W,0.00 pts,8.43,,87,,Yes
6,10/8/24,2,S1,BUS301 / 12,PERSONAL FINANCE A,NICOLE SIMEK,12,2025,W,0.00 pts,8.43,,87,,Yes
7,10/16/24,2,S1,BUS301 / 12,PERSONAL FINANCE A,NICOLE SIMEK,12,2025,W,0.00 pts,8.43,,87,,Yes
8,10/22/24,2,S1,BUS301 / 12,PERSONAL FINANCE A,NICOLE SIMEK,12,2025,W,0.00 pts,8.43,,87,,Yes
9,10/29/24,2,S1,BUS301 / 12,PERSONAL FINANCE A,NICOLE SIMEK,12,2025,W,0.00 pts,8.43,,87,,Yes
10,11/5/24,2,S1,BUS301 / 12,PERSONAL FINANCE A,NICOLE SIMEK,12,2025,W,0.00 pts,8.43,,87,,Yes
2,9/10/24,5,S1,ENG601 / 15,SOPH ENG/A,MARCEE SALAS,10,2027,A,4.00 pts,5,,88,,Yes
2,9/10/24,2,S1,MAT522 / 12,GEOMETRY A,ROCHELLE AITON,10,2027,,,5,,88,,Yes
2,9/10/24,6,S1,SCI601 / 16,BIOLOGY A,GRANT MERRILL,10,2027,,,5,,88,,Yes
3,9/17/24,2,S1,MAT522 / 12,GEOMETRY A,ROCHELLE AITON,10,2027,F,0.00 pts,2,,88,,Yes
3,9/17/24,5,S1,ENG601 / 15,SOPH ENG/A,MARCEE SALAS,10,2027,B+,3.20 pts,2.29,,88,,Yes
3,9/17/24,6,S1,SCI601 / 16,BIOLOGY A,GRANT MERRILL,10,2027,F,0.97 pts,2.29,,88,,Yes
4,9/24/24,2,S1,MAT522 / 12,GEOMETRY A,ROCHELLE AITON,10,2027,B-,2.85 pts,2,,88,,Yes
4,9/24/24,5,S1,ENG601 / 15,SOPH ENG/A,MARCEE SALAS,10,2027,D+,1.86 pts,2.29,,88,,Yes
4,9/24/24,6,S1,SCI601 / 16,BIOLOGY A,GRANT MERRILL,10,2027,F,0.99 pts,2.29,,88,,Yes
5,10/1/24,2,S1,MAT522 / 12,GEOMETRY A,ROCHELLE AITON,10,2027,B-,2.85 pts,2,,88,,Yes
5,10/1/24,5,S1,ENG601 / 15,SOPH ENG/A,MARCEE SALAS,10,2027,D+,1.84 pts,2.29,,88,,Yes
5,10/1/24,6,S1,SCI601 / 16,BIOLOGY A,GRANT MERRILL,10,2027,D+,1.87 pts,2.29,,88,,Yes
6,10/8/24,2,S1,MAT522 / 12,GEOMETRY A,ROCHELLE AITON,10,2027,C,2.26 pts,2,,88,,Yes
6,10/8/24,5,S1,ENG601 / 15,SOPH ENG/A,MARCEE SALAS,10,2027,C-,2.19 pts,2.29,,88,,Yes
6,10/8/24,6,S1,SCI601 / 16,BIOLOGY A,GRANT MERRILL,10,2027,D+,1.86 pts,2.29,,88,,Yes
7,10/16/24,2,S1,MAT522 / 12,GEOMETRY A,ROCHELLE AITON,10,2027,C,2.26 pts,2,,88,,Yes
7,10/16/24,5,S1,ENG601 / 15,SOPH ENG/A,MARCEE SALAS,10,2027,C-,2.17 pts,2.29,,88,,Yes
7,10/16/24,6,S1,SCI601 / 16,BIOLOGY A,GRANT MERRILL,10,2027,D+,1.87 pts,2.29,,88,,Yes
8,10/22/24,2,S1,MAT522 / 12,GEOMETRY A,ROCHELLE AITON,10,2027,C,2.26 pts,2,,88,,Yes
8,10/22/24,2,S1,MAT522 / 12,GEOMETRY A,NINETTE LILIENTHAL,10,2027,C,2.26 pts,2,,88,,Yes
8,10/22/24,5,S1,ENG601 / 15,SOPH ENG/A,MARCEE SALAS,10,2027,C,2.43 pts,2.29,,88,,Yes
8,10/22/24,6,S1,SCI601 / 16,BIOLOGY A,GRANT MERRILL,10,2027,F,1.48 pts,2.29,,88,,Yes
9,10/29/24,2,S1,MAT522 / 12,GEOMETRY A,ROCHELLE AITON,10,2027,C,2.38 pts,2.43,,88,,Yes
9,10/29/24,2,S1,MAT522 / 12,GEOMETRY A,NINETTE LILIENTHAL,10,2027,C,2.38 pts,2.43,,88,,Yes
9,10/29/24,5,S1,ENG601 / 15,SOPH ENG/A,MARCEE SALAS,10,2027,C,2.36 pts,2.29,,88,,Yes
9,10/29/24,6,S1,SCI601 / 16,BIOLOGY A,GRANT MERRILL,10,2027,C-,2.16 pts,2.29,,88,,Yes
10,11/5/24,2,S1,MAT522 / 12,GEOMETRY A,ROCHELLE AITON,10,2027,C,2.38 pts,2.43,,88,,Yes
10,11/5/24,2,S1,MAT522 / 12,GEOMETRY A,NINETTE LILIENTHAL,10,2027,C,2.38 pts,2.43,,88,,Yes
10,11/5/24,5,S1,ENG601 / 15,SOPH ENG/A,MARCEE SALAS,10,2027,B-,2.82 pts,2.29,,88,,Yes
10,11/5/24,6,S1,SCI601 / 16,BIOLOGY A,GRANT MERRILL,10,2027,C-,2.16 pts,2.29,,88,,Yes
2,9/10/24,6,S1,MAT701 / 16,ALGEBRA II A,JASON BLAESING,10,2027,,,0,,89,,Yes
3,9/17/24,6,S1,MAT701 / 16,ALGEBRA II A,JASON BLAESING,10,2027,A,4.00 pts,0,,89,,Yes
4,9/24/24,6,S1,MAT701 / 16,ALGEBRA II A,JASON BLAESING,10,2027,A,4.00 pts,0,,89,,Yes
5,10/1/24,6,S1,MAT701 / 16,ALGEBRA II A,JASON BLAESING,10,2027,A,4.00 pts,0,,89,,Yes
6,10/8/24,6,S1,MAT701 / 16,ALGEBRA II A,JASON BLAESING,10,2027,A,4.00 pts,0,,89,,Yes
7,10/16/24,6,S1,MAT701 / 16,ALGEBRA II A,JASON BLAESING,10,2027,A,3.68 pts,0,,89,,Yes
8,10/22/24,6,S1,MAT701 / 16,ALGEBRA II A,JASON BLAESING,10,2027,A,4.00 pts,0,,89,,Yes
9,10/29/24,6,S1,MAT701 / 16,ALGEBRA II A,JASON BLAESING,10,2027,B+,3.30 pts,0,,89,,Yes
10,11/5/24,6,S1,MAT701 / 16,ALGEBRA II A,JASON BLAESING,10,2027,B+,3.30 pts,0,,89,,Yes
2,9/10/24,3,S1,BUS301 / 13,PERSONAL FINANCE A,NICOLE SIMEK,12,2025,,,0.57,,90,,Yes
3,9/17/24,3,S1,BUS301 / 13,PERSONAL FINANCE A,NICOLE SIMEK,12,2025,A,3.85 pts,0.57,,90,,Yes
4,9/24/24,3,S1,BUS301 / 13,PERSONAL FINANCE A,NICOLE SIMEK,12,2025,A-,3.56 pts,0.57,,90,,Yes
5,10/1/24,3,S1,BUS301 / 13,PERSONAL FINANCE A,NICOLE SIMEK,12,2025,A,3.89 pts,0.57,,90,,Yes
6,10/8/24,3,S1,BUS301 / 13,PERSONAL FINANCE A,NICOLE SIMEK,12,2025,A,3.65 pts,0.57,,90,,Yes
7,10/16/24,3,S1,BUS301 / 13,PERSONAL FINANCE A,NICOLE SIMEK,12,2025,A-,3.51 pts,0.57,,90,,Yes
8,10/22/24,3,S1,BUS301 / 13,PERSONAL FINANCE A,NICOLE SIMEK,12,2025,A,3.75 pts,0.57,,90,,Yes
9,10/29/24,3,S1,BUS301 / 13,PERSONAL FINANCE A,NICOLE SIMEK,12,2025,A,3.85 pts,0.57,,90,,Yes
10,11/5/24,3,S1,BUS301 / 13,PERSONAL FINANCE A,NICOLE SIMEK,12,2025,A,3.85 pts,0.57,,90,,Yes
2,9/10/24,5,S1,ENG701 / 15,JUNIOR ENG/A,JOHN CARVER,11,2026,,,0,,91,,Yes
3,9/17/24,5,S1,ENG701 / 15,JUNIOR ENG/A,JOHN CARVER,11,2026,A,3.95 pts,0,,91,,Yes
4,9/24/24,5,S1,ENG701 / 15,JUNIOR ENG/A,JOHN CARVER,11,2026,A,3.66 pts,0,,91,,Yes
5,10/1/24,5,S1,ENG701 / 15,JUNIOR ENG/A,JOHN CARVER,11,2026,A-,3.48 pts,3,,91,,Yes
6,10/8/24,5,S1,ENG701 / 15,JUNIOR ENG/A,JOHN CARVER,11,2026,B-,2.89 pts,3,,91,,Yes
7,10/16/24,5,S1,ENG701 / 15,JUNIOR ENG/A,JOHN CARVER,11,2026,B,2.93 pts,4,,91,,Yes
8,10/22/24,5,S1,ENG701 / 15,JUNIOR ENG/A,JOHN CARVER,11,2026,B+,3.31 pts,4,,91,,Yes
9,10/29/24,5,S1,ENG701 / 15,JUNIOR ENG/A,JOHN CARVER,11,2026,B+,3.31 pts,4,,91,,Yes
10,11/5/24,5,S1,ENG701 / 15,JUNIOR ENG/A,JOHN CARVER,11,2026,B,3.08 pts,4,,91,,Yes
2,9/10/24,3,S1,SCI601 / 13,BIOLOGY A,GRANT MERRILL,10,2027,,,1.71,,92,,Yes
3,9/17/24,3,S1,SCI601 / 13,BIOLOGY A,GRANT MERRILL,10,2027,F,0.27 pts,6.57,,92,,Yes
4,9/24/24,3,S1,SCI601 / 13,BIOLOGY A,GRANT MERRILL,10,2027,F,0.93 pts,7.43,,92,,Yes
5,10/1/24,3,S1,SCI601 / 13,BIOLOGY A,GRANT MERRILL,10,2027,B-,2.73 pts,11.71,,92,,Yes
6,10/8/24,3,S1,SCI601 / 13,BIOLOGY A,GRANT MERRILL,10,2027,B-,2.73 pts,14.14,,92,,Yes
7,10/16/24,3,S1,SCI601 / 13,BIOLOGY A,GRANT MERRILL,10,2027,B-,2.73 pts,16,,92,,Yes
8,10/22/24,3,S1,SCI601 / 13,BIOLOGY A,GRANT MERRILL,10,2027,F,1.17 pts,20.14,,92,,Yes
9,10/29/24,3,S1,SCI601 / 13,BIOLOGY A,GRANT MERRILL,10,2027,F,1.17 pts,24,,92,,Yes
10,11/5/24,3,S1,SCI601 / 13,BIOLOGY A,GRANT MERRILL,10,2027,F,1.17 pts,26.14,,92,,Yes
2,9/10/24,2,S1,BUS301 / 12,PERSONAL FINANCE A,NICOLE SIMEK,12,2025,,,0,,93,,Yes
3,9/17/24,2,S1,BUS301 / 12,PERSONAL FINANCE A,NICOLE SIMEK,12,2025,A,3.90 pts,0,,93,,Yes
4,9/24/24,2,S1,BUS301 / 12,PERSONAL FINANCE A,NICOLE SIMEK,12,2025,A,3.66 pts,0,,93,,Yes
5,10/1/24,2,S1,BUS301 / 12,PERSONAL FINANCE A,NICOLE SIMEK,12,2025,A,4.00 pts,0,,93,,Yes
6,10/8/24,2,S1,BUS301 / 12,PERSONAL FINANCE A,NICOLE SIMEK,12,2025,A,3.76 pts,0,,93,,Yes
7,10/16/24,2,S1,BUS301 / 12,PERSONAL FINANCE A,NICOLE SIMEK,12,2025,A,3.62 pts,0,,93,,Yes
8,10/22/24,2,S1,BUS301 / 12,PERSONAL FINANCE A,NICOLE SIMEK,12,2025,D+,1.86 pts,0.29,,93,,Yes
9,10/29/24,2,S1,BUS301 / 12,PERSONAL FINANCE A,NICOLE SIMEK,12,2025,A,3.78 pts,0.29,,93,,Yes
10,11/5/24,2,S1,BUS301 / 12,PERSONAL FINANCE A,NICOLE SIMEK,12,2025,A,3.78 pts,0.29,,93,,Yes
2,9/10/24,2,S1,ENG601 / 12,SOPH ENG/A,KELLY GREGERSEN,10,2027,,,0,,94,,Yes
2,9/10/24,1,S1,MAT522 / 11,GEOMETRY A,ROCHELLE AITON,10,2027,,,0,,94,,Yes
3,9/17/24,1,S1,MAT522 / 11,GEOMETRY A,ROCHELLE AITON,10,2027,F,0.00 pts,0,,94,,Yes
3,9/17/24,2,S1,ENG601 / 12,SOPH ENG/A,KELLY GREGERSEN,10,2027,F,0.00 pts,0,,94,,Yes
4,9/24/24,1,S1,MAT522 / 11,GEOMETRY A,ROCHELLE AITON,10,2027,F,0.95 pts,0,,94,,Yes
4,9/24/24,2,S1,ENG601 / 12,SOPH ENG/A,KELLY GREGERSEN,10,2027,F,0.02 pts,0,,94,,Yes
5,10/1/24,1,S1,MAT522 / 11,GEOMETRY A,ROCHELLE AITON,10,2027,F,0.95 pts,0,,94,,Yes
5,10/1/24,2,S1,ENG601 / 12,SOPH ENG/A,KELLY GREGERSEN,10,2027,F,0.02 pts,0,,94,,Yes
6,10/8/24,1,S1,MAT522 / 11,GEOMETRY A,ROCHELLE AITON,10,2027,F,0.45 pts,0,,94,,Yes
6,10/8/24,2,S1,ENG601 / 12,SOPH ENG/A,KELLY GREGERSEN,10,2027,F,0.05 pts,0,,94,,Yes
7,10/16/24,1,S1,MAT522 / 11,GEOMETRY A,ROCHELLE AITON,10,2027,F,0.45 pts,0,,94,,Yes
7,10/16/24,2,S1,ENG601 / 12,SOPH ENG/A,KELLY GREGERSEN,10,2027,F,0.05 pts,0,,94,,Yes
8,10/22/24,1,S1,MAT522 / 11,GEOMETRY A,ROCHELLE AITON,10,2027,F,0.45 pts,0,,94,,Yes
8,10/22/24,1,S1,MAT522 / 11,GEOMETRY A,NINETTE LILIENTHAL,10,2027,F,0.45 pts,0,,94,,Yes
8,10/22/24,2,S1,ENG601 / 12,SOPH ENG/A,KELLY GREGERSEN,10,2027,F,0.03 pts,0,,94,,Yes
9,10/29/24,1,S1,MAT522 / 11,GEOMETRY A,ROCHELLE AITON,10,2027,F,0.32 pts,0,,94,,Yes
9,10/29/24,1,S1,MAT522 / 11,GEOMETRY A,NINETTE LILIENTHAL,10,2027,F,0.32 pts,0,,94,,Yes
9,10/29/24,2,S1,ENG601 / 12,SOPH ENG/A,KELLY GREGERSEN,10,2027,F,0.03 pts,0,,94,,Yes
10,11/5/24,1,S1,MAT522 / 11,GEOMETRY A,ROCHELLE AITON,10,2027,F,0.32 pts,0.86,,94,,Yes
10,11/5/24,1,S1,MAT522 / 11,GEOMETRY A,NINETTE LILIENTHAL,10,2027,F,0.32 pts,0.86,,94,,Yes
10,11/5/24,2,S1,ENG601 / 12,SOPH ENG/A,KELLY GREGERSEN,10,2027,F,0.03 pts,0.86,,94,,Yes
2,9/10/24,1,S1,MAT704 / 11,PRE-CALC A MAT 153,BRIAN ANDERSON,11,2026,,,0,,95,,Yes
3,9/17/24,1,S1,MAT704 / 11,PRE-CALC A MAT 153,BRIAN ANDERSON,11,2026,,,0,,95,,Yes
4,9/24/24,1,S1,MAT704 / 11,PRE-CALC A MAT 153,BRIAN ANDERSON,11,2026,B,3.05 pts,0,,95,,Yes
5,10/1/24,1,S1,MAT704 / 11,PRE-CALC A MAT 153,BRIAN ANDERSON,11,2026,B,3.05 pts,0,,95,,Yes
6,10/8/24,1,S1,MAT704 / 11,PRE-CALC A MAT 153,BRIAN ANDERSON,11,2026,B,3.05 pts,0,,95,,Yes
7,10/16/24,1,S1,MAT704 / 11,PRE-CALC A MAT 153,BRIAN ANDERSON,11,2026,C,2.48 pts,1,,95,,Yes
8,10/22/24,1,S1,MAT704 / 11,PRE-CALC A MAT 153,BRIAN ANDERSON,11,2026,C+,2.63 pts,1,,95,,Yes
9,10/29/24,1,S1,MAT704 / 11,PRE-CALC A MAT 153,BRIAN ANDERSON,11,2026,B,3.05 pts,1,,95,,Yes
10,11/5/24,1,S1,MAT704 / 11,PRE-CALC A MAT 153,BRIAN ANDERSON,11,2026,B,3.05 pts,1,,95,,Yes
2,9/10/24,2,S1,BUS301 / 12,PERSONAL FINANCE A,NICOLE SIMEK,12,2025,,,0,,96,,Yes
3,9/17/24,2,S1,BUS301 / 12,PERSONAL FINANCE A,NICOLE SIMEK,12,2025,A,3.95 pts,2,,96,,Yes
4,9/24/24,2,S1,BUS301 / 12,PERSONAL FINANCE A,NICOLE SIMEK,12,2025,B+,3.36 pts,2,,96,,Yes
5,10/1/24,2,S1,BUS301 / 12,PERSONAL FINANCE A,NICOLE SIMEK,12,2025,B+,3.36 pts,2,,96,,Yes
6,10/8/24,2,S1,BUS301 / 12,PERSONAL FINANCE A,NICOLE SIMEK,12,2025,C+,2.53 pts,2,,96,,Yes
7,10/16/24,2,S1,BUS301 / 12,PERSONAL FINANCE A,NICOLE SIMEK,12,2025,C+,2.66 pts,2.86,,96,,Yes
8,10/22/24,2,S1,BUS301 / 12,PERSONAL FINANCE A,NICOLE SIMEK,12,2025,C,2.34 pts,3,,96,,Yes
9,10/29/24,2,S1,BUS301 / 12,PERSONAL FINANCE A,NICOLE SIMEK,12,2025,B-,2.89 pts,3,,96,,Yes
10,11/5/24,2,S1,BUS301 / 12,PERSONAL FINANCE A,NICOLE SIMEK,12,2025,B-,2.89 pts,3.86,,96,,Yes
2,9/10/24,2,S1,BUS301 / 12,PERSONAL FINANCE A,NICOLE SIMEK,12,2025,,,0.86,,97,,Yes
3,9/17/24,2,S1,BUS301 / 12,PERSONAL FINANCE A,NICOLE SIMEK,12,2025,A,3.95 pts,2,,97,,Yes
4,9/24/24,2,S1,BUS301 / 12,PERSONAL FINANCE A,NICOLE SIMEK,12,2025,A,3.61 pts,2,,97,,Yes
5,10/1/24,2,S1,BUS301 / 12,PERSONAL FINANCE A,NICOLE SIMEK,12,2025,A,3.62 pts,2,,97,,Yes
6,10/8/24,2,S1,BUS301 / 12,PERSONAL FINANCE A,NICOLE SIMEK,12,2025,B+,3.29 pts,2,,97,,Yes
7,10/16/24,2,S1,BUS301 / 12,PERSONAL FINANCE A,NICOLE SIMEK,12,2025,A-,3.43 pts,2.86,,97,,Yes
8,10/22/24,2,S1,BUS301 / 12,PERSONAL FINANCE A,NICOLE SIMEK,12,2025,D,1.76 pts,3,,97,,Yes
9,10/29/24,2,S1,BUS301 / 12,PERSONAL FINANCE A,NICOLE SIMEK,12,2025,A,3.64 pts,3,,97,,Yes
10,11/5/24,2,S1,BUS301 / 12,PERSONAL FINANCE A,NICOLE SIMEK,12,2025,A,3.64 pts,4,,97,,Yes
2,9/10/24,6,S1,ENG501 / 16,FR ENGLISH/A,DAVID HOLLINGSWORTH,9,2028,A,4.00 pts,0,,98,,Yes
3,9/17/24,6,S1,ENG501 / 16,FR ENGLISH/A,DAVID HOLLINGSWORTH,9,2028,A,4.00 pts,1.43,,98,,Yes
4,9/24/24,6,S1,ENG501 / 16,FR ENGLISH/A,DAVID HOLLINGSWORTH,9,2028,A,4.00 pts,3.43,,98,,Yes
5,10/1/24,6,S1,ENG501 / 16,FR ENGLISH/A,DAVID HOLLINGSWORTH,9,2028,A,4.00 pts,4.43,,98,,Yes
6,10/8/24,6,S1,ENG501 / 16,FR ENGLISH/A,DAVID HOLLINGSWORTH,9,2028,A,3.96 pts,6.43,,98,,Yes
7,10/16/24,6,S1,ENG501 / 16,FR ENGLISH/A,DAVID HOLLINGSWORTH,9,2028,B-,2.87 pts,7.43,,98,,Yes
8,10/22/24,6,S1,ENG501 / 16,FR ENGLISH/A,DAVID HOLLINGSWORTH,9,2028,B,3.05 pts,7.57,,98,,Yes
9,10/29/24,6,S1,ENG501 / 16,FR ENGLISH/A,DAVID HOLLINGSWORTH,9,2028,A-,3.50 pts,8.57,,98,,Yes
10,11/5/24,6,S1,ENG501 / 16,FR ENGLISH/A,DAVID HOLLINGSWORTH,9,2028,A-,3.50 pts,9,,98,,Yes
2,9/10/24,3,S1,MAT522 / 13,GEOMETRY A,ROCHELLE AITON,10,2027,,,0,,99,,Yes
3,9/17/24,3,S1,MAT522 / 13,GEOMETRY A,ROCHELLE AITON,10,2027,F,1.05 pts,0,,99,,Yes
4,9/24/24,3,S1,MAT522 / 13,GEOMETRY A,ROCHELLE AITON,10,2027,C-,2.05 pts,0,,99,,Yes
5,10/1/24,3,S1,MAT522 / 13,GEOMETRY A,ROCHELLE AITON,10,2027,B,3.00 pts,0,,99,,Yes
6,10/8/24,3,S1,MAT522 / 13,GEOMETRY A,ROCHELLE AITON,10,2027,C+,2.50 pts,0,,99,,Yes
7,10/16/24,3,S1,MAT522 / 13,GEOMETRY A,ROCHELLE AITON,10,2027,C+,2.50 pts,0,,99,,Yes
8,10/22/24,3,S1,MAT522 / 13,GEOMETRY A,ROCHELLE AITON,10,2027,C+,2.50 pts,0,,99,,Yes
8,10/22/24,3,S1,MAT522 / 13,GEOMETRY A,NINETTE LILIENTHAL,10,2027,C+,2.50 pts,0,,99,,Yes
9,10/29/24,3,S1,MAT522 / 13,GEOMETRY A,ROCHELLE AITON,10,2027,B,2.93 pts,0,,99,,Yes
9,10/29/24,3,S1,MAT522 / 13,GEOMETRY A,NINETTE LILIENTHAL,10,2027,B,2.93 pts,0,,99,,Yes
10,11/5/24,3,S1,MAT522 / 13,GEOMETRY A,ROCHELLE AITON,10,2027,B,2.93 pts,0,,99,,Yes
10,11/5/24,3,S1,MAT522 / 13,GEOMETRY A,NINETTE LILIENTHAL,10,2027,B,2.93 pts,0,,99,,Yes
2,9/10/24,2,S1,SCI609 / 12,CHEMISTRY/A,GRANT MERRILL,11,2026,F,0.00 pts,0,,100,,Yes
3,9/17/24,2,S1,SCI609 / 12,CHEMISTRY/A,GRANT MERRILL,11,2026,A-,3.45 pts,0,,100,,Yes
4,9/24/24,2,S1,SCI609 / 12,CHEMISTRY/A,GRANT MERRILL,11,2026,A,3.98 pts,0,,100,,Yes
5,10/1/24,2,S1,SCI609 / 12,CHEMISTRY/A,GRANT MERRILL,11,2026,A,3.97 pts,0,,100,,Yes
6,10/8/24,2,S1,SCI609 / 12,CHEMISTRY/A,GRANT MERRILL,11,2026,B,3.02 pts,0,,100,,Yes
7,10/16/24,2,S1,SCI609 / 12,CHEMISTRY/A,GRANT MERRILL,11,2026,A,3.97 pts,0,,100,,Yes
8,10/22/24,2,S1,SCI609 / 12,CHEMISTRY/A,GRANT MERRILL,11,2026,A,3.98 pts,0,,100,,Yes
9,10/29/24,2,S1,SCI609 / 12,CHEMISTRY/A,GRANT MERRILL,11,2026,A-,3.49 pts,0,,100,,Yes
10,11/5/24,2,S1,SCI609 / 12,CHEMISTRY/A,GRANT MERRILL,11,2026,A-,3.49 pts,0,,100,,Yes
2,9/10/24,1,S1,MAT704 / 11,PRE-CALC A MAT 153,BRIAN ANDERSON,11,2026,,,0,,101,,Yes
2,9/10/24,2,S1,SCI609 / 12,CHEMISTRY/A,GRANT MERRILL,11,2026,A,4.00 pts,0,,101,,Yes
3,9/17/24,1,S1,MAT704 / 11,PRE-CALC A MAT 153,BRIAN ANDERSON,11,2026,,,1,,101,,Yes
3,9/17/24,2,S1,SCI609 / 12,CHEMISTRY/A,GRANT MERRILL,11,2026,B,3.00 pts,1,,101,,Yes
3,9/17/24,4,S1,SOC701 / 14,US HISTORY/A,DAVE HAJEK,11,2026,B+,3.20 pts,1,,101,,Yes
4,9/24/24,1,S1,MAT704 / 11,PRE-CALC A MAT 153,BRIAN ANDERSON,11,2026,A,3.95 pts,1,,101,,Yes
4,9/24/24,2,S1,SCI609 / 12,CHEMISTRY/A,GRANT MERRILL,11,2026,A,3.95 pts,1,,101,,Yes
4,9/24/24,4,S1,SOC701 / 14,US HISTORY/A,DAVE HAJEK,11,2026,B,3.01 pts,1.14,,101,,Yes
5,10/1/24,1,S1,MAT704 / 11,PRE-CALC A MAT 153,BRIAN ANDERSON,11,2026,A,3.95 pts,1,,101,,Yes
5,10/1/24,2,S1,SCI609 / 12,CHEMISTRY/A,GRANT MERRILL,11,2026,A,3.95 pts,1,,101,,Yes
5,10/1/24,4,S1,SOC701 / 14,US HISTORY/A,DAVE HAJEK,11,2026,B,3.03 pts,1.14,,101,,Yes
6,10/8/24,1,S1,MAT704 / 11,PRE-CALC A MAT 153,BRIAN ANDERSON,11,2026,A,3.95 pts,1.43,,101,,Yes
6,10/8/24,2,S1,SCI609 / 12,CHEMISTRY/A,GRANT MERRILL,11,2026,B,3.00 pts,1.43,,101,,Yes
6,10/8/24,4,S1,SOC701 / 14,US HISTORY/A,DAVE HAJEK,11,2026,A,3.94 pts,1.29,,101,,Yes
7,10/16/24,1,S1,MAT704 / 11,PRE-CALC A MAT 153,BRIAN ANDERSON,11,2026,C+,2.50 pts,1.43,,101,,Yes
7,10/16/24,2,S1,SCI609 / 12,CHEMISTRY/A,GRANT MERRILL,11,2026,A-,3.48 pts,1.43,,101,,Yes
7,10/16/24,4,S1,SOC701 / 14,US HISTORY/A,DAVE HAJEK,11,2026,A,3.93 pts,1.29,,101,,Yes
8,10/22/24,1,S1,MAT704 / 11,PRE-CALC A MAT 153,BRIAN ANDERSON,11,2026,B+,3.29 pts,1.57,,101,,Yes
8,10/22/24,2,S1,SCI609 / 12,CHEMISTRY/A,GRANT MERRILL,11,2026,A-,3.50 pts,1.57,,101,,Yes
8,10/22/24,4,S1,SOC701 / 14,US HISTORY/A,DAVE HAJEK,11,2026,A,3.74 pts,1.29,,101,,Yes
9,10/29/24,1,S1,MAT704 / 11,PRE-CALC A MAT 153,BRIAN ANDERSON,11,2026,A-,3.40 pts,1.57,,101,,Yes
9,10/29/24,2,S1,SCI609 / 12,CHEMISTRY/A,GRANT MERRILL,11,2026,B-,2.77 pts,1.57,,101,,Yes
9,10/29/24,4,S1,SOC701 / 14,US HISTORY/A,DAVE HAJEK,11,2026,A-,3.59 pts,1.29,,101,,Yes
10,11/5/24,1,S1,MAT704 / 11,PRE-CALC A MAT 153,BRIAN ANDERSON,11,2026,B+,3.21 pts,2,,101,,Yes
10,11/5/24,2,S1,SCI609 / 12,CHEMISTRY/A,GRANT MERRILL,11,2026,B-,2.77 pts,2,,101,,Yes
10,11/5/24,4,S1,SOC701 / 14,US HISTORY/A,DAVE HAJEK,11,2026,A,3.60 pts,1.29,,101,,Yes
2,9/10/24,2,S1,ENG601 / 12,SOPH ENG/A,KELLY GREGERSEN,10,2027,A,4.00 pts,0,,102,,Yes
2,9/10/24,3,S1,MAT522 / 13,GEOMETRY A,ROCHELLE AITON,10,2027,,,0,,102,,Yes
3,9/17/24,2,S1,ENG601 / 12,SOPH ENG/A,KELLY GREGERSEN,10,2027,B,3.04 pts,0,,102,,Yes
3,9/17/24,3,S1,MAT522 / 13,GEOMETRY A,ROCHELLE AITON,10,2027,F,1.15 pts,0,,102,,Yes
4,9/24/24,2,S1,ENG601 / 12,SOPH ENG/A,KELLY GREGERSEN,10,2027,D,1.66 pts,0,,102,,Yes
4,9/24/24,3,S1,MAT522 / 13,GEOMETRY A,ROCHELLE AITON,10,2027,C-,2.10 pts,0,,102,,Yes
5,10/1/24,2,S1,ENG601 / 12,SOPH ENG/A,KELLY GREGERSEN,10,2027,D,1.66 pts,0,,102,,Yes
5,10/1/24,3,S1,MAT522 / 13,GEOMETRY A,ROCHELLE AITON,10,2027,C-,2.10 pts,0,,102,,Yes
6,10/8/24,2,S1,ENG601 / 12,SOPH ENG/A,KELLY GREGERSEN,10,2027,B+,3.29 pts,0,,102,,Yes
6,10/8/24,3,S1,MAT522 / 13,GEOMETRY A,ROCHELLE AITON,10,2027,F,1.63 pts,0,,102,,Yes
7,10/16/24,2,S1,ENG601 / 12,SOPH ENG/A,KELLY GREGERSEN,10,2027,B+,3.31 pts,0,,102,,Yes
7,10/16/24,3,S1,MAT522 / 13,GEOMETRY A,ROCHELLE AITON,10,2027,C+,2.58 pts,0,,102,,Yes
8,10/22/24,2,S1,ENG601 / 12,SOPH ENG/A,KELLY GREGERSEN,10,2027,A,3.68 pts,0,,102,,Yes
8,10/22/24,3,S1,MAT522 / 13,GEOMETRY A,ROCHELLE AITON,10,2027,C+,2.64 pts,0,,102,,Yes
8,10/22/24,3,S1,MAT522 / 13,GEOMETRY A,NINETTE LILIENTHAL,10,2027,C+,2.64 pts,0,,102,,Yes
9,10/29/24,2,S1,ENG601 / 12,SOPH ENG/A,KELLY GREGERSEN,10,2027,A,3.68 pts,0,,102,,Yes
9,10/29/24,3,S1,MAT522 / 13,GEOMETRY A,ROCHELLE AITON,10,2027,B-,2.72 pts,0,,102,,Yes
9,10/29/24,3,S1,MAT522 / 13,GEOMETRY A,NINETTE LILIENTHAL,10,2027,B-,2.72 pts,0,,102,,Yes
10,11/5/24,2,S1,ENG601 / 12,SOPH ENG/A,KELLY GREGERSEN,10,2027,A,3.68 pts,0,,102,,Yes
10,11/5/24,3,S1,MAT522 / 13,GEOMETRY A,ROCHELLE AITON,10,2027,B-,2.72 pts,0,,102,,Yes
10,11/5/24,3,S1,MAT522 / 13,GEOMETRY A,NINETTE LILIENTHAL,10,2027,B-,2.72 pts,0,,102,,Yes
2,9/10/24,3,S1,MAT701 / 13,ALGEBRA II A,JENNIFER REILLY,11,2026,,,0,,103,,Yes
3,9/17/24,3,S1,MAT701 / 13,ALGEBRA II A,JENNIFER REILLY,11,2026,A,4.00 pts,0,,103,,Yes
4,9/24/24,3,S1,MAT701 / 13,ALGEBRA II A,JENNIFER REILLY,11,2026,B,3.05 pts,0,,103,,Yes
5,10/1/24,3,S1,MAT701 / 13,ALGEBRA II A,JENNIFER REILLY,11,2026,B,3.10 pts,0,,103,,Yes
6,10/8/24,3,S1,MAT701 / 13,ALGEBRA II A,JENNIFER REILLY,11,2026,B,3.05 pts,0.33,,103,,Yes
7,10/16/24,3,S1,MAT701 / 13,ALGEBRA II A,JENNIFER REILLY,11,2026,B,3.07 pts,0.33,,103,,Yes
8,10/22/24,3,S1,MAT701 / 13,ALGEBRA II A,JENNIFER REILLY,11,2026,B+,3.33 pts,0.33,,103,,Yes
9,10/29/24,3,S1,MAT701 / 13,ALGEBRA II A,JENNIFER REILLY,11,2026,A-,3.53 pts,0.33,,103,,Yes
10,11/5/24,3,S1,MAT701 / 13,ALGEBRA II A,JENNIFER REILLY,11,2026,A-,3.53 pts,0.33,,103,,Yes
2,9/10/24,2,S1,BUS301 / 12,PERSONAL FINANCE A,NICOLE SIMEK,12,2025,,,0,,104,,Yes
3,9/17/24,2,S1,BUS301 / 12,PERSONAL FINANCE A,NICOLE SIMEK,12,2025,A,4.00 pts,0.14,,104,,Yes
4,9/24/24,2,S1,BUS301 / 12,PERSONAL FINANCE A,NICOLE SIMEK,12,2025,A,4.00 pts,0.71,,104,,Yes
5,10/1/24,2,S1,BUS301 / 12,PERSONAL FINANCE A,NICOLE SIMEK,12,2025,A,4.00 pts,0.71,,104,,Yes
6,10/8/24,2,S1,BUS301 / 12,PERSONAL FINANCE A,NICOLE SIMEK,12,2025,A,4.00 pts,1.57,,104,,Yes
7,10/16/24,2,S1,BUS301 / 12,PERSONAL FINANCE A,NICOLE SIMEK,12,2025,A,4.00 pts,2.57,,104,,Yes
8,10/22/24,2,S1,BUS301 / 12,PERSONAL FINANCE A,NICOLE SIMEK,12,2025,C-,2.05 pts,4,,104,,Yes
9,10/29/24,2,S1,BUS301 / 12,PERSONAL FINANCE A,NICOLE SIMEK,12,2025,A,4.00 pts,4,,104,,Yes
10,11/5/24,2,S1,BUS301 / 12,PERSONAL FINANCE A,NICOLE SIMEK,12,2025,A,4.00 pts,5.29,,104,,Yes
2,9/10/24,3,S1,BUS301 / 13,PERSONAL FINANCE A,NICOLE SIMEK,12,2025,,,0,,105,,Yes
3,9/17/24,3,S1,BUS301 / 13,PERSONAL FINANCE A,NICOLE SIMEK,12,2025,A,3.85 pts,0,,105,,Yes
4,9/24/24,3,S1,BUS301 / 13,PERSONAL FINANCE A,NICOLE SIMEK,12,2025,B,3.19 pts,1,,105,,Yes
5,10/1/24,3,S1,BUS301 / 13,PERSONAL FINANCE A,NICOLE SIMEK,12,2025,B,3.18 pts,2,,105,,Yes
6,10/8/24,3,S1,BUS301 / 13,PERSONAL FINANCE A,NICOLE SIMEK,12,2025,C+,2.62 pts,2,,105,,Yes
7,10/16/24,3,S1,BUS301 / 13,PERSONAL FINANCE A,NICOLE SIMEK,12,2025,C+,2.67 pts,2,,105,,Yes
8,10/22/24,3,S1,BUS301 / 13,PERSONAL FINANCE A,NICOLE SIMEK,12,2025,F,1.37 pts,2,,105,,Yes
9,10/29/24,3,S1,BUS301 / 13,PERSONAL FINANCE A,NICOLE SIMEK,12,2025,C-,2.19 pts,2,,105,,Yes
10,11/5/24,3,S1,BUS301 / 13,PERSONAL FINANCE A,NICOLE SIMEK,12,2025,C-,2.19 pts,3,,105,,Yes
2,9/10/24,5,S1,MAT522 / 15,GEOMETRY A,BRIAN ANDERSON,10,2027,,,2,,106,,Yes
3,9/17/24,5,S1,MAT522 / 15,GEOMETRY A,BRIAN ANDERSON,10,2027,F,0.00 pts,7.14,,106,,Yes
4,9/24/24,5,S1,MAT522 / 15,GEOMETRY A,BRIAN ANDERSON,10,2027,F,0.00 pts,9.29,,106,,Yes
5,10/1/24,5,S1,MAT522 / 15,GEOMETRY A,BRIAN ANDERSON,10,2027,F,0.00 pts,14.14,,106,,Yes
6,10/8/24,5,S1,MAT522 / 15,GEOMETRY A,BRIAN ANDERSON,10,2027,F,0.00 pts,17.57,,106,,Yes
7,10/16/24,5,S1,MAT522 / 15,GEOMETRY A,BRIAN ANDERSON,10,2027,F,0.00 pts,19.29,,106,,Yes
8,10/22/24,5,S1,MAT522 / 15,GEOMETRY A,BRIAN ANDERSON,10,2027,F,0.00 pts,23.29,,106,,Yes
2,9/10/24,2,S1,MAT701 / 12,ALGEBRA II A,JASON BLAESING,11,2026,,,0,,107,,Yes
3,9/17/24,2,S1,MAT701 / 12,ALGEBRA II A,JASON BLAESING,11,2026,C+,2.67 pts,0,,107,,Yes
4,9/24/24,2,S1,MAT701 / 12,ALGEBRA II A,JASON BLAESING,11,2026,C-,2.00 pts,0,,107,,Yes
5,10/1/24,2,S1,MAT701 / 12,ALGEBRA II A,JASON BLAESING,11,2026,B,3.10 pts,0,,107,,Yes
6,10/8/24,2,S1,MAT701 / 12,ALGEBRA II A,JASON BLAESING,11,2026,C,2.49 pts,0,,107,,Yes
7,10/16/24,2,S1,MAT701 / 12,ALGEBRA II A,JASON BLAESING,11,2026,C-,2.08 pts,0,,107,,Yes
8,10/22/24,2,S1,MAT701 / 12,ALGEBRA II A,JASON BLAESING,11,2026,C-,2.11 pts,0,,107,,Yes
9,10/29/24,2,S1,MAT701 / 12,ALGEBRA II A,JASON BLAESING,11,2026,D+,1.85 pts,0,,107,,Yes
10,11/5/24,2,S1,MAT701 / 12,ALGEBRA II A,JASON BLAESING,11,2026,D+,1.84 pts,0,,107,,Yes
2,9/10/24,5,S1,ENG601 / 15,SOPH ENG/A,MARCEE SALAS,10,2027,A,4.00 pts,0,,108,,Yes
3,9/17/24,5,S1,ENG601 / 15,SOPH ENG/A,MARCEE SALAS,10,2027,A,4.00 pts,1,,108,,Yes
4,9/24/24,5,S1,ENG601 / 15,SOPH ENG/A,MARCEE SALAS,10,2027,D,1.76 pts,4,,108,,Yes
5,10/1/24,5,S1,ENG601 / 15,SOPH ENG/A,MARCEE SALAS,10,2027,F,1.29 pts,4,,108,,Yes
6,10/8/24,5,S1,ENG601 / 15,SOPH ENG/A,MARCEE SALAS,10,2027,F,1.64 pts,4,,108,,Yes
7,10/16/24,5,S1,ENG601 / 15,SOPH ENG/A,MARCEE SALAS,10,2027,F,1.64 pts,4,,108,,Yes
8,10/22/24,5,S1,ENG601 / 15,SOPH ENG/A,MARCEE SALAS,10,2027,D,1.65 pts,4,,108,,Yes
9,10/29/24,5,S1,ENG601 / 15,SOPH ENG/A,MARCEE SALAS,10,2027,F,1.60 pts,4,,108,,Yes
10,11/5/24,5,S1,ENG601 / 15,SOPH ENG/A,MARCEE SALAS,10,2027,F,1.59 pts,4,,108,,Yes
2,9/10/24,2,S1,MAT701 / 12,ALGEBRA II A,JASON BLAESING,10,2027,,,0,,109,,Yes
3,9/17/24,2,S1,MAT701 / 12,ALGEBRA II A,JASON BLAESING,10,2027,A,4.00 pts,0,,109,,Yes
4,9/24/24,2,S1,MAT701 / 12,ALGEBRA II A,JASON BLAESING,10,2027,A,4.00 pts,0,,109,,Yes
5,10/1/24,2,S1,MAT701 / 12,ALGEBRA II A,JASON BLAESING,10,2027,A,4.00 pts,0,,109,,Yes
6,10/8/24,2,S1,MAT701 / 12,ALGEBRA II A,JASON BLAESING,10,2027,A,4.00 pts,0,,109,,Yes
7,10/16/24,2,S1,MAT701 / 12,ALGEBRA II A,JASON BLAESING,10,2027,A,3.68 pts,0,,109,,Yes
8,10/22/24,2,S1,MAT701 / 12,ALGEBRA II A,JASON BLAESING,10,2027,A,3.69 pts,0,,109,,Yes
9,10/29/24,2,S1,MAT701 / 12,ALGEBRA II A,JASON BLAESING,10,2027,B+,3.30 pts,0,,109,,Yes
10,11/5/24,2,S1,MAT701 / 12,ALGEBRA II A,JASON BLAESING,10,2027,B+,3.28 pts,0,,109,,Yes
2,9/10/24,5,S1,ENG601 / 15,SOPH ENG/A,MARCEE SALAS,10,2027,A,4.00 pts,0,,110,,Yes
2,9/10/24,6,S1,SCI601 / 16,BIOLOGY A,GRANT MERRILL,10,2027,,,0,,110,,Yes
3,9/17/24,4,S1,MAT522 / 14,GEOMETRY A,ROCHELLE AITON,10,2027,,,0,,110,,Yes
3,9/17/24,5,S1,ENG601 / 15,SOPH ENG/A,MARCEE SALAS,10,2027,A,4.00 pts,0,,110,,Yes
3,9/17/24,6,S1,SCI601 / 16,BIOLOGY A,GRANT MERRILL,10,2027,F,1.01 pts,0,,110,,Yes
4,9/24/24,4,S1,MAT522 / 14,GEOMETRY A,ROCHELLE AITON,10,2027,F,0.95 pts,1,,110,,Yes
4,9/24/24,5,S1,ENG601 / 15,SOPH ENG/A,MARCEE SALAS,10,2027,D,1.67 pts,1,,110,,Yes
4,9/24/24,6,S1,SCI601 / 16,BIOLOGY A,GRANT MERRILL,10,2027,F,1.02 pts,1,,110,,Yes
5,10/1/24,4,S1,MAT522 / 14,GEOMETRY A,ROCHELLE AITON,10,2027,F,0.95 pts,2.86,,110,,Yes
5,10/1/24,5,S1,ENG601 / 15,SOPH ENG/A,MARCEE SALAS,10,2027,F,1.63 pts,2.71,,110,,Yes
5,10/1/24,6,S1,SCI601 / 16,BIOLOGY A,GRANT MERRILL,10,2027,F,1.01 pts,2.71,,110,,Yes
6,10/8/24,4,S1,MAT522 / 14,GEOMETRY A,ROCHELLE AITON,10,2027,F,0.90 pts,2.86,,110,,Yes
6,10/8/24,5,S1,ENG601 / 15,SOPH ENG/A,MARCEE SALAS,10,2027,F,1.49 pts,2.71,,110,,Yes
6,10/8/24,6,S1,SCI601 / 16,BIOLOGY A,GRANT MERRILL,10,2027,F,1.00 pts,2.71,,110,,Yes
7,10/16/24,4,S1,MAT522 / 14,GEOMETRY A,ROCHELLE AITON,10,2027,F,0.90 pts,2.86,,110,,Yes
7,10/16/24,5,S1,ENG601 / 15,SOPH ENG/A,MARCEE SALAS,10,2027,F,1.46 pts,2.71,,110,,Yes
7,10/16/24,6,S1,SCI601 / 16,BIOLOGY A,GRANT MERRILL,10,2027,F,1.00 pts,2.71,,110,,Yes
8,10/22/24,4,S1,MAT522 / 14,GEOMETRY A,ROCHELLE AITON,10,2027,F,0.90 pts,3,,110,,Yes
8,10/22/24,4,S1,MAT522 / 14,GEOMETRY A,NINETTE LILIENTHAL,10,2027,F,0.90 pts,3,,110,,Yes
8,10/22/24,5,S1,ENG601 / 15,SOPH ENG/A,MARCEE SALAS,10,2027,F,1.37 pts,2.71,,110,,Yes
8,10/22/24,6,S1,SCI601 / 16,BIOLOGY A,GRANT MERRILL,10,2027,F,0.52 pts,3,,110,,Yes
9,10/29/24,4,S1,MAT522 / 14,GEOMETRY A,ROCHELLE AITON,10,2027,F,0.63 pts,3,,110,,Yes
9,10/29/24,4,S1,MAT522 / 14,GEOMETRY A,NINETTE LILIENTHAL,10,2027,F,0.63 pts,3,,110,,Yes
9,10/29/24,5,S1,ENG601 / 15,SOPH ENG/A,MARCEE SALAS,10,2027,F,1.32 pts,2.71,,110,,Yes
9,10/29/24,6,S1,SCI601 / 16,BIOLOGY A,GRANT MERRILL,10,2027,F,0.38 pts,3.14,,110,,Yes
10,11/5/24,4,S1,MAT522 / 14,GEOMETRY A,ROCHELLE AITON,10,2027,F,0.63 pts,3,,110,,Yes
10,11/5/24,4,S1,MAT522 / 14,GEOMETRY A,NINETTE LILIENTHAL,10,2027,F,0.63 pts,3,,110,,Yes
10,11/5/24,5,S1,ENG601 / 15,SOPH ENG/A,MARCEE SALAS,10,2027,F,1.32 pts,2.71,,110,,Yes
10,11/5/24,6,S1,SCI601 / 16,BIOLOGY A,GRANT MERRILL,10,2027,F,0.38 pts,3.29,,110,,Yes
2,9/10/24,6,S1,ENG501 / 16,FR ENGLISH/A,DAVID HOLLINGSWORTH,9,2028,A,4.00 pts,0,,111,,Yes
3,9/17/24,6,S1,ENG501 / 16,FR ENGLISH/A,DAVID HOLLINGSWORTH,9,2028,A,4.00 pts,0,,111,,Yes
4,9/24/24,6,S1,ENG501 / 16,FR ENGLISH/A,DAVID HOLLINGSWORTH,9,2028,A,3.95 pts,0,,111,,Yes
5,10/1/24,6,S1,ENG501 / 16,FR ENGLISH/A,DAVID HOLLINGSWORTH,9,2028,A,3.93 pts,0,,111,,Yes
6,10/8/24,6,S1,ENG501 / 16,FR ENGLISH/A,DAVID HOLLINGSWORTH,9,2028,A,3.94 pts,0,,111,,Yes
7,10/16/24,6,S1,ENG501 / 16,FR ENGLISH/A,DAVID HOLLINGSWORTH,9,2028,B+,3.35 pts,0,,111,,Yes
8,10/22/24,6,S1,ENG501 / 16,FR ENGLISH/A,DAVID HOLLINGSWORTH,9,2028,A,3.67 pts,0,,111,,Yes
9,10/29/24,6,S1,ENG501 / 16,FR ENGLISH/A,DAVID HOLLINGSWORTH,9,2028,A,3.67 pts,0,,111,,Yes
10,11/5/24,6,S1,ENG501 / 16,FR ENGLISH/A,DAVID HOLLINGSWORTH,9,2028,A,3.67 pts,0,,111,,Yes
2,9/10/24,6,S1,MAT701 / 16,ALGEBRA II A,JASON BLAESING,11,2026,,,0,,112,,Yes
3,9/17/24,6,S1,MAT701 / 16,ALGEBRA II A,JASON BLAESING,11,2026,C+,2.67 pts,0,,112,,Yes
4,9/24/24,6,S1,MAT701 / 16,ALGEBRA II A,JASON BLAESING,11,2026,B,3.02 pts,0,,112,,Yes
5,10/1/24,6,S1,MAT701 / 16,ALGEBRA II A,JASON BLAESING,11,2026,B-,2.88 pts,0,,112,,Yes
6,10/8/24,6,S1,MAT701 / 16,ALGEBRA II A,JASON BLAESING,11,2026,A-,3.42 pts,0,,112,,Yes
7,10/16/24,6,S1,MAT701 / 16,ALGEBRA II A,JASON BLAESING,11,2026,B+,3.25 pts,1,,112,,Yes
8,10/22/24,6,S1,MAT701 / 16,ALGEBRA II A,JASON BLAESING,11,2026,B+,3.23 pts,1,,112,,Yes
9,10/29/24,6,S1,MAT701 / 16,ALGEBRA II A,JASON BLAESING,11,2026,B,3.17 pts,2,,112,,Yes
10,11/5/24,6,S1,MAT701 / 16,ALGEBRA II A,JASON BLAESING,11,2026,B,3.13 pts,4.5,,112,,Yes
2,9/10/24,2,S1,MAT701 / 12,ALGEBRA II A,JASON BLAESING,11,2026,,,0,,113,,Yes
3,9/17/24,2,S1,MAT701 / 12,ALGEBRA II A,JASON BLAESING,11,2026,A,4.00 pts,0,,113,,Yes
4,9/24/24,2,S1,MAT701 / 12,ALGEBRA II A,JASON BLAESING,11,2026,C-,2.19 pts,0,,113,,Yes
5,10/1/24,2,S1,MAT701 / 12,ALGEBRA II A,JASON BLAESING,11,2026,B,3.10 pts,0,,113,,Yes
6,10/8/24,2,S1,MAT701 / 12,ALGEBRA II A,JASON BLAESING,11,2026,C+,2.61 pts,0,,113,,Yes
7,10/16/24,2,S1,MAT701 / 12,ALGEBRA II A,JASON BLAESING,11,2026,C,2.40 pts,0,,113,,Yes
8,10/22/24,2,S1,MAT701 / 12,ALGEBRA II A,JASON BLAESING,11,2026,B-,2.74 pts,1,,113,,Yes
9,10/29/24,2,S1,MAT701 / 12,ALGEBRA II A,JASON BLAESING,11,2026,C,2.32 pts,2,,113,,Yes
10,11/5/24,2,S1,MAT701 / 12,ALGEBRA II A,JASON BLAESING,11,2026,C,2.33 pts,2,,113,,Yes
2,9/10/24,1,S1,MAT704 / 11,PRE-CALC A MAT 153,BRIAN ANDERSON,11,2026,,,0,,114,,Yes
2,9/10/24,2,S1,SCI609 / 12,CHEMISTRY/A,GRANT MERRILL,11,2026,A,4.00 pts,0,,114,,Yes
3,9/17/24,1,S1,MAT704 / 11,PRE-CALC A MAT 153,BRIAN ANDERSON,11,2026,,,0.57,,114,,Yes
3,9/17/24,2,S1,SCI609 / 12,CHEMISTRY/A,GRANT MERRILL,11,2026,F,1.11 pts,0,,114,,Yes
4,9/24/24,1,S1,MAT704 / 11,PRE-CALC A MAT 153,BRIAN ANDERSON,11,2026,B-,2.89 pts,0.57,,114,,Yes
4,9/24/24,2,S1,SCI609 / 12,CHEMISTRY/A,GRANT MERRILL,11,2026,F,1.09 pts,0,,114,,Yes
5,10/1/24,1,S1,MAT704 / 11,PRE-CALC A MAT 153,BRIAN ANDERSON,11,2026,B-,2.89 pts,0.71,,114,,Yes
5,10/1/24,2,S1,SCI609 / 12,CHEMISTRY/A,GRANT MERRILL,11,2026,F,1.06 pts,0,,114,,Yes
6,10/8/24,1,S1,MAT704 / 11,PRE-CALC A MAT 153,BRIAN ANDERSON,11,2026,B-,2.89 pts,0.71,,114,,Yes
6,10/8/24,2,S1,SCI609 / 12,CHEMISTRY/A,GRANT MERRILL,11,2026,F,1.06 pts,0,,114,,Yes
7,10/16/24,1,S1,MAT704 / 11,PRE-CALC A MAT 153,BRIAN ANDERSON,11,2026,D+,1.94 pts,1,,114,,Yes
7,10/16/24,2,S1,SCI609 / 12,CHEMISTRY/A,GRANT MERRILL,11,2026,F,1.06 pts,0.29,,114,,Yes
8,10/22/24,1,S1,MAT704 / 11,PRE-CALC A MAT 153,BRIAN ANDERSON,11,2026,C,2.25 pts,1,,114,,Yes
8,10/22/24,2,S1,SCI609 / 12,CHEMISTRY/A,GRANT MERRILL,11,2026,D+,1.92 pts,0.29,,114,,Yes
9,10/29/24,1,S1,MAT704 / 11,PRE-CALC A MAT 153,BRIAN ANDERSON,11,2026,B-,2.73 pts,2,,114,,Yes
9,10/29/24,2,S1,SCI609 / 12,CHEMISTRY/A,GRANT MERRILL,11,2026,D+,1.94 pts,1.29,,114,,Yes
10,11/5/24,1,S1,MAT704 / 11,PRE-CALC A MAT 153,BRIAN ANDERSON,11,2026,C,2.37 pts,2,,114,,Yes
10,11/5/24,2,S1,SCI609 / 12,CHEMISTRY/A,GRANT MERRILL,11,2026,C-,2.04 pts,1.29,,114,,Yes
2,9/10/24,3,S1,MAT701 / 13,ALGEBRA II A,JENNIFER REILLY,11,2026,,,0,,115,,Yes
3,9/17/24,3,S1,MAT701 / 13,ALGEBRA II A,JENNIFER REILLY,11,2026,A,4.00 pts,0,,115,,Yes
4,9/24/24,3,S1,MAT701 / 13,ALGEBRA II A,JENNIFER REILLY,11,2026,C-,2.10 pts,0,,115,,Yes
5,10/1/24,3,S1,MAT701 / 13,ALGEBRA II A,JENNIFER REILLY,11,2026,C-,2.19 pts,0,,115,,Yes
6,10/8/24,3,S1,MAT701 / 13,ALGEBRA II A,JENNIFER REILLY,11,2026,C+,2.58 pts,0,,115,,Yes
7,10/16/24,3,S1,MAT701 / 13,ALGEBRA II A,JENNIFER REILLY,11,2026,C+,2.54 pts,0,,115,,Yes
8,10/22/24,3,S1,MAT701 / 13,ALGEBRA II A,JENNIFER REILLY,11,2026,C+,2.69 pts,0,,115,,Yes
9,10/29/24,3,S1,MAT701 / 13,ALGEBRA II A,JENNIFER REILLY,11,2026,B,3.03 pts,0,,115,,Yes
10,11/5/24,3,S1,MAT701 / 13,ALGEBRA II A,JENNIFER REILLY,11,2026,B,3.03 pts,0,,115,,Yes
2,9/10/24,2,S1,ENG601 / 12,SOPH ENG/A,KELLY GREGERSEN,10,2027,A,4.00 pts,0,,116,,Yes
2,9/10/24,1,S1,MAT522 / 11,GEOMETRY A,ROCHELLE AITON,10,2027,,,0,,116,,Yes
3,9/17/24,1,S1,MAT522 / 11,GEOMETRY A,ROCHELLE AITON,10,2027,F,0.00 pts,1.71,,116,,Yes
3,9/17/24,2,S1,ENG601 / 12,SOPH ENG/A,KELLY GREGERSEN,10,2027,F,0.43 pts,1.57,,116,,Yes
4,9/24/24,1,S1,MAT522 / 11,GEOMETRY A,ROCHELLE AITON,10,2027,F,0.00 pts,1.71,,116,,Yes
4,9/24/24,2,S1,ENG601 / 12,SOPH ENG/A,KELLY GREGERSEN,10,2027,F,1.60 pts,1.86,,116,,Yes
5,10/1/24,1,S1,MAT522 / 11,GEOMETRY A,ROCHELLE AITON,10,2027,F,0.00 pts,3.71,,116,,Yes
5,10/1/24,2,S1,ENG601 / 12,SOPH ENG/A,KELLY GREGERSEN,10,2027,F,1.60 pts,3.86,,116,,Yes
6,10/8/24,1,S1,MAT522 / 11,GEOMETRY A,ROCHELLE AITON,10,2027,F,0.45 pts,4.86,,116,,Yes
6,10/8/24,2,S1,ENG601 / 12,SOPH ENG/A,KELLY GREGERSEN,10,2027,F,1.56 pts,5.29,,116,,Yes
7,10/16/24,1,S1,MAT522 / 11,GEOMETRY A,ROCHELLE AITON,10,2027,F,0.45 pts,6,,116,,Yes
7,10/16/24,2,S1,ENG601 / 12,SOPH ENG/A,KELLY GREGERSEN,10,2027,F,1.56 pts,6.29,,116,,Yes
8,10/22/24,1,S1,MAT522 / 11,GEOMETRY A,ROCHELLE AITON,10,2027,F,0.45 pts,6.14,,116,,Yes
8,10/22/24,1,S1,MAT522 / 11,GEOMETRY A,NINETTE LILIENTHAL,10,2027,F,0.45 pts,6.14,,116,,Yes
8,10/22/24,2,S1,ENG601 / 12,SOPH ENG/A,KELLY GREGERSEN,10,2027,F,0.61 pts,7.14,,116,,Yes
9,10/29/24,1,S1,MAT522 / 11,GEOMETRY A,ROCHELLE AITON,10,2027,F,1.28 pts,6.14,,116,,Yes
9,10/29/24,1,S1,MAT522 / 11,GEOMETRY A,NINETTE LILIENTHAL,10,2027,F,1.28 pts,6.14,,116,,Yes
9,10/29/24,2,S1,ENG601 / 12,SOPH ENG/A,KELLY GREGERSEN,10,2027,F,0.61 pts,7.14,,116,,Yes
10,11/5/24,1,S1,MAT522 / 11,GEOMETRY A,ROCHELLE AITON,10,2027,F,1.28 pts,6.57,,116,,Yes
10,11/5/24,1,S1,MAT522 / 11,GEOMETRY A,NINETTE LILIENTHAL,10,2027,F,1.28 pts,6.57,,116,,Yes
10,11/5/24,2,S1,ENG601 / 12,SOPH ENG/A,KELLY GREGERSEN,10,2027,F,0.61 pts,7.14,,116,,Yes
2,9/10/24,2,S1,ENG601 / 12,SOPH ENG/A,KELLY GREGERSEN,10,2027,,,0,,117,,Yes
2,9/10/24,6,S1,SCI601 / 16,BIOLOGY A,GRANT MERRILL,10,2027,,,0,,117,,Yes
3,9/17/24,2,S1,ENG601 / 12,SOPH ENG/A,KELLY GREGERSEN,10,2027,D+,1.83 pts,0,,117,,Yes
3,9/17/24,4,S1,MAT522 / 14,GEOMETRY A,ROCHELLE AITON,10,2027,,,0,,117,,Yes
3,9/17/24,6,S1,SCI601 / 16,BIOLOGY A,GRANT MERRILL,10,2027,F,1.18 pts,0.29,,117,,Yes
4,9/24/24,2,S1,ENG601 / 12,SOPH ENG/A,KELLY GREGERSEN,10,2027,F,0.98 pts,1.86,,117,,Yes
4,9/24/24,4,S1,MAT522 / 14,GEOMETRY A,ROCHELLE AITON,10,2027,F,0.95 pts,1.86,,117,,Yes
4,9/24/24,6,S1,SCI601 / 16,BIOLOGY A,GRANT MERRILL,10,2027,F,1.15 pts,2.43,,117,,Yes
5,10/1/24,2,S1,ENG601 / 12,SOPH ENG/A,KELLY GREGERSEN,10,2027,F,0.98 pts,2,,117,,Yes
5,10/1/24,4,S1,MAT522 / 14,GEOMETRY A,ROCHELLE AITON,10,2027,F,0.95 pts,2,,117,,Yes
5,10/1/24,6,S1,SCI601 / 16,BIOLOGY A,GRANT MERRILL,10,2027,F,1.15 pts,2.57,,117,,Yes
6,10/8/24,2,S1,ENG601 / 12,SOPH ENG/A,KELLY GREGERSEN,10,2027,D+,1.89 pts,2.71,,117,,Yes
6,10/8/24,4,S1,MAT522 / 14,GEOMETRY A,ROCHELLE AITON,10,2027,F,0.90 pts,2.71,,117,,Yes
6,10/8/24,6,S1,SCI601 / 16,BIOLOGY A,GRANT MERRILL,10,2027,F,1.13 pts,3.29,,117,,Yes
7,10/16/24,2,S1,ENG601 / 12,SOPH ENG/A,KELLY GREGERSEN,10,2027,D+,1.89 pts,2.86,,117,,Yes
7,10/16/24,4,S1,MAT522 / 14,GEOMETRY A,ROCHELLE AITON,10,2027,F,0.90 pts,2.86,,117,,Yes
7,10/16/24,6,S1,SCI601 / 16,BIOLOGY A,GRANT MERRILL,10,2027,F,1.13 pts,3.29,,117,,Yes
8,10/22/24,2,S1,ENG601 / 12,SOPH ENG/A,KELLY GREGERSEN,10,2027,F,1.16 pts,4,,117,,Yes
8,10/22/24,4,S1,MAT522 / 14,GEOMETRY A,ROCHELLE AITON,10,2027,F,0.90 pts,4,,117,,Yes
8,10/22/24,4,S1,MAT522 / 14,GEOMETRY A,NINETTE LILIENTHAL,10,2027,F,0.90 pts,4,,117,,Yes
8,10/22/24,6,S1,SCI601 / 16,BIOLOGY A,GRANT MERRILL,10,2027,F,0.77 pts,4.29,,117,,Yes
9,10/29/24,2,S1,ENG601 / 12,SOPH ENG/A,KELLY GREGERSEN,10,2027,F,1.16 pts,5,,117,,Yes
9,10/29/24,4,S1,MAT522 / 14,GEOMETRY A,ROCHELLE AITON,10,2027,F,0.95 pts,5,,117,,Yes
9,10/29/24,4,S1,MAT522 / 14,GEOMETRY A,NINETTE LILIENTHAL,10,2027,F,0.95 pts,5,,117,,Yes
9,10/29/24,6,S1,SCI601 / 16,BIOLOGY A,GRANT MERRILL,10,2027,F,1.18 pts,5.29,,117,,Yes
10,11/5/24,2,S1,ENG601 / 12,SOPH ENG/A,KELLY GREGERSEN,10,2027,F,1.63 pts,5.43,,117,,Yes
10,11/5/24,4,S1,MAT522 / 14,GEOMETRY A,ROCHELLE AITON,10,2027,F,0.95 pts,5,,117,,Yes
10,11/5/24,4,S1,MAT522 / 14,GEOMETRY A,NINETTE LILIENTHAL,10,2027,F,0.95 pts,5,,117,,Yes
10,11/5/24,6,S1,SCI601 / 16,BIOLOGY A,GRANT MERRILL,10,2027,F,1.17 pts,5.29,,117,,Yes
2,9/10/24,3,S1,MAT522 / 13,GEOMETRY A,ROCHELLE AITON,10,2027,,,0,,118,,Yes
3,9/17/24,3,S1,MAT522 / 13,GEOMETRY A,ROCHELLE AITON,10,2027,C-,2.05 pts,0,,118,,Yes
4,9/24/24,3,S1,MAT522 / 13,GEOMETRY A,ROCHELLE AITON,10,2027,B,3.00 pts,1.86,,118,,Yes
5,10/1/24,3,S1,MAT522 / 13,GEOMETRY A,ROCHELLE AITON,10,2027,B,3.00 pts,1.86,,118,,Yes
6,10/8/24,3,S1,MAT522 / 13,GEOMETRY A,ROCHELLE AITON,10,2027,C+,2.53 pts,2.86,,118,,Yes
7,10/16/24,3,S1,MAT522 / 13,GEOMETRY A,ROCHELLE AITON,10,2027,C+,2.53 pts,3.86,,118,,Yes
8,10/22/24,3,S1,MAT522 / 13,GEOMETRY A,ROCHELLE AITON,10,2027,C+,2.55 pts,4.86,,118,,Yes
8,10/22/24,3,S1,MAT522 / 13,GEOMETRY A,NINETTE LILIENTHAL,10,2027,C+,2.55 pts,4.86,,118,,Yes
9,10/29/24,3,S1,MAT522 / 13,GEOMETRY A,ROCHELLE AITON,10,2027,B,2.98 pts,4.86,,118,,Yes
9,10/29/24,3,S1,MAT522 / 13,GEOMETRY A,NINETTE LILIENTHAL,10,2027,B,2.98 pts,4.86,,118,,Yes
10,11/5/24,3,S1,MAT522 / 13,GEOMETRY A,ROCHELLE AITON,10,2027,B,2.98 pts,7,,118,,Yes
10,11/5/24,3,S1,MAT522 / 13,GEOMETRY A,NINETTE LILIENTHAL,10,2027,B,2.98 pts,7,,118,,Yes
2,9/10/24,6,S1,MAT701 / 16,ALGEBRA II A,JASON BLAESING,11,2026,,,0,,119,,Yes
3,9/17/24,6,S1,MAT701 / 16,ALGEBRA II A,JASON BLAESING,11,2026,A,4.00 pts,0,,119,,Yes
4,9/24/24,6,S1,MAT701 / 16,ALGEBRA II A,JASON BLAESING,11,2026,A,4.00 pts,0,,119,,Yes
5,10/1/24,6,S1,MAT701 / 16,ALGEBRA II A,JASON BLAESING,11,2026,A,4.00 pts,0,,119,,Yes
6,10/8/24,6,S1,MAT701 / 16,ALGEBRA II A,JASON BLAESING,11,2026,A,4.00 pts,0,,119,,Yes
7,10/16/24,6,S1,MAT701 / 16,ALGEBRA II A,JASON BLAESING,11,2026,B+,3.37 pts,0,,119,,Yes
8,10/22/24,6,S1,MAT701 / 16,ALGEBRA II A,JASON BLAESING,11,2026,A,4.00 pts,0,,119,,Yes
9,10/29/24,6,S1,MAT701 / 16,ALGEBRA II A,JASON BLAESING,11,2026,A,3.77 pts,0,,119,,Yes
10,11/5/24,6,S1,MAT701 / 16,ALGEBRA II A,JASON BLAESING,11,2026,A,3.74 pts,1,,119,,Yes
2,9/10/24,5,S1,ENG601 / 15,SOPH ENG/A,MARCEE SALAS,10,2027,A,4.00 pts,0.71,,120,,Yes
3,9/17/24,4,S1,SCI601 / 14,BIOLOGY A,GRANT MERRILL,10,2027,F,0.00 pts,1.95,,120,,Yes
3,9/17/24,5,S1,ENG601 / 15,SOPH ENG/A,MARCEE SALAS,10,2027,B+,3.20 pts,1.79,,120,,Yes
4,9/24/24,4,S1,SCI601 / 14,BIOLOGY A,GRANT MERRILL,10,2027,F,0.00 pts,3.24,,120,,Yes
4,9/24/24,5,S1,ENG601 / 15,SOPH ENG/A,MARCEE SALAS,10,2027,F,1.61 pts,3.07,,120,,Yes
5,10/1/24,4,S1,SCI601 / 14,BIOLOGY A,GRANT MERRILL,10,2027,F,0.00 pts,4.81,,120,,Yes
5,10/1/24,5,S1,ENG601 / 15,SOPH ENG/A,MARCEE SALAS,10,2027,F,1.61 pts,4.5,,120,,Yes
6,10/8/24,4,S1,SCI601 / 14,BIOLOGY A,GRANT MERRILL,10,2027,F,0.00 pts,5.1,,120,,Yes
6,10/8/24,5,S1,ENG601 / 15,SOPH ENG/A,MARCEE SALAS,10,2027,C,2.23 pts,4.64,,120,,Yes
7,10/16/24,4,S1,SCI601 / 14,BIOLOGY A,GRANT MERRILL,10,2027,F,0.00 pts,6.24,,120,,Yes
7,10/16/24,5,S1,ENG601 / 15,SOPH ENG/A,MARCEE SALAS,10,2027,C,2.23 pts,5.64,,120,,Yes
8,10/22/24,4,S1,SCI601 / 14,BIOLOGY A,GRANT MERRILL,10,2027,F,0.58 pts,9.1,,120,,Yes
8,10/22/24,5,S1,ENG601 / 15,SOPH ENG/A,MARCEE SALAS,10,2027,D+,1.87 pts,8.5,,120,,Yes
9,10/29/24,4,S1,SCI601 / 14,BIOLOGY A,GRANT MERRILL,10,2027,F,0.58 pts,10.67,,120,,Yes
9,10/29/24,5,S1,ENG601 / 15,SOPH ENG/A,MARCEE SALAS,10,2027,D,1.71 pts,10.07,,120,,Yes
10,11/5/24,4,S1,SCI601 / 14,BIOLOGY A,GRANT MERRILL,10,2027,F,0.58 pts,11.81,,120,,Yes
10,11/5/24,5,S1,ENG601 / 15,SOPH ENG/A,MARCEE SALAS,10,2027,F,1.47 pts,11.21,,120,,Yes
2,9/10/24,2,S1,MAT701 / 12,ALGEBRA II A,JASON BLAESING,11,2026,,,0.43,,121,,Yes
3,9/17/24,2,S1,MAT701 / 12,ALGEBRA II A,JASON BLAESING,11,2026,F,0.00 pts,1.86,,121,,Yes
4,9/24/24,2,S1,MAT701 / 12,ALGEBRA II A,JASON BLAESING,11,2026,F,1.10 pts,2.29,,121,,Yes
5,10/1/24,2,S1,MAT701 / 12,ALGEBRA II A,JASON BLAESING,11,2026,F,1.05 pts,3.29,,121,,Yes
6,10/8/24,2,S1,MAT701 / 12,ALGEBRA II A,JASON BLAESING,11,2026,D+,1.95 pts,4.43,,121,,Yes
7,10/16/24,2,S1,MAT701 / 12,ALGEBRA II A,JASON BLAESING,11,2026,F,1.33 pts,7,,121,,Yes
8,10/22/24,2,S1,MAT701 / 12,ALGEBRA II A,JASON BLAESING,11,2026,D,1.69 pts,8.86,,121,,Yes
9,10/29/24,2,S1,MAT701 / 12,ALGEBRA II A,JASON BLAESING,11,2026,F,1.51 pts,10.86,,121,,Yes
10,11/5/24,2,S1,MAT701 / 12,ALGEBRA II A,JASON BLAESING,11,2026,F,1.51 pts,12.71,,121,,Yes
2,9/10/24,2,S1,ENG601 / 12,SOPH ENG/A,KELLY GREGERSEN,10,2027,,,0,,122,,Yes
2,9/10/24,1,S1,MAT522 / 11,GEOMETRY A,ROCHELLE AITON,10,2027,,,0,,122,,Yes
3,9/17/24,1,S1,MAT522 / 11,GEOMETRY A,ROCHELLE AITON,10,2027,F,0.00 pts,0.71,,122,,Yes
3,9/17/24,2,S1,ENG601 / 12,SOPH ENG/A,KELLY GREGERSEN,10,2027,F,0.07 pts,0.71,,122,,Yes
4,9/24/24,1,S1,MAT522 / 11,GEOMETRY A,ROCHELLE AITON,10,2027,F,0.00 pts,0.71,,122,,Yes
4,9/24/24,2,S1,ENG601 / 12,SOPH ENG/A,KELLY GREGERSEN,10,2027,F,0.05 pts,0.71,,122,,Yes
5,10/1/24,1,S1,MAT522 / 11,GEOMETRY A,ROCHELLE AITON,10,2027,F,0.00 pts,0.71,,122,,Yes
5,10/1/24,2,S1,ENG601 / 12,SOPH ENG/A,KELLY GREGERSEN,10,2027,F,0.05 pts,0.71,,122,,Yes
6,10/8/24,1,S1,MAT522 / 11,GEOMETRY A,ROCHELLE AITON,10,2027,F,0.45 pts,0.71,,122,,Yes
6,10/8/24,2,S1,ENG601 / 12,SOPH ENG/A,KELLY GREGERSEN,10,2027,F,0.06 pts,0.71,,122,,Yes
7,10/16/24,1,S1,MAT522 / 11,GEOMETRY A,ROCHELLE AITON,10,2027,F,0.45 pts,0.71,,122,,Yes
7,10/16/24,2,S1,ENG601 / 12,SOPH ENG/A,KELLY GREGERSEN,10,2027,F,0.06 pts,0.71,,122,,Yes
8,10/22/24,1,S1,MAT522 / 11,GEOMETRY A,ROCHELLE AITON,10,2027,F,0.45 pts,0.71,,122,,Yes
8,10/22/24,1,S1,MAT522 / 11,GEOMETRY A,NINETTE LILIENTHAL,10,2027,F,0.45 pts,0.71,,122,,Yes
8,10/22/24,2,S1,ENG601 / 12,SOPH ENG/A,KELLY GREGERSEN,10,2027,F,0.04 pts,0.71,,122,,Yes
9,10/29/24,1,S1,MAT522 / 11,GEOMETRY A,ROCHELLE AITON,10,2027,F,1.29 pts,0.71,,122,,Yes
9,10/29/24,1,S1,MAT522 / 11,GEOMETRY A,NINETTE LILIENTHAL,10,2027,F,1.29 pts,0.71,,122,,Yes
9,10/29/24,2,S1,ENG601 / 12,SOPH ENG/A,KELLY GREGERSEN,10,2027,F,0.04 pts,0.71,,122,,Yes
10,11/5/24,1,S1,MAT522 / 11,GEOMETRY A,ROCHELLE AITON,10,2027,F,1.29 pts,0.86,,122,,Yes
10,11/5/24,1,S1,MAT522 / 11,GEOMETRY A,NINETTE LILIENTHAL,10,2027,F,1.29 pts,0.86,,122,,Yes
10,11/5/24,2,S1,ENG601 / 12,SOPH ENG/A,KELLY GREGERSEN,10,2027,F,0.66 pts,0.71,,122,,Yes
2,9/10/24,3,S1,BUS301 / 13,PERSONAL FINANCE A,NICOLE SIMEK,12,2025,,,2.43,,123,,Yes
2,9/10/24,2,S1,MAT701 / 12,ALGEBRA II A,JASON BLAESING,11,2026,,,0.5,,124,,Yes
3,9/17/24,2,S1,MAT701 / 12,ALGEBRA II A,JASON BLAESING,11,2026,A,4.00 pts,0.5,,124,,Yes
4,9/24/24,2,S1,MAT701 / 12,ALGEBRA II A,JASON BLAESING,11,2026,A,4.00 pts,0.5,,124,,Yes
5,10/1/24,2,S1,MAT701 / 12,ALGEBRA II A,JASON BLAESING,11,2026,A,4.00 pts,0.5,,124,,Yes
6,10/8/24,2,S1,MAT701 / 12,ALGEBRA II A,JASON BLAESING,11,2026,A,4.00 pts,0.5,,124,,Yes
7,10/16/24,2,S1,MAT701 / 12,ALGEBRA II A,JASON BLAESING,11,2026,A,4.00 pts,1.5,,124,,Yes
8,10/22/24,2,S1,MAT701 / 12,ALGEBRA II A,JASON BLAESING,11,2026,A,3.97 pts,2.5,,124,,Yes
9,10/29/24,2,S1,MAT701 / 12,ALGEBRA II A,JASON BLAESING,11,2026,A-,3.53 pts,2.5,,124,,Yes
10,11/5/24,2,S1,MAT701 / 12,ALGEBRA II A,JASON BLAESING,11,2026,A,3.75 pts,3.5,,124,,Yes
2,9/10/24,5,S1,ENG601 / 15,SOPH ENG/A,MARCEE SALAS,10,2027,A,4.00 pts,0,,125,,Yes
2,9/10/24,6,S1,MAT701 / 16,ALGEBRA II A,JASON BLAESING,10,2027,,,0,,125,,Yes
2,9/10/24,3,S1,SCI601 / 13,BIOLOGY A,GRANT MERRILL,10,2027,A,4.00 pts,0,,125,,Yes
3,9/17/24,3,S1,SCI601 / 13,BIOLOGY A,GRANT MERRILL,10,2027,,3.22 pts,0,,125,,Yes
3,9/17/24,5,S1,ENG601 / 15,SOPH ENG/A,MARCEE SALAS,10,2027,,4.00 pts,0,,125,,Yes
3,9/17/24,6,S1,MAT701 / 16,ALGEBRA II A,JASON BLAESING,10,2027,,4.00 pts,0,,125,,Yes
3,9/17/24,6,S1,SCI601 / 16,BIOLOGY A,GRANT MERRILL,10,2027,C+,2.61 pts,0,,125,,Yes
4,9/24/24,3,S1,SCI601 / 13,BIOLOGY A,GRANT MERRILL,10,2027,,3.22 pts,0,,125,,Yes
4,9/24/24,5,S1,ENG601 / 15,SOPH ENG/A,MARCEE SALAS,10,2027,,4.00 pts,0,,125,,Yes
4,9/24/24,6,S1,MAT701 / 16,ALGEBRA II A,JASON BLAESING,10,2027,,4.00 pts,0,,125,,Yes
4,9/24/24,6,S1,SCI601 / 16,BIOLOGY A,GRANT MERRILL,10,2027,A,3.87 pts,0,,125,,Yes
5,10/1/24,3,S1,SCI601 / 13,BIOLOGY A,GRANT MERRILL,10,2027,,3.22 pts,0,,125,,Yes
5,10/1/24,5,S1,ENG601 / 15,SOPH ENG/A,MARCEE SALAS,10,2027,,4.00 pts,0,,125,,Yes
5,10/1/24,6,S1,MAT701 / 16,ALGEBRA II A,JASON BLAESING,10,2027,,4.00 pts,0,,125,,Yes
5,10/1/24,6,S1,SCI601 / 16,BIOLOGY A,GRANT MERRILL,10,2027,A,3.85 pts,0,,125,,Yes
6,10/8/24,3,S1,SCI601 / 13,BIOLOGY A,GRANT MERRILL,10,2027,,3.22 pts,0,,125,,Yes
6,10/8/24,5,S1,ENG601 / 15,SOPH ENG/A,MARCEE SALAS,10,2027,,4.00 pts,0,,125,,Yes
6,10/8/24,6,S1,MAT701 / 16,ALGEBRA II A,JASON BLAESING,10,2027,,4.00 pts,0,,125,,Yes
6,10/8/24,6,S1,SCI601 / 16,BIOLOGY A,GRANT MERRILL,10,2027,A,3.84 pts,0,,125,,Yes
7,10/16/24,3,S1,SCI601 / 13,BIOLOGY A,GRANT MERRILL,10,2027,,3.22 pts,0,,125,,Yes
7,10/16/24,5,S1,ENG601 / 15,SOPH ENG/A,MARCEE SALAS,10,2027,,4.00 pts,0,,125,,Yes
7,10/16/24,6,S1,MAT701 / 16,ALGEBRA II A,JASON BLAESING,10,2027,,4.00 pts,0,,125,,Yes
7,10/16/24,6,S1,SCI601 / 16,BIOLOGY A,GRANT MERRILL,10,2027,A,3.83 pts,0,,125,,Yes
8,10/22/24,3,S1,SCI601 / 13,BIOLOGY A,GRANT MERRILL,10,2027,,3.22 pts,0,,125,,Yes
8,10/22/24,5,S1,ENG601 / 15,SOPH ENG/A,MARCEE SALAS,10,2027,,4.00 pts,0,,125,,Yes
8,10/22/24,6,S1,MAT701 / 16,ALGEBRA II A,JASON BLAESING,10,2027,,4.00 pts,0,,125,,Yes
8,10/22/24,6,S1,SCI601 / 16,BIOLOGY A,GRANT MERRILL,10,2027,A,3.71 pts,0,,125,,Yes
9,10/29/24,3,S1,SCI601 / 13,BIOLOGY A,GRANT MERRILL,10,2027,,3.22 pts,0,,125,,Yes
9,10/29/24,5,S1,ENG601 / 15,SOPH ENG/A,MARCEE SALAS,10,2027,,4.00 pts,0,,125,,Yes
9,10/29/24,6,S1,MAT701 / 16,ALGEBRA II A,JASON BLAESING,10,2027,,4.00 pts,0,,125,,Yes
9,10/29/24,6,S1,SCI601 / 16,BIOLOGY A,GRANT MERRILL,10,2027,A-,3.45 pts,0,,125,,Yes
10,11/5/24,3,S1,SCI601 / 13,BIOLOGY A,GRANT MERRILL,10,2027,,3.22 pts,0,,125,,Yes
10,11/5/24,5,S1,ENG601 / 15,SOPH ENG/A,MARCEE SALAS,10,2027,,4.00 pts,0,,125,,Yes
10,11/5/24,6,S1,MAT701 / 16,ALGEBRA II A,JASON BLAESING,10,2027,,4.00 pts,0,,125,,Yes
10,11/5/24,6,S1,SCI601 / 16,BIOLOGY A,GRANT MERRILL,10,2027,A-,3.45 pts,0,,125,,Yes
2,9/10/24,5,S1,MAT522 / 15,GEOMETRY A,BRIAN ANDERSON,10,2027,,,0.29,,126,,Yes
2,9/10/24,3,S1,SCI601 / 13,BIOLOGY A,GRANT MERRILL,10,2027,A,4.00 pts,0,,126,,Yes
3,9/17/24,3,S1,SCI601 / 13,BIOLOGY A,GRANT MERRILL,10,2027,B-,2.82 pts,0,,126,,Yes
3,9/17/24,5,S1,MAT522 / 15,GEOMETRY A,BRIAN ANDERSON,10,2027,A,4.00 pts,0.29,,126,,Yes
4,9/24/24,3,S1,SCI601 / 13,BIOLOGY A,GRANT MERRILL,10,2027,B,2.99 pts,0,,126,,Yes
4,9/24/24,5,S1,MAT522 / 15,GEOMETRY A,BRIAN ANDERSON,10,2027,A,4.00 pts,0.29,,126,,Yes
5,10/1/24,3,S1,SCI601 / 13,BIOLOGY A,GRANT MERRILL,10,2027,B,2.98 pts,0,,126,,Yes
5,10/1/24,5,S1,MAT522 / 15,GEOMETRY A,BRIAN ANDERSON,10,2027,A,3.95 pts,0.29,,126,,Yes
6,10/8/24,3,S1,SCI601 / 13,BIOLOGY A,GRANT MERRILL,10,2027,B,2.97 pts,0,,126,,Yes
6,10/8/24,5,S1,MAT522 / 15,GEOMETRY A,BRIAN ANDERSON,10,2027,A-,3.52 pts,0.29,,126,,Yes
7,10/16/24,3,S1,SCI601 / 13,BIOLOGY A,GRANT MERRILL,10,2027,B,2.96 pts,0,,126,,Yes
7,10/16/24,5,S1,MAT522 / 15,GEOMETRY A,BRIAN ANDERSON,10,2027,A-,3.50 pts,0.29,,126,,Yes
8,10/22/24,3,S1,SCI601 / 13,BIOLOGY A,GRANT MERRILL,10,2027,C+,2.69 pts,0,,126,,Yes
8,10/22/24,5,S1,MAT522 / 15,GEOMETRY A,BRIAN ANDERSON,10,2027,A-,3.50 pts,0.29,,126,,Yes
9,10/29/24,3,S1,SCI601 / 13,BIOLOGY A,GRANT MERRILL,10,2027,B+,3.24 pts,0,,126,,Yes
9,10/29/24,5,S1,MAT522 / 15,GEOMETRY A,BRIAN ANDERSON,10,2027,A,3.74 pts,0.29,,126,,Yes
10,11/5/24,3,S1,SCI601 / 13,BIOLOGY A,GRANT MERRILL,10,2027,B+,3.24 pts,0,,126,,Yes
10,11/5/24,5,S1,MAT522 / 15,GEOMETRY A,BRIAN ANDERSON,10,2027,A-,3.50 pts,0.29,,126,,Yes
2,9/10/24,6,S1,MAT701 / 16,ALGEBRA II A,JASON BLAESING,11,2026,,,0,,127,,Yes
3,9/17/24,6,S1,MAT701 / 16,ALGEBRA II A,JASON BLAESING,11,2026,A,4.00 pts,0,,127,,Yes
4,9/24/24,6,S1,MAT701 / 16,ALGEBRA II A,JASON BLAESING,11,2026,B,3.05 pts,0,,127,,Yes
5,10/1/24,6,S1,MAT701 / 16,ALGEBRA II A,JASON BLAESING,11,2026,B,3.00 pts,3,,127,,Yes
6,10/8/24,6,S1,MAT701 / 16,ALGEBRA II A,JASON BLAESING,11,2026,A-,3.53 pts,3.33,,127,,Yes
7,10/16/24,6,S1,MAT701 / 16,ALGEBRA II A,JASON BLAESING,11,2026,B+,3.37 pts,3.33,,127,,Yes
8,10/22/24,6,S1,MAT701 / 16,ALGEBRA II A,JASON BLAESING,11,2026,A,3.66 pts,3.33,,127,,Yes
9,10/29/24,6,S1,MAT701 / 16,ALGEBRA II A,JASON BLAESING,11,2026,A-,3.53 pts,4,,127,,Yes
10,11/5/24,6,S1,MAT701 / 16,ALGEBRA II A,JASON BLAESING,11,2026,A-,3.51 pts,5,,127,,Yes
2,9/10/24,3,S1,MAT701 / 13,ALGEBRA II A,JENNIFER REILLY,11,2026,,,0,,128,,Yes
3,9/17/24,3,S1,MAT701 / 13,ALGEBRA II A,JENNIFER REILLY,11,2026,C-,2.00 pts,0.29,,128,,Yes
4,9/24/24,3,S1,MAT701 / 13,ALGEBRA II A,JENNIFER REILLY,11,2026,F,0.15 pts,0.71,,128,,Yes
5,10/1/24,3,S1,MAT701 / 13,ALGEBRA II A,JENNIFER REILLY,11,2026,C-,2.14 pts,0.71,,128,,Yes
6,10/8/24,3,S1,MAT701 / 13,ALGEBRA II A,JENNIFER REILLY,11,2026,B,3.03 pts,2,,128,,Yes
7,10/16/24,3,S1,MAT701 / 13,ALGEBRA II A,JENNIFER REILLY,11,2026,B,2.95 pts,2,,128,,Yes
8,10/22/24,3,S1,MAT701 / 13,ALGEBRA II A,JENNIFER REILLY,11,2026,C+,2.61 pts,2,,128,,Yes
9,10/29/24,3,S1,MAT701 / 13,ALGEBRA II A,JENNIFER REILLY,11,2026,C,2.43 pts,2,,128,,Yes
10,11/5/24,3,S1,MAT701 / 13,ALGEBRA II A,JENNIFER REILLY,11,2026,C,2.43 pts,2,,128,,Yes
2,9/10/24,6,S1,ENG501 / 16,FR ENGLISH/A,DAVID HOLLINGSWORTH,9,2028,,,0,,129,,Yes
3,9/17/24,6,S1,ENG501 / 16,FR ENGLISH/A,DAVID HOLLINGSWORTH,9,2028,F,0.00 pts,3.86,,129,,Yes
4,9/24/24,6,S1,ENG501 / 16,FR ENGLISH/A,DAVID HOLLINGSWORTH,9,2028,F,0.13 pts,6,,129,,Yes
5,10/1/24,6,S1,ENG501 / 16,FR ENGLISH/A,DAVID HOLLINGSWORTH,9,2028,F,0.15 pts,10.29,,129,,Yes
6,10/8/24,6,S1,ENG501 / 16,FR ENGLISH/A,DAVID HOLLINGSWORTH,9,2028,F,0.12 pts,12.14,,129,,Yes
7,10/16/24,6,S1,ENG501 / 16,FR ENGLISH/A,DAVID HOLLINGSWORTH,9,2028,F,0.92 pts,14.14,,129,,Yes
8,10/22/24,6,S1,ENG501 / 16,FR ENGLISH/A,DAVID HOLLINGSWORTH,9,2028,D+,1.91 pts,15.43,,129,,Yes
9,10/29/24,6,S1,ENG501 / 16,FR ENGLISH/A,DAVID HOLLINGSWORTH,9,2028,F,1.62 pts,16.43,,129,,Yes
10,11/5/24,6,S1,ENG501 / 16,FR ENGLISH/A,DAVID HOLLINGSWORTH,9,2028,C-,2.00 pts,16.86,,129,,Yes
2,9/10/24,5,S1,ENG601 / 15,SOPH ENG/A,MARCEE SALAS,10,2027,A,4.00 pts,0,,130,,Yes
2,9/10/24,3,S1,MAT701 / 13,ALGEBRA II A,JENNIFER REILLY,10,2027,,,0,,130,,Yes
3,9/17/24,3,S1,MAT701 / 13,ALGEBRA II A,JENNIFER REILLY,10,2027,A,4.00 pts,0,,130,,Yes
3,9/17/24,5,S1,ENG601 / 15,SOPH ENG/A,MARCEE SALAS,10,2027,A,4.00 pts,0,,130,,Yes
4,9/24/24,3,S1,MAT701 / 13,ALGEBRA II A,JENNIFER REILLY,10,2027,A,4.00 pts,0,,130,,Yes
4,9/24/24,5,S1,ENG601 / 15,SOPH ENG/A,MARCEE SALAS,10,2027,B,3.00 pts,0,,130,,Yes
5,10/1/24,3,S1,MAT701 / 13,ALGEBRA II A,JENNIFER REILLY,10,2027,A,3.94 pts,6,,130,,Yes
5,10/1/24,5,S1,ENG601 / 15,SOPH ENG/A,MARCEE SALAS,10,2027,A-,3.44 pts,6,,130,,Yes
6,10/8/24,3,S1,MAT701 / 13,ALGEBRA II A,JENNIFER REILLY,10,2027,C-,2.07 pts,6,,130,,Yes
6,10/8/24,5,S1,ENG601 / 15,SOPH ENG/A,MARCEE SALAS,10,2027,B-,2.74 pts,6,,130,,Yes
7,10/16/24,3,S1,MAT701 / 13,ALGEBRA II A,JENNIFER REILLY,10,2027,C-,2.02 pts,6,,130,,Yes
7,10/16/24,5,S1,ENG601 / 15,SOPH ENG/A,MARCEE SALAS,10,2027,C+,2.69 pts,6,,130,,Yes
8,10/22/24,3,S1,MAT701 / 13,ALGEBRA II A,JENNIFER REILLY,10,2027,D+,1.98 pts,6,,130,,Yes
8,10/22/24,5,S1,ENG601 / 15,SOPH ENG/A,MARCEE SALAS,10,2027,C,2.40 pts,6,,130,,Yes
9,10/29/24,3,S1,MAT701 / 13,ALGEBRA II A,JENNIFER REILLY,10,2027,D+,1.96 pts,6,,130,,Yes
9,10/29/24,5,S1,ENG601 / 15,SOPH ENG/A,MARCEE SALAS,10,2027,C+,2.59 pts,6,,130,,Yes
10,11/5/24,3,S1,MAT701 / 13,ALGEBRA II A,JENNIFER REILLY,10,2027,D+,1.96 pts,6,,130,,Yes
10,11/5/24,5,S1,ENG601 / 15,SOPH ENG/A,MARCEE SALAS,10,2027,B,3.02 pts,6,,130,,Yes
2,9/10/24,5,S1,ENG701 / 15,JUNIOR ENG/A,JOHN CARVER,11,2026,,,0.29,,131,,Yes
2,9/10/24,2,S1,SCI609 / 12,CHEMISTRY/A,GRANT MERRILL,11,2026,F,0.00 pts,0,,131,,Yes
3,9/17/24,2,S1,SCI609 / 12,CHEMISTRY/A,GRANT MERRILL,11,2026,C,2.27 pts,1.57,,131,,Yes
3,9/17/24,5,S1,ENG701 / 15,JUNIOR ENG/A,JOHN CARVER,11,2026,A,3.76 pts,1.29,,131,,Yes
4,9/24/24,2,S1,SCI609 / 12,CHEMISTRY/A,GRANT MERRILL,11,2026,F,1.04 pts,1.57,,131,,Yes
4,9/24/24,5,S1,ENG701 / 15,JUNIOR ENG/A,JOHN CARVER,11,2026,C+,2.63 pts,1.29,,131,,Yes
5,10/1/24,2,S1,SCI609 / 12,CHEMISTRY/A,GRANT MERRILL,11,2026,F,1.02 pts,1.57,,131,,Yes
5,10/1/24,5,S1,ENG701 / 15,JUNIOR ENG/A,JOHN CARVER,11,2026,A,3.75 pts,1.29,,131,,Yes
6,10/8/24,2,S1,SCI609 / 12,CHEMISTRY/A,GRANT MERRILL,11,2026,F,0.54 pts,1.57,,131,,Yes
6,10/8/24,5,S1,ENG701 / 15,JUNIOR ENG/A,JOHN CARVER,11,2026,A,3.81 pts,1.57,,131,,Yes
7,10/16/24,2,S1,SCI609 / 12,CHEMISTRY/A,GRANT MERRILL,11,2026,F,0.54 pts,1.57,,131,,Yes
7,10/16/24,5,S1,ENG701 / 15,JUNIOR ENG/A,JOHN CARVER,11,2026,A,3.61 pts,2,,131,,Yes
8,10/22/24,2,S1,SCI609 / 12,CHEMISTRY/A,GRANT MERRILL,11,2026,W,0.54 pts,1.57,,131,,Yes
8,10/22/24,5,S1,ENG701 / 15,JUNIOR ENG/A,JOHN CARVER,11,2026,B,3.02 pts,2,,131,,Yes
9,10/29/24,2,S1,SCI609 / 12,CHEMISTRY/A,GRANT MERRILL,11,2026,W,0.54 pts,1.57,,131,,Yes
9,10/29/24,5,S1,ENG701 / 15,JUNIOR ENG/A,JOHN CARVER,11,2026,C+,2.54 pts,3,,131,,Yes
10,11/5/24,2,S1,SCI609 / 12,CHEMISTRY/A,GRANT MERRILL,11,2026,W,0.54 pts,1.57,,131,,Yes
10,11/5/24,5,S1,ENG701 / 15,JUNIOR ENG/A,JOHN CARVER,11,2026,C,2.38 pts,3.86,,131,,Yes
2,9/10/24,2,S1,ENG601 / 12,SOPH ENG/A,KELLY GREGERSEN,10,2027,A,4.00 pts,0,,132,,Yes
2,9/10/24,1,S1,MAT522 / 11,GEOMETRY A,ROCHELLE AITON,10,2027,,,0,,132,,Yes
2,9/10/24,3,S1,SCI601 / 13,BIOLOGY A,GRANT MERRILL,10,2027,A,4.00 pts,0,,132,,Yes
3,9/17/24,1,S1,MAT522 / 11,GEOMETRY A,ROCHELLE AITON,10,2027,F,0.95 pts,0,,132,,Yes
3,9/17/24,2,S1,ENG601 / 12,SOPH ENG/A,KELLY GREGERSEN,10,2027,B,2.98 pts,0,,132,,Yes
3,9/17/24,3,S1,SCI601 / 13,BIOLOGY A,GRANT MERRILL,10,2027,B,2.97 pts,0,,132,,Yes
4,9/24/24,1,S1,MAT522 / 11,GEOMETRY A,ROCHELLE AITON,10,2027,F,0.95 pts,0,,132,,Yes
4,9/24/24,2,S1,ENG601 / 12,SOPH ENG/A,KELLY GREGERSEN,10,2027,F,1.64 pts,0,,132,,Yes
4,9/24/24,3,S1,SCI601 / 13,BIOLOGY A,GRANT MERRILL,10,2027,C-,2.11 pts,0,,132,,Yes
5,10/1/24,1,S1,MAT522 / 11,GEOMETRY A,ROCHELLE AITON,10,2027,F,0.95 pts,0,,132,,Yes
5,10/1/24,2,S1,ENG601 / 12,SOPH ENG/A,KELLY GREGERSEN,10,2027,F,1.64 pts,0,,132,,Yes
5,10/1/24,3,S1,SCI601 / 13,BIOLOGY A,GRANT MERRILL,10,2027,C-,2.08 pts,0,,132,,Yes
6,10/8/24,1,S1,MAT522 / 11,GEOMETRY A,ROCHELLE AITON,10,2027,F,1.40 pts,0,,132,,Yes
6,10/8/24,2,S1,ENG601 / 12,SOPH ENG/A,KELLY GREGERSEN,10,2027,B,2.98 pts,0,,132,,Yes
4,9/24/24,1,S1,ENG701 / 11,JUNIOR ENG/A,JOHN CARVER,11,2026,D+,1.98 pts,4.36,,1,,#N/A
4,9/24/24,2,S1,PED500 / 12,WEIGHT TRAINING,SCOTT BOOTHBY,11,2026,F,1.51 pts,4.21,,1,,#N/A
4,9/24/24,3,S1,MAT701 / 13,ALGEBRA II A,JENNIFER REILLY,11,2026,F,0.00 pts,4.64,,1,,Yes
4,9/24/24,4,S1,CTE114 / 14,ENGINEERING A,JASON BLAESING,11,2026,F,1.33 pts,4,,1,,#N/A
4,9/24/24,5,S1,SOC701 / 15,US HISTORY/A,DAVE HAJEK,11,2026,F,0.10 pts,4,,1,,#N/A
4,9/24/24,6,S1,FAR604 / 16,SCENE DESIGN,KELLY GREGERSEN,11,2026,F,0.20 pts,3.29,,1,,#N/A
4,9/24/24,1,S1,CTA101 / 11,CTA S1,MARK CASTLE,11,2026,,,0,,3,,#N/A
4,9/24/24,2,S1,CTA101 / 11,CTA S1,MARK CASTLE,11,2026,,,0,,3,,#N/A
4,9/24/24,3,S1,CTA101 / 11,CTA S1,MARK CASTLE,11,2026,,,0,,3,,#N/A
4,9/24/24,4,S1,MAT701 / 14,ALGEBRA II A,JENNIFER REILLY,11,2026,F,1.15 pts,0,,3,,#N/A
4,9/24/24,5,S1,ASL503 / 15,AMERICAN SIGN LANGUAGE II/A,TAMI GRANT,11,2026,A-,3.50 pts,0,,3,,#N/A
4,9/24/24,6,S1,ENG701 / 16,JUNIOR ENG/A,JOHN CARVER,11,2026,A,3.64 pts,0.33,,3,,#N/A
4,9/24/24,1,S1,FAR505 / 11,CONCERT CHOIR/A,DAVID DUARTE,10,2027,F,0.00 pts,0.14,,4,,#N/A
4,9/24/24,2,S1,SPA501 / 12,SPANISH 1 A,ROCHELLE AITON,10,2027,A,3.71 pts,0.86,,4,,#N/A
4,9/24/24,3,S1,SOC108 / 13,WORLD HISTORY/A,RYAN ISAACSON,10,2027,B,3.05 pts,0.71,,4,,#N/A
4,9/24/24,4,S1,SCI601 / 14,BIOLOGY A,GRANT MERRILL,10,2027,D+,1.90 pts,1,,4,,Yes
4,9/24/24,5,S1,ENG601 / 15,SOPH ENG/A,MARCEE SALAS,10,2027,F,1.00 pts,0.86,,4,,Yes
4,9/24/24,6,S1,MAT522 / 36,GEOMETRY A,ROCHELLE AITON,10,2027,D+,1.95 pts,1,,4,,#N/A
4,9/24/24,1,S1,VOC705 / 11,DIGITAL PHOTOGRAPHY I,ROSANNA RUFF,11,2026,B+,3.33 pts,7.14,,5,,#N/A
4,9/24/24,2,S1,BUS301 / 12,PERSONAL FINANCE A,NICOLE SIMEK,11,2026,A,3.89 pts,7,,5,,Yes
4,9/24/24,3,S1,SCI503 / 33,PHYSICAL SCIENCE A,WILLIAM BAUR,11,2026,B,3.00 pts,7.14,,5,,#N/A
4,9/24/24,4,S1,SOC701 / 14,US HISTORY/A,DAVE HAJEK,11,2026,A,3.82 pts,7,,5,,Yes
4,9/24/24,5,S1,ENG701 / 15,JUNIOR ENG/A,JOHN CARVER,11,2026,C-,2.02 pts,7,,5,,Yes
4,9/24/24,6,S1,PED500 / 16,WEIGHT TRAINING,SCOTT DIZMANG,11,2026,A,4.00 pts,7.14,,5,,#N/A
4,9/24/24,1,S1,PED513 / 11,TEAM GAMES,SCOTT DIZMANG,10,2027,A,4.00 pts,0,,6,,#N/A
4,9/24/24,2,S1,MAT522 / 12,GEOMETRY A,ROCHELLE AITON,10,2027,F,0.00 pts,0,,6,,Yes
4,9/24/24,3,S1,SOC108 / 13,WORLD HISTORY/A,RYAN ISAACSON,10,2027,C-,2.10 pts,0,,6,,#N/A
4,9/24/24,4,S1,FAR109 / 14,CERAMICS II,ROBERT YEE,10,2027,,,0,,6,,#N/A
4,9/24/24,5,S1,ENG601 / 15,SOPH ENG/A,MARCEE SALAS,10,2027,F,1.08 pts,0,,6,,Yes
4,9/24/24,6,S1,SCI601 / 36,BIOLOGY A,WILLIAM BAUR,10,2027,B,3.00 pts,0,,6,,Yes
4,9/24/24,1,S1,ENG801 / 11,SENIOR ENG/A,HEATHER CARVER,12,2025,B,3.00 pts,1.71,,7,,#N/A
4,9/24/24,2,S1,BUS301 / 12,PERSONAL FINANCE A,NICOLE SIMEK,12,2025,C-,2.03 pts,1.71,,7,,Yes
4,9/24/24,3,S1,ONT400 / 13,ON-TRACK/A,BRIAN ANDERSON,12,2025,A,4.00 pts,1.71,,7,,#N/A
4,9/24/24,4,S1,ENG715 / 14,FILM AS LITERATURE,KELLY GREGERSEN,12,2025,C-,2.19 pts,1.71,,7,,#N/A
4,9/24/24,5,S1,CTE100 / 15,MEDICAL CAREERS & TERMINOLOG/A,DONNA SCHATZ,12,2025,B,2.90 pts,1.71,,7,,#N/A
4,9/24/24,6,S1,SOC802 / 16,CIVICS,JIM REED,12,2025,C-,2.00 pts,1.14,,7,,#N/A
4,9/24/24,1,S1,FAR720 / 11,PANTHER PLAYERS/A,KELLY GREGERSEN,11,2026,A,4.00 pts,1.14,,46,,#N/A
4,9/24/24,2,S1,SCI609 / 12,CHEMISTRY/A,GRANT MERRILL,11,2026,C-,2.04 pts,1,,46,,Yes
4,9/24/24,3,S1,MAT701 / 13,ALGEBRA II A,JENNIFER REILLY,11,2026,C-,2.05 pts,1,,46,,Yes
4,9/24/24,4,S1,ENG715 / 14,FILM AS LITERATURE,KELLY GREGERSEN,11,2026,A,4.00 pts,1,,46,,#N/A
4,9/24/24,5,S1,SOC701 / 15,US HISTORY/A,DAVE HAJEK,11,2026,F,1.11 pts,1,,46,,#N/A
4,9/24/24,6,S1,SPA501 / 16,SPANISH 1 A,ROCHELLE AITON,11,2026,A,3.72 pts,1,,46,,#N/A
4,9/24/24,1,S1,FAR720 / 11,PANTHER PLAYERS/A,KELLY GREGERSEN,12,2025,A,4.00 pts,1.71,,8,,#N/A
4,9/24/24,2,S1,SPS103 / 12,OFFICE ASSISTANT,MARK CASTLE,12,2025,,,0.71,,8,,#N/A
4,9/24/24,3,S1,PED500 / 13,WEIGHT TRAINING,SCOTT BOOTHBY,12,2025,A,3.95 pts,0,,8,,#N/A
4,9/24/24,4,S1,ENG717 / 14,AP LITERATURE/ COMPOSITION A,HEATHER CARVER,12,2025,B,3.00 pts,1.29,,8,,#N/A
4,9/24/24,5,S1,SOC802 / 15,CIVICS,SCOTT BOOTHBY,12,2025,B,3.07 pts,1.29,,8,,#N/A
4,9/24/24,6,S1,SCI503 / 16,PHYSICAL SCIENCE A,JAMES BENNETT,12,2025,A,4.00 pts,1.29,,8,,#N/A
4,9/24/24,1,S1,PED500 / 11,WEIGHT TRAINING,SCOTT BOOTHBY,10,2027,A,4.00 pts,1.43,,9,,#N/A
4,9/24/24,2,S1,SOC108 / 12,WORLD HISTORY/A,DAVID HOLLINGSWORTH,10,2027,F,1.10 pts,1.43,,9,,#N/A
4,9/24/24,3,S1,SCI601 / 13,BIOLOGY A,GRANT MERRILL,10,2027,F,1.03 pts,1.43,,9,,Yes
4,9/24/24,4,S1,FAR109 / 14,CERAMICS II,ROBERT YEE,10,2027,,,0.86,,9,,#N/A
4,9/24/24,5,S1,MAT522 / 15,GEOMETRY A,BRIAN ANDERSON,10,2027,F,1.01 pts,0.86,,9,,Yes
4,9/24/24,6,S1,ENG601 / 16,SOPH ENG/A,MARCEE SALAS,10,2027,F,1.19 pts,0.86,,9,,#N/A
4,9/24/24,1,S1,MAT522 / 11,GEOMETRY A,ROCHELLE AITON,10,2027,F,1.10 pts,0,,10,,Yes
4,9/24/24,2,S1,ENG601 / 12,SOPH ENG/A,KELLY GREGERSEN,10,2027,B,3.03 pts,0,,10,,Yes
4,9/24/24,3,S1,SOC108 / 13,WORLD HISTORY/A,RYAN ISAACSON,10,2027,B,3.05 pts,0,,10,,#N/A
4,9/24/24,4,S1,HFL118 / 14,ADV CULINARY ARTS A,ALEXANDRA YOST,10,2027,C+,2.60 pts,0,,10,,#N/A
4,9/24/24,5,S1,VOC106 / 15,METAL MANUFACTURING & TECH I,DONALD O'BRIEN,10,2027,A,3.97 pts,0,,10,,#N/A
4,9/24/24,6,S1,SCI601 / 16,BIOLOGY A,GRANT MERRILL,10,2027,B,3.00 pts,0,,10,,Yes
4,9/24/24,1,S1,SPA601 / 11,SPANISH II A,ROCHELLE AITON,11,2026,A-,3.46 pts,1,,11,,#N/A
4,9/24/24,2,S1,HFL116 / 12,BAKING PASTRY ARTS I,KAYLA PAYNE,11,2026,A-,3.56 pts,1,,11,,#N/A
4,9/24/24,3,S1,MAT701 / 13,ALGEBRA II A,JENNIFER REILLY,11,2026,F,1.15 pts,1,,11,,Yes
4,9/24/24,4,S1,CTE114 / 14,ENGINEERING A,JASON BLAESING,11,2026,C+,2.67 pts,1.14,,11,,#N/A
4,9/24/24,5,S1,SOC703 / 15,AP US HISTORY A,RYAN ISAACSON,11,2026,A,4.00 pts,1,,11,,#N/A
4,9/24/24,6,S1,ENG701 / 16,JUNIOR ENG/A,JOHN CARVER,11,2026,B,3.02 pts,1,,11,,#N/A
4,9/24/24,1,S1,CTE114 / 11,ENGINEERING A,JASON BLAESING,11,2026,C+,2.67 pts,0,,12,,#N/A
4,9/24/24,2,S1,VOC116 / 12,BASIC CARPENTRY 1,BRENT MANSELL,11,2026,A,4.00 pts,0,,12,,#N/A
4,9/24/24,3,S1,BUS301 / 13,PERSONAL FINANCE A,NICOLE SIMEK,11,2026,B+,3.23 pts,0,,12,,Yes
4,9/24/24,4,S1,SOC701 / 14,US HISTORY/A,DAVE HAJEK,11,2026,C,2.49 pts,0.43,,12,,Yes
4,9/24/24,5,S1,VOC504 / 15,ADV FINE ARTS WOODWORKING I,BRENT MANSELL,11,2026,A,3.90 pts,0.43,,12,,#N/A
4,9/24/24,6,S1,ENG701 / 16,JUNIOR ENG/A,JOHN CARVER,11,2026,C+,2.69 pts,0.43,,12,,#N/A
4,9/24/24,1,S1,MAT522 / 11,GEOMETRY A,ROCHELLE AITON,10,2027,D+,1.90 pts,2.14,,13,,Yes
4,9/24/24,2,S1,ENG601 / 12,SOPH ENG/A,KELLY GREGERSEN,10,2027,A-,3.49 pts,2,,13,,Yes
4,9/24/24,3,S1,SCI601 / 33,BIOLOGY A,DONNA SCHATZ,10,2027,A,4.00 pts,2.14,,13,,#N/A
4,9/24/24,4,S1,CTE114 / 14,ENGINEERING A,JASON BLAESING,10,2027,A,4.00 pts,0.14,,13,,#N/A
4,9/24/24,5,S1,HFL113 / 15,INTRO CULINARY ART,ALEXANDRA YOST,10,2027,C+,2.67 pts,2,,13,,#N/A
4,9/24/24,6,S1,SOC108 / 36,WORLD HISTORY/A,DAVE HAJEK,10,2027,B+,3.33 pts,2,,13,,#N/A
4,9/24/24,1,S1,ENG701 / 11,JUNIOR ENG/A,JOHN CARVER,11,2026,B+,3.29 pts,1.57,,14,,#N/A
4,9/24/24,2,S1,VOC705 / 12,DIGITAL PHOTOGRAPHY I,ROSANNA RUFF,11,2026,C+,2.67 pts,1,,14,,#N/A
4,9/24/24,3,S1,MAT701 / 13,ALGEBRA II A,JENNIFER REILLY,11,2026,F,1.00 pts,1.43,,14,,Yes
4,9/24/24,4,S1,SCI503 / 14,PHYSICAL SCIENCE A,JAMES BENNETT,11,2026,A,4.00 pts,1.43,,14,,#N/A
4,9/24/24,5,S1,SOC701 / 15,US HISTORY/A,DAVE HAJEK,11,2026,A-,3.47 pts,1.71,,14,,#N/A
4,9/24/24,6,S1,VOC502 / 16,FINE ARTS WOODWORKING I,BRENT MANSELL,11,2026,A,4.00 pts,1.29,,14,,#N/A
4,9/24/24,1,S1,SPA601 / 11,SPANISH II A,ROCHELLE AITON,10,2027,A,3.97 pts,0,,15,,#N/A
4,9/24/24,2,S1,ENG601 / 12,SOPH ENG/A,KELLY GREGERSEN,10,2027,F,1.57 pts,0,,15,,Yes
4,9/24/24,3,S1,SOC108 / 13,WORLD HISTORY/A,RYAN ISAACSON,10,2027,A,4.00 pts,0,,15,,#N/A
4,9/24/24,4,S1,SCI601 / 14,BIOLOGY A,GRANT MERRILL,10,2027,F,1.07 pts,0,,15,,Yes
4,9/24/24,5,S1,PED513 / 15,TEAM GAMES,SCOTT DIZMANG,10,2027,A,4.00 pts,0,,15,,#N/A
4,9/24/24,6,S1,MAT522 / 36,GEOMETRY A,ROCHELLE AITON,10,2027,D+,1.90 pts,0,,15,,#N/A
4,9/24/24,1,S1,SOC108 / 11,WORLD HISTORY/A,DAVID HOLLINGSWORTH,10,2027,,4.00 pts,0,,17,,#N/A
4,9/24/24,1,S1,VOC106 / 11,METAL MANUFACTURING & TECH I,DONALD O'BRIEN,10,2027,C-,2.18 pts,1.29,,17,,#N/A
4,9/24/24,2,S1,ENG601 / 12,SOPH ENG/A,KELLY GREGERSEN,10,2027,F,1.09 pts,0.71,,17,,Yes
4,9/24/24,3,S1,SCI601 / 33,BIOLOGY A,DONNA SCHATZ,10,2027,A,4.00 pts,1.43,,17,,#N/A
4,9/24/24,4,S1,MAT522 / 14,GEOMETRY A,ROCHELLE AITON,10,2027,F,0.95 pts,1.29,,17,,Yes
4,9/24/24,5,S1,PED513 / 15,TEAM GAMES,SCOTT DIZMANG,10,2027,A,4.00 pts,1.29,,17,,#N/A
4,9/24/24,6,S1,VOC620 / 16,METAL CRAFTS & PRODUCTION I,DONALD O'BRIEN,10,2027,,0.00 pts,0,,17,,#N/A
4,9/24/24,6,S1,SOC108 / 36,WORLD HISTORY/A,DAVE HAJEK,10,2027,F,1.50 pts,0.71,,17,,#N/A
4,9/24/24,1,S1,PED101 / 11,PHYSICAL EDUCATION,KATHERINE STURDYVIN-SCOBBA,12,2025,,,1.71,,18,,#N/A
4,9/24/24,2,S1,BUS301 / 12,PERSONAL FINANCE A,NICOLE SIMEK,12,2025,C,2.24 pts,0.86,,18,,Yes
4,9/24/24,3,S1,SOC802 / 13,CIVICS,JIM REED,12,2025,F,0.00 pts,1,,18,,#N/A
4,9/24/24,4,S1,AACTM1 / 14,ACADEMIC ACHIEVEMENT A,TIMOTHY MOORE,12,2025,A,3.75 pts,1.86,,18,,#N/A
4,9/24/24,5,S1,ONT400 / 15,ON-TRACK/A,ROBERT YEE,12,2025,B,3.00 pts,0.86,,18,,#N/A
4,9/24/24,6,S1,ENG801 / 16,SENIOR ENG/A,HEATHER CARVER,12,2025,,,0.86,,18,,#N/A
4,9/24/24,1,S1,PED500 / 11,WEIGHT TRAINING,SCOTT BOOTHBY,9,2028,A,4.00 pts,0,,2,,#N/A
4,9/24/24,2,S1,ASL501 / 12,AMERICAN SIGN LANGUAGE I/A,KYLA RITCHEY,9,2028,,,0,,2,,#N/A
4,9/24/24,3,S1,MAT520 / 33,ALGEBRA I A,JANET GROVE,9,2028,A,4.00 pts,0.14,,2,,#N/A
4,9/24/24,4,S1,SCI503 / 14,PHYSICAL SCIENCE A,JAMES BENNETT,9,2028,A,4.00 pts,0.14,,2,,#N/A
4,9/24/24,5,S1,HFL113 / 15,INTRO CULINARY ART,ALEXANDRA YOST,9,2028,B+,3.33 pts,0,,2,,#N/A
4,9/24/24,6,S1,ENG501 / 16,FR ENGLISH/A,DAVID HOLLINGSWORTH,9,2028,A,3.93 pts,0,,2,,Yes
4,9/24/24,1,S1,CTE114 / 11,ENGINEERING A,JASON BLAESING,11,2026,A,4.00 pts,0,,19,,#N/A
4,9/24/24,2,S1,FAR113 / 12,INTRO TO ART AND DESIGN,ROBERT YEE,11,2026,A,4.00 pts,0,,19,,#N/A
4,9/24/24,3,S1,FAR605 / 13,INTRO TO THEATRE,KELLY GREGERSEN,11,2026,A,4.00 pts,0,,19,,#N/A
4,9/24/24,4,S1,ENG701 / 14,JUNIOR ENG/A,JOHN CARVER,11,2026,B+,3.32 pts,0,,19,,#N/A
4,9/24/24,5,S1,SOC703 / 15,AP US HISTORY A,RYAN ISAACSON,11,2026,A,4.00 pts,0,,19,,#N/A
4,9/24/24,6,S1,MAT701 / 16,ALGEBRA II A,JASON BLAESING,11,2026,C-,2.11 pts,0,,19,,Yes
4,9/24/24,1,S1,ENG601 / 11,SOPH ENG/A,MARCEE SALAS,10,2027,B,3.01 pts,0,,20,,#N/A
4,9/24/24,2,S1,MAT522 / 32,GEOMETRY A,BRIAN ANDERSON,10,2027,F,1.06 pts,0.14,,20,,#N/A
4,9/24/24,3,S1,VOC620 / 13,METAL CRAFTS & PRODUCTION I,DONALD O'BRIEN,10,2027,A,3.97 pts,0,,20,,#N/A
4,9/24/24,4,S1,SCI601 / 14,BIOLOGY A,GRANT MERRILL,10,2027,B,3.02 pts,0,,20,,Yes
4,9/24/24,5,S1,CTE100 / 15,MEDICAL CAREERS & TERMINOLOG/A,DONNA SCHATZ,10,2027,A,4.00 pts,0,,20,,#N/A
4,9/24/24,6,S1,SOC108 / 36,WORLD HISTORY/A,DAVE HAJEK,10,2027,A,3.67 pts,0,,20,,#N/A
4,9/24/24,1,S1,SOC701 / 11,US HISTORY/A,DAVE HAJEK,11,2026,F,1.57 pts,0,,21,,#N/A
4,9/24/24,2,S1,SCI609 / 12,CHEMISTRY/A,GRANT MERRILL,11,2026,B,2.98 pts,0,,21,,Yes
4,9/24/24,3,S1,BUS301 / 13,PERSONAL FINANCE A,NICOLE SIMEK,11,2026,D,1.70 pts,0,,21,,Yes
4,9/24/24,4,S1,HFL118 / 14,ADV CULINARY ARTS A,ALEXANDRA YOST,11,2026,B-,2.80 pts,0,,21,,#N/A
4,9/24/24,5,S1,ENG701 / 15,JUNIOR ENG/A,JOHN CARVER,11,2026,C+,2.69 pts,0,,21,,Yes
4,9/24/24,6,S1,PED500 / 16,WEIGHT TRAINING,SCOTT DIZMANG,11,2026,A,4.00 pts,0,,21,,#N/A
4,9/24/24,1,S1,FAR109 / 11,CERAMICS II,ROBERT YEE,11,2026,,,0,,22,,#N/A
4,9/24/24,2,S1,FAR113 / 12,INTRO TO ART AND DESIGN,ROBERT YEE,11,2026,A-,3.50 pts,0.29,,22,,#N/A
4,9/24/24,3,S1,MAT701 / 13,ALGEBRA II A,JENNIFER REILLY,11,2026,B,3.05 pts,0.43,,22,,Yes
4,9/24/24,4,S1,SCI503 / 34,PHYSICAL SCIENCE A,WILLIAM BAUR,11,2026,C-,2.10 pts,0,,22,,#N/A
4,9/24/24,5,S1,SOC701 / 15,US HISTORY/A,DAVE HAJEK,11,2026,C-,2.07 pts,0,,22,,#N/A
4,9/24/24,6,S1,ENG701 / 16,JUNIOR ENG/A,JOHN CARVER,11,2026,A,3.66 pts,0,,22,,#N/A
4,9/24/24,1,S1,SCI503 / 11,PHYSICAL SCIENCE A,JAMES BENNETT,11,2026,B+,3.33 pts,2.86,,23,,#N/A
4,9/24/24,2,S1,BUS301 / 12,PERSONAL FINANCE A,NICOLE SIMEK,11,2026,F,0.95 pts,2.71,,23,,Yes
4,9/24/24,3,S1,ONT400 / 13,ON-TRACK/A,BRIAN ANDERSON,11,2026,A,4.00 pts,2.71,,23,,#N/A
4,9/24/24,4,S1,SOC701 / 14,US HISTORY/A,DAVE HAJEK,11,2026,F,0.07 pts,2.71,,23,,Yes
4,9/24/24,5,S1,ENG701 / 15,JUNIOR ENG/A,JOHN CARVER,11,2026,C-,2.02 pts,2,,23,,Yes
4,9/24/24,6,S1,VOC620 / 16,METAL CRAFTS & PRODUCTION I,DONALD O'BRIEN,11,2026,,0.00 pts,1.29,,23,,#N/A
4,9/24/24,6,S1,FAR604 / 16,SCENE DESIGN,KELLY GREGERSEN,11,2026,,,1.71,,23,,#N/A
4,9/24/24,1,S1,MAT704 / 11,PRE-CALC A MAT 153,BRIAN ANDERSON,12,2025,A,4.00 pts,0.25,,24,,Yes
4,9/24/24,2,S1,RUN101 / 12,RUNNING START/A,,12,2025,,,0,,24,,#N/A
4,9/24/24,3,S1,CTE120 / 13,CYBER SECURITY I,ROSANNA RUFF,12,2025,A,3.99 pts,1,,24,,#N/A
4,9/24/24,4,S1,ENG717 / 14,AP LITERATURE/ COMPOSITION A,HEATHER CARVER,12,2025,B,3.00 pts,2.3,,24,,#N/A
4,9/24/24,5,S1,SOC802 / 15,CIVICS,SCOTT BOOTHBY,12,2025,A,4.00 pts,1,,24,,#N/A
4,9/24/24,6,S1,RUN101 / 16,RUNNING START/A,,12,2025,,,0,,24,,#N/A
4,9/24/24,1,S1,PED513 / 11,TEAM GAMES,SCOTT DIZMANG,9,2028,A,4.00 pts,0,,25,,#N/A
4,9/24/24,2,S1,HFL114 / 12,FAMILY HEALTH,MICHAEL ISOTALO,9,2028,C-,2.13 pts,0,,25,,#N/A
4,9/24/24,3,S1,SCI503 / 33,PHYSICAL SCIENCE A,WILLIAM BAUR,9,2028,F,1.15 pts,0,,25,,#N/A
4,9/24/24,4,S1,VOC300 / 14,SMALL ENGINE REPAIR I,DONALD O'BRIEN,9,2028,F,0.00 pts,0,,25,,#N/A
4,9/24/24,5,S1,MAT520 / 15,ALGEBRA I A,KEVIN REILLY,9,2028,B+,3.33 pts,0,,25,,#N/A
4,9/24/24,6,S1,ENG501 / 16,FR ENGLISH/A,DAVID HOLLINGSWORTH,9,2028,A,3.95 pts,0,,25,,Yes
4,9/24/24,1,S1,SCI503 / 11,PHYSICAL SCIENCE A,JAMES BENNETT,11,2026,C+,2.67 pts,2.71,,26,,#N/A
4,9/24/24,2,S1,VOC705 / 12,DIGITAL PHOTOGRAPHY I,ROSANNA RUFF,11,2026,B+,3.33 pts,1.86,,26,,#N/A
4,9/24/24,3,S1,ONT400 / 13,ON-TRACK/A,BRIAN ANDERSON,11,2026,A,4.00 pts,1,,26,,#N/A
4,9/24/24,4,S1,SOC701 / 14,US HISTORY/A,DAVE HAJEK,11,2026,F,0.60 pts,1.57,,26,,Yes
4,9/24/24,5,S1,BUS301 / 15,PERSONAL FINANCE A,NICOLE SIMEK,11,2026,F,1.43 pts,1.43,,26,,#N/A
4,9/24/24,6,S1,ENG701 / 16,JUNIOR ENG/A,JOHN CARVER,11,2026,C,2.31 pts,1.71,,26,,#N/A
4,9/24/24,1,S1,ASL505 / 11,AMER SIGN III/A,TAMI GRANT,11,2026,F,0.00 pts,0.43,,29,,#N/A
4,9/24/24,2,S1,SCI503 / 32,PHYSICAL SCIENCE A,WILLIAM BAUR,11,2026,A,4.00 pts,0.43,,29,,#N/A
4,9/24/24,3,S1,ENG719 / 13,AP LANGUAGE/COMPOSITION A,HEATHER CARVER,11,2026,A,3.75 pts,0.43,,29,,#N/A
4,9/24/24,4,S1,MAT701 / 14,ALGEBRA II A,JENNIFER REILLY,11,2026,B,3.05 pts,0.43,,29,,#N/A
4,9/24/24,5,S1,CTE501 / 15,PROJECT IN LEADERSHIP/A,KYLA RITCHEY,11,2026,,,0,,29,,#N/A
4,9/24/24,6,S1,SOC701 / 16,US HISTORY/A,SCOTT BOOTHBY,11,2026,D+,1.93 pts,0.43,,29,,Yes
4,9/24/24,1,S1,PED500 / 11,WEIGHT TRAINING,SCOTT BOOTHBY,12,2025,A-,3.51 pts,0,,27,,#N/A
4,9/24/24,2,S1,BUS301 / 12,PERSONAL FINANCE A,NICOLE SIMEK,12,2025,D+,1.92 pts,0,,27,,Yes
4,9/24/24,3,S1,ONT400 / 13,ON-TRACK/A,BRIAN ANDERSON,12,2025,A,4.00 pts,0,,27,,#N/A
4,9/24/24,4,S1,SOC802 / 14,CIVICS,JIM REED,12,2025,C-,2.00 pts,0.14,,27,,#N/A
4,9/24/24,5,S1,CTE100 / 15,MEDICAL CAREERS & TERMINOLOG/A,DONNA SCHATZ,12,2025,F,0.90 pts,0,,27,,#N/A
4,9/24/24,6,S1,ENG801 / 16,SENIOR ENG/A,HEATHER CARVER,12,2025,B,3.00 pts,0,,27,,#N/A
4,9/24/24,1,S1,ENG601 / 11,SOPH ENG/A,MARCEE SALAS,10,2027,C-,2.00 pts,1,,28,,#N/A
4,9/24/24,2,S1,SCI601 / 32,BIOLOGY A,DONNA SCHATZ,10,2027,A,4.00 pts,1,,28,,#N/A
4,9/24/24,3,S1,ASL501 / 13,AMERICAN SIGN LANGUAGE I/A,KYLA RITCHEY,10,2027,,,1.57,,28,,#N/A
4,9/24/24,4,S1,MAT522 / 14,GEOMETRY A,ROCHELLE AITON,10,2027,F,0.95 pts,1.57,,28,,Yes
4,9/24/24,5,S1,CTE222 / 15,MUSIC PROD IA,DAVID DUARTE,10,2027,C-,2.00 pts,1.57,,28,,#N/A
4,9/24/24,6,S1,SOC108 / 16,WORLD HISTORY/A,RYAN ISAACSON,10,2027,F,0.20 pts,1.57,,28,,#N/A
4,9/24/24,1,S1,PED513 / 11,TEAM GAMES,SCOTT DIZMANG,12,2025,B,3.10 pts,0.43,,30,,#N/A
4,9/24/24,2,S1,ASL503 / 12,AMERICAN SIGN LANGUAGE II/A,TAMI GRANT,12,2025,B,3.00 pts,0.14,,30,,#N/A
4,9/24/24,3,S1,BUS301 / 13,PERSONAL FINANCE A,NICOLE SIMEK,12,2025,C,2.24 pts,0,,30,,Yes
4,9/24/24,4,S1,SOC802 / 14,CIVICS,JIM REED,12,2025,A-,3.50 pts,0.43,,30,,#N/A
4,9/24/24,5,S1,VOC106 / 15,METAL MANUFACTURING & TECH I,DONALD O'BRIEN,12,2025,A,3.98 pts,0.43,,30,,#N/A
4,9/24/24,6,S1,ENG801 / 16,SENIOR ENG/A,HEATHER CARVER,12,2025,B,3.00 pts,0.57,,30,,#N/A
4,9/24/24,1,S1,PED513 / 11,TEAM GAMES,SCOTT DIZMANG,11,2026,B,3.10 pts,7.57,,31,,#N/A
4,9/24/24,2,S1,MAT520 / 12,ALGEBRA I A,KEVIN REILLY,11,2026,F,0.67 pts,8.14,,31,,#N/A
4,9/24/24,3,S1,SOC701 / 13,US HISTORY/A,DAVE HAJEK,11,2026,F,0.00 pts,8.14,,31,,#N/A
4,9/24/24,4,S1,SCI503 / 34,PHYSICAL SCIENCE A,WILLIAM BAUR,11,2026,,0.00 pts,6.43,,31,,#N/A
4,9/24/24,4,S1,FAR108 / 14,CERAMICS I,ROBERT YEE,11,2026,,,1.71,,31,,#N/A
4,9/24/24,5,S1,ENG701 / 15,JUNIOR ENG/A,JOHN CARVER,11,2026,C,2.29 pts,6.14,,31,,Yes
4,9/24/24,6,S1,FAR108 / 16,CERAMICS I,ROBERT YEE,11,2026,,4.00 pts,6.43,,31,,#N/A
4,9/24/24,6,S1,SCI601 / 36,BIOLOGY A,WILLIAM BAUR,11,2026,,,1.71,,31,,Yes
4,9/24/24,1,S1,FAR108 / 11,CERAMICS I,ROBERT YEE,10,2027,A,4.00 pts,0,,32,,#N/A
4,9/24/24,2,S1,SOC108 / 12,WORLD HISTORY/A,DAVID HOLLINGSWORTH,10,2027,C-,2.04 pts,0,,32,,#N/A
4,9/24/24,3,S1,SCI601 / 33,BIOLOGY A,DONNA SCHATZ,10,2027,A,4.00 pts,0,,32,,#N/A
4,9/24/24,4,S1,MAT522 / 14,GEOMETRY A,ROCHELLE AITON,10,2027,D+,1.90 pts,0,,32,,Yes
4,9/24/24,5,S1,ASL503 / 15,AMERICAN SIGN LANGUAGE II/A,TAMI GRANT,10,2027,F,1.50 pts,0,,32,,#N/A
4,9/24/24,6,S1,ENG601 / 16,SOPH ENG/A,MARCEE SALAS,10,2027,F,1.54 pts,0,,32,,#N/A
4,9/24/24,1,S1,VOC705 / 11,DIGITAL PHOTOGRAPHY I,ROSANNA RUFF,10,2027,C-,2.00 pts,0.29,,33,,#N/A
4,9/24/24,2,S1,MAT522 / 12,GEOMETRY A,ROCHELLE AITON,10,2027,D+,1.90 pts,0,,33,,Yes
4,9/24/24,3,S1,ASL501 / 13,AMERICAN SIGN LANGUAGE I/A,KYLA RITCHEY,10,2027,,,0,,33,,#N/A
4,9/24/24,4,S1,SOC108 / 14,WORLD HISTORY/A,DAVID HOLLINGSWORTH,10,2027,A,3.97 pts,0,,33,,#N/A
4,9/24/24,5,S1,ENG601 / 15,SOPH ENG/A,MARCEE SALAS,10,2027,C,2.33 pts,0,,33,,Yes
4,9/24/24,6,S1,SCI601 / 36,BIOLOGY A,WILLIAM BAUR,10,2027,A,4.00 pts,0,,33,,Yes
4,9/24/24,1,S1,VOC106 / 11,METAL MANUFACTURING & TECH I,DONALD O'BRIEN,10,2027,A,3.63 pts,0.43,,34,,#N/A
4,9/24/24,2,S1,ENG601 / 12,SOPH ENG/A,KELLY GREGERSEN,10,2027,F,1.44 pts,0,,34,,Yes
4,9/24/24,3,S1,SCI601 / 13,BIOLOGY A,GRANT MERRILL,10,2027,F,0.92 pts,0,,34,,Yes
4,9/24/24,4,S1,MAT522 / 14,GEOMETRY A,ROCHELLE AITON,10,2027,F,0.95 pts,0,,34,,Yes
4,9/24/24,5,S1,VOC503 / 15,FINE ARTS WOODS II,BRENT MANSELL,10,2027,A,3.80 pts,0.43,,34,,#N/A
4,9/24/24,6,S1,SOC108 / 16,WORLD HISTORY/A,RYAN ISAACSON,10,2027,F,0.00 pts,0.43,,34,,#N/A
4,9/24/24,1,S1,ENG801 / 11,SENIOR ENG/A,HEATHER CARVER,12,2025,A,4.00 pts,0,,35,,#N/A
4,9/24/24,2,S1,SCI609 / 12,CHEMISTRY/A,GRANT MERRILL,12,2025,A,3.93 pts,0,,35,,Yes
4,9/24/24,3,S1,SOC802 / 13,CIVICS,JIM REED,12,2025,C-,2.00 pts,0,,35,,#N/A
4,9/24/24,4,S1,HFL115 / 14,ADVANCED PASTRY ARTS I,KAYLA PAYNE,12,2025,,,0,,35,,#N/A
4,9/24/24,5,S1,ONT400 / 15,ON-TRACK/A,ROBERT YEE,12,2025,B,3.00 pts,0,,35,,#N/A
4,9/24/24,6,S1,FAR111 / 16,CERAMICS IV,ROBERT YEE,12,2025,,,0,,35,,#N/A
4,9/24/24,1,S1,CTE114 / 11,ENGINEERING A,JASON BLAESING,11,2026,C+,2.67 pts,7.43,,36,,#N/A
4,9/24/24,2,S1,MAT701 / 12,ALGEBRA II A,JASON BLAESING,11,2026,F,0.04 pts,7.43,,36,,Yes
4,9/24/24,3,S1,PED500 / 13,WEIGHT TRAINING,SCOTT BOOTHBY,11,2026,C-,2.05 pts,7.43,,36,,#N/A
4,9/24/24,4,S1,ENG701 / 14,JUNIOR ENG/A,JOHN CARVER,11,2026,C,2.36 pts,7.14,,36,,#N/A
4,9/24/24,5,S1,SOC701 / 15,US HISTORY/A,DAVE HAJEK,11,2026,C-,2.05 pts,7,,36,,#N/A
4,9/24/24,6,S1,FAR542 / 16,WIND ENSEMB/A,DAVID DUARTE,11,2026,A,4.00 pts,7,,36,,#N/A
4,9/24/24,1,S1,VOC502 / 11,FINE ARTS WOODWORKING I,BRENT MANSELL,11,2026,A,4.00 pts,0,,37,,#N/A
4,9/24/24,2,S1,SCI503 / 12,PHYSICAL SCIENCE A,JAMES BENNETT,11,2026,A,4.00 pts,0,,37,,#N/A
4,9/24/24,3,S1,ONT400 / 13,ON-TRACK/A,BRIAN ANDERSON,11,2026,A,4.00 pts,0.14,,37,,#N/A
4,9/24/24,4,S1,ENG715 / 14,FILM AS LITERATURE,KELLY GREGERSEN,11,2026,B,3.10 pts,0,,37,,#N/A
4,9/24/24,5,S1,BUS301 / 15,PERSONAL FINANCE A,NICOLE SIMEK,11,2026,F,1.58 pts,0,,37,,#N/A
4,9/24/24,6,S1,SOC701 / 16,US HISTORY/A,SCOTT BOOTHBY,11,2026,B-,2.74 pts,0,,37,,Yes
4,9/24/24,1,S1,VOC502 / 11,FINE ARTS WOODWORKING I,BRENT MANSELL,10,2027,A,4.00 pts,1,,38,,#N/A
4,9/24/24,2,S1,SCI601 / 32,BIOLOGY A,DONNA SCHATZ,10,2027,A,4.00 pts,1.71,,38,,#N/A
4,9/24/24,3,S1,MAT522 / 13,GEOMETRY A,ROCHELLE AITON,10,2027,F,0.95 pts,1.71,,38,,Yes
4,9/24/24,4,S1,PED500 / 14,WEIGHT TRAINING,SCOTT DIZMANG,10,2027,A,4.00 pts,1.71,,38,,#N/A
4,9/24/24,5,S1,ENG601 / 15,SOPH ENG/A,MARCEE SALAS,10,2027,A-,3.40 pts,1.71,,38,,Yes
4,9/24/24,6,S1,SOC108 / 36,WORLD HISTORY/A,DAVE HAJEK,10,2027,B,3.17 pts,1.71,,38,,#N/A
4,9/24/24,1,S1,VOC106 / 11,METAL MANUFACTURING & TECH I,DONALD O'BRIEN,10,2027,A,4.00 pts,0,,39,,#N/A
4,9/24/24,2,S1,SOC108 / 12,WORLD HISTORY/A,DAVID HOLLINGSWORTH,10,2027,B,2.96 pts,0,,39,,#N/A
4,9/24/24,3,S1,MAT522 / 13,GEOMETRY A,ROCHELLE AITON,10,2027,D+,1.95 pts,0,,39,,Yes
4,9/24/24,4,S1,PED500 / 14,WEIGHT TRAINING,SCOTT DIZMANG,10,2027,A,4.00 pts,0,,39,,#N/A
4,9/24/24,5,S1,ENG601 / 15,SOPH ENG/A,MARCEE SALAS,10,2027,F,1.64 pts,0,,39,,Yes
4,9/24/24,6,S1,SCI601 / 36,BIOLOGY A,WILLIAM BAUR,10,2027,B,3.00 pts,0,,39,,Yes
4,9/24/24,1,S1,ENG701 / 11,JUNIOR ENG/A,JOHN CARVER,11,2026,A,3.68 pts,0,,40,,#N/A
4,9/24/24,2,S1,MAT701 / 12,ALGEBRA II A,JASON BLAESING,11,2026,F,1.25 pts,0,,40,,Yes
4,9/24/24,3,S1,PED500 / 13,WEIGHT TRAINING,SCOTT BOOTHBY,11,2026,A,4.00 pts,0,,40,,#N/A
4,9/24/24,4,S1,SCI503 / 34,PHYSICAL SCIENCE A,WILLIAM BAUR,11,2026,B,2.93 pts,0,,40,,#N/A
4,9/24/24,5,S1,SPA601 / 15,SPANISH II A,ROCHELLE AITON,11,2026,B,2.95 pts,0,,40,,#N/A
4,9/24/24,6,S1,SOC701 / 16,US HISTORY/A,SCOTT BOOTHBY,11,2026,F,1.64 pts,0,,40,,Yes
4,9/24/24,1,S1,SOC701 / 11,US HISTORY/A,DAVE HAJEK,11,2026,C+,2.56 pts,0.57,,47,,#N/A
4,9/24/24,2,S1,SCI609 / 12,CHEMISTRY/A,GRANT MERRILL,11,2026,B,3.00 pts,0.43,,47,,Yes
4,9/24/24,3,S1,ASL503 / 13,AMERICAN SIGN LANGUAGE II/A,TAMI GRANT,11,2026,,,0,,47,,#N/A
4,9/24/24,4,S1,PED500 / 14,WEIGHT TRAINING,SCOTT DIZMANG,11,2026,A,4.00 pts,0,,47,,#N/A
4,9/24/24,5,S1,MAT701 / 35,ALGEBRA II A,JENNIFER REILLY,11,2026,A,4.00 pts,0,,47,,#N/A
4,9/24/24,6,S1,ENG701 / 16,JUNIOR ENG/A,JOHN CARVER,11,2026,A,3.66 pts,0,,47,,#N/A
4,9/24/24,1,S1,ENG701 / 11,JUNIOR ENG/A,JOHN CARVER,11,2026,B+,3.34 pts,0.29,,41,,#N/A
4,9/24/24,2,S1,HFL116 / 12,BAKING PASTRY ARTS I,KAYLA PAYNE,11,2026,B+,3.33 pts,0.14,,41,,#N/A
4,9/24/24,3,S1,SCI503 / 33,PHYSICAL SCIENCE A,WILLIAM BAUR,11,2026,A,3.90 pts,0,,41,,#N/A
4,9/24/24,4,S1,SOC701 / 14,US HISTORY/A,DAVE HAJEK,11,2026,F,1.58 pts,0,,41,,Yes
4,9/24/24,5,S1,ASL503 / 15,AMERICAN SIGN LANGUAGE II/A,TAMI GRANT,11,2026,A-,3.50 pts,0,,41,,#N/A
4,9/24/24,6,S1,MAT701 / 16,ALGEBRA II A,JASON BLAESING,11,2026,F,1.17 pts,0,,41,,Yes
4,9/24/24,1,S1,FAR606 / 11,ADVANCED ACTING/ A,KELLY GREGERSEN,12,2025,A,4.00 pts,0,,42,,#N/A
4,9/24/24,2,S1,SCI609 / 12,CHEMISTRY/A,GRANT MERRILL,12,2025,F,1.11 pts,0,,42,,Yes
4,9/24/24,3,S1,ENG801 / 13,SENIOR ENG/A,JOHN CARVER,12,2025,B+,3.31 pts,0,,42,,#N/A
4,9/24/24,4,S1,HFL118 / 14,ADV CULINARY ARTS A,ALEXANDRA YOST,12,2025,B-,2.80 pts,0,,42,,#N/A
4,9/24/24,5,S1,BUS301 / 15,PERSONAL FINANCE A,NICOLE SIMEK,12,2025,B,3.00 pts,0,,42,,#N/A
4,9/24/24,6,S1,FAR542 / 16,WIND ENSEMB/A,DAVID DUARTE,12,2025,C+,2.67 pts,0.14,,42,,#N/A
4,9/24/24,1,S1,ENG701 / 11,JUNIOR ENG/A,JOHN CARVER,11,2026,B,2.98 pts,3.29,,43,,#N/A
4,9/24/24,2,S1,SCI503 / 12,PHYSICAL SCIENCE A,JAMES BENNETT,11,2026,C+,2.67 pts,2.86,,43,,#N/A
4,9/24/24,3,S1,ASL503 / 13,AMERICAN SIGN LANGUAGE II/A,TAMI GRANT,11,2026,B,3.00 pts,2.29,,43,,#N/A
4,9/24/24,4,S1,SOC701 / 14,US HISTORY/A,DAVE HAJEK,11,2026,C-,2.06 pts,3.29,,43,,Yes
4,9/24/24,5,S1,SOC105 / 15,AP PSYCHOLOGY A,JIM REED,11,2026,A,4.00 pts,2,,43,,#N/A
4,9/24/24,6,S1,MAT701 / 16,ALGEBRA II A,JASON BLAESING,11,2026,F,0.30 pts,2.57,,43,,Yes
4,9/24/24,1,S1,MAT522 / 11,GEOMETRY A,ROCHELLE AITON,10,2027,F,0.95 pts,3,,44,,Yes
4,9/24/24,2,S1,HFL116 / 12,BAKING PASTRY ARTS I,KAYLA PAYNE,10,2027,A,4.00 pts,0.14,,44,,#N/A
4,9/24/24,2,S1,SCI601 / 32,BIOLOGY A,DONNA SCHATZ,10,2027,,4.00 pts,1.86,,44,,#N/A
4,9/24/24,3,S1,HFL116 / 13,BAKING PASTRY ARTS I,KAYLA PAYNE,10,2027,,,2.57,,44,,#N/A
4,9/24/24,3,S1,SCI601 / 33,BIOLOGY A,DONNA SCHATZ,10,2027,A,4.00 pts,0,,44,,#N/A
4,9/24/24,4,S1,PED500 / 14,WEIGHT TRAINING,SCOTT DIZMANG,10,2027,B,3.05 pts,3.71,,44,,#N/A
4,9/24/24,5,S1,ENG601 / 15,SOPH ENG/A,MARCEE SALAS,10,2027,C,2.31 pts,3.71,,44,,Yes
4,9/24/24,6,S1,SOC108 / 16,WORLD HISTORY/A,RYAN ISAACSON,10,2027,F,1.43 pts,3.43,,44,,#N/A
4,9/24/24,1,S1,VOC705 / 11,DIGITAL PHOTOGRAPHY I,ROSANNA RUFF,11,2026,A,4.00 pts,0,,45,,#N/A
4,9/24/24,2,S1,SCI609 / 12,CHEMISTRY/A,GRANT MERRILL,11,2026,B,3.00 pts,0,,45,,Yes
4,9/24/24,3,S1,ENG719 / 13,AP LANGUAGE/COMPOSITION A,HEATHER CARVER,11,2026,A,4.00 pts,0,,45,,#N/A
4,9/24/24,4,S1,PED500 / 14,WEIGHT TRAINING,SCOTT DIZMANG,11,2026,A,4.00 pts,0,,45,,#N/A
4,9/24/24,5,S1,SOC703 / 15,AP US HISTORY A,RYAN ISAACSON,11,2026,A,4.00 pts,0,,45,,#N/A
4,9/24/24,6,S1,MAT701 / 16,ALGEBRA II A,JASON BLAESING,11,2026,C-,2.00 pts,0,,45,,Yes
6,10/8/24,3,S1,SCI601 / 13,BIOLOGY A,GRANT MERRILL,10,2027,C-,2.09 pts,0,,132,,Yes
7,10/16/24,1,S1,MAT522 / 11,GEOMETRY A,ROCHELLE AITON,10,2027,F,1.40 pts,0,,132,,Yes
7,10/16/24,2,S1,ENG601 / 12,SOPH ENG/A,KELLY GREGERSEN,10,2027,B,2.98 pts,0,,132,,Yes
7,10/16/24,3,S1,SCI601 / 13,BIOLOGY A,GRANT MERRILL,10,2027,C-,2.08 pts,0,,132,,Yes
8,10/22/24,1,S1,MAT522 / 11,GEOMETRY A,ROCHELLE AITON,10,2027,F,1.40 pts,0,,132,,Yes
8,10/22/24,1,S1,MAT522 / 11,GEOMETRY A,NINETTE LILIENTHAL,10,2027,F,1.40 pts,0,,132,,Yes
8,10/22/24,2,S1,ENG601 / 12,SOPH ENG/A,KELLY GREGERSEN,10,2027,F,1.59 pts,0,,132,,Yes
8,10/22/24,3,S1,SCI601 / 13,BIOLOGY A,GRANT MERRILL,10,2027,F,1.56 pts,0,,132,,Yes
9,10/29/24,1,S1,MAT522 / 11,GEOMETRY A,ROCHELLE AITON,10,2027,D+,1.95 pts,0,,132,,Yes
9,10/29/24,1,S1,MAT522 / 11,GEOMETRY A,NINETTE LILIENTHAL,10,2027,D+,1.95 pts,0,,132,,Yes
9,10/29/24,2,S1,ENG601 / 12,SOPH ENG/A,KELLY GREGERSEN,10,2027,F,1.59 pts,0,,132,,Yes
9,10/29/24,3,S1,SCI601 / 13,BIOLOGY A,GRANT MERRILL,10,2027,C-,2.09 pts,0,,132,,Yes
10,11/5/24,1,S1,MAT522 / 11,GEOMETRY A,ROCHELLE AITON,10,2027,D+,1.95 pts,0.86,,132,,Yes
10,11/5/24,1,S1,MAT522 / 11,GEOMETRY A,NINETTE LILIENTHAL,10,2027,D+,1.95 pts,0.86,,132,,Yes
10,11/5/24,2,S1,ENG601 / 12,SOPH ENG/A,KELLY GREGERSEN,10,2027,F,1.59 pts,0.86,,132,,Yes
10,11/5/24,3,S1,SCI601 / 13,BIOLOGY A,GRANT MERRILL,10,2027,C-,2.10 pts,0.86,,132,,Yes
2,9/10/24,6,S1,SCI601 / 36,BIOLOGY A,WILLIAM BAUR,10,2027,,,0,,133,,Yes
3,9/17/24,6,S1,SCI601 / 36,BIOLOGY A,WILLIAM BAUR,10,2027,A,4.00 pts,0,,133,,Yes
4,9/24/24,6,S1,SCI601 / 36,BIOLOGY A,WILLIAM BAUR,10,2027,A,4.00 pts,0,,133,,Yes
5,10/1/24,6,S1,SCI601 / 36,BIOLOGY A,WILLIAM BAUR,10,2027,A,4.00 pts,0,,133,,Yes
6,10/8/24,6,S1,SCI601 / 36,BIOLOGY A,WILLIAM BAUR,10,2027,B,3.05 pts,0,,133,,Yes
7,10/16/24,6,S1,SCI601 / 36,BIOLOGY A,WILLIAM BAUR,10,2027,A-,3.51 pts,0,,133,,Yes
8,10/22/24,6,S1,SCI601 / 36,BIOLOGY A,WILLIAM BAUR,10,2027,A-,3.51 pts,0,,133,,Yes
9,10/29/24,6,S1,SCI601 / 36,BIOLOGY A,WILLIAM BAUR,10,2027,A,4.00 pts,0,,133,,Yes
10,11/5/24,6,S1,SCI601 / 36,BIOLOGY A,WILLIAM BAUR,10,2027,A,4.00 pts,0,,133,,Yes
2,9/10/24,6,S1,SOC701 / 16,US HISTORY/A,SCOTT BOOTHBY,11,2026,A,4.00 pts,0,,134,,Yes
3,9/17/24,6,S1,SOC701 / 16,US HISTORY/A,SCOTT BOOTHBY,11,2026,B,3.00 pts,1,,134,,Yes
4,9/24/24,6,S1,SOC701 / 16,US HISTORY/A,SCOTT BOOTHBY,11,2026,B,3.07 pts,1.43,,134,,Yes
5,10/1/24,6,S1,SOC701 / 16,US HISTORY/A,SCOTT BOOTHBY,11,2026,B,2.98 pts,2.14,,134,,Yes
6,10/8/24,6,S1,SOC701 / 16,US HISTORY/A,SCOTT BOOTHBY,11,2026,B,3.07 pts,3.14,,134,,Yes
7,10/16/24,6,S1,SOC701 / 16,US HISTORY/A,SCOTT BOOTHBY,11,2026,C-,2.15 pts,4,,134,,Yes
8,10/22/24,6,S1,SOC701 / 16,US HISTORY/A,SCOTT BOOTHBY,11,2026,C-,2.12 pts,4.57,,134,,Yes
9,10/29/24,6,S1,SOC701 / 16,US HISTORY/A,SCOTT BOOTHBY,11,2026,C+,2.55 pts,5.43,,134,,Yes
10,11/5/24,6,S1,SOC701 / 16,US HISTORY/A,SCOTT BOOTHBY,11,2026,C,2.39 pts,5.86,,134,,Yes
2,9/10/24,2,S1,BUS301 / 12,PERSONAL FINANCE A,NICOLE SIMEK,12,2025,,,0,,135,,Yes
3,9/17/24,2,S1,BUS301 / 12,PERSONAL FINANCE A,NICOLE SIMEK,12,2025,A,4.00 pts,0,,135,,Yes
4,9/24/24,2,S1,BUS301 / 12,PERSONAL FINANCE A,NICOLE SIMEK,12,2025,A,3.98 pts,0,,135,,Yes
5,10/1/24,2,S1,BUS301 / 12,PERSONAL FINANCE A,NICOLE SIMEK,12,2025,A,3.62 pts,0,,135,,Yes
6,10/8/24,2,S1,BUS301 / 12,PERSONAL FINANCE A,NICOLE SIMEK,12,2025,B,2.94 pts,1,,135,,Yes
7,10/16/24,2,S1,BUS301 / 12,PERSONAL FINANCE A,NICOLE SIMEK,12,2025,B,2.92 pts,1.29,,135,,Yes
8,10/22/24,2,S1,BUS301 / 12,PERSONAL FINANCE A,NICOLE SIMEK,12,2025,B,2.96 pts,1.29,,135,,Yes
9,10/29/24,2,S1,BUS301 / 12,PERSONAL FINANCE A,NICOLE SIMEK,12,2025,B,2.97 pts,2.29,,135,,Yes
10,11/5/24,2,S1,BUS301 / 12,PERSONAL FINANCE A,NICOLE SIMEK,12,2025,B,2.97 pts,12.29,,135,,Yes
2,9/10/24,3,S1,SCI601 / 13,BIOLOGY A,GRANT MERRILL,10,2027,A,4.00 pts,0,,136,,Yes
3,9/17/24,3,S1,SCI601 / 13,BIOLOGY A,GRANT MERRILL,10,2027,F,1.04 pts,0,,136,,Yes
4,9/24/24,3,S1,SCI601 / 13,BIOLOGY A,GRANT MERRILL,10,2027,F,1.03 pts,1.14,,136,,Yes
5,10/1/24,3,S1,SCI601 / 13,BIOLOGY A,GRANT MERRILL,10,2027,F,0.99 pts,1.29,,136,,Yes
6,10/8/24,3,S1,SCI601 / 13,BIOLOGY A,GRANT MERRILL,10,2027,F,1.00 pts,1.29,,136,,Yes
7,10/16/24,3,S1,SCI601 / 13,BIOLOGY A,GRANT MERRILL,10,2027,F,0.99 pts,1.43,,136,,Yes
8,10/22/24,3,S1,SCI601 / 13,BIOLOGY A,GRANT MERRILL,10,2027,C,2.23 pts,1.43,,136,,Yes
9,10/29/24,3,S1,SCI601 / 13,BIOLOGY A,GRANT MERRILL,10,2027,C,2.21 pts,1.43,,136,,Yes
10,11/5/24,3,S1,SCI601 / 13,BIOLOGY A,GRANT MERRILL,10,2027,C,2.20 pts,1.43,,136,,Yes
2,9/10/24,3,S1,SCI601 / 13,BIOLOGY A,GRANT MERRILL,10,2027,A,4.00 pts,0,,137,,Yes
3,9/17/24,3,S1,SCI601 / 13,BIOLOGY A,GRANT MERRILL,10,2027,A-,3.41 pts,0,,137,,Yes
3,9/17/24,4,S1,MAT522 / 14,GEOMETRY A,ROCHELLE AITON,10,2027,,,0,,137,,Yes
4,9/24/24,3,S1,SCI601 / 13,BIOLOGY A,GRANT MERRILL,10,2027,A,3.95 pts,0.14,,137,,Yes
4,9/24/24,4,S1,MAT522 / 14,GEOMETRY A,ROCHELLE AITON,10,2027,C-,2.05 pts,0,,137,,Yes
5,10/1/24,3,S1,SCI601 / 13,BIOLOGY A,GRANT MERRILL,10,2027,A,3.95 pts,0.14,,137,,Yes
5,10/1/24,4,S1,MAT522 / 14,GEOMETRY A,ROCHELLE AITON,10,2027,A,3.95 pts,0,,137,,Yes
6,10/8/24,3,S1,SCI601 / 13,BIOLOGY A,GRANT MERRILL,10,2027,A,3.94 pts,0.14,,137,,Yes
6,10/8/24,4,S1,MAT522 / 14,GEOMETRY A,ROCHELLE AITON,10,2027,C+,2.55 pts,0,,137,,Yes
7,10/16/24,3,S1,SCI601 / 13,BIOLOGY A,GRANT MERRILL,10,2027,A,3.94 pts,0.14,,137,,Yes
7,10/16/24,4,S1,MAT522 / 14,GEOMETRY A,ROCHELLE AITON,10,2027,C+,2.55 pts,0,,137,,Yes
8,10/22/24,3,S1,SCI601 / 13,BIOLOGY A,GRANT MERRILL,10,2027,B,3.03 pts,0.43,,137,,Yes
8,10/22/24,4,S1,MAT522 / 14,GEOMETRY A,ROCHELLE AITON,10,2027,B,3.00 pts,0,,137,,Yes
8,10/22/24,4,S1,MAT522 / 14,GEOMETRY A,NINETTE LILIENTHAL,10,2027,B,3.00 pts,0,,137,,Yes
9,10/29/24,3,S1,SCI601 / 13,BIOLOGY A,GRANT MERRILL,10,2027,B+,3.27 pts,0.43,,137,,Yes
9,10/29/24,4,S1,MAT522 / 14,GEOMETRY A,ROCHELLE AITON,10,2027,C+,2.68 pts,0,,137,,Yes
9,10/29/24,4,S1,MAT522 / 14,GEOMETRY A,NINETTE LILIENTHAL,10,2027,C+,2.68 pts,0,,137,,Yes
10,11/5/24,3,S1,SCI601 / 13,BIOLOGY A,GRANT MERRILL,10,2027,B+,3.28 pts,1.29,,137,,Yes
10,11/5/24,4,S1,MAT522 / 14,GEOMETRY A,ROCHELLE AITON,10,2027,C+,2.68 pts,0.86,,137,,Yes
10,11/5/24,4,S1,MAT522 / 14,GEOMETRY A,NINETTE LILIENTHAL,10,2027,C+,2.68 pts,0.86,,137,,Yes
2,9/10/24,5,S1,ENG701 / 15,JUNIOR ENG/A,JOHN CARVER,11,2026,,,0,,138,,Yes
2,9/10/24,1,S1,MAT704 / 11,PRE-CALC A MAT 153,BRIAN ANDERSON,11,2026,,,0,,138,,Yes
3,9/17/24,1,S1,MAT704 / 11,PRE-CALC A MAT 153,BRIAN ANDERSON,11,2026,,,0.29,,138,,Yes
3,9/17/24,5,S1,ENG701 / 15,JUNIOR ENG/A,JOHN CARVER,11,2026,A,3.95 pts,0,,138,,Yes
4,9/24/24,1,S1,MAT704 / 11,PRE-CALC A MAT 153,BRIAN ANDERSON,11,2026,A,4.00 pts,0.43,,138,,Yes
4,9/24/24,5,S1,ENG701 / 15,JUNIOR ENG/A,JOHN CARVER,11,2026,A,3.66 pts,0,,138,,Yes
5,10/1/24,1,S1,MAT704 / 11,PRE-CALC A MAT 153,BRIAN ANDERSON,11,2026,A,4.00 pts,0.43,,138,,Yes
5,10/1/24,5,S1,ENG701 / 15,JUNIOR ENG/A,JOHN CARVER,11,2026,A,3.66 pts,0.29,,138,,Yes
6,10/8/24,1,S1,MAT704 / 11,PRE-CALC A MAT 153,BRIAN ANDERSON,11,2026,A,4.00 pts,0.57,,138,,Yes
6,10/8/24,5,S1,ENG701 / 15,JUNIOR ENG/A,JOHN CARVER,11,2026,A,3.75 pts,0.29,,138,,Yes
7,10/16/24,1,S1,MAT704 / 11,PRE-CALC A MAT 153,BRIAN ANDERSON,11,2026,A-,3.41 pts,0.57,,138,,Yes
7,10/16/24,5,S1,ENG701 / 15,JUNIOR ENG/A,JOHN CARVER,11,2026,A,3.83 pts,0.86,,138,,Yes
8,10/22/24,1,S1,MAT704 / 11,PRE-CALC A MAT 153,BRIAN ANDERSON,11,2026,C+,2.61 pts,0.57,,138,,Yes
8,10/22/24,5,S1,ENG701 / 15,JUNIOR ENG/A,JOHN CARVER,11,2026,A,3.80 pts,0.86,,138,,Yes
9,10/29/24,1,S1,MAT704 / 11,PRE-CALC A MAT 153,BRIAN ANDERSON,11,2026,C+,2.59 pts,0.71,,138,,Yes
9,10/29/24,5,S1,ENG701 / 15,JUNIOR ENG/A,JOHN CARVER,11,2026,A,3.68 pts,1.43,,138,,Yes
10,11/5/24,1,S1,MAT704 / 11,PRE-CALC A MAT 153,BRIAN ANDERSON,11,2026,C,2.36 pts,0.71,,138,,Yes
10,11/5/24,5,S1,ENG701 / 15,JUNIOR ENG/A,JOHN CARVER,11,2026,A,3.71 pts,1.43,,138,,Yes
2,9/10/24,5,S1,ENG601 / 15,SOPH ENG/A,MARCEE SALAS,10,2027,A,4.00 pts,0,,139,,Yes
3,9/17/24,5,S1,ENG601 / 15,SOPH ENG/A,MARCEE SALAS,10,2027,A,4.00 pts,0,,139,,Yes
4,9/24/24,5,S1,ENG601 / 15,SOPH ENG/A,MARCEE SALAS,10,2027,F,0.97 pts,0.29,,139,,Yes
5,10/1/24,5,S1,ENG601 / 15,SOPH ENG/A,MARCEE SALAS,10,2027,F,1.43 pts,1.29,,139,,Yes
6,10/8/24,5,S1,ENG601 / 15,SOPH ENG/A,MARCEE SALAS,10,2027,F,1.50 pts,1.29,,139,,Yes
7,10/16/24,5,S1,ENG601 / 15,SOPH ENG/A,MARCEE SALAS,10,2027,F,1.50 pts,2.14,,139,,Yes
8,10/22/24,5,S1,ENG601 / 15,SOPH ENG/A,MARCEE SALAS,10,2027,F,1.51 pts,2.14,,139,,Yes
9,10/29/24,5,S1,ENG601 / 15,SOPH ENG/A,MARCEE SALAS,10,2027,F,1.52 pts,2.14,,139,,Yes
10,11/5/24,5,S1,ENG601 / 15,SOPH ENG/A,MARCEE SALAS,10,2027,C-,2.04 pts,2.14,,139,,Yes
2,9/10/24,3,S1,SCI601 / 13,BIOLOGY A,GRANT MERRILL,10,2027,A,4.00 pts,0,,140,,Yes
3,9/17/24,3,S1,SCI601 / 13,BIOLOGY A,GRANT MERRILL,10,2027,F,1.17 pts,0,,140,,Yes
4,9/24/24,3,S1,SCI601 / 13,BIOLOGY A,GRANT MERRILL,10,2027,B,2.99 pts,0,,140,,Yes
5,10/1/24,3,S1,SCI601 / 13,BIOLOGY A,GRANT MERRILL,10,2027,B,2.98 pts,0,,140,,Yes
6,10/8/24,3,S1,SCI601 / 13,BIOLOGY A,GRANT MERRILL,10,2027,B,2.95 pts,0,,140,,Yes
7,10/16/24,3,S1,SCI601 / 13,BIOLOGY A,GRANT MERRILL,10,2027,B,2.94 pts,0,,140,,Yes
8,10/22/24,3,S1,SCI601 / 13,BIOLOGY A,GRANT MERRILL,10,2027,B+,3.25 pts,0,,140,,Yes
9,10/29/24,3,S1,SCI601 / 13,BIOLOGY A,GRANT MERRILL,10,2027,B+,3.20 pts,0,,140,,Yes
10,11/5/24,3,S1,SCI601 / 13,BIOLOGY A,GRANT MERRILL,10,2027,B+,3.21 pts,0,,140,,Yes
2,9/10/24,6,S1,MAT701 / 16,ALGEBRA II A,JASON BLAESING,11,2026,,,0,,141,,Yes
3,9/17/24,6,S1,MAT701 / 16,ALGEBRA II A,JASON BLAESING,11,2026,A,4.00 pts,0,,141,,Yes
4,9/24/24,6,S1,MAT701 / 16,ALGEBRA II A,JASON BLAESING,11,2026,C-,2.15 pts,0,,141,,Yes
5,10/1/24,6,S1,MAT701 / 16,ALGEBRA II A,JASON BLAESING,11,2026,A,3.95 pts,0,,141,,Yes
6,10/8/24,6,S1,MAT701 / 16,ALGEBRA II A,JASON BLAESING,11,2026,A,4.00 pts,0,,141,,Yes
7,10/16/24,6,S1,MAT701 / 16,ALGEBRA II A,JASON BLAESING,11,2026,B+,3.37 pts,1,,141,,Yes
8,10/22/24,6,S1,MAT701 / 16,ALGEBRA II A,JASON BLAESING,11,2026,B+,3.34 pts,2,,141,,Yes
9,10/29/24,6,S1,MAT701 / 16,ALGEBRA II A,JASON BLAESING,11,2026,B,3.06 pts,2,,141,,Yes
10,11/5/24,6,S1,MAT701 / 16,ALGEBRA II A,JASON BLAESING,11,2026,B+,3.27 pts,3,,141,,Yes
2,9/10/24,5,S1,MAT522 / 15,GEOMETRY A,BRIAN ANDERSON,10,2027,,,0,,142,,Yes
2,9/10/24,6,S1,SCI601 / 16,BIOLOGY A,GRANT MERRILL,10,2027,,,0,,142,,Yes
3,9/17/24,5,S1,MAT522 / 15,GEOMETRY A,BRIAN ANDERSON,10,2027,C+,2.67 pts,0.86,,142,,Yes
3,9/17/24,6,S1,SCI601 / 16,BIOLOGY A,GRANT MERRILL,10,2027,F,1.03 pts,0.86,,142,,Yes
4,9/24/24,5,S1,MAT522 / 15,GEOMETRY A,BRIAN ANDERSON,10,2027,C-,2.02 pts,0.86,,142,,Yes
4,9/24/24,6,S1,SCI601 / 16,BIOLOGY A,GRANT MERRILL,10,2027,D+,1.94 pts,0.86,,142,,Yes
5,10/1/24,5,S1,MAT522 / 15,GEOMETRY A,BRIAN ANDERSON,10,2027,D+,1.95 pts,0.86,,142,,Yes
5,10/1/24,6,S1,SCI601 / 16,BIOLOGY A,GRANT MERRILL,10,2027,D+,1.92 pts,0.86,,142,,Yes
6,10/8/24,5,S1,MAT522 / 15,GEOMETRY A,BRIAN ANDERSON,10,2027,F,1.50 pts,0.86,,142,,Yes
6,10/8/24,6,S1,SCI601 / 16,BIOLOGY A,GRANT MERRILL,10,2027,D+,1.91 pts,0.86,,142,,Yes
7,10/16/24,5,S1,MAT522 / 15,GEOMETRY A,BRIAN ANDERSON,10,2027,D+,1.97 pts,1.86,,142,,Yes
7,10/16/24,6,S1,SCI601 / 16,BIOLOGY A,GRANT MERRILL,10,2027,D+,1.90 pts,1.86,,142,,Yes
8,10/22/24,5,S1,MAT522 / 15,GEOMETRY A,BRIAN ANDERSON,10,2027,D+,1.97 pts,2.86,,142,,Yes
8,10/22/24,6,S1,SCI601 / 16,BIOLOGY A,GRANT MERRILL,10,2027,F,1.53 pts,2.86,,142,,Yes
9,10/29/24,5,S1,MAT522 / 15,GEOMETRY A,BRIAN ANDERSON,10,2027,D+,1.98 pts,3.86,,142,,Yes
9,10/29/24,6,S1,SCI601 / 16,BIOLOGY A,GRANT MERRILL,10,2027,C,2.22 pts,4.29,,142,,Yes
10,11/5/24,5,S1,MAT522 / 15,GEOMETRY A,BRIAN ANDERSON,10,2027,D+,1.99 pts,3.86,,142,,Yes
10,11/5/24,6,S1,SCI601 / 16,BIOLOGY A,GRANT MERRILL,10,2027,C,2.22 pts,4.29,,142,,Yes
2,9/10/24,2,S1,ENG601 / 12,SOPH ENG/A,KELLY GREGERSEN,10,2027,A,4.00 pts,0.14,,143,,Yes
3,9/17/24,2,S1,ENG601 / 12,SOPH ENG/A,KELLY GREGERSEN,10,2027,B,3.15 pts,0.14,,143,,Yes
3,9/17/24,4,S1,MAT522 / 14,GEOMETRY A,ROCHELLE AITON,10,2027,,,0.43,,143,,Yes
4,9/24/24,2,S1,ENG601 / 12,SOPH ENG/A,KELLY GREGERSEN,10,2027,A-,3.53 pts,2.14,,143,,Yes
4,9/24/24,4,S1,MAT522 / 14,GEOMETRY A,ROCHELLE AITON,10,2027,F,0.00 pts,2.86,,143,,Yes
5,10/1/24,2,S1,ENG601 / 12,SOPH ENG/A,KELLY GREGERSEN,10,2027,A-,3.53 pts,3.14,,143,,Yes
5,10/1/24,4,S1,MAT522 / 14,GEOMETRY A,ROCHELLE AITON,10,2027,F,0.00 pts,3.86,,143,,Yes
6,10/8/24,2,S1,ENG601 / 12,SOPH ENG/A,KELLY GREGERSEN,10,2027,A-,3.52 pts,3.14,,143,,Yes
6,10/8/24,4,S1,MAT522 / 14,GEOMETRY A,ROCHELLE AITON,10,2027,F,0.45 pts,3.86,,143,,Yes
7,10/16/24,2,S1,ENG601 / 12,SOPH ENG/A,KELLY GREGERSEN,10,2027,A-,3.52 pts,4.14,,143,,Yes
7,10/16/24,4,S1,MAT522 / 14,GEOMETRY A,ROCHELLE AITON,10,2027,F,0.45 pts,5,,143,,Yes
8,10/22/24,2,S1,ENG601 / 12,SOPH ENG/A,KELLY GREGERSEN,10,2027,B+,3.36 pts,4.14,,143,,Yes
8,10/22/24,4,S1,MAT522 / 14,GEOMETRY A,ROCHELLE AITON,10,2027,F,0.50 pts,5,,143,,Yes
8,10/22/24,4,S1,MAT522 / 14,GEOMETRY A,NINETTE LILIENTHAL,10,2027,F,0.50 pts,5,,143,,Yes
9,10/29/24,2,S1,ENG601 / 12,SOPH ENG/A,KELLY GREGERSEN,10,2027,B+,3.36 pts,4.14,,143,,Yes
9,10/29/24,4,S1,MAT522 / 14,GEOMETRY A,ROCHELLE AITON,10,2027,F,0.97 pts,5,,143,,Yes
9,10/29/24,4,S1,MAT522 / 14,GEOMETRY A,NINETTE LILIENTHAL,10,2027,F,0.97 pts,5,,143,,Yes
10,11/5/24,2,S1,ENG601 / 12,SOPH ENG/A,KELLY GREGERSEN,10,2027,B+,3.36 pts,5.86,,143,,Yes
10,11/5/24,4,S1,MAT522 / 14,GEOMETRY A,ROCHELLE AITON,10,2027,F,0.97 pts,6.71,,143,,Yes
10,11/5/24,4,S1,MAT522 / 14,GEOMETRY A,NINETTE LILIENTHAL,10,2027,F,0.97 pts,6.71,,143,,Yes
2,9/10/24,6,S1,SCI601 / 16,BIOLOGY A,GRANT MERRILL,10,2027,,,0,,144,,Yes
3,9/17/24,6,S1,SCI601 / 16,BIOLOGY A,GRANT MERRILL,10,2027,F,1.19 pts,0,,144,,Yes
4,9/24/24,6,S1,SCI601 / 16,BIOLOGY A,GRANT MERRILL,10,2027,C-,2.09 pts,0,,144,,Yes
5,10/1/24,6,S1,SCI601 / 16,BIOLOGY A,GRANT MERRILL,10,2027,C-,2.08 pts,0,,144,,Yes
6,10/8/24,6,S1,SCI601 / 16,BIOLOGY A,GRANT MERRILL,10,2027,C-,2.06 pts,0,,144,,Yes
7,10/16/24,6,S1,SCI601 / 16,BIOLOGY A,GRANT MERRILL,10,2027,C-,2.06 pts,0,,144,,Yes
8,10/22/24,6,S1,SCI601 / 16,BIOLOGY A,GRANT MERRILL,10,2027,C+,2.54 pts,0,,144,,Yes
9,10/29/24,6,S1,SCI601 / 16,BIOLOGY A,GRANT MERRILL,10,2027,C-,2.10 pts,0,,144,,Yes
10,11/5/24,6,S1,SCI601 / 16,BIOLOGY A,GRANT MERRILL,10,2027,C-,2.09 pts,0.86,,144,,Yes
2,9/10/24,2,S1,MAT701 / 12,ALGEBRA II A,JASON BLAESING,11,2026,,,1,,145,,Yes
3,9/17/24,2,S1,MAT701 / 12,ALGEBRA II A,JASON BLAESING,11,2026,A,4.00 pts,1.57,,145,,Yes
4,9/24/24,2,S1,MAT701 / 12,ALGEBRA II A,JASON BLAESING,11,2026,C-,2.19 pts,2,,145,,Yes
5,10/1/24,2,S1,MAT701 / 12,ALGEBRA II A,JASON BLAESING,11,2026,B,3.00 pts,3.14,,145,,Yes
6,10/8/24,2,S1,MAT701 / 12,ALGEBRA II A,JASON BLAESING,11,2026,B,3.07 pts,3.29,,145,,Yes
7,10/16/24,2,S1,MAT701 / 12,ALGEBRA II A,JASON BLAESING,11,2026,B,3.05 pts,4.43,,145,,Yes
8,10/22/24,2,S1,MAT701 / 12,ALGEBRA II A,JASON BLAESING,11,2026,B,3.03 pts,5.57,,145,,Yes
9,10/29/24,2,S1,MAT701 / 12,ALGEBRA II A,JASON BLAESING,11,2026,C,2.36 pts,6.57,,145,,Yes
10,11/5/24,2,S1,MAT701 / 12,ALGEBRA II A,JASON BLAESING,11,2026,B-,2.81 pts,6.57,,145,,Yes
2,9/10/24,2,S1,MAT522 / 12,GEOMETRY A,ROCHELLE AITON,10,2027,,,0,,146,,Yes
2,9/10/24,6,S1,SCI601 / 16,BIOLOGY A,GRANT MERRILL,10,2027,,,0,,146,,Yes
3,9/17/24,2,S1,MAT522 / 12,GEOMETRY A,ROCHELLE AITON,10,2027,F,0.00 pts,0.86,,146,,Yes
3,9/17/24,6,S1,SCI601 / 16,BIOLOGY A,GRANT MERRILL,10,2027,B,3.03 pts,0.86,,146,,Yes
4,9/24/24,2,S1,MAT522 / 12,GEOMETRY A,ROCHELLE AITON,10,2027,A,4.00 pts,0.86,,146,,Yes
4,9/24/24,6,S1,SCI601 / 16,BIOLOGY A,GRANT MERRILL,10,2027,B,3.00 pts,1,,146,,Yes
5,10/1/24,2,S1,MAT522 / 12,GEOMETRY A,ROCHELLE AITON,10,2027,A,4.00 pts,2.57,,146,,Yes
5,10/1/24,6,S1,SCI601 / 16,BIOLOGY A,GRANT MERRILL,10,2027,B,2.95 pts,2.71,,146,,Yes
6,10/8/24,2,S1,MAT522 / 12,GEOMETRY A,ROCHELLE AITON,10,2027,C,2.38 pts,2.86,,146,,Yes
6,10/8/24,6,S1,SCI601 / 16,BIOLOGY A,GRANT MERRILL,10,2027,B,2.92 pts,3.14,,146,,Yes
7,10/16/24,2,S1,MAT522 / 12,GEOMETRY A,ROCHELLE AITON,10,2027,C,2.38 pts,2.86,,146,,Yes
7,10/16/24,6,S1,SCI601 / 16,BIOLOGY A,GRANT MERRILL,10,2027,B,2.92 pts,3.29,,146,,Yes
8,10/22/24,2,S1,MAT522 / 12,GEOMETRY A,ROCHELLE AITON,10,2027,C,2.38 pts,3.71,,146,,Yes
8,10/22/24,2,S1,MAT522 / 12,GEOMETRY A,NINETTE LILIENTHAL,10,2027,C,2.38 pts,3.71,,146,,Yes
8,10/22/24,6,S1,SCI601 / 16,BIOLOGY A,GRANT MERRILL,10,2027,C-,2.05 pts,4.14,,146,,Yes
9,10/29/24,2,S1,MAT522 / 12,GEOMETRY A,ROCHELLE AITON,10,2027,D+,1.97 pts,3.71,,146,,Yes
9,10/29/24,2,S1,MAT522 / 12,GEOMETRY A,NINETTE LILIENTHAL,10,2027,D+,1.97 pts,3.71,,146,,Yes
9,10/29/24,6,S1,SCI601 / 16,BIOLOGY A,GRANT MERRILL,10,2027,C+,2.59 pts,4.14,,146,,Yes
10,11/5/24,2,S1,MAT522 / 12,GEOMETRY A,ROCHELLE AITON,10,2027,D+,1.97 pts,3.86,,146,,Yes
10,11/5/24,2,S1,MAT522 / 12,GEOMETRY A,NINETTE LILIENTHAL,10,2027,D+,1.97 pts,3.86,,146,,Yes
10,11/5/24,6,S1,SCI601 / 16,BIOLOGY A,GRANT MERRILL,10,2027,C+,2.59 pts,4.29,,146,,Yes
2,9/10/24,6,S1,SOC701 / 16,US HISTORY/A,SCOTT BOOTHBY,11,2026,C-,2.00 pts,0.14,,147,,Yes
3,9/17/24,6,S1,SOC701 / 16,US HISTORY/A,SCOTT BOOTHBY,11,2026,C+,2.54 pts,0.71,,147,,Yes
4,9/24/24,6,S1,SOC701 / 16,US HISTORY/A,SCOTT BOOTHBY,11,2026,C+,2.55 pts,2.29,,147,,Yes
5,10/1/24,6,S1,SOC701 / 16,US HISTORY/A,SCOTT BOOTHBY,11,2026,C,2.33 pts,6.29,,147,,Yes
6,10/8/24,6,S1,SOC701 / 16,US HISTORY/A,SCOTT BOOTHBY,11,2026,C,2.33 pts,12.14,,147,,Yes
7,10/16/24,6,S1,SOC701 / 16,US HISTORY/A,SCOTT BOOTHBY,11,2026,F,1.27 pts,16.29,,147,,Yes
8,10/22/24,6,S1,SOC701 / 16,US HISTORY/A,SCOTT BOOTHBY,11,2026,F,1.27 pts,20.29,,147,,Yes
9,10/29/24,6,S1,SOC701 / 16,US HISTORY/A,SCOTT BOOTHBY,11,2026,F,1.37 pts,21.14,,147,,Yes
10,11/5/24,6,S1,SOC701 / 16,US HISTORY/A,SCOTT BOOTHBY,11,2026,C-,2.13 pts,22.71,,147,,Yes
2,9/10/24,5,S1,ENG701 / 15,JUNIOR ENG/A,JOHN CARVER,11,2026,,,0,,148,,Yes
2,9/10/24,6,S1,MAT701 / 16,ALGEBRA II A,JASON BLAESING,11,2026,,,0,,148,,Yes
3,9/17/24,5,S1,ENG701 / 15,JUNIOR ENG/A,JOHN CARVER,11,2026,A,3.90 pts,0,,148,,Yes
3,9/17/24,6,S1,MAT701 / 16,ALGEBRA II A,JASON BLAESING,11,2026,A,4.00 pts,0,,148,,Yes
4,9/24/24,5,S1,ENG701 / 15,JUNIOR ENG/A,JOHN CARVER,11,2026,A,3.97 pts,0,,148,,Yes
4,9/24/24,6,S1,MAT701 / 16,ALGEBRA II A,JASON BLAESING,11,2026,C-,2.19 pts,0,,148,,Yes
5,10/1/24,5,S1,ENG701 / 15,JUNIOR ENG/A,JOHN CARVER,11,2026,A,3.96 pts,0,,148,,Yes
5,10/1/24,6,S1,MAT701 / 16,ALGEBRA II A,JASON BLAESING,11,2026,B,3.10 pts,0,,148,,Yes
6,10/8/24,5,S1,ENG701 / 15,JUNIOR ENG/A,JOHN CARVER,11,2026,A,3.98 pts,0,,148,,Yes
6,10/8/24,6,S1,MAT701 / 16,ALGEBRA II A,JASON BLAESING,11,2026,A-,3.53 pts,0,,148,,Yes
7,10/16/24,5,S1,ENG701 / 15,JUNIOR ENG/A,JOHN CARVER,11,2026,A,3.98 pts,0,,148,,Yes
7,10/16/24,6,S1,MAT701 / 16,ALGEBRA II A,JASON BLAESING,11,2026,B-,2.73 pts,0,,148,,Yes
8,10/22/24,5,S1,ENG701 / 15,JUNIOR ENG/A,JOHN CARVER,11,2026,B+,3.38 pts,2.33,,148,,Yes
8,10/22/24,6,S1,MAT701 / 16,ALGEBRA II A,JASON BLAESING,11,2026,A,3.66 pts,2,,148,,Yes
9,10/29/24,5,S1,ENG701 / 15,JUNIOR ENG/A,JOHN CARVER,11,2026,B,2.90 pts,2.33,,148,,Yes
9,10/29/24,6,S1,MAT701 / 16,ALGEBRA II A,JASON BLAESING,11,2026,B+,3.30 pts,2,,148,,Yes
10,11/5/24,5,S1,ENG701 / 15,JUNIOR ENG/A,JOHN CARVER,11,2026,C+,2.66 pts,3.33,,148,,Yes
10,11/5/24,6,S1,MAT701 / 16,ALGEBRA II A,JASON BLAESING,11,2026,B+,3.28 pts,3,,148,,Yes
2,9/10/24,3,S1,MAT701 / 13,ALGEBRA II A,JENNIFER REILLY,12,2025,,,0,,149,,Yes
3,9/17/24,3,S1,MAT701 / 13,ALGEBRA II A,JENNIFER REILLY,12,2025,A,4.00 pts,0,,149,,Yes
4,9/24/24,3,S1,MAT701 / 13,ALGEBRA II A,JENNIFER REILLY,12,2025,B,3.05 pts,0,,149,,Yes
5,10/1/24,3,S1,MAT701 / 13,ALGEBRA II A,JENNIFER REILLY,12,2025,B,3.10 pts,0,,149,,Yes
6,10/8/24,3,S1,MAT701 / 13,ALGEBRA II A,JENNIFER REILLY,12,2025,A-,3.53 pts,0,,149,,Yes
7,10/16/24,3,S1,MAT701 / 13,ALGEBRA II A,JENNIFER REILLY,12,2025,A-,3.50 pts,0,,149,,Yes
8,10/22/24,3,S1,MAT701 / 13,ALGEBRA II A,JENNIFER REILLY,12,2025,B+,3.36 pts,0,,149,,Yes
9,10/29/24,3,S1,MAT701 / 13,ALGEBRA II A,JENNIFER REILLY,12,2025,A-,3.47 pts,0,,149,,Yes
10,11/5/24,3,S1,MAT701 / 13,ALGEBRA II A,JENNIFER REILLY,12,2025,A-,3.47 pts,0,,149,,Yes
2,9/10/24,2,S1,SCI609 / 12,CHEMISTRY/A,GRANT MERRILL,11,2026,F,0.00 pts,0.86,,150,,Yes
3,9/17/24,2,S1,SCI609 / 12,CHEMISTRY/A,GRANT MERRILL,11,2026,F,1.11 pts,0.86,,150,,Yes
4,9/24/24,2,S1,SCI609 / 12,CHEMISTRY/A,GRANT MERRILL,11,2026,C-,2.05 pts,0.86,,150,,Yes
5,10/1/24,2,S1,SCI609 / 12,CHEMISTRY/A,GRANT MERRILL,11,2026,C-,2.02 pts,0.86,,150,,Yes
6,10/8/24,2,S1,SCI609 / 12,CHEMISTRY/A,GRANT MERRILL,11,2026,F,1.06 pts,0.86,,150,,Yes
7,10/16/24,2,S1,SCI609 / 12,CHEMISTRY/A,GRANT MERRILL,11,2026,F,1.06 pts,0.86,,150,,Yes
8,10/22/24,2,S1,SCI609 / 12,CHEMISTRY/A,GRANT MERRILL,11,2026,F,1.20 pts,1.86,,150,,Yes
9,10/29/24,2,S1,SCI609 / 12,CHEMISTRY/A,GRANT MERRILL,11,2026,F,0.64 pts,1.86,,150,,Yes
10,11/5/24,2,S1,SCI609 / 12,CHEMISTRY/A,GRANT MERRILL,11,2026,F,0.64 pts,1.86,,150,,Yes
2,9/10/24,1,S1,MAT704 / 11,PRE-CALC A MAT 153,BRIAN ANDERSON,11,2026,,,0,,151,,Yes
3,9/17/24,1,S1,MAT704 / 11,PRE-CALC A MAT 153,BRIAN ANDERSON,11,2026,,,0,,151,,Yes
4,9/24/24,1,S1,MAT704 / 11,PRE-CALC A MAT 153,BRIAN ANDERSON,11,2026,A,4.00 pts,0,,151,,Yes
5,10/1/24,1,S1,MAT704 / 11,PRE-CALC A MAT 153,BRIAN ANDERSON,11,2026,A,4.00 pts,0,,151,,Yes
6,10/8/24,1,S1,MAT704 / 11,PRE-CALC A MAT 153,BRIAN ANDERSON,11,2026,A,4.00 pts,0,,151,,Yes
7,10/16/24,1,S1,MAT704 / 11,PRE-CALC A MAT 153,BRIAN ANDERSON,11,2026,C+,2.54 pts,0,,151,,Yes
8,10/22/24,1,S1,MAT704 / 11,PRE-CALC A MAT 153,BRIAN ANDERSON,11,2026,C,2.40 pts,0,,151,,Yes
9,10/29/24,1,S1,MAT704 / 11,PRE-CALC A MAT 153,BRIAN ANDERSON,11,2026,B,2.98 pts,0,,151,,Yes
10,11/5/24,1,S1,MAT704 / 11,PRE-CALC A MAT 153,BRIAN ANDERSON,11,2026,B,2.99 pts,0,,151,,Yes
2,9/10/24,2,S1,MAT701 / 12,ALGEBRA II A,JASON BLAESING,11,2026,,,0,,152,,Yes
3,9/17/24,2,S1,MAT701 / 12,ALGEBRA II A,JASON BLAESING,11,2026,A,4.00 pts,0,,152,,Yes
4,9/24/24,2,S1,MAT701 / 12,ALGEBRA II A,JASON BLAESING,11,2026,C-,2.10 pts,0,,152,,Yes
5,10/1/24,2,S1,MAT701 / 12,ALGEBRA II A,JASON BLAESING,11,2026,C-,2.10 pts,0,,152,,Yes
6,10/8/24,2,S1,MAT701 / 12,ALGEBRA II A,JASON BLAESING,11,2026,C-,2.01 pts,0,,152,,Yes
7,10/16/24,2,S1,MAT701 / 12,ALGEBRA II A,JASON BLAESING,11,2026,D,1.69 pts,0,,152,,Yes
8,10/22/24,2,S1,MAT701 / 12,ALGEBRA II A,JASON BLAESING,11,2026,D,1.66 pts,0,,152,,Yes
9,10/29/24,2,S1,MAT701 / 12,ALGEBRA II A,JASON BLAESING,11,2026,F,1.49 pts,0.86,,152,,Yes
10,11/5/24,2,S1,MAT701 / 12,ALGEBRA II A,JASON BLAESING,11,2026,D+,1.80 pts,0.86,,152,,Yes
2,9/10/24,3,S1,MAT701 / 13,ALGEBRA II A,JENNIFER REILLY,10,2027,,,0,,153,,Yes
3,9/17/24,3,S1,MAT701 / 13,ALGEBRA II A,JENNIFER REILLY,10,2027,A,4.00 pts,0,,153,,Yes
4,9/24/24,3,S1,MAT701 / 13,ALGEBRA II A,JENNIFER REILLY,10,2027,B,3.05 pts,0,,153,,Yes
5,10/1/24,3,S1,MAT701 / 13,ALGEBRA II A,JENNIFER REILLY,10,2027,B,3.10 pts,0,,153,,Yes
6,10/8/24,3,S1,MAT701 / 13,ALGEBRA II A,JENNIFER REILLY,10,2027,A,4.00 pts,1,,153,,Yes
7,10/16/24,3,S1,MAT701 / 13,ALGEBRA II A,JENNIFER REILLY,10,2027,A,3.93 pts,1,,153,,Yes
8,10/22/24,3,S1,MAT701 / 13,ALGEBRA II A,JENNIFER REILLY,10,2027,A,3.93 pts,1.29,,153,,Yes
9,10/29/24,3,S1,MAT701 / 13,ALGEBRA II A,JENNIFER REILLY,10,2027,A,3.93 pts,1.29,,153,,Yes
10,11/5/24,3,S1,MAT701 / 13,ALGEBRA II A,JENNIFER REILLY,10,2027,A,3.93 pts,1.29,,153,,Yes
2,9/10/24,5,S1,MAT522 / 15,GEOMETRY A,BRIAN ANDERSON,9,2028,,,0,,154,,Yes
3,9/17/24,5,S1,MAT522 / 15,GEOMETRY A,BRIAN ANDERSON,9,2028,A,3.67 pts,0,,154,,Yes
4,9/24/24,5,S1,MAT522 / 15,GEOMETRY A,BRIAN ANDERSON,9,2028,B,2.97 pts,0,,154,,Yes
5,10/1/24,5,S1,MAT522 / 15,GEOMETRY A,BRIAN ANDERSON,9,2028,B,2.91 pts,0,,154,,Yes
6,10/8/24,5,S1,MAT522 / 15,GEOMETRY A,BRIAN ANDERSON,9,2028,B,2.96 pts,0,,154,,Yes
7,10/16/24,5,S1,MAT522 / 15,GEOMETRY A,BRIAN ANDERSON,9,2028,B,2.96 pts,0,,154,,Yes
8,10/22/24,5,S1,MAT522 / 15,GEOMETRY A,BRIAN ANDERSON,9,2028,B-,2.72 pts,1,,154,,Yes
9,10/29/24,5,S1,MAT522 / 15,GEOMETRY A,BRIAN ANDERSON,9,2028,B-,2.72 pts,1,,154,,Yes
10,11/5/24,5,S1,MAT522 / 15,GEOMETRY A,BRIAN ANDERSON,9,2028,C,2.49 pts,1,,154,,Yes
2,9/10/24,3,S1,SCI601 / 13,BIOLOGY A,GRANT MERRILL,10,2027,A,4.00 pts,0.29,,155,,Yes
3,9/17/24,3,S1,SCI601 / 13,BIOLOGY A,GRANT MERRILL,10,2027,F,1.17 pts,0.29,,155,,Yes
3,9/17/24,4,S1,MAT522 / 14,GEOMETRY A,ROCHELLE AITON,10,2027,,,0,,155,,Yes
4,9/24/24,3,S1,SCI601 / 13,BIOLOGY A,GRANT MERRILL,10,2027,B,2.99 pts,0.29,,155,,Yes
4,9/24/24,4,S1,MAT522 / 14,GEOMETRY A,ROCHELLE AITON,10,2027,B,3.00 pts,0,,155,,Yes
5,10/1/24,3,S1,SCI601 / 13,BIOLOGY A,GRANT MERRILL,10,2027,B,3.00 pts,0.29,,155,,Yes
5,10/1/24,4,S1,MAT522 / 14,GEOMETRY A,ROCHELLE AITON,10,2027,B,3.00 pts,0,,155,,Yes
6,10/8/24,3,S1,SCI601 / 13,BIOLOGY A,GRANT MERRILL,10,2027,B,3.00 pts,0.29,,155,,Yes
6,10/8/24,4,S1,MAT522 / 14,GEOMETRY A,ROCHELLE AITON,10,2027,C+,2.55 pts,0,,155,,Yes
7,10/16/24,3,S1,SCI601 / 13,BIOLOGY A,GRANT MERRILL,10,2027,B,2.99 pts,0.29,,155,,Yes
7,10/16/24,4,S1,MAT522 / 14,GEOMETRY A,ROCHELLE AITON,10,2027,C+,2.55 pts,0,,155,,Yes
8,10/22/24,3,S1,SCI601 / 13,BIOLOGY A,GRANT MERRILL,10,2027,F,1.54 pts,0.29,,155,,Yes
8,10/22/24,4,S1,MAT522 / 14,GEOMETRY A,ROCHELLE AITON,10,2027,B,3.00 pts,0,,155,,Yes
8,10/22/24,4,S1,MAT522 / 14,GEOMETRY A,NINETTE LILIENTHAL,10,2027,B,3.00 pts,0,,155,,Yes
9,10/29/24,3,S1,SCI601 / 13,BIOLOGY A,GRANT MERRILL,10,2027,C+,2.66 pts,0.29,,155,,Yes
9,10/29/24,4,S1,MAT522 / 14,GEOMETRY A,ROCHELLE AITON,10,2027,B,2.98 pts,0,,155,,Yes
9,10/29/24,4,S1,MAT522 / 14,GEOMETRY A,NINETTE LILIENTHAL,10,2027,B,2.98 pts,0,,155,,Yes
10,11/5/24,3,S1,SCI601 / 13,BIOLOGY A,GRANT MERRILL,10,2027,B-,2.70 pts,0.29,,155,,Yes
10,11/5/24,4,S1,MAT522 / 14,GEOMETRY A,ROCHELLE AITON,10,2027,B,2.98 pts,0,,155,,Yes
10,11/5/24,4,S1,MAT522 / 14,GEOMETRY A,NINETTE LILIENTHAL,10,2027,B,2.98 pts,0,,155,,Yes
2,9/10/24,2,S1,BUS301 / 12,PERSONAL FINANCE A,NICOLE SIMEK,12,2025,,,0,,156,,Yes
3,9/17/24,2,S1,BUS301 / 12,PERSONAL FINANCE A,NICOLE SIMEK,12,2025,D+,1.95 pts,1,,156,,Yes
4,9/24/24,2,S1,BUS301 / 12,PERSONAL FINANCE A,NICOLE SIMEK,12,2025,C,2.33 pts,1,,156,,Yes
5,10/1/24,2,S1,BUS301 / 12,PERSONAL FINANCE A,NICOLE SIMEK,12,2025,C,2.30 pts,1,,156,,Yes
6,10/8/24,2,S1,BUS301 / 12,PERSONAL FINANCE A,NICOLE SIMEK,12,2025,C,2.20 pts,1,,156,,Yes
7,10/16/24,2,S1,BUS301 / 12,PERSONAL FINANCE A,NICOLE SIMEK,12,2025,C-,2.18 pts,1,,156,,Yes
8,10/22/24,2,S1,BUS301 / 12,PERSONAL FINANCE A,NICOLE SIMEK,12,2025,F,1.12 pts,3,,156,,Yes
9,10/29/24,2,S1,BUS301 / 12,PERSONAL FINANCE A,NICOLE SIMEK,12,2025,C-,2.03 pts,4,,156,,Yes
10,11/5/24,2,S1,BUS301 / 12,PERSONAL FINANCE A,NICOLE SIMEK,12,2025,C-,2.03 pts,4,,156,,Yes
2,9/10/24,3,S1,MAT522 / 13,GEOMETRY A,ROCHELLE AITON,9,2028,,,0,,157,,Yes
2,9/10/24,5,S1,ENG701 / 15,JUNIOR ENG/A,JOHN CARVER,11,2026,,,0,,158,,Yes
2,9/10/24,2,S1,SCI609 / 12,CHEMISTRY/A,GRANT MERRILL,11,2026,A,4.00 pts,0,,158,,Yes
3,9/17/24,2,S1,SCI609 / 12,CHEMISTRY/A,GRANT MERRILL,11,2026,F,1.10 pts,0,,158,,Yes
3,9/17/24,5,S1,ENG701 / 15,JUNIOR ENG/A,JOHN CARVER,11,2026,A,3.95 pts,0,,158,,Yes
4,9/24/24,2,S1,SCI609 / 12,CHEMISTRY/A,GRANT MERRILL,11,2026,C-,2.03 pts,0,,158,,Yes
4,9/24/24,5,S1,ENG701 / 15,JUNIOR ENG/A,JOHN CARVER,11,2026,A,3.98 pts,0.43,,158,,Yes
5,10/1/24,2,S1,SCI609 / 12,CHEMISTRY/A,GRANT MERRILL,11,2026,C-,2.01 pts,0,,158,,Yes
5,10/1/24,5,S1,ENG701 / 15,JUNIOR ENG/A,JOHN CARVER,11,2026,A,3.98 pts,0.43,,158,,Yes
6,10/8/24,2,S1,SCI609 / 12,CHEMISTRY/A,GRANT MERRILL,11,2026,C,2.48 pts,0,,158,,Yes
6,10/8/24,5,S1,ENG701 / 15,JUNIOR ENG/A,JOHN CARVER,11,2026,A,3.99 pts,0.43,,158,,Yes
7,10/16/24,2,S1,SCI609 / 12,CHEMISTRY/A,GRANT MERRILL,11,2026,F,1.53 pts,0,,158,,Yes
7,10/16/24,5,S1,ENG701 / 15,JUNIOR ENG/A,JOHN CARVER,11,2026,A,3.99 pts,0.43,,158,,Yes
8,10/22/24,2,S1,SCI609 / 12,CHEMISTRY/A,GRANT MERRILL,11,2026,D,1.65 pts,0,,158,,Yes
8,10/22/24,5,S1,ENG701 / 15,JUNIOR ENG/A,JOHN CARVER,11,2026,A,3.96 pts,0.43,,158,,Yes
9,10/29/24,2,S1,SCI609 / 12,CHEMISTRY/A,GRANT MERRILL,11,2026,D+,1.81 pts,0,,158,,Yes
9,10/29/24,5,S1,ENG701 / 15,JUNIOR ENG/A,JOHN CARVER,11,2026,A,3.95 pts,0.43,,158,,Yes
10,11/5/24,2,S1,SCI609 / 12,CHEMISTRY/A,GRANT MERRILL,11,2026,D+,1.81 pts,0,,158,,Yes
10,11/5/24,5,S1,ENG701 / 15,JUNIOR ENG/A,JOHN CARVER,11,2026,A,3.95 pts,0.43,,158,,Yes
2,9/10/24,5,S1,ENG601 / 15,SOPH ENG/A,MARCEE SALAS,10,2027,A,4.00 pts,0,,159,,Yes
2,9/10/24,2,S1,MAT522 / 12,GEOMETRY A,ROCHELLE AITON,10,2027,,,0,,159,,Yes
2,9/10/24,3,S1,SCI601 / 13,BIOLOGY A,GRANT MERRILL,10,2027,A,4.00 pts,0,,159,,Yes
3,9/17/24,2,S1,MAT522 / 12,GEOMETRY A,ROCHELLE AITON,10,2027,F,0.00 pts,1,,159,,Yes
3,9/17/24,3,S1,SCI601 / 13,BIOLOGY A,GRANT MERRILL,10,2027,F,1.12 pts,1,,159,,Yes
3,9/17/24,5,S1,ENG601 / 15,SOPH ENG/A,MARCEE SALAS,10,2027,B+,3.20 pts,1.43,,159,,Yes
4,9/24/24,2,S1,MAT522 / 12,GEOMETRY A,ROCHELLE AITON,10,2027,B,3.00 pts,1,,159,,Yes
4,9/24/24,3,S1,SCI601 / 13,BIOLOGY A,GRANT MERRILL,10,2027,F,1.12 pts,1,,159,,Yes
4,9/24/24,5,S1,ENG601 / 15,SOPH ENG/A,MARCEE SALAS,10,2027,B,2.92 pts,1.43,,159,,Yes
5,10/1/24,2,S1,MAT522 / 12,GEOMETRY A,ROCHELLE AITON,10,2027,B,3.00 pts,3.71,,159,,Yes
5,10/1/24,3,S1,SCI601 / 13,BIOLOGY A,GRANT MERRILL,10,2027,D+,1.97 pts,3.57,,159,,Yes
5,10/1/24,5,S1,ENG601 / 15,SOPH ENG/A,MARCEE SALAS,10,2027,B,2.90 pts,3.43,,159,,Yes
6,10/8/24,2,S1,MAT522 / 12,GEOMETRY A,ROCHELLE AITON,10,2027,D+,1.95 pts,3.71,,159,,Yes
6,10/8/24,3,S1,SCI601 / 13,BIOLOGY A,GRANT MERRILL,10,2027,D+,1.97 pts,3.57,,159,,Yes
6,10/8/24,5,S1,ENG601 / 15,SOPH ENG/A,MARCEE SALAS,10,2027,B,3.03 pts,3.43,,159,,Yes
7,10/16/24,2,S1,MAT522 / 12,GEOMETRY A,ROCHELLE AITON,10,2027,D+,1.95 pts,4.57,,159,,Yes
7,10/16/24,3,S1,SCI601 / 13,BIOLOGY A,GRANT MERRILL,10,2027,D+,1.98 pts,4.43,,159,,Yes
7,10/16/24,5,S1,ENG601 / 15,SOPH ENG/A,MARCEE SALAS,10,2027,B,3.03 pts,4.29,,159,,Yes
8,10/22/24,2,S1,MAT522 / 12,GEOMETRY A,ROCHELLE AITON,10,2027,D+,1.95 pts,5.43,,159,,Yes
8,10/22/24,2,S1,MAT522 / 12,GEOMETRY A,NINETTE LILIENTHAL,10,2027,D+,1.95 pts,5.43,,159,,Yes
8,10/22/24,3,S1,SCI601 / 13,BIOLOGY A,GRANT MERRILL,10,2027,F,1.16 pts,5.29,,159,,Yes
8,10/22/24,5,S1,ENG601 / 15,SOPH ENG/A,MARCEE SALAS,10,2027,B,3.12 pts,5.14,,159,,Yes
9,10/29/24,2,S1,MAT522 / 12,GEOMETRY A,ROCHELLE AITON,10,2027,D+,1.98 pts,8.71,,159,,Yes
9,10/29/24,2,S1,MAT522 / 12,GEOMETRY A,NINETTE LILIENTHAL,10,2027,D+,1.98 pts,8.71,,159,,Yes
9,10/29/24,3,S1,SCI601 / 13,BIOLOGY A,GRANT MERRILL,10,2027,F,1.12 pts,8.43,,159,,Yes
9,10/29/24,5,S1,ENG601 / 15,SOPH ENG/A,MARCEE SALAS,10,2027,B-,2.89 pts,8.29,,159,,Yes
10,11/5/24,2,S1,MAT522 / 12,GEOMETRY A,ROCHELLE AITON,10,2027,D+,1.98 pts,8.71,,159,,Yes
10,11/5/24,2,S1,MAT522 / 12,GEOMETRY A,NINETTE LILIENTHAL,10,2027,D+,1.98 pts,8.71,,159,,Yes
10,11/5/24,3,S1,SCI601 / 13,BIOLOGY A,GRANT MERRILL,10,2027,F,1.11 pts,8.43,,159,,Yes
10,11/5/24,5,S1,ENG601 / 15,SOPH ENG/A,MARCEE SALAS,10,2027,B,3.14 pts,8.29,,159,,Yes
2,9/10/24,3,S1,MAT522 / 13,GEOMETRY A,ROCHELLE AITON,10,2027,,,2.29,,160,,Yes
3,9/17/24,3,S1,MAT522 / 13,GEOMETRY A,ROCHELLE AITON,10,2027,F,0.00 pts,3,,160,,Yes
4,9/24/24,3,S1,MAT522 / 13,GEOMETRY A,ROCHELLE AITON,10,2027,F,0.00 pts,6.43,,160,,Yes
5,10/1/24,3,S1,MAT522 / 13,GEOMETRY A,ROCHELLE AITON,10,2027,F,0.00 pts,9.43,,160,,Yes
6,10/8/24,3,S1,MAT522 / 13,GEOMETRY A,ROCHELLE AITON,10,2027,F,0.00 pts,10.71,,160,,Yes
7,10/16/24,3,S1,MAT522 / 13,GEOMETRY A,ROCHELLE AITON,10,2027,F,0.00 pts,12.29,,160,,Yes
8,10/22/24,3,S1,MAT522 / 13,GEOMETRY A,ROCHELLE AITON,10,2027,F,0.00 pts,14.57,,160,,Yes
8,10/22/24,3,S1,MAT522 / 13,GEOMETRY A,NINETTE LILIENTHAL,10,2027,F,0.00 pts,14.57,,160,,Yes
9,10/29/24,3,S1,MAT522 / 13,GEOMETRY A,ROCHELLE AITON,10,2027,F,0.00 pts,18,,160,,Yes
9,10/29/24,3,S1,MAT522 / 13,GEOMETRY A,NINETTE LILIENTHAL,10,2027,F,0.00 pts,18,,160,,Yes
10,11/5/24,3,S1,MAT522 / 13,GEOMETRY A,ROCHELLE AITON,10,2027,F,0.00 pts,18.14,,160,,Yes
10,11/5/24,3,S1,MAT522 / 13,GEOMETRY A,NINETTE LILIENTHAL,10,2027,F,0.00 pts,18.14,,160,,Yes
2,9/10/24,6,S1,MAT701 / 16,ALGEBRA II A,JASON BLAESING,11,2026,,,0,,161,,Yes
3,9/17/24,6,S1,MAT701 / 16,ALGEBRA II A,JASON BLAESING,11,2026,A,4.00 pts,0.67,,161,,Yes
4,9/24/24,6,S1,MAT701 / 16,ALGEBRA II A,JASON BLAESING,11,2026,C-,2.15 pts,0.67,,161,,Yes
5,10/1/24,6,S1,MAT701 / 16,ALGEBRA II A,JASON BLAESING,11,2026,B,3.01 pts,2.67,,161,,Yes
6,10/8/24,6,S1,MAT701 / 16,ALGEBRA II A,JASON BLAESING,11,2026,D,1.66 pts,3.17,,161,,Yes
7,10/16/24,6,S1,MAT701 / 16,ALGEBRA II A,JASON BLAESING,11,2026,A,3.67 pts,3.67,,161,,Yes
8,10/22/24,6,S1,MAT701 / 16,ALGEBRA II A,JASON BLAESING,11,2026,A,3.68 pts,4.67,,161,,Yes
9,10/29/24,6,S1,MAT701 / 16,ALGEBRA II A,JASON BLAESING,11,2026,A,3.76 pts,4.67,,161,,Yes
10,11/5/24,6,S1,MAT701 / 16,ALGEBRA II A,JASON BLAESING,11,2026,A,3.76 pts,6.67,,161,,Yes
2,9/10/24,2,S1,ENG601 / 12,SOPH ENG/A,KELLY GREGERSEN,10,2027,,,0,,162,,Yes
2,9/10/24,1,S1,MAT522 / 11,GEOMETRY A,ROCHELLE AITON,10,2027,,,0,,162,,Yes
2,9/10/24,6,S1,SCI601 / 36,BIOLOGY A,WILLIAM BAUR,10,2027,,,0,,162,,Yes
3,9/17/24,1,S1,MAT522 / 11,GEOMETRY A,ROCHELLE AITON,10,2027,F,1.10 pts,0,,162,,Yes
3,9/17/24,2,S1,ENG601 / 12,SOPH ENG/A,KELLY GREGERSEN,10,2027,A,3.80 pts,0,,162,,Yes
3,9/17/24,6,S1,SCI601 / 36,BIOLOGY A,WILLIAM BAUR,10,2027,A,4.00 pts,0,,162,,Yes
4,9/24/24,1,S1,MAT522 / 11,GEOMETRY A,ROCHELLE AITON,10,2027,C-,2.05 pts,0.14,,162,,Yes
4,9/24/24,2,S1,ENG601 / 12,SOPH ENG/A,KELLY GREGERSEN,10,2027,A-,3.49 pts,0,,162,,Yes
4,9/24/24,6,S1,SCI601 / 36,BIOLOGY A,WILLIAM BAUR,10,2027,A,4.00 pts,0,,162,,Yes
5,10/1/24,1,S1,MAT522 / 11,GEOMETRY A,ROCHELLE AITON,10,2027,C-,2.05 pts,0.14,,162,,Yes
5,10/1/24,2,S1,ENG601 / 12,SOPH ENG/A,KELLY GREGERSEN,10,2027,A-,3.49 pts,0,,162,,Yes
5,10/1/24,6,S1,SCI601 / 36,BIOLOGY A,WILLIAM BAUR,10,2027,A,4.00 pts,0.14,,162,,Yes
6,10/8/24,1,S1,MAT522 / 11,GEOMETRY A,ROCHELLE AITON,10,2027,F,1.50 pts,0.14,,162,,Yes
6,10/8/24,2,S1,ENG601 / 12,SOPH ENG/A,KELLY GREGERSEN,10,2027,B-,2.82 pts,0,,162,,Yes
6,10/8/24,6,S1,SCI601 / 36,BIOLOGY A,WILLIAM BAUR,10,2027,B,3.05 pts,0.14,,162,,Yes
7,10/16/24,1,S1,MAT522 / 11,GEOMETRY A,ROCHELLE AITON,10,2027,F,1.50 pts,0.14,,162,,Yes
7,10/16/24,2,S1,ENG601 / 12,SOPH ENG/A,KELLY GREGERSEN,10,2027,B-,2.82 pts,0,,162,,Yes
7,10/16/24,6,S1,SCI601 / 36,BIOLOGY A,WILLIAM BAUR,10,2027,B,3.03 pts,0.14,,162,,Yes
8,10/22/24,1,S1,MAT522 / 11,GEOMETRY A,ROCHELLE AITON,10,2027,F,1.50 pts,0.14,,162,,Yes
8,10/22/24,1,S1,MAT522 / 11,GEOMETRY A,NINETTE LILIENTHAL,10,2027,F,1.50 pts,0.14,,162,,Yes
8,10/22/24,2,S1,ENG601 / 12,SOPH ENG/A,KELLY GREGERSEN,10,2027,B,3.03 pts,0.14,,162,,Yes
8,10/22/24,6,S1,SCI601 / 36,BIOLOGY A,WILLIAM BAUR,10,2027,B,3.03 pts,0.14,,162,,Yes
9,10/29/24,1,S1,MAT522 / 11,GEOMETRY A,ROCHELLE AITON,10,2027,C-,2.02 pts,0.14,,162,,Yes
9,10/29/24,1,S1,MAT522 / 11,GEOMETRY A,NINETTE LILIENTHAL,10,2027,C-,2.02 pts,0.14,,162,,Yes
9,10/29/24,2,S1,ENG601 / 12,SOPH ENG/A,KELLY GREGERSEN,10,2027,B,3.03 pts,0.14,,162,,Yes
9,10/29/24,6,S1,SCI601 / 36,BIOLOGY A,WILLIAM BAUR,10,2027,A-,3.51 pts,0.14,,162,,Yes
10,11/5/24,1,S1,MAT522 / 11,GEOMETRY A,ROCHELLE AITON,10,2027,C-,2.02 pts,0.14,,162,,Yes
10,11/5/24,1,S1,MAT522 / 11,GEOMETRY A,NINETTE LILIENTHAL,10,2027,C-,2.02 pts,0.14,,162,,Yes
10,11/5/24,2,S1,ENG601 / 12,SOPH ENG/A,KELLY GREGERSEN,10,2027,B,3.03 pts,0.14,,162,,Yes
10,11/5/24,6,S1,SCI601 / 36,BIOLOGY A,WILLIAM BAUR,10,2027,A-,3.51 pts,0.14,,162,,Yes
2,9/10/24,5,S1,MAT522 / 15,GEOMETRY A,BRIAN ANDERSON,10,2027,,,1,,163,,Yes
3,9/17/24,5,S1,MAT522 / 15,GEOMETRY A,BRIAN ANDERSON,10,2027,F,1.33 pts,2,,163,,Yes
4,9/24/24,5,S1,MAT522 / 15,GEOMETRY A,BRIAN ANDERSON,10,2027,B,2.97 pts,2,,163,,Yes
5,10/1/24,5,S1,MAT522 / 15,GEOMETRY A,BRIAN ANDERSON,10,2027,B,2.94 pts,2,,163,,Yes
6,10/8/24,5,S1,MAT522 / 15,GEOMETRY A,BRIAN ANDERSON,10,2027,C-,2.00 pts,2,,163,,Yes
7,10/16/24,5,S1,MAT522 / 15,GEOMETRY A,BRIAN ANDERSON,10,2027,C,2.48 pts,2,,163,,Yes
8,10/22/24,5,S1,MAT522 / 15,GEOMETRY A,BRIAN ANDERSON,10,2027,C,2.25 pts,2,,163,,Yes
9,10/29/24,5,S1,MAT522 / 15,GEOMETRY A,BRIAN ANDERSON,10,2027,C,2.26 pts,2,,163,,Yes
10,11/5/24,5,S1,MAT522 / 15,GEOMETRY A,BRIAN ANDERSON,10,2027,C-,2.18 pts,2,,163,,Yes
2,9/10/24,3,S1,MAT701 / 13,ALGEBRA II A,JENNIFER REILLY,11,2026,,,1.86,,164,,Yes
3,9/17/24,3,S1,MAT701 / 13,ALGEBRA II A,JENNIFER REILLY,11,2026,F,0.00 pts,3.43,,164,,Yes
4,9/24/24,3,S1,MAT701 / 13,ALGEBRA II A,JENNIFER REILLY,11,2026,F,0.00 pts,5.43,,164,,Yes
5,10/1/24,3,S1,MAT701 / 13,ALGEBRA II A,JENNIFER REILLY,11,2026,F,0.00 pts,10.14,,164,,Yes
6,10/8/24,3,S1,MAT701 / 13,ALGEBRA II A,JENNIFER REILLY,11,2026,F,0.00 pts,13.57,,164,,Yes
7,10/16/24,3,S1,MAT701 / 13,ALGEBRA II A,JENNIFER REILLY,11,2026,F,0.00 pts,17,,164,,Yes
8,10/22/24,3,S1,MAT701 / 13,ALGEBRA II A,JENNIFER REILLY,11,2026,F,0.00 pts,21,,164,,Yes
9,10/29/24,3,S1,MAT701 / 13,ALGEBRA II A,JENNIFER REILLY,11,2026,F,0.00 pts,24.57,,164,,Yes
10,11/5/24,3,S1,MAT701 / 13,ALGEBRA II A,JENNIFER REILLY,11,2026,F,0.00 pts,26.86,,164,,Yes
2,9/10/24,5,S1,MAT522 / 15,GEOMETRY A,BRIAN ANDERSON,10,2027,,,0,,165,,Yes
2,9/10/24,6,S1,SCI601 / 36,BIOLOGY A,WILLIAM BAUR,10,2027,,,0,,165,,Yes
3,9/17/24,5,S1,MAT522 / 15,GEOMETRY A,BRIAN ANDERSON,10,2027,C+,2.67 pts,0,,165,,Yes
3,9/17/24,6,S1,SCI601 / 36,BIOLOGY A,WILLIAM BAUR,10,2027,B,3.00 pts,0,,165,,Yes
4,9/24/24,5,S1,MAT522 / 15,GEOMETRY A,BRIAN ANDERSON,10,2027,A,3.93 pts,0,,165,,Yes
4,9/24/24,6,S1,SCI601 / 36,BIOLOGY A,WILLIAM BAUR,10,2027,A,4.00 pts,0,,165,,Yes
5,10/1/24,5,S1,MAT522 / 15,GEOMETRY A,BRIAN ANDERSON,10,2027,A,3.81 pts,0,,165,,Yes
5,10/1/24,6,S1,SCI601 / 36,BIOLOGY A,WILLIAM BAUR,10,2027,A,4.00 pts,0,,165,,Yes
6,10/8/24,5,S1,MAT522 / 15,GEOMETRY A,BRIAN ANDERSON,10,2027,B,2.98 pts,0,,165,,Yes
6,10/8/24,6,S1,SCI601 / 36,BIOLOGY A,WILLIAM BAUR,10,2027,C-,2.10 pts,0,,165,,Yes
7,10/16/24,5,S1,MAT522 / 15,GEOMETRY A,BRIAN ANDERSON,10,2027,B,2.96 pts,0,,165,,Yes
7,10/16/24,6,S1,SCI601 / 36,BIOLOGY A,WILLIAM BAUR,10,2027,B,3.03 pts,0,,165,,Yes
8,10/22/24,5,S1,MAT522 / 15,GEOMETRY A,BRIAN ANDERSON,10,2027,B,2.97 pts,0,,165,,Yes
8,10/22/24,6,S1,SCI601 / 36,BIOLOGY A,WILLIAM BAUR,10,2027,B,3.03 pts,0,,165,,Yes
9,10/29/24,5,S1,MAT522 / 15,GEOMETRY A,BRIAN ANDERSON,10,2027,B,2.97 pts,0,,165,,Yes
9,10/29/24,6,S1,SCI601 / 36,BIOLOGY A,WILLIAM BAUR,10,2027,C+,2.52 pts,0,,165,,Yes
10,11/5/24,5,S1,MAT522 / 15,GEOMETRY A,BRIAN ANDERSON,10,2027,B,3.00 pts,0,,165,,Yes
10,11/5/24,6,S1,SCI601 / 36,BIOLOGY A,WILLIAM BAUR,10,2027,A-,3.51 pts,0,,165,,Yes
2,9/10/24,6,S1,ENG501 / 16,FR ENGLISH/A,DAVID HOLLINGSWORTH,9,2028,A,4.00 pts,1,,166,,Yes
2,9/10/24,2,S1,MAT522 / 12,GEOMETRY A,ROCHELLE AITON,9,2028,,,1,,166,,Yes
3,9/17/24,2,S1,MAT522 / 12,GEOMETRY A,ROCHELLE AITON,9,2028,F,1.10 pts,1,,166,,Yes
3,9/17/24,6,S1,ENG501 / 16,FR ENGLISH/A,DAVID HOLLINGSWORTH,9,2028,A,4.00 pts,1,,166,,Yes
4,9/24/24,2,S1,MAT522 / 12,GEOMETRY A,ROCHELLE AITON,9,2028,A,3.95 pts,1,,166,,Yes
4,9/24/24,6,S1,ENG501 / 16,FR ENGLISH/A,DAVID HOLLINGSWORTH,9,2028,A,4.00 pts,1,,166,,Yes
5,10/1/24,2,S1,MAT522 / 12,GEOMETRY A,ROCHELLE AITON,9,2028,A,3.95 pts,1,,166,,Yes
5,10/1/24,6,S1,ENG501 / 16,FR ENGLISH/A,DAVID HOLLINGSWORTH,9,2028,A,4.00 pts,1,,166,,Yes
6,10/8/24,2,S1,MAT522 / 12,GEOMETRY A,ROCHELLE AITON,9,2028,B,2.95 pts,1,,166,,Yes
6,10/8/24,6,S1,ENG501 / 16,FR ENGLISH/A,DAVID HOLLINGSWORTH,9,2028,A,4.00 pts,1,,166,,Yes
7,10/16/24,2,S1,MAT522 / 12,GEOMETRY A,ROCHELLE AITON,9,2028,B,2.95 pts,1,,166,,Yes
7,10/16/24,6,S1,ENG501 / 16,FR ENGLISH/A,DAVID HOLLINGSWORTH,9,2028,A,4.00 pts,1,,166,,Yes
8,10/22/24,2,S1,MAT522 / 12,GEOMETRY A,ROCHELLE AITON,9,2028,B,2.95 pts,1.71,,166,,Yes
8,10/22/24,2,S1,MAT522 / 12,GEOMETRY A,NINETTE LILIENTHAL,9,2028,B,2.95 pts,1.71,,166,,Yes
8,10/22/24,6,S1,ENG501 / 16,FR ENGLISH/A,DAVID HOLLINGSWORTH,9,2028,A,3.99 pts,1.71,,166,,Yes
9,10/29/24,2,S1,MAT522 / 12,GEOMETRY A,ROCHELLE AITON,9,2028,B,2.97 pts,1.71,,166,,Yes
9,10/29/24,2,S1,MAT522 / 12,GEOMETRY A,NINETTE LILIENTHAL,9,2028,B,2.97 pts,1.71,,166,,Yes
9,10/29/24,6,S1,ENG501 / 16,FR ENGLISH/A,DAVID HOLLINGSWORTH,9,2028,A,3.99 pts,1.71,,166,,Yes
10,11/5/24,2,S1,MAT522 / 12,GEOMETRY A,ROCHELLE AITON,9,2028,B,2.97 pts,1.71,,166,,Yes
10,11/5/24,2,S1,MAT522 / 12,GEOMETRY A,NINETTE LILIENTHAL,9,2028,B,2.97 pts,1.71,,166,,Yes
10,11/5/24,6,S1,ENG501 / 16,FR ENGLISH/A,DAVID HOLLINGSWORTH,9,2028,A,3.99 pts,1.71,,166,,Yes
2,9/10/24,2,S1,MAT701 / 12,ALGEBRA II A,JASON BLAESING,11,2026,,,0,,167,,Yes
2,9/10/24,6,S1,SOC701 / 16,US HISTORY/A,SCOTT BOOTHBY,11,2026,C-,2.00 pts,0,,167,,Yes
3,9/17/24,2,S1,MAT701 / 12,ALGEBRA II A,JASON BLAESING,11,2026,F,0.00 pts,2,,167,,Yes
3,9/17/24,6,S1,SOC701 / 16,US HISTORY/A,SCOTT BOOTHBY,11,2026,F,0.97 pts,2,,167,,Yes
4,9/24/24,2,S1,MAT701 / 12,ALGEBRA II A,JASON BLAESING,11,2026,F,0.16 pts,2.86,,167,,Yes
4,9/24/24,6,S1,SOC701 / 16,US HISTORY/A,SCOTT BOOTHBY,11,2026,F,0.19 pts,2.86,,167,,Yes
5,10/1/24,2,S1,MAT701 / 12,ALGEBRA II A,JASON BLAESING,11,2026,C-,2.01 pts,3,,167,,Yes
5,10/1/24,6,S1,SOC701 / 16,US HISTORY/A,SCOTT BOOTHBY,11,2026,D,1.67 pts,2.86,,167,,Yes
6,10/8/24,2,S1,MAT701 / 12,ALGEBRA II A,JASON BLAESING,11,2026,C,2.41 pts,4,,167,,Yes
6,10/8/24,6,S1,SOC701 / 16,US HISTORY/A,SCOTT BOOTHBY,11,2026,F,1.63 pts,3.86,,167,,Yes
7,10/16/24,2,S1,MAT701 / 12,ALGEBRA II A,JASON BLAESING,11,2026,C,2.28 pts,4.71,,167,,Yes
7,10/16/24,6,S1,SOC701 / 16,US HISTORY/A,SCOTT BOOTHBY,11,2026,F,0.88 pts,3.86,,167,,Yes
8,10/22/24,2,S1,MAT701 / 12,ALGEBRA II A,JASON BLAESING,11,2026,C,2.25 pts,4.86,,167,,Yes
8,10/22/24,6,S1,SOC701 / 16,US HISTORY/A,SCOTT BOOTHBY,11,2026,F,0.84 pts,4,,167,,Yes
9,10/29/24,2,S1,MAT701 / 12,ALGEBRA II A,JASON BLAESING,11,2026,C-,2.16 pts,5,,167,,Yes
9,10/29/24,6,S1,SOC701 / 16,US HISTORY/A,SCOTT BOOTHBY,11,2026,F,0.80 pts,4.14,,167,,Yes
10,11/5/24,2,S1,MAT701 / 12,ALGEBRA II A,JASON BLAESING,11,2026,C-,2.16 pts,5,,167,,Yes
10,11/5/24,6,S1,SOC701 / 16,US HISTORY/A,SCOTT BOOTHBY,11,2026,F,0.99 pts,4.14,,167,,Yes
2,9/10/24,2,S1,MAT522 / 12,GEOMETRY A,ROCHELLE AITON,10,2027,,,0,,168,,Yes
3,9/17/24,2,S1,MAT522 / 12,GEOMETRY A,ROCHELLE AITON,10,2027,F,0.95 pts,0,,168,,Yes
4,9/24/24,2,S1,MAT522 / 12,GEOMETRY A,ROCHELLE AITON,10,2027,F,0.95 pts,0,,168,,Yes
5,10/1/24,2,S1,MAT522 / 12,GEOMETRY A,ROCHELLE AITON,10,2027,F,0.95 pts,0,,168,,Yes
6,10/8/24,2,S1,MAT522 / 12,GEOMETRY A,ROCHELLE AITON,10,2027,F,0.90 pts,0,,168,,Yes
7,10/16/24,2,S1,MAT522 / 12,GEOMETRY A,ROCHELLE AITON,10,2027,D+,1.81 pts,0,,168,,Yes
8,10/22/24,2,S1,MAT522 / 12,GEOMETRY A,ROCHELLE AITON,10,2027,D+,1.81 pts,0,,168,,Yes
8,10/22/24,2,S1,MAT522 / 12,GEOMETRY A,NINETTE LILIENTHAL,10,2027,D+,1.81 pts,0,,168,,Yes
9,10/29/24,2,S1,MAT522 / 12,GEOMETRY A,ROCHELLE AITON,10,2027,D+,1.90 pts,3.43,,168,,Yes
9,10/29/24,2,S1,MAT522 / 12,GEOMETRY A,NINETTE LILIENTHAL,10,2027,D+,1.90 pts,3.43,,168,,Yes
10,11/5/24,2,S1,MAT522 / 12,GEOMETRY A,ROCHELLE AITON,10,2027,D+,1.90 pts,3.43,,168,,Yes
10,11/5/24,2,S1,MAT522 / 12,GEOMETRY A,NINETTE LILIENTHAL,10,2027,D+,1.90 pts,3.43,,168,,Yes
2,9/10/24,5,S1,MAT522 / 15,GEOMETRY A,BRIAN ANDERSON,10,2027,,,0,,169,,Yes
3,9/17/24,4,S1,SCI601 / 14,BIOLOGY A,GRANT MERRILL,10,2027,B,3.08 pts,0,,169,,Yes
3,9/17/24,5,S1,MAT522 / 15,GEOMETRY A,BRIAN ANDERSON,10,2027,C,2.33 pts,0,,169,,Yes
4,9/24/24,4,S1,SCI601 / 14,BIOLOGY A,GRANT MERRILL,10,2027,B,3.01 pts,0,,169,,Yes
4,9/24/24,5,S1,MAT522 / 15,GEOMETRY A,BRIAN ANDERSON,10,2027,F,1.09 pts,0,,169,,Yes
5,10/1/24,4,S1,SCI601 / 14,BIOLOGY A,GRANT MERRILL,10,2027,B,2.99 pts,0,,169,,Yes
5,10/1/24,5,S1,MAT522 / 15,GEOMETRY A,BRIAN ANDERSON,10,2027,F,1.03 pts,0,,169,,Yes
6,10/8/24,4,S1,SCI601 / 14,BIOLOGY A,GRANT MERRILL,10,2027,B,2.98 pts,0,,169,,Yes
6,10/8/24,5,S1,MAT522 / 15,GEOMETRY A,BRIAN ANDERSON,10,2027,F,1.03 pts,0,,169,,Yes
7,10/16/24,4,S1,SCI601 / 14,BIOLOGY A,GRANT MERRILL,10,2027,B,2.97 pts,0,,169,,Yes
7,10/16/24,5,S1,MAT522 / 15,GEOMETRY A,BRIAN ANDERSON,10,2027,F,1.03 pts,0,,169,,Yes
8,10/22/24,4,S1,SCI601 / 14,BIOLOGY A,GRANT MERRILL,10,2027,C-,2.10 pts,0,,169,,Yes
8,10/22/24,5,S1,MAT522 / 15,GEOMETRY A,BRIAN ANDERSON,10,2027,F,1.04 pts,0,,169,,Yes
9,10/29/24,4,S1,SCI601 / 14,BIOLOGY A,GRANT MERRILL,10,2027,C+,2.66 pts,0,,169,,Yes
9,10/29/24,5,S1,MAT522 / 15,GEOMETRY A,BRIAN ANDERSON,10,2027,F,1.04 pts,0,,169,,Yes
10,11/5/24,4,S1,SCI601 / 14,BIOLOGY A,GRANT MERRILL,10,2027,C+,2.65 pts,0,,169,,Yes
10,11/5/24,5,S1,MAT522 / 15,GEOMETRY A,BRIAN ANDERSON,10,2027,F,1.35 pts,0,,169,,Yes
2,9/10/24,6,S1,SCI601 / 36,BIOLOGY A,WILLIAM BAUR,10,2027,,,0,,170,,Yes
3,9/17/24,4,S1,MAT522 / 14,GEOMETRY A,ROCHELLE AITON,10,2027,,,0,,170,,Yes
3,9/17/24,6,S1,SCI601 / 36,BIOLOGY A,WILLIAM BAUR,10,2027,F,0.00 pts,0,,170,,Yes
4,9/24/24,4,S1,MAT522 / 14,GEOMETRY A,ROCHELLE AITON,10,2027,F,0.00 pts,0,,170,,Yes
4,9/24/24,6,S1,SCI601 / 36,BIOLOGY A,WILLIAM BAUR,10,2027,F,0.00 pts,0,,170,,Yes
5,10/1/24,4,S1,MAT522 / 14,GEOMETRY A,ROCHELLE AITON,10,2027,F,0.00 pts,0,,170,,Yes
5,10/1/24,6,S1,SCI601 / 36,BIOLOGY A,WILLIAM BAUR,10,2027,C+,2.50 pts,0,,170,,Yes
6,10/8/24,4,S1,MAT522 / 14,GEOMETRY A,ROCHELLE AITON,10,2027,F,0.00 pts,0,,170,,Yes
6,10/8/24,6,S1,SCI601 / 36,BIOLOGY A,WILLIAM BAUR,10,2027,C-,2.00 pts,0,,170,,Yes
7,10/16/24,4,S1,MAT522 / 14,GEOMETRY A,ROCHELLE AITON,10,2027,F,0.00 pts,0,,170,,Yes
7,10/16/24,6,S1,SCI601 / 36,BIOLOGY A,WILLIAM BAUR,10,2027,F,1.03 pts,0,,170,,Yes
8,10/22/24,4,S1,MAT522 / 14,GEOMETRY A,ROCHELLE AITON,10,2027,F,0.00 pts,0,,170,,Yes
8,10/22/24,4,S1,MAT522 / 14,GEOMETRY A,NINETTE LILIENTHAL,10,2027,F,0.00 pts,0,,170,,Yes
8,10/22/24,6,S1,SCI601 / 36,BIOLOGY A,WILLIAM BAUR,10,2027,F,1.03 pts,0,,170,,Yes
9,10/29/24,4,S1,MAT522 / 14,GEOMETRY A,ROCHELLE AITON,10,2027,F,0.00 pts,0.14,,170,,Yes
9,10/29/24,4,S1,MAT522 / 14,GEOMETRY A,NINETTE LILIENTHAL,10,2027,F,0.00 pts,0.14,,170,,Yes
9,10/29/24,6,S1,SCI601 / 36,BIOLOGY A,WILLIAM BAUR,10,2027,F,0.77 pts,0,,170,,Yes
10,11/5/24,4,S1,MAT522 / 14,GEOMETRY A,ROCHELLE AITON,10,2027,F,0.00 pts,0.14,,170,,Yes
10,11/5/24,4,S1,MAT522 / 14,GEOMETRY A,NINETTE LILIENTHAL,10,2027,F,0.00 pts,0.14,,170,,Yes
10,11/5/24,6,S1,SCI601 / 36,BIOLOGY A,WILLIAM BAUR,10,2027,F,0.77 pts,0,,170,,Yes
2,9/10/24,6,S1,SCI601 / 36,BIOLOGY A,WILLIAM BAUR,10,2027,,,0,,171,,Yes
3,9/17/24,4,S1,MAT522 / 14,GEOMETRY A,ROCHELLE AITON,10,2027,,,0,,171,,Yes
3,9/17/24,6,S1,SCI601 / 36,BIOLOGY A,WILLIAM BAUR,10,2027,F,0.00 pts,0.14,,171,,Yes
4,9/24/24,4,S1,MAT522 / 14,GEOMETRY A,ROCHELLE AITON,10,2027,D+,1.95 pts,0.14,,171,,Yes
4,9/24/24,6,S1,SCI601 / 36,BIOLOGY A,WILLIAM BAUR,10,2027,B,3.00 pts,0.14,,171,,Yes
5,10/1/24,4,S1,MAT522 / 14,GEOMETRY A,ROCHELLE AITON,10,2027,D+,1.95 pts,0.86,,171,,Yes
5,10/1/24,6,S1,SCI601 / 36,BIOLOGY A,WILLIAM BAUR,10,2027,A-,3.50 pts,0.86,,171,,Yes
6,10/8/24,4,S1,MAT522 / 14,GEOMETRY A,ROCHELLE AITON,10,2027,C,2.31 pts,0.86,,171,,Yes
6,10/8/24,6,S1,SCI601 / 36,BIOLOGY A,WILLIAM BAUR,10,2027,C-,2.03 pts,1.14,,171,,Yes
7,10/16/24,4,S1,MAT522 / 14,GEOMETRY A,ROCHELLE AITON,10,2027,C,2.31 pts,2,,171,,Yes
7,10/16/24,6,S1,SCI601 / 36,BIOLOGY A,WILLIAM BAUR,10,2027,F,1.04 pts,2.29,,171,,Yes
8,10/22/24,4,S1,MAT522 / 14,GEOMETRY A,ROCHELLE AITON,10,2027,C,2.31 pts,2.29,,171,,Yes
8,10/22/24,4,S1,MAT522 / 14,GEOMETRY A,NINETTE LILIENTHAL,10,2027,C,2.31 pts,2.29,,171,,Yes
8,10/22/24,6,S1,SCI601 / 36,BIOLOGY A,WILLIAM BAUR,10,2027,F,1.04 pts,2.43,,171,,Yes
9,10/29/24,4,S1,MAT522 / 14,GEOMETRY A,ROCHELLE AITON,10,2027,C+,2.55 pts,2.57,,171,,Yes
9,10/29/24,4,S1,MAT522 / 14,GEOMETRY A,NINETTE LILIENTHAL,10,2027,C+,2.55 pts,2.57,,171,,Yes
9,10/29/24,6,S1,SCI601 / 36,BIOLOGY A,WILLIAM BAUR,10,2027,C,2.26 pts,2.71,,171,,Yes
10,11/5/24,4,S1,MAT522 / 14,GEOMETRY A,ROCHELLE AITON,10,2027,C+,2.55 pts,3.29,,171,,Yes
10,11/5/24,4,S1,MAT522 / 14,GEOMETRY A,NINETTE LILIENTHAL,10,2027,C+,2.55 pts,3.29,,171,,Yes
10,11/5/24,6,S1,SCI601 / 36,BIOLOGY A,WILLIAM BAUR,10,2027,C,2.26 pts,3.43,,171,,Yes
2,9/10/24,3,S1,MAT701 / 13,ALGEBRA II A,JENNIFER REILLY,11,2026,,,1,,172,,Yes
3,9/17/24,3,S1,MAT701 / 13,ALGEBRA II A,JENNIFER REILLY,11,2026,A,4.00 pts,1,,172,,Yes
4,9/24/24,3,S1,MAT701 / 13,ALGEBRA II A,JENNIFER REILLY,11,2026,C-,2.10 pts,1,,172,,Yes
5,10/1/24,3,S1,MAT701 / 13,ALGEBRA II A,JENNIFER REILLY,11,2026,C-,2.19 pts,1,,172,,Yes
6,10/8/24,3,S1,MAT701 / 13,ALGEBRA II A,JENNIFER REILLY,11,2026,C+,2.58 pts,1,,172,,Yes
7,10/16/24,3,S1,MAT701 / 13,ALGEBRA II A,JENNIFER REILLY,11,2026,C+,2.61 pts,1,,172,,Yes
8,10/22/24,3,S1,MAT701 / 13,ALGEBRA II A,JENNIFER REILLY,11,2026,B-,2.75 pts,1,,172,,Yes
9,10/29/24,3,S1,MAT701 / 13,ALGEBRA II A,JENNIFER REILLY,11,2026,B-,2.81 pts,1,,172,,Yes
10,11/5/24,3,S1,MAT701 / 13,ALGEBRA II A,JENNIFER REILLY,11,2026,B-,2.83 pts,1,,172,,Yes
2,9/10/24,2,S1,MAT522 / 12,GEOMETRY A,ROCHELLE AITON,10,2027,,,0,,173,,Yes
2,9/10/24,6,S1,SCI601 / 36,BIOLOGY A,WILLIAM BAUR,10,2027,,,0,,173,,Yes
3,9/17/24,2,S1,MAT522 / 12,GEOMETRY A,ROCHELLE AITON,10,2027,C-,2.10 pts,0,,173,,Yes
3,9/17/24,6,S1,SCI601 / 36,BIOLOGY A,WILLIAM BAUR,10,2027,A,4.00 pts,0,,173,,Yes
4,9/24/24,2,S1,MAT522 / 12,GEOMETRY A,ROCHELLE AITON,10,2027,A,4.00 pts,0,,173,,Yes
4,9/24/24,6,S1,SCI601 / 36,BIOLOGY A,WILLIAM BAUR,10,2027,A,4.00 pts,0,,173,,Yes
5,10/1/24,2,S1,MAT522 / 12,GEOMETRY A,ROCHELLE AITON,10,2027,A,4.00 pts,0,,173,,Yes
5,10/1/24,6,S1,SCI601 / 36,BIOLOGY A,WILLIAM BAUR,10,2027,A,4.00 pts,0,,173,,Yes
6,10/8/24,2,S1,MAT522 / 12,GEOMETRY A,ROCHELLE AITON,10,2027,B,3.05 pts,0,,173,,Yes
6,10/8/24,6,S1,SCI601 / 36,BIOLOGY A,WILLIAM BAUR,10,2027,C-,2.10 pts,0.29,,173,,Yes
7,10/16/24,2,S1,MAT522 / 12,GEOMETRY A,ROCHELLE AITON,10,2027,B,3.05 pts,0,,173,,Yes
7,10/16/24,6,S1,SCI601 / 36,BIOLOGY A,WILLIAM BAUR,10,2027,A-,3.51 pts,0.29,,173,,Yes
8,10/22/24,2,S1,MAT522 / 12,GEOMETRY A,ROCHELLE AITON,10,2027,B,3.05 pts,0,,173,,Yes
8,10/22/24,2,S1,MAT522 / 12,GEOMETRY A,NINETTE LILIENTHAL,10,2027,B,3.05 pts,0,,173,,Yes
8,10/22/24,6,S1,SCI601 / 36,BIOLOGY A,WILLIAM BAUR,10,2027,A-,3.51 pts,0.29,,173,,Yes
9,10/29/24,2,S1,MAT522 / 12,GEOMETRY A,ROCHELLE AITON,10,2027,B,3.02 pts,1,,173,,Yes
9,10/29/24,2,S1,MAT522 / 12,GEOMETRY A,NINETTE LILIENTHAL,10,2027,B,3.02 pts,1,,173,,Yes
9,10/29/24,6,S1,SCI601 / 36,BIOLOGY A,WILLIAM BAUR,10,2027,B-,2.77 pts,1.43,,173,,Yes
10,11/5/24,2,S1,MAT522 / 12,GEOMETRY A,ROCHELLE AITON,10,2027,B,3.02 pts,1,,173,,Yes
10,11/5/24,2,S1,MAT522 / 12,GEOMETRY A,NINETTE LILIENTHAL,10,2027,B,3.02 pts,1,,173,,Yes
10,11/5/24,6,S1,SCI601 / 36,BIOLOGY A,WILLIAM BAUR,10,2027,A,3.75 pts,1.43,,173,,Yes
2,9/10/24,6,S1,SCI601 / 36,BIOLOGY A,WILLIAM BAUR,10,2027,,,0.14,,174,,Yes
3,9/17/24,6,S1,SCI601 / 36,BIOLOGY A,WILLIAM BAUR,10,2027,B,3.00 pts,0.14,,174,,Yes
4,9/24/24,6,S1,SCI601 / 36,BIOLOGY A,WILLIAM BAUR,10,2027,B,3.00 pts,0.14,,174,,Yes
5,10/1/24,6,S1,SCI601 / 36,BIOLOGY A,WILLIAM BAUR,10,2027,B,3.00 pts,0.29,,174,,Yes
6,10/8/24,6,S1,SCI601 / 36,BIOLOGY A,WILLIAM BAUR,10,2027,B,2.90 pts,0.29,,174,,Yes
7,10/16/24,6,S1,SCI601 / 36,BIOLOGY A,WILLIAM BAUR,10,2027,C,2.46 pts,0.43,,174,,Yes
8,10/22/24,6,S1,SCI601 / 36,BIOLOGY A,WILLIAM BAUR,10,2027,C,2.46 pts,0.57,,174,,Yes
9,10/29/24,6,S1,SCI601 / 36,BIOLOGY A,WILLIAM BAUR,10,2027,C,2.23 pts,0.57,,174,,Yes
10,11/5/24,6,S1,SCI601 / 36,BIOLOGY A,WILLIAM BAUR,10,2027,B,2.97 pts,0.71,,174,,Yes
2,9/10/24,2,S1,MAT522 / 12,GEOMETRY A,ROCHELLE AITON,10,2027,,,0,,175,,Yes
2,9/10/24,6,S1,SCI601 / 16,BIOLOGY A,GRANT MERRILL,10,2027,,,0,,175,,Yes
3,9/17/24,2,S1,MAT522 / 12,GEOMETRY A,ROCHELLE AITON,10,2027,F,0.95 pts,1.29,,175,,Yes
3,9/17/24,6,S1,SCI601 / 16,BIOLOGY A,GRANT MERRILL,10,2027,F,0.96 pts,1.14,,175,,Yes
4,9/24/24,2,S1,MAT522 / 12,GEOMETRY A,ROCHELLE AITON,10,2027,F,0.95 pts,3.29,,175,,Yes
4,9/24/24,6,S1,SCI601 / 16,BIOLOGY A,GRANT MERRILL,10,2027,F,0.97 pts,3,,175,,Yes
5,10/1/24,2,S1,MAT522 / 12,GEOMETRY A,ROCHELLE AITON,10,2027,F,0.95 pts,3.29,,175,,Yes
5,10/1/24,6,S1,SCI601 / 16,BIOLOGY A,GRANT MERRILL,10,2027,A,3.66 pts,3,,175,,Yes
6,10/8/24,2,S1,MAT522 / 12,GEOMETRY A,ROCHELLE AITON,10,2027,D+,1.90 pts,3.29,,175,,Yes
6,10/8/24,6,S1,SCI601 / 16,BIOLOGY A,GRANT MERRILL,10,2027,A,3.66 pts,3,,175,,Yes
7,10/16/24,2,S1,MAT522 / 12,GEOMETRY A,ROCHELLE AITON,10,2027,D+,1.90 pts,3.29,,175,,Yes
7,10/16/24,6,S1,SCI601 / 16,BIOLOGY A,GRANT MERRILL,10,2027,A,3.66 pts,3.29,,175,,Yes
8,10/22/24,2,S1,MAT522 / 12,GEOMETRY A,ROCHELLE AITON,10,2027,D+,1.90 pts,3.57,,175,,Yes
8,10/22/24,2,S1,MAT522 / 12,GEOMETRY A,NINETTE LILIENTHAL,10,2027,D+,1.90 pts,3.57,,175,,Yes
8,10/22/24,6,S1,SCI601 / 16,BIOLOGY A,GRANT MERRILL,10,2027,D+,1.81 pts,3.29,,175,,Yes
9,10/29/24,2,S1,MAT522 / 12,GEOMETRY A,ROCHELLE AITON,10,2027,D+,1.95 pts,3.57,,175,,Yes
9,10/29/24,2,S1,MAT522 / 12,GEOMETRY A,NINETTE LILIENTHAL,10,2027,D+,1.95 pts,3.57,,175,,Yes
9,10/29/24,6,S1,SCI601 / 16,BIOLOGY A,GRANT MERRILL,10,2027,D+,1.89 pts,3.29,,175,,Yes
10,11/5/24,2,S1,MAT522 / 12,GEOMETRY A,ROCHELLE AITON,10,2027,D+,1.95 pts,3.57,,175,,Yes
10,11/5/24,2,S1,MAT522 / 12,GEOMETRY A,NINETTE LILIENTHAL,10,2027,D+,1.95 pts,3.57,,175,,Yes
10,11/5/24,6,S1,SCI601 / 16,BIOLOGY A,GRANT MERRILL,10,2027,D+,1.87 pts,3.29,,175,,Yes
2,9/10/24,2,S1,BUS301 / 12,PERSONAL FINANCE A,NICOLE SIMEK,12,2025,,,0,,176,,Yes
5,10/1/24,1,S1,ENG701 / 11,JUNIOR ENG/A,JOHN CARVER,11,2026,C-,2.14 pts,6.5,,1,,#N/A
5,10/1/24,2,S1,PED500 / 12,WEIGHT TRAINING,SCOTT BOOTHBY,11,2026,F,1.34 pts,6.5,,1,,#N/A
5,10/1/24,3,S1,MAT701 / 13,ALGEBRA II A,JENNIFER REILLY,11,2026,F,0.00 pts,6.5,,1,,Yes
5,10/1/24,4,S1,CTE114 / 14,ENGINEERING A,JASON BLAESING,11,2026,B+,3.23 pts,6,,1,,#N/A
5,10/1/24,5,S1,SOC701 / 15,US HISTORY/A,DAVE HAJEK,11,2026,F,0.13 pts,5.86,,1,,#N/A
5,10/1/24,6,S1,FAR604 / 16,SCENE DESIGN,KELLY GREGERSEN,11,2026,F,0.26 pts,5.29,,1,,#N/A
5,10/1/24,7,S1,ELE507 / A61,ADVISORY 11/A,AARON LABREE,11,2026,,,4.71,,1,,#N/A
5,10/1/24,1,S1,CTA101 / 11,CTA S1,MARK CASTLE,11,2026,,,0,,3,,#N/A
5,10/1/24,2,S1,CTA101 / 11,CTA S1,MARK CASTLE,11,2026,,,0,,3,,#N/A
5,10/1/24,3,S1,CTA101 / 11,CTA S1,MARK CASTLE,11,2026,,,0,,3,,#N/A
5,10/1/24,4,S1,MAT701 / 14,ALGEBRA II A,JENNIFER REILLY,11,2026,C-,2.06 pts,0,,3,,#N/A
5,10/1/24,5,S1,ASL503 / 15,AMERICAN SIGN LANGUAGE II/A,TAMI GRANT,11,2026,A-,3.50 pts,0,,3,,#N/A
5,10/1/24,6,S1,ENG701 / 16,JUNIOR ENG/A,JOHN CARVER,11,2026,A,3.81 pts,0.33,,3,,#N/A
5,10/1/24,1,S1,FAR505 / 11,CONCERT CHOIR/A,DAVID DUARTE,10,2027,F,0.00 pts,0.29,,4,,#N/A
5,10/1/24,2,S1,SPA501 / 12,SPANISH 1 A,ROCHELLE AITON,10,2027,A,3.79 pts,0.86,,4,,#N/A
5,10/1/24,3,S1,SOC108 / 13,WORLD HISTORY/A,RYAN ISAACSON,10,2027,F,1.56 pts,0.71,,4,,#N/A
5,10/1/24,4,S1,SCI601 / 14,BIOLOGY A,GRANT MERRILL,10,2027,D+,1.86 pts,1.29,,4,,Yes
5,10/1/24,5,S1,ENG601 / 15,SOPH ENG/A,MARCEE SALAS,10,2027,F,1.42 pts,0.86,,4,,Yes
5,10/1/24,6,S1,MAT522 / 36,GEOMETRY A,ROCHELLE AITON,10,2027,D+,1.95 pts,1.14,,4,,#N/A
5,10/1/24,7,S1,ELE505 / A60,ADVISORY 10/A,GRANT MERRILL,10,2027,,,0.14,,4,,#N/A
5,10/1/24,1,S1,VOC705 / 11,DIGITAL PHOTOGRAPHY I,ROSANNA RUFF,11,2026,C,2.33 pts,7.14,,5,,#N/A
5,10/1/24,2,S1,BUS301 / 12,PERSONAL FINANCE A,NICOLE SIMEK,11,2026,B,2.94 pts,7,,5,,Yes
5,10/1/24,3,S1,SCI503 / 33,PHYSICAL SCIENCE A,WILLIAM BAUR,11,2026,F,1.10 pts,7.43,,5,,#N/A
5,10/1/24,4,S1,SOC701 / 14,US HISTORY/A,DAVE HAJEK,11,2026,A,3.70 pts,7,,5,,Yes
5,10/1/24,5,S1,ENG701 / 15,JUNIOR ENG/A,JOHN CARVER,11,2026,C,2.49 pts,7.14,,5,,Yes
5,10/1/24,6,S1,PED500 / 16,WEIGHT TRAINING,SCOTT DIZMANG,11,2026,A,4.00 pts,7.14,,5,,#N/A
5,10/1/24,7,S1,ELE507 / A41,ADVISORY 11/A,BRENT MANSELL,11,2026,,,7,,5,,#N/A
5,10/1/24,1,S1,PED513 / 11,TEAM GAMES,SCOTT DIZMANG,10,2027,A,4.00 pts,0,,6,,#N/A
5,10/1/24,2,S1,MAT522 / 12,GEOMETRY A,ROCHELLE AITON,10,2027,F,0.00 pts,0,,6,,Yes
5,10/1/24,3,S1,SOC108 / 13,WORLD HISTORY/A,RYAN ISAACSON,10,2027,F,1.56 pts,0,,6,,#N/A
5,10/1/24,4,S1,FAR109 / 14,CERAMICS II,ROBERT YEE,10,2027,,,0,,6,,#N/A
5,10/1/24,5,S1,ENG601 / 15,SOPH ENG/A,MARCEE SALAS,10,2027,F,1.07 pts,0,,6,,Yes
5,10/1/24,6,S1,SCI601 / 36,BIOLOGY A,WILLIAM BAUR,10,2027,F,1.50 pts,0,,6,,Yes
5,10/1/24,7,S1,ELE505 / A60,ADVISORY 10/A,GRANT MERRILL,10,2027,,,0,,6,,#N/A
5,10/1/24,1,S1,ENG801 / 11,SENIOR ENG/A,HEATHER CARVER,12,2025,F,0.38 pts,1.71,,7,,#N/A
5,10/1/24,2,S1,BUS301 / 12,PERSONAL FINANCE A,NICOLE SIMEK,12,2025,C-,2.03 pts,1.71,,7,,Yes
5,10/1/24,3,S1,ONT400 / 13,ON-TRACK/A,BRIAN ANDERSON,12,2025,A,4.00 pts,1.71,,7,,#N/A
5,10/1/24,4,S1,ENG715 / 14,FILM AS LITERATURE,KELLY GREGERSEN,12,2025,C-,2.13 pts,1.71,,7,,#N/A
5,10/1/24,5,S1,CTE100 / 15,MEDICAL CAREERS & TERMINOLOG/A,DONNA SCHATZ,12,2025,B,2.90 pts,1.71,,7,,#N/A
5,10/1/24,6,S1,SOC802 / 16,CIVICS,JIM REED,12,2025,C+,2.67 pts,1.14,,7,,#N/A
5,10/1/24,7,S1,ELE509 / A32,ADVISORY 12/A,SCOTT DIZMANG,12,2025,,,1,,7,,#N/A
5,10/1/24,1,S1,FAR720 / 11,PANTHER PLAYERS/A,KELLY GREGERSEN,11,2026,A,4.00 pts,1.14,,46,,#N/A
5,10/1/24,2,S1,SCI609 / 12,CHEMISTRY/A,GRANT MERRILL,11,2026,C-,2.01 pts,1,,46,,Yes
5,10/1/24,3,S1,MAT701 / 13,ALGEBRA II A,JENNIFER REILLY,11,2026,C-,2.14 pts,1,,46,,Yes
5,10/1/24,4,S1,ENG715 / 14,FILM AS LITERATURE,KELLY GREGERSEN,11,2026,A,3.83 pts,1,,46,,#N/A
5,10/1/24,5,S1,SOC701 / 15,US HISTORY/A,DAVE HAJEK,11,2026,F,1.14 pts,1,,46,,#N/A
5,10/1/24,6,S1,SPA501 / 16,SPANISH 1 A,ROCHELLE AITON,11,2026,A,3.72 pts,1,,46,,#N/A
5,10/1/24,7,S1,ELE507 / A51,ADVISORY 11/A,DONALD O'BRIEN,11,2026,,,1,,46,,#N/A
5,10/1/24,1,S1,FAR720 / 11,PANTHER PLAYERS/A,KELLY GREGERSEN,12,2025,A,4.00 pts,2.71,,8,,#N/A
5,10/1/24,2,S1,SPS103 / 12,OFFICE ASSISTANT,MARK CASTLE,12,2025,,,1.71,,8,,#N/A
5,10/1/24,3,S1,PED500 / 13,WEIGHT TRAINING,SCOTT BOOTHBY,12,2025,A,3.64 pts,1,,8,,#N/A
5,10/1/24,4,S1,ENG717 / 14,AP LITERATURE/ COMPOSITION A,HEATHER CARVER,12,2025,D,1.67 pts,2.29,,8,,#N/A
5,10/1/24,5,S1,SOC802 / 15,CIVICS,SCOTT BOOTHBY,12,2025,B,2.93 pts,2.29,,8,,#N/A
5,10/1/24,6,S1,SCI503 / 16,PHYSICAL SCIENCE A,JAMES BENNETT,12,2025,A,3.94 pts,2.29,,8,,#N/A
5,10/1/24,7,S1,ELE509 / A12,ADVISORY 12/A,JASON BLAESING,12,2025,,,1,,8,,#N/A
5,10/1/24,1,S1,PED500 / 11,WEIGHT TRAINING,SCOTT BOOTHBY,10,2027,A,4.00 pts,1.57,,9,,#N/A
5,10/1/24,2,S1,SOC108 / 12,WORLD HISTORY/A,DAVID HOLLINGSWORTH,10,2027,F,1.56 pts,1.57,,9,,#N/A
5,10/1/24,3,S1,SCI601 / 13,BIOLOGY A,GRANT MERRILL,10,2027,F,1.02 pts,1.43,,9,,Yes
5,10/1/24,4,S1,FAR109 / 14,CERAMICS II,ROBERT YEE,10,2027,,,0.86,,9,,#N/A
5,10/1/24,5,S1,MAT522 / 15,GEOMETRY A,BRIAN ANDERSON,10,2027,F,1.12 pts,0.86,,9,,Yes
5,10/1/24,6,S1,ENG601 / 16,SOPH ENG/A,MARCEE SALAS,10,2027,F,1.24 pts,0.86,,9,,#N/A
5,10/1/24,7,S1,ELE505 / A80,ADVISORY 10/A,MARCEE SALAS,10,2027,,,0.57,,9,,#N/A
5,10/1/24,1,S1,MAT522 / 11,GEOMETRY A,ROCHELLE AITON,10,2027,F,1.10 pts,0,,10,,Yes
5,10/1/24,2,S1,ENG601 / 12,SOPH ENG/A,KELLY GREGERSEN,10,2027,B,3.03 pts,0,,10,,Yes
5,10/1/24,3,S1,SOC108 / 13,WORLD HISTORY/A,RYAN ISAACSON,10,2027,C-,2.05 pts,0,,10,,#N/A
5,10/1/24,4,S1,HFL118 / 14,ADV CULINARY ARTS A,ALEXANDRA YOST,10,2027,C-,2.09 pts,0,,10,,#N/A
5,10/1/24,5,S1,VOC106 / 15,METAL MANUFACTURING & TECH I,DONALD O'BRIEN,10,2027,A,3.97 pts,0,,10,,#N/A
5,10/1/24,6,S1,SCI601 / 16,BIOLOGY A,GRANT MERRILL,10,2027,B,2.97 pts,0,,10,,Yes
5,10/1/24,7,S1,ELE505 / A20,ADVISORY 10/A,ROCHELLE AITON,10,2027,,,0,,10,,#N/A
5,10/1/24,1,S1,SPA601 / 11,SPANISH II A,ROCHELLE AITON,11,2026,B,3.14 pts,1,,11,,#N/A
5,10/1/24,2,S1,HFL116 / 12,BAKING PASTRY ARTS I,KAYLA PAYNE,11,2026,A,3.67 pts,1,,11,,#N/A
5,10/1/24,3,S1,MAT701 / 13,ALGEBRA II A,JENNIFER REILLY,11,2026,B,2.97 pts,1,,11,,Yes
5,10/1/24,4,S1,CTE114 / 14,ENGINEERING A,JASON BLAESING,11,2026,B+,3.30 pts,1.14,,11,,#N/A
5,10/1/24,5,S1,SOC703 / 15,AP US HISTORY A,RYAN ISAACSON,11,2026,A,4.00 pts,1,,11,,#N/A
5,10/1/24,6,S1,ENG701 / 16,JUNIOR ENG/A,JOHN CARVER,11,2026,A,3.98 pts,1,,11,,#N/A
5,10/1/24,7,S1,ELE507 / A31,ADVISORY 11/A,DAVID HOLLINGSWORTH,11,2026,,,1,,11,,#N/A
5,10/1/24,1,S1,CTE114 / 11,ENGINEERING A,JASON BLAESING,11,2026,B,2.93 pts,0,,12,,#N/A
5,10/1/24,2,S1,VOC116 / 12,BASIC CARPENTRY 1,BRENT MANSELL,11,2026,A,4.00 pts,0,,12,,#N/A
5,10/1/24,3,S1,BUS301 / 13,PERSONAL FINANCE A,NICOLE SIMEK,11,2026,B+,3.22 pts,0,,12,,Yes
5,10/1/24,4,S1,SOC701 / 14,US HISTORY/A,DAVE HAJEK,11,2026,C,2.48 pts,0.43,,12,,Yes
5,10/1/24,5,S1,VOC504 / 15,ADV FINE ARTS WOODWORKING I,BRENT MANSELL,11,2026,A,3.90 pts,0.43,,12,,#N/A
5,10/1/24,6,S1,ENG701 / 16,JUNIOR ENG/A,JOHN CARVER,11,2026,B-,2.84 pts,0.43,,12,,#N/A
5,10/1/24,7,S1,ELE507 / A11,ADVISORY 11/A,JAMES BENNETT,11,2026,,,0,,12,,#N/A
5,10/1/24,1,S1,MAT522 / 11,GEOMETRY A,ROCHELLE AITON,10,2027,D+,1.90 pts,3.86,,13,,Yes
5,10/1/24,2,S1,ENG601 / 12,SOPH ENG/A,KELLY GREGERSEN,10,2027,A-,3.49 pts,3.71,,13,,Yes
5,10/1/24,3,S1,SCI601 / 33,BIOLOGY A,DONNA SCHATZ,10,2027,B,3.07 pts,3.14,,13,,#N/A
5,10/1/24,4,S1,CTE114 / 14,ENGINEERING A,JASON BLAESING,10,2027,D,1.78 pts,1.86,,13,,#N/A
5,10/1/24,5,S1,HFL113 / 15,INTRO CULINARY ART,ALEXANDRA YOST,10,2027,C,2.25 pts,3.71,,13,,#N/A
5,10/1/24,6,S1,SOC108 / 36,WORLD HISTORY/A,DAVE HAJEK,10,2027,C-,2.01 pts,3.71,,13,,#N/A
5,10/1/24,7,S1,ELE505 / A70,ADVISORY 10/A,JOHN MILLER,10,2027,,,3,,13,,#N/A
5,10/1/24,1,S1,ENG701 / 11,JUNIOR ENG/A,JOHN CARVER,11,2026,B+,3.30 pts,1.57,,14,,#N/A
5,10/1/24,2,S1,VOC705 / 12,DIGITAL PHOTOGRAPHY I,ROSANNA RUFF,11,2026,D+,1.92 pts,1,,14,,#N/A
5,10/1/24,3,S1,MAT701 / 13,ALGEBRA II A,JENNIFER REILLY,11,2026,F,0.95 pts,1.43,,14,,Yes
5,10/1/24,4,S1,SCI503 / 14,PHYSICAL SCIENCE A,JAMES BENNETT,11,2026,B,3.17 pts,1.43,,14,,#N/A
5,10/1/24,5,S1,SOC701 / 15,US HISTORY/A,DAVE HAJEK,11,2026,A-,3.43 pts,1.71,,14,,#N/A
5,10/1/24,6,S1,VOC502 / 16,FINE ARTS WOODWORKING I,BRENT MANSELL,11,2026,A,4.00 pts,1.29,,14,,#N/A
5,10/1/24,7,S1,ELE507 / A61,ADVISORY 11/A,AARON LABREE,11,2026,,,1,,14,,#N/A
5,10/1/24,1,S1,SPA601 / 11,SPANISH II A,ROCHELLE AITON,10,2027,A,3.82 pts,0,,15,,#N/A
5,10/1/24,2,S1,ENG601 / 12,SOPH ENG/A,KELLY GREGERSEN,10,2027,F,1.57 pts,0,,15,,Yes
5,10/1/24,3,S1,SOC108 / 13,WORLD HISTORY/A,RYAN ISAACSON,10,2027,A,4.00 pts,0,,15,,#N/A
5,10/1/24,4,S1,SCI601 / 14,BIOLOGY A,GRANT MERRILL,10,2027,D+,1.94 pts,0,,15,,Yes
5,10/1/24,5,S1,PED513 / 15,TEAM GAMES,SCOTT DIZMANG,10,2027,A,4.00 pts,0,,15,,#N/A
5,10/1/24,6,S1,MAT522 / 36,GEOMETRY A,ROCHELLE AITON,10,2027,D+,1.90 pts,0,,15,,#N/A
5,10/1/24,7,S1,ELE505 / A80,ADVISORY 10/A,MARCEE SALAS,10,2027,,,0,,15,,#N/A
5,10/1/24,1,S1,SOC108 / 11,WORLD HISTORY/A,DAVID HOLLINGSWORTH,10,2027,,4.00 pts,0,,17,,#N/A
5,10/1/24,1,S1,VOC106 / 11,METAL MANUFACTURING & TECH I,DONALD O'BRIEN,10,2027,C-,2.18 pts,1.29,,17,,#N/A
5,10/1/24,2,S1,ENG601 / 12,SOPH ENG/A,KELLY GREGERSEN,10,2027,F,1.09 pts,1.14,,17,,Yes
5,10/1/24,3,S1,SCI601 / 33,BIOLOGY A,DONNA SCHATZ,10,2027,B+,3.34 pts,1.86,,17,,#N/A
5,10/1/24,4,S1,MAT522 / 14,GEOMETRY A,ROCHELLE AITON,10,2027,F,0.95 pts,1.71,,17,,Yes
5,10/1/24,5,S1,PED513 / 15,TEAM GAMES,SCOTT DIZMANG,10,2027,A,4.00 pts,1.29,,17,,#N/A
5,10/1/24,6,S1,VOC620 / 16,METAL CRAFTS & PRODUCTION I,DONALD O'BRIEN,10,2027,,0.00 pts,0,,17,,#N/A
5,10/1/24,6,S1,SOC108 / 36,WORLD HISTORY/A,DAVE HAJEK,10,2027,A,3.79 pts,1.14,,17,,#N/A
5,10/1/24,7,S1,ELE505 / A70,ADVISORY 10/A,JOHN MILLER,10,2027,,,0.57,,17,,#N/A
5,10/1/24,0,S1,SUPADV / TM,SUPPLEMENTAL  ADVISORY,TIMOTHY MOORE,12,2025,,,0,,18,,#N/A
5,10/1/24,1,S1,PED101 / 11,PHYSICAL EDUCATION,KATHERINE STURDYVIN-SCOBBA,12,2025,D+,1.90 pts,1.86,,18,,#N/A
5,10/1/24,2,S1,BUS301 / 12,PERSONAL FINANCE A,NICOLE SIMEK,12,2025,C,2.23 pts,0.86,,18,,Yes
5,10/1/24,3,S1,SOC802 / 13,CIVICS,JIM REED,12,2025,F,0.50 pts,1,,18,,#N/A
5,10/1/24,4,S1,AACTM1 / 14,ACADEMIC ACHIEVEMENT A,TIMOTHY MOORE,12,2025,A,3.80 pts,2,,18,,#N/A
5,10/1/24,5,S1,ONT400 / 15,ON-TRACK/A,ROBERT YEE,12,2025,B,3.00 pts,0.86,,18,,#N/A
5,10/1/24,6,S1,ENG801 / 16,SENIOR ENG/A,HEATHER CARVER,12,2025,F,0.00 pts,0.86,,18,,#N/A
5,10/1/24,7,S1,ELE509 / A72,ADVISORY 12/A,JENNIFER REILLY,12,2025,,,0,,18,,#N/A
5,10/1/24,1,S1,PED500 / 11,WEIGHT TRAINING,SCOTT BOOTHBY,9,2028,A,4.00 pts,1,,2,,#N/A
5,10/1/24,2,S1,ASL501 / 12,AMERICAN SIGN LANGUAGE I/A,KYLA RITCHEY,9,2028,A,4.00 pts,1,,2,,#N/A
5,10/1/24,3,S1,MAT520 / 33,ALGEBRA I A,JANET GROVE,9,2028,F,1.15 pts,1.86,,2,,#N/A
5,10/1/24,4,S1,SCI503 / 14,PHYSICAL SCIENCE A,JAMES BENNETT,9,2028,B,3.12 pts,2.43,,2,,#N/A
5,10/1/24,5,S1,HFL113 / 15,INTRO CULINARY ART,ALEXANDRA YOST,9,2028,B-,2.75 pts,2.29,,2,,#N/A
5,10/1/24,6,S1,ENG501 / 16,FR ENGLISH/A,DAVID HOLLINGSWORTH,9,2028,C+,2.53 pts,2.29,,2,,Yes
5,10/1/24,7,S1,ELE503 / AA9,ADVISORY 9/A,NICOLE SIMEK,9,2028,,,2.29,,2,,#N/A
5,10/1/24,1,S1,CTE114 / 11,ENGINEERING A,JASON BLAESING,11,2026,B+,3.31 pts,0,,19,,#N/A
5,10/1/24,2,S1,FAR113 / 12,INTRO TO ART AND DESIGN,ROBERT YEE,11,2026,A,4.00 pts,0,,19,,#N/A
5,10/1/24,3,S1,FAR605 / 13,INTRO TO THEATRE,KELLY GREGERSEN,11,2026,A-,3.51 pts,0,,19,,#N/A
5,10/1/24,4,S1,ENG701 / 14,JUNIOR ENG/A,JOHN CARVER,11,2026,A-,3.48 pts,0.43,,19,,#N/A
5,10/1/24,5,S1,SOC703 / 15,AP US HISTORY A,RYAN ISAACSON,11,2026,A,4.00 pts,0.43,,19,,#N/A
5,10/1/24,6,S1,MAT701 / 16,ALGEBRA II A,JASON BLAESING,11,2026,D+,1.97 pts,0.43,,19,,Yes
5,10/1/24,7,S1,ELE507 / A31,ADVISORY 11/A,DAVID HOLLINGSWORTH,11,2026,,,0,,19,,#N/A
5,10/1/24,1,S1,ENG601 / 11,SOPH ENG/A,MARCEE SALAS,10,2027,B,2.98 pts,0,,20,,#N/A
5,10/1/24,2,S1,MAT522 / 32,GEOMETRY A,BRIAN ANDERSON,10,2027,F,1.01 pts,0.14,,20,,#N/A
5,10/1/24,3,S1,VOC620 / 13,METAL CRAFTS & PRODUCTION I,DONALD O'BRIEN,10,2027,A,3.97 pts,0.14,,20,,#N/A
5,10/1/24,4,S1,SCI601 / 14,BIOLOGY A,GRANT MERRILL,10,2027,B,3.00 pts,0,,20,,Yes
5,10/1/24,5,S1,CTE100 / 15,MEDICAL CAREERS & TERMINOLOG/A,DONNA SCHATZ,10,2027,A,4.00 pts,0,,20,,#N/A
5,10/1/24,6,S1,SOC108 / 36,WORLD HISTORY/A,DAVE HAJEK,10,2027,F,1.57 pts,0,,20,,#N/A
5,10/1/24,7,S1,ELE505 / A40,ADVISORY 10/A,DAVID DUARTE,10,2027,,,0,,20,,#N/A
5,10/1/24,1,S1,SOC701 / 11,US HISTORY/A,DAVE HAJEK,11,2026,F,1.55 pts,3.71,,21,,#N/A
5,10/1/24,2,S1,SCI609 / 12,CHEMISTRY/A,GRANT MERRILL,11,2026,B,2.92 pts,3.71,,21,,Yes
5,10/1/24,3,S1,BUS301 / 13,PERSONAL FINANCE A,NICOLE SIMEK,11,2026,D,1.70 pts,3.71,,21,,Yes
5,10/1/24,4,S1,HFL118 / 14,ADV CULINARY ARTS A,ALEXANDRA YOST,11,2026,D+,1.88 pts,3.71,,21,,#N/A
5,10/1/24,5,S1,ENG701 / 15,JUNIOR ENG/A,JOHN CARVER,11,2026,B-,2.72 pts,3,,21,,Yes
5,10/1/24,6,S1,PED500 / 16,WEIGHT TRAINING,SCOTT DIZMANG,11,2026,A,4.00 pts,3.71,,21,,#N/A
5,10/1/24,7,S1,ELE507 / A11,ADVISORY 11/A,JAMES BENNETT,11,2026,,,3,,21,,#N/A
5,10/1/24,1,S1,FAR109 / 11,CERAMICS II,ROBERT YEE,11,2026,,,0,,22,,#N/A
5,10/1/24,2,S1,FAR113 / 12,INTRO TO ART AND DESIGN,ROBERT YEE,11,2026,A-,3.50 pts,0.29,,22,,#N/A
5,10/1/24,3,S1,MAT701 / 13,ALGEBRA II A,JENNIFER REILLY,11,2026,A,4.00 pts,0.43,,22,,Yes
5,10/1/24,4,S1,SCI503 / 34,PHYSICAL SCIENCE A,WILLIAM BAUR,11,2026,C+,2.58 pts,0.43,,22,,#N/A
5,10/1/24,5,S1,SOC701 / 15,US HISTORY/A,DAVE HAJEK,11,2026,C-,2.09 pts,0.43,,22,,#N/A
5,10/1/24,6,S1,ENG701 / 16,JUNIOR ENG/A,JOHN CARVER,11,2026,A,3.82 pts,0.43,,22,,#N/A
5,10/1/24,7,S1,ELE507 / A41,ADVISORY 11/A,BRENT MANSELL,11,2026,,,0,,22,,#N/A
5,10/1/24,1,S1,SCI503 / 11,PHYSICAL SCIENCE A,JAMES BENNETT,11,2026,F,0.70 pts,3.71,,23,,#N/A
5,10/1/24,2,S1,BUS301 / 12,PERSONAL FINANCE A,NICOLE SIMEK,11,2026,F,0.95 pts,3.57,,23,,Yes
5,10/1/24,3,S1,ONT400 / 13,ON-TRACK/A,BRIAN ANDERSON,11,2026,A,4.00 pts,3.57,,23,,#N/A
5,10/1/24,4,S1,SOC701 / 14,US HISTORY/A,DAVE HAJEK,11,2026,F,0.09 pts,3.57,,23,,Yes
5,10/1/24,5,S1,ENG701 / 15,JUNIOR ENG/A,JOHN CARVER,11,2026,C,2.33 pts,2.86,,23,,Yes
5,10/1/24,6,S1,VOC620 / 16,METAL CRAFTS & PRODUCTION I,DONALD O'BRIEN,11,2026,,0.00 pts,1.29,,23,,#N/A
5,10/1/24,6,S1,FAR604 / 16,SCENE DESIGN,KELLY GREGERSEN,11,2026,F,0.38 pts,2.57,,23,,#N/A
5,10/1/24,7,S1,ELE507 / A11,ADVISORY 11/A,JAMES BENNETT,11,2026,,,2,,23,,#N/A
5,10/1/24,1,S1,MAT704 / 11,PRE-CALC A MAT 153,BRIAN ANDERSON,12,2025,A,4.00 pts,0.75,,24,,Yes
5,10/1/24,2,S1,RUN101 / 12,RUNNING START/A,,12,2025,,,0,,24,,#N/A
5,10/1/24,3,S1,CTE120 / 13,CYBER SECURITY I,ROSANNA RUFF,12,2025,A,3.99 pts,1.5,,24,,#N/A
5,10/1/24,4,S1,ENG717 / 14,AP LITERATURE/ COMPOSITION A,HEATHER CARVER,12,2025,,0.50 pts,1.25,,24,,#N/A
5,10/1/24,4,S1,RUN101 / 14,RUNNING START/A,,12,2025,,,0,,24,,#N/A
5,10/1/24,5,S1,SOC802 / 15,CIVICS,SCOTT BOOTHBY,12,2025,A,4.00 pts,1,,24,,#N/A
5,10/1/24,6,S1,RUN101 / 16,RUNNING START/A,,12,2025,,,0,,24,,#N/A
5,10/1/24,7,S1,ELE509 / A62,ADVISORY 12/A,RYAN ISAACSON,12,2025,,,0,,24,,#N/A
5,10/1/24,1,S1,PED513 / 11,TEAM GAMES,SCOTT DIZMANG,9,2028,A,4.00 pts,0,,25,,#N/A
5,10/1/24,2,S1,HFL114 / 12,FAMILY HEALTH,MICHAEL ISOTALO,9,2028,C-,2.07 pts,0,,25,,#N/A
5,10/1/24,3,S1,SCI503 / 33,PHYSICAL SCIENCE A,WILLIAM BAUR,9,2028,F,1.63 pts,0,,25,,#N/A
5,10/1/24,4,S1,VOC300 / 14,SMALL ENGINE REPAIR I,DONALD O'BRIEN,9,2028,D+,1.90 pts,0,,25,,#N/A
5,10/1/24,5,S1,MAT520 / 15,ALGEBRA I A,KEVIN REILLY,9,2028,C,2.22 pts,0,,25,,#N/A
5,10/1/24,6,S1,ENG501 / 16,FR ENGLISH/A,DAVID HOLLINGSWORTH,9,2028,C+,2.50 pts,0,,25,,Yes
5,10/1/24,7,S1,ELE503 / A19,ADVISORY 9/A,ANGELINA MERRILL,9,2028,,,0,,25,,#N/A
5,10/1/24,1,S1,SCI503 / 11,PHYSICAL SCIENCE A,JAMES BENNETT,11,2026,F,0.35 pts,4.86,,26,,#N/A
5,10/1/24,2,S1,VOC705 / 12,DIGITAL PHOTOGRAPHY I,ROSANNA RUFF,11,2026,C+,2.67 pts,2.86,,26,,#N/A
5,10/1/24,3,S1,ONT400 / 13,ON-TRACK/A,BRIAN ANDERSON,11,2026,C+,2.67 pts,2,,26,,#N/A
5,10/1/24,4,S1,SOC701 / 14,US HISTORY/A,DAVE HAJEK,11,2026,F,0.60 pts,3.43,,26,,Yes
5,10/1/24,5,S1,BUS301 / 15,PERSONAL FINANCE A,NICOLE SIMEK,11,2026,F,0.95 pts,2.86,,26,,#N/A
5,10/1/24,6,S1,ENG701 / 16,JUNIOR ENG/A,JOHN CARVER,11,2026,C,2.28 pts,3.86,,26,,#N/A
5,10/1/24,7,S1,ELE507 / A21,ADVISORY 11/A,HEATHER CARVER,11,2026,,,2,,26,,#N/A
5,10/1/24,1,S1,ASL505 / 11,AMER SIGN III/A,TAMI GRANT,11,2026,A,4.00 pts,0.57,,29,,#N/A
5,10/1/24,2,S1,SCI503 / 32,PHYSICAL SCIENCE A,WILLIAM BAUR,11,2026,C+,2.58 pts,0.43,,29,,#N/A
5,10/1/24,3,S1,ENG719 / 13,AP LANGUAGE/COMPOSITION A,HEATHER CARVER,11,2026,A,3.75 pts,0.43,,29,,#N/A
5,10/1/24,4,S1,MAT701 / 14,ALGEBRA II A,JENNIFER REILLY,11,2026,B,3.10 pts,0.43,,29,,#N/A
5,10/1/24,5,S1,CTE501 / 15,PROJECT IN LEADERSHIP/A,KYLA RITCHEY,11,2026,A-,3.44 pts,0,,29,,#N/A
5,10/1/24,6,S1,SOC701 / 16,US HISTORY/A,SCOTT BOOTHBY,11,2026,C-,2.15 pts,0.43,,29,,Yes
5,10/1/24,7,S1,ELE507 / A71,ADVISORY 11/A,KEVIN REILLY,11,2026,,,0,,29,,#N/A
5,10/1/24,1,S1,PED500 / 11,WEIGHT TRAINING,SCOTT BOOTHBY,12,2025,C,2.36 pts,1.29,,27,,#N/A
5,10/1/24,2,S1,BUS301 / 12,PERSONAL FINANCE A,NICOLE SIMEK,12,2025,D+,1.92 pts,1,,27,,Yes
5,10/1/24,3,S1,ONT400 / 13,ON-TRACK/A,BRIAN ANDERSON,12,2025,A,4.00 pts,1,,27,,#N/A
5,10/1/24,4,S1,SOC802 / 14,CIVICS,JIM REED,12,2025,F,0.67 pts,1.43,,27,,#N/A
5,10/1/24,5,S1,CTE100 / 15,MEDICAL CAREERS & TERMINOLOG/A,DONNA SCHATZ,12,2025,F,0.90 pts,1.29,,27,,#N/A
5,10/1/24,6,S1,ENG801 / 16,SENIOR ENG/A,HEATHER CARVER,12,2025,F,0.75 pts,1,,27,,#N/A
5,10/1/24,7,S1,ELE509 / A42,ADVISORY 12/A,TAMI GRANT,12,2025,,,1,,27,,#N/A
5,10/1/24,1,S1,ENG601 / 11,SOPH ENG/A,MARCEE SALAS,10,2027,D+,1.99 pts,1,,28,,#N/A
5,10/1/24,2,S1,SCI601 / 32,BIOLOGY A,DONNA SCHATZ,10,2027,A-,3.53 pts,1,,28,,#N/A
5,10/1/24,3,S1,ASL501 / 13,AMERICAN SIGN LANGUAGE I/A,KYLA RITCHEY,10,2027,A,4.00 pts,1.57,,28,,#N/A
5,10/1/24,4,S1,MAT522 / 14,GEOMETRY A,ROCHELLE AITON,10,2027,F,0.95 pts,1.57,,28,,Yes
5,10/1/24,5,S1,CTE222 / 15,MUSIC PROD IA,DAVID DUARTE,10,2027,C-,2.00 pts,1.57,,28,,#N/A
5,10/1/24,6,S1,SOC108 / 16,WORLD HISTORY/A,RYAN ISAACSON,10,2027,F,0.10 pts,1.57,,28,,#N/A
5,10/1/24,7,S1,ELE505 / A50,ADVISORY 10/A,JANET GROVE,10,2027,,,1,,28,,#N/A
5,10/1/24,1,S1,PED513 / 11,TEAM GAMES,SCOTT DIZMANG,12,2025,B,3.10 pts,0.71,,30,,#N/A
5,10/1/24,2,S1,ASL503 / 12,AMERICAN SIGN LANGUAGE II/A,TAMI GRANT,12,2025,B,3.00 pts,0.14,,30,,#N/A
5,10/1/24,3,S1,BUS301 / 13,PERSONAL FINANCE A,NICOLE SIMEK,12,2025,C,2.23 pts,0,,30,,Yes
5,10/1/24,4,S1,SOC802 / 14,CIVICS,JIM REED,12,2025,C+,2.50 pts,0.57,,30,,#N/A
5,10/1/24,5,S1,VOC106 / 15,METAL MANUFACTURING & TECH I,DONALD O'BRIEN,12,2025,A,3.98 pts,0.43,,30,,#N/A
5,10/1/24,6,S1,ENG801 / 16,SENIOR ENG/A,HEATHER CARVER,12,2025,C,2.25 pts,0.71,,30,,#N/A
5,10/1/24,7,S1,ELE509 / A22,ADVISORY 12/A,SCOTT BOOTHBY,12,2025,,,0.29,,30,,#N/A
5,10/1/24,1,S1,PED513 / 11,TEAM GAMES,SCOTT DIZMANG,11,2026,B,3.10 pts,11.86,,31,,#N/A
5,10/1/24,2,S1,MAT520 / 12,ALGEBRA I A,KEVIN REILLY,11,2026,F,0.50 pts,12,,31,,#N/A
5,10/1/24,3,S1,SOC701 / 13,US HISTORY/A,DAVE HAJEK,11,2026,F,0.00 pts,12.43,,31,,#N/A
5,10/1/24,4,S1,SCI503 / 34,PHYSICAL SCIENCE A,WILLIAM BAUR,11,2026,,0.00 pts,6.43,,31,,#N/A
5,10/1/24,4,S1,FAR108 / 14,CERAMICS I,ROBERT YEE,11,2026,,,5.57,,31,,#N/A
5,10/1/24,5,S1,ENG701 / 15,JUNIOR ENG/A,JOHN CARVER,11,2026,C-,2.11 pts,10.43,,31,,Yes
5,10/1/24,6,S1,FAR108 / 16,CERAMICS I,ROBERT YEE,11,2026,,4.00 pts,6.43,,31,,#N/A
5,10/1/24,6,S1,SCI601 / 36,BIOLOGY A,WILLIAM BAUR,11,2026,,,6,,31,,Yes
5,10/1/24,7,S1,ELE507 / A61,ADVISORY 11/A,AARON LABREE,11,2026,,,4,,31,,#N/A
5,10/1/24,1,S1,FAR108 / 11,CERAMICS I,ROBERT YEE,10,2027,A,4.00 pts,0,,32,,#N/A
5,10/1/24,2,S1,SOC108 / 12,WORLD HISTORY/A,DAVID HOLLINGSWORTH,10,2027,C,2.44 pts,0,,32,,#N/A
5,10/1/24,3,S1,SCI601 / 33,BIOLOGY A,DONNA SCHATZ,10,2027,A-,3.44 pts,0,,32,,#N/A
5,10/1/24,4,S1,MAT522 / 14,GEOMETRY A,ROCHELLE AITON,10,2027,D+,1.90 pts,0.43,,32,,Yes
5,10/1/24,5,S1,ASL503 / 15,AMERICAN SIGN LANGUAGE II/A,TAMI GRANT,10,2027,F,1.50 pts,0.43,,32,,#N/A
5,10/1/24,6,S1,ENG601 / 16,SOPH ENG/A,MARCEE SALAS,10,2027,F,1.51 pts,0.43,,32,,#N/A
5,10/1/24,7,S1,ELE505 / A50,ADVISORY 10/A,JANET GROVE,10,2027,,,0,,32,,#N/A
5,10/1/24,1,S1,VOC705 / 11,DIGITAL PHOTOGRAPHY I,ROSANNA RUFF,10,2027,D,1.75 pts,0.43,,33,,#N/A
5,10/1/24,2,S1,MAT522 / 12,GEOMETRY A,ROCHELLE AITON,10,2027,D+,1.90 pts,0,,33,,Yes
5,10/1/24,3,S1,ASL501 / 13,AMERICAN SIGN LANGUAGE I/A,KYLA RITCHEY,10,2027,B,3.00 pts,0,,33,,#N/A
5,10/1/24,4,S1,SOC108 / 14,WORLD HISTORY/A,DAVID HOLLINGSWORTH,10,2027,B,2.98 pts,0,,33,,#N/A
5,10/1/24,5,S1,ENG601 / 15,SOPH ENG/A,MARCEE SALAS,10,2027,C,2.31 pts,0,,33,,Yes
5,10/1/24,6,S1,SCI601 / 36,BIOLOGY A,WILLIAM BAUR,10,2027,A,4.00 pts,0,,33,,Yes
5,10/1/24,7,S1,ELE505 / A90,ADVISORY 10/A,MICHAEL WAREHAM,10,2027,,,0,,33,,#N/A
5,10/1/24,1,S1,VOC106 / 11,METAL MANUFACTURING & TECH I,DONALD O'BRIEN,10,2027,A,3.63 pts,0.71,,34,,#N/A
5,10/1/24,2,S1,ENG601 / 12,SOPH ENG/A,KELLY GREGERSEN,10,2027,F,1.44 pts,0.14,,34,,Yes
5,10/1/24,3,S1,SCI601 / 13,BIOLOGY A,GRANT MERRILL,10,2027,F,0.92 pts,0.14,,34,,Yes
5,10/1/24,4,S1,MAT522 / 14,GEOMETRY A,ROCHELLE AITON,10,2027,F,0.95 pts,0.29,,34,,Yes
5,10/1/24,5,S1,VOC503 / 15,FINE ARTS WOODS II,BRENT MANSELL,10,2027,A,3.80 pts,0.43,,34,,#N/A
5,10/1/24,6,S1,SOC108 / 16,WORLD HISTORY/A,RYAN ISAACSON,10,2027,F,0.00 pts,0.57,,34,,#N/A
5,10/1/24,7,S1,ELE505 / A60,ADVISORY 10/A,GRANT MERRILL,10,2027,,,0.14,,34,,#N/A
5,10/1/24,1,S1,ENG801 / 11,SENIOR ENG/A,HEATHER CARVER,12,2025,B-,2.88 pts,0,,35,,#N/A
5,10/1/24,2,S1,SCI609 / 12,CHEMISTRY/A,GRANT MERRILL,12,2025,A,3.90 pts,0,,35,,Yes
5,10/1/24,3,S1,SOC802 / 13,CIVICS,JIM REED,12,2025,D,1.67 pts,0,,35,,#N/A
5,10/1/24,4,S1,HFL115 / 14,ADVANCED PASTRY ARTS I,KAYLA PAYNE,12,2025,C,2.22 pts,0,,35,,#N/A
5,10/1/24,5,S1,ONT400 / 15,ON-TRACK/A,ROBERT YEE,12,2025,B,3.00 pts,0,,35,,#N/A
5,10/1/24,6,S1,FAR111 / 16,CERAMICS IV,ROBERT YEE,12,2025,,,0,,35,,#N/A
5,10/1/24,7,S1,ELE509 / A62,ADVISORY 12/A,RYAN ISAACSON,12,2025,,,0,,35,,#N/A
5,10/1/24,1,S1,CTE114 / 11,ENGINEERING A,JASON BLAESING,11,2026,B+,3.31 pts,7,,36,,#N/A
5,10/1/24,2,S1,MAT701 / 12,ALGEBRA II A,JASON BLAESING,11,2026,F,1.15 pts,7,,36,,Yes
5,10/1/24,3,S1,PED500 / 13,WEIGHT TRAINING,SCOTT BOOTHBY,11,2026,C+,2.69 pts,7,,36,,#N/A
5,10/1/24,4,S1,ENG701 / 14,JUNIOR ENG/A,JOHN CARVER,11,2026,C+,2.68 pts,7.14,,36,,#N/A
5,10/1/24,5,S1,SOC701 / 15,US HISTORY/A,DAVE HAJEK,11,2026,C-,2.03 pts,7,,36,,#N/A
5,10/1/24,6,S1,FAR542 / 16,WIND ENSEMB/A,DAVID DUARTE,11,2026,A,4.00 pts,7,,36,,#N/A
5,10/1/24,7,S1,ELE507 / A41,ADVISORY 11/A,BRENT MANSELL,11,2026,,,7,,36,,#N/A
5,10/1/24,1,S1,VOC502 / 11,FINE ARTS WOODWORKING I,BRENT MANSELL,11,2026,A,4.00 pts,0,,37,,#N/A
5,10/1/24,2,S1,SCI503 / 12,PHYSICAL SCIENCE A,JAMES BENNETT,11,2026,A,4.00 pts,0,,37,,#N/A
5,10/1/24,3,S1,ONT400 / 13,ON-TRACK/A,BRIAN ANDERSON,11,2026,A,4.00 pts,0.14,,37,,#N/A
5,10/1/24,4,S1,ENG715 / 14,FILM AS LITERATURE,KELLY GREGERSEN,11,2026,B,2.96 pts,0,,37,,#N/A
5,10/1/24,5,S1,BUS301 / 15,PERSONAL FINANCE A,NICOLE SIMEK,11,2026,F,1.58 pts,0,,37,,#N/A
5,10/1/24,6,S1,SOC701 / 16,US HISTORY/A,SCOTT BOOTHBY,11,2026,C+,2.50 pts,0.14,,37,,Yes
5,10/1/24,7,S1,ELE507 / A21,ADVISORY 11/A,HEATHER CARVER,11,2026,,,0,,37,,#N/A
5,10/1/24,1,S1,VOC502 / 11,FINE ARTS WOODWORKING I,BRENT MANSELL,10,2027,A,4.00 pts,1,,38,,#N/A
5,10/1/24,2,S1,SCI601 / 32,BIOLOGY A,DONNA SCHATZ,10,2027,A,4.00 pts,1.71,,38,,#N/A
5,10/1/24,3,S1,MAT522 / 13,GEOMETRY A,ROCHELLE AITON,10,2027,D+,1.90 pts,1.71,,38,,Yes
5,10/1/24,4,S1,PED500 / 14,WEIGHT TRAINING,SCOTT DIZMANG,10,2027,A,4.00 pts,1.71,,38,,#N/A
5,10/1/24,5,S1,ENG601 / 15,SOPH ENG/A,MARCEE SALAS,10,2027,A-,3.42 pts,1.71,,38,,Yes
5,10/1/24,6,S1,SOC108 / 36,WORLD HISTORY/A,DAVE HAJEK,10,2027,D+,1.99 pts,1.71,,38,,#N/A
5,10/1/24,7,S1,ELE505 / A70,ADVISORY 10/A,JOHN MILLER,10,2027,,,1,,38,,#N/A
5,10/1/24,1,S1,VOC106 / 11,METAL MANUFACTURING & TECH I,DONALD O'BRIEN,10,2027,A,4.00 pts,0,,39,,#N/A
5,10/1/24,2,S1,SOC108 / 12,WORLD HISTORY/A,DAVID HOLLINGSWORTH,10,2027,C-,2.10 pts,0,,39,,#N/A
5,10/1/24,3,S1,MAT522 / 13,GEOMETRY A,ROCHELLE AITON,10,2027,D+,1.95 pts,0,,39,,Yes
5,10/1/24,4,S1,PED500 / 14,WEIGHT TRAINING,SCOTT DIZMANG,10,2027,A,4.00 pts,0,,39,,#N/A
5,10/1/24,5,S1,ENG601 / 15,SOPH ENG/A,MARCEE SALAS,10,2027,F,1.62 pts,0,,39,,Yes
5,10/1/24,6,S1,SCI601 / 36,BIOLOGY A,WILLIAM BAUR,10,2027,B,3.00 pts,0,,39,,Yes
5,10/1/24,7,S1,ELE505 / A20,ADVISORY 10/A,ROCHELLE AITON,10,2027,,,0,,39,,#N/A
5,10/1/24,1,S1,ENG701 / 11,JUNIOR ENG/A,JOHN CARVER,11,2026,A,3.67 pts,0,,40,,#N/A
5,10/1/24,2,S1,MAT701 / 12,ALGEBRA II A,JASON BLAESING,11,2026,F,1.10 pts,0,,40,,Yes
5,10/1/24,3,S1,PED500 / 13,WEIGHT TRAINING,SCOTT BOOTHBY,11,2026,A,4.00 pts,0,,40,,#N/A
5,10/1/24,4,S1,SCI503 / 34,PHYSICAL SCIENCE A,WILLIAM BAUR,11,2026,C-,2.04 pts,0.57,,40,,#N/A
5,10/1/24,5,S1,SPA601 / 15,SPANISH II A,ROCHELLE AITON,11,2026,C+,2.68 pts,0.57,,40,,#N/A
5,10/1/24,6,S1,SOC701 / 16,US HISTORY/A,SCOTT BOOTHBY,11,2026,D,1.70 pts,0.57,,40,,Yes
5,10/1/24,7,S1,ELE507 / A31,ADVISORY 11/A,DAVID HOLLINGSWORTH,11,2026,,,0.57,,40,,#N/A
5,10/1/24,1,S1,SOC701 / 11,US HISTORY/A,DAVE HAJEK,11,2026,C+,2.55 pts,0.57,,47,,#N/A
5,10/1/24,2,S1,SCI609 / 12,CHEMISTRY/A,GRANT MERRILL,11,2026,B,2.97 pts,0.43,,47,,Yes
5,10/1/24,3,S1,ASL503 / 13,AMERICAN SIGN LANGUAGE II/A,TAMI GRANT,11,2026,,,0,,47,,#N/A
5,10/1/24,4,S1,PED500 / 14,WEIGHT TRAINING,SCOTT DIZMANG,11,2026,A,4.00 pts,0,,47,,#N/A
5,10/1/24,5,S1,MAT701 / 35,ALGEBRA II A,JENNIFER REILLY,11,2026,A,4.00 pts,0,,47,,#N/A
5,10/1/24,6,S1,ENG701 / 16,JUNIOR ENG/A,JOHN CARVER,11,2026,A,3.66 pts,0,,47,,#N/A
5,10/1/24,7,S1,ELE507 / A91,ADVISORY 11/A,DONNA SCHATZ,11,2026,,,0.43,,47,,#N/A
5,10/1/24,1,S1,ENG701 / 11,JUNIOR ENG/A,JOHN CARVER,11,2026,B,3.03 pts,0.29,,41,,#N/A
5,10/1/24,2,S1,HFL116 / 12,BAKING PASTRY ARTS I,KAYLA PAYNE,11,2026,B+,3.33 pts,0.14,,41,,#N/A
5,10/1/24,3,S1,SCI503 / 33,PHYSICAL SCIENCE A,WILLIAM BAUR,11,2026,C,2.43 pts,0,,41,,#N/A
5,10/1/24,4,S1,SOC701 / 14,US HISTORY/A,DAVE HAJEK,11,2026,F,1.60 pts,0,,41,,Yes
5,10/1/24,5,S1,ASL503 / 15,AMERICAN SIGN LANGUAGE II/A,TAMI GRANT,11,2026,A-,3.50 pts,0,,41,,#N/A
5,10/1/24,6,S1,MAT701 / 16,ALGEBRA II A,JASON BLAESING,11,2026,F,1.12 pts,0,,41,,Yes
5,10/1/24,7,S1,ELE507 / A31,ADVISORY 11/A,DAVID HOLLINGSWORTH,11,2026,,,0,,41,,#N/A
5,10/1/24,1,S1,FAR606 / 11,ADVANCED ACTING/ A,KELLY GREGERSEN,12,2025,A,4.00 pts,0.71,,42,,#N/A
5,10/1/24,2,S1,SCI609 / 12,CHEMISTRY/A,GRANT MERRILL,12,2025,C-,2.02 pts,0,,42,,Yes
5,10/1/24,3,S1,ENG801 / 13,SENIOR ENG/A,JOHN CARVER,12,2025,B+,3.33 pts,0.71,,42,,#N/A
5,10/1/24,4,S1,HFL118 / 14,ADV CULINARY ARTS A,ALEXANDRA YOST,12,2025,D+,1.91 pts,0.71,,42,,#N/A
5,10/1/24,5,S1,BUS301 / 15,PERSONAL FINANCE A,NICOLE SIMEK,12,2025,B,2.95 pts,0.71,,42,,#N/A
5,10/1/24,6,S1,FAR542 / 16,WIND ENSEMB/A,DAVID DUARTE,12,2025,C+,2.67 pts,0.86,,42,,#N/A
5,10/1/24,7,S1,ELE509 / A82,ADVISORY 12/A,ALEXANDRA YOST,12,2025,,,0.71,,42,,#N/A
5,10/1/24,1,S1,ENG701 / 11,JUNIOR ENG/A,JOHN CARVER,11,2026,B-,2.74 pts,5.29,,43,,#N/A
5,10/1/24,2,S1,SCI503 / 12,PHYSICAL SCIENCE A,JAMES BENNETT,11,2026,B,3.06 pts,4.71,,43,,#N/A
5,10/1/24,3,S1,ASL503 / 13,AMERICAN SIGN LANGUAGE II/A,TAMI GRANT,11,2026,B,3.00 pts,4.14,,43,,#N/A
5,10/1/24,4,S1,SOC701 / 14,US HISTORY/A,DAVE HAJEK,11,2026,C-,2.06 pts,5.29,,43,,Yes
5,10/1/24,5,S1,SOC105 / 15,AP PSYCHOLOGY A,JIM REED,11,2026,A,3.94 pts,3.86,,43,,#N/A
5,10/1/24,6,S1,MAT701 / 16,ALGEBRA II A,JASON BLAESING,11,2026,A,3.83 pts,4.57,,43,,Yes
5,10/1/24,7,S1,ELE507 / A41,ADVISORY 11/A,BRENT MANSELL,11,2026,,,2.29,,43,,#N/A
5,10/1/24,1,S1,MAT522 / 11,GEOMETRY A,ROCHELLE AITON,10,2027,F,0.95 pts,4.14,,44,,Yes
5,10/1/24,2,S1,HFL116 / 12,BAKING PASTRY ARTS I,KAYLA PAYNE,10,2027,B+,3.33 pts,1.14,,44,,#N/A
5,10/1/24,2,S1,SCI601 / 32,BIOLOGY A,DONNA SCHATZ,10,2027,,0.20 pts,1.86,,44,,#N/A
5,10/1/24,3,S1,HFL116 / 13,BAKING PASTRY ARTS I,KAYLA PAYNE,10,2027,,,2.57,,44,,#N/A
5,10/1/24,3,S1,SCI601 / 33,BIOLOGY A,DONNA SCHATZ,10,2027,F,0.20 pts,1.71,,44,,#N/A
5,10/1/24,4,S1,PED500 / 14,WEIGHT TRAINING,SCOTT DIZMANG,10,2027,B,3.05 pts,5.43,,44,,#N/A
5,10/1/24,5,S1,ENG601 / 15,SOPH ENG/A,MARCEE SALAS,10,2027,C,2.30 pts,5.29,,44,,Yes
5,10/1/24,6,S1,SOC108 / 16,WORLD HISTORY/A,RYAN ISAACSON,10,2027,F,0.73 pts,5,,44,,#N/A
5,10/1/24,7,S1,ELE505 / A30,ADVISORY 10/A,WILLIAM BAUR,10,2027,,,2.86,,44,,#N/A
5,10/1/24,1,S1,VOC705 / 11,DIGITAL PHOTOGRAPHY I,ROSANNA RUFF,11,2026,A,3.83 pts,0,,45,,#N/A
5,10/1/24,2,S1,SCI609 / 12,CHEMISTRY/A,GRANT MERRILL,11,2026,B,2.97 pts,0,,45,,Yes
5,10/1/24,3,S1,ENG719 / 13,AP LANGUAGE/COMPOSITION A,HEATHER CARVER,11,2026,A,4.00 pts,0,,45,,#N/A
5,10/1/24,4,S1,PED500 / 14,WEIGHT TRAINING,SCOTT DIZMANG,11,2026,A,4.00 pts,0,,45,,#N/A
5,10/1/24,5,S1,SOC703 / 15,AP US HISTORY A,RYAN ISAACSON,11,2026,A,4.00 pts,0,,45,,#N/A
5,10/1/24,6,S1,MAT701 / 16,ALGEBRA II A,JASON BLAESING,11,2026,C-,2.19 pts,0,,45,,Yes
5,10/1/24,7,S1,ELE507 / A81,ADVISORY 11/A,ROSANNA RUFF,11,2026,,,0,,45,,#N/A
3,9/17/24,2,S1,BUS301 / 12,PERSONAL FINANCE A,NICOLE SIMEK,12,2025,A,4.00 pts,0,,176,,Yes
4,9/24/24,2,S1,BUS301 / 12,PERSONAL FINANCE A,NICOLE SIMEK,12,2025,A,4.00 pts,0,,176,,Yes
5,10/1/24,2,S1,BUS301 / 12,PERSONAL FINANCE A,NICOLE SIMEK,12,2025,A,4.00 pts,0,,176,,Yes
6,10/8/24,2,S1,BUS301 / 12,PERSONAL FINANCE A,NICOLE SIMEK,12,2025,A,4.00 pts,2,,176,,Yes
7,10/16/24,2,S1,BUS301 / 12,PERSONAL FINANCE A,NICOLE SIMEK,12,2025,B+,3.21 pts,2,,176,,Yes
8,10/22/24,2,S1,BUS301 / 12,PERSONAL FINANCE A,NICOLE SIMEK,12,2025,A,4.00 pts,2,,176,,Yes
9,10/29/24,2,S1,BUS301 / 12,PERSONAL FINANCE A,NICOLE SIMEK,12,2025,A,3.98 pts,3.43,,176,,Yes
10,11/5/24,2,S1,BUS301 / 12,PERSONAL FINANCE A,NICOLE SIMEK,12,2025,A,3.98 pts,3.43,,176,,Yes
2,9/10/24,5,S1,ENG701 / 15,JUNIOR ENG/A,JOHN CARVER,11,2026,,,0.86,,177,,Yes
2,9/10/24,3,S1,MAT701 / 13,ALGEBRA II A,JENNIFER REILLY,11,2026,,,0.86,,177,,Yes
2,9/10/24,6,S1,SOC701 / 16,US HISTORY/A,SCOTT BOOTHBY,11,2026,C-,2.00 pts,0.71,,177,,Yes
3,9/17/24,3,S1,MAT701 / 13,ALGEBRA II A,JENNIFER REILLY,11,2026,C-,2.00 pts,2,,177,,Yes
3,9/17/24,5,S1,ENG701 / 15,JUNIOR ENG/A,JOHN CARVER,11,2026,A,3.90 pts,2.57,,177,,Yes
3,9/17/24,6,S1,SOC701 / 16,US HISTORY/A,SCOTT BOOTHBY,11,2026,D+,1.95 pts,2.57,,177,,Yes
4,9/24/24,3,S1,MAT701 / 13,ALGEBRA II A,JENNIFER REILLY,11,2026,C-,2.10 pts,2.43,,177,,Yes
4,9/24/24,5,S1,ENG701 / 15,JUNIOR ENG/A,JOHN CARVER,11,2026,C,2.36 pts,2.86,,177,,Yes
4,9/24/24,6,S1,SOC701 / 16,US HISTORY/A,SCOTT BOOTHBY,11,2026,C,2.45 pts,3,,177,,Yes
5,10/1/24,3,S1,MAT701 / 13,ALGEBRA II A,JENNIFER REILLY,11,2026,B,2.90 pts,3.29,,177,,Yes
5,10/1/24,5,S1,ENG701 / 15,JUNIOR ENG/A,JOHN CARVER,11,2026,C+,2.53 pts,3.71,,177,,Yes
5,10/1/24,6,S1,SOC701 / 16,US HISTORY/A,SCOTT BOOTHBY,11,2026,C,2.24 pts,3.86,,177,,Yes
6,10/8/24,3,S1,MAT701 / 13,ALGEBRA II A,JENNIFER REILLY,11,2026,C+,2.58 pts,4.29,,177,,Yes
6,10/8/24,5,S1,ENG701 / 15,JUNIOR ENG/A,JOHN CARVER,11,2026,C-,2.16 pts,4.71,,177,,Yes
6,10/8/24,6,S1,SOC701 / 16,US HISTORY/A,SCOTT BOOTHBY,11,2026,C,2.33 pts,4.86,,177,,Yes
7,10/16/24,3,S1,MAT701 / 13,ALGEBRA II A,JENNIFER REILLY,11,2026,C+,2.51 pts,6,,177,,Yes
7,10/16/24,5,S1,ENG701 / 15,JUNIOR ENG/A,JOHN CARVER,11,2026,C-,2.03 pts,5.71,,177,,Yes
7,10/16/24,6,S1,SOC701 / 16,US HISTORY/A,SCOTT BOOTHBY,11,2026,C+,2.63 pts,6.57,,177,,Yes
8,10/22/24,3,S1,MAT701 / 13,ALGEBRA II A,JENNIFER REILLY,11,2026,D,1.75 pts,6.14,,177,,Yes
8,10/22/24,5,S1,ENG701 / 15,JUNIOR ENG/A,JOHN CARVER,11,2026,D+,1.94 pts,5.86,,177,,Yes
8,10/22/24,6,S1,SOC701 / 16,US HISTORY/A,SCOTT BOOTHBY,11,2026,C+,2.65 pts,6.57,,177,,Yes
9,10/29/24,3,S1,MAT701 / 13,ALGEBRA II A,JENNIFER REILLY,11,2026,F,1.32 pts,8.57,,177,,Yes
9,10/29/24,5,S1,ENG701 / 15,JUNIOR ENG/A,JOHN CARVER,11,2026,C-,2.17 pts,7.71,,177,,Yes
9,10/29/24,6,S1,SOC701 / 16,US HISTORY/A,SCOTT BOOTHBY,11,2026,C,2.36 pts,8.57,,177,,Yes
10,11/5/24,3,S1,MAT701 / 13,ALGEBRA II A,JENNIFER REILLY,11,2026,F,1.32 pts,8.57,,177,,Yes
10,11/5/24,5,S1,ENG701 / 15,JUNIOR ENG/A,JOHN CARVER,11,2026,C-,2.18 pts,8,,177,,Yes
10,11/5/24,6,S1,SOC701 / 16,US HISTORY/A,SCOTT BOOTHBY,11,2026,C,2.25 pts,9,,177,,Yes
2,9/10/24,6,S1,SCI601 / 36,BIOLOGY A,WILLIAM BAUR,12,2025,,,0,,178,,Yes
3,9/17/24,6,S1,SCI601 / 36,BIOLOGY A,WILLIAM BAUR,12,2025,A,4.00 pts,0,,178,,Yes
4,9/24/24,6,S1,SCI601 / 36,BIOLOGY A,WILLIAM BAUR,12,2025,A,4.00 pts,1,,178,,Yes
5,10/1/24,6,S1,SCI601 / 36,BIOLOGY A,WILLIAM BAUR,12,2025,A,4.00 pts,2,,178,,Yes
6,10/8/24,6,S1,SCI601 / 36,BIOLOGY A,WILLIAM BAUR,12,2025,A,3.67 pts,4,,178,,Yes
7,10/16/24,6,S1,SCI601 / 36,BIOLOGY A,WILLIAM BAUR,12,2025,F,0.18 pts,5,,178,,Yes
8,10/22/24,6,S1,SCI601 / 36,BIOLOGY A,WILLIAM BAUR,12,2025,F,0.18 pts,5,,178,,Yes
9,10/29/24,6,S1,SCI601 / 36,BIOLOGY A,WILLIAM BAUR,12,2025,A,3.75 pts,7,,178,,Yes
10,11/5/24,6,S1,SCI601 / 36,BIOLOGY A,WILLIAM BAUR,12,2025,A,3.75 pts,9.33,,178,,Yes
2,9/10/24,1,S1,MAT522 / 11,GEOMETRY A,ROCHELLE AITON,10,2027,,,0,,179,,Yes
3,9/17/24,1,S1,MAT522 / 11,GEOMETRY A,ROCHELLE AITON,10,2027,F,1.05 pts,0,,179,,Yes
4,9/24/24,1,S1,MAT522 / 11,GEOMETRY A,ROCHELLE AITON,10,2027,C-,2.00 pts,0.14,,179,,Yes
5,10/1/24,1,S1,MAT522 / 11,GEOMETRY A,ROCHELLE AITON,10,2027,C-,2.00 pts,0.14,,179,,Yes
6,10/8/24,1,S1,MAT522 / 11,GEOMETRY A,ROCHELLE AITON,10,2027,F,1.50 pts,0.14,,179,,Yes
7,10/16/24,1,S1,MAT522 / 11,GEOMETRY A,ROCHELLE AITON,10,2027,F,1.50 pts,0.14,,179,,Yes
8,10/22/24,1,S1,MAT522 / 11,GEOMETRY A,ROCHELLE AITON,10,2027,F,1.50 pts,0.29,,179,,Yes
8,10/22/24,1,S1,MAT522 / 11,GEOMETRY A,NINETTE LILIENTHAL,10,2027,F,1.50 pts,0.29,,179,,Yes
9,10/29/24,1,S1,MAT522 / 11,GEOMETRY A,ROCHELLE AITON,10,2027,C-,2.00 pts,0.29,,179,,Yes
9,10/29/24,1,S1,MAT522 / 11,GEOMETRY A,NINETTE LILIENTHAL,10,2027,C-,2.00 pts,0.29,,179,,Yes
10,11/5/24,1,S1,MAT522 / 11,GEOMETRY A,ROCHELLE AITON,10,2027,C-,2.00 pts,0.29,,179,,Yes
10,11/5/24,1,S1,MAT522 / 11,GEOMETRY A,NINETTE LILIENTHAL,10,2027,C-,2.00 pts,0.29,,179,,Yes
2,9/10/24,2,S1,MAT701 / 12,ALGEBRA II A,JASON BLAESING,11,2026,,,3.67,,180,,Yes
3,9/17/24,2,S1,MAT701 / 12,ALGEBRA II A,JASON BLAESING,11,2026,F,0.00 pts,7.33,,180,,Yes
4,9/24/24,2,S1,MAT701 / 12,ALGEBRA II A,JASON BLAESING,11,2026,F,0.00 pts,9,,180,,Yes
5,10/1/24,2,S1,MAT701 / 12,ALGEBRA II A,JASON BLAESING,11,2026,F,0.00 pts,11.67,,180,,Yes
6,10/8/24,2,S1,MAT701 / 12,ALGEBRA II A,JASON BLAESING,11,2026,F,0.00 pts,13.67,,180,,Yes
7,10/16/24,2,S1,MAT701 / 12,ALGEBRA II A,JASON BLAESING,11,2026,F,0.00 pts,16.33,,180,,Yes
8,10/22/24,2,S1,MAT701 / 12,ALGEBRA II A,JASON BLAESING,11,2026,F,0.00 pts,18,,180,,Yes
9,10/29/24,2,S1,MAT701 / 12,ALGEBRA II A,JASON BLAESING,11,2026,F,0.00 pts,20,,180,,Yes
10,11/5/24,2,S1,MAT701 / 12,ALGEBRA II A,JASON BLAESING,11,2026,F,0.00 pts,22,,180,,Yes
2,9/10/24,6,S1,ENG501 / 16,FR ENGLISH/A,DAVID HOLLINGSWORTH,9,2028,A,4.00 pts,0,,181,,Yes
3,9/17/24,6,S1,ENG501 / 16,FR ENGLISH/A,DAVID HOLLINGSWORTH,9,2028,A,4.00 pts,0,,181,,Yes
4,9/24/24,6,S1,ENG501 / 16,FR ENGLISH/A,DAVID HOLLINGSWORTH,9,2028,A,4.00 pts,0,,181,,Yes
5,10/1/24,6,S1,ENG501 / 16,FR ENGLISH/A,DAVID HOLLINGSWORTH,9,2028,A,4.00 pts,0.57,,181,,Yes
6,10/8/24,6,S1,ENG501 / 16,FR ENGLISH/A,DAVID HOLLINGSWORTH,9,2028,A,4.00 pts,0.57,,181,,Yes
7,10/16/24,6,S1,ENG501 / 16,FR ENGLISH/A,DAVID HOLLINGSWORTH,9,2028,A,3.70 pts,0.57,,181,,Yes
8,10/22/24,6,S1,ENG501 / 16,FR ENGLISH/A,DAVID HOLLINGSWORTH,9,2028,A,3.84 pts,0.57,,181,,Yes
9,10/29/24,6,S1,ENG501 / 16,FR ENGLISH/A,DAVID HOLLINGSWORTH,9,2028,A,3.60 pts,0.57,,181,,Yes
10,11/5/24,6,S1,ENG501 / 16,FR ENGLISH/A,DAVID HOLLINGSWORTH,9,2028,A,3.68 pts,0.57,,181,,Yes
2,9/10/24,6,S1,SCI601 / 36,BIOLOGY A,WILLIAM BAUR,10,2027,,,3.86,,182,,Yes
3,9/17/24,6,S1,SCI601 / 36,BIOLOGY A,WILLIAM BAUR,10,2027,F,0.00 pts,7,,182,,Yes
4,9/24/24,6,S1,SCI601 / 36,BIOLOGY A,WILLIAM BAUR,10,2027,F,0.00 pts,11,,182,,Yes
5,10/1/24,6,S1,SCI601 / 36,BIOLOGY A,WILLIAM BAUR,10,2027,F,0.00 pts,14.86,,182,,Yes
6,10/8/24,6,S1,SCI601 / 36,BIOLOGY A,WILLIAM BAUR,10,2027,F,0.00 pts,19.29,,182,,Yes
7,10/16/24,6,S1,SCI601 / 36,BIOLOGY A,WILLIAM BAUR,10,2027,F,0.00 pts,22.86,,182,,Yes
8,10/22/24,6,S1,SCI601 / 36,BIOLOGY A,WILLIAM BAUR,10,2027,F,0.00 pts,27.29,,182,,Yes
2,9/10/24,6,S1,ENG501 / 16,FR ENGLISH/A,DAVID HOLLINGSWORTH,9,2028,A,4.00 pts,0.14,,183,,Yes
3,9/17/24,6,S1,ENG501 / 16,FR ENGLISH/A,DAVID HOLLINGSWORTH,9,2028,A,4.00 pts,0.14,,183,,Yes
4,9/24/24,6,S1,ENG501 / 16,FR ENGLISH/A,DAVID HOLLINGSWORTH,9,2028,A,4.00 pts,0.14,,183,,Yes
5,10/1/24,6,S1,ENG501 / 16,FR ENGLISH/A,DAVID HOLLINGSWORTH,9,2028,A,3.95 pts,0.14,,183,,Yes
6,10/8/24,6,S1,ENG501 / 16,FR ENGLISH/A,DAVID HOLLINGSWORTH,9,2028,A,3.92 pts,0.14,,183,,Yes
7,10/16/24,6,S1,ENG501 / 16,FR ENGLISH/A,DAVID HOLLINGSWORTH,9,2028,C+,2.54 pts,0.14,,183,,Yes
8,10/22/24,6,S1,ENG501 / 16,FR ENGLISH/A,DAVID HOLLINGSWORTH,9,2028,B+,3.37 pts,0.14,,183,,Yes
9,10/29/24,6,S1,ENG501 / 16,FR ENGLISH/A,DAVID HOLLINGSWORTH,9,2028,C,2.37 pts,0.14,,183,,Yes
10,11/5/24,6,S1,ENG501 / 16,FR ENGLISH/A,DAVID HOLLINGSWORTH,9,2028,C-,2.07 pts,0.14,,183,,Yes
2,9/10/24,1,S1,MAT522 / 11,GEOMETRY A,ROCHELLE AITON,10,2027,,,0,,184,,Yes
3,9/17/24,1,S1,MAT522 / 11,GEOMETRY A,ROCHELLE AITON,10,2027,C-,2.10 pts,0,,184,,Yes
3,9/17/24,4,S1,SCI601 / 14,BIOLOGY A,GRANT MERRILL,10,2027,B,3.15 pts,0,,184,,Yes
4,9/24/24,1,S1,MAT522 / 11,GEOMETRY A,ROCHELLE AITON,10,2027,A,4.00 pts,0,,184,,Yes
4,9/24/24,4,S1,SCI601 / 14,BIOLOGY A,GRANT MERRILL,10,2027,A,3.90 pts,0,,184,,Yes
5,10/1/24,1,S1,MAT522 / 11,GEOMETRY A,ROCHELLE AITON,10,2027,A,4.00 pts,0,,184,,Yes
5,10/1/24,4,S1,SCI601 / 14,BIOLOGY A,GRANT MERRILL,10,2027,A,3.91 pts,0,,184,,Yes
6,10/8/24,1,S1,MAT522 / 11,GEOMETRY A,ROCHELLE AITON,10,2027,A-,3.50 pts,0,,184,,Yes
6,10/8/24,4,S1,SCI601 / 14,BIOLOGY A,GRANT MERRILL,10,2027,A,3.90 pts,0,,184,,Yes
7,10/16/24,1,S1,MAT522 / 11,GEOMETRY A,ROCHELLE AITON,10,2027,A-,3.50 pts,0,,184,,Yes
7,10/16/24,4,S1,SCI601 / 14,BIOLOGY A,GRANT MERRILL,10,2027,A,3.89 pts,0,,184,,Yes
8,10/22/24,1,S1,MAT522 / 11,GEOMETRY A,ROCHELLE AITON,10,2027,A-,3.50 pts,0,,184,,Yes
8,10/22/24,1,S1,MAT522 / 11,GEOMETRY A,NINETTE LILIENTHAL,10,2027,A-,3.50 pts,0,,184,,Yes
8,10/22/24,4,S1,SCI601 / 14,BIOLOGY A,GRANT MERRILL,10,2027,C,2.40 pts,0,,184,,Yes
9,10/29/24,1,S1,MAT522 / 11,GEOMETRY A,ROCHELLE AITON,10,2027,A,3.65 pts,0,,184,,Yes
9,10/29/24,1,S1,MAT522 / 11,GEOMETRY A,NINETTE LILIENTHAL,10,2027,A,3.65 pts,0,,184,,Yes
9,10/29/24,4,S1,SCI601 / 14,BIOLOGY A,GRANT MERRILL,10,2027,B,2.94 pts,0,,184,,Yes
10,11/5/24,1,S1,MAT522 / 11,GEOMETRY A,ROCHELLE AITON,10,2027,A,3.65 pts,0,,184,,Yes
10,11/5/24,1,S1,MAT522 / 11,GEOMETRY A,NINETTE LILIENTHAL,10,2027,A,3.65 pts,0,,184,,Yes
10,11/5/24,4,S1,SCI601 / 14,BIOLOGY A,GRANT MERRILL,10,2027,B,2.95 pts,0,,184,,Yes
2,9/10/24,2,S1,BUS301 / 12,PERSONAL FINANCE A,NICOLE SIMEK,11,2026,,,0.29,,185,,Yes
3,9/17/24,2,S1,BUS301 / 12,PERSONAL FINANCE A,NICOLE SIMEK,11,2026,A,4.00 pts,0.29,,185,,Yes
3,9/17/24,4,S1,SOC701 / 14,US HISTORY/A,DAVE HAJEK,11,2026,A,3.90 pts,0.29,,185,,Yes
4,9/24/24,2,S1,BUS301 / 12,PERSONAL FINANCE A,NICOLE SIMEK,11,2026,A,4.00 pts,0.43,,185,,Yes
4,9/24/24,4,S1,SOC701 / 14,US HISTORY/A,DAVE HAJEK,11,2026,A,3.99 pts,0.29,,185,,Yes
5,10/1/24,2,S1,BUS301 / 12,PERSONAL FINANCE A,NICOLE SIMEK,11,2026,A,4.00 pts,2.43,,185,,Yes
5,10/1/24,4,S1,SOC701 / 14,US HISTORY/A,DAVE HAJEK,11,2026,A,3.97 pts,2.29,,185,,Yes
6,10/8/24,2,S1,BUS301 / 12,PERSONAL FINANCE A,NICOLE SIMEK,11,2026,A,3.99 pts,2.43,,185,,Yes
6,10/8/24,4,S1,SOC701 / 14,US HISTORY/A,DAVE HAJEK,11,2026,A,3.98 pts,2.29,,185,,Yes
7,10/16/24,2,S1,BUS301 / 12,PERSONAL FINANCE A,NICOLE SIMEK,11,2026,A,3.98 pts,2.43,,185,,Yes
7,10/16/24,4,S1,SOC701 / 14,US HISTORY/A,DAVE HAJEK,11,2026,A,3.95 pts,2.29,,185,,Yes
8,10/22/24,2,S1,BUS301 / 12,PERSONAL FINANCE A,NICOLE SIMEK,11,2026,A-,3.50 pts,2.43,,185,,Yes
8,10/22/24,4,S1,SOC701 / 14,US HISTORY/A,DAVE HAJEK,11,2026,A,3.97 pts,2.29,,185,,Yes
9,10/29/24,2,S1,BUS301 / 12,PERSONAL FINANCE A,NICOLE SIMEK,11,2026,A,3.67 pts,3.43,,185,,Yes
9,10/29/24,4,S1,SOC701 / 14,US HISTORY/A,DAVE HAJEK,11,2026,A,3.78 pts,3.29,,185,,Yes
10,11/5/24,2,S1,BUS301 / 12,PERSONAL FINANCE A,NICOLE SIMEK,11,2026,A,3.67 pts,3.43,,185,,Yes
10,11/5/24,4,S1,SOC701 / 14,US HISTORY/A,DAVE HAJEK,11,2026,A,3.78 pts,3.29,,185,,Yes
2,9/10/24,3,S1,MAT701 / 13,ALGEBRA II A,JENNIFER REILLY,10,2027,,,0,,186,,Yes
2,9/10/24,6,S1,SCI601 / 36,BIOLOGY A,WILLIAM BAUR,10,2027,,,0,,186,,Yes
3,9/17/24,3,S1,MAT701 / 13,ALGEBRA II A,JENNIFER REILLY,10,2027,A,4.00 pts,0,,186,,Yes
3,9/17/24,6,S1,SCI601 / 36,BIOLOGY A,WILLIAM BAUR,10,2027,A,4.00 pts,0,,186,,Yes
4,9/24/24,3,S1,MAT701 / 13,ALGEBRA II A,JENNIFER REILLY,10,2027,B,3.05 pts,0.86,,186,,Yes
4,9/24/24,6,S1,SCI601 / 36,BIOLOGY A,WILLIAM BAUR,10,2027,A,4.00 pts,0.86,,186,,Yes
5,10/1/24,3,S1,MAT701 / 13,ALGEBRA II A,JENNIFER REILLY,10,2027,A,4.00 pts,1.86,,186,,Yes
5,10/1/24,6,S1,SCI601 / 36,BIOLOGY A,WILLIAM BAUR,10,2027,A,4.00 pts,1.86,,186,,Yes
6,10/8/24,3,S1,MAT701 / 13,ALGEBRA II A,JENNIFER REILLY,10,2027,A,4.00 pts,1.86,,186,,Yes
6,10/8/24,6,S1,SCI601 / 36,BIOLOGY A,WILLIAM BAUR,10,2027,A,3.98 pts,1.86,,186,,Yes
7,10/16/24,3,S1,MAT701 / 13,ALGEBRA II A,JENNIFER REILLY,10,2027,A,3.93 pts,1.86,,186,,Yes
7,10/16/24,6,S1,SCI601 / 36,BIOLOGY A,WILLIAM BAUR,10,2027,A-,3.50 pts,1.86,,186,,Yes
8,10/22/24,3,S1,MAT701 / 13,ALGEBRA II A,JENNIFER REILLY,10,2027,A,4.00 pts,1.86,,186,,Yes
8,10/22/24,6,S1,SCI601 / 36,BIOLOGY A,WILLIAM BAUR,10,2027,A-,3.50 pts,1.86,,186,,Yes
9,10/29/24,3,S1,MAT701 / 13,ALGEBRA II A,JENNIFER REILLY,10,2027,A,3.97 pts,1.86,,186,,Yes
9,10/29/24,6,S1,SCI601 / 36,BIOLOGY A,WILLIAM BAUR,10,2027,A,3.75 pts,2.14,,186,,Yes
10,11/5/24,3,S1,MAT701 / 13,ALGEBRA II A,JENNIFER REILLY,10,2027,A,3.97 pts,2.71,,186,,Yes
10,11/5/24,6,S1,SCI601 / 36,BIOLOGY A,WILLIAM BAUR,10,2027,A,3.75 pts,3,,186,,Yes
2,9/10/24,6,S1,SOC701 / 16,US HISTORY/A,SCOTT BOOTHBY,11,2026,A,4.00 pts,0,,187,,Yes
3,9/17/24,6,S1,SOC701 / 16,US HISTORY/A,SCOTT BOOTHBY,11,2026,B,3.03 pts,0,,187,,Yes
4,9/24/24,6,S1,SOC701 / 16,US HISTORY/A,SCOTT BOOTHBY,11,2026,F,1.10 pts,2.86,,187,,Yes
5,10/1/24,6,S1,SOC701 / 16,US HISTORY/A,SCOTT BOOTHBY,11,2026,F,1.00 pts,7.43,,187,,Yes
6,10/8/24,6,S1,SOC701 / 16,US HISTORY/A,SCOTT BOOTHBY,11,2026,F,1.00 pts,10.57,,187,,Yes
7,10/16/24,6,S1,SOC701 / 16,US HISTORY/A,SCOTT BOOTHBY,11,2026,F,0.55 pts,14.29,,187,,Yes
8,10/22/24,6,S1,SOC701 / 16,US HISTORY/A,SCOTT BOOTHBY,11,2026,F,0.66 pts,15.14,,187,,Yes
9,10/29/24,6,S1,SOC701 / 16,US HISTORY/A,SCOTT BOOTHBY,11,2026,F,1.49 pts,19.29,,187,,Yes
10,11/5/24,6,S1,SOC701 / 16,US HISTORY/A,SCOTT BOOTHBY,11,2026,F,1.03 pts,20.43,,187,,Yes
2,9/10/24,6,S1,SCI601 / 36,BIOLOGY A,WILLIAM BAUR,12,2025,,,0,,188,,Yes
3,9/17/24,6,S1,SCI601 / 36,BIOLOGY A,WILLIAM BAUR,12,2025,B,3.00 pts,0.29,,188,,Yes
4,9/24/24,6,S1,SCI601 / 36,BIOLOGY A,WILLIAM BAUR,12,2025,B,3.00 pts,0.29,,188,,Yes
5,10/1/24,6,S1,SCI601 / 36,BIOLOGY A,WILLIAM BAUR,12,2025,C-,2.00 pts,0.29,,188,,Yes
6,10/8/24,6,S1,SCI601 / 36,BIOLOGY A,WILLIAM BAUR,12,2025,C-,2.02 pts,0.29,,188,,Yes
7,10/16/24,6,S1,SCI601 / 36,BIOLOGY A,WILLIAM BAUR,12,2025,C-,2.01 pts,0.29,,188,,Yes
8,10/22/24,6,S1,SCI601 / 36,BIOLOGY A,WILLIAM BAUR,12,2025,C-,2.01 pts,0.29,,188,,Yes
9,10/29/24,6,S1,SCI601 / 36,BIOLOGY A,WILLIAM BAUR,12,2025,B-,2.74 pts,0.29,,188,,Yes
10,11/5/24,6,S1,SCI601 / 36,BIOLOGY A,WILLIAM BAUR,12,2025,B-,2.74 pts,0.71,,188,,Yes
2,9/10/24,6,S1,ENG501 / 16,FR ENGLISH/A,DAVID HOLLINGSWORTH,9,2028,A,4.00 pts,0,,189,,Yes
3,9/17/24,6,S1,ENG501 / 16,FR ENGLISH/A,DAVID HOLLINGSWORTH,9,2028,A,4.00 pts,0,,189,,Yes
4,9/24/24,6,S1,ENG501 / 16,FR ENGLISH/A,DAVID HOLLINGSWORTH,9,2028,A,3.97 pts,0,,189,,Yes
5,10/1/24,6,S1,ENG501 / 16,FR ENGLISH/A,DAVID HOLLINGSWORTH,9,2028,A,3.98 pts,0,,189,,Yes
6,10/8/24,6,S1,ENG501 / 16,FR ENGLISH/A,DAVID HOLLINGSWORTH,9,2028,A,3.94 pts,0,,189,,Yes
7,10/16/24,6,S1,ENG501 / 16,FR ENGLISH/A,DAVID HOLLINGSWORTH,9,2028,A,3.95 pts,0,,189,,Yes
8,10/22/24,6,S1,ENG501 / 16,FR ENGLISH/A,DAVID HOLLINGSWORTH,9,2028,A-,3.52 pts,0,,189,,Yes
9,10/29/24,6,S1,ENG501 / 16,FR ENGLISH/A,DAVID HOLLINGSWORTH,9,2028,B-,2.81 pts,0,,189,,Yes
10,11/5/24,6,S1,ENG501 / 16,FR ENGLISH/A,DAVID HOLLINGSWORTH,9,2028,A-,3.52 pts,0,,189,,Yes
2,9/10/24,5,S1,MAT522 / 15,GEOMETRY A,BRIAN ANDERSON,10,2027,,,0,,190,,Yes
2,9/10/24,6,S1,SCI601 / 16,BIOLOGY A,GRANT MERRILL,10,2027,,,0,,190,,Yes
3,9/17/24,5,S1,MAT522 / 15,GEOMETRY A,BRIAN ANDERSON,10,2027,C+,2.67 pts,2,,190,,Yes
3,9/17/24,6,S1,SCI601 / 16,BIOLOGY A,GRANT MERRILL,10,2027,F,1.41 pts,2,,190,,Yes
4,9/24/24,5,S1,MAT522 / 15,GEOMETRY A,BRIAN ANDERSON,10,2027,B,2.94 pts,2,,190,,Yes
4,9/24/24,6,S1,SCI601 / 16,BIOLOGY A,GRANT MERRILL,10,2027,F,1.02 pts,2,,190,,Yes
5,10/1/24,5,S1,MAT522 / 15,GEOMETRY A,BRIAN ANDERSON,10,2027,B,3.00 pts,2,,190,,Yes
5,10/1/24,6,S1,SCI601 / 16,BIOLOGY A,GRANT MERRILL,10,2027,B-,2.79 pts,2,,190,,Yes
6,10/8/24,5,S1,MAT522 / 15,GEOMETRY A,BRIAN ANDERSON,10,2027,C+,2.56 pts,3,,190,,Yes
6,10/8/24,6,S1,SCI601 / 16,BIOLOGY A,GRANT MERRILL,10,2027,B-,2.82 pts,3,,190,,Yes
7,10/16/24,5,S1,MAT522 / 15,GEOMETRY A,BRIAN ANDERSON,10,2027,B,3.01 pts,3.43,,190,,Yes
7,10/16/24,6,S1,SCI601 / 16,BIOLOGY A,GRANT MERRILL,10,2027,B-,2.81 pts,3.43,,190,,Yes
8,10/22/24,5,S1,MAT522 / 15,GEOMETRY A,BRIAN ANDERSON,10,2027,C+,2.54 pts,5.43,,190,,Yes
8,10/22/24,6,S1,SCI601 / 16,BIOLOGY A,GRANT MERRILL,10,2027,D+,1.84 pts,5.43,,190,,Yes
9,10/29/24,5,S1,MAT522 / 15,GEOMETRY A,BRIAN ANDERSON,10,2027,C+,2.54 pts,5.43,,190,,Yes
9,10/29/24,6,S1,SCI601 / 16,BIOLOGY A,GRANT MERRILL,10,2027,C+,2.50 pts,5.43,,190,,Yes
10,11/5/24,5,S1,MAT522 / 15,GEOMETRY A,BRIAN ANDERSON,10,2027,C-,2.05 pts,5.43,,190,,Yes
10,11/5/24,6,S1,SCI601 / 16,BIOLOGY A,GRANT MERRILL,10,2027,C+,2.50 pts,5.43,,190,,Yes
2,9/10/24,3,S1,MAT701 / 13,ALGEBRA II A,JENNIFER REILLY,11,2026,,,0,,191,,Yes
3,9/17/24,3,S1,MAT701 / 13,ALGEBRA II A,JENNIFER REILLY,11,2026,A,4.00 pts,0,,191,,Yes
4,9/24/24,3,S1,MAT701 / 13,ALGEBRA II A,JENNIFER REILLY,11,2026,A,4.00 pts,1,,191,,Yes
5,10/1/24,3,S1,MAT701 / 13,ALGEBRA II A,JENNIFER REILLY,11,2026,A,4.00 pts,1.67,,191,,Yes
6,10/8/24,3,S1,MAT701 / 13,ALGEBRA II A,JENNIFER REILLY,11,2026,A-,3.53 pts,2.67,,191,,Yes
7,10/16/24,3,S1,MAT701 / 13,ALGEBRA II A,JENNIFER REILLY,11,2026,A-,3.47 pts,3.33,,191,,Yes
8,10/22/24,3,S1,MAT701 / 13,ALGEBRA II A,JENNIFER REILLY,11,2026,A-,3.58 pts,4.67,,191,,Yes
9,10/29/24,3,S1,MAT701 / 13,ALGEBRA II A,JENNIFER REILLY,11,2026,A,3.98 pts,5.33,,191,,Yes
10,11/5/24,3,S1,MAT701 / 13,ALGEBRA II A,JENNIFER REILLY,11,2026,A,3.98 pts,5.33,,191,,Yes
2,9/10/24,3,S1,MAT522 / 13,GEOMETRY A,ROCHELLE AITON,9,2028,,,0,,192,,Yes
3,9/17/24,3,S1,MAT522 / 13,GEOMETRY A,ROCHELLE AITON,9,2028,C-,2.10 pts,0,,192,,Yes
4,9/24/24,3,S1,MAT522 / 13,GEOMETRY A,ROCHELLE AITON,9,2028,A,4.00 pts,0,,192,,Yes
5,10/1/24,3,S1,MAT522 / 13,GEOMETRY A,ROCHELLE AITON,9,2028,A,4.00 pts,0,,192,,Yes
6,10/8/24,3,S1,MAT522 / 13,GEOMETRY A,ROCHELLE AITON,9,2028,A,4.00 pts,0,,192,,Yes
7,10/16/24,3,S1,MAT522 / 13,GEOMETRY A,ROCHELLE AITON,9,2028,A,4.00 pts,0,,192,,Yes
8,10/22/24,3,S1,MAT522 / 13,GEOMETRY A,ROCHELLE AITON,9,2028,A,4.00 pts,0,,192,,Yes
8,10/22/24,3,S1,MAT522 / 13,GEOMETRY A,NINETTE LILIENTHAL,9,2028,A,4.00 pts,0,,192,,Yes
9,10/29/24,3,S1,MAT522 / 13,GEOMETRY A,ROCHELLE AITON,9,2028,A,4.00 pts,0,,192,,Yes
9,10/29/24,3,S1,MAT522 / 13,GEOMETRY A,NINETTE LILIENTHAL,9,2028,A,4.00 pts,0,,192,,Yes
10,11/5/24,3,S1,MAT522 / 13,GEOMETRY A,ROCHELLE AITON,9,2028,A,4.00 pts,0,,192,,Yes
10,11/5/24,3,S1,MAT522 / 13,GEOMETRY A,NINETTE LILIENTHAL,9,2028,A,4.00 pts,0,,192,,Yes
2,9/10/24,5,S1,ENG601 / 15,SOPH ENG/A,MARCEE SALAS,10,2027,A,4.00 pts,0,,193,,Yes
2,9/10/24,1,S1,MAT522 / 11,GEOMETRY A,ROCHELLE AITON,10,2027,,,0,,193,,Yes
3,9/17/24,1,S1,MAT522 / 11,GEOMETRY A,ROCHELLE AITON,10,2027,F,1.10 pts,0,,193,,Yes
3,9/17/24,5,S1,ENG601 / 15,SOPH ENG/A,MARCEE SALAS,10,2027,A,4.00 pts,0,,193,,Yes
4,9/24/24,1,S1,MAT522 / 11,GEOMETRY A,ROCHELLE AITON,10,2027,C-,2.05 pts,5,,193,,Yes
4,9/24/24,5,S1,ENG601 / 15,SOPH ENG/A,MARCEE SALAS,10,2027,B-,2.75 pts,5,,193,,Yes
5,10/1/24,1,S1,MAT522 / 11,GEOMETRY A,ROCHELLE AITON,10,2027,C-,2.05 pts,5,,193,,Yes
5,10/1/24,5,S1,ENG601 / 15,SOPH ENG/A,MARCEE SALAS,10,2027,B,3.16 pts,5,,193,,Yes
6,10/8/24,1,S1,MAT522 / 11,GEOMETRY A,ROCHELLE AITON,10,2027,F,1.50 pts,5,,193,,Yes
6,10/8/24,5,S1,ENG601 / 15,SOPH ENG/A,MARCEE SALAS,10,2027,C,2.35 pts,5,,193,,Yes
7,10/16/24,1,S1,MAT522 / 11,GEOMETRY A,ROCHELLE AITON,10,2027,F,1.50 pts,5,,193,,Yes
7,10/16/24,5,S1,ENG601 / 15,SOPH ENG/A,MARCEE SALAS,10,2027,B,3.16 pts,5,,193,,Yes
8,10/22/24,1,S1,MAT522 / 11,GEOMETRY A,ROCHELLE AITON,10,2027,F,1.50 pts,5.14,,193,,Yes
8,10/22/24,1,S1,MAT522 / 11,GEOMETRY A,NINETTE LILIENTHAL,10,2027,F,1.50 pts,5.14,,193,,Yes
8,10/22/24,5,S1,ENG601 / 15,SOPH ENG/A,MARCEE SALAS,10,2027,C,2.37 pts,5.14,,193,,Yes
9,10/29/24,1,S1,MAT522 / 11,GEOMETRY A,ROCHELLE AITON,10,2027,D+,1.98 pts,5.14,,193,,Yes
9,10/29/24,1,S1,MAT522 / 11,GEOMETRY A,NINETTE LILIENTHAL,10,2027,D+,1.98 pts,5.14,,193,,Yes
9,10/29/24,5,S1,ENG601 / 15,SOPH ENG/A,MARCEE SALAS,10,2027,C+,2.60 pts,5.14,,193,,Yes
10,11/5/24,1,S1,MAT522 / 11,GEOMETRY A,ROCHELLE AITON,10,2027,D+,1.98 pts,6,,193,,Yes
10,11/5/24,1,S1,MAT522 / 11,GEOMETRY A,NINETTE LILIENTHAL,10,2027,D+,1.98 pts,6,,193,,Yes
10,11/5/24,5,S1,ENG601 / 15,SOPH ENG/A,MARCEE SALAS,10,2027,F,1.64 pts,6,,193,,Yes
2,9/10/24,5,S1,MAT522 / 15,GEOMETRY A,BRIAN ANDERSON,10,2027,,,0.14,,194,,Yes
3,9/17/24,5,S1,MAT522 / 15,GEOMETRY A,BRIAN ANDERSON,10,2027,F,1.33 pts,2.71,,194,,Yes
4,9/24/24,5,S1,MAT522 / 15,GEOMETRY A,BRIAN ANDERSON,10,2027,F,0.98 pts,2.71,,194,,Yes
5,10/1/24,5,S1,MAT522 / 15,GEOMETRY A,BRIAN ANDERSON,10,2027,F,0.98 pts,2.71,,194,,Yes
6,10/8/24,5,S1,MAT522 / 15,GEOMETRY A,BRIAN ANDERSON,10,2027,F,0.50 pts,2.71,,194,,Yes
7,10/16/24,5,S1,MAT522 / 15,GEOMETRY A,BRIAN ANDERSON,10,2027,F,0.50 pts,2.71,,194,,Yes
8,10/22/24,5,S1,MAT522 / 15,GEOMETRY A,BRIAN ANDERSON,10,2027,F,0.50 pts,3,,194,,Yes
9,10/29/24,5,S1,MAT522 / 15,GEOMETRY A,BRIAN ANDERSON,10,2027,F,0.50 pts,3.14,,194,,Yes
10,11/5/24,5,S1,MAT522 / 15,GEOMETRY A,BRIAN ANDERSON,10,2027,F,0.34 pts,3.14,,194,,Yes
2,9/10/24,2,S1,BUS301 / 12,PERSONAL FINANCE A,NICOLE SIMEK,12,2025,,,0.14,,195,,Yes
3,9/17/24,2,S1,BUS301 / 12,PERSONAL FINANCE A,NICOLE SIMEK,12,2025,A,3.92 pts,1,,195,,Yes
4,9/24/24,2,S1,BUS301 / 12,PERSONAL FINANCE A,NICOLE SIMEK,12,2025,A-,3.59 pts,1.29,,195,,Yes
5,10/1/24,2,S1,BUS301 / 12,PERSONAL FINANCE A,NICOLE SIMEK,12,2025,A,4.00 pts,1.57,,195,,Yes
6,10/8/24,2,S1,BUS301 / 12,PERSONAL FINANCE A,NICOLE SIMEK,12,2025,A-,3.49 pts,2,,195,,Yes
7,10/16/24,2,S1,BUS301 / 12,PERSONAL FINANCE A,NICOLE SIMEK,12,2025,B-,2.79 pts,2,,195,,Yes
8,10/22/24,2,S1,BUS301 / 12,PERSONAL FINANCE A,NICOLE SIMEK,12,2025,F,1.43 pts,3,,195,,Yes
9,10/29/24,2,S1,BUS301 / 12,PERSONAL FINANCE A,NICOLE SIMEK,12,2025,F,1.42 pts,3.43,,195,,Yes
10,11/5/24,2,S1,BUS301 / 12,PERSONAL FINANCE A,NICOLE SIMEK,12,2025,B-,2.85 pts,3.86,,195,,Yes
2,9/10/24,6,S1,ENG501 / 16,FR ENGLISH/A,DAVID HOLLINGSWORTH,9,2028,,,0,,196,,Yes
3,9/17/24,6,S1,ENG501 / 16,FR ENGLISH/A,DAVID HOLLINGSWORTH,9,2028,A,3.80 pts,0,,196,,Yes
4,9/24/24,6,S1,ENG501 / 16,FR ENGLISH/A,DAVID HOLLINGSWORTH,9,2028,A,3.93 pts,0.14,,196,,Yes
5,10/1/24,6,S1,ENG501 / 16,FR ENGLISH/A,DAVID HOLLINGSWORTH,9,2028,A-,3.43 pts,0.14,,196,,Yes
6,10/8/24,6,S1,ENG501 / 16,FR ENGLISH/A,DAVID HOLLINGSWORTH,9,2028,A-,3.41 pts,0.14,,196,,Yes
7,10/16/24,6,S1,ENG501 / 16,FR ENGLISH/A,DAVID HOLLINGSWORTH,9,2028,B-,2.70 pts,0.14,,196,,Yes
8,10/22/24,6,S1,ENG501 / 16,FR ENGLISH/A,DAVID HOLLINGSWORTH,9,2028,B-,2.71 pts,0.14,,196,,Yes
9,10/29/24,6,S1,ENG501 / 16,FR ENGLISH/A,DAVID HOLLINGSWORTH,9,2028,F,1.37 pts,0.14,,196,,Yes
10,11/5/24,6,S1,ENG501 / 16,FR ENGLISH/A,DAVID HOLLINGSWORTH,9,2028,C,2.31 pts,0.14,,196,,Yes
2,9/10/24,2,S1,SCI609 / 12,CHEMISTRY/A,GRANT MERRILL,12,2025,A,4.00 pts,0,,197,,Yes
3,9/17/24,2,S1,SCI609 / 12,CHEMISTRY/A,GRANT MERRILL,12,2025,F,1.05 pts,0,,197,,Yes
4,9/24/24,2,S1,SCI609 / 12,CHEMISTRY/A,GRANT MERRILL,12,2025,,1.04 pts,0,,197,,Yes
5,10/1/24,2,S1,SCI609 / 12,CHEMISTRY/A,GRANT MERRILL,12,2025,,1.04 pts,0,,197,,Yes
6,10/8/24,2,S1,SCI609 / 12,CHEMISTRY/A,GRANT MERRILL,12,2025,,1.04 pts,0,,197,,Yes
7,10/16/24,2,S1,SCI609 / 12,CHEMISTRY/A,GRANT MERRILL,12,2025,,1.04 pts,0,,197,,Yes
8,10/22/24,2,S1,SCI609 / 12,CHEMISTRY/A,GRANT MERRILL,12,2025,,1.04 pts,0,,197,,Yes
9,10/29/24,2,S1,SCI609 / 12,CHEMISTRY/A,GRANT MERRILL,12,2025,,1.04 pts,0,,197,,Yes
10,11/5/24,2,S1,SCI609 / 12,CHEMISTRY/A,GRANT MERRILL,12,2025,,1.04 pts,0,,197,,Yes
2,9/10/24,5,S1,MAT522 / 15,GEOMETRY A,BRIAN ANDERSON,10,2027,,,0,,198,,Yes
3,9/17/24,4,S1,SCI601 / 14,BIOLOGY A,GRANT MERRILL,10,2027,F,1.14 pts,0.29,,198,,Yes
3,9/17/24,5,S1,MAT522 / 15,GEOMETRY A,BRIAN ANDERSON,10,2027,C,2.33 pts,0.29,,198,,Yes
4,9/24/24,4,S1,SCI601 / 14,BIOLOGY A,GRANT MERRILL,10,2027,C-,2.02 pts,0.86,,198,,Yes
4,9/24/24,5,S1,MAT522 / 15,GEOMETRY A,BRIAN ANDERSON,10,2027,D+,1.98 pts,0.86,,198,,Yes
5,10/1/24,4,S1,SCI601 / 14,BIOLOGY A,GRANT MERRILL,10,2027,C-,2.01 pts,1.43,,198,,Yes
5,10/1/24,5,S1,MAT522 / 15,GEOMETRY A,BRIAN ANDERSON,10,2027,D+,1.88 pts,1.43,,198,,Yes
6,10/8/24,4,S1,SCI601 / 14,BIOLOGY A,GRANT MERRILL,10,2027,C-,2.00 pts,2.14,,198,,Yes
6,10/8/24,5,S1,MAT522 / 15,GEOMETRY A,BRIAN ANDERSON,10,2027,F,1.46 pts,1.43,,198,,Yes
7,10/16/24,4,S1,SCI601 / 14,BIOLOGY A,GRANT MERRILL,10,2027,C-,2.00 pts,2.57,,198,,Yes
7,10/16/24,5,S1,MAT522 / 15,GEOMETRY A,BRIAN ANDERSON,10,2027,C,2.41 pts,2.43,,198,,Yes
8,10/22/24,4,S1,SCI601 / 14,BIOLOGY A,GRANT MERRILL,10,2027,D,1.75 pts,3.29,,198,,Yes
8,10/22/24,5,S1,MAT522 / 15,GEOMETRY A,BRIAN ANDERSON,10,2027,D,1.70 pts,3,,198,,Yes
9,10/29/24,4,S1,SCI601 / 14,BIOLOGY A,GRANT MERRILL,10,2027,D,1.71 pts,4.29,,198,,Yes
9,10/29/24,5,S1,MAT522 / 15,GEOMETRY A,BRIAN ANDERSON,10,2027,D,1.74 pts,4,,198,,Yes
10,11/5/24,4,S1,SCI601 / 14,BIOLOGY A,GRANT MERRILL,10,2027,D,1.71 pts,4.29,,198,,Yes
10,11/5/24,5,S1,MAT522 / 15,GEOMETRY A,BRIAN ANDERSON,10,2027,F,1.51 pts,4,,198,,Yes
2,9/10/24,5,S1,MAT522 / 15,GEOMETRY A,BRIAN ANDERSON,10,2027,,,0,,199,,Yes
3,9/17/24,5,S1,MAT522 / 15,GEOMETRY A,BRIAN ANDERSON,10,2027,A,4.00 pts,0,,199,,Yes
4,9/24/24,5,S1,MAT522 / 15,GEOMETRY A,BRIAN ANDERSON,10,2027,A,3.99 pts,0,,199,,Yes
5,10/1/24,5,S1,MAT522 / 15,GEOMETRY A,BRIAN ANDERSON,10,2027,A,3.80 pts,0,,199,,Yes
6,10/8/24,5,S1,MAT522 / 15,GEOMETRY A,BRIAN ANDERSON,10,2027,A-,3.51 pts,0,,199,,Yes
7,10/16/24,5,S1,MAT522 / 15,GEOMETRY A,BRIAN ANDERSON,10,2027,A-,3.50 pts,0,,199,,Yes
8,10/22/24,5,S1,MAT522 / 15,GEOMETRY A,BRIAN ANDERSON,10,2027,A-,3.50 pts,0,,199,,Yes
9,10/29/24,5,S1,MAT522 / 15,GEOMETRY A,BRIAN ANDERSON,10,2027,A,3.73 pts,0,,199,,Yes
10,11/5/24,5,S1,MAT522 / 15,GEOMETRY A,BRIAN ANDERSON,10,2027,A,3.81 pts,0,,199,,Yes
2,9/10/24,3,S1,BUS301 / 13,PERSONAL FINANCE A,NICOLE SIMEK,12,2025,,,0,,200,,Yes
3,9/17/24,3,S1,BUS301 / 13,PERSONAL FINANCE A,NICOLE SIMEK,12,2025,A,4.00 pts,0,,200,,Yes
4,9/24/24,3,S1,BUS301 / 13,PERSONAL FINANCE A,NICOLE SIMEK,12,2025,B+,3.37 pts,0,,200,,Yes
5,10/1/24,3,S1,BUS301 / 13,PERSONAL FINANCE A,NICOLE SIMEK,12,2025,B+,3.37 pts,0,,200,,Yes
6,10/8/24,3,S1,BUS301 / 13,PERSONAL FINANCE A,NICOLE SIMEK,12,2025,B+,3.28 pts,0,,200,,Yes
7,10/16/24,3,S1,BUS301 / 13,PERSONAL FINANCE A,NICOLE SIMEK,12,2025,A-,3.42 pts,0,,200,,Yes
8,10/22/24,3,S1,BUS301 / 13,PERSONAL FINANCE A,NICOLE SIMEK,12,2025,A,3.70 pts,0,,200,,Yes
9,10/29/24,3,S1,BUS301 / 13,PERSONAL FINANCE A,NICOLE SIMEK,12,2025,A,3.80 pts,0,,200,,Yes
10,11/5/24,3,S1,BUS301 / 13,PERSONAL FINANCE A,NICOLE SIMEK,12,2025,A,3.80 pts,0,,200,,Yes
2,9/10/24,2,S1,BUS301 / 12,PERSONAL FINANCE A,NICOLE SIMEK,12,2025,,,0.86,,201,,Yes
3,9/17/24,2,S1,BUS301 / 12,PERSONAL FINANCE A,NICOLE SIMEK,12,2025,A,3.96 pts,0.86,,201,,Yes
4,9/24/24,2,S1,BUS301 / 12,PERSONAL FINANCE A,NICOLE SIMEK,12,2025,C-,2.04 pts,1.86,,201,,Yes
5,10/1/24,2,S1,BUS301 / 12,PERSONAL FINANCE A,NICOLE SIMEK,12,2025,C-,2.04 pts,5.71,,201,,Yes
6,10/8/24,2,S1,BUS301 / 12,PERSONAL FINANCE A,NICOLE SIMEK,12,2025,D,1.79 pts,6.57,,201,,Yes
7,10/16/24,2,S1,BUS301 / 12,PERSONAL FINANCE A,NICOLE SIMEK,12,2025,F,1.46 pts,8.57,,201,,Yes
8,10/22/24,2,S1,BUS301 / 12,PERSONAL FINANCE A,NICOLE SIMEK,12,2025,C,2.21 pts,10.86,,201,,Yes
9,10/29/24,2,S1,BUS301 / 12,PERSONAL FINANCE A,NICOLE SIMEK,12,2025,B-,2.80 pts,11.71,,201,,Yes
10,11/5/24,2,S1,BUS301 / 12,PERSONAL FINANCE A,NICOLE SIMEK,12,2025,B-,2.80 pts,13,,201,,Yes
2,9/10/24,6,S1,SCI601 / 16,BIOLOGY A,GRANT MERRILL,10,2027,,,0,,202,,Yes
3,9/17/24,4,S1,MAT522 / 14,GEOMETRY A,ROCHELLE AITON,10,2027,,,0,,202,,Yes
3,9/17/24,6,S1,SCI601 / 16,BIOLOGY A,GRANT MERRILL,10,2027,A,3.61 pts,0,,202,,Yes
4,9/24/24,4,S1,MAT522 / 14,GEOMETRY A,ROCHELLE AITON,10,2027,A,3.85 pts,0,,202,,Yes
4,9/24/24,6,S1,SCI601 / 16,BIOLOGY A,GRANT MERRILL,10,2027,B,3.04 pts,0,,202,,Yes
5,10/1/24,4,S1,MAT522 / 14,GEOMETRY A,ROCHELLE AITON,10,2027,A,3.85 pts,0,,202,,Yes
5,10/1/24,6,S1,SCI601 / 16,BIOLOGY A,GRANT MERRILL,10,2027,B,3.03 pts,0,,202,,Yes
6,10/8/24,4,S1,MAT522 / 14,GEOMETRY A,ROCHELLE AITON,10,2027,B+,3.31 pts,0,,202,,Yes
6,10/8/24,6,S1,SCI601 / 16,BIOLOGY A,GRANT MERRILL,10,2027,B,3.02 pts,0,,202,,Yes
7,10/16/24,4,S1,MAT522 / 14,GEOMETRY A,ROCHELLE AITON,10,2027,B+,3.31 pts,0,,202,,Yes
7,10/16/24,6,S1,SCI601 / 16,BIOLOGY A,GRANT MERRILL,10,2027,B,3.01 pts,0,,202,,Yes
8,10/22/24,4,S1,MAT522 / 14,GEOMETRY A,ROCHELLE AITON,10,2027,B+,3.31 pts,0,,202,,Yes
8,10/22/24,4,S1,MAT522 / 14,GEOMETRY A,NINETTE LILIENTHAL,10,2027,B+,3.31 pts,0,,202,,Yes
8,10/22/24,6,S1,SCI601 / 16,BIOLOGY A,GRANT MERRILL,10,2027,C-,2.14 pts,0,,202,,Yes
9,10/29/24,4,S1,MAT522 / 14,GEOMETRY A,ROCHELLE AITON,10,2027,B+,3.22 pts,0,,202,,Yes
9,10/29/24,4,S1,MAT522 / 14,GEOMETRY A,NINETTE LILIENTHAL,10,2027,B+,3.22 pts,0,,202,,Yes
9,10/29/24,6,S1,SCI601 / 16,BIOLOGY A,GRANT MERRILL,10,2027,C-,2.10 pts,0,,202,,Yes
10,11/5/24,4,S1,MAT522 / 14,GEOMETRY A,ROCHELLE AITON,10,2027,B+,3.22 pts,0,,202,,Yes
10,11/5/24,4,S1,MAT522 / 14,GEOMETRY A,NINETTE LILIENTHAL,10,2027,B+,3.22 pts,0,,202,,Yes
10,11/5/24,6,S1,SCI601 / 16,BIOLOGY A,GRANT MERRILL,10,2027,C-,2.09 pts,0,,202,,Yes
2,9/10/24,5,S1,MAT522 / 15,GEOMETRY A,BRIAN ANDERSON,10,2027,,,0,,203,,Yes
3,9/17/24,5,S1,MAT522 / 15,GEOMETRY A,BRIAN ANDERSON,10,2027,A,4.00 pts,0.57,,203,,Yes
4,9/24/24,5,S1,MAT522 / 15,GEOMETRY A,BRIAN ANDERSON,10,2027,B,2.99 pts,1,,203,,Yes
5,10/1/24,5,S1,MAT522 / 15,GEOMETRY A,BRIAN ANDERSON,10,2027,B,2.99 pts,1,,203,,Yes
6,10/8/24,5,S1,MAT522 / 15,GEOMETRY A,BRIAN ANDERSON,10,2027,B,3.02 pts,1.43,,203,,Yes
7,10/16/24,5,S1,MAT522 / 15,GEOMETRY A,BRIAN ANDERSON,10,2027,B,2.99 pts,3.43,,203,,Yes
8,10/22/24,5,S1,MAT522 / 15,GEOMETRY A,BRIAN ANDERSON,10,2027,B-,2.77 pts,3.43,,203,,Yes
9,10/29/24,5,S1,MAT522 / 15,GEOMETRY A,BRIAN ANDERSON,10,2027,B,3.01 pts,3.43,,203,,Yes
10,11/5/24,5,S1,MAT522 / 15,GEOMETRY A,BRIAN ANDERSON,10,2027,B,3.02 pts,3.43,,203,,Yes
2,9/10/24,5,S1,ENG601 / 15,SOPH ENG/A,MARCEE SALAS,10,2027,A,4.00 pts,0,,204,,Yes
2,9/10/24,3,S1,MAT522 / 13,GEOMETRY A,ROCHELLE AITON,10,2027,,,0,,204,,Yes
2,9/10/24,6,S1,SCI601 / 16,BIOLOGY A,GRANT MERRILL,10,2027,,,0,,204,,Yes
3,9/17/24,3,S1,MAT522 / 13,GEOMETRY A,ROCHELLE AITON,10,2027,B,3.05 pts,0,,204,,Yes
3,9/17/24,5,S1,ENG601 / 15,SOPH ENG/A,MARCEE SALAS,10,2027,A,4.00 pts,0,,204,,Yes
3,9/17/24,6,S1,SCI601 / 16,BIOLOGY A,GRANT MERRILL,10,2027,F,1.13 pts,0,,204,,Yes
4,9/24/24,3,S1,MAT522 / 13,GEOMETRY A,ROCHELLE AITON,10,2027,A,4.00 pts,0,,204,,Yes
4,9/24/24,5,S1,ENG601 / 15,SOPH ENG/A,MARCEE SALAS,10,2027,C-,2.09 pts,0,,204,,Yes
4,9/24/24,6,S1,SCI601 / 16,BIOLOGY A,GRANT MERRILL,10,2027,B,2.93 pts,0,,204,,Yes
5,10/1/24,3,S1,MAT522 / 13,GEOMETRY A,ROCHELLE AITON,10,2027,A,4.00 pts,0,,204,,Yes
5,10/1/24,5,S1,ENG601 / 15,SOPH ENG/A,MARCEE SALAS,10,2027,C-,2.07 pts,0,,204,,Yes
5,10/1/24,6,S1,SCI601 / 16,BIOLOGY A,GRANT MERRILL,10,2027,B,2.94 pts,0,,204,,Yes
6,10/8/24,3,S1,MAT522 / 13,GEOMETRY A,ROCHELLE AITON,10,2027,B,3.05 pts,0,,204,,Yes
6,10/8/24,5,S1,ENG601 / 15,SOPH ENG/A,MARCEE SALAS,10,2027,C,2.31 pts,0,,204,,Yes
6,10/8/24,6,S1,SCI601 / 16,BIOLOGY A,GRANT MERRILL,10,2027,B,2.93 pts,0,,204,,Yes
7,10/16/24,3,S1,MAT522 / 13,GEOMETRY A,ROCHELLE AITON,10,2027,A,4.00 pts,0.57,,204,,Yes
7,10/16/24,5,S1,ENG601 / 15,SOPH ENG/A,MARCEE SALAS,10,2027,C,2.31 pts,0.57,,204,,Yes
7,10/16/24,6,S1,SCI601 / 16,BIOLOGY A,GRANT MERRILL,10,2027,B,2.91 pts,0.57,,204,,Yes
8,10/22/24,3,S1,MAT522 / 13,GEOMETRY A,ROCHELLE AITON,10,2027,A,4.00 pts,1,,204,,Yes
8,10/22/24,3,S1,MAT522 / 13,GEOMETRY A,NINETTE LILIENTHAL,10,2027,A,4.00 pts,1,,204,,Yes
8,10/22/24,5,S1,ENG601 / 15,SOPH ENG/A,MARCEE SALAS,10,2027,C-,2.11 pts,1,,204,,Yes
8,10/22/24,6,S1,SCI601 / 16,BIOLOGY A,GRANT MERRILL,10,2027,B,2.95 pts,1,,204,,Yes
9,10/29/24,3,S1,MAT522 / 13,GEOMETRY A,ROCHELLE AITON,10,2027,A,3.98 pts,1,,204,,Yes
9,10/29/24,3,S1,MAT522 / 13,GEOMETRY A,NINETTE LILIENTHAL,10,2027,A,3.98 pts,1,,204,,Yes
9,10/29/24,5,S1,ENG601 / 15,SOPH ENG/A,MARCEE SALAS,10,2027,C,2.32 pts,1,,204,,Yes
9,10/29/24,6,S1,SCI601 / 16,BIOLOGY A,GRANT MERRILL,10,2027,B,2.94 pts,1,,204,,Yes
10,11/5/24,3,S1,MAT522 / 13,GEOMETRY A,ROCHELLE AITON,10,2027,A,3.98 pts,1,,204,,Yes
10,11/5/24,3,S1,MAT522 / 13,GEOMETRY A,NINETTE LILIENTHAL,10,2027,A,3.98 pts,1,,204,,Yes
10,11/5/24,5,S1,ENG601 / 15,SOPH ENG/A,MARCEE SALAS,10,2027,C,2.39 pts,1,,204,,Yes
10,11/5/24,6,S1,SCI601 / 16,BIOLOGY A,GRANT MERRILL,10,2027,B,2.93 pts,1,,204,,Yes
2,9/10/24,2,S1,MAT522 / 12,GEOMETRY A,ROCHELLE AITON,10,2027,,,0,,205,,Yes
3,9/17/24,2,S1,MAT522 / 12,GEOMETRY A,ROCHELLE AITON,10,2027,F,0.00 pts,1.86,,205,,Yes
4,9/24/24,2,S1,MAT522 / 12,GEOMETRY A,ROCHELLE AITON,10,2027,B-,2.85 pts,2,,205,,Yes
5,10/1/24,2,S1,MAT522 / 12,GEOMETRY A,ROCHELLE AITON,10,2027,B-,2.85 pts,3,,205,,Yes
6,10/8/24,2,S1,MAT522 / 12,GEOMETRY A,ROCHELLE AITON,10,2027,D+,1.81 pts,4,,205,,Yes
7,10/16/24,2,S1,MAT522 / 12,GEOMETRY A,ROCHELLE AITON,10,2027,D+,1.81 pts,4,,205,,Yes
8,10/22/24,2,S1,MAT522 / 12,GEOMETRY A,ROCHELLE AITON,10,2027,D+,1.81 pts,4,,205,,Yes
8,10/22/24,2,S1,MAT522 / 12,GEOMETRY A,NINETTE LILIENTHAL,10,2027,D+,1.81 pts,4,,205,,Yes
9,10/29/24,2,S1,MAT522 / 12,GEOMETRY A,ROCHELLE AITON,10,2027,C,2.25 pts,4,,205,,Yes
9,10/29/24,2,S1,MAT522 / 12,GEOMETRY A,NINETTE LILIENTHAL,10,2027,C,2.25 pts,4,,205,,Yes
10,11/5/24,2,S1,MAT522 / 12,GEOMETRY A,ROCHELLE AITON,10,2027,C,2.25 pts,4.86,,205,,Yes
10,11/5/24,2,S1,MAT522 / 12,GEOMETRY A,NINETTE LILIENTHAL,10,2027,C,2.25 pts,4.86,,205,,Yes
2,9/10/24,2,S1,MAT522 / 12,GEOMETRY A,ROCHELLE AITON,10,2027,,,0,,206,,Yes
2,9/10/24,6,S1,SCI601 / 36,BIOLOGY A,WILLIAM BAUR,10,2027,,,0,,206,,Yes
3,9/17/24,2,S1,MAT522 / 12,GEOMETRY A,ROCHELLE AITON,10,2027,C-,2.05 pts,0,,206,,Yes
3,9/17/24,6,S1,SCI601 / 36,BIOLOGY A,WILLIAM BAUR,10,2027,A,4.00 pts,0,,206,,Yes
4,9/24/24,2,S1,MAT522 / 12,GEOMETRY A,ROCHELLE AITON,10,2027,A,3.95 pts,0,,206,,Yes
4,9/24/24,6,S1,SCI601 / 36,BIOLOGY A,WILLIAM BAUR,10,2027,A,4.00 pts,0,,206,,Yes
5,10/1/24,2,S1,MAT522 / 12,GEOMETRY A,ROCHELLE AITON,10,2027,A,3.95 pts,0,,206,,Yes
5,10/1/24,6,S1,SCI601 / 36,BIOLOGY A,WILLIAM BAUR,10,2027,A,4.00 pts,0,,206,,Yes
6,10/8/24,2,S1,MAT522 / 12,GEOMETRY A,ROCHELLE AITON,10,2027,C+,2.55 pts,0,,206,,Yes
6,10/8/24,6,S1,SCI601 / 36,BIOLOGY A,WILLIAM BAUR,10,2027,A,4.00 pts,0,,206,,Yes
7,10/16/24,2,S1,MAT522 / 12,GEOMETRY A,ROCHELLE AITON,10,2027,C+,2.55 pts,0,,206,,Yes
7,10/16/24,6,S1,SCI601 / 36,BIOLOGY A,WILLIAM BAUR,10,2027,C-,2.05 pts,0,,206,,Yes
8,10/22/24,2,S1,MAT522 / 12,GEOMETRY A,ROCHELLE AITON,10,2027,C+,2.55 pts,0,,206,,Yes
8,10/22/24,2,S1,MAT522 / 12,GEOMETRY A,NINETTE LILIENTHAL,10,2027,C+,2.55 pts,0,,206,,Yes
8,10/22/24,6,S1,SCI601 / 36,BIOLOGY A,WILLIAM BAUR,10,2027,C-,2.05 pts,0,,206,,Yes
9,10/29/24,2,S1,MAT522 / 12,GEOMETRY A,ROCHELLE AITON,10,2027,C,2.36 pts,0,,206,,Yes
9,10/29/24,2,S1,MAT522 / 12,GEOMETRY A,NINETTE LILIENTHAL,10,2027,C,2.36 pts,0,,206,,Yes
9,10/29/24,6,S1,SCI601 / 36,BIOLOGY A,WILLIAM BAUR,10,2027,C-,2.03 pts,0,,206,,Yes
10,11/5/24,2,S1,MAT522 / 12,GEOMETRY A,ROCHELLE AITON,10,2027,C,2.36 pts,0,,206,,Yes
10,11/5/24,2,S1,MAT522 / 12,GEOMETRY A,NINETTE LILIENTHAL,10,2027,C,2.36 pts,0,,206,,Yes
10,11/5/24,6,S1,SCI601 / 36,BIOLOGY A,WILLIAM BAUR,10,2027,C-,2.03 pts,0,,206,,Yes
2,9/10/24,3,S1,MAT701 / 13,ALGEBRA II A,JENNIFER REILLY,11,2026,,,1,,207,,Yes
3,9/17/24,3,S1,MAT701 / 13,ALGEBRA II A,JENNIFER REILLY,11,2026,A,4.00 pts,3,,207,,Yes
4,9/24/24,3,S1,MAT701 / 13,ALGEBRA II A,JENNIFER REILLY,11,2026,A,4.00 pts,3,,207,,Yes
5,10/1/24,3,S1,MAT701 / 13,ALGEBRA II A,JENNIFER REILLY,11,2026,A,4.00 pts,5,,207,,Yes
6,10/8/24,3,S1,MAT701 / 13,ALGEBRA II A,JENNIFER REILLY,11,2026,A,4.00 pts,5.14,,207,,Yes
7,10/16/24,3,S1,MAT701 / 13,ALGEBRA II A,JENNIFER REILLY,11,2026,A,3.93 pts,8.14,,207,,Yes
8,10/22/24,3,S1,MAT701 / 13,ALGEBRA II A,JENNIFER REILLY,11,2026,B+,3.31 pts,9.14,,207,,Yes
9,10/29/24,3,S1,MAT701 / 13,ALGEBRA II A,JENNIFER REILLY,11,2026,A-,3.43 pts,10.14,,207,,Yes
10,11/5/24,3,S1,MAT701 / 13,ALGEBRA II A,JENNIFER REILLY,11,2026,A-,3.43 pts,10.14,,207,,Yes
2,9/10/24,3,S1,MAT701 / 13,ALGEBRA II A,JENNIFER REILLY,11,2026,,,0,,208,,Yes
3,9/17/24,3,S1,MAT701 / 13,ALGEBRA II A,JENNIFER REILLY,11,2026,A,4.00 pts,0,,208,,Yes
4,9/24/24,3,S1,MAT701 / 13,ALGEBRA II A,JENNIFER REILLY,11,2026,B,3.05 pts,0,,208,,Yes
5,10/1/24,3,S1,MAT701 / 13,ALGEBRA II A,JENNIFER REILLY,11,2026,B,3.10 pts,0,,208,,Yes
6,10/8/24,3,S1,MAT701 / 13,ALGEBRA II A,JENNIFER REILLY,11,2026,A-,3.53 pts,0,,208,,Yes
7,10/16/24,3,S1,MAT701 / 13,ALGEBRA II A,JENNIFER REILLY,11,2026,A-,3.47 pts,2,,208,,Yes
8,10/22/24,3,S1,MAT701 / 13,ALGEBRA II A,JENNIFER REILLY,11,2026,B+,3.31 pts,2,,208,,Yes
9,10/29/24,3,S1,MAT701 / 13,ALGEBRA II A,JENNIFER REILLY,11,2026,A,3.67 pts,2,,208,,Yes
10,11/5/24,3,S1,MAT701 / 13,ALGEBRA II A,JENNIFER REILLY,11,2026,A,3.67 pts,2,,208,,Yes
2,9/10/24,3,S1,BUS301 / 13,PERSONAL FINANCE A,NICOLE SIMEK,11,2026,,,0,,209,,Yes
3,9/17/24,3,S1,BUS301 / 13,PERSONAL FINANCE A,NICOLE SIMEK,11,2026,F,0.00 pts,0,,209,,Yes
4,9/24/24,3,S1,BUS301 / 13,PERSONAL FINANCE A,NICOLE SIMEK,11,2026,F,0.15 pts,0.14,,209,,Yes
5,10/1/24,3,S1,BUS301 / 13,PERSONAL FINANCE A,NICOLE SIMEK,11,2026,F,0.14 pts,0.14,,209,,Yes
6,10/8/24,3,S1,BUS301 / 13,PERSONAL FINANCE A,NICOLE SIMEK,11,2026,F,0.46 pts,0.14,,209,,Yes
7,10/16/24,3,S1,BUS301 / 13,PERSONAL FINANCE A,NICOLE SIMEK,11,2026,F,0.36 pts,0.14,,209,,Yes
8,10/22/24,3,S1,BUS301 / 13,PERSONAL FINANCE A,NICOLE SIMEK,11,2026,F,0.19 pts,0.14,,209,,Yes
9,10/29/24,3,S1,BUS301 / 13,PERSONAL FINANCE A,NICOLE SIMEK,11,2026,F,1.46 pts,0.14,,209,,Yes
10,11/5/24,3,S1,BUS301 / 13,PERSONAL FINANCE A,NICOLE SIMEK,11,2026,F,1.46 pts,0.86,,209,,Yes
2,9/10/24,6,S1,SOC701 / 16,US HISTORY/A,SCOTT BOOTHBY,11,2026,B,3.00 pts,0,,210,,Yes
3,9/17/24,6,S1,SOC701 / 16,US HISTORY/A,SCOTT BOOTHBY,11,2026,B,3.03 pts,0,,210,,Yes
4,9/24/24,6,S1,SOC701 / 16,US HISTORY/A,SCOTT BOOTHBY,11,2026,A-,3.52 pts,0,,210,,Yes
5,10/1/24,6,S1,SOC701 / 16,US HISTORY/A,SCOTT BOOTHBY,11,2026,A-,3.57 pts,0.86,,210,,Yes
6,10/8/24,6,S1,SOC701 / 16,US HISTORY/A,SCOTT BOOTHBY,11,2026,A-,3.57 pts,1.86,,210,,Yes
7,10/16/24,6,S1,SOC701 / 16,US HISTORY/A,SCOTT BOOTHBY,11,2026,A,3.73 pts,2.86,,210,,Yes
8,10/22/24,6,S1,SOC701 / 16,US HISTORY/A,SCOTT BOOTHBY,11,2026,A,3.73 pts,2.86,,210,,Yes
9,10/29/24,6,S1,SOC701 / 16,US HISTORY/A,SCOTT BOOTHBY,11,2026,A,3.72 pts,2.86,,210,,Yes
10,11/5/24,6,S1,SOC701 / 16,US HISTORY/A,SCOTT BOOTHBY,11,2026,A,3.81 pts,2.86,,210,,Yes
2,9/10/24,3,S1,MAT522 / 13,GEOMETRY A,ROCHELLE AITON,9,2028,,,0,,211,,Yes
3,9/17/24,3,S1,MAT522 / 13,GEOMETRY A,ROCHELLE AITON,9,2028,D+,1.90 pts,0.43,,211,,Yes
4,9/24/24,3,S1,MAT522 / 13,GEOMETRY A,ROCHELLE AITON,9,2028,D+,1.90 pts,0.29,,211,,Yes
5,10/1/24,3,S1,MAT522 / 13,GEOMETRY A,ROCHELLE AITON,9,2028,D+,1.90 pts,0.29,,211,,Yes
6,10/8/24,3,S1,MAT522 / 13,GEOMETRY A,ROCHELLE AITON,9,2028,F,1.43 pts,0.29,,211,,Yes
7,10/16/24,3,S1,MAT522 / 13,GEOMETRY A,ROCHELLE AITON,9,2028,F,1.43 pts,0.29,,211,,Yes
8,10/22/24,3,S1,MAT522 / 13,GEOMETRY A,ROCHELLE AITON,9,2028,F,1.45 pts,0.29,,211,,Yes
8,10/22/24,3,S1,MAT522 / 13,GEOMETRY A,NINETTE LILIENTHAL,9,2028,F,1.45 pts,0.29,,211,,Yes
9,10/29/24,3,S1,MAT522 / 13,GEOMETRY A,ROCHELLE AITON,9,2028,F,1.62 pts,0.29,,211,,Yes
9,10/29/24,3,S1,MAT522 / 13,GEOMETRY A,NINETTE LILIENTHAL,9,2028,F,1.62 pts,0.29,,211,,Yes
10,11/5/24,3,S1,MAT522 / 13,GEOMETRY A,ROCHELLE AITON,9,2028,F,1.62 pts,0.29,,211,,Yes
10,11/5/24,3,S1,MAT522 / 13,GEOMETRY A,NINETTE LILIENTHAL,9,2028,F,1.62 pts,0.29,,211,,Yes
2,9/10/24,6,S1,ENG501 / 16,FR ENGLISH/A,DAVID HOLLINGSWORTH,9,2028,A,4.00 pts,0,,212,,Yes
3,9/17/24,6,S1,ENG501 / 16,FR ENGLISH/A,DAVID HOLLINGSWORTH,9,2028,A,4.00 pts,0.43,,212,,Yes
4,9/24/24,6,S1,ENG501 / 16,FR ENGLISH/A,DAVID HOLLINGSWORTH,9,2028,A,4.00 pts,1,,212,,Yes
5,10/1/24,6,S1,ENG501 / 16,FR ENGLISH/A,DAVID HOLLINGSWORTH,9,2028,B,3.05 pts,1,,212,,Yes
6,10/8/24,6,S1,ENG501 / 16,FR ENGLISH/A,DAVID HOLLINGSWORTH,9,2028,B,3.05 pts,3.29,,212,,Yes
7,10/16/24,6,S1,ENG501 / 16,FR ENGLISH/A,DAVID HOLLINGSWORTH,9,2028,C,2.49 pts,6.14,,212,,Yes
8,10/22/24,6,S1,ENG501 / 16,FR ENGLISH/A,DAVID HOLLINGSWORTH,9,2028,C,2.43 pts,8.71,,212,,Yes
9,10/29/24,6,S1,ENG501 / 16,FR ENGLISH/A,DAVID HOLLINGSWORTH,9,2028,C,2.41 pts,9.71,,212,,Yes
10,11/5/24,6,S1,ENG501 / 16,FR ENGLISH/A,DAVID HOLLINGSWORTH,9,2028,C+,2.51 pts,9.71,,212,,Yes
2,9/10/24,3,S1,BUS301 / 13,PERSONAL FINANCE A,NICOLE SIMEK,12,2025,,,0,,213,,Yes
3,9/17/24,3,S1,BUS301 / 13,PERSONAL FINANCE A,NICOLE SIMEK,12,2025,,4.00 pts,0,,213,,Yes
4,9/24/24,3,S1,BUS301 / 13,PERSONAL FINANCE A,NICOLE SIMEK,12,2025,,4.00 pts,0,,213,,Yes
5,10/1/24,3,S1,BUS301 / 13,PERSONAL FINANCE A,NICOLE SIMEK,12,2025,,4.00 pts,0,,213,,Yes
6,10/8/24,3,S1,BUS301 / 13,PERSONAL FINANCE A,NICOLE SIMEK,12,2025,,4.00 pts,0,,213,,Yes
7,10/16/24,3,S1,BUS301 / 13,PERSONAL FINANCE A,NICOLE SIMEK,12,2025,,4.00 pts,0,,213,,Yes
8,10/22/24,3,S1,BUS301 / 13,PERSONAL FINANCE A,NICOLE SIMEK,12,2025,,4.00 pts,0,,213,,Yes
9,10/29/24,3,S1,BUS301 / 13,PERSONAL FINANCE A,NICOLE SIMEK,12,2025,,4.00 pts,0,,213,,Yes
10,11/5/24,3,S1,BUS301 / 13,PERSONAL FINANCE A,NICOLE SIMEK,12,2025,,4.00 pts,0,,213,,Yes
2,9/10/24,5,S1,ENG701 / 15,JUNIOR ENG/A,JOHN CARVER,11,2026,,,1.29,,214,,Yes
2,9/10/24,3,S1,MAT522 / 13,GEOMETRY A,ROCHELLE AITON,11,2026,,,1.57,,214,,Yes
3,9/17/24,3,S1,MAT522 / 13,GEOMETRY A,ROCHELLE AITON,11,2026,F,0.95 pts,4,,214,,Yes
3,9/17/24,5,S1,ENG701 / 15,JUNIOR ENG/A,JOHN CARVER,11,2026,B,3.00 pts,4,,214,,Yes
4,9/24/24,3,S1,MAT522 / 13,GEOMETRY A,ROCHELLE AITON,11,2026,F,0.95 pts,4.71,,214,,Yes
4,9/24/24,5,S1,ENG701 / 15,JUNIOR ENG/A,JOHN CARVER,11,2026,C+,2.68 pts,4,,214,,Yes
5,10/1/24,3,S1,MAT522 / 13,GEOMETRY A,ROCHELLE AITON,11,2026,F,0.95 pts,4.71,,214,,Yes
5,10/1/24,5,S1,ENG701 / 15,JUNIOR ENG/A,JOHN CARVER,11,2026,B-,2.70 pts,4,,214,,Yes
6,10/8/24,3,S1,MAT522 / 13,GEOMETRY A,ROCHELLE AITON,11,2026,F,0.48 pts,7.86,,214,,Yes
6,10/8/24,5,S1,ENG701 / 15,JUNIOR ENG/A,JOHN CARVER,11,2026,C,2.29 pts,7.14,,214,,Yes
7,10/16/24,3,S1,MAT522 / 13,GEOMETRY A,ROCHELLE AITON,11,2026,F,0.50 pts,7.86,,214,,Yes
7,10/16/24,5,S1,ENG701 / 15,JUNIOR ENG/A,JOHN CARVER,11,2026,C,2.29 pts,7.14,,214,,Yes
8,10/22/24,3,S1,MAT522 / 13,GEOMETRY A,ROCHELLE AITON,11,2026,F,0.95 pts,7.86,,214,,Yes
8,10/22/24,3,S1,MAT522 / 13,GEOMETRY A,NINETTE LILIENTHAL,11,2026,F,0.95 pts,7.86,,214,,Yes
8,10/22/24,5,S1,ENG701 / 15,JUNIOR ENG/A,JOHN CARVER,11,2026,C,2.20 pts,7.57,,214,,Yes
9,10/29/24,3,S1,MAT522 / 13,GEOMETRY A,ROCHELLE AITON,11,2026,F,0.97 pts,8.57,,214,,Yes
9,10/29/24,3,S1,MAT522 / 13,GEOMETRY A,NINETTE LILIENTHAL,11,2026,F,0.97 pts,8.57,,214,,Yes
9,10/29/24,5,S1,ENG701 / 15,JUNIOR ENG/A,JOHN CARVER,11,2026,C-,2.08 pts,8.29,,214,,Yes
10,11/5/24,3,S1,MAT522 / 13,GEOMETRY A,ROCHELLE AITON,11,2026,F,0.97 pts,8.57,,214,,Yes
10,11/5/24,3,S1,MAT522 / 13,GEOMETRY A,NINETTE LILIENTHAL,11,2026,F,0.97 pts,8.57,,214,,Yes
10,11/5/24,5,S1,ENG701 / 15,JUNIOR ENG/A,JOHN CARVER,11,2026,D+,1.84 pts,8.29,,214,,Yes
2,9/10/24,2,S1,MAT522 / 12,GEOMETRY A,ROCHELLE AITON,10,2027,,,0.14,,215,,Yes
2,9/10/24,6,S1,SCI601 / 16,BIOLOGY A,GRANT MERRILL,10,2027,,,0,,215,,Yes
3,9/17/24,2,S1,MAT522 / 12,GEOMETRY A,ROCHELLE AITON,10,2027,D+,1.90 pts,0.43,,215,,Yes
3,9/17/24,6,S1,SCI601 / 16,BIOLOGY A,GRANT MERRILL,10,2027,F,1.17 pts,0,,215,,Yes
4,9/24/24,2,S1,MAT522 / 12,GEOMETRY A,ROCHELLE AITON,10,2027,F,0.00 pts,0.43,,215,,Yes
4,9/24/24,6,S1,SCI601 / 16,BIOLOGY A,GRANT MERRILL,10,2027,F,1.14 pts,0.29,,215,,Yes
5,10/1/24,2,S1,MAT522 / 12,GEOMETRY A,ROCHELLE AITON,10,2027,F,0.00 pts,0.43,,215,,Yes
5,10/1/24,6,S1,SCI601 / 16,BIOLOGY A,GRANT MERRILL,10,2027,C-,2.05 pts,0.29,,215,,Yes
6,10/8/24,2,S1,MAT522 / 12,GEOMETRY A,ROCHELLE AITON,10,2027,D+,1.81 pts,0.43,,215,,Yes
6,10/8/24,6,S1,SCI601 / 16,BIOLOGY A,GRANT MERRILL,10,2027,C-,2.01 pts,1,,215,,Yes
7,10/16/24,2,S1,MAT522 / 12,GEOMETRY A,ROCHELLE AITON,10,2027,D+,1.81 pts,0.43,,215,,Yes
7,10/16/24,6,S1,SCI601 / 16,BIOLOGY A,GRANT MERRILL,10,2027,C-,2.02 pts,1.57,,215,,Yes
8,10/22/24,2,S1,MAT522 / 12,GEOMETRY A,ROCHELLE AITON,10,2027,D+,1.81 pts,0.43,,215,,Yes
8,10/22/24,2,S1,MAT522 / 12,GEOMETRY A,NINETTE LILIENTHAL,10,2027,D+,1.81 pts,0.43,,215,,Yes
8,10/22/24,6,S1,SCI601 / 16,BIOLOGY A,GRANT MERRILL,10,2027,F,1.62 pts,1.57,,215,,Yes
9,10/29/24,2,S1,MAT522 / 12,GEOMETRY A,ROCHELLE AITON,10,2027,C,2.25 pts,0.86,,215,,Yes
9,10/29/24,2,S1,MAT522 / 12,GEOMETRY A,NINETTE LILIENTHAL,10,2027,C,2.25 pts,0.86,,215,,Yes
9,10/29/24,6,S1,SCI601 / 16,BIOLOGY A,GRANT MERRILL,10,2027,C,2.32 pts,1.57,,215,,Yes
10,11/5/24,2,S1,MAT522 / 12,GEOMETRY A,ROCHELLE AITON,10,2027,C,2.25 pts,2.14,,215,,Yes
10,11/5/24,2,S1,MAT522 / 12,GEOMETRY A,NINETTE LILIENTHAL,10,2027,C,2.25 pts,2.14,,215,,Yes
10,11/5/24,6,S1,SCI601 / 16,BIOLOGY A,GRANT MERRILL,10,2027,C,2.32 pts,2.57,,215,,Yes
2,9/10/24,2,S1,BUS301 / 12,PERSONAL FINANCE A,NICOLE SIMEK,12,2025,,,0,,216,,Yes
3,9/17/24,2,S1,BUS301 / 12,PERSONAL FINANCE A,NICOLE SIMEK,12,2025,A,3.88 pts,0,,216,,Yes
4,9/24/24,2,S1,BUS301 / 12,PERSONAL FINANCE A,NICOLE SIMEK,12,2025,C,2.28 pts,1.29,,216,,Yes
5,10/1/24,2,S1,BUS301 / 12,PERSONAL FINANCE A,NICOLE SIMEK,12,2025,C,2.27 pts,2.29,,216,,Yes
6,10/8/24,2,S1,BUS301 / 12,PERSONAL FINANCE A,NICOLE SIMEK,12,2025,D+,1.95 pts,5.71,,216,,Yes
7,10/16/24,2,S1,BUS301 / 12,PERSONAL FINANCE A,NICOLE SIMEK,12,2025,F,1.56 pts,7.14,,216,,Yes
8,10/22/24,2,S1,BUS301 / 12,PERSONAL FINANCE A,NICOLE SIMEK,12,2025,F,0.80 pts,11.29,,216,,Yes
9,10/29/24,2,S1,BUS301 / 12,PERSONAL FINANCE A,NICOLE SIMEK,12,2025,F,0.99 pts,11.86,,216,,Yes
10,11/5/24,2,S1,BUS301 / 12,PERSONAL FINANCE A,NICOLE SIMEK,12,2025,F,0.99 pts,11.86,,216,,Yes
2,9/10/24,6,S1,ENG501 / 16,FR ENGLISH/A,DAVID HOLLINGSWORTH,9,2028,A,4.00 pts,0,,217,,Yes
3,9/17/24,6,S1,ENG501 / 16,FR ENGLISH/A,DAVID HOLLINGSWORTH,9,2028,A,4.00 pts,0,,217,,Yes
4,9/24/24,6,S1,ENG501 / 16,FR ENGLISH/A,DAVID HOLLINGSWORTH,9,2028,A,4.00 pts,0,,217,,Yes
5,10/1/24,6,S1,ENG501 / 16,FR ENGLISH/A,DAVID HOLLINGSWORTH,9,2028,A,4.00 pts,0,,217,,Yes
6,10/8/24,6,S1,ENG501 / 16,FR ENGLISH/A,DAVID HOLLINGSWORTH,9,2028,A,4.00 pts,0,,217,,Yes
7,10/16/24,6,S1,ENG501 / 16,FR ENGLISH/A,DAVID HOLLINGSWORTH,9,2028,A,4.00 pts,0.14,,217,,Yes
8,10/22/24,6,S1,ENG501 / 16,FR ENGLISH/A,DAVID HOLLINGSWORTH,9,2028,A,3.98 pts,0.14,,217,,Yes
9,10/29/24,6,S1,ENG501 / 16,FR ENGLISH/A,DAVID HOLLINGSWORTH,9,2028,A,3.98 pts,0.14,,217,,Yes
10,11/5/24,6,S1,ENG501 / 16,FR ENGLISH/A,DAVID HOLLINGSWORTH,9,2028,A,4.00 pts,0.14,,217,,Yes
2,9/10/24,5,S1,ENG701 / 15,JUNIOR ENG/A,JOHN CARVER,11,2026,,,0,,218,,Yes
2,9/10/24,6,S1,SOC701 / 16,US HISTORY/A,SCOTT BOOTHBY,11,2026,C-,2.00 pts,0,,218,,Yes
3,9/17/24,5,S1,ENG701 / 15,JUNIOR ENG/A,JOHN CARVER,11,2026,A,3.90 pts,0,,218,,Yes
3,9/17/24,6,S1,SOC701 / 16,US HISTORY/A,SCOTT BOOTHBY,11,2026,F,1.56 pts,0,,218,,Yes
4,9/24/24,5,S1,ENG701 / 15,JUNIOR ENG/A,JOHN CARVER,11,2026,B+,3.32 pts,1,,218,,Yes
4,9/24/24,6,S1,SOC701 / 16,US HISTORY/A,SCOTT BOOTHBY,11,2026,F,1.57 pts,1,,218,,Yes
5,10/1/24,5,S1,ENG701 / 15,JUNIOR ENG/A,JOHN CARVER,11,2026,A-,3.48 pts,1.43,,218,,Yes
5,10/1/24,6,S1,SOC701 / 16,US HISTORY/A,SCOTT BOOTHBY,11,2026,F,1.43 pts,1.43,,218,,Yes
6,10/8/24,5,S1,ENG701 / 15,JUNIOR ENG/A,JOHN CARVER,11,2026,B-,2.89 pts,2.14,,218,,Yes
6,10/8/24,6,S1,SOC701 / 16,US HISTORY/A,SCOTT BOOTHBY,11,2026,F,1.52 pts,1.43,,218,,Yes
7,10/16/24,5,S1,ENG701 / 15,JUNIOR ENG/A,JOHN CARVER,11,2026,C+,2.69 pts,5.14,,218,,Yes
7,10/16/24,6,S1,SOC701 / 16,US HISTORY/A,SCOTT BOOTHBY,11,2026,F,0.82 pts,4.43,,218,,Yes
8,10/22/24,5,S1,ENG701 / 15,JUNIOR ENG/A,JOHN CARVER,11,2026,B-,2.82 pts,6.14,,218,,Yes
8,10/22/24,6,S1,SOC701 / 16,US HISTORY/A,SCOTT BOOTHBY,11,2026,F,0.83 pts,5.43,,218,,Yes
9,10/29/24,5,S1,ENG701 / 15,JUNIOR ENG/A,JOHN CARVER,11,2026,B-,2.82 pts,7.14,,218,,Yes
9,10/29/24,6,S1,SOC701 / 16,US HISTORY/A,SCOTT BOOTHBY,11,2026,F,1.29 pts,6.43,,218,,Yes
10,11/5/24,5,S1,ENG701 / 15,JUNIOR ENG/A,JOHN CARVER,11,2026,B,2.90 pts,7.14,,218,,Yes
10,11/5/24,6,S1,SOC701 / 16,US HISTORY/A,SCOTT BOOTHBY,11,2026,C-,2.08 pts,6.43,,218,,Yes
2,9/10/24,1,S1,MAT522 / 11,GEOMETRY A,ROCHELLE AITON,9,2028,,,0,,219,,Yes
3,9/17/24,1,S1,MAT522 / 11,GEOMETRY A,ROCHELLE AITON,9,2028,F,1.15 pts,0.14,,219,,Yes
4,9/24/24,1,S1,MAT522 / 11,GEOMETRY A,ROCHELLE AITON,9,2028,B,3.05 pts,0.14,,219,,Yes
5,10/1/24,1,S1,MAT522 / 11,GEOMETRY A,ROCHELLE AITON,9,2028,B,3.05 pts,0.14,,219,,Yes
6,10/8/24,1,S1,MAT522 / 11,GEOMETRY A,ROCHELLE AITON,9,2028,B,3.10 pts,0.14,,219,,Yes
7,10/16/24,1,S1,MAT522 / 11,GEOMETRY A,ROCHELLE AITON,9,2028,A-,3.55 pts,0.14,,219,,Yes
8,10/22/24,1,S1,MAT522 / 11,GEOMETRY A,ROCHELLE AITON,9,2028,A-,3.55 pts,0.29,,219,,Yes
8,10/22/24,1,S1,MAT522 / 11,GEOMETRY A,NINETTE LILIENTHAL,9,2028,A-,3.55 pts,0.29,,219,,Yes
9,10/29/24,1,S1,MAT522 / 11,GEOMETRY A,ROCHELLE AITON,9,2028,A,3.68 pts,1.29,,219,,Yes
9,10/29/24,1,S1,MAT522 / 11,GEOMETRY A,NINETTE LILIENTHAL,9,2028,A,3.68 pts,1.29,,219,,Yes
10,11/5/24,1,S1,MAT522 / 11,GEOMETRY A,ROCHELLE AITON,9,2028,A,3.68 pts,1.43,,219,,Yes
10,11/5/24,1,S1,MAT522 / 11,GEOMETRY A,NINETTE LILIENTHAL,9,2028,A,3.68 pts,1.43,,219,,Yes
2,9/10/24,2,S1,MAT522 / 12,GEOMETRY A,ROCHELLE AITON,10,2027,,,0.86,,220,,Yes
2,9/10/24,3,S1,SCI601 / 13,BIOLOGY A,GRANT MERRILL,10,2027,A,4.00 pts,0.86,,220,,Yes
3,9/17/24,2,S1,MAT522 / 12,GEOMETRY A,ROCHELLE AITON,10,2027,F,0.00 pts,1.86,,220,,Yes
3,9/17/24,3,S1,SCI601 / 13,BIOLOGY A,GRANT MERRILL,10,2027,A-,3.49 pts,1.86,,220,,Yes
4,9/24/24,2,S1,MAT522 / 12,GEOMETRY A,ROCHELLE AITON,10,2027,F,0.00 pts,5.86,,220,,Yes
4,9/24/24,3,S1,SCI601 / 13,BIOLOGY A,GRANT MERRILL,10,2027,F,1.20 pts,5.86,,220,,Yes
5,10/1/24,2,S1,MAT522 / 12,GEOMETRY A,ROCHELLE AITON,10,2027,F,0.00 pts,8,,220,,Yes
5,10/1/24,3,S1,SCI601 / 13,BIOLOGY A,GRANT MERRILL,10,2027,F,1.16 pts,8,,220,,Yes
6,10/8/24,2,S1,MAT522 / 12,GEOMETRY A,ROCHELLE AITON,10,2027,F,0.00 pts,9,,220,,Yes
6,10/8/24,3,S1,SCI601 / 13,BIOLOGY A,GRANT MERRILL,10,2027,F,1.16 pts,9.71,,220,,Yes
7,10/16/24,2,S1,MAT522 / 12,GEOMETRY A,ROCHELLE AITON,10,2027,F,0.00 pts,9.29,,220,,Yes
7,10/16/24,3,S1,SCI601 / 13,BIOLOGY A,GRANT MERRILL,10,2027,F,1.18 pts,9.71,,220,,Yes
8,10/22/24,2,S1,MAT522 / 12,GEOMETRY A,ROCHELLE AITON,10,2027,C,2.26 pts,9.29,,220,,Yes
8,10/22/24,2,S1,MAT522 / 12,GEOMETRY A,NINETTE LILIENTHAL,10,2027,C,2.26 pts,9.29,,220,,Yes
8,10/22/24,3,S1,SCI601 / 13,BIOLOGY A,GRANT MERRILL,10,2027,F,1.55 pts,9.71,,220,,Yes
9,10/29/24,2,S1,MAT522 / 12,GEOMETRY A,ROCHELLE AITON,10,2027,C,2.27 pts,9.57,,220,,Yes
9,10/29/24,2,S1,MAT522 / 12,GEOMETRY A,NINETTE LILIENTHAL,10,2027,C,2.27 pts,9.57,,220,,Yes
9,10/29/24,3,S1,SCI601 / 13,BIOLOGY A,GRANT MERRILL,10,2027,D+,1.80 pts,9.71,,220,,Yes
10,11/5/24,2,S1,MAT522 / 12,GEOMETRY A,ROCHELLE AITON,10,2027,C,2.27 pts,10.57,,220,,Yes
10,11/5/24,2,S1,MAT522 / 12,GEOMETRY A,NINETTE LILIENTHAL,10,2027,C,2.27 pts,10.57,,220,,Yes
10,11/5/24,3,S1,SCI601 / 13,BIOLOGY A,GRANT MERRILL,10,2027,D+,1.80 pts,10.71,,220,,Yes
2,9/10/24,5,S1,ENG601 / 15,SOPH ENG/A,MARCEE SALAS,10,2027,A,4.00 pts,0,,221,,Yes
3,9/17/24,4,S1,MAT522 / 14,GEOMETRY A,ROCHELLE AITON,10,2027,,,0,,221,,Yes
3,9/17/24,5,S1,ENG601 / 15,SOPH ENG/A,MARCEE SALAS,10,2027,A,4.00 pts,0,,221,,Yes
4,9/24/24,4,S1,MAT522 / 14,GEOMETRY A,ROCHELLE AITON,10,2027,C-,2.05 pts,1,,221,,Yes
4,9/24/24,5,S1,ENG601 / 15,SOPH ENG/A,MARCEE SALAS,10,2027,C+,2.66 pts,1,,221,,Yes
5,10/1/24,4,S1,MAT522 / 14,GEOMETRY A,ROCHELLE AITON,10,2027,B,3.00 pts,3,,221,,Yes
5,10/1/24,5,S1,ENG601 / 15,SOPH ENG/A,MARCEE SALAS,10,2027,C+,2.66 pts,3,,221,,Yes
6,10/8/24,4,S1,MAT522 / 14,GEOMETRY A,ROCHELLE AITON,10,2027,D+,1.95 pts,4,,221,,Yes
6,10/8/24,5,S1,ENG601 / 15,SOPH ENG/A,MARCEE SALAS,10,2027,C+,2.51 pts,4,,221,,Yes
7,10/16/24,4,S1,MAT522 / 14,GEOMETRY A,ROCHELLE AITON,10,2027,D+,1.95 pts,4,,221,,Yes
7,10/16/24,5,S1,ENG601 / 15,SOPH ENG/A,MARCEE SALAS,10,2027,C+,2.50 pts,4,,221,,Yes
8,10/22/24,4,S1,MAT522 / 14,GEOMETRY A,ROCHELLE AITON,10,2027,D+,1.95 pts,8,,221,,Yes
8,10/22/24,4,S1,MAT522 / 14,GEOMETRY A,NINETTE LILIENTHAL,10,2027,D+,1.95 pts,8,,221,,Yes
8,10/22/24,5,S1,ENG601 / 15,SOPH ENG/A,MARCEE SALAS,10,2027,C-,2.01 pts,8,,221,,Yes
9,10/29/24,4,S1,MAT522 / 14,GEOMETRY A,ROCHELLE AITON,10,2027,C-,2.00 pts,8,,221,,Yes
9,10/29/24,4,S1,MAT522 / 14,GEOMETRY A,NINETTE LILIENTHAL,10,2027,C-,2.00 pts,8,,221,,Yes
9,10/29/24,5,S1,ENG601 / 15,SOPH ENG/A,MARCEE SALAS,10,2027,C,2.22 pts,8,,221,,Yes
10,11/5/24,4,S1,MAT522 / 14,GEOMETRY A,ROCHELLE AITON,10,2027,C-,2.00 pts,8,,221,,Yes
10,11/5/24,4,S1,MAT522 / 14,GEOMETRY A,NINETTE LILIENTHAL,10,2027,C-,2.00 pts,8,,221,,Yes
10,11/5/24,5,S1,ENG601 / 15,SOPH ENG/A,MARCEE SALAS,10,2027,C,2.31 pts,8,,221,,Yes
2,9/10/24,5,S1,ENG701 / 15,JUNIOR ENG/A,JOHN CARVER,11,2026,,,2,,222,,Yes
2,9/10/24,2,S1,MAT701 / 12,ALGEBRA II A,JASON BLAESING,11,2026,,,2,,222,,Yes
3,9/17/24,2,S1,MAT701 / 12,ALGEBRA II A,JASON BLAESING,11,2026,A,4.00 pts,2,,222,,Yes
3,9/17/24,5,S1,ENG701 / 15,JUNIOR ENG/A,JOHN CARVER,11,2026,A,3.95 pts,2,,222,,Yes
4,9/24/24,2,S1,MAT701 / 12,ALGEBRA II A,JASON BLAESING,11,2026,C-,2.19 pts,2.14,,222,,Yes
4,9/24/24,5,S1,ENG701 / 15,JUNIOR ENG/A,JOHN CARVER,11,2026,A,3.66 pts,2,,222,,Yes
5,10/1/24,2,S1,MAT701 / 12,ALGEBRA II A,JASON BLAESING,11,2026,C-,2.10 pts,2.71,,222,,Yes
6,10/8/24,1,S1,ENG701 / 11,JUNIOR ENG/A,JOHN CARVER,11,2026,D+,1.88 pts,7.5,,1,,#N/A
6,10/8/24,2,S1,PED500 / 12,WEIGHT TRAINING,SCOTT BOOTHBY,11,2026,D,1.75 pts,8.21,,1,,#N/A
6,10/8/24,3,S1,MAT701 / 13,ALGEBRA II A,JENNIFER REILLY,11,2026,F,0.48 pts,7.5,Jonathan,1,Active,Yes
6,10/8/24,4,S1,CTE114 / 14,ENGINEERING A,JASON BLAESING,11,2026,B,2.90 pts,6.86,,1,,#N/A
6,10/8/24,5,S1,SOC701 / 15,US HISTORY/A,DAVE HAJEK,11,2026,F,0.12 pts,7.29,,1,,#N/A
6,10/8/24,6,S1,FAR604 / 16,SCENE DESIGN,KELLY GREGERSEN,11,2026,F,0.26 pts,6.43,,1,,#N/A
6,10/8/24,7,S1,ELE507 / A61,ADVISORY 11/A,AARON LABREE,11,2026,,,5.14,,1,,#N/A
6,10/8/24,1,S1,CTA101 / 11,CTA S1,MARK CASTLE,11,2026,,,0,,3,,#N/A
6,10/8/24,2,S1,CTA101 / 11,CTA S1,MARK CASTLE,11,2026,,,0,,3,,#N/A
6,10/8/24,3,S1,CTA101 / 11,CTA S1,MARK CASTLE,11,2026,,,0,,3,,#N/A
6,10/8/24,4,S1,MAT701 / 14,ALGEBRA II A,JENNIFER REILLY,11,2026,C-,2.10 pts,0,,3,,#N/A
6,10/8/24,5,S1,ASL503 / 15,AMERICAN SIGN LANGUAGE II/A,TAMI GRANT,11,2026,A-,3.50 pts,0,,3,,#N/A
6,10/8/24,6,S1,ENG701 / 16,JUNIOR ENG/A,JOHN CARVER,11,2026,A,3.86 pts,0.33,,3,,#N/A
6,10/8/24,1,S1,FAR505 / 11,CONCERT CHOIR/A,DAVID DUARTE,10,2027,A,4.00 pts,0.71,,4,,#N/A
6,10/8/24,2,S1,SPA501 / 12,SPANISH 1 A,ROCHELLE AITON,10,2027,A,3.78 pts,1.14,,4,,#N/A
6,10/8/24,3,S1,SOC108 / 13,WORLD HISTORY/A,RYAN ISAACSON,10,2027,D+,1.89 pts,0.71,,4,,#N/A
6,10/8/24,4,S1,SCI601 / 14,BIOLOGY A,GRANT MERRILL,10,2027,D+,1.88 pts,1.29,,4,,Yes
6,10/8/24,5,S1,ENG601 / 15,SOPH ENG/A,MARCEE SALAS,10,2027,D+,1.92 pts,0.86,,4,,Yes
6,10/8/24,6,S1,MAT522 / 36,GEOMETRY A,ROCHELLE AITON,10,2027,D+,1.90 pts,1.14,,4,,#N/A
6,10/8/24,7,S1,ELE505 / A60,ADVISORY 10/A,GRANT MERRILL,10,2027,,,0.14,,4,,#N/A
6,10/8/24,1,S1,VOC705 / 11,DIGITAL PHOTOGRAPHY I,ROSANNA RUFF,11,2026,B,2.95 pts,7.14,,5,,#N/A
6,10/8/24,2,S1,BUS301 / 12,PERSONAL FINANCE A,NICOLE SIMEK,11,2026,C,2.20 pts,7,,5,,Yes
6,10/8/24,3,S1,SCI503 / 33,PHYSICAL SCIENCE A,WILLIAM BAUR,11,2026,D+,1.98 pts,7.43,,5,,#N/A
6,10/8/24,4,S1,SOC701 / 14,US HISTORY/A,DAVE HAJEK,11,2026,C-,2.00 pts,7,,5,,Yes
6,10/8/24,5,S1,ENG701 / 15,JUNIOR ENG/A,JOHN CARVER,11,2026,B-,2.85 pts,7.14,,5,,Yes
6,10/8/24,6,S1,PED500 / 16,WEIGHT TRAINING,SCOTT DIZMANG,11,2026,A,4.00 pts,7.14,,5,,#N/A
6,10/8/24,7,S1,ELE507 / A41,ADVISORY 11/A,BRENT MANSELL,11,2026,,,7,,5,,#N/A
6,10/8/24,1,S1,PED513 / 11,TEAM GAMES,SCOTT DIZMANG,10,2027,A,4.00 pts,0,,6,,#N/A
6,10/8/24,2,S1,MAT522 / 12,GEOMETRY A,ROCHELLE AITON,10,2027,F,0.45 pts,0,,6,,Yes
6,10/8/24,3,S1,SOC108 / 13,WORLD HISTORY/A,RYAN ISAACSON,10,2027,D+,1.89 pts,0,,6,,#N/A
6,10/8/24,4,S1,FAR109 / 14,CERAMICS II,ROBERT YEE,10,2027,,,0,,6,,#N/A
6,10/8/24,5,S1,ENG601 / 15,SOPH ENG/A,MARCEE SALAS,10,2027,F,1.17 pts,0,,6,,Yes
6,10/8/24,6,S1,SCI601 / 36,BIOLOGY A,WILLIAM BAUR,10,2027,F,1.00 pts,0,,6,,Yes
6,10/8/24,7,S1,ELE505 / A60,ADVISORY 10/A,GRANT MERRILL,10,2027,,,0,,6,,#N/A
6,10/8/24,1,S1,ENG801 / 11,SENIOR ENG/A,HEATHER CARVER,12,2025,D,1.72 pts,1.86,,7,,#N/A
6,10/8/24,2,S1,BUS301 / 12,PERSONAL FINANCE A,NICOLE SIMEK,12,2025,D,1.79 pts,1.71,,7,,Yes
6,10/8/24,3,S1,ONT400 / 13,ON-TRACK/A,BRIAN ANDERSON,12,2025,A,4.00 pts,1.71,,7,,#N/A
6,10/8/24,4,S1,ENG715 / 14,FILM AS LITERATURE,KELLY GREGERSEN,12,2025,C-,2.13 pts,1.71,,7,,#N/A
6,10/8/24,5,S1,CTE100 / 15,MEDICAL CAREERS & TERMINOLOG/A,DONNA SCHATZ,12,2025,B,2.90 pts,1.71,,7,,#N/A
6,10/8/24,6,S1,SOC802 / 16,CIVICS,JIM REED,12,2025,C-,2.11 pts,1.14,,7,,#N/A
6,10/8/24,7,S1,ELE509 / A32,ADVISORY 12/A,SCOTT DIZMANG,12,2025,,,1,,7,,#N/A
6,10/8/24,1,S1,FAR720 / 11,PANTHER PLAYERS/A,KELLY GREGERSEN,11,2026,A,4.00 pts,2.14,,46,,#N/A
6,10/8/24,2,S1,SCI609 / 12,CHEMISTRY/A,GRANT MERRILL,11,2026,F,1.06 pts,2,,46,,Yes
6,10/8/24,3,S1,MAT701 / 13,ALGEBRA II A,JENNIFER REILLY,11,2026,B,3.03 pts,2,,46,,Yes
6,10/8/24,4,S1,ENG715 / 14,FILM AS LITERATURE,KELLY GREGERSEN,11,2026,A,3.83 pts,2,,46,,#N/A
6,10/8/24,5,S1,SOC701 / 15,US HISTORY/A,DAVE HAJEK,11,2026,B,2.96 pts,2,,46,,#N/A
6,10/8/24,6,S1,SPA501 / 16,SPANISH 1 A,ROCHELLE AITON,11,2026,A,3.70 pts,2,,46,,#N/A
6,10/8/24,7,S1,ELE507 / A51,ADVISORY 11/A,DONALD O'BRIEN,11,2026,,,2,,46,,#N/A
6,10/8/24,1,S1,FAR720 / 11,PANTHER PLAYERS/A,KELLY GREGERSEN,12,2025,A,4.00 pts,2.86,,8,,#N/A
6,10/8/24,2,S1,SPS103 / 12,OFFICE ASSISTANT,MARK CASTLE,12,2025,,,1.71,,8,,#N/A
6,10/8/24,3,S1,PED500 / 13,WEIGHT TRAINING,SCOTT BOOTHBY,12,2025,A,3.73 pts,1.14,,8,,#N/A
6,10/8/24,4,S1,ENG717 / 14,AP LITERATURE/ COMPOSITION A,HEATHER CARVER,12,2025,D,1.79 pts,2.29,,8,,#N/A
6,10/8/24,5,S1,SOC802 / 15,CIVICS,SCOTT BOOTHBY,12,2025,B-,2.81 pts,2.29,,8,,#N/A
6,10/8/24,6,S1,SCI503 / 16,PHYSICAL SCIENCE A,JAMES BENNETT,12,2025,C+,2.61 pts,2.43,,8,,#N/A
6,10/8/24,7,S1,ELE509 / A12,ADVISORY 12/A,JASON BLAESING,12,2025,,,1,,8,,#N/A
6,10/8/24,1,S1,PED500 / 11,WEIGHT TRAINING,SCOTT BOOTHBY,10,2027,A,4.00 pts,1.57,,9,,#N/A
6,10/8/24,2,S1,SOC108 / 12,WORLD HISTORY/A,DAVID HOLLINGSWORTH,10,2027,F,1.56 pts,1.57,,9,,#N/A
6,10/8/24,3,S1,SCI601 / 13,BIOLOGY A,GRANT MERRILL,10,2027,F,1.02 pts,1.43,,9,,Yes
6,10/8/24,4,S1,FAR109 / 14,CERAMICS II,ROBERT YEE,10,2027,,,0.86,,9,,#N/A
6,10/8/24,5,S1,MAT522 / 15,GEOMETRY A,BRIAN ANDERSON,10,2027,F,1.07 pts,0.86,,9,,Yes
6,10/8/24,6,S1,ENG601 / 16,SOPH ENG/A,MARCEE SALAS,10,2027,F,1.49 pts,0.86,,9,,#N/A
6,10/8/24,7,S1,ELE505 / A80,ADVISORY 10/A,MARCEE SALAS,10,2027,,,0.57,,9,,#N/A
6,10/8/24,1,S1,MAT522 / 11,GEOMETRY A,ROCHELLE AITON,10,2027,F,1.50 pts,0,,10,,Yes
6,10/8/24,2,S1,ENG601 / 12,SOPH ENG/A,KELLY GREGERSEN,10,2027,B,3.03 pts,0,,10,,Yes
6,10/8/24,3,S1,SOC108 / 13,WORLD HISTORY/A,RYAN ISAACSON,10,2027,C,2.21 pts,0,,10,,#N/A
6,10/8/24,4,S1,HFL118 / 14,ADV CULINARY ARTS A,ALEXANDRA YOST,10,2027,B,3.00 pts,0,,10,,#N/A
6,10/8/24,5,S1,VOC106 / 15,METAL MANUFACTURING & TECH I,DONALD O'BRIEN,10,2027,A,3.97 pts,0,,10,,#N/A
6,10/8/24,6,S1,SCI601 / 16,BIOLOGY A,GRANT MERRILL,10,2027,B,2.96 pts,0,,10,,Yes
6,10/8/24,7,S1,ELE505 / A20,ADVISORY 10/A,ROCHELLE AITON,10,2027,,,0,,10,,#N/A
6,10/8/24,1,S1,SPA601 / 11,SPANISH II A,ROCHELLE AITON,11,2026,B+,3.35 pts,1,,11,,#N/A
6,10/8/24,2,S1,HFL116 / 12,BAKING PASTRY ARTS I,KAYLA PAYNE,11,2026,A,3.91 pts,1,,11,,#N/A
6,10/8/24,3,S1,MAT701 / 13,ALGEBRA II A,JENNIFER REILLY,11,2026,B,3.02 pts,1,,11,,Yes
6,10/8/24,4,S1,CTE114 / 14,ENGINEERING A,JASON BLAESING,11,2026,B,3.05 pts,1.14,,11,,#N/A
6,10/8/24,5,S1,SOC703 / 15,AP US HISTORY A,RYAN ISAACSON,11,2026,A,4.00 pts,1,,11,,#N/A
6,10/8/24,6,S1,ENG701 / 16,JUNIOR ENG/A,JOHN CARVER,11,2026,A,4.00 pts,1,,11,,#N/A
6,10/8/24,7,S1,ELE507 / A31,ADVISORY 11/A,DAVID HOLLINGSWORTH,11,2026,,,1,,11,,#N/A
6,10/8/24,1,S1,CTE114 / 11,ENGINEERING A,JASON BLAESING,11,2026,B-,2.71 pts,0,,12,,#N/A
6,10/8/24,2,S1,VOC116 / 12,BASIC CARPENTRY 1,BRENT MANSELL,11,2026,C+,2.54 pts,0,,12,,#N/A
6,10/8/24,3,S1,BUS301 / 13,PERSONAL FINANCE A,NICOLE SIMEK,11,2026,B,3.13 pts,0,,12,,Yes
6,10/8/24,4,S1,SOC701 / 14,US HISTORY/A,DAVE HAJEK,11,2026,C,2.47 pts,0.43,,12,,Yes
6,10/8/24,5,S1,VOC504 / 15,ADV FINE ARTS WOODWORKING I,BRENT MANSELL,11,2026,A,3.93 pts,0.43,,12,,#N/A
6,10/8/24,6,S1,ENG701 / 16,JUNIOR ENG/A,JOHN CARVER,11,2026,B,3.13 pts,0.43,,12,,#N/A
6,10/8/24,7,S1,ELE507 / A11,ADVISORY 11/A,JAMES BENNETT,11,2026,,,0,,12,,#N/A
6,10/8/24,1,S1,MAT522 / 11,GEOMETRY A,ROCHELLE AITON,10,2027,F,1.36 pts,4.29,,13,,Yes
6,10/8/24,2,S1,ENG601 / 12,SOPH ENG/A,KELLY GREGERSEN,10,2027,B-,2.73 pts,4.14,,13,,Yes
6,10/8/24,3,S1,SCI601 / 33,BIOLOGY A,DONNA SCHATZ,10,2027,B,3.07 pts,4.29,,13,,#N/A
6,10/8/24,4,S1,CTE114 / 14,ENGINEERING A,JASON BLAESING,10,2027,F,1.34 pts,2.29,,13,,#N/A
6,10/8/24,5,S1,HFL113 / 15,INTRO CULINARY ART,ALEXANDRA YOST,10,2027,F,0.73 pts,4.14,,13,,#N/A
6,10/8/24,6,S1,SOC108 / 36,WORLD HISTORY/A,DAVE HAJEK,10,2027,F,1.38 pts,4.14,,13,,#N/A
6,10/8/24,7,S1,ELE505 / A70,ADVISORY 10/A,JOHN MILLER,10,2027,,,4.14,,13,,#N/A
6,10/8/24,1,S1,ENG701 / 11,JUNIOR ENG/A,JOHN CARVER,11,2026,B-,2.77 pts,1.71,,14,,#N/A
6,10/8/24,2,S1,VOC705 / 12,DIGITAL PHOTOGRAPHY I,ROSANNA RUFF,11,2026,D+,1.81 pts,1,,14,,#N/A
6,10/8/24,3,S1,MAT701 / 13,ALGEBRA II A,JENNIFER REILLY,11,2026,F,0.98 pts,1.43,Jonathan,14,Active,Yes
6,10/8/24,4,S1,SCI503 / 14,PHYSICAL SCIENCE A,JAMES BENNETT,11,2026,C+,2.64 pts,1.57,,14,,#N/A
6,10/8/24,5,S1,SOC701 / 15,US HISTORY/A,DAVE HAJEK,11,2026,A-,3.42 pts,1.71,,14,,#N/A
6,10/8/24,6,S1,VOC502 / 16,FINE ARTS WOODWORKING I,BRENT MANSELL,11,2026,A,4.00 pts,1.29,,14,,#N/A
6,10/8/24,7,S1,ELE507 / A61,ADVISORY 11/A,AARON LABREE,11,2026,,,1,,14,,#N/A
6,10/8/24,1,S1,SPA601 / 11,SPANISH II A,ROCHELLE AITON,10,2027,A,3.86 pts,0,,15,,#N/A
6,10/8/24,2,S1,ENG601 / 12,SOPH ENG/A,KELLY GREGERSEN,10,2027,C,2.22 pts,0,,15,,Yes
6,10/8/24,3,S1,SOC108 / 13,WORLD HISTORY/A,RYAN ISAACSON,10,2027,B+,3.35 pts,0,,15,,#N/A
6,10/8/24,4,S1,SCI601 / 14,BIOLOGY A,GRANT MERRILL,10,2027,D+,1.94 pts,0,,15,,Yes
6,10/8/24,5,S1,PED513 / 15,TEAM GAMES,SCOTT DIZMANG,10,2027,A,4.00 pts,0,,15,,#N/A
6,10/8/24,6,S1,MAT522 / 36,GEOMETRY A,ROCHELLE AITON,10,2027,C,2.26 pts,0.14,,15,,#N/A
6,10/8/24,7,S1,ELE505 / A80,ADVISORY 10/A,MARCEE SALAS,10,2027,,,0,,15,,#N/A
6,10/8/24,1,S1,SOC108 / 11,WORLD HISTORY/A,DAVID HOLLINGSWORTH,10,2027,,,0,,16,,#N/A
6,10/8/24,2,S1,FAR113 / 12,INTRO TO ART AND DESIGN,ROBERT YEE,10,2027,,,0.5,,16,,#N/A
6,10/8/24,3,S1,VOC620 / 13,METAL CRAFTS & PRODUCTION I,DONALD O'BRIEN,10,2027,,,0,,16,,#N/A
6,10/8/24,4,S1,MAT522 / 14,GEOMETRY A,ROCHELLE AITON,10,2027,,,0.5,,16,,Yes
6,10/8/24,5,S1,SCI503 / 35,PHYSICAL SCIENCE A,WILLIAM BAUR,10,2027,,,0.5,,16,,#N/A
6,10/8/24,6,S1,ENG601 / 16,SOPH ENG/A,MARCEE SALAS,10,2027,F,0.00 pts,0,,16,,#N/A
6,10/8/24,1,S1,SOC108 / 11,WORLD HISTORY/A,DAVID HOLLINGSWORTH,10,2027,,4.00 pts,0,,17,,#N/A
6,10/8/24,1,S1,VOC106 / 11,METAL MANUFACTURING & TECH I,DONALD O'BRIEN,10,2027,C-,2.18 pts,1.71,,17,,#N/A
6,10/8/24,2,S1,ENG601 / 12,SOPH ENG/A,KELLY GREGERSEN,10,2027,F,0.62 pts,1.14,,17,,Yes
6,10/8/24,3,S1,SCI601 / 33,BIOLOGY A,DONNA SCHATZ,10,2027,B+,3.34 pts,2.14,,17,,#N/A
6,10/8/24,4,S1,MAT522 / 14,GEOMETRY A,ROCHELLE AITON,10,2027,F,0.90 pts,1.71,,17,,Yes
6,10/8/24,5,S1,PED513 / 15,TEAM GAMES,SCOTT DIZMANG,10,2027,A,4.00 pts,1.29,,17,,#N/A
6,10/8/24,6,S1,VOC620 / 16,METAL CRAFTS & PRODUCTION I,DONALD O'BRIEN,10,2027,,0.00 pts,0,,17,,#N/A
6,10/8/24,6,S1,SOC108 / 36,WORLD HISTORY/A,DAVE HAJEK,10,2027,D+,1.98 pts,1.43,,17,,#N/A
6,10/8/24,7,S1,ELE505 / A70,ADVISORY 10/A,JOHN MILLER,10,2027,,,0.57,,17,,#N/A
6,10/8/24,0,S1,SUPADV / TM,SUPPLEMENTAL  ADVISORY,TIMOTHY MOORE,12,2025,,,0,,18,,#N/A
6,10/8/24,1,S1,PED101 / 11,PHYSICAL EDUCATION,KATHERINE STURDYVIN-SCOBBA,12,2025,D+,1.90 pts,2,,18,,#N/A
6,10/8/24,2,S1,BUS301 / 12,PERSONAL FINANCE A,NICOLE SIMEK,12,2025,D+,1.91 pts,1,,18,,Yes
6,10/8/24,3,S1,SOC802 / 13,CIVICS,JIM REED,12,2025,F,0.40 pts,1,,18,,#N/A
6,10/8/24,4,S1,AACTM1 / 14,ACADEMIC ACHIEVEMENT A,TIMOTHY MOORE,12,2025,B+,3.29 pts,2,,18,,#N/A
6,10/8/24,5,S1,ONT400 / 15,ON-TRACK/A,ROBERT YEE,12,2025,B,3.17 pts,0.86,,18,,#N/A
6,10/8/24,6,S1,ENG801 / 16,SENIOR ENG/A,HEATHER CARVER,12,2025,C,2.48 pts,0.86,,18,,#N/A
6,10/8/24,7,S1,ELE509 / A72,ADVISORY 12/A,JENNIFER REILLY,12,2025,,,0,,18,,#N/A
6,10/8/24,1,S1,PED500 / 11,WEIGHT TRAINING,SCOTT BOOTHBY,9,2028,A,4.00 pts,1,,2,,#N/A
6,10/8/24,2,S1,ASL501 / 12,AMERICAN SIGN LANGUAGE I/A,KYLA RITCHEY,9,2028,A-,3.53 pts,1,,2,,#N/A
6,10/8/24,3,S1,MAT520 / 33,ALGEBRA I A,JANET GROVE,9,2028,B,3.05 pts,1.86,,2,,#N/A
6,10/8/24,4,S1,SCI503 / 14,PHYSICAL SCIENCE A,JAMES BENNETT,9,2028,C+,2.61 pts,3,,2,,#N/A
6,10/8/24,5,S1,HFL113 / 15,INTRO CULINARY ART,ALEXANDRA YOST,9,2028,F,0.69 pts,2.86,,2,,#N/A
6,10/8/24,6,S1,ENG501 / 16,FR ENGLISH/A,DAVID HOLLINGSWORTH,9,2028,C+,2.50 pts,2.86,,2,,Yes
6,10/8/24,7,S1,ELE503 / AA9,ADVISORY 9/A,NICOLE SIMEK,9,2028,,,2.86,,2,,#N/A
6,10/8/24,1,S1,CTE114 / 11,ENGINEERING A,JASON BLAESING,11,2026,B,3.00 pts,0,,19,,#N/A
6,10/8/24,2,S1,FAR113 / 12,INTRO TO ART AND DESIGN,ROBERT YEE,11,2026,A-,3.51 pts,0,,19,,#N/A
6,10/8/24,3,S1,FAR605 / 13,INTRO TO THEATRE,KELLY GREGERSEN,11,2026,A-,3.51 pts,0,,19,,#N/A
6,10/8/24,4,S1,ENG701 / 14,JUNIOR ENG/A,JOHN CARVER,11,2026,B-,2.89 pts,0.29,,19,,#N/A
6,10/8/24,5,S1,SOC703 / 15,AP US HISTORY A,RYAN ISAACSON,11,2026,A,4.00 pts,0.29,,19,,#N/A
6,10/8/24,6,S1,MAT701 / 16,ALGEBRA II A,JASON BLAESING,11,2026,D+,1.98 pts,0.43,Jonathan,19,Active,Yes
6,10/8/24,7,S1,ELE507 / A31,ADVISORY 11/A,DAVID HOLLINGSWORTH,11,2026,,,0,,19,,#N/A
6,10/8/24,1,S1,ENG601 / 11,SOPH ENG/A,MARCEE SALAS,10,2027,B,3.08 pts,0,,20,,#N/A
6,10/8/24,2,S1,MAT522 / 32,GEOMETRY A,BRIAN ANDERSON,10,2027,F,1.05 pts,0.14,,20,,#N/A
6,10/8/24,3,S1,VOC620 / 13,METAL CRAFTS & PRODUCTION I,DONALD O'BRIEN,10,2027,A,3.97 pts,0.29,,20,,#N/A
6,10/8/24,4,S1,SCI601 / 14,BIOLOGY A,GRANT MERRILL,10,2027,B,3.00 pts,0,,20,,Yes
6,10/8/24,5,S1,CTE100 / 15,MEDICAL CAREERS & TERMINOLOG/A,DONNA SCHATZ,10,2027,A,4.00 pts,0,,20,,#N/A
6,10/8/24,6,S1,SOC108 / 36,WORLD HISTORY/A,DAVE HAJEK,10,2027,C-,2.04 pts,0,,20,,#N/A
6,10/8/24,7,S1,ELE505 / A40,ADVISORY 10/A,DAVID DUARTE,10,2027,,,0,,20,,#N/A
6,10/8/24,1,S1,SOC701 / 11,US HISTORY/A,DAVE HAJEK,11,2026,F,1.53 pts,4.71,,21,,#N/A
6,10/8/24,2,S1,SCI609 / 12,CHEMISTRY/A,GRANT MERRILL,11,2026,F,1.49 pts,4.71,,21,,Yes
6,10/8/24,3,S1,BUS301 / 13,PERSONAL FINANCE A,NICOLE SIMEK,11,2026,F,1.51 pts,4.71,,21,,Yes
6,10/8/24,4,S1,HFL118 / 14,ADV CULINARY ARTS A,ALEXANDRA YOST,11,2026,C+,2.60 pts,4.71,,21,,#N/A
6,10/8/24,5,S1,ENG701 / 15,JUNIOR ENG/A,JOHN CARVER,11,2026,B,3.03 pts,4,,21,,Yes
6,10/8/24,6,S1,PED500 / 16,WEIGHT TRAINING,SCOTT DIZMANG,11,2026,A,4.00 pts,4.71,,21,,#N/A
6,10/8/24,7,S1,ELE507 / A11,ADVISORY 11/A,JAMES BENNETT,11,2026,,,4,,21,,#N/A
6,10/8/24,1,S1,FAR109 / 11,CERAMICS II,ROBERT YEE,11,2026,,,0,,22,,#N/A
6,10/8/24,2,S1,FAR113 / 12,INTRO TO ART AND DESIGN,ROBERT YEE,11,2026,B+,3.34 pts,0.29,,22,,#N/A
6,10/8/24,3,S1,MAT701 / 13,ALGEBRA II A,JENNIFER REILLY,11,2026,A,4.00 pts,0.43,,22,,Yes
6,10/8/24,4,S1,SCI503 / 34,PHYSICAL SCIENCE A,WILLIAM BAUR,11,2026,C+,2.61 pts,0.43,,22,,#N/A
6,10/8/24,5,S1,SOC701 / 15,US HISTORY/A,DAVE HAJEK,11,2026,C-,2.10 pts,0.43,,22,,#N/A
6,10/8/24,6,S1,ENG701 / 16,JUNIOR ENG/A,JOHN CARVER,11,2026,A,3.63 pts,0.43,,22,,#N/A
6,10/8/24,7,S1,ELE507 / A41,ADVISORY 11/A,BRENT MANSELL,11,2026,,,0,,22,,#N/A
6,10/8/24,1,S1,SCI503 / 11,PHYSICAL SCIENCE A,JAMES BENNETT,11,2026,B,3.10 pts,4.14,,23,,#N/A
6,10/8/24,2,S1,BUS301 / 12,PERSONAL FINANCE A,NICOLE SIMEK,11,2026,F,0.95 pts,4.14,,23,,Yes
6,10/8/24,3,S1,ONT400 / 13,ON-TRACK/A,BRIAN ANDERSON,11,2026,C+,2.67 pts,4.14,,23,,#N/A
6,10/8/24,4,S1,SOC701 / 14,US HISTORY/A,DAVE HAJEK,11,2026,F,0.56 pts,4,,23,,Yes
6,10/8/24,5,S1,ENG701 / 15,JUNIOR ENG/A,JOHN CARVER,11,2026,C-,2.01 pts,3.86,,23,,Yes
6,10/8/24,6,S1,VOC620 / 16,METAL CRAFTS & PRODUCTION I,DONALD O'BRIEN,11,2026,,0.00 pts,1.29,,23,,#N/A
6,10/8/24,6,S1,FAR604 / 16,SCENE DESIGN,KELLY GREGERSEN,11,2026,A,4.00 pts,3.57,,23,,#N/A
6,10/8/24,7,S1,ELE507 / A11,ADVISORY 11/A,JAMES BENNETT,11,2026,,,2,,23,,#N/A
6,10/8/24,1,S1,MAT704 / 11,PRE-CALC A MAT 153,BRIAN ANDERSON,12,2025,A,4.00 pts,1,,24,,Yes
6,10/8/24,2,S1,RUN101 / 12,RUNNING START/A,,12,2025,,,0,,24,,#N/A
6,10/8/24,3,S1,CTE120 / 13,CYBER SECURITY I,ROSANNA RUFF,12,2025,A-,3.53 pts,1.5,,24,,#N/A
6,10/8/24,4,S1,ENG717 / 14,AP LITERATURE/ COMPOSITION A,HEATHER CARVER,12,2025,,0.50 pts,1.25,,24,,#N/A
6,10/8/24,4,S1,RUN101 / 14,RUNNING START/A,,12,2025,,,0,,24,,#N/A
6,10/8/24,5,S1,SOC802 / 15,CIVICS,SCOTT BOOTHBY,12,2025,A,4.00 pts,1,,24,,#N/A
6,10/8/24,6,S1,RUN101 / 16,RUNNING START/A,,12,2025,,,0,,24,,#N/A
6,10/8/24,7,S1,ELE509 / A62,ADVISORY 12/A,RYAN ISAACSON,12,2025,,,0,,24,,#N/A
6,10/8/24,1,S1,PED513 / 11,TEAM GAMES,SCOTT DIZMANG,9,2028,A,4.00 pts,0,,25,,#N/A
6,10/8/24,2,S1,HFL114 / 12,FAMILY HEALTH,MICHAEL ISOTALO,9,2028,C-,2.03 pts,0,,25,,#N/A
6,10/8/24,3,S1,SCI503 / 33,PHYSICAL SCIENCE A,WILLIAM BAUR,9,2028,F,1.59 pts,0,,25,,#N/A
6,10/8/24,4,S1,VOC300 / 14,SMALL ENGINE REPAIR I,DONALD O'BRIEN,9,2028,B,2.92 pts,0,,25,,#N/A
6,10/8/24,5,S1,MAT520 / 15,ALGEBRA I A,KEVIN REILLY,9,2028,A,3.96 pts,0,,25,,#N/A
6,10/8/24,6,S1,ENG501 / 16,FR ENGLISH/A,DAVID HOLLINGSWORTH,9,2028,C,2.48 pts,0,,25,,Yes
6,10/8/24,7,S1,ELE503 / A19,ADVISORY 9/A,ANGELINA MERRILL,9,2028,,,0,,25,,#N/A
6,10/8/24,1,S1,SCI503 / 11,PHYSICAL SCIENCE A,JAMES BENNETT,11,2026,F,0.19 pts,6.57,,26,,#N/A
6,10/8/24,2,S1,VOC705 / 12,DIGITAL PHOTOGRAPHY I,ROSANNA RUFF,11,2026,C,2.38 pts,3.29,,26,,#N/A
6,10/8/24,3,S1,ONT400 / 13,ON-TRACK/A,BRIAN ANDERSON,11,2026,C-,2.00 pts,2.43,,26,,#N/A
6,10/8/24,4,S1,SOC701 / 14,US HISTORY/A,DAVE HAJEK,11,2026,F,0.62 pts,4,,26,,Yes
6,10/8/24,5,S1,BUS301 / 15,PERSONAL FINANCE A,NICOLE SIMEK,11,2026,F,0.71 pts,3.29,,26,,#N/A
6,10/8/24,6,S1,ENG701 / 16,JUNIOR ENG/A,JOHN CARVER,11,2026,D,1.72 pts,5.43,,26,,#N/A
6,10/8/24,7,S1,ELE507 / A21,ADVISORY 11/A,HEATHER CARVER,11,2026,,,2.43,,26,,#N/A
6,10/8/24,1,S1,ASL505 / 11,AMER SIGN III/A,TAMI GRANT,11,2026,A,4.00 pts,1,,29,,#N/A
6,10/8/24,2,S1,SCI503 / 32,PHYSICAL SCIENCE A,WILLIAM BAUR,11,2026,A-,3.54 pts,0.86,,29,,#N/A
6,10/8/24,3,S1,ENG719 / 13,AP LANGUAGE/COMPOSITION A,HEATHER CARVER,11,2026,C-,2.06 pts,1.57,,29,,#N/A
6,10/8/24,4,S1,MAT701 / 14,ALGEBRA II A,JENNIFER REILLY,11,2026,B,3.05 pts,1.57,,29,,#N/A
6,10/8/24,5,S1,CTE501 / 15,PROJECT IN LEADERSHIP/A,KYLA RITCHEY,11,2026,A-,3.44 pts,0.71,,29,,#N/A
6,10/8/24,6,S1,SOC701 / 16,US HISTORY/A,SCOTT BOOTHBY,11,2026,C-,2.07 pts,1.14,,29,,Yes
6,10/8/24,7,S1,ELE507 / A71,ADVISORY 11/A,KEVIN REILLY,11,2026,,,0.71,,29,,#N/A
6,10/8/24,1,S1,PED500 / 11,WEIGHT TRAINING,SCOTT BOOTHBY,12,2025,B-,2.77 pts,2.29,,27,,#N/A
6,10/8/24,2,S1,BUS301 / 12,PERSONAL FINANCE A,NICOLE SIMEK,12,2025,D,1.71 pts,2,,27,,Yes
6,10/8/24,3,S1,ONT400 / 13,ON-TRACK/A,BRIAN ANDERSON,12,2025,B,3.00 pts,2,,27,,#N/A
6,10/8/24,4,S1,SOC802 / 14,CIVICS,JIM REED,12,2025,F,0.44 pts,2.43,,27,,#N/A
6,10/8/24,5,S1,CTE100 / 15,MEDICAL CAREERS & TERMINOLOG/A,DONNA SCHATZ,12,2025,F,0.90 pts,2.29,,27,,#N/A
6,10/8/24,6,S1,ENG801 / 16,SENIOR ENG/A,HEATHER CARVER,12,2025,F,0.93 pts,2,,27,,#N/A
6,10/8/24,7,S1,ELE509 / A42,ADVISORY 12/A,TAMI GRANT,12,2025,,,2,,27,,#N/A
6,10/8/24,1,S1,ENG601 / 11,SOPH ENG/A,MARCEE SALAS,10,2027,C-,2.01 pts,1,,28,,#N/A
6,10/8/24,2,S1,SCI601 / 32,BIOLOGY A,DONNA SCHATZ,10,2027,A-,3.53 pts,1,,28,,#N/A
6,10/8/24,3,S1,ASL501 / 13,AMERICAN SIGN LANGUAGE I/A,KYLA RITCHEY,10,2027,A,4.00 pts,1.57,,28,,#N/A
6,10/8/24,4,S1,MAT522 / 14,GEOMETRY A,ROCHELLE AITON,10,2027,F,0.90 pts,1.57,,28,,Yes
6,10/8/24,5,S1,CTE222 / 15,MUSIC PROD IA,DAVID DUARTE,10,2027,C-,2.00 pts,1.57,,28,,#N/A
6,10/8/24,6,S1,SOC108 / 16,WORLD HISTORY/A,RYAN ISAACSON,10,2027,F,0.51 pts,1.57,,28,,#N/A
6,10/8/24,7,S1,ELE505 / A50,ADVISORY 10/A,JANET GROVE,10,2027,,,1,,28,,#N/A
6,10/8/24,1,S1,PED513 / 11,TEAM GAMES,SCOTT DIZMANG,12,2025,B,3.10 pts,0.71,,30,,#N/A
6,10/8/24,2,S1,ASL503 / 12,AMERICAN SIGN LANGUAGE II/A,TAMI GRANT,12,2025,B,3.00 pts,0.14,,30,,#N/A
6,10/8/24,3,S1,BUS301 / 13,PERSONAL FINANCE A,NICOLE SIMEK,12,2025,C+,2.68 pts,0,,30,,Yes
6,10/8/24,4,S1,SOC802 / 14,CIVICS,JIM REED,12,2025,C-,2.11 pts,0.43,,30,,#N/A
6,10/8/24,5,S1,VOC106 / 15,METAL MANUFACTURING & TECH I,DONALD O'BRIEN,12,2025,A,3.98 pts,0.57,,30,,#N/A
6,10/8/24,6,S1,ENG801 / 16,SENIOR ENG/A,HEATHER CARVER,12,2025,B,3.06 pts,0.71,,30,,#N/A
6,10/8/24,7,S1,ELE509 / A22,ADVISORY 12/A,SCOTT BOOTHBY,12,2025,,,0.29,,30,,#N/A
6,10/8/24,1,S1,PED513 / 11,TEAM GAMES,SCOTT DIZMANG,11,2026,B,3.10 pts,14.14,,31,,#N/A
6,10/8/24,2,S1,MAT520 / 12,ALGEBRA I A,KEVIN REILLY,11,2026,F,0.02 pts,14.29,,31,,#N/A
6,10/8/24,3,S1,SOC701 / 13,US HISTORY/A,DAVE HAJEK,11,2026,F,0.00 pts,14.71,,31,,#N/A
6,10/8/24,4,S1,SCI503 / 34,PHYSICAL SCIENCE A,WILLIAM BAUR,11,2026,,0.00 pts,6.43,,31,,#N/A
6,10/8/24,4,S1,FAR108 / 14,CERAMICS I,ROBERT YEE,11,2026,F,0.00 pts,7.43,,31,,#N/A
6,10/8/24,5,S1,ENG701 / 15,JUNIOR ENG/A,JOHN CARVER,11,2026,D+,1.83 pts,12.71,,31,,Yes
6,10/8/24,6,S1,FAR108 / 16,CERAMICS I,ROBERT YEE,11,2026,,4.00 pts,6.43,,31,,#N/A
6,10/8/24,6,S1,SCI601 / 36,BIOLOGY A,WILLIAM BAUR,11,2026,F,0.00 pts,8.14,,31,,Yes
6,10/8/24,7,S1,ELE507 / A61,ADVISORY 11/A,AARON LABREE,11,2026,,,5,,31,,#N/A
6,10/8/24,1,S1,FAR108 / 11,CERAMICS I,ROBERT YEE,10,2027,C-,2.10 pts,0,,32,,#N/A
6,10/8/24,2,S1,SOC108 / 12,WORLD HISTORY/A,DAVID HOLLINGSWORTH,10,2027,C,2.34 pts,0,,32,,#N/A
6,10/8/24,3,S1,SCI601 / 33,BIOLOGY A,DONNA SCHATZ,10,2027,A-,3.44 pts,0,,32,,#N/A
6,10/8/24,4,S1,MAT522 / 14,GEOMETRY A,ROCHELLE AITON,10,2027,F,1.36 pts,0.43,,32,,Yes
6,10/8/24,5,S1,ASL503 / 15,AMERICAN SIGN LANGUAGE II/A,TAMI GRANT,10,2027,F,1.50 pts,0.43,,32,,#N/A
6,10/8/24,6,S1,ENG601 / 16,SOPH ENG/A,MARCEE SALAS,10,2027,F,1.50 pts,0.43,,32,,#N/A
6,10/8/24,7,S1,ELE505 / A50,ADVISORY 10/A,JANET GROVE,10,2027,,,0,,32,,#N/A
6,10/8/24,1,S1,VOC705 / 11,DIGITAL PHOTOGRAPHY I,ROSANNA RUFF,10,2027,F,1.57 pts,0.43,,33,,#N/A
6,10/8/24,2,S1,MAT522 / 12,GEOMETRY A,ROCHELLE AITON,10,2027,F,1.36 pts,0,,33,,Yes
6,10/8/24,3,S1,ASL501 / 13,AMERICAN SIGN LANGUAGE I/A,KYLA RITCHEY,10,2027,B,3.00 pts,0,,33,,#N/A
6,10/8/24,4,S1,SOC108 / 14,WORLD HISTORY/A,DAVID HOLLINGSWORTH,10,2027,B-,2.83 pts,0,,33,,#N/A
6,10/8/24,5,S1,ENG601 / 15,SOPH ENG/A,MARCEE SALAS,10,2027,C-,2.03 pts,0,,33,,Yes
6,10/8/24,6,S1,SCI601 / 36,BIOLOGY A,WILLIAM BAUR,10,2027,C-,2.03 pts,0,,33,,Yes
6,10/8/24,7,S1,ELE505 / A90,ADVISORY 10/A,MICHAEL WAREHAM,10,2027,,,0,,33,,#N/A
6,10/8/24,1,S1,VOC106 / 11,METAL MANUFACTURING & TECH I,DONALD O'BRIEN,10,2027,A,3.63 pts,0.86,,34,,#N/A
6,10/8/24,2,S1,ENG601 / 12,SOPH ENG/A,KELLY GREGERSEN,10,2027,C-,2.12 pts,0.14,,34,,Yes
6,10/8/24,3,S1,SCI601 / 13,BIOLOGY A,GRANT MERRILL,10,2027,F,0.94 pts,0.29,,34,,Yes
6,10/8/24,4,S1,MAT522 / 14,GEOMETRY A,ROCHELLE AITON,10,2027,F,0.90 pts,0.29,,34,,Yes
6,10/8/24,5,S1,VOC503 / 15,FINE ARTS WOODS II,BRENT MANSELL,10,2027,A,3.87 pts,0.43,,34,,#N/A
6,10/8/24,6,S1,SOC108 / 16,WORLD HISTORY/A,RYAN ISAACSON,10,2027,F,0.81 pts,0.57,,34,,#N/A
6,10/8/24,7,S1,ELE505 / A60,ADVISORY 10/A,GRANT MERRILL,10,2027,,,0.29,,34,,#N/A
6,10/8/24,1,S1,ENG801 / 11,SENIOR ENG/A,HEATHER CARVER,12,2025,B,2.99 pts,0,,35,,#N/A
6,10/8/24,2,S1,SCI609 / 12,CHEMISTRY/A,GRANT MERRILL,12,2025,C-,2.00 pts,0,,35,,Yes
6,10/8/24,3,S1,SOC802 / 13,CIVICS,JIM REED,12,2025,F,1.56 pts,0,,35,,#N/A
6,10/8/24,4,S1,HFL115 / 14,ADVANCED PASTRY ARTS I,KAYLA PAYNE,12,2025,A,3.76 pts,0,,35,,#N/A
6,10/8/24,5,S1,ONT400 / 15,ON-TRACK/A,ROBERT YEE,12,2025,C+,2.50 pts,0.14,,35,,#N/A
6,10/8/24,6,S1,FAR111 / 16,CERAMICS IV,ROBERT YEE,12,2025,B,3.00 pts,0,,35,,#N/A
6,10/8/24,7,S1,ELE509 / A62,ADVISORY 12/A,RYAN ISAACSON,12,2025,,,0,,35,,#N/A
6,10/8/24,1,S1,CTE114 / 11,ENGINEERING A,JASON BLAESING,11,2026,B-,2.79 pts,7,,36,,#N/A
6,10/8/24,2,S1,MAT701 / 12,ALGEBRA II A,JASON BLAESING,11,2026,F,1.04 pts,7,,36,,Yes
6,10/8/24,3,S1,PED500 / 13,WEIGHT TRAINING,SCOTT BOOTHBY,11,2026,B-,2.77 pts,7,,36,,#N/A
6,10/8/24,4,S1,ENG701 / 14,JUNIOR ENG/A,JOHN CARVER,11,2026,C,2.28 pts,7.14,,36,,#N/A
6,10/8/24,5,S1,SOC701 / 15,US HISTORY/A,DAVE HAJEK,11,2026,C-,2.00 pts,7,,36,,#N/A
6,10/8/24,6,S1,FAR542 / 16,WIND ENSEMB/A,DAVID DUARTE,11,2026,A,4.00 pts,7,,36,,#N/A
6,10/8/24,7,S1,ELE507 / A41,ADVISORY 11/A,BRENT MANSELL,11,2026,,,7,,36,,#N/A
6,10/8/24,1,S1,VOC502 / 11,FINE ARTS WOODWORKING I,BRENT MANSELL,11,2026,A,4.00 pts,0,,37,,#N/A
6,10/8/24,2,S1,SCI503 / 12,PHYSICAL SCIENCE A,JAMES BENNETT,11,2026,B,3.10 pts,0,,37,,#N/A
6,10/8/24,3,S1,ONT400 / 13,ON-TRACK/A,BRIAN ANDERSON,11,2026,A,4.00 pts,0.14,,37,,#N/A
6,10/8/24,4,S1,ENG715 / 14,FILM AS LITERATURE,KELLY GREGERSEN,11,2026,B,2.96 pts,0,,37,,#N/A
6,10/8/24,5,S1,BUS301 / 15,PERSONAL FINANCE A,NICOLE SIMEK,11,2026,F,1.19 pts,0,,37,,#N/A
6,10/8/24,6,S1,SOC701 / 16,US HISTORY/A,SCOTT BOOTHBY,11,2026,C+,2.59 pts,0.14,,37,,Yes
6,10/8/24,7,S1,ELE507 / A21,ADVISORY 11/A,HEATHER CARVER,11,2026,,,0,,37,,#N/A
6,10/8/24,1,S1,VOC502 / 11,FINE ARTS WOODWORKING I,BRENT MANSELL,10,2027,A,4.00 pts,2,,38,,#N/A
6,10/8/24,2,S1,SCI601 / 32,BIOLOGY A,DONNA SCHATZ,10,2027,A,4.00 pts,2.71,,38,,#N/A
6,10/8/24,3,S1,MAT522 / 13,GEOMETRY A,ROCHELLE AITON,10,2027,F,1.43 pts,2.71,,38,,Yes
6,10/8/24,4,S1,PED500 / 14,WEIGHT TRAINING,SCOTT DIZMANG,10,2027,A,4.00 pts,2.71,,38,,#N/A
6,10/8/24,5,S1,ENG601 / 15,SOPH ENG/A,MARCEE SALAS,10,2027,A-,3.42 pts,2.71,,38,,Yes
6,10/8/24,6,S1,SOC108 / 36,WORLD HISTORY/A,DAVE HAJEK,10,2027,D,1.68 pts,2.71,,38,,#N/A
6,10/8/24,7,S1,ELE505 / A70,ADVISORY 10/A,JOHN MILLER,10,2027,,,2,,38,,#N/A
6,10/8/24,1,S1,VOC106 / 11,METAL MANUFACTURING & TECH I,DONALD O'BRIEN,10,2027,A,4.00 pts,0.43,,39,,#N/A
6,10/8/24,2,S1,SOC108 / 12,WORLD HISTORY/A,DAVID HOLLINGSWORTH,10,2027,D,1.70 pts,0.43,,39,,#N/A
6,10/8/24,3,S1,MAT522 / 13,GEOMETRY A,ROCHELLE AITON,10,2027,F,1.48 pts,0.43,,39,,Yes
6,10/8/24,4,S1,PED500 / 14,WEIGHT TRAINING,SCOTT DIZMANG,10,2027,A,4.00 pts,0,,39,,#N/A
6,10/8/24,5,S1,ENG601 / 15,SOPH ENG/A,MARCEE SALAS,10,2027,D,1.74 pts,0.14,,39,,Yes
6,10/8/24,6,S1,SCI601 / 36,BIOLOGY A,WILLIAM BAUR,10,2027,B,3.03 pts,0,,39,,Yes
6,10/8/24,7,S1,ELE505 / A20,ADVISORY 10/A,ROCHELLE AITON,10,2027,,,0,,39,,#N/A
6,10/8/24,1,S1,ENG701 / 11,JUNIOR ENG/A,JOHN CARVER,11,2026,B,3.03 pts,0,,40,,#N/A
6,10/8/24,2,S1,MAT701 / 12,ALGEBRA II A,JASON BLAESING,11,2026,F,1.12 pts,0,,40,,Yes
6,10/8/24,3,S1,PED500 / 13,WEIGHT TRAINING,SCOTT BOOTHBY,11,2026,A,4.00 pts,0,,40,,#N/A
6,10/8/24,4,S1,SCI503 / 34,PHYSICAL SCIENCE A,WILLIAM BAUR,11,2026,C-,2.06 pts,0.57,,40,,#N/A
6,10/8/24,5,S1,SPA601 / 15,SPANISH II A,ROCHELLE AITON,11,2026,C+,2.68 pts,0.57,,40,,#N/A
6,10/8/24,6,S1,SOC701 / 16,US HISTORY/A,SCOTT BOOTHBY,11,2026,D,1.68 pts,0.57,,40,,Yes
6,10/8/24,7,S1,ELE507 / A31,ADVISORY 11/A,DAVID HOLLINGSWORTH,11,2026,,,0.57,,40,,#N/A
6,10/8/24,1,S1,SOC701 / 11,US HISTORY/A,DAVE HAJEK,11,2026,C+,2.57 pts,0.57,,47,,#N/A
6,10/8/24,2,S1,SCI609 / 12,CHEMISTRY/A,GRANT MERRILL,11,2026,C-,2.02 pts,0.43,,47,,Yes
6,10/8/24,3,S1,ASL503 / 13,AMERICAN SIGN LANGUAGE II/A,TAMI GRANT,11,2026,,,0,,47,,#N/A
6,10/8/24,4,S1,PED500 / 14,WEIGHT TRAINING,SCOTT DIZMANG,11,2026,A,4.00 pts,0,,47,,#N/A
6,10/8/24,5,S1,MAT701 / 35,ALGEBRA II A,JENNIFER REILLY,11,2026,A,4.00 pts,0,,47,,#N/A
6,10/8/24,6,S1,ENG701 / 16,JUNIOR ENG/A,JOHN CARVER,11,2026,B,3.03 pts,0,,47,,#N/A
6,10/8/24,7,S1,ELE507 / A91,ADVISORY 11/A,DONNA SCHATZ,11,2026,,,0.57,,47,,#N/A
6,10/8/24,1,S1,ENG701 / 11,JUNIOR ENG/A,JOHN CARVER,11,2026,C+,2.54 pts,0.57,,41,,#N/A
6,10/8/24,2,S1,HFL116 / 12,BAKING PASTRY ARTS I,KAYLA PAYNE,11,2026,A,3.81 pts,0.43,,41,,#N/A
6,10/8/24,3,S1,SCI503 / 33,PHYSICAL SCIENCE A,WILLIAM BAUR,11,2026,B,2.93 pts,0,,41,,#N/A
6,10/8/24,4,S1,SOC701 / 14,US HISTORY/A,DAVE HAJEK,11,2026,D,1.65 pts,0.29,,41,,Yes
6,10/8/24,5,S1,ASL503 / 15,AMERICAN SIGN LANGUAGE II/A,TAMI GRANT,11,2026,A-,3.50 pts,0,,41,,#N/A
6,10/8/24,6,S1,MAT701 / 16,ALGEBRA II A,JASON BLAESING,11,2026,F,1.55 pts,0,,41,,Yes
6,10/8/24,7,S1,ELE507 / A31,ADVISORY 11/A,DAVID HOLLINGSWORTH,11,2026,,,0,,41,,#N/A
6,10/8/24,1,S1,FAR606 / 11,ADVANCED ACTING/ A,KELLY GREGERSEN,12,2025,A,4.00 pts,1.29,,42,,#N/A
6,10/8/24,2,S1,SCI609 / 12,CHEMISTRY/A,GRANT MERRILL,12,2025,F,1.06 pts,0.57,,42,,Yes
6,10/8/24,3,S1,ENG801 / 13,SENIOR ENG/A,JOHN CARVER,12,2025,B,3.01 pts,1.29,,42,,#N/A
6,10/8/24,4,S1,HFL118 / 14,ADV CULINARY ARTS A,ALEXANDRA YOST,12,2025,C,2.31 pts,1.29,,42,,#N/A
6,10/8/24,5,S1,BUS301 / 15,PERSONAL FINANCE A,NICOLE SIMEK,12,2025,B,3.19 pts,0.71,,42,,#N/A
6,10/8/24,6,S1,FAR542 / 16,WIND ENSEMB/A,DAVID DUARTE,12,2025,C+,2.67 pts,0.86,,42,,#N/A
6,10/8/24,7,S1,ELE509 / A82,ADVISORY 12/A,ALEXANDRA YOST,12,2025,,,0.71,,42,,#N/A
6,10/8/24,1,S1,ENG701 / 11,JUNIOR ENG/A,JOHN CARVER,11,2026,C-,2.19 pts,6,,43,,#N/A
6,10/8/24,2,S1,SCI503 / 12,PHYSICAL SCIENCE A,JAMES BENNETT,11,2026,B,3.03 pts,5,,43,,#N/A
6,10/8/24,3,S1,ASL503 / 13,AMERICAN SIGN LANGUAGE II/A,TAMI GRANT,11,2026,B,3.00 pts,4.14,,43,,#N/A
6,10/8/24,4,S1,SOC701 / 14,US HISTORY/A,DAVE HAJEK,11,2026,C-,2.06 pts,6,,43,,Yes
6,10/8/24,5,S1,SOC105 / 15,AP PSYCHOLOGY A,JIM REED,11,2026,A,3.90 pts,3.86,,43,,#N/A
6,10/8/24,6,S1,MAT701 / 16,ALGEBRA II A,JASON BLAESING,11,2026,C+,2.51 pts,4.86,,43,,Yes
6,10/8/24,7,S1,ELE507 / A41,ADVISORY 11/A,BRENT MANSELL,11,2026,,,2.29,,43,,#N/A
6,10/8/24,1,S1,MAT522 / 11,GEOMETRY A,ROCHELLE AITON,10,2027,F,0.90 pts,5.14,,44,,Yes
6,10/8/24,2,S1,HFL116 / 12,BAKING PASTRY ARTS I,KAYLA PAYNE,10,2027,A,3.72 pts,2.14,,44,,#N/A
6,10/8/24,2,S1,SCI601 / 32,BIOLOGY A,DONNA SCHATZ,10,2027,,0.20 pts,1.86,,44,,#N/A
6,10/8/24,3,S1,HFL116 / 13,BAKING PASTRY ARTS I,KAYLA PAYNE,10,2027,,,2.57,,44,,#N/A
6,10/8/24,3,S1,SCI601 / 33,BIOLOGY A,DONNA SCHATZ,10,2027,F,0.20 pts,3.43,,44,,#N/A
6,10/8/24,4,S1,PED500 / 14,WEIGHT TRAINING,SCOTT DIZMANG,10,2027,B,3.05 pts,7.14,,44,,#N/A
6,10/8/24,5,S1,ENG601 / 15,SOPH ENG/A,MARCEE SALAS,10,2027,D+,1.95 pts,7,,44,,Yes
6,10/8/24,6,S1,SOC108 / 16,WORLD HISTORY/A,RYAN ISAACSON,10,2027,F,0.73 pts,6.71,,44,,#N/A
6,10/8/24,7,S1,ELE505 / A30,ADVISORY 10/A,WILLIAM BAUR,10,2027,,,3.86,,44,,#N/A
6,10/8/24,1,S1,VOC705 / 11,DIGITAL PHOTOGRAPHY I,ROSANNA RUFF,11,2026,A,3.95 pts,0.43,,45,,#N/A
6,10/8/24,2,S1,SCI609 / 12,CHEMISTRY/A,GRANT MERRILL,11,2026,C-,2.02 pts,0.43,,45,,Yes
6,10/8/24,3,S1,ENG719 / 13,AP LANGUAGE/COMPOSITION A,HEATHER CARVER,11,2026,B,3.07 pts,0,,45,,#N/A
6,10/8/24,4,S1,PED500 / 14,WEIGHT TRAINING,SCOTT DIZMANG,11,2026,A,4.00 pts,0,,45,,#N/A
6,10/8/24,5,S1,SOC703 / 15,AP US HISTORY A,RYAN ISAACSON,11,2026,A,4.00 pts,0,,45,,#N/A
6,10/8/24,6,S1,MAT701 / 16,ALGEBRA II A,JASON BLAESING,11,2026,B,3.07 pts,0.14,,45,,Yes
6,10/8/24,7,S1,ELE507 / A81,ADVISORY 11/A,ROSANNA RUFF,11,2026,,,0.43,,45,,#N/A
5,10/1/24,5,S1,ENG701 / 15,JUNIOR ENG/A,JOHN CARVER,11,2026,A,3.82 pts,2.57,,222,,Yes
6,10/8/24,2,S1,MAT701 / 12,ALGEBRA II A,JASON BLAESING,11,2026,C+,2.61 pts,2.71,,222,,Yes
6,10/8/24,5,S1,ENG701 / 15,JUNIOR ENG/A,JOHN CARVER,11,2026,A,3.63 pts,2.57,,222,,Yes
7,10/16/24,2,S1,MAT701 / 12,ALGEBRA II A,JASON BLAESING,11,2026,C,2.38 pts,2.71,,222,,Yes
7,10/16/24,5,S1,ENG701 / 15,JUNIOR ENG/A,JOHN CARVER,11,2026,A,3.67 pts,2.71,,222,,Yes
8,10/22/24,2,S1,MAT701 / 12,ALGEBRA II A,JASON BLAESING,11,2026,B,2.97 pts,3.71,,222,,Yes
8,10/22/24,5,S1,ENG701 / 15,JUNIOR ENG/A,JOHN CARVER,11,2026,A-,3.47 pts,3.71,,222,,Yes
9,10/29/24,2,S1,MAT701 / 12,ALGEBRA II A,JASON BLAESING,11,2026,B,3.02 pts,3.71,,222,,Yes
9,10/29/24,5,S1,ENG701 / 15,JUNIOR ENG/A,JOHN CARVER,11,2026,A-,3.47 pts,3.71,,222,,Yes
10,11/5/24,2,S1,MAT701 / 12,ALGEBRA II A,JASON BLAESING,11,2026,B,3.01 pts,3.71,,222,,Yes
10,11/5/24,5,S1,ENG701 / 15,JUNIOR ENG/A,JOHN CARVER,11,2026,A-,3.49 pts,3.71,,222,,Yes
2,9/10/24,5,S1,ENG701 / 15,JUNIOR ENG/A,JOHN CARVER,11,2026,,,0,,223,,Yes
3,9/17/24,4,S1,SOC701 / 14,US HISTORY/A,DAVE HAJEK,11,2026,A,4.00 pts,0,,223,,Yes
3,9/17/24,5,S1,ENG701 / 15,JUNIOR ENG/A,JOHN CARVER,11,2026,A,3.95 pts,0,,223,,Yes
4,9/24/24,4,S1,SOC701 / 14,US HISTORY/A,DAVE HAJEK,11,2026,A,4.00 pts,0,,223,,Yes
4,9/24/24,5,S1,ENG701 / 15,JUNIOR ENG/A,JOHN CARVER,11,2026,A,3.98 pts,0,,223,,Yes
5,10/1/24,4,S1,SOC701 / 14,US HISTORY/A,DAVE HAJEK,11,2026,A,3.98 pts,0,,223,,Yes
5,10/1/24,5,S1,ENG701 / 15,JUNIOR ENG/A,JOHN CARVER,11,2026,A,3.98 pts,0,,223,,Yes
6,10/8/24,4,S1,SOC701 / 14,US HISTORY/A,DAVE HAJEK,11,2026,A,3.98 pts,0,,223,,Yes
6,10/8/24,5,S1,ENG701 / 15,JUNIOR ENG/A,JOHN CARVER,11,2026,A,3.99 pts,0,,223,,Yes
7,10/16/24,4,S1,SOC701 / 14,US HISTORY/A,DAVE HAJEK,11,2026,A,3.97 pts,0,,223,,Yes
7,10/16/24,5,S1,ENG701 / 15,JUNIOR ENG/A,JOHN CARVER,11,2026,A,3.99 pts,0,,223,,Yes
8,10/22/24,4,S1,SOC701 / 14,US HISTORY/A,DAVE HAJEK,11,2026,A,3.98 pts,0,,223,,Yes
8,10/22/24,5,S1,ENG701 / 15,JUNIOR ENG/A,JOHN CARVER,11,2026,A,3.72 pts,0,,223,,Yes
9,10/29/24,4,S1,SOC701 / 14,US HISTORY/A,DAVE HAJEK,11,2026,A,3.98 pts,0,,223,,Yes
9,10/29/24,5,S1,ENG701 / 15,JUNIOR ENG/A,JOHN CARVER,11,2026,A,3.72 pts,0,,223,,Yes
10,11/5/24,4,S1,SOC701 / 14,US HISTORY/A,DAVE HAJEK,11,2026,A,3.98 pts,1,,223,,Yes
10,11/5/24,5,S1,ENG701 / 15,JUNIOR ENG/A,JOHN CARVER,11,2026,A,3.72 pts,1,,223,,Yes
2,9/10/24,6,S1,SOC701 / 16,US HISTORY/A,SCOTT BOOTHBY,11,2026,F,0.00 pts,0,,224,,Yes
3,9/17/24,6,S1,SOC701 / 16,US HISTORY/A,SCOTT BOOTHBY,11,2026,A,4.00 pts,1,,224,,Yes
4,9/24/24,6,S1,SOC701 / 16,US HISTORY/A,SCOTT BOOTHBY,11,2026,A-,3.45 pts,2,,224,,Yes
5,10/1/24,6,S1,SOC701 / 16,US HISTORY/A,SCOTT BOOTHBY,11,2026,A-,3.46 pts,2,,224,,Yes
6,10/8/24,6,S1,SOC701 / 16,US HISTORY/A,SCOTT BOOTHBY,11,2026,A-,3.48 pts,3,,224,,Yes
7,10/16/24,6,S1,SOC701 / 16,US HISTORY/A,SCOTT BOOTHBY,11,2026,A,3.72 pts,3,,224,,Yes
8,10/22/24,6,S1,SOC701 / 16,US HISTORY/A,SCOTT BOOTHBY,11,2026,A,3.72 pts,3,,224,,Yes
9,10/29/24,6,S1,SOC701 / 16,US HISTORY/A,SCOTT BOOTHBY,11,2026,A,3.73 pts,3,,224,,Yes
10,11/5/24,6,S1,SOC701 / 16,US HISTORY/A,SCOTT BOOTHBY,11,2026,A,3.75 pts,4.67,,224,,Yes
2,9/10/24,6,S1,MAT701 / 16,ALGEBRA II A,JASON BLAESING,11,2026,,,0,,225,,Yes
3,9/17/24,6,S1,MAT701 / 16,ALGEBRA II A,JASON BLAESING,11,2026,C+,2.67 pts,0,,225,,Yes
4,9/24/24,6,S1,MAT701 / 16,ALGEBRA II A,JASON BLAESING,11,2026,C-,2.08 pts,0,,225,,Yes
5,10/1/24,6,S1,MAT701 / 16,ALGEBRA II A,JASON BLAESING,11,2026,D+,1.98 pts,0,,225,,Yes
6,10/8/24,6,S1,MAT701 / 16,ALGEBRA II A,JASON BLAESING,11,2026,B,2.98 pts,0,,225,,Yes
7,10/16/24,6,S1,MAT701 / 16,ALGEBRA II A,JASON BLAESING,11,2026,C+,2.63 pts,0,,225,,Yes
8,10/22/24,6,S1,MAT701 / 16,ALGEBRA II A,JASON BLAESING,11,2026,C+,2.66 pts,0,,225,,Yes
9,10/29/24,6,S1,MAT701 / 16,ALGEBRA II A,JASON BLAESING,11,2026,C+,2.50 pts,0,,225,,Yes
10,11/5/24,6,S1,MAT701 / 16,ALGEBRA II A,JASON BLAESING,11,2026,C,2.48 pts,0,,225,,Yes
2,9/10/24,6,S1,MAT701 / 16,ALGEBRA II A,JASON BLAESING,10,2027,,,0,,226,,Yes
2,9/10/24,3,S1,SCI601 / 13,BIOLOGY A,GRANT MERRILL,10,2027,A,4.00 pts,0,,226,,Yes
3,9/17/24,3,S1,SCI601 / 13,BIOLOGY A,GRANT MERRILL,10,2027,B,2.90 pts,0,,226,,Yes
3,9/17/24,6,S1,MAT701 / 16,ALGEBRA II A,JASON BLAESING,10,2027,A,4.00 pts,0,,226,,Yes
4,9/24/24,3,S1,SCI601 / 13,BIOLOGY A,GRANT MERRILL,10,2027,B,3.00 pts,0,,226,,Yes
4,9/24/24,6,S1,MAT701 / 16,ALGEBRA II A,JASON BLAESING,10,2027,B,3.10 pts,0,,226,,Yes
5,10/1/24,3,S1,SCI601 / 13,BIOLOGY A,GRANT MERRILL,10,2027,B,2.95 pts,0,,226,,Yes
5,10/1/24,6,S1,MAT701 / 16,ALGEBRA II A,JASON BLAESING,10,2027,A,4.00 pts,0,,226,,Yes
6,10/8/24,3,S1,SCI601 / 13,BIOLOGY A,GRANT MERRILL,10,2027,B,2.94 pts,0,,226,,Yes
6,10/8/24,6,S1,MAT701 / 16,ALGEBRA II A,JASON BLAESING,10,2027,A,4.00 pts,0,,226,,Yes
7,10/16/24,3,S1,SCI601 / 13,BIOLOGY A,GRANT MERRILL,10,2027,B,2.96 pts,0,,226,,Yes
7,10/16/24,6,S1,MAT701 / 16,ALGEBRA II A,JASON BLAESING,10,2027,B+,3.37 pts,0,,226,,Yes
8,10/22/24,3,S1,SCI601 / 13,BIOLOGY A,GRANT MERRILL,10,2027,C,2.41 pts,0,,226,,Yes
8,10/22/24,6,S1,MAT701 / 16,ALGEBRA II A,JASON BLAESING,10,2027,A,3.98 pts,0.57,,226,,Yes
9,10/29/24,3,S1,SCI601 / 13,BIOLOGY A,GRANT MERRILL,10,2027,B+,3.25 pts,0,,226,,Yes
9,10/29/24,6,S1,MAT701 / 16,ALGEBRA II A,JASON BLAESING,10,2027,A,3.75 pts,0.57,,226,,Yes
10,11/5/24,3,S1,SCI601 / 13,BIOLOGY A,GRANT MERRILL,10,2027,B+,3.26 pts,0,,226,,Yes
10,11/5/24,6,S1,MAT701 / 16,ALGEBRA II A,JASON BLAESING,10,2027,A,3.75 pts,0.57,,226,,Yes
2,9/10/24,2,S1,BUS301 / 12,PERSONAL FINANCE A,NICOLE SIMEK,12,2025,,,1,,227,,Yes
3,9/17/24,2,S1,BUS301 / 12,PERSONAL FINANCE A,NICOLE SIMEK,12,2025,A,4.00 pts,1.86,,227,,Yes
4,9/24/24,2,S1,BUS301 / 12,PERSONAL FINANCE A,NICOLE SIMEK,12,2025,A,3.98 pts,2.86,,227,,Yes
5,10/1/24,2,S1,BUS301 / 12,PERSONAL FINANCE A,NICOLE SIMEK,12,2025,C+,2.67 pts,6.71,,227,,Yes
6,10/8/24,2,S1,BUS301 / 12,PERSONAL FINANCE A,NICOLE SIMEK,12,2025,C-,2.05 pts,9.71,,227,,Yes
7,10/16/24,2,S1,BUS301 / 12,PERSONAL FINANCE A,NICOLE SIMEK,12,2025,F,1.64 pts,14.71,,227,,Yes
8,10/22/24,2,S1,BUS301 / 12,PERSONAL FINANCE A,NICOLE SIMEK,12,2025,F,0.84 pts,19.71,,227,,Yes
9,10/29/24,2,S1,BUS301 / 12,PERSONAL FINANCE A,NICOLE SIMEK,12,2025,F,0.92 pts,21.71,,227,,Yes
10,11/5/24,2,S1,BUS301 / 12,PERSONAL FINANCE A,NICOLE SIMEK,12,2025,F,0.92 pts,21.71,,227,,Yes
2,9/10/24,2,S1,MAT522 / 12,GEOMETRY A,ROCHELLE AITON,9,2028,,,0,,228,,Yes
3,9/17/24,2,S1,MAT522 / 12,GEOMETRY A,ROCHELLE AITON,9,2028,B,3.00 pts,0,,228,,Yes
4,9/24/24,2,S1,MAT522 / 12,GEOMETRY A,ROCHELLE AITON,9,2028,A,3.95 pts,0,,228,,Yes
5,10/1/24,2,S1,MAT522 / 12,GEOMETRY A,ROCHELLE AITON,9,2028,A,3.95 pts,0,,228,,Yes
6,10/8/24,2,S1,MAT522 / 12,GEOMETRY A,ROCHELLE AITON,9,2028,A,3.90 pts,0,,228,,Yes
7,10/16/24,2,S1,MAT522 / 12,GEOMETRY A,ROCHELLE AITON,9,2028,A,3.90 pts,0,,228,,Yes
8,10/22/24,2,S1,MAT522 / 12,GEOMETRY A,ROCHELLE AITON,9,2028,A,3.90 pts,0,,228,,Yes
8,10/22/24,2,S1,MAT522 / 12,GEOMETRY A,NINETTE LILIENTHAL,9,2028,A,3.90 pts,0,,228,,Yes
9,10/29/24,2,S1,MAT522 / 12,GEOMETRY A,ROCHELLE AITON,9,2028,A,3.95 pts,0,,228,,Yes
9,10/29/24,2,S1,MAT522 / 12,GEOMETRY A,NINETTE LILIENTHAL,9,2028,A,3.95 pts,0,,228,,Yes
10,11/5/24,2,S1,MAT522 / 12,GEOMETRY A,ROCHELLE AITON,9,2028,A,3.95 pts,0,,228,,Yes
10,11/5/24,2,S1,MAT522 / 12,GEOMETRY A,NINETTE LILIENTHAL,9,2028,A,3.95 pts,0,,228,,Yes
2,9/10/24,6,S1,ENG501 / 16,FR ENGLISH/A,DAVID HOLLINGSWORTH,9,2028,A,4.00 pts,0,,229,,Yes
3,9/17/24,6,S1,ENG501 / 16,FR ENGLISH/A,DAVID HOLLINGSWORTH,9,2028,A,4.00 pts,0,,229,,Yes
4,9/24/24,6,S1,ENG501 / 16,FR ENGLISH/A,DAVID HOLLINGSWORTH,9,2028,A,4.00 pts,0,,229,,Yes
5,10/1/24,6,S1,ENG501 / 16,FR ENGLISH/A,DAVID HOLLINGSWORTH,9,2028,C+,2.58 pts,0,,229,,Yes
6,10/8/24,6,S1,ENG501 / 16,FR ENGLISH/A,DAVID HOLLINGSWORTH,9,2028,C+,2.57 pts,0,,229,,Yes
7,10/16/24,6,S1,ENG501 / 16,FR ENGLISH/A,DAVID HOLLINGSWORTH,9,2028,C+,2.60 pts,0,,229,,Yes
8,10/22/24,6,S1,ENG501 / 16,FR ENGLISH/A,DAVID HOLLINGSWORTH,9,2028,B-,2.79 pts,0,,229,,Yes
9,10/29/24,6,S1,ENG501 / 16,FR ENGLISH/A,DAVID HOLLINGSWORTH,9,2028,C-,2.08 pts,0,,229,,Yes
10,11/5/24,6,S1,ENG501 / 16,FR ENGLISH/A,DAVID HOLLINGSWORTH,9,2028,B,3.11 pts,0,,229,,Yes
2,9/10/24,3,S1,BUS301 / 13,PERSONAL FINANCE A,NICOLE SIMEK,11,2026,,,0,,230,,Yes
2,9/10/24,5,S1,ENG701 / 15,JUNIOR ENG/A,JOHN CARVER,11,2026,,,0,,230,,Yes
3,9/17/24,3,S1,BUS301 / 13,PERSONAL FINANCE A,NICOLE SIMEK,11,2026,A,4.00 pts,0,,230,,Yes
3,9/17/24,4,S1,SOC701 / 14,US HISTORY/A,DAVE HAJEK,11,2026,B+,3.23 pts,0,,230,,Yes
3,9/17/24,5,S1,ENG701 / 15,JUNIOR ENG/A,JOHN CARVER,11,2026,A,3.95 pts,0,,230,,Yes
4,9/24/24,3,S1,BUS301 / 13,PERSONAL FINANCE A,NICOLE SIMEK,11,2026,A,4.00 pts,0,,230,,Yes
4,9/24/24,4,S1,SOC701 / 14,US HISTORY/A,DAVE HAJEK,11,2026,A-,3.47 pts,0,,230,,Yes
4,9/24/24,5,S1,ENG701 / 15,JUNIOR ENG/A,JOHN CARVER,11,2026,A,3.98 pts,0,,230,,Yes
5,10/1/24,3,S1,BUS301 / 13,PERSONAL FINANCE A,NICOLE SIMEK,11,2026,A,4.00 pts,0,,230,,Yes
5,10/1/24,4,S1,SOC701 / 14,US HISTORY/A,DAVE HAJEK,11,2026,A-,3.48 pts,0,,230,,Yes
5,10/1/24,5,S1,ENG701 / 15,JUNIOR ENG/A,JOHN CARVER,11,2026,A,3.98 pts,0,,230,,Yes
6,10/8/24,3,S1,BUS301 / 13,PERSONAL FINANCE A,NICOLE SIMEK,11,2026,A,3.76 pts,0,,230,,Yes
6,10/8/24,4,S1,SOC701 / 14,US HISTORY/A,DAVE HAJEK,11,2026,A-,3.48 pts,0,,230,,Yes
6,10/8/24,5,S1,ENG701 / 15,JUNIOR ENG/A,JOHN CARVER,11,2026,B+,3.27 pts,0,,230,,Yes
7,10/16/24,3,S1,BUS301 / 13,PERSONAL FINANCE A,NICOLE SIMEK,11,2026,A,3.81 pts,0,,230,,Yes
7,10/16/24,4,S1,SOC701 / 14,US HISTORY/A,DAVE HAJEK,11,2026,A-,3.47 pts,0,,230,,Yes
7,10/16/24,5,S1,ENG701 / 15,JUNIOR ENG/A,JOHN CARVER,11,2026,A,4.00 pts,0,,230,,Yes
8,10/22/24,3,S1,BUS301 / 13,PERSONAL FINANCE A,NICOLE SIMEK,11,2026,A-,3.41 pts,0.86,,230,,Yes
8,10/22/24,4,S1,SOC701 / 14,US HISTORY/A,DAVE HAJEK,11,2026,B+,3.25 pts,0.86,,230,,Yes
8,10/22/24,5,S1,ENG701 / 15,JUNIOR ENG/A,JOHN CARVER,11,2026,A,3.96 pts,0.86,,230,,Yes
9,10/29/24,3,S1,BUS301 / 13,PERSONAL FINANCE A,NICOLE SIMEK,11,2026,A,3.61 pts,1,,230,,Yes
9,10/29/24,4,S1,SOC701 / 14,US HISTORY/A,DAVE HAJEK,11,2026,B,3.01 pts,1,,230,,Yes
9,10/29/24,5,S1,ENG701 / 15,JUNIOR ENG/A,JOHN CARVER,11,2026,A,3.96 pts,1,,230,,Yes
10,11/5/24,3,S1,BUS301 / 13,PERSONAL FINANCE A,NICOLE SIMEK,11,2026,A,3.61 pts,1,,230,,Yes
10,11/5/24,4,S1,SOC701 / 14,US HISTORY/A,DAVE HAJEK,11,2026,B+,3.39 pts,1,,230,,Yes
10,11/5/24,5,S1,ENG701 / 15,JUNIOR ENG/A,JOHN CARVER,11,2026,A,3.99 pts,1,,230,,Yes
2,9/10/24,2,S1,MAT522 / 12,GEOMETRY A,ROCHELLE AITON,9,2028,,,0,,231,,Yes
3,9/17/24,2,S1,MAT522 / 12,GEOMETRY A,ROCHELLE AITON,9,2028,A,4.00 pts,0,,231,,Yes
4,9/24/24,2,S1,MAT522 / 12,GEOMETRY A,ROCHELLE AITON,9,2028,A,4.00 pts,0,,231,,Yes
5,10/1/24,2,S1,MAT522 / 12,GEOMETRY A,ROCHELLE AITON,9,2028,A,4.00 pts,0,,231,,Yes
6,10/8/24,2,S1,MAT522 / 12,GEOMETRY A,ROCHELLE AITON,9,2028,A,4.00 pts,0,,231,,Yes
7,10/16/24,2,S1,MAT522 / 12,GEOMETRY A,ROCHELLE AITON,9,2028,A,4.00 pts,0,,231,,Yes
8,10/22/24,2,S1,MAT522 / 12,GEOMETRY A,ROCHELLE AITON,9,2028,A,4.00 pts,0,,231,,Yes
8,10/22/24,2,S1,MAT522 / 12,GEOMETRY A,NINETTE LILIENTHAL,9,2028,A,4.00 pts,0,,231,,Yes
9,10/29/24,2,S1,MAT522 / 12,GEOMETRY A,ROCHELLE AITON,9,2028,A,4.00 pts,0,,231,,Yes
9,10/29/24,2,S1,MAT522 / 12,GEOMETRY A,NINETTE LILIENTHAL,9,2028,A,4.00 pts,0,,231,,Yes
10,11/5/24,2,S1,MAT522 / 12,GEOMETRY A,ROCHELLE AITON,9,2028,A,4.00 pts,0,,231,,Yes
10,11/5/24,2,S1,MAT522 / 12,GEOMETRY A,NINETTE LILIENTHAL,9,2028,A,4.00 pts,0,,231,,Yes
2,9/10/24,2,S1,MAT522 / 12,GEOMETRY A,ROCHELLE AITON,10,2027,,,0.86,,232,,Yes
3,9/17/24,2,S1,MAT522 / 12,GEOMETRY A,ROCHELLE AITON,10,2027,F,0.00 pts,2.71,,232,,Yes
4,9/24/24,2,S1,MAT522 / 12,GEOMETRY A,ROCHELLE AITON,10,2027,F,0.95 pts,3.86,,232,,Yes
5,10/1/24,2,S1,MAT522 / 12,GEOMETRY A,ROCHELLE AITON,10,2027,F,0.95 pts,4.86,,232,,Yes
6,10/8/24,2,S1,MAT522 / 12,GEOMETRY A,ROCHELLE AITON,10,2027,F,0.90 pts,5.57,,232,,Yes
7,10/16/24,2,S1,MAT522 / 12,GEOMETRY A,ROCHELLE AITON,10,2027,F,0.90 pts,9.71,,232,,Yes
8,10/22/24,2,S1,MAT522 / 12,GEOMETRY A,ROCHELLE AITON,10,2027,F,0.90 pts,11.57,,232,,Yes
8,10/22/24,2,S1,MAT522 / 12,GEOMETRY A,NINETTE LILIENTHAL,10,2027,F,0.90 pts,11.57,,232,,Yes
9,10/29/24,2,S1,MAT522 / 12,GEOMETRY A,ROCHELLE AITON,10,2027,F,0.95 pts,15,,232,,Yes
9,10/29/24,2,S1,MAT522 / 12,GEOMETRY A,NINETTE LILIENTHAL,10,2027,F,0.95 pts,15,,232,,Yes
2,9/10/24,2,S1,BUS301 / 12,PERSONAL FINANCE A,NICOLE SIMEK,12,2025,,,0,,233,,Yes
3,9/17/24,2,S1,BUS301 / 12,PERSONAL FINANCE A,NICOLE SIMEK,12,2025,A,4.00 pts,0,,233,,Yes
4,9/24/24,2,S1,BUS301 / 12,PERSONAL FINANCE A,NICOLE SIMEK,12,2025,A,4.00 pts,0,,233,,Yes
5,10/1/24,2,S1,BUS301 / 12,PERSONAL FINANCE A,NICOLE SIMEK,12,2025,A,4.00 pts,0.43,,233,,Yes
6,10/8/24,2,S1,BUS301 / 12,PERSONAL FINANCE A,NICOLE SIMEK,12,2025,A,3.76 pts,1,,233,,Yes
7,10/16/24,2,S1,BUS301 / 12,PERSONAL FINANCE A,NICOLE SIMEK,12,2025,A,3.81 pts,1,,233,,Yes
8,10/22/24,2,S1,BUS301 / 12,PERSONAL FINANCE A,NICOLE SIMEK,12,2025,D+,1.95 pts,1.71,,233,,Yes
9,10/29/24,2,S1,BUS301 / 12,PERSONAL FINANCE A,NICOLE SIMEK,12,2025,A,3.60 pts,1.71,,233,,Yes
10,11/5/24,2,S1,BUS301 / 12,PERSONAL FINANCE A,NICOLE SIMEK,12,2025,A,3.60 pts,2,,233,,Yes
2,9/10/24,6,S1,ENG501 / 16,FR ENGLISH/A,DAVID HOLLINGSWORTH,9,2028,,,7,,234,,Yes
3,9/17/24,6,S1,ENG501 / 16,FR ENGLISH/A,DAVID HOLLINGSWORTH,9,2028,,0.00 pts,7,,234,,Yes
4,9/24/24,6,S1,ENG501 / 16,FR ENGLISH/A,DAVID HOLLINGSWORTH,9,2028,,0.00 pts,7,,234,,Yes
5,10/1/24,6,S1,ENG501 / 16,FR ENGLISH/A,DAVID HOLLINGSWORTH,9,2028,,0.00 pts,7,,234,,Yes
6,10/8/24,6,S1,ENG501 / 16,FR ENGLISH/A,DAVID HOLLINGSWORTH,9,2028,,0.00 pts,7,,234,,Yes
7,10/16/24,6,S1,ENG501 / 16,FR ENGLISH/A,DAVID HOLLINGSWORTH,9,2028,,0.00 pts,7,,234,,Yes
2,9/10/24,2,S1,ENG601 / 12,SOPH ENG/A,KELLY GREGERSEN,10,2027,A,4.00 pts,0,,235,,Yes
3,9/17/24,2,S1,ENG601 / 12,SOPH ENG/A,KELLY GREGERSEN,10,2027,B,3.11 pts,0,,235,,Yes
4,9/24/24,2,S1,ENG601 / 12,SOPH ENG/A,KELLY GREGERSEN,10,2027,C+,2.60 pts,0.43,,235,,Yes
5,10/1/24,2,S1,ENG601 / 12,SOPH ENG/A,KELLY GREGERSEN,10,2027,C+,2.60 pts,0.43,,235,,Yes
6,10/8/24,2,S1,ENG601 / 12,SOPH ENG/A,KELLY GREGERSEN,10,2027,D+,1.88 pts,1.43,,235,,Yes
7,10/16/24,2,S1,ENG601 / 12,SOPH ENG/A,KELLY GREGERSEN,10,2027,D+,1.88 pts,3.43,,235,,Yes
8,10/22/24,2,S1,ENG601 / 12,SOPH ENG/A,KELLY GREGERSEN,10,2027,D+,1.92 pts,3.43,,235,,Yes
9,10/29/24,2,S1,ENG601 / 12,SOPH ENG/A,KELLY GREGERSEN,10,2027,D+,1.92 pts,3.43,,235,,Yes
10,11/5/24,2,S1,ENG601 / 12,SOPH ENG/A,KELLY GREGERSEN,10,2027,D+,1.92 pts,3.43,,235,,Yes
2,9/10/24,5,S1,ENG601 / 15,SOPH ENG/A,MARCEE SALAS,10,2027,A,4.00 pts,0,,236,,Yes
2,9/10/24,3,S1,MAT522 / 13,GEOMETRY A,ROCHELLE AITON,10,2027,,,0,,236,,Yes
3,9/17/24,3,S1,MAT522 / 13,GEOMETRY A,ROCHELLE AITON,10,2027,F,0.95 pts,0,,236,,Yes
3,9/17/24,4,S1,SCI601 / 14,BIOLOGY A,GRANT MERRILL,10,2027,F,1.11 pts,0,,236,,Yes
3,9/17/24,5,S1,ENG601 / 15,SOPH ENG/A,MARCEE SALAS,10,2027,A,4.00 pts,0,,236,,Yes
4,9/24/24,3,S1,MAT522 / 13,GEOMETRY A,ROCHELLE AITON,10,2027,B-,2.85 pts,0,,236,,Yes
4,9/24/24,4,S1,SCI601 / 14,BIOLOGY A,GRANT MERRILL,10,2027,F,1.11 pts,0,,236,,Yes
4,9/24/24,5,S1,ENG601 / 15,SOPH ENG/A,MARCEE SALAS,10,2027,C,2.46 pts,0,,236,,Yes
5,10/1/24,3,S1,MAT522 / 13,GEOMETRY A,ROCHELLE AITON,10,2027,B-,2.85 pts,1,,236,,Yes
5,10/1/24,4,S1,SCI601 / 14,BIOLOGY A,GRANT MERRILL,10,2027,A,3.81 pts,1,,236,,Yes
5,10/1/24,5,S1,ENG601 / 15,SOPH ENG/A,MARCEE SALAS,10,2027,C,2.47 pts,1,,236,,Yes
6,10/8/24,3,S1,MAT522 / 13,GEOMETRY A,ROCHELLE AITON,10,2027,B+,3.33 pts,2,,236,,Yes
6,10/8/24,4,S1,SCI601 / 14,BIOLOGY A,GRANT MERRILL,10,2027,A,3.81 pts,2,,236,,Yes
6,10/8/24,5,S1,ENG601 / 15,SOPH ENG/A,MARCEE SALAS,10,2027,C,2.41 pts,2,,236,,Yes
7,10/16/24,3,S1,MAT522 / 13,GEOMETRY A,ROCHELLE AITON,10,2027,B+,3.33 pts,2,,236,,Yes
7,10/16/24,4,S1,SCI601 / 14,BIOLOGY A,GRANT MERRILL,10,2027,A,3.80 pts,2,,236,,Yes
7,10/16/24,5,S1,ENG601 / 15,SOPH ENG/A,MARCEE SALAS,10,2027,C,2.40 pts,2,,236,,Yes
8,10/22/24,3,S1,MAT522 / 13,GEOMETRY A,ROCHELLE AITON,10,2027,B+,3.33 pts,2,,236,,Yes
8,10/22/24,3,S1,MAT522 / 13,GEOMETRY A,NINETTE LILIENTHAL,10,2027,B+,3.33 pts,2,,236,,Yes
8,10/22/24,4,S1,SCI601 / 14,BIOLOGY A,GRANT MERRILL,10,2027,B-,2.79 pts,2,,236,,Yes
8,10/22/24,5,S1,ENG601 / 15,SOPH ENG/A,MARCEE SALAS,10,2027,C,2.30 pts,2,,236,,Yes
9,10/29/24,3,S1,MAT522 / 13,GEOMETRY A,ROCHELLE AITON,10,2027,C+,2.58 pts,2,,236,,Yes
9,10/29/24,3,S1,MAT522 / 13,GEOMETRY A,NINETTE LILIENTHAL,10,2027,C+,2.58 pts,2,,236,,Yes
9,10/29/24,4,S1,SCI601 / 14,BIOLOGY A,GRANT MERRILL,10,2027,B-,2.82 pts,2.14,,236,,Yes
9,10/29/24,5,S1,ENG601 / 15,SOPH ENG/A,MARCEE SALAS,10,2027,C,2.42 pts,2,,236,,Yes
10,11/5/24,3,S1,MAT522 / 13,GEOMETRY A,ROCHELLE AITON,10,2027,C+,2.58 pts,2,,236,,Yes
10,11/5/24,3,S1,MAT522 / 13,GEOMETRY A,NINETTE LILIENTHAL,10,2027,C+,2.58 pts,2,,236,,Yes
10,11/5/24,4,S1,SCI601 / 14,BIOLOGY A,GRANT MERRILL,10,2027,B-,2.82 pts,2.14,,236,,Yes
10,11/5/24,5,S1,ENG601 / 15,SOPH ENG/A,MARCEE SALAS,10,2027,C,2.38 pts,2,,236,,Yes
2,9/10/24,2,S1,MAT701 / 12,ALGEBRA II A,JASON BLAESING,10,2027,,,0,,237,,Yes
2,9/10/24,3,S1,SCI601 / 13,BIOLOGY A,GRANT MERRILL,10,2027,A,4.00 pts,0,,237,,Yes
3,9/17/24,2,S1,MAT701 / 12,ALGEBRA II A,JASON BLAESING,10,2027,A,4.00 pts,0.86,,237,,Yes
3,9/17/24,3,S1,SCI601 / 13,BIOLOGY A,GRANT MERRILL,10,2027,B+,3.26 pts,0.86,,237,,Yes
4,9/24/24,2,S1,MAT701 / 12,ALGEBRA II A,JASON BLAESING,10,2027,A,4.00 pts,0.86,,237,,Yes
4,9/24/24,3,S1,SCI601 / 13,BIOLOGY A,GRANT MERRILL,10,2027,B,3.02 pts,0.86,,237,,Yes
5,10/1/24,2,S1,MAT701 / 12,ALGEBRA II A,JASON BLAESING,10,2027,A,4.00 pts,0.86,,237,,Yes
5,10/1/24,3,S1,SCI601 / 13,BIOLOGY A,GRANT MERRILL,10,2027,B,3.00 pts,0.86,,237,,Yes
6,10/8/24,2,S1,MAT701 / 12,ALGEBRA II A,JASON BLAESING,10,2027,A,4.00 pts,0.86,,237,,Yes
6,10/8/24,3,S1,SCI601 / 13,BIOLOGY A,GRANT MERRILL,10,2027,B,3.00 pts,0.86,,237,,Yes
7,10/16/24,2,S1,MAT701 / 12,ALGEBRA II A,JASON BLAESING,10,2027,A,3.68 pts,0.86,,237,,Yes
7,10/16/24,3,S1,SCI601 / 13,BIOLOGY A,GRANT MERRILL,10,2027,B,3.00 pts,0.86,,237,,Yes
8,10/22/24,2,S1,MAT701 / 12,ALGEBRA II A,JASON BLAESING,10,2027,A,4.00 pts,0.86,,237,,Yes
8,10/22/24,3,S1,SCI601 / 13,BIOLOGY A,GRANT MERRILL,10,2027,B,3.05 pts,0.86,,237,,Yes
9,10/29/24,2,S1,MAT701 / 12,ALGEBRA II A,JASON BLAESING,10,2027,A,4.00 pts,0.86,,237,,Yes
9,10/29/24,3,S1,SCI601 / 13,BIOLOGY A,GRANT MERRILL,10,2027,A,3.61 pts,0.86,,237,,Yes
10,11/5/24,2,S1,MAT701 / 12,ALGEBRA II A,JASON BLAESING,10,2027,A,4.00 pts,1.71,,237,,Yes
10,11/5/24,3,S1,SCI601 / 13,BIOLOGY A,GRANT MERRILL,10,2027,A,3.60 pts,1.71,,237,,Yes
2,9/10/24,5,S1,ENG601 / 15,SOPH ENG/A,MARCEE SALAS,10,2027,A,4.00 pts,0,,238,,Yes
2,9/10/24,2,S1,MAT522 / 12,GEOMETRY A,ROCHELLE AITON,10,2027,,,0,,238,,Yes
2,9/10/24,6,S1,SCI601 / 36,BIOLOGY A,WILLIAM BAUR,10,2027,,,0,,238,,Yes
3,9/17/24,2,S1,MAT522 / 12,GEOMETRY A,ROCHELLE AITON,10,2027,F,0.95 pts,0,,238,,Yes
3,9/17/24,5,S1,ENG601 / 15,SOPH ENG/A,MARCEE SALAS,10,2027,A,4.00 pts,0,,238,,Yes
3,9/17/24,6,S1,SCI601 / 36,BIOLOGY A,WILLIAM BAUR,10,2027,A,4.00 pts,0,,238,,Yes
4,9/24/24,2,S1,MAT522 / 12,GEOMETRY A,ROCHELLE AITON,10,2027,B,3.00 pts,0,,238,,Yes
4,9/24/24,5,S1,ENG601 / 15,SOPH ENG/A,MARCEE SALAS,10,2027,D+,1.86 pts,0,,238,,Yes
4,9/24/24,6,S1,SCI601 / 36,BIOLOGY A,WILLIAM BAUR,10,2027,A,4.00 pts,0,,238,,Yes
5,10/1/24,2,S1,MAT522 / 12,GEOMETRY A,ROCHELLE AITON,10,2027,B,3.00 pts,1,,238,,Yes
5,10/1/24,5,S1,ENG601 / 15,SOPH ENG/A,MARCEE SALAS,10,2027,C-,2.07 pts,1,,238,,Yes
5,10/1/24,6,S1,SCI601 / 36,BIOLOGY A,WILLIAM BAUR,10,2027,A-,3.50 pts,1,,238,,Yes
6,10/8/24,2,S1,MAT522 / 12,GEOMETRY A,ROCHELLE AITON,10,2027,A-,3.45 pts,1,,238,,Yes
6,10/8/24,5,S1,ENG601 / 15,SOPH ENG/A,MARCEE SALAS,10,2027,D+,1.81 pts,1,,238,,Yes
6,10/8/24,6,S1,SCI601 / 36,BIOLOGY A,WILLIAM BAUR,10,2027,B,3.02 pts,1,,238,,Yes
7,10/16/24,2,S1,MAT522 / 12,GEOMETRY A,ROCHELLE AITON,10,2027,A-,3.45 pts,1,,238,,Yes
7,10/16/24,5,S1,ENG601 / 15,SOPH ENG/A,MARCEE SALAS,10,2027,C-,2.03 pts,1,,238,,Yes
7,10/16/24,6,S1,SCI601 / 36,BIOLOGY A,WILLIAM BAUR,10,2027,C+,2.52 pts,1,,238,,Yes
8,10/22/24,2,S1,MAT522 / 12,GEOMETRY A,ROCHELLE AITON,10,2027,A-,3.45 pts,1,,238,,Yes
8,10/22/24,2,S1,MAT522 / 12,GEOMETRY A,NINETTE LILIENTHAL,10,2027,A-,3.45 pts,1,,238,,Yes
8,10/22/24,5,S1,ENG601 / 15,SOPH ENG/A,MARCEE SALAS,10,2027,D,1.77 pts,1,,238,,Yes
8,10/22/24,6,S1,SCI601 / 36,BIOLOGY A,WILLIAM BAUR,10,2027,C+,2.52 pts,1,,238,,Yes
9,10/29/24,2,S1,MAT522 / 12,GEOMETRY A,ROCHELLE AITON,10,2027,C+,2.68 pts,1,,238,,Yes
9,10/29/24,2,S1,MAT522 / 12,GEOMETRY A,NINETTE LILIENTHAL,10,2027,C+,2.68 pts,1,,238,,Yes
9,10/29/24,5,S1,ENG601 / 15,SOPH ENG/A,MARCEE SALAS,10,2027,C,2.37 pts,1,,238,,Yes
9,10/29/24,6,S1,SCI601 / 36,BIOLOGY A,WILLIAM BAUR,10,2027,C+,2.51 pts,1,,238,,Yes
10,11/5/24,2,S1,MAT522 / 12,GEOMETRY A,ROCHELLE AITON,10,2027,C+,2.68 pts,1,,238,,Yes
10,11/5/24,2,S1,MAT522 / 12,GEOMETRY A,NINETTE LILIENTHAL,10,2027,C+,2.68 pts,1,,238,,Yes
10,11/5/24,5,S1,ENG601 / 15,SOPH ENG/A,MARCEE SALAS,10,2027,D,1.74 pts,1,,238,,Yes
10,11/5/24,6,S1,SCI601 / 36,BIOLOGY A,WILLIAM BAUR,10,2027,A-,3.50 pts,1,,238,,Yes
2,9/10/24,5,S1,ENG701 / 15,JUNIOR ENG/A,JOHN CARVER,11,2026,,,1.57,,239,,Yes
3,9/17/24,5,S1,ENG701 / 15,JUNIOR ENG/A,JOHN CARVER,11,2026,F,0.15 pts,3.29,,239,,Yes
4,9/24/24,5,S1,ENG701 / 15,JUNIOR ENG/A,JOHN CARVER,11,2026,D,1.69 pts,4,,239,,Yes
5,10/1/24,5,S1,ENG701 / 15,JUNIOR ENG/A,JOHN CARVER,11,2026,D,1.70 pts,13.29,,239,,Yes
6,10/8/24,5,S1,ENG701 / 15,JUNIOR ENG/A,JOHN CARVER,11,2026,F,1.15 pts,17.57,,239,,Yes
7,10/16/24,5,S1,ENG701 / 15,JUNIOR ENG/A,JOHN CARVER,11,2026,F,1.10 pts,19.29,,239,,Yes
8,10/22/24,5,S1,ENG701 / 15,JUNIOR ENG/A,JOHN CARVER,11,2026,F,1.09 pts,23.29,,239,,Yes
9,10/29/24,5,S1,ENG701 / 15,JUNIOR ENG/A,JOHN CARVER,11,2026,F,0.98 pts,26.43,,239,,Yes
10,11/5/24,5,S1,ENG701 / 15,JUNIOR ENG/A,JOHN CARVER,11,2026,F,0.93 pts,29,,239,,Yes
2,9/10/24,2,S1,BUS301 / 12,PERSONAL FINANCE A,NICOLE SIMEK,12,2025,,,0,,240,,Yes
3,9/17/24,2,S1,BUS301 / 12,PERSONAL FINANCE A,NICOLE SIMEK,12,2025,B-,2.85 pts,1.29,,240,,Yes
4,9/24/24,2,S1,BUS301 / 12,PERSONAL FINANCE A,NICOLE SIMEK,12,2025,D+,1.90 pts,1.86,,240,,Yes
5,10/1/24,2,S1,BUS301 / 12,PERSONAL FINANCE A,NICOLE SIMEK,12,2025,B-,2.85 pts,1.86,,240,,Yes
6,10/8/24,2,S1,BUS301 / 12,PERSONAL FINANCE A,NICOLE SIMEK,12,2025,B-,2.86 pts,1.86,,240,,Yes
7,10/16/24,2,S1,BUS301 / 12,PERSONAL FINANCE A,NICOLE SIMEK,12,2025,B-,2.86 pts,1.86,,240,,Yes
8,10/22/24,2,S1,BUS301 / 12,PERSONAL FINANCE A,NICOLE SIMEK,12,2025,B,2.93 pts,2.69,,240,,Yes
9,10/29/24,2,S1,BUS301 / 12,PERSONAL FINANCE A,NICOLE SIMEK,12,2025,B+,3.24 pts,2.69,,240,,Yes
10,11/5/24,2,S1,BUS301 / 12,PERSONAL FINANCE A,NICOLE SIMEK,12,2025,B+,3.24 pts,2.69,,240,,Yes
2,9/10/24,2,S1,MAT701 / 12,ALGEBRA II A,JASON BLAESING,11,2026,,,0,,241,,Yes
3,9/17/24,2,S1,MAT701 / 12,ALGEBRA II A,JASON BLAESING,11,2026,A,4.00 pts,0,,241,,Yes
4,9/24/24,2,S1,MAT701 / 12,ALGEBRA II A,JASON BLAESING,11,2026,B,3.10 pts,0,,241,,Yes
5,10/1/24,2,S1,MAT701 / 12,ALGEBRA II A,JASON BLAESING,11,2026,B,3.06 pts,1,,241,,Yes
6,10/8/24,2,S1,MAT701 / 12,ALGEBRA II A,JASON BLAESING,11,2026,B,3.05 pts,1,,241,,Yes
7,10/16/24,2,S1,MAT701 / 12,ALGEBRA II A,JASON BLAESING,11,2026,B,3.02 pts,1,,241,,Yes
8,10/22/24,2,S1,MAT701 / 12,ALGEBRA II A,JASON BLAESING,11,2026,B,3.04 pts,1,,241,,Yes
9,10/29/24,2,S1,MAT701 / 12,ALGEBRA II A,JASON BLAESING,11,2026,B-,2.79 pts,2,,241,,Yes
10,11/5/24,2,S1,MAT701 / 12,ALGEBRA II A,JASON BLAESING,11,2026,B-,2.78 pts,2.57,,241,,Yes
2,9/10/24,3,S1,BUS301 / 13,PERSONAL FINANCE A,NICOLE SIMEK,11,2026,,,1,,242,,Yes
2,9/10/24,2,S1,SCI609 / 12,CHEMISTRY/A,GRANT MERRILL,11,2026,A,4.00 pts,1,,242,,Yes
3,9/17/24,2,S1,SCI609 / 12,CHEMISTRY/A,GRANT MERRILL,11,2026,B-,2.73 pts,2.43,,242,,Yes
3,9/17/24,3,S1,BUS301 / 13,PERSONAL FINANCE A,NICOLE SIMEK,11,2026,A,4.00 pts,2.43,,242,,Yes
4,9/24/24,2,S1,SCI609 / 12,CHEMISTRY/A,GRANT MERRILL,11,2026,B,2.96 pts,3.29,,242,,Yes
4,9/24/24,3,S1,BUS301 / 13,PERSONAL FINANCE A,NICOLE SIMEK,11,2026,A,4.00 pts,3.29,,242,,Yes
5,10/1/24,2,S1,SCI609 / 12,CHEMISTRY/A,GRANT MERRILL,11,2026,B,2.95 pts,4,,242,,Yes
5,10/1/24,3,S1,BUS301 / 13,PERSONAL FINANCE A,NICOLE SIMEK,11,2026,A,4.00 pts,4,,242,,Yes
6,10/8/24,2,S1,SCI609 / 12,CHEMISTRY/A,GRANT MERRILL,11,2026,C,2.48 pts,4,,242,,Yes
6,10/8/24,3,S1,BUS301 / 13,PERSONAL FINANCE A,NICOLE SIMEK,11,2026,A,4.00 pts,4,,242,,Yes
7,10/16/24,2,S1,SCI609 / 12,CHEMISTRY/A,GRANT MERRILL,11,2026,C,2.48 pts,5,,242,,Yes
7,10/16/24,3,S1,BUS301 / 13,PERSONAL FINANCE A,NICOLE SIMEK,11,2026,A,4.00 pts,5,,242,,Yes
8,10/22/24,2,S1,SCI609 / 12,CHEMISTRY/A,GRANT MERRILL,11,2026,B,3.01 pts,5,,242,,Yes
8,10/22/24,3,S1,BUS301 / 13,PERSONAL FINANCE A,NICOLE SIMEK,11,2026,A,4.00 pts,5,,242,,Yes
9,10/29/24,2,S1,SCI609 / 12,CHEMISTRY/A,GRANT MERRILL,11,2026,B,2.96 pts,5.86,,242,,Yes
9,10/29/24,3,S1,BUS301 / 13,PERSONAL FINANCE A,NICOLE SIMEK,11,2026,A,3.86 pts,5.43,,242,,Yes
10,11/5/24,2,S1,SCI609 / 12,CHEMISTRY/A,GRANT MERRILL,11,2026,B,2.96 pts,6.57,,242,,Yes
10,11/5/24,3,S1,BUS301 / 13,PERSONAL FINANCE A,NICOLE SIMEK,11,2026,A,3.86 pts,6.14,,242,,Yes
2,9/10/24,6,S1,ENG501 / 16,FR ENGLISH/A,DAVID HOLLINGSWORTH,9,2028,A,4.00 pts,5,,243,,Yes
3,9/17/24,6,S1,ENG501 / 16,FR ENGLISH/A,DAVID HOLLINGSWORTH,9,2028,F,0.20 pts,10,,243,,Yes
4,9/24/24,6,S1,ENG501 / 16,FR ENGLISH/A,DAVID HOLLINGSWORTH,9,2028,F,0.10 pts,9.71,,243,,Yes
5,10/1/24,6,S1,ENG501 / 16,FR ENGLISH/A,DAVID HOLLINGSWORTH,9,2028,F,0.53 pts,12.29,,243,,Yes
6,10/8/24,6,S1,ENG501 / 16,FR ENGLISH/A,DAVID HOLLINGSWORTH,9,2028,F,0.52 pts,12.29,,243,,Yes
7,10/16/24,6,S1,ENG501 / 16,FR ENGLISH/A,DAVID HOLLINGSWORTH,9,2028,F,1.46 pts,13.14,,243,,Yes
8,10/22/24,6,S1,ENG501 / 16,FR ENGLISH/A,DAVID HOLLINGSWORTH,9,2028,B-,2.73 pts,13.14,,243,,Yes
9,10/29/24,6,S1,ENG501 / 16,FR ENGLISH/A,DAVID HOLLINGSWORTH,9,2028,B+,3.33 pts,16.14,,243,,Yes
10,11/5/24,6,S1,ENG501 / 16,FR ENGLISH/A,DAVID HOLLINGSWORTH,9,2028,B+,3.30 pts,17.29,,243,,Yes
2,9/10/24,5,S1,MAT522 / 15,GEOMETRY A,BRIAN ANDERSON,10,2027,,,0,,244,,Yes
3,9/17/24,5,S1,MAT522 / 15,GEOMETRY A,BRIAN ANDERSON,10,2027,C+,2.67 pts,0.86,,244,,Yes
4,9/24/24,5,S1,MAT522 / 15,GEOMETRY A,BRIAN ANDERSON,10,2027,D+,1.99 pts,1,,244,,Yes
5,10/1/24,5,S1,MAT522 / 15,GEOMETRY A,BRIAN ANDERSON,10,2027,D+,1.90 pts,1,,244,,Yes
6,10/8/24,5,S1,MAT522 / 15,GEOMETRY A,BRIAN ANDERSON,10,2027,C+,2.50 pts,1.29,,244,,Yes
7,10/16/24,5,S1,MAT522 / 15,GEOMETRY A,BRIAN ANDERSON,10,2027,C,2.49 pts,1.29,,244,,Yes
8,10/22/24,5,S1,MAT522 / 15,GEOMETRY A,BRIAN ANDERSON,10,2027,C,2.25 pts,1.29,,244,,Yes
9,10/29/24,5,S1,MAT522 / 15,GEOMETRY A,BRIAN ANDERSON,10,2027,C,2.26 pts,1.29,,244,,Yes
10,11/5/24,5,S1,MAT522 / 15,GEOMETRY A,BRIAN ANDERSON,10,2027,C-,2.18 pts,1.29,,244,,Yes
2,9/10/24,6,S1,ENG501 / 16,FR ENGLISH/A,DAVID HOLLINGSWORTH,9,2028,A,4.00 pts,0,,245,,Yes
3,9/17/24,6,S1,ENG501 / 16,FR ENGLISH/A,DAVID HOLLINGSWORTH,9,2028,A,4.00 pts,0,,245,,Yes
4,9/24/24,6,S1,ENG501 / 16,FR ENGLISH/A,DAVID HOLLINGSWORTH,9,2028,A,3.90 pts,0.43,,245,,Yes
5,10/1/24,6,S1,ENG501 / 16,FR ENGLISH/A,DAVID HOLLINGSWORTH,9,2028,C-,2.00 pts,0.43,,245,,Yes
6,10/8/24,6,S1,ENG501 / 16,FR ENGLISH/A,DAVID HOLLINGSWORTH,9,2028,C-,2.02 pts,0.43,,245,,Yes
7,10/16/24,6,S1,ENG501 / 16,FR ENGLISH/A,DAVID HOLLINGSWORTH,9,2028,D+,1.98 pts,1.43,,245,,Yes
8,10/22/24,6,S1,ENG501 / 16,FR ENGLISH/A,DAVID HOLLINGSWORTH,9,2028,B-,2.85 pts,1.43,,245,,Yes
9,10/29/24,6,S1,ENG501 / 16,FR ENGLISH/A,DAVID HOLLINGSWORTH,9,2028,F,1.56 pts,1.43,,245,,Yes
10,11/5/24,6,S1,ENG501 / 16,FR ENGLISH/A,DAVID HOLLINGSWORTH,9,2028,C-,2.02 pts,2.29,,245,,Yes
2,9/10/24,1,S1,MAT522 / 11,GEOMETRY A,ROCHELLE AITON,10,2027,,,0,,246,,Yes
3,9/17/24,1,S1,MAT522 / 11,GEOMETRY A,ROCHELLE AITON,10,2027,C-,2.05 pts,0.71,,246,,Yes
4,9/24/24,1,S1,MAT522 / 11,GEOMETRY A,ROCHELLE AITON,10,2027,C-,2.05 pts,0.71,,246,,Yes
5,10/1/24,1,S1,MAT522 / 11,GEOMETRY A,ROCHELLE AITON,10,2027,C-,2.05 pts,0.71,,246,,Yes
6,10/8/24,1,S1,MAT522 / 11,GEOMETRY A,ROCHELLE AITON,10,2027,F,1.50 pts,2.71,,246,,Yes
7,10/16/24,1,S1,MAT522 / 11,GEOMETRY A,ROCHELLE AITON,10,2027,F,1.50 pts,3.71,,246,,Yes
8,10/22/24,1,S1,MAT522 / 11,GEOMETRY A,ROCHELLE AITON,10,2027,F,1.50 pts,4.14,,246,,Yes
8,10/22/24,1,S1,MAT522 / 11,GEOMETRY A,NINETTE LILIENTHAL,10,2027,F,1.50 pts,4.14,,246,,Yes
9,10/29/24,1,S1,MAT522 / 11,GEOMETRY A,ROCHELLE AITON,10,2027,D+,1.98 pts,4.14,,246,,Yes
9,10/29/24,1,S1,MAT522 / 11,GEOMETRY A,NINETTE LILIENTHAL,10,2027,D+,1.98 pts,4.14,,246,,Yes
10,11/5/24,1,S1,MAT522 / 11,GEOMETRY A,ROCHELLE AITON,10,2027,D+,1.98 pts,5.71,,246,,Yes
10,11/5/24,1,S1,MAT522 / 11,GEOMETRY A,NINETTE LILIENTHAL,10,2027,D+,1.98 pts,5.71,,246,,Yes
2,9/10/24,3,S1,MAT701 / 13,ALGEBRA II A,JENNIFER REILLY,10,2027,,,0,,247,,Yes
3,9/17/24,3,S1,MAT701 / 13,ALGEBRA II A,JENNIFER REILLY,10,2027,A,4.00 pts,0,,247,,Yes
4,9/24/24,3,S1,MAT701 / 13,ALGEBRA II A,JENNIFER REILLY,10,2027,B,3.05 pts,0,,247,,Yes
5,10/1/24,3,S1,MAT701 / 13,ALGEBRA II A,JENNIFER REILLY,10,2027,B,3.10 pts,0,,247,,Yes
6,10/8/24,3,S1,MAT701 / 13,ALGEBRA II A,JENNIFER REILLY,10,2027,A-,3.53 pts,0,,247,,Yes
7,10/16/24,3,S1,MAT701 / 13,ALGEBRA II A,JENNIFER REILLY,10,2027,A-,3.54 pts,0,,247,,Yes
8,10/22/24,3,S1,MAT701 / 13,ALGEBRA II A,JENNIFER REILLY,10,2027,A,3.69 pts,0,,247,,Yes
9,10/29/24,3,S1,MAT701 / 13,ALGEBRA II A,JENNIFER REILLY,10,2027,A-,3.53 pts,0,,247,,Yes
10,11/5/24,3,S1,MAT701 / 13,ALGEBRA II A,JENNIFER REILLY,10,2027,A-,3.53 pts,0.86,,247,,Yes
2,9/10/24,1,S1,MAT522 / 11,GEOMETRY A,ROCHELLE AITON,10,2027,,,0.14,,248,,Yes
3,9/17/24,1,S1,MAT522 / 11,GEOMETRY A,ROCHELLE AITON,10,2027,F,0.95 pts,1,,248,,Yes
4,9/24/24,1,S1,MAT522 / 11,GEOMETRY A,ROCHELLE AITON,10,2027,F,0.95 pts,2,,248,,Yes
5,10/1/24,1,S1,MAT522 / 11,GEOMETRY A,ROCHELLE AITON,10,2027,F,0.95 pts,2,,248,,Yes
6,10/8/24,1,S1,MAT522 / 11,GEOMETRY A,ROCHELLE AITON,10,2027,F,0.45 pts,3.14,,248,,Yes
7,10/16/24,1,S1,MAT522 / 11,GEOMETRY A,ROCHELLE AITON,10,2027,F,0.45 pts,5,,248,,Yes
8,10/22/24,1,S1,MAT522 / 11,GEOMETRY A,ROCHELLE AITON,10,2027,F,0.45 pts,5.57,,248,,Yes
8,10/22/24,1,S1,MAT522 / 11,GEOMETRY A,NINETTE LILIENTHAL,10,2027,F,0.45 pts,5.57,,248,,Yes
9,10/29/24,1,S1,MAT522 / 11,GEOMETRY A,ROCHELLE AITON,10,2027,F,0.49 pts,6.71,,248,,Yes
9,10/29/24,1,S1,MAT522 / 11,GEOMETRY A,NINETTE LILIENTHAL,10,2027,F,0.49 pts,6.71,,248,,Yes
10,11/5/24,1,S1,MAT522 / 11,GEOMETRY A,ROCHELLE AITON,10,2027,F,0.49 pts,6.86,,248,,Yes
10,11/5/24,1,S1,MAT522 / 11,GEOMETRY A,NINETTE LILIENTHAL,10,2027,F,0.49 pts,6.86,,248,,Yes
2,9/10/24,2,S1,ENG601 / 12,SOPH ENG/A,KELLY GREGERSEN,10,2027,,,0.14,,249,,Yes
2,9/10/24,5,S1,MAT522 / 15,GEOMETRY A,BRIAN ANDERSON,10,2027,,,0,,249,,Yes
2,9/10/24,6,S1,SCI601 / 16,BIOLOGY A,GRANT MERRILL,10,2027,,,0.14,,249,,Yes
3,9/17/24,2,S1,ENG601 / 12,SOPH ENG/A,KELLY GREGERSEN,10,2027,F,0.35 pts,0.14,,249,,Yes
3,9/17/24,5,S1,MAT522 / 15,GEOMETRY A,BRIAN ANDERSON,10,2027,F,0.00 pts,0,,249,,Yes
3,9/17/24,6,S1,SCI601 / 16,BIOLOGY A,GRANT MERRILL,10,2027,D,1.72 pts,0.14,,249,,Yes
4,9/24/24,2,S1,ENG601 / 12,SOPH ENG/A,KELLY GREGERSEN,10,2027,F,1.45 pts,1.29,,249,,Yes
4,9/24/24,5,S1,MAT522 / 15,GEOMETRY A,BRIAN ANDERSON,10,2027,B-,2.85 pts,0,,249,,Yes
4,9/24/24,6,S1,SCI601 / 16,BIOLOGY A,GRANT MERRILL,10,2027,B,2.90 pts,0.86,,249,,Yes
5,10/1/24,2,S1,ENG601 / 12,SOPH ENG/A,KELLY GREGERSEN,10,2027,F,1.45 pts,2,,249,,Yes
5,10/1/24,5,S1,MAT522 / 15,GEOMETRY A,BRIAN ANDERSON,10,2027,B-,2.71 pts,0,,249,,Yes
5,10/1/24,6,S1,SCI601 / 16,BIOLOGY A,GRANT MERRILL,10,2027,B-,2.89 pts,0.86,,249,,Yes
6,10/8/24,2,S1,ENG601 / 12,SOPH ENG/A,KELLY GREGERSEN,10,2027,C-,2.09 pts,2,,249,,Yes
6,10/8/24,5,S1,MAT522 / 15,GEOMETRY A,BRIAN ANDERSON,10,2027,D+,1.90 pts,0,,249,,Yes
6,10/8/24,6,S1,SCI601 / 16,BIOLOGY A,GRANT MERRILL,10,2027,B-,2.87 pts,0.86,,249,,Yes
7,10/16/24,2,S1,ENG601 / 12,SOPH ENG/A,KELLY GREGERSEN,10,2027,C-,2.09 pts,2,,249,,Yes
7,10/16/24,5,S1,MAT522 / 15,GEOMETRY A,BRIAN ANDERSON,10,2027,D+,1.90 pts,0.43,,249,,Yes
7,10/16/24,6,S1,SCI601 / 16,BIOLOGY A,GRANT MERRILL,10,2027,B-,2.87 pts,0.86,,249,,Yes
8,10/22/24,2,S1,ENG601 / 12,SOPH ENG/A,KELLY GREGERSEN,10,2027,F,0.99 pts,2,,249,,Yes
8,10/22/24,5,S1,MAT522 / 15,GEOMETRY A,BRIAN ANDERSON,10,2027,D,1.66 pts,0.43,,249,,Yes
8,10/22/24,6,S1,SCI601 / 16,BIOLOGY A,GRANT MERRILL,10,2027,C-,2.02 pts,0.86,,249,,Yes
9,10/29/24,2,S1,ENG601 / 12,SOPH ENG/A,KELLY GREGERSEN,10,2027,F,0.99 pts,2,,249,,Yes
9,10/29/24,5,S1,MAT522 / 15,GEOMETRY A,BRIAN ANDERSON,10,2027,D,1.66 pts,0.43,,249,,Yes
9,10/29/24,6,S1,SCI601 / 16,BIOLOGY A,GRANT MERRILL,10,2027,D,1.69 pts,0.86,,249,,Yes
10,11/5/24,2,S1,ENG601 / 12,SOPH ENG/A,KELLY GREGERSEN,10,2027,F,0.99 pts,2.71,,249,,Yes
10,11/5/24,5,S1,MAT522 / 15,GEOMETRY A,BRIAN ANDERSON,10,2027,F,1.13 pts,1.14,,249,,Yes
10,11/5/24,6,S1,SCI601 / 16,BIOLOGY A,GRANT MERRILL,10,2027,D,1.68 pts,1.71,,249,,Yes
2,9/10/24,6,S1,SOC701 / 16,US HISTORY/A,SCOTT BOOTHBY,11,2026,A,4.00 pts,0,,250,,Yes
3,9/17/24,6,S1,SOC701 / 16,US HISTORY/A,SCOTT BOOTHBY,11,2026,B,3.00 pts,0,,250,,Yes
4,9/24/24,6,S1,SOC701 / 16,US HISTORY/A,SCOTT BOOTHBY,11,2026,B,3.02 pts,0,,250,,Yes
5,10/1/24,6,S1,SOC701 / 16,US HISTORY/A,SCOTT BOOTHBY,11,2026,B,3.07 pts,0.86,,250,,Yes
6,10/8/24,6,S1,SOC701 / 16,US HISTORY/A,SCOTT BOOTHBY,11,2026,B,3.09 pts,2,,250,,Yes
7,10/16/24,6,S1,SOC701 / 16,US HISTORY/A,SCOTT BOOTHBY,11,2026,B,3.04 pts,2,,250,,Yes
8,10/22/24,6,S1,SOC701 / 16,US HISTORY/A,SCOTT BOOTHBY,11,2026,B,3.04 pts,2,,250,,Yes
9,10/29/24,6,S1,SOC701 / 16,US HISTORY/A,SCOTT BOOTHBY,11,2026,B,3.06 pts,2,,250,,Yes
10,11/5/24,6,S1,SOC701 / 16,US HISTORY/A,SCOTT BOOTHBY,11,2026,B+,3.29 pts,2,,250,,Yes
2,9/10/24,3,S1,MAT522 / 13,GEOMETRY A,ROCHELLE AITON,10,2027,,,0,,251,,Yes
3,9/17/24,3,S1,MAT522 / 13,GEOMETRY A,ROCHELLE AITON,10,2027,F,0.95 pts,0,,251,,Yes
3,9/17/24,4,S1,SCI601 / 14,BIOLOGY A,GRANT MERRILL,10,2027,F,1.09 pts,0,,251,,Yes
4,9/24/24,3,S1,MAT522 / 13,GEOMETRY A,ROCHELLE AITON,10,2027,D+,1.90 pts,1,,251,,Yes
4,9/24/24,4,S1,SCI601 / 14,BIOLOGY A,GRANT MERRILL,10,2027,F,1.09 pts,1,,251,,Yes
5,10/1/24,3,S1,MAT522 / 13,GEOMETRY A,ROCHELLE AITON,10,2027,D+,1.90 pts,4,,251,,Yes
5,10/1/24,4,S1,SCI601 / 14,BIOLOGY A,GRANT MERRILL,10,2027,A,3.77 pts,4.29,,251,,Yes
6,10/8/24,3,S1,MAT522 / 13,GEOMETRY A,ROCHELLE AITON,10,2027,F,1.36 pts,4,,251,,Yes
6,10/8/24,4,S1,SCI601 / 14,BIOLOGY A,GRANT MERRILL,10,2027,A,3.75 pts,4.29,,251,,Yes
7,10/16/24,3,S1,MAT522 / 13,GEOMETRY A,ROCHELLE AITON,10,2027,F,1.36 pts,4,,251,,Yes
7,10/16/24,4,S1,SCI601 / 14,BIOLOGY A,GRANT MERRILL,10,2027,A,3.75 pts,4.29,,251,,Yes
8,10/22/24,3,S1,MAT522 / 13,GEOMETRY A,ROCHELLE AITON,10,2027,F,1.45 pts,5,,251,,Yes
8,10/22/24,3,S1,MAT522 / 13,GEOMETRY A,NINETTE LILIENTHAL,10,2027,F,1.45 pts,5,,251,,Yes
8,10/22/24,4,S1,SCI601 / 14,BIOLOGY A,GRANT MERRILL,10,2027,D+,1.85 pts,5.29,,251,,Yes
9,10/29/24,3,S1,MAT522 / 13,GEOMETRY A,ROCHELLE AITON,10,2027,F,1.44 pts,5,,251,,Yes
9,10/29/24,3,S1,MAT522 / 13,GEOMETRY A,NINETTE LILIENTHAL,10,2027,F,1.44 pts,5,,251,,Yes
9,10/29/24,4,S1,SCI601 / 14,BIOLOGY A,GRANT MERRILL,10,2027,D+,1.87 pts,5.29,,251,,Yes
10,11/5/24,3,S1,MAT522 / 13,GEOMETRY A,ROCHELLE AITON,10,2027,F,1.44 pts,7.14,,251,,Yes
10,11/5/24,3,S1,MAT522 / 13,GEOMETRY A,NINETTE LILIENTHAL,10,2027,F,1.44 pts,7.14,,251,,Yes
10,11/5/24,4,S1,SCI601 / 14,BIOLOGY A,GRANT MERRILL,10,2027,D+,1.87 pts,7.14,,251,,Yes
2,9/10/24,5,S1,MAT522 / 15,GEOMETRY A,BRIAN ANDERSON,10,2027,,,0.86,,252,,Yes
2,9/10/24,6,S1,SCI601 / 16,BIOLOGY A,GRANT MERRILL,10,2027,,,0.86,,252,,Yes
3,9/17/24,5,S1,MAT522 / 15,GEOMETRY A,BRIAN ANDERSON,10,2027,C+,2.67 pts,1,,252,,Yes
3,9/17/24,6,S1,SCI601 / 16,BIOLOGY A,GRANT MERRILL,10,2027,C-,2.15 pts,1,,252,,Yes
4,9/24/24,5,S1,MAT522 / 15,GEOMETRY A,BRIAN ANDERSON,10,2027,B,2.96 pts,1,,252,,Yes
4,9/24/24,6,S1,SCI601 / 16,BIOLOGY A,GRANT MERRILL,10,2027,F,1.13 pts,1,,252,,Yes
5,10/1/24,5,S1,MAT522 / 15,GEOMETRY A,BRIAN ANDERSON,10,2027,B,3.03 pts,1,,252,,Yes
5,10/1/24,6,S1,SCI601 / 16,BIOLOGY A,GRANT MERRILL,10,2027,C-,2.04 pts,1,,252,,Yes
6,10/8/24,5,S1,MAT522 / 15,GEOMETRY A,BRIAN ANDERSON,10,2027,B,2.95 pts,3.86,,252,,Yes
6,10/8/24,6,S1,SCI601 / 16,BIOLOGY A,GRANT MERRILL,10,2027,C-,2.01 pts,3.86,,252,,Yes
7,10/16/24,5,S1,MAT522 / 15,GEOMETRY A,BRIAN ANDERSON,10,2027,B,2.92 pts,4.86,,252,,Yes
7,10/16/24,6,S1,SCI601 / 16,BIOLOGY A,GRANT MERRILL,10,2027,C-,2.01 pts,4.86,,252,,Yes
8,10/22/24,5,S1,MAT522 / 15,GEOMETRY A,BRIAN ANDERSON,10,2027,B,2.97 pts,4.86,,252,,Yes
8,10/22/24,6,S1,SCI601 / 16,BIOLOGY A,GRANT MERRILL,10,2027,D,1.66 pts,4.86,,252,,Yes
9,10/29/24,5,S1,MAT522 / 15,GEOMETRY A,BRIAN ANDERSON,10,2027,B,2.98 pts,5.86,,252,,Yes
9,10/29/24,6,S1,SCI601 / 16,BIOLOGY A,GRANT MERRILL,10,2027,C-,2.06 pts,5.86,,252,,Yes
10,11/5/24,5,S1,MAT522 / 15,GEOMETRY A,BRIAN ANDERSON,10,2027,C+,2.66 pts,6.57,,252,,Yes
10,11/5/24,6,S1,SCI601 / 16,BIOLOGY A,GRANT MERRILL,10,2027,C-,2.06 pts,6.57,,252,,Yes
2,9/10/24,3,S1,BUS301 / 13,PERSONAL FINANCE A,NICOLE SIMEK,11,2026,,,0,,253,,Yes
3,9/17/24,3,S1,BUS301 / 13,PERSONAL FINANCE A,NICOLE SIMEK,11,2026,C-,2.05 pts,0.71,,253,,Yes
4,9/24/24,3,S1,BUS301 / 13,PERSONAL FINANCE A,NICOLE SIMEK,11,2026,C-,2.07 pts,0.71,,253,,Yes
5,10/1/24,3,S1,BUS301 / 13,PERSONAL FINANCE A,NICOLE SIMEK,11,2026,C-,2.04 pts,0.71,,253,,Yes
6,10/8/24,3,S1,BUS301 / 13,PERSONAL FINANCE A,NICOLE SIMEK,11,2026,D,1.76 pts,0.71,,253,,Yes
7,10/16/24,3,S1,BUS301 / 13,PERSONAL FINANCE A,NICOLE SIMEK,11,2026,F,1.63 pts,0.71,,253,,Yes
8,10/22/24,3,S1,BUS301 / 13,PERSONAL FINANCE A,NICOLE SIMEK,11,2026,F,0.83 pts,0.71,,253,,Yes
9,10/29/24,3,S1,BUS301 / 13,PERSONAL FINANCE A,NICOLE SIMEK,11,2026,D+,1.89 pts,0.71,,253,,Yes
10,11/5/24,3,S1,BUS301 / 13,PERSONAL FINANCE A,NICOLE SIMEK,11,2026,D+,1.89 pts,1.71,,253,,Yes
2,9/10/24,5,S1,ENG701 / 15,JUNIOR ENG/A,JOHN CARVER,11,2026,,,0,,254,,Yes
3,9/17/24,4,S1,SOC701 / 14,US HISTORY/A,DAVE HAJEK,11,2026,B,3.13 pts,0.86,,254,,Yes
3,9/17/24,5,S1,ENG701 / 15,JUNIOR ENG/A,JOHN CARVER,11,2026,A,3.90 pts,0.86,,254,,Yes
4,9/24/24,4,S1,SOC701 / 14,US HISTORY/A,DAVE HAJEK,11,2026,C+,2.51 pts,0.86,,254,,Yes
4,9/24/24,5,S1,ENG701 / 15,JUNIOR ENG/A,JOHN CARVER,11,2026,B,3.00 pts,0.86,,254,,Yes
5,10/1/24,4,S1,SOC701 / 14,US HISTORY/A,DAVE HAJEK,11,2026,C,2.48 pts,2.43,,254,,Yes
5,10/1/24,5,S1,ENG701 / 15,JUNIOR ENG/A,JOHN CARVER,11,2026,B+,3.29 pts,1.57,,254,,Yes
6,10/8/24,4,S1,SOC701 / 14,US HISTORY/A,DAVE HAJEK,11,2026,C,2.47 pts,2.43,,254,,Yes
6,10/8/24,5,S1,ENG701 / 15,JUNIOR ENG/A,JOHN CARVER,11,2026,A-,3.46 pts,1.57,,254,,Yes
7,10/16/24,4,S1,SOC701 / 14,US HISTORY/A,DAVE HAJEK,11,2026,C,2.39 pts,2.86,,254,,Yes
7,10/16/24,5,S1,ENG701 / 15,JUNIOR ENG/A,JOHN CARVER,11,2026,A-,3.55 pts,2,,254,,Yes
8,10/22/24,4,S1,SOC701 / 14,US HISTORY/A,DAVE HAJEK,11,2026,D,1.76 pts,2.86,,254,,Yes
8,10/22/24,5,S1,ENG701 / 15,JUNIOR ENG/A,JOHN CARVER,11,2026,B,2.96 pts,2,,254,,Yes
9,10/29/24,4,S1,SOC701 / 14,US HISTORY/A,DAVE HAJEK,11,2026,D+,1.81 pts,2.86,,254,,Yes
9,10/29/24,5,S1,ENG701 / 15,JUNIOR ENG/A,JOHN CARVER,11,2026,C+,2.61 pts,2,,254,,Yes
10,11/5/24,4,S1,SOC701 / 14,US HISTORY/A,DAVE HAJEK,11,2026,D+,1.81 pts,3.57,,254,,Yes
10,11/5/24,5,S1,ENG701 / 15,JUNIOR ENG/A,JOHN CARVER,11,2026,C+,2.65 pts,2.71,,254,,Yes
2,9/10/24,5,S1,ENG701 / 15,JUNIOR ENG/A,JOHN CARVER,11,2026,,,0,,255,,Yes
2,9/10/24,6,S1,SOC701 / 16,US HISTORY/A,SCOTT BOOTHBY,11,2026,C-,2.00 pts,0,,255,,Yes
3,9/17/24,5,S1,ENG701 / 15,JUNIOR ENG/A,JOHN CARVER,11,2026,A,3.90 pts,0,,255,,Yes
3,9/17/24,6,S1,SOC701 / 16,US HISTORY/A,SCOTT BOOTHBY,11,2026,C+,2.51 pts,0,,255,,Yes
4,9/24/24,5,S1,ENG701 / 15,JUNIOR ENG/A,JOHN CARVER,11,2026,B+,3.32 pts,1,,255,,Yes
4,9/24/24,6,S1,SOC701 / 16,US HISTORY/A,SCOTT BOOTHBY,11,2026,C+,2.55 pts,1,,255,,Yes
5,10/1/24,5,S1,ENG701 / 15,JUNIOR ENG/A,JOHN CARVER,11,2026,A-,3.49 pts,1,,255,,Yes
5,10/1/24,6,S1,SOC701 / 16,US HISTORY/A,SCOTT BOOTHBY,11,2026,C,2.41 pts,1.43,,255,,Yes
6,10/8/24,5,S1,ENG701 / 15,JUNIOR ENG/A,JOHN CARVER,11,2026,A,3.61 pts,1,,255,,Yes
6,10/8/24,6,S1,SOC701 / 16,US HISTORY/A,SCOTT BOOTHBY,11,2026,C,2.43 pts,1.43,,255,,Yes
7,10/16/24,5,S1,ENG701 / 15,JUNIOR ENG/A,JOHN CARVER,11,2026,A,3.65 pts,1,,255,,Yes
7,10/16/24,6,S1,SOC701 / 16,US HISTORY/A,SCOTT BOOTHBY,11,2026,C,2.23 pts,1.43,,255,,Yes
8,10/22/24,5,S1,ENG701 / 15,JUNIOR ENG/A,JOHN CARVER,11,2026,B,3.07 pts,2,,255,,Yes
8,10/22/24,6,S1,SOC701 / 16,US HISTORY/A,SCOTT BOOTHBY,11,2026,C,2.21 pts,2.43,,255,,Yes
9,10/29/24,5,S1,ENG701 / 15,JUNIOR ENG/A,JOHN CARVER,11,2026,B-,2.71 pts,4,,255,,Yes
9,10/29/24,6,S1,SOC701 / 16,US HISTORY/A,SCOTT BOOTHBY,11,2026,C,2.33 pts,4.43,,255,,Yes
10,11/5/24,5,S1,ENG701 / 15,JUNIOR ENG/A,JOHN CARVER,11,2026,C,2.49 pts,4,,255,,Yes
10,11/5/24,6,S1,SOC701 / 16,US HISTORY/A,SCOTT BOOTHBY,11,2026,C+,2.52 pts,4.43,,255,,Yes
2,9/10/24,2,S1,MAT522 / 12,GEOMETRY A,ROCHELLE AITON,10,2027,,,0,,256,,Yes
2,9/10/24,6,S1,SCI601 / 16,BIOLOGY A,GRANT MERRILL,10,2027,,,0,,256,,Yes
3,9/17/24,2,S1,MAT522 / 12,GEOMETRY A,ROCHELLE AITON,10,2027,F,1.10 pts,0.71,,256,,Yes
3,9/17/24,6,S1,SCI601 / 16,BIOLOGY A,GRANT MERRILL,10,2027,F,1.01 pts,1.14,,256,,Yes
4,9/24/24,2,S1,MAT522 / 12,GEOMETRY A,ROCHELLE AITON,10,2027,C-,2.05 pts,1.71,,256,,Yes
4,9/24/24,6,S1,SCI601 / 16,BIOLOGY A,GRANT MERRILL,10,2027,D+,1.91 pts,2.14,,256,,Yes
5,10/1/24,2,S1,MAT522 / 12,GEOMETRY A,ROCHELLE AITON,10,2027,C-,2.05 pts,1.86,,256,,Yes
5,10/1/24,6,S1,SCI601 / 16,BIOLOGY A,GRANT MERRILL,10,2027,D+,1.87 pts,2.29,,256,,Yes
6,10/8/24,2,S1,MAT522 / 12,GEOMETRY A,ROCHELLE AITON,10,2027,F,1.50 pts,2.57,,256,,Yes
6,10/8/24,6,S1,SCI601 / 16,BIOLOGY A,GRANT MERRILL,10,2027,D+,1.87 pts,3.43,,256,,Yes
7,10/16/24,2,S1,MAT522 / 12,GEOMETRY A,ROCHELLE AITON,10,2027,F,1.50 pts,4.71,,256,,Yes
7,10/16/24,6,S1,SCI601 / 16,BIOLOGY A,GRANT MERRILL,10,2027,D+,1.86 pts,5.57,,256,,Yes
8,10/22/24,2,S1,MAT522 / 12,GEOMETRY A,ROCHELLE AITON,10,2027,F,1.50 pts,4.71,,256,,Yes
8,10/22/24,2,S1,MAT522 / 12,GEOMETRY A,NINETTE LILIENTHAL,10,2027,F,1.50 pts,4.71,,256,,Yes
8,10/22/24,6,S1,SCI601 / 16,BIOLOGY A,GRANT MERRILL,10,2027,F,1.48 pts,6,,256,,Yes
9,10/29/24,2,S1,MAT522 / 12,GEOMETRY A,ROCHELLE AITON,10,2027,F,1.34 pts,5.71,,256,,Yes
9,10/29/24,2,S1,MAT522 / 12,GEOMETRY A,NINETTE LILIENTHAL,10,2027,F,1.34 pts,5.71,,256,,Yes
9,10/29/24,6,S1,SCI601 / 16,BIOLOGY A,GRANT MERRILL,10,2027,D+,1.87 pts,7,,256,,Yes
10,11/5/24,2,S1,MAT522 / 12,GEOMETRY A,ROCHELLE AITON,10,2027,F,1.34 pts,5.71,,256,,Yes
10,11/5/24,2,S1,MAT522 / 12,GEOMETRY A,NINETTE LILIENTHAL,10,2027,F,1.34 pts,5.71,,256,,Yes
10,11/5/24,6,S1,SCI601 / 16,BIOLOGY A,GRANT MERRILL,10,2027,D+,1.86 pts,7,,256,,Yes
2,9/10/24,6,S1,MAT701 / 16,ALGEBRA II A,JASON BLAESING,11,2026,,,0,,257,,Yes
3,9/17/24,6,S1,MAT701 / 16,ALGEBRA II A,JASON BLAESING,11,2026,A,4.00 pts,0,,257,,Yes
4,9/24/24,6,S1,MAT701 / 16,ALGEBRA II A,JASON BLAESING,11,2026,A,4.00 pts,0,,257,,Yes
5,10/1/24,6,S1,MAT701 / 16,ALGEBRA II A,JASON BLAESING,11,2026,A,4.00 pts,0,,257,,Yes
6,10/8/24,6,S1,MAT701 / 16,ALGEBRA II A,JASON BLAESING,11,2026,A,4.00 pts,0,,257,,Yes
7,10/16/24,6,S1,MAT701 / 16,ALGEBRA II A,JASON BLAESING,11,2026,A,3.68 pts,0,,257,,Yes
8,10/22/24,6,S1,MAT701 / 16,ALGEBRA II A,JASON BLAESING,11,2026,A,4.00 pts,0,,257,,Yes
9,10/29/24,6,S1,MAT701 / 16,ALGEBRA II A,JASON BLAESING,11,2026,A,4.00 pts,0,,257,,Yes
10,11/5/24,6,S1,MAT701 / 16,ALGEBRA II A,JASON BLAESING,11,2026,A,4.00 pts,1,,257,,Yes
2,9/10/24,6,S1,MAT701 / 16,ALGEBRA II A,JASON BLAESING,11,2026,,,0,,258,,Yes
3,9/17/24,6,S1,MAT701 / 16,ALGEBRA II A,JASON BLAESING,11,2026,A,4.00 pts,0,,258,,Yes
4,9/24/24,6,S1,MAT701 / 16,ALGEBRA II A,JASON BLAESING,11,2026,C-,2.11 pts,0,,258,,Yes
5,10/1/24,6,S1,MAT701 / 16,ALGEBRA II A,JASON BLAESING,11,2026,C-,2.01 pts,1,,258,,Yes
6,10/8/24,6,S1,MAT701 / 16,ALGEBRA II A,JASON BLAESING,11,2026,F,1.05 pts,4,,258,,Yes
7,10/16/24,6,S1,MAT701 / 16,ALGEBRA II A,JASON BLAESING,11,2026,F,1.03 pts,4,,258,,Yes
8,10/22/24,6,S1,MAT701 / 16,ALGEBRA II A,JASON BLAESING,11,2026,F,1.39 pts,4,,258,,Yes
9,10/29/24,6,S1,MAT701 / 16,ALGEBRA II A,JASON BLAESING,11,2026,F,1.33 pts,5,,258,,Yes
10,11/5/24,6,S1,MAT701 / 16,ALGEBRA II A,JASON BLAESING,11,2026,F,1.30 pts,6.33,,258,,Yes
2,9/10/24,2,S1,BUS301 / 12,PERSONAL FINANCE A,NICOLE SIMEK,12,2025,,,0,,259,,Yes
3,9/17/24,2,S1,BUS301 / 12,PERSONAL FINANCE A,NICOLE SIMEK,12,2025,A,3.90 pts,0,,259,,Yes
4,9/24/24,2,S1,BUS301 / 12,PERSONAL FINANCE A,NICOLE SIMEK,12,2025,A,3.97 pts,0,,259,,Yes
5,10/1/24,2,S1,BUS301 / 12,PERSONAL FINANCE A,NICOLE SIMEK,12,2025,A,3.97 pts,0.43,,259,,Yes
6,10/8/24,2,S1,BUS301 / 12,PERSONAL FINANCE A,NICOLE SIMEK,12,2025,A,3.96 pts,0.43,,259,,Yes
7,10/16/24,2,S1,BUS301 / 12,PERSONAL FINANCE A,NICOLE SIMEK,12,2025,A,3.95 pts,0.43,,259,,Yes
8,10/22/24,2,S1,BUS301 / 12,PERSONAL FINANCE A,NICOLE SIMEK,12,2025,A,3.95 pts,0.43,,259,,Yes
9,10/29/24,2,S1,BUS301 / 12,PERSONAL FINANCE A,NICOLE SIMEK,12,2025,A,3.95 pts,1.29,,259,,Yes
10,11/5/24,2,S1,BUS301 / 12,PERSONAL FINANCE A,NICOLE SIMEK,12,2025,A,3.95 pts,3,,259,,Yes
2,9/10/24,5,S1,ENG701 / 15,JUNIOR ENG/A,JOHN CARVER,11,2026,,,0,,260,,Yes
2,9/10/24,2,S1,MAT701 / 12,ALGEBRA II A,JASON BLAESING,11,2026,,,0,,260,,Yes
3,9/17/24,2,S1,MAT701 / 12,ALGEBRA II A,JASON BLAESING,11,2026,A,4.00 pts,0,,260,,Yes
3,9/17/24,5,S1,ENG701 / 15,JUNIOR ENG/A,JOHN CARVER,11,2026,A,3.95 pts,0,,260,,Yes
4,9/24/24,2,S1,MAT701 / 12,ALGEBRA II A,JASON BLAESING,11,2026,A,4.00 pts,0,,260,,Yes
4,9/24/24,5,S1,ENG701 / 15,JUNIOR ENG/A,JOHN CARVER,11,2026,A,3.98 pts,0,,260,,Yes
5,10/1/24,2,S1,MAT701 / 12,ALGEBRA II A,JASON BLAESING,11,2026,A,4.00 pts,0,,260,,Yes
5,10/1/24,5,S1,ENG701 / 15,JUNIOR ENG/A,JOHN CARVER,11,2026,A,3.98 pts,0,,260,,Yes
6,10/8/24,2,S1,MAT701 / 12,ALGEBRA II A,JASON BLAESING,11,2026,A-,3.54 pts,0,,260,,Yes
6,10/8/24,5,S1,ENG701 / 15,JUNIOR ENG/A,JOHN CARVER,11,2026,A,4.00 pts,0,,260,,Yes
7,10/16/24,2,S1,MAT701 / 12,ALGEBRA II A,JASON BLAESING,11,2026,A,3.67 pts,0,,260,,Yes
7,10/16/24,5,S1,ENG701 / 15,JUNIOR ENG/A,JOHN CARVER,11,2026,A,4.00 pts,0.14,,260,,Yes
8,10/22/24,2,S1,MAT701 / 12,ALGEBRA II A,JASON BLAESING,11,2026,A,3.64 pts,1,,260,,Yes
8,10/22/24,5,S1,ENG701 / 15,JUNIOR ENG/A,JOHN CARVER,11,2026,A,3.96 pts,1.14,,260,,Yes
9,10/29/24,2,S1,MAT701 / 12,ALGEBRA II A,JASON BLAESING,11,2026,B+,3.24 pts,2,,260,,Yes
9,10/29/24,5,S1,ENG701 / 15,JUNIOR ENG/A,JOHN CARVER,11,2026,A,3.96 pts,2.14,,260,,Yes
10,11/5/24,2,S1,MAT701 / 12,ALGEBRA II A,JASON BLAESING,11,2026,B+,3.23 pts,3.71,,260,,Yes
10,11/5/24,5,S1,ENG701 / 15,JUNIOR ENG/A,JOHN CARVER,11,2026,A,3.96 pts,3.86,,260,,Yes
2,9/10/24,3,S1,MAT522 / 13,GEOMETRY A,ROCHELLE AITON,9,2028,,,0,,261,,Yes
3,9/17/24,3,S1,MAT522 / 13,GEOMETRY A,ROCHELLE AITON,9,2028,B,3.05 pts,0,,261,,Yes
4,9/24/24,3,S1,MAT522 / 13,GEOMETRY A,ROCHELLE AITON,9,2028,A,4.00 pts,0,,261,,Yes
5,10/1/24,3,S1,MAT522 / 13,GEOMETRY A,ROCHELLE AITON,9,2028,A,4.00 pts,0,,261,,Yes
6,10/8/24,3,S1,MAT522 / 13,GEOMETRY A,ROCHELLE AITON,9,2028,A-,3.53 pts,0,,261,,Yes
7,10/16/24,3,S1,MAT522 / 13,GEOMETRY A,ROCHELLE AITON,9,2028,A-,3.53 pts,0.14,,261,,Yes
8,10/22/24,3,S1,MAT522 / 13,GEOMETRY A,ROCHELLE AITON,9,2028,A-,3.55 pts,0.71,,261,,Yes
8,10/22/24,3,S1,MAT522 / 13,GEOMETRY A,NINETTE LILIENTHAL,9,2028,A-,3.55 pts,0.71,,261,,Yes
9,10/29/24,3,S1,MAT522 / 13,GEOMETRY A,ROCHELLE AITON,9,2028,B+,3.33 pts,1.14,,261,,Yes
9,10/29/24,3,S1,MAT522 / 13,GEOMETRY A,NINETTE LILIENTHAL,9,2028,B+,3.33 pts,1.14,,261,,Yes
10,11/5/24,3,S1,MAT522 / 13,GEOMETRY A,ROCHELLE AITON,9,2028,B+,3.33 pts,1.14,,261,,Yes
10,11/5/24,3,S1,MAT522 / 13,GEOMETRY A,NINETTE LILIENTHAL,9,2028,B+,3.33 pts,1.14,,261,,Yes
2,9/10/24,2,S1,MAT701 / 12,ALGEBRA II A,JASON BLAESING,11,2026,,,1,,262,,Yes
2,9/10/24,6,S1,SOC701 / 16,US HISTORY/A,SCOTT BOOTHBY,11,2026,F,1.00 pts,1,,262,,Yes
3,9/17/24,2,S1,MAT701 / 12,ALGEBRA II A,JASON BLAESING,11,2026,A,4.00 pts,1,,262,,Yes
3,9/17/24,6,S1,SOC701 / 16,US HISTORY/A,SCOTT BOOTHBY,11,2026,C+,2.51 pts,1,,262,,Yes
4,9/24/24,2,S1,MAT701 / 12,ALGEBRA II A,JASON BLAESING,11,2026,B,3.10 pts,1,,262,,Yes
4,9/24/24,6,S1,SOC701 / 16,US HISTORY/A,SCOTT BOOTHBY,11,2026,B,2.95 pts,1,,262,,Yes
5,10/1/24,2,S1,MAT701 / 12,ALGEBRA II A,JASON BLAESING,11,2026,A,4.00 pts,1,,262,,Yes
5,10/1/24,6,S1,SOC701 / 16,US HISTORY/A,SCOTT BOOTHBY,11,2026,B,2.96 pts,1,,262,,Yes
6,10/8/24,2,S1,MAT701 / 12,ALGEBRA II A,JASON BLAESING,11,2026,A,4.00 pts,1,,262,,Yes
6,10/8/24,6,S1,SOC701 / 16,US HISTORY/A,SCOTT BOOTHBY,11,2026,B,3.00 pts,1,,262,,Yes
7,10/16/24,2,S1,MAT701 / 12,ALGEBRA II A,JASON BLAESING,11,2026,B+,3.33 pts,2.14,,262,,Yes
7,10/16/24,6,S1,SOC701 / 16,US HISTORY/A,SCOTT BOOTHBY,11,2026,C+,2.52 pts,2,,262,,Yes
8,10/22/24,2,S1,MAT701 / 12,ALGEBRA II A,JASON BLAESING,11,2026,A,3.66 pts,2.14,,262,,Yes
8,10/22/24,6,S1,SOC701 / 16,US HISTORY/A,SCOTT BOOTHBY,11,2026,C+,2.52 pts,2.43,,262,,Yes
9,10/29/24,2,S1,MAT701 / 12,ALGEBRA II A,JASON BLAESING,11,2026,A-,3.51 pts,2.14,,262,,Yes
9,10/29/24,6,S1,SOC701 / 16,US HISTORY/A,SCOTT BOOTHBY,11,2026,C+,2.63 pts,2.43,,262,,Yes
10,11/5/24,2,S1,MAT701 / 12,ALGEBRA II A,JASON BLAESING,11,2026,A-,3.51 pts,2.14,,262,,Yes
10,11/5/24,6,S1,SOC701 / 16,US HISTORY/A,SCOTT BOOTHBY,11,2026,B-,2.70 pts,2.43,,262,,Yes
2,9/10/24,1,S1,MAT704 / 11,PRE-CALC A MAT 153,BRIAN ANDERSON,11,2026,,,0,,263,,Yes
3,9/17/24,1,S1,MAT704 / 11,PRE-CALC A MAT 153,BRIAN ANDERSON,11,2026,A,4.00 pts,1,,263,,Yes
4,9/24/24,1,S1,MAT704 / 11,PRE-CALC A MAT 153,BRIAN ANDERSON,11,2026,A,3.99 pts,1,,263,,Yes
5,10/1/24,1,S1,MAT704 / 11,PRE-CALC A MAT 153,BRIAN ANDERSON,11,2026,A,3.99 pts,1,,263,,Yes
6,10/8/24,1,S1,MAT704 / 11,PRE-CALC A MAT 153,BRIAN ANDERSON,11,2026,A,3.99 pts,2,,263,,Yes
7,10/16/24,1,S1,MAT704 / 11,PRE-CALC A MAT 153,BRIAN ANDERSON,11,2026,A-,3.40 pts,2,,263,,Yes
8,10/22/24,1,S1,MAT704 / 11,PRE-CALC A MAT 153,BRIAN ANDERSON,11,2026,B,2.93 pts,2,,263,,Yes
9,10/29/24,1,S1,MAT704 / 11,PRE-CALC A MAT 153,BRIAN ANDERSON,11,2026,B,2.90 pts,2,,263,,Yes
10,11/5/24,1,S1,MAT704 / 11,PRE-CALC A MAT 153,BRIAN ANDERSON,11,2026,B,2.95 pts,3,,263,,Yes
2,9/10/24,3,S1,MAT522 / 13,GEOMETRY A,ROCHELLE AITON,10,2027,,,0,,264,,Yes
3,9/17/24,3,S1,MAT522 / 13,GEOMETRY A,ROCHELLE AITON,10,2027,B,3.05 pts,0,,264,,Yes
4,9/24/24,3,S1,MAT522 / 13,GEOMETRY A,ROCHELLE AITON,10,2027,A,4.00 pts,0,,264,,Yes
5,10/1/24,3,S1,MAT522 / 13,GEOMETRY A,ROCHELLE AITON,10,2027,A,4.00 pts,0,,264,,Yes
6,10/8/24,3,S1,MAT522 / 13,GEOMETRY A,ROCHELLE AITON,10,2027,A-,3.45 pts,0,,264,,Yes
7,10/16/24,3,S1,MAT522 / 13,GEOMETRY A,ROCHELLE AITON,10,2027,A,3.90 pts,0,,264,,Yes
8,10/22/24,3,S1,MAT522 / 13,GEOMETRY A,ROCHELLE AITON,10,2027,A,3.90 pts,0,,264,,Yes
8,10/22/24,3,S1,MAT522 / 13,GEOMETRY A,NINETTE LILIENTHAL,10,2027,A,3.90 pts,0,,264,,Yes
9,10/29/24,3,S1,MAT522 / 13,GEOMETRY A,ROCHELLE AITON,10,2027,A,3.97 pts,0,,264,,Yes
9,10/29/24,3,S1,MAT522 / 13,GEOMETRY A,NINETTE LILIENTHAL,10,2027,A,3.97 pts,0,,264,,Yes
10,11/5/24,3,S1,MAT522 / 13,GEOMETRY A,ROCHELLE AITON,10,2027,A,3.97 pts,0,,264,,Yes
10,11/5/24,3,S1,MAT522 / 13,GEOMETRY A,NINETTE LILIENTHAL,10,2027,A,3.97 pts,0,,264,,Yes
2,9/10/24,1,S1,MAT704 / 11,PRE-CALC A MAT 153,BRIAN ANDERSON,12,2025,,,0,,265,,Yes
3,9/17/24,1,S1,MAT704 / 11,PRE-CALC A MAT 153,BRIAN ANDERSON,12,2025,A,4.00 pts,0,,265,,Yes
4,9/24/24,1,S1,MAT704 / 11,PRE-CALC A MAT 153,BRIAN ANDERSON,12,2025,A,3.95 pts,0,,265,,Yes
5,10/1/24,1,S1,MAT704 / 11,PRE-CALC A MAT 153,BRIAN ANDERSON,12,2025,A,4.00 pts,0,,265,,Yes
6,10/8/24,1,S1,MAT704 / 11,PRE-CALC A MAT 153,BRIAN ANDERSON,12,2025,A,4.00 pts,0,,265,,Yes
7,10/16/24,1,S1,MAT704 / 11,PRE-CALC A MAT 153,BRIAN ANDERSON,12,2025,A-,3.53 pts,0,,265,,Yes
8,10/22/24,1,S1,MAT704 / 11,PRE-CALC A MAT 153,BRIAN ANDERSON,12,2025,B+,3.37 pts,0,,265,,Yes
9,10/29/24,1,S1,MAT704 / 11,PRE-CALC A MAT 153,BRIAN ANDERSON,12,2025,B+,3.30 pts,2,,265,,Yes
10,11/5/24,1,S1,MAT704 / 11,PRE-CALC A MAT 153,BRIAN ANDERSON,12,2025,B,3.15 pts,2,,265,,Yes
2,9/10/24,5,S1,ENG701 / 15,JUNIOR ENG/A,JOHN CARVER,11,2026,,,0,,266,,Yes
2,9/10/24,6,S1,SOC701 / 16,US HISTORY/A,SCOTT BOOTHBY,11,2026,A,4.00 pts,0,,266,,Yes
3,9/17/24,5,S1,ENG701 / 15,JUNIOR ENG/A,JOHN CARVER,11,2026,A,3.95 pts,0,,266,,Yes
3,9/17/24,6,S1,SOC701 / 16,US HISTORY/A,SCOTT BOOTHBY,11,2026,B,3.03 pts,0,,266,,Yes
4,9/24/24,5,S1,ENG701 / 15,JUNIOR ENG/A,JOHN CARVER,11,2026,B+,3.34 pts,0,,266,,Yes
4,9/24/24,6,S1,SOC701 / 16,US HISTORY/A,SCOTT BOOTHBY,11,2026,B,3.10 pts,0,,266,,Yes
5,10/1/24,5,S1,ENG701 / 15,JUNIOR ENG/A,JOHN CARVER,11,2026,A,3.98 pts,0.29,,266,,Yes
5,10/1/24,6,S1,SOC701 / 16,US HISTORY/A,SCOTT BOOTHBY,11,2026,A-,3.59 pts,0.29,,266,,Yes
6,10/8/24,5,S1,ENG701 / 15,JUNIOR ENG/A,JOHN CARVER,11,2026,A,3.99 pts,0.29,,266,,Yes
6,10/8/24,6,S1,SOC701 / 16,US HISTORY/A,SCOTT BOOTHBY,11,2026,A-,3.59 pts,0.29,,266,,Yes
7,10/16/24,5,S1,ENG701 / 15,JUNIOR ENG/A,JOHN CARVER,11,2026,A,3.99 pts,0.29,,266,,Yes
7,10/16/24,6,S1,SOC701 / 16,US HISTORY/A,SCOTT BOOTHBY,11,2026,B+,3.32 pts,0.57,,266,,Yes
8,10/22/24,5,S1,ENG701 / 15,JUNIOR ENG/A,JOHN CARVER,11,2026,A,3.96 pts,0.29,,266,,Yes
8,10/22/24,6,S1,SOC701 / 16,US HISTORY/A,SCOTT BOOTHBY,11,2026,B+,3.30 pts,0.71,,266,,Yes
9,10/29/24,5,S1,ENG701 / 15,JUNIOR ENG/A,JOHN CARVER,11,2026,A,3.95 pts,0.29,,266,,Yes
9,10/29/24,6,S1,SOC701 / 16,US HISTORY/A,SCOTT BOOTHBY,11,2026,A-,3.55 pts,0.71,,266,,Yes
10,11/5/24,5,S1,ENG701 / 15,JUNIOR ENG/A,JOHN CARVER,11,2026,A,3.95 pts,0.29,,266,,Yes
10,11/5/24,6,S1,SOC701 / 16,US HISTORY/A,SCOTT BOOTHBY,11,2026,A,3.67 pts,0.71,,266,,Yes
2,9/10/24,3,S1,BUS301 / 13,PERSONAL FINANCE A,NICOLE SIMEK,11,2026,,,0,,267,,Yes
7,10/16/24,1,S1,ENG701 / 11,JUNIOR ENG/A,JOHN CARVER,11,2026,D,1.72 pts,9.07,,1,,#N/A
7,10/16/24,2,S1,PED500 / 12,WEIGHT TRAINING,SCOTT BOOTHBY,11,2026,D+,1.80 pts,9.79,,1,,#N/A
7,10/16/24,3,S1,MAT701 / 13,ALGEBRA II A,JENNIFER REILLY,11,2026,F,0.46 pts,9.07,Jonathan,1,Active,Yes
7,10/16/24,4,S1,CTE114 / 14,ENGINEERING A,JASON BLAESING,11,2026,B,2.90 pts,8.29,,1,,#N/A
7,10/16/24,5,S1,SOC701 / 15,US HISTORY/A,DAVE HAJEK,11,2026,F,0.11 pts,9.14,,1,,#N/A
7,10/16/24,6,S1,FAR604 / 16,SCENE DESIGN,KELLY GREGERSEN,11,2026,C+,2.54 pts,8.29,,1,,#N/A
7,10/16/24,7,S1,ELE507 / A61,ADVISORY 11/A,AARON LABREE,11,2026,,,6.14,,1,,#N/A
7,10/16/24,1,S1,CTA101 / 11,CTA S1,MARK CASTLE,11,2026,,,0,,3,,#N/A
7,10/16/24,2,S1,CTA101 / 11,CTA S1,MARK CASTLE,11,2026,,,0,,3,,#N/A
7,10/16/24,3,S1,CTA101 / 11,CTA S1,MARK CASTLE,11,2026,,,0,,3,,#N/A
7,10/16/24,4,S1,MAT701 / 14,ALGEBRA II A,JENNIFER REILLY,11,2026,C-,2.08 pts,0,,3,,#N/A
7,10/16/24,5,S1,ASL503 / 15,AMERICAN SIGN LANGUAGE II/A,TAMI GRANT,11,2026,A-,3.50 pts,0,,3,,#N/A
7,10/16/24,6,S1,ENG701 / 16,JUNIOR ENG/A,JOHN CARVER,11,2026,A,3.90 pts,0.33,,3,,#N/A
7,10/16/24,1,S1,FAR505 / 11,CONCERT CHOIR/A,DAVID DUARTE,10,2027,A,4.00 pts,0.71,,4,,#N/A
7,10/16/24,2,S1,SPA501 / 12,SPANISH 1 A,ROCHELLE AITON,10,2027,A,3.73 pts,1.14,,4,,#N/A
7,10/16/24,3,S1,SOC108 / 13,WORLD HISTORY/A,RYAN ISAACSON,10,2027,C,2.25 pts,0.71,,4,,#N/A
7,10/16/24,4,S1,SCI601 / 14,BIOLOGY A,GRANT MERRILL,10,2027,D+,1.88 pts,1.29,,4,,Yes
7,10/16/24,5,S1,ENG601 / 15,SOPH ENG/A,MARCEE SALAS,10,2027,D+,1.88 pts,0.86,,4,,Yes
7,10/16/24,6,S1,MAT522 / 36,GEOMETRY A,ROCHELLE AITON,10,2027,D+,1.90 pts,1.14,,4,,#N/A
7,10/16/24,7,S1,ELE505 / A60,ADVISORY 10/A,GRANT MERRILL,10,2027,,,0.14,,4,,#N/A
7,10/16/24,1,S1,VOC705 / 11,DIGITAL PHOTOGRAPHY I,ROSANNA RUFF,11,2026,B,3.00 pts,7.14,,5,,#N/A
7,10/16/24,2,S1,BUS301 / 12,PERSONAL FINANCE A,NICOLE SIMEK,11,2026,C-,2.15 pts,7,,5,,Yes
7,10/16/24,3,S1,SCI503 / 33,PHYSICAL SCIENCE A,WILLIAM BAUR,11,2026,F,1.34 pts,7.43,,5,,#N/A
7,10/16/24,4,S1,SOC701 / 14,US HISTORY/A,DAVE HAJEK,11,2026,C-,2.02 pts,7,,5,,Yes
7,10/16/24,5,S1,ENG701 / 15,JUNIOR ENG/A,JOHN CARVER,11,2026,B,2.90 pts,7.14,,5,,Yes
7,10/16/24,6,S1,PED500 / 16,WEIGHT TRAINING,SCOTT DIZMANG,11,2026,A-,3.51 pts,7.14,,5,,#N/A
7,10/16/24,7,S1,ELE507 / A41,ADVISORY 11/A,BRENT MANSELL,11,2026,,,7,,5,,#N/A
7,10/16/24,1,S1,PED513 / 11,TEAM GAMES,SCOTT DIZMANG,10,2027,A,4.00 pts,0,,6,,#N/A
7,10/16/24,2,S1,MAT522 / 12,GEOMETRY A,ROCHELLE AITON,10,2027,F,1.36 pts,0,John L,6,Active,Yes
7,10/16/24,3,S1,SOC108 / 13,WORLD HISTORY/A,RYAN ISAACSON,10,2027,C+,2.58 pts,0.14,,6,,#N/A
7,10/16/24,4,S1,FAR109 / 14,CERAMICS II,ROBERT YEE,10,2027,,,0.14,,6,,#N/A
7,10/16/24,5,S1,ENG601 / 15,SOPH ENG/A,MARCEE SALAS,10,2027,F,1.39 pts,0,,6,,#N/A
7,10/16/24,6,S1,SCI601 / 36,BIOLOGY A,WILLIAM BAUR,10,2027,F,0.51 pts,0.14,,6,,#N/A
7,10/16/24,7,S1,ELE505 / A60,ADVISORY 10/A,GRANT MERRILL,10,2027,,,0,,6,,#N/A
7,10/16/24,1,S1,ENG801 / 11,SENIOR ENG/A,HEATHER CARVER,12,2025,D,1.76 pts,1.86,,7,,#N/A
7,10/16/24,2,S1,BUS301 / 12,PERSONAL FINANCE A,NICOLE SIMEK,12,2025,D,1.67 pts,1.71,,7,,Yes
7,10/16/24,3,S1,ONT400 / 13,ON-TRACK/A,BRIAN ANDERSON,12,2025,A,4.00 pts,1.71,,7,,#N/A
7,10/16/24,4,S1,ENG715 / 14,FILM AS LITERATURE,KELLY GREGERSEN,12,2025,F,0.78 pts,1.71,,7,,#N/A
7,10/16/24,5,S1,CTE100 / 15,MEDICAL CAREERS & TERMINOLOG/A,DONNA SCHATZ,12,2025,B,2.90 pts,2,,7,,#N/A
7,10/16/24,6,S1,SOC802 / 16,CIVICS,JIM REED,12,2025,C-,2.01 pts,1.43,,7,,#N/A
7,10/16/24,7,S1,ELE509 / A32,ADVISORY 12/A,SCOTT DIZMANG,12,2025,,,1,,7,,#N/A
7,10/16/24,1,S1,FAR720 / 11,PANTHER PLAYERS/A,KELLY GREGERSEN,11,2026,A-,3.54 pts,3.14,,46,,#N/A
7,10/16/24,2,S1,SCI609 / 12,CHEMISTRY/A,GRANT MERRILL,11,2026,F,1.06 pts,3,,46,,Yes
7,10/16/24,3,S1,MAT701 / 13,ALGEBRA II A,JENNIFER REILLY,11,2026,B,2.95 pts,3,,46,,Yes
7,10/16/24,4,S1,ENG715 / 14,FILM AS LITERATURE,KELLY GREGERSEN,11,2026,F,1.48 pts,3.43,,46,,#N/A
7,10/16/24,5,S1,SOC701 / 15,US HISTORY/A,DAVE HAJEK,11,2026,B,2.98 pts,3.43,,46,,#N/A
7,10/16/24,6,S1,SPA501 / 16,SPANISH 1 A,ROCHELLE AITON,11,2026,B-,2.70 pts,3.43,,46,,#N/A
7,10/16/24,7,S1,ELE507 / A51,ADVISORY 11/A,DONALD O'BRIEN,11,2026,,,3,,46,,#N/A
7,10/16/24,1,S1,FAR720 / 11,PANTHER PLAYERS/A,KELLY GREGERSEN,12,2025,A,3.99 pts,3.57,,8,,#N/A
7,10/16/24,2,S1,SPS103 / 12,OFFICE ASSISTANT,MARK CASTLE,12,2025,,,2.29,,8,,#N/A
7,10/16/24,3,S1,PED500 / 13,WEIGHT TRAINING,SCOTT BOOTHBY,12,2025,A-,3.58 pts,1.43,,8,,#N/A
7,10/16/24,4,S1,ENG717 / 14,AP LITERATURE/ COMPOSITION A,HEATHER CARVER,12,2025,F,1.53 pts,2.29,,8,,#N/A
7,10/16/24,5,S1,SOC802 / 15,CIVICS,SCOTT BOOTHBY,12,2025,B,3.14 pts,2.29,,8,,#N/A
7,10/16/24,6,S1,SCI503 / 16,PHYSICAL SCIENCE A,JAMES BENNETT,12,2025,C+,2.64 pts,2.57,,8,,#N/A
7,10/16/24,7,S1,ELE509 / A12,ADVISORY 12/A,JASON BLAESING,12,2025,,,1,,8,,#N/A
7,10/16/24,1,S1,PED500 / 11,WEIGHT TRAINING,SCOTT BOOTHBY,10,2027,A,4.00 pts,1.57,,9,,#N/A
7,10/16/24,2,S1,SOC108 / 12,WORLD HISTORY/A,DAVID HOLLINGSWORTH,10,2027,D,1.77 pts,1.57,,9,,#N/A
7,10/16/24,3,S1,SCI601 / 13,BIOLOGY A,GRANT MERRILL,10,2027,F,1.04 pts,1.43,,9,,Yes
7,10/16/24,4,S1,FAR109 / 14,CERAMICS II,ROBERT YEE,10,2027,,,0.86,,9,,#N/A
7,10/16/24,5,S1,MAT522 / 15,GEOMETRY A,BRIAN ANDERSON,10,2027,F,1.06 pts,0.86,,9,,Yes
7,10/16/24,6,S1,ENG601 / 16,SOPH ENG/A,MARCEE SALAS,10,2027,D,1.75 pts,0.86,,9,,#N/A
7,10/16/24,7,S1,ELE505 / A80,ADVISORY 10/A,MARCEE SALAS,10,2027,,,0.57,,9,,#N/A
7,10/16/24,1,S1,MAT522 / 11,GEOMETRY A,ROCHELLE AITON,10,2027,F,1.50 pts,0,,10,,Yes
7,10/16/24,2,S1,ENG601 / 12,SOPH ENG/A,KELLY GREGERSEN,10,2027,B,3.04 pts,0,,10,,Yes
7,10/16/24,3,S1,SOC108 / 13,WORLD HISTORY/A,RYAN ISAACSON,10,2027,C,2.47 pts,0,,10,,#N/A
7,10/16/24,4,S1,HFL118 / 14,ADV CULINARY ARTS A,ALEXANDRA YOST,10,2027,B,3.07 pts,0,,10,,#N/A
7,10/16/24,5,S1,VOC106 / 15,METAL MANUFACTURING & TECH I,DONALD O'BRIEN,10,2027,A,3.97 pts,0,,10,,#N/A
7,10/16/24,6,S1,SCI601 / 16,BIOLOGY A,GRANT MERRILL,10,2027,B,2.97 pts,0,,10,,Yes
7,10/16/24,7,S1,ELE505 / A20,ADVISORY 10/A,ROCHELLE AITON,10,2027,,,0,,10,,#N/A
7,10/16/24,1,S1,SPA601 / 11,SPANISH II A,ROCHELLE AITON,11,2026,B+,3.35 pts,1,,11,,#N/A
7,10/16/24,2,S1,HFL116 / 12,BAKING PASTRY ARTS I,KAYLA PAYNE,11,2026,A,3.94 pts,1,,11,,#N/A
7,10/16/24,3,S1,MAT701 / 13,ALGEBRA II A,JENNIFER REILLY,11,2026,B,3.01 pts,1,,11,,Yes
7,10/16/24,4,S1,CTE114 / 14,ENGINEERING A,JASON BLAESING,11,2026,B,3.05 pts,1.14,,11,,#N/A
7,10/16/24,5,S1,SOC703 / 15,AP US HISTORY A,RYAN ISAACSON,11,2026,A,4.00 pts,1,,11,,#N/A
7,10/16/24,6,S1,ENG701 / 16,JUNIOR ENG/A,JOHN CARVER,11,2026,A,4.00 pts,1,,11,,#N/A
7,10/16/24,7,S1,ELE507 / A31,ADVISORY 11/A,DAVID HOLLINGSWORTH,11,2026,,,1,,11,,#N/A
7,10/16/24,1,S1,CTE114 / 11,ENGINEERING A,JASON BLAESING,11,2026,B-,2.71 pts,0,,12,,#N/A
7,10/16/24,2,S1,VOC116 / 12,BASIC CARPENTRY 1,BRENT MANSELL,11,2026,C+,2.54 pts,0,,12,,#N/A
7,10/16/24,3,S1,BUS301 / 13,PERSONAL FINANCE A,NICOLE SIMEK,11,2026,B,3.08 pts,0,,12,,Yes
7,10/16/24,4,S1,SOC701 / 14,US HISTORY/A,DAVE HAJEK,11,2026,C,2.47 pts,0.43,,12,,Yes
7,10/16/24,5,S1,VOC504 / 15,ADV FINE ARTS WOODWORKING I,BRENT MANSELL,11,2026,C-,2.05 pts,0.43,,12,,#N/A
7,10/16/24,6,S1,ENG701 / 16,JUNIOR ENG/A,JOHN CARVER,11,2026,B-,2.74 pts,0.43,,12,,#N/A
7,10/16/24,7,S1,ELE507 / A11,ADVISORY 11/A,JAMES BENNETT,11,2026,,,0,,12,,#N/A
7,10/16/24,1,S1,MAT522 / 11,GEOMETRY A,ROCHELLE AITON,10,2027,F,1.36 pts,4.43,John L,13,Active,Yes
7,10/16/24,2,S1,ENG601 / 12,SOPH ENG/A,KELLY GREGERSEN,10,2027,B-,2.73 pts,4.14,,13,,Yes
7,10/16/24,3,S1,SCI601 / 33,BIOLOGY A,DONNA SCHATZ,10,2027,C+,2.64 pts,4.29,,13,,#N/A
7,10/16/24,4,S1,CTE114 / 14,ENGINEERING A,JASON BLAESING,10,2027,C-,2.07 pts,2.43,,13,,#N/A
7,10/16/24,5,S1,HFL113 / 15,INTRO CULINARY ART,ALEXANDRA YOST,10,2027,C+,2.55 pts,4.14,,13,,#N/A
7,10/16/24,6,S1,SOC108 / 36,WORLD HISTORY/A,DAVE HAJEK,10,2027,F,1.04 pts,4.29,,13,,#N/A
7,10/16/24,7,S1,ELE505 / A70,ADVISORY 10/A,JOHN MILLER,10,2027,,,4.14,,13,,#N/A
7,10/16/24,1,S1,ENG701 / 11,JUNIOR ENG/A,JOHN CARVER,11,2026,B,3.09 pts,1.71,,14,,#N/A
7,10/16/24,2,S1,VOC705 / 12,DIGITAL PHOTOGRAPHY I,ROSANNA RUFF,11,2026,B+,3.26 pts,1,,14,,#N/A
7,10/16/24,3,S1,MAT701 / 13,ALGEBRA II A,JENNIFER REILLY,11,2026,F,0.95 pts,1.43,Jonathan,14,Active,Yes
7,10/16/24,4,S1,SCI503 / 14,PHYSICAL SCIENCE A,JAMES BENNETT,11,2026,C+,2.61 pts,1.71,,14,,#N/A
7,10/16/24,5,S1,SOC701 / 15,US HISTORY/A,DAVE HAJEK,11,2026,A-,3.41 pts,1.71,,14,,#N/A
7,10/16/24,6,S1,VOC502 / 16,FINE ARTS WOODWORKING I,BRENT MANSELL,11,2026,A,4.00 pts,1.29,,14,,#N/A
7,10/16/24,7,S1,ELE507 / A61,ADVISORY 11/A,AARON LABREE,11,2026,,,1,,14,,#N/A
7,10/16/24,1,S1,SPA601 / 11,SPANISH II A,ROCHELLE AITON,10,2027,A,3.86 pts,0,,15,,#N/A
7,10/16/24,2,S1,ENG601 / 12,SOPH ENG/A,KELLY GREGERSEN,10,2027,C,2.22 pts,0,,15,,Yes
7,10/16/24,3,S1,SOC108 / 13,WORLD HISTORY/A,RYAN ISAACSON,10,2027,B+,3.24 pts,0,,15,,#N/A
7,10/16/24,4,S1,SCI601 / 14,BIOLOGY A,GRANT MERRILL,10,2027,D+,1.94 pts,0,,15,,Yes
7,10/16/24,5,S1,PED513 / 15,TEAM GAMES,SCOTT DIZMANG,10,2027,A-,3.53 pts,0,,15,,#N/A
7,10/16/24,6,S1,MAT522 / 36,GEOMETRY A,ROCHELLE AITON,10,2027,C,2.26 pts,0.14,,15,,#N/A
7,10/16/24,7,S1,ELE505 / A80,ADVISORY 10/A,MARCEE SALAS,10,2027,,,0,,15,,#N/A
7,10/16/24,1,S1,SOC108 / 11,WORLD HISTORY/A,DAVID HOLLINGSWORTH,10,2027,F,0.00 pts,0,,16,,#N/A
7,10/16/24,2,S1,FAR113 / 12,INTRO TO ART AND DESIGN,ROBERT YEE,10,2027,,,0,,16,,#N/A
7,10/16/24,3,S1,CTE120 / 13,CYBER SECURITY I,ROSANNA RUFF,10,2027,,,0,,16,,#N/A
7,10/16/24,4,S1,MAT522 / 14,GEOMETRY A,ROCHELLE AITON,10,2027,,,0,,16,,Yes
7,10/16/24,5,S1,SCI503 / 35,PHYSICAL SCIENCE A,WILLIAM BAUR,10,2027,,,0,,16,,#N/A
7,10/16/24,6,S1,ENG601 / 16,SOPH ENG/A,MARCEE SALAS,10,2027,F,1.00 pts,0,,16,,#N/A
7,10/16/24,7,S1,ELE505 / A00,ADVISORY 10/A,ROBERT YEE,10,2027,,,0,,16,,#N/A
7,10/16/24,1,S1,SOC108 / 11,WORLD HISTORY/A,DAVID HOLLINGSWORTH,10,2027,,4.00 pts,0,,17,,#N/A
7,10/16/24,1,S1,VOC106 / 11,METAL MANUFACTURING & TECH I,DONALD O'BRIEN,10,2027,C-,2.18 pts,2.14,,17,,#N/A
7,10/16/24,2,S1,ENG601 / 12,SOPH ENG/A,KELLY GREGERSEN,10,2027,F,1.57 pts,1.14,,17,,Yes
7,10/16/24,3,S1,SCI601 / 33,BIOLOGY A,DONNA SCHATZ,10,2027,D,1.74 pts,2.14,,17,,#N/A
7,10/16/24,4,S1,MAT522 / 14,GEOMETRY A,ROCHELLE AITON,10,2027,F,0.90 pts,2.14,John L,17,Active,Yes
7,10/16/24,5,S1,PED513 / 15,TEAM GAMES,SCOTT DIZMANG,10,2027,A,3.99 pts,1.71,,17,,#N/A
7,10/16/24,6,S1,VOC620 / 16,METAL CRAFTS & PRODUCTION I,DONALD O'BRIEN,10,2027,,0.00 pts,0,,17,,#N/A
7,10/16/24,6,S1,SOC108 / 36,WORLD HISTORY/A,DAVE HAJEK,10,2027,F,1.34 pts,1.86,,17,,#N/A
7,10/16/24,7,S1,ELE505 / A70,ADVISORY 10/A,JOHN MILLER,10,2027,,,0.57,,17,,#N/A
7,10/16/24,0,S1,SUPADV / TM,SUPPLEMENTAL  ADVISORY,TIMOTHY MOORE,12,2025,,,0,,18,,#N/A
7,10/16/24,1,S1,PED101 / 11,PHYSICAL EDUCATION,KATHERINE STURDYVIN-SCOBBA,12,2025,D+,1.90 pts,3,,18,,#N/A
7,10/16/24,2,S1,BUS301 / 12,PERSONAL FINANCE A,NICOLE SIMEK,12,2025,F,1.53 pts,1.86,,18,,Yes
7,10/16/24,3,S1,SOC802 / 13,CIVICS,JIM REED,12,2025,F,0.02 pts,1.86,,18,,#N/A
7,10/16/24,4,S1,AACTM1 / 14,ACADEMIC ACHIEVEMENT A,TIMOTHY MOORE,12,2025,A,3.86 pts,3,,18,,#N/A
7,10/16/24,5,S1,ONT400 / 15,ON-TRACK/A,ROBERT YEE,12,2025,B-,2.70 pts,1.71,,18,,#N/A
7,10/16/24,6,S1,ENG801 / 16,SENIOR ENG/A,HEATHER CARVER,12,2025,C+,2.58 pts,1.71,,18,,#N/A
7,10/16/24,7,S1,ELE509 / A72,ADVISORY 12/A,JENNIFER REILLY,12,2025,,,0,,18,,#N/A
7,10/16/24,1,S1,PED500 / 11,WEIGHT TRAINING,SCOTT BOOTHBY,9,2028,A,4.00 pts,1,,2,,#N/A
7,10/16/24,2,S1,ASL501 / 12,AMERICAN SIGN LANGUAGE I/A,KYLA RITCHEY,9,2028,A-,3.53 pts,1,,2,,#N/A
7,10/16/24,3,S1,MAT520 / 33,ALGEBRA I A,JANET GROVE,9,2028,B,3.07 pts,1.86,,2,,#N/A
7,10/16/24,4,S1,SCI503 / 14,PHYSICAL SCIENCE A,JAMES BENNETT,9,2028,C+,2.67 pts,3,,2,,#N/A
7,10/16/24,5,S1,HFL113 / 15,INTRO CULINARY ART,ALEXANDRA YOST,9,2028,C,2.30 pts,3.14,,2,,#N/A
7,10/16/24,6,S1,ENG501 / 16,FR ENGLISH/A,DAVID HOLLINGSWORTH,9,2028,B-,2.73 pts,3.14,,2,,Yes
7,10/16/24,7,S1,ELE503 / AA9,ADVISORY 9/A,NICOLE SIMEK,9,2028,,,2.86,,2,,#N/A
7,10/16/24,1,S1,CTE114 / 11,ENGINEERING A,JASON BLAESING,11,2026,B,3.02 pts,0.57,,19,,#N/A
7,10/16/24,2,S1,FAR113 / 12,INTRO TO ART AND DESIGN,ROBERT YEE,11,2026,A-,3.51 pts,0,,19,,#N/A
7,10/16/24,3,S1,FAR605 / 13,INTRO TO THEATRE,KELLY GREGERSEN,11,2026,A-,3.51 pts,0,,19,,#N/A
7,10/16/24,4,S1,ENG701 / 14,JUNIOR ENG/A,JOHN CARVER,11,2026,B,3.18 pts,0.86,,19,,#N/A
7,10/16/24,5,S1,SOC703 / 15,AP US HISTORY A,RYAN ISAACSON,11,2026,A,4.00 pts,0.86,,19,,#N/A
7,10/16/24,6,S1,MAT701 / 16,ALGEBRA II A,JASON BLAESING,11,2026,D,1.65 pts,0.86,Jonathan,19,Active,Yes
7,10/16/24,7,S1,ELE507 / A31,ADVISORY 11/A,DAVID HOLLINGSWORTH,11,2026,,,0.57,,19,,#N/A
7,10/16/24,1,S1,ENG601 / 11,SOPH ENG/A,MARCEE SALAS,10,2027,B,3.08 pts,1.14,,20,,#N/A
7,10/16/24,2,S1,MAT522 / 32,GEOMETRY A,BRIAN ANDERSON,10,2027,F,1.05 pts,1.29,,20,,#N/A
7,10/16/24,3,S1,VOC620 / 13,METAL CRAFTS & PRODUCTION I,DONALD O'BRIEN,10,2027,A,3.97 pts,1.29,,20,,#N/A
7,10/16/24,4,S1,SCI601 / 14,BIOLOGY A,GRANT MERRILL,10,2027,B,3.00 pts,1.14,,20,,Yes
7,10/16/24,5,S1,CTE100 / 15,MEDICAL CAREERS & TERMINOLOG/A,DONNA SCHATZ,10,2027,A,4.00 pts,0.71,,20,,#N/A
7,10/16/24,6,S1,SOC108 / 36,WORLD HISTORY/A,DAVE HAJEK,10,2027,F,1.54 pts,0,,20,,#N/A
7,10/16/24,7,S1,ELE505 / A40,ADVISORY 10/A,DAVID DUARTE,10,2027,,,0,,20,,#N/A
7,10/16/24,1,S1,SOC701 / 11,US HISTORY/A,DAVE HAJEK,11,2026,D,1.72 pts,5.71,,21,,#N/A
7,10/16/24,2,S1,SCI609 / 12,CHEMISTRY/A,GRANT MERRILL,11,2026,F,1.49 pts,5.71,,21,,Yes
7,10/16/24,3,S1,BUS301 / 13,PERSONAL FINANCE A,NICOLE SIMEK,11,2026,D+,1.80 pts,5.71,,21,,Yes
7,10/16/24,4,S1,HFL118 / 14,ADV CULINARY ARTS A,ALEXANDRA YOST,11,2026,B-,2.73 pts,5.71,,21,,#N/A
7,10/16/24,5,S1,ENG701 / 15,JUNIOR ENG/A,JOHN CARVER,11,2026,B,3.11 pts,5,,21,,Yes
7,10/16/24,6,S1,PED500 / 16,WEIGHT TRAINING,SCOTT DIZMANG,11,2026,A,4.00 pts,5.71,,21,,#N/A
7,10/16/24,7,S1,ELE507 / A11,ADVISORY 11/A,JAMES BENNETT,11,2026,,,5,,21,,#N/A
7,10/16/24,1,S1,FAR109 / 11,CERAMICS II,ROBERT YEE,11,2026,,,0,,22,,#N/A
7,10/16/24,2,S1,FAR113 / 12,INTRO TO ART AND DESIGN,ROBERT YEE,11,2026,B+,3.34 pts,0.29,,22,,#N/A
7,10/16/24,3,S1,MAT701 / 13,ALGEBRA II A,JENNIFER REILLY,11,2026,A,3.93 pts,1.14,,22,,Yes
7,10/16/24,4,S1,SCI503 / 34,PHYSICAL SCIENCE A,WILLIAM BAUR,11,2026,B,3.05 pts,1.14,,22,,#N/A
7,10/16/24,5,S1,SOC701 / 15,US HISTORY/A,DAVE HAJEK,11,2026,C-,2.12 pts,1.14,,22,,#N/A
7,10/16/24,6,S1,ENG701 / 16,JUNIOR ENG/A,JOHN CARVER,11,2026,A,3.67 pts,1.14,,22,,#N/A
7,10/16/24,7,S1,ELE507 / A41,ADVISORY 11/A,BRENT MANSELL,11,2026,,,0.71,,22,,#N/A
7,10/16/24,1,S1,SCI503 / 11,PHYSICAL SCIENCE A,JAMES BENNETT,11,2026,B,3.05 pts,7.43,,23,,#N/A
7,10/16/24,2,S1,BUS301 / 12,PERSONAL FINANCE A,NICOLE SIMEK,11,2026,F,0.95 pts,6.86,Doug,23,Active,Yes
7,10/16/24,3,S1,ONT400 / 13,ON-TRACK/A,BRIAN ANDERSON,11,2026,F,1.60 pts,6.86,,23,,#N/A
7,10/16/24,4,S1,SOC701 / 14,US HISTORY/A,DAVE HAJEK,11,2026,F,0.53 pts,7.29,Rebecca,23,Active,Yes
7,10/16/24,5,S1,ENG701 / 15,JUNIOR ENG/A,JOHN CARVER,11,2026,D+,1.86 pts,5.86,,23,,Yes
7,10/16/24,6,S1,VOC620 / 16,METAL CRAFTS & PRODUCTION I,DONALD O'BRIEN,11,2026,,0.00 pts,1.29,,23,,#N/A
7,10/16/24,6,S1,FAR604 / 16,SCENE DESIGN,KELLY GREGERSEN,11,2026,A,3.93 pts,6.29,,23,,#N/A
7,10/16/24,7,S1,ELE507 / A11,ADVISORY 11/A,JAMES BENNETT,11,2026,,,2,,23,,#N/A
7,10/16/24,1,S1,MAT704 / 11,PRE-CALC A MAT 153,BRIAN ANDERSON,12,2025,F,1.09 pts,1,,24,,Yes
7,10/16/24,2,S1,RUN101 / 12,RUNNING START/A,,12,2025,,,0,,24,,#N/A
7,10/16/24,3,S1,CTE120 / 13,CYBER SECURITY I,ROSANNA RUFF,12,2025,A-,3.53 pts,1.5,,24,,#N/A
7,10/16/24,4,S1,ENG717 / 14,AP LITERATURE/ COMPOSITION A,HEATHER CARVER,12,2025,,0.50 pts,1.25,,24,,#N/A
7,10/16/24,4,S1,RUN101 / 14,RUNNING START/A,,12,2025,,,0,,24,,#N/A
7,10/16/24,5,S1,SOC802 / 15,CIVICS,SCOTT BOOTHBY,12,2025,A-,3.54 pts,1,,24,,#N/A
7,10/16/24,6,S1,RUN101 / 16,RUNNING START/A,,12,2025,,,0,,24,,#N/A
7,10/16/24,7,S1,ELE509 / A62,ADVISORY 12/A,RYAN ISAACSON,12,2025,,,0,,24,,#N/A
7,10/16/24,1,S1,PED513 / 11,TEAM GAMES,SCOTT DIZMANG,9,2028,A-,3.53 pts,0,,25,,#N/A
7,10/16/24,2,S1,HFL114 / 12,FAMILY HEALTH,MICHAEL ISOTALO,9,2028,C-,2.02 pts,0,,25,,#N/A
7,10/16/24,3,S1,SCI503 / 33,PHYSICAL SCIENCE A,WILLIAM BAUR,9,2028,D,1.72 pts,0,,25,,#N/A
7,10/16/24,4,S1,VOC300 / 14,SMALL ENGINE REPAIR I,DONALD O'BRIEN,9,2028,B,2.92 pts,0,,25,,#N/A
7,10/16/24,5,S1,MAT520 / 15,ALGEBRA I A,KEVIN REILLY,9,2028,A-,3.47 pts,0,,25,,#N/A
7,10/16/24,6,S1,ENG501 / 16,FR ENGLISH/A,DAVID HOLLINGSWORTH,9,2028,F,1.62 pts,0,,25,,Yes
7,10/16/24,7,S1,ELE503 / A19,ADVISORY 9/A,ANGELINA MERRILL,9,2028,,,0,,25,,#N/A
7,10/16/24,1,S1,SCI503 / 11,PHYSICAL SCIENCE A,JAMES BENNETT,11,2026,F,0.27 pts,8.71,,26,,#N/A
7,10/16/24,2,S1,VOC705 / 12,DIGITAL PHOTOGRAPHY I,ROSANNA RUFF,11,2026,A,3.78 pts,5.14,,26,,#N/A
7,10/16/24,3,S1,ONT400 / 13,ON-TRACK/A,BRIAN ANDERSON,11,2026,F,1.60 pts,3.43,,26,,#N/A
7,10/16/24,4,S1,SOC701 / 14,US HISTORY/A,DAVE HAJEK,11,2026,F,0.68 pts,5.57,,26,,Yes
7,10/16/24,5,S1,BUS301 / 15,PERSONAL FINANCE A,NICOLE SIMEK,11,2026,F,0.57 pts,4.29,,26,,#N/A
7,10/16/24,6,S1,ENG701 / 16,JUNIOR ENG/A,JOHN CARVER,11,2026,F,1.55 pts,7.29,,26,,#N/A
7,10/16/24,7,S1,ELE507 / A21,ADVISORY 11/A,HEATHER CARVER,11,2026,,,3.43,,26,,#N/A
7,10/16/24,1,S1,ASL505 / 11,AMER SIGN III/A,TAMI GRANT,11,2026,A,4.00 pts,1.14,,29,,#N/A
7,10/16/24,2,S1,SCI503 / 32,PHYSICAL SCIENCE A,WILLIAM BAUR,11,2026,C,2.42 pts,0.86,,29,,#N/A
7,10/16/24,3,S1,ENG719 / 13,AP LANGUAGE/COMPOSITION A,HEATHER CARVER,11,2026,C-,2.01 pts,1.57,,29,,#N/A
7,10/16/24,4,S1,MAT701 / 14,ALGEBRA II A,JENNIFER REILLY,11,2026,B,3.01 pts,1.86,,29,,#N/A
7,10/16/24,5,S1,CTE501 / 15,PROJECT IN LEADERSHIP/A,KYLA RITCHEY,11,2026,A-,3.50 pts,0.71,,29,,#N/A
7,10/16/24,6,S1,SOC701 / 16,US HISTORY/A,SCOTT BOOTHBY,11,2026,F,1.60 pts,1.29,,29,,Yes
7,10/16/24,7,S1,ELE507 / A71,ADVISORY 11/A,KEVIN REILLY,11,2026,,,0.71,,29,,#N/A
7,10/16/24,1,S1,PED500 / 11,WEIGHT TRAINING,SCOTT BOOTHBY,12,2025,C,2.22 pts,4.29,,27,,#N/A
7,10/16/24,2,S1,BUS301 / 12,PERSONAL FINANCE A,NICOLE SIMEK,12,2025,F,1.38 pts,4,,27,,Yes
7,10/16/24,3,S1,ONT400 / 13,ON-TRACK/A,BRIAN ANDERSON,12,2025,A,4.00 pts,4,,27,,#N/A
7,10/16/24,4,S1,SOC802 / 14,CIVICS,JIM REED,12,2025,F,0.97 pts,4.43,,27,,#N/A
7,10/16/24,5,S1,CTE100 / 15,MEDICAL CAREERS & TERMINOLOG/A,DONNA SCHATZ,12,2025,F,0.90 pts,4.29,,27,,#N/A
7,10/16/24,6,S1,ENG801 / 16,SENIOR ENG/A,HEATHER CARVER,12,2025,F,0.91 pts,4,,27,,#N/A
7,10/16/24,7,S1,ELE509 / A42,ADVISORY 12/A,TAMI GRANT,12,2025,,,4,,27,,#N/A
7,10/16/24,1,S1,ENG601 / 11,SOPH ENG/A,MARCEE SALAS,10,2027,C-,2.01 pts,1,,28,,#N/A
7,10/16/24,2,S1,SCI601 / 32,BIOLOGY A,DONNA SCHATZ,10,2027,C+,2.53 pts,1,,28,,#N/A
7,10/16/24,3,S1,ASL501 / 13,AMERICAN SIGN LANGUAGE I/A,KYLA RITCHEY,10,2027,A,4.00 pts,1.57,,28,,#N/A
7,10/16/24,4,S1,MAT522 / 14,GEOMETRY A,ROCHELLE AITON,10,2027,F,0.90 pts,1.57,,28,,Yes
7,10/16/24,5,S1,CTE222 / 15,MUSIC PROD IA,DAVID DUARTE,10,2027,C-,2.00 pts,1.57,,28,,#N/A
7,10/16/24,6,S1,SOC108 / 16,WORLD HISTORY/A,RYAN ISAACSON,10,2027,F,0.67 pts,1.57,,28,,#N/A
7,10/16/24,7,S1,ELE505 / A50,ADVISORY 10/A,JANET GROVE,10,2027,,,1,,28,,#N/A
7,10/16/24,1,S1,PED513 / 11,TEAM GAMES,SCOTT DIZMANG,12,2025,A-,3.53 pts,3,,30,,#N/A
7,10/16/24,2,S1,ASL503 / 12,AMERICAN SIGN LANGUAGE II/A,TAMI GRANT,12,2025,B,3.00 pts,2.43,,30,,#N/A
7,10/16/24,3,S1,BUS301 / 13,PERSONAL FINANCE A,NICOLE SIMEK,12,2025,B,2.94 pts,2,,30,,Yes
7,10/16/24,4,S1,SOC802 / 14,CIVICS,JIM REED,12,2025,B,2.96 pts,2.57,,30,,#N/A
7,10/16/24,5,S1,VOC106 / 15,METAL MANUFACTURING & TECH I,DONALD O'BRIEN,12,2025,A,3.98 pts,2.71,,30,,#N/A
7,10/16/24,6,S1,ENG801 / 16,SENIOR ENG/A,HEATHER CARVER,12,2025,B,3.02 pts,2.71,,30,,#N/A
7,10/16/24,7,S1,ELE509 / A22,ADVISORY 12/A,SCOTT BOOTHBY,12,2025,,,2.29,,30,,#N/A
7,10/16/24,1,S1,PED513 / 11,TEAM GAMES,SCOTT DIZMANG,11,2026,A,3.76 pts,16,,31,,#N/A
7,10/16/24,2,S1,MAT520 / 12,ALGEBRA I A,KEVIN REILLY,11,2026,F,0.02 pts,15.86,,31,,#N/A
7,10/16/24,3,S1,SOC701 / 13,US HISTORY/A,DAVE HAJEK,11,2026,F,0.00 pts,17,,31,,#N/A
7,10/16/24,4,S1,SCI503 / 34,PHYSICAL SCIENCE A,WILLIAM BAUR,11,2026,,0.00 pts,6.43,,31,,#N/A
7,10/16/24,4,S1,FAR108 / 14,CERAMICS I,ROBERT YEE,11,2026,F,0.00 pts,8.14,,31,,#N/A
7,10/16/24,5,S1,ENG701 / 15,JUNIOR ENG/A,JOHN CARVER,11,2026,D,1.79 pts,13.29,,31,,Yes
7,10/16/24,6,S1,FAR108 / 16,CERAMICS I,ROBERT YEE,11,2026,,4.00 pts,6.43,,31,,#N/A
7,10/16/24,6,S1,SCI601 / 36,BIOLOGY A,WILLIAM BAUR,11,2026,F,0.00 pts,10.43,,31,,Yes
7,10/16/24,7,S1,ELE507 / A61,ADVISORY 11/A,AARON LABREE,11,2026,,,5.71,,31,,#N/A
7,10/16/24,1,S1,FAR108 / 11,CERAMICS I,ROBERT YEE,10,2027,A,4.00 pts,0,,32,,#N/A
7,10/16/24,2,S1,SOC108 / 12,WORLD HISTORY/A,DAVID HOLLINGSWORTH,10,2027,B,3.14 pts,0,,32,,#N/A
7,10/16/24,3,S1,SCI601 / 33,BIOLOGY A,DONNA SCHATZ,10,2027,B-,2.71 pts,0.43,,32,,#N/A
7,10/16/24,4,S1,MAT522 / 14,GEOMETRY A,ROCHELLE AITON,10,2027,F,1.36 pts,1.57,,32,,Yes
7,10/16/24,5,S1,ASL503 / 15,AMERICAN SIGN LANGUAGE II/A,TAMI GRANT,10,2027,F,1.50 pts,1.57,,32,,#N/A
7,10/16/24,6,S1,ENG601 / 16,SOPH ENG/A,MARCEE SALAS,10,2027,D,1.73 pts,1.57,,32,,#N/A
7,10/16/24,7,S1,ELE505 / A50,ADVISORY 10/A,JANET GROVE,10,2027,,,0,,32,,#N/A
7,10/16/24,1,S1,VOC705 / 11,DIGITAL PHOTOGRAPHY I,ROSANNA RUFF,10,2027,A,3.68 pts,0.43,,33,,#N/A
7,10/16/24,2,S1,MAT522 / 12,GEOMETRY A,ROCHELLE AITON,10,2027,F,1.36 pts,0,,33,,Yes
7,10/16/24,3,S1,ASL501 / 13,AMERICAN SIGN LANGUAGE I/A,KYLA RITCHEY,10,2027,C+,2.53 pts,0,,33,,#N/A
7,10/16/24,4,S1,SOC108 / 14,WORLD HISTORY/A,DAVID HOLLINGSWORTH,10,2027,B-,2.88 pts,0,,33,,#N/A
7,10/16/24,5,S1,ENG601 / 15,SOPH ENG/A,MARCEE SALAS,10,2027,C-,2.01 pts,0,,33,,Yes
7,10/16/24,6,S1,SCI601 / 36,BIOLOGY A,WILLIAM BAUR,10,2027,F,1.04 pts,0,,33,,Yes
7,10/16/24,7,S1,ELE505 / A90,ADVISORY 10/A,MICHAEL WAREHAM,10,2027,,,0,,33,,#N/A
7,10/16/24,1,S1,VOC106 / 11,METAL MANUFACTURING & TECH I,DONALD O'BRIEN,10,2027,A,3.63 pts,0.86,,34,,#N/A
7,10/16/24,2,S1,ENG601 / 12,SOPH ENG/A,KELLY GREGERSEN,10,2027,C-,2.13 pts,0.14,,34,,Yes
7,10/16/24,3,S1,SCI601 / 13,BIOLOGY A,GRANT MERRILL,10,2027,F,0.95 pts,0.29,,34,,Yes
7,10/16/24,4,S1,MAT522 / 14,GEOMETRY A,ROCHELLE AITON,10,2027,F,0.90 pts,0.29,,34,,Yes
7,10/16/24,5,S1,VOC503 / 15,FINE ARTS WOODS II,BRENT MANSELL,10,2027,A,3.90 pts,0.43,,34,,#N/A
7,10/16/24,6,S1,SOC108 / 16,WORLD HISTORY/A,RYAN ISAACSON,10,2027,D+,1.86 pts,0.57,,34,,#N/A
7,10/16/24,7,S1,ELE505 / A60,ADVISORY 10/A,GRANT MERRILL,10,2027,,,0.29,,34,,#N/A
7,10/16/24,1,S1,ENG801 / 11,SENIOR ENG/A,HEATHER CARVER,12,2025,B,2.96 pts,1,,35,,#N/A
7,10/16/24,2,S1,SCI609 / 12,CHEMISTRY/A,GRANT MERRILL,12,2025,C-,2.00 pts,1.71,,35,,Yes
7,10/16/24,3,S1,SOC802 / 13,CIVICS,JIM REED,12,2025,B,2.93 pts,1.71,,35,,#N/A
7,10/16/24,4,S1,HFL115 / 14,ADVANCED PASTRY ARTS I,KAYLA PAYNE,12,2025,A,3.76 pts,1.71,,35,,#N/A
7,10/16/24,5,S1,ONT400 / 15,ON-TRACK/A,ROBERT YEE,12,2025,B-,2.88 pts,1.86,,35,,#N/A
7,10/16/24,6,S1,FAR111 / 16,CERAMICS IV,ROBERT YEE,12,2025,B,3.00 pts,1.71,,35,,#N/A
7,10/16/24,7,S1,ELE509 / A62,ADVISORY 12/A,RYAN ISAACSON,12,2025,,,1,,35,,#N/A
7,10/16/24,1,S1,CTE114 / 11,ENGINEERING A,JASON BLAESING,11,2026,B-,2.78 pts,7.14,,36,,#N/A
7,10/16/24,2,S1,MAT701 / 12,ALGEBRA II A,JASON BLAESING,11,2026,F,1.03 pts,7,,36,,Yes
7,10/16/24,3,S1,PED500 / 13,WEIGHT TRAINING,SCOTT BOOTHBY,11,2026,B,3.01 pts,7,,36,,#N/A
7,10/16/24,4,S1,ENG701 / 14,JUNIOR ENG/A,JOHN CARVER,11,2026,C,2.45 pts,7.14,,36,,#N/A
7,10/16/24,5,S1,SOC701 / 15,US HISTORY/A,DAVE HAJEK,11,2026,C-,2.01 pts,7,,36,,#N/A
7,10/16/24,6,S1,FAR542 / 16,WIND ENSEMB/A,DAVID DUARTE,11,2026,A,4.00 pts,7,,36,,#N/A
7,10/16/24,7,S1,ELE507 / A41,ADVISORY 11/A,BRENT MANSELL,11,2026,,,7,,36,,#N/A
7,10/16/24,1,S1,VOC502 / 11,FINE ARTS WOODWORKING I,BRENT MANSELL,11,2026,A,4.00 pts,0,,37,,#N/A
7,10/16/24,2,S1,SCI503 / 12,PHYSICAL SCIENCE A,JAMES BENNETT,11,2026,B,3.14 pts,0,,37,,#N/A
7,10/16/24,3,S1,ONT400 / 13,ON-TRACK/A,BRIAN ANDERSON,11,2026,A,4.00 pts,0.14,,37,,#N/A
7,10/16/24,4,S1,ENG715 / 14,FILM AS LITERATURE,KELLY GREGERSEN,11,2026,C-,2.02 pts,0,,37,,#N/A
7,10/16/24,5,S1,BUS301 / 15,PERSONAL FINANCE A,NICOLE SIMEK,11,2026,F,1.14 pts,0,,37,,#N/A
7,10/16/24,6,S1,SOC701 / 16,US HISTORY/A,SCOTT BOOTHBY,11,2026,C,2.31 pts,0.14,,37,,Yes
7,10/16/24,7,S1,ELE507 / A21,ADVISORY 11/A,HEATHER CARVER,11,2026,,,0,,37,,#N/A
7,10/16/24,1,S1,VOC502 / 11,FINE ARTS WOODWORKING I,BRENT MANSELL,10,2027,A,4.00 pts,2,,38,,#N/A
7,10/16/24,2,S1,SCI601 / 32,BIOLOGY A,DONNA SCHATZ,10,2027,B-,2.76 pts,2.71,,38,,#N/A
7,10/16/24,3,S1,MAT522 / 13,GEOMETRY A,ROCHELLE AITON,10,2027,F,1.43 pts,2.71,,38,,Yes
7,10/16/24,4,S1,PED500 / 14,WEIGHT TRAINING,SCOTT DIZMANG,10,2027,A,4.00 pts,2.86,,38,,#N/A
7,10/16/24,5,S1,ENG601 / 15,SOPH ENG/A,MARCEE SALAS,10,2027,A-,3.41 pts,2.86,,38,,Yes
7,10/16/24,6,S1,SOC108 / 36,WORLD HISTORY/A,DAVE HAJEK,10,2027,C,2.25 pts,2.71,,38,,#N/A
7,10/16/24,7,S1,ELE505 / A70,ADVISORY 10/A,JOHN MILLER,10,2027,,,2,,38,,#N/A
7,10/16/24,1,S1,VOC106 / 11,METAL MANUFACTURING & TECH I,DONALD O'BRIEN,10,2027,A,4.00 pts,0.43,,39,,#N/A
7,10/16/24,2,S1,SOC108 / 12,WORLD HISTORY/A,DAVID HOLLINGSWORTH,10,2027,F,0.91 pts,0.43,,39,,#N/A
7,10/16/24,3,S1,MAT522 / 13,GEOMETRY A,ROCHELLE AITON,10,2027,F,1.48 pts,0.43,,39,,Yes
7,10/16/24,4,S1,PED500 / 14,WEIGHT TRAINING,SCOTT DIZMANG,10,2027,A,4.00 pts,0,,39,,#N/A
7,10/16/24,5,S1,ENG601 / 15,SOPH ENG/A,MARCEE SALAS,10,2027,D,1.70 pts,0.14,,39,,Yes
7,10/16/24,6,S1,SCI601 / 36,BIOLOGY A,WILLIAM BAUR,10,2027,F,1.56 pts,0,,39,,Yes
7,10/16/24,7,S1,ELE505 / A20,ADVISORY 10/A,ROCHELLE AITON,10,2027,,,0,,39,,#N/A
7,10/16/24,1,S1,ENG701 / 11,JUNIOR ENG/A,JOHN CARVER,11,2026,B,3.19 pts,0,,40,,#N/A
7,10/16/24,2,S1,MAT701 / 12,ALGEBRA II A,JASON BLAESING,11,2026,F,0.77 pts,0.71,,40,,Yes
7,10/16/24,3,S1,PED500 / 13,WEIGHT TRAINING,SCOTT BOOTHBY,11,2026,A,3.80 pts,0.71,,40,,#N/A
7,10/16/24,4,S1,SCI503 / 34,PHYSICAL SCIENCE A,WILLIAM BAUR,11,2026,C+,2.68 pts,1.29,,40,,#N/A
7,10/16/24,5,S1,SPA601 / 15,SPANISH II A,ROCHELLE AITON,11,2026,C-,2.02 pts,1.29,,40,,#N/A
7,10/16/24,6,S1,SOC701 / 16,US HISTORY/A,SCOTT BOOTHBY,11,2026,C,2.30 pts,1.29,,40,,Yes
7,10/16/24,7,S1,ELE507 / A31,ADVISORY 11/A,DAVID HOLLINGSWORTH,11,2026,,,0.57,,40,,#N/A
7,10/16/24,1,S1,SOC701 / 11,US HISTORY/A,DAVE HAJEK,11,2026,B-,2.70 pts,0.57,,47,,#N/A
7,10/16/24,2,S1,SCI609 / 12,CHEMISTRY/A,GRANT MERRILL,11,2026,C-,2.02 pts,0.43,,47,,Yes
7,10/16/24,3,S1,ASL503 / 13,AMERICAN SIGN LANGUAGE II/A,TAMI GRANT,11,2026,A,4.00 pts,0,,47,,#N/A
7,10/16/24,4,S1,PED500 / 14,WEIGHT TRAINING,SCOTT DIZMANG,11,2026,A,4.00 pts,0,,47,,#N/A
7,10/16/24,5,S1,MAT701 / 35,ALGEBRA II A,JENNIFER REILLY,11,2026,A,3.93 pts,0,,47,,#N/A
7,10/16/24,6,S1,ENG701 / 16,JUNIOR ENG/A,JOHN CARVER,11,2026,B,3.03 pts,0,,47,,#N/A
7,10/16/24,7,S1,ELE507 / A91,ADVISORY 11/A,DONNA SCHATZ,11,2026,,,0.57,,47,,#N/A
7,10/16/24,1,S1,ENG701 / 11,JUNIOR ENG/A,JOHN CARVER,11,2026,C,2.38 pts,0.71,,41,,#N/A
7,10/16/24,2,S1,HFL116 / 12,BAKING PASTRY ARTS I,KAYLA PAYNE,11,2026,A,3.81 pts,0.43,,41,,#N/A
7,10/16/24,3,S1,SCI503 / 33,PHYSICAL SCIENCE A,WILLIAM BAUR,11,2026,B+,3.27 pts,0,,41,,#N/A
7,10/16/24,4,S1,SOC701 / 14,US HISTORY/A,DAVE HAJEK,11,2026,D,1.70 pts,0.43,,41,,Yes
7,10/16/24,5,S1,ASL503 / 15,AMERICAN SIGN LANGUAGE II/A,TAMI GRANT,11,2026,A-,3.50 pts,0.14,,41,,#N/A
7,10/16/24,6,S1,MAT701 / 16,ALGEBRA II A,JASON BLAESING,11,2026,F,1.40 pts,0,,41,,Yes
7,10/16/24,7,S1,ELE507 / A31,ADVISORY 11/A,DAVID HOLLINGSWORTH,11,2026,,,0,,41,,#N/A
7,10/16/24,1,S1,FAR606 / 11,ADVANCED ACTING/ A,KELLY GREGERSEN,12,2025,A,4.00 pts,1.29,,42,,#N/A
7,10/16/24,2,S1,SCI609 / 12,CHEMISTRY/A,GRANT MERRILL,12,2025,F,1.06 pts,0.57,,42,,Yes
7,10/16/24,3,S1,ENG801 / 13,SENIOR ENG/A,JOHN CARVER,12,2025,B-,2.85 pts,1.86,,42,,#N/A
7,10/16/24,4,S1,HFL118 / 14,ADV CULINARY ARTS A,ALEXANDRA YOST,12,2025,C,2.43 pts,1.86,,42,,#N/A
7,10/16/24,5,S1,BUS301 / 15,PERSONAL FINANCE A,NICOLE SIMEK,12,2025,B-,2.75 pts,1.29,,42,,#N/A
7,10/16/24,6,S1,FAR542 / 16,WIND ENSEMB/A,DAVID DUARTE,12,2025,C+,2.67 pts,1.43,,42,,#N/A
7,10/16/24,7,S1,ELE509 / A82,ADVISORY 12/A,ALEXANDRA YOST,12,2025,,,0.71,,42,,#N/A
7,10/16/24,1,S1,ENG701 / 11,JUNIOR ENG/A,JOHN CARVER,11,2026,C,2.30 pts,7.14,,43,,#N/A
7,10/16/24,2,S1,SCI503 / 12,PHYSICAL SCIENCE A,JAMES BENNETT,11,2026,B,3.08 pts,5.86,,43,,#N/A
7,10/16/24,3,S1,ASL503 / 13,AMERICAN SIGN LANGUAGE II/A,TAMI GRANT,11,2026,B,3.00 pts,5.14,,43,,#N/A
7,10/16/24,4,S1,SOC701 / 14,US HISTORY/A,DAVE HAJEK,11,2026,C-,2.08 pts,6.86,,43,,Yes
7,10/16/24,5,S1,SOC105 / 15,AP PSYCHOLOGY A,JIM REED,11,2026,B,3.00 pts,4.71,,43,,#N/A
7,10/16/24,6,S1,MAT701 / 16,ALGEBRA II A,JASON BLAESING,11,2026,D,1.70 pts,5.86,,43,,Yes
7,10/16/24,7,S1,ELE507 / A41,ADVISORY 11/A,BRENT MANSELL,11,2026,,,2.43,,43,,#N/A
7,10/16/24,1,S1,MAT522 / 11,GEOMETRY A,ROCHELLE AITON,10,2027,F,0.90 pts,6,John L,44,Active,Yes
7,10/16/24,2,S1,HFL116 / 12,BAKING PASTRY ARTS I,KAYLA PAYNE,10,2027,A,3.72 pts,3,,44,,#N/A
7,10/16/24,2,S1,SCI601 / 32,BIOLOGY A,DONNA SCHATZ,10,2027,,0.20 pts,1.86,,44,,#N/A
7,10/16/24,3,S1,HFL116 / 13,BAKING PASTRY ARTS I,KAYLA PAYNE,10,2027,,,2.57,,44,,#N/A
7,10/16/24,3,S1,SCI601 / 33,BIOLOGY A,DONNA SCHATZ,10,2027,F,0.10 pts,4.29,,44,,#N/A
7,10/16/24,4,S1,PED500 / 14,WEIGHT TRAINING,SCOTT DIZMANG,10,2027,C+,2.54 pts,8,,44,,#N/A
7,10/16/24,5,S1,ENG601 / 15,SOPH ENG/A,MARCEE SALAS,10,2027,D+,1.95 pts,7.86,,44,,Yes
7,10/16/24,6,S1,SOC108 / 16,WORLD HISTORY/A,RYAN ISAACSON,10,2027,F,0.98 pts,7.57,,44,,#N/A
7,10/16/24,7,S1,ELE505 / A30,ADVISORY 10/A,WILLIAM BAUR,10,2027,,,3.86,,44,,#N/A
7,10/16/24,1,S1,VOC705 / 11,DIGITAL PHOTOGRAPHY I,ROSANNA RUFF,11,2026,A,3.99 pts,1.57,,45,,#N/A
7,10/16/24,2,S1,SCI609 / 12,CHEMISTRY/A,GRANT MERRILL,11,2026,C-,2.02 pts,1.43,,45,,Yes
7,10/16/24,3,S1,ENG719 / 13,AP LANGUAGE/COMPOSITION A,HEATHER CARVER,11,2026,B,3.17 pts,1,,45,,#N/A
7,10/16/24,4,S1,PED500 / 14,WEIGHT TRAINING,SCOTT DIZMANG,11,2026,B,3.03 pts,1,,45,,#N/A
7,10/16/24,5,S1,SOC703 / 15,AP US HISTORY A,RYAN ISAACSON,11,2026,A,4.00 pts,1,,45,,#N/A
7,10/16/24,6,S1,MAT701 / 16,ALGEBRA II A,JASON BLAESING,11,2026,C,2.42 pts,1.14,,45,,Yes
7,10/16/24,7,S1,ELE507 / A81,ADVISORY 11/A,ROSANNA RUFF,11,2026,,,1.43,,45,,#N/A
3,9/17/24,3,S1,BUS301 / 13,PERSONAL FINANCE A,NICOLE SIMEK,11,2026,A,4.00 pts,0,,267,,Yes
4,9/24/24,3,S1,BUS301 / 13,PERSONAL FINANCE A,NICOLE SIMEK,11,2026,A-,3.48 pts,0.71,,267,,Yes
5,10/1/24,3,S1,BUS301 / 13,PERSONAL FINANCE A,NICOLE SIMEK,11,2026,C,2.32 pts,3,,267,,Yes
6,10/8/24,3,S1,BUS301 / 13,PERSONAL FINANCE A,NICOLE SIMEK,11,2026,C,2.21 pts,3,,267,,Yes
7,10/16/24,3,S1,BUS301 / 13,PERSONAL FINANCE A,NICOLE SIMEK,11,2026,C,2.35 pts,3,,267,,Yes
8,10/22/24,3,S1,BUS301 / 13,PERSONAL FINANCE A,NICOLE SIMEK,11,2026,C,2.35 pts,3,,267,,Yes
9,10/29/24,3,S1,BUS301 / 13,PERSONAL FINANCE A,NICOLE SIMEK,11,2026,B,3.13 pts,3,,267,,Yes
10,11/5/24,3,S1,BUS301 / 13,PERSONAL FINANCE A,NICOLE SIMEK,11,2026,B,3.13 pts,3,,267,,Yes
2,9/10/24,6,S1,ENG501 / 16,FR ENGLISH/A,DAVID HOLLINGSWORTH,9,2028,A,4.00 pts,0,,268,,Yes
3,9/17/24,6,S1,ENG501 / 16,FR ENGLISH/A,DAVID HOLLINGSWORTH,9,2028,A,4.00 pts,0,,268,,Yes
4,9/24/24,6,S1,ENG501 / 16,FR ENGLISH/A,DAVID HOLLINGSWORTH,9,2028,A,4.00 pts,2,,268,,Yes
5,10/1/24,6,S1,ENG501 / 16,FR ENGLISH/A,DAVID HOLLINGSWORTH,9,2028,A,3.95 pts,2,,268,,Yes
6,10/8/24,6,S1,ENG501 / 16,FR ENGLISH/A,DAVID HOLLINGSWORTH,9,2028,A,3.92 pts,2,,268,,Yes
7,10/16/24,6,S1,ENG501 / 16,FR ENGLISH/A,DAVID HOLLINGSWORTH,9,2028,A,3.63 pts,2,,268,,Yes
8,10/22/24,6,S1,ENG501 / 16,FR ENGLISH/A,DAVID HOLLINGSWORTH,9,2028,A,3.82 pts,2,,268,,Yes
9,10/29/24,6,S1,ENG501 / 16,FR ENGLISH/A,DAVID HOLLINGSWORTH,9,2028,A,3.82 pts,2.14,,268,,Yes
10,11/5/24,6,S1,ENG501 / 16,FR ENGLISH/A,DAVID HOLLINGSWORTH,9,2028,A,3.82 pts,3,,268,,Yes
2,9/10/24,3,S1,MAT522 / 13,GEOMETRY A,ROCHELLE AITON,10,2027,,,0,,269,,Yes
3,9/17/24,3,S1,MAT522 / 13,GEOMETRY A,ROCHELLE AITON,10,2027,C-,2.10 pts,0,,269,,Yes
4,9/24/24,3,S1,MAT522 / 13,GEOMETRY A,ROCHELLE AITON,10,2027,A,4.00 pts,1,,269,,Yes
5,10/1/24,3,S1,MAT522 / 13,GEOMETRY A,ROCHELLE AITON,10,2027,A,4.00 pts,1,,269,,Yes
6,10/8/24,3,S1,MAT522 / 13,GEOMETRY A,ROCHELLE AITON,10,2027,A-,3.53 pts,2,,269,,Yes
7,10/16/24,3,S1,MAT522 / 13,GEOMETRY A,ROCHELLE AITON,10,2027,A-,3.53 pts,2,,269,,Yes
8,10/22/24,3,S1,MAT522 / 13,GEOMETRY A,ROCHELLE AITON,10,2027,A-,3.50 pts,2,,269,,Yes
8,10/22/24,3,S1,MAT522 / 13,GEOMETRY A,NINETTE LILIENTHAL,10,2027,A-,3.50 pts,2,,269,,Yes
9,10/29/24,3,S1,MAT522 / 13,GEOMETRY A,ROCHELLE AITON,10,2027,B+,3.28 pts,3,,269,,Yes
9,10/29/24,3,S1,MAT522 / 13,GEOMETRY A,NINETTE LILIENTHAL,10,2027,B+,3.28 pts,3,,269,,Yes
10,11/5/24,3,S1,MAT522 / 13,GEOMETRY A,ROCHELLE AITON,10,2027,B+,3.28 pts,3,,269,,Yes
10,11/5/24,3,S1,MAT522 / 13,GEOMETRY A,NINETTE LILIENTHAL,10,2027,B+,3.28 pts,3,,269,,Yes
2,9/10/24,6,S1,ENG501 / 16,FR ENGLISH/A,DAVID HOLLINGSWORTH,9,2028,,,0,,270,,Yes
3,9/17/24,6,S1,ENG501 / 16,FR ENGLISH/A,DAVID HOLLINGSWORTH,9,2028,A,3.80 pts,0,,270,,Yes
4,9/24/24,6,S1,ENG501 / 16,FR ENGLISH/A,DAVID HOLLINGSWORTH,9,2028,A,3.90 pts,0,,270,,Yes
5,10/1/24,6,S1,ENG501 / 16,FR ENGLISH/A,DAVID HOLLINGSWORTH,9,2028,A,3.93 pts,0,,270,,Yes
6,10/8/24,6,S1,ENG501 / 16,FR ENGLISH/A,DAVID HOLLINGSWORTH,9,2028,A,3.94 pts,0,,270,,Yes
7,10/16/24,6,S1,ENG501 / 16,FR ENGLISH/A,DAVID HOLLINGSWORTH,9,2028,B+,3.35 pts,0,,270,,Yes
8,10/22/24,6,S1,ENG501 / 16,FR ENGLISH/A,DAVID HOLLINGSWORTH,9,2028,B+,3.34 pts,0,,270,,Yes
9,10/29/24,6,S1,ENG501 / 16,FR ENGLISH/A,DAVID HOLLINGSWORTH,9,2028,D,1.71 pts,0,,270,,Yes
10,11/5/24,6,S1,ENG501 / 16,FR ENGLISH/A,DAVID HOLLINGSWORTH,9,2028,A,3.64 pts,0.57,,270,,Yes
2,9/10/24,3,S1,MAT701 / 13,ALGEBRA II A,JENNIFER REILLY,11,2026,,,0,,271,,Yes
2,9/10/24,6,S1,SOC701 / 16,US HISTORY/A,SCOTT BOOTHBY,11,2026,F,0.00 pts,0,,271,,Yes
3,9/17/24,3,S1,MAT701 / 13,ALGEBRA II A,JENNIFER REILLY,11,2026,F,0.00 pts,0.43,,271,,Yes
3,9/17/24,6,S1,SOC701 / 16,US HISTORY/A,SCOTT BOOTHBY,11,2026,F,0.08 pts,0.29,,271,,Yes
4,9/24/24,3,S1,MAT701 / 13,ALGEBRA II A,JENNIFER REILLY,11,2026,D+,1.95 pts,1.86,,271,,Yes
4,9/24/24,6,S1,SOC701 / 16,US HISTORY/A,SCOTT BOOTHBY,11,2026,F,1.43 pts,1.29,,271,,Yes
5,10/1/24,3,S1,MAT701 / 13,ALGEBRA II A,JENNIFER REILLY,11,2026,D+,1.98 pts,5.57,,271,,Yes
5,10/1/24,6,S1,SOC701 / 16,US HISTORY/A,SCOTT BOOTHBY,11,2026,F,1.30 pts,5,,271,,Yes
6,10/8/24,3,S1,MAT701 / 13,ALGEBRA II A,JENNIFER REILLY,11,2026,B,2.94 pts,5.57,,271,,Yes
6,10/8/24,6,S1,SOC701 / 16,US HISTORY/A,SCOTT BOOTHBY,11,2026,F,1.35 pts,5,,271,,Yes
7,10/16/24,3,S1,MAT701 / 13,ALGEBRA II A,JENNIFER REILLY,11,2026,B,2.90 pts,5.57,,271,,Yes
7,10/16/24,6,S1,SOC701 / 16,US HISTORY/A,SCOTT BOOTHBY,11,2026,F,1.18 pts,5,,271,,Yes
8,10/22/24,3,S1,MAT701 / 13,ALGEBRA II A,JENNIFER REILLY,11,2026,B+,3.26 pts,5.71,,271,,Yes
8,10/22/24,6,S1,SOC701 / 16,US HISTORY/A,SCOTT BOOTHBY,11,2026,F,1.18 pts,5.43,,271,,Yes
9,10/29/24,3,S1,MAT701 / 13,ALGEBRA II A,JENNIFER REILLY,11,2026,A-,3.43 pts,5.71,,271,,Yes
9,10/29/24,6,S1,SOC701 / 16,US HISTORY/A,SCOTT BOOTHBY,11,2026,F,1.56 pts,5.43,,271,,Yes
10,11/5/24,3,S1,MAT701 / 13,ALGEBRA II A,JENNIFER REILLY,11,2026,A-,3.43 pts,6.29,,271,,Yes
10,11/5/24,6,S1,SOC701 / 16,US HISTORY/A,SCOTT BOOTHBY,11,2026,F,1.37 pts,6,,271,,Yes
2,9/10/24,2,S1,MAT522 / 12,GEOMETRY A,ROCHELLE AITON,10,2027,,,0,,272,,Yes
3,9/17/24,2,S1,MAT522 / 12,GEOMETRY A,ROCHELLE AITON,10,2027,F,1.10 pts,0,,272,,Yes
4,9/24/24,2,S1,MAT522 / 12,GEOMETRY A,ROCHELLE AITON,10,2027,F,1.10 pts,3,,272,,Yes
5,10/1/24,2,S1,MAT522 / 12,GEOMETRY A,ROCHELLE AITON,10,2027,F,1.10 pts,5.86,,272,,Yes
6,10/8/24,2,S1,MAT522 / 12,GEOMETRY A,ROCHELLE AITON,10,2027,F,0.60 pts,10,,272,,Yes
7,10/16/24,2,S1,MAT522 / 12,GEOMETRY A,ROCHELLE AITON,10,2027,F,0.60 pts,12,,272,,Yes
8,10/22/24,2,S1,MAT522 / 12,GEOMETRY A,ROCHELLE AITON,10,2027,F,1.50 pts,13,,272,,Yes
8,10/22/24,2,S1,MAT522 / 12,GEOMETRY A,NINETTE LILIENTHAL,10,2027,F,1.50 pts,13,,272,,Yes
9,10/29/24,2,S1,MAT522 / 12,GEOMETRY A,ROCHELLE AITON,10,2027,D,1.66 pts,14,,272,,Yes
9,10/29/24,2,S1,MAT522 / 12,GEOMETRY A,NINETTE LILIENTHAL,10,2027,D,1.66 pts,14,,272,,Yes
10,11/5/24,2,S1,MAT522 / 12,GEOMETRY A,ROCHELLE AITON,10,2027,D,1.66 pts,14,,272,,Yes
10,11/5/24,2,S1,MAT522 / 12,GEOMETRY A,NINETTE LILIENTHAL,10,2027,D,1.66 pts,14,,272,,Yes
2,9/10/24,5,S1,ENG601 / 15,SOPH ENG/A,MARCEE SALAS,10,2027,A,4.00 pts,0,,273,,Yes
2,9/10/24,1,S1,MAT522 / 11,GEOMETRY A,ROCHELLE AITON,10,2027,,,0,,273,,Yes
2,9/10/24,6,S1,SCI601 / 36,BIOLOGY A,WILLIAM BAUR,10,2027,,,0,,273,,Yes
3,9/17/24,1,S1,MAT522 / 11,GEOMETRY A,ROCHELLE AITON,10,2027,F,0.95 pts,0,,273,,Yes
3,9/17/24,5,S1,ENG601 / 15,SOPH ENG/A,MARCEE SALAS,10,2027,C,2.40 pts,0.29,,273,,Yes
3,9/17/24,6,S1,SCI601 / 36,BIOLOGY A,WILLIAM BAUR,10,2027,F,0.00 pts,0.29,,273,,Yes
4,9/24/24,1,S1,MAT522 / 11,GEOMETRY A,ROCHELLE AITON,10,2027,F,0.95 pts,1.14,,273,,Yes
4,9/24/24,5,S1,ENG601 / 15,SOPH ENG/A,MARCEE SALAS,10,2027,F,1.02 pts,1,,273,,Yes
4,9/24/24,6,S1,SCI601 / 36,BIOLOGY A,WILLIAM BAUR,10,2027,F,1.00 pts,0.43,,273,,Yes
5,10/1/24,1,S1,MAT522 / 11,GEOMETRY A,ROCHELLE AITON,10,2027,F,0.95 pts,2.14,,273,,Yes
5,10/1/24,5,S1,ENG601 / 15,SOPH ENG/A,MARCEE SALAS,10,2027,F,1.58 pts,2.14,,273,,Yes
5,10/1/24,6,S1,SCI601 / 36,BIOLOGY A,WILLIAM BAUR,10,2027,C-,2.00 pts,1.57,,273,,Yes
6,10/8/24,1,S1,MAT522 / 11,GEOMETRY A,ROCHELLE AITON,10,2027,F,0.45 pts,2.29,,273,,Yes
6,10/8/24,5,S1,ENG601 / 15,SOPH ENG/A,MARCEE SALAS,10,2027,F,1.41 pts,2.57,,273,,Yes
6,10/8/24,6,S1,SCI601 / 36,BIOLOGY A,WILLIAM BAUR,10,2027,D+,1.97 pts,2,,273,,Yes
7,10/16/24,1,S1,MAT522 / 11,GEOMETRY A,ROCHELLE AITON,10,2027,F,0.45 pts,3.29,,273,,Yes
7,10/16/24,5,S1,ENG601 / 15,SOPH ENG/A,MARCEE SALAS,10,2027,F,1.41 pts,3.43,,273,,Yes
7,10/16/24,6,S1,SCI601 / 36,BIOLOGY A,WILLIAM BAUR,10,2027,F,1.01 pts,2.86,,273,,Yes
8,10/22/24,1,S1,MAT522 / 11,GEOMETRY A,ROCHELLE AITON,10,2027,F,0.45 pts,3.86,,273,,Yes
8,10/22/24,1,S1,MAT522 / 11,GEOMETRY A,NINETTE LILIENTHAL,10,2027,F,0.45 pts,3.86,,273,,Yes
8,10/22/24,5,S1,ENG601 / 15,SOPH ENG/A,MARCEE SALAS,10,2027,F,1.37 pts,4.29,,273,,Yes
8,10/22/24,6,S1,SCI601 / 36,BIOLOGY A,WILLIAM BAUR,10,2027,F,1.01 pts,2.86,,273,,Yes
9,10/29/24,1,S1,MAT522 / 11,GEOMETRY A,ROCHELLE AITON,10,2027,F,0.64 pts,4.71,,273,,Yes
9,10/29/24,1,S1,MAT522 / 11,GEOMETRY A,NINETTE LILIENTHAL,10,2027,F,0.64 pts,4.71,,273,,Yes
9,10/29/24,5,S1,ENG601 / 15,SOPH ENG/A,MARCEE SALAS,10,2027,F,1.27 pts,4.29,,273,,Yes
9,10/29/24,6,S1,SCI601 / 36,BIOLOGY A,WILLIAM BAUR,10,2027,D,1.74 pts,2.86,,273,,Yes
10,11/5/24,1,S1,MAT522 / 11,GEOMETRY A,ROCHELLE AITON,10,2027,F,0.64 pts,6.14,,273,,Yes
10,11/5/24,1,S1,MAT522 / 11,GEOMETRY A,NINETTE LILIENTHAL,10,2027,F,0.64 pts,6.14,,273,,Yes
10,11/5/24,5,S1,ENG601 / 15,SOPH ENG/A,MARCEE SALAS,10,2027,D+,1.82 pts,5.29,,273,,Yes
10,11/5/24,6,S1,SCI601 / 36,BIOLOGY A,WILLIAM BAUR,10,2027,D,1.74 pts,3.71,,273,,Yes
2,9/10/24,2,S1,MAT701 / 12,ALGEBRA II A,JASON BLAESING,11,2026,,,1,,274,,Yes
3,9/17/24,2,S1,MAT701 / 12,ALGEBRA II A,JASON BLAESING,11,2026,C+,2.67 pts,1.86,,274,,Yes
4,9/24/24,2,S1,MAT701 / 12,ALGEBRA II A,JASON BLAESING,11,2026,F,0.27 pts,5.43,,274,,Yes
5,10/1/24,2,S1,MAT701 / 12,ALGEBRA II A,JASON BLAESING,11,2026,F,0.27 pts,6.43,,274,,Yes
6,10/8/24,2,S1,MAT701 / 12,ALGEBRA II A,JASON BLAESING,11,2026,F,1.62 pts,7.43,,274,,Yes
7,10/16/24,2,S1,MAT701 / 12,ALGEBRA II A,JASON BLAESING,11,2026,F,1.11 pts,11.14,,274,,Yes
8,10/22/24,2,S1,MAT701 / 12,ALGEBRA II A,JASON BLAESING,11,2026,D,1.76 pts,12.14,,274,,Yes
9,10/29/24,2,S1,MAT701 / 12,ALGEBRA II A,JASON BLAESING,11,2026,C-,2.06 pts,13.86,,274,,Yes
10,11/5/24,2,S1,MAT701 / 12,ALGEBRA II A,JASON BLAESING,11,2026,C-,2.05 pts,14.86,,274,,Yes
2,9/10/24,6,S1,SOC701 / 16,US HISTORY/A,SCOTT BOOTHBY,11,2026,A,4.00 pts,0,,275,,Yes
3,9/17/24,6,S1,SOC701 / 16,US HISTORY/A,SCOTT BOOTHBY,11,2026,A-,3.49 pts,0,,275,,Yes
4,9/24/24,6,S1,SOC701 / 16,US HISTORY/A,SCOTT BOOTHBY,11,2026,D,1.67 pts,1.43,,275,,Yes
5,10/1/24,6,S1,SOC701 / 16,US HISTORY/A,SCOTT BOOTHBY,11,2026,D,1.78 pts,1.43,,275,,Yes
6,10/8/24,6,S1,SOC701 / 16,US HISTORY/A,SCOTT BOOTHBY,11,2026,D,1.78 pts,1.6,,275,,Yes
7,10/16/24,6,S1,SOC701 / 16,US HISTORY/A,SCOTT BOOTHBY,11,2026,C,2.34 pts,2.6,,275,,Yes
8,10/22/24,6,S1,SOC701 / 16,US HISTORY/A,SCOTT BOOTHBY,11,2026,C,2.32 pts,3.43,,275,,Yes
9,10/29/24,6,S1,SOC701 / 16,US HISTORY/A,SCOTT BOOTHBY,11,2026,C,2.33 pts,3.43,,275,,Yes
10,11/5/24,6,S1,SOC701 / 16,US HISTORY/A,SCOTT BOOTHBY,11,2026,C-,2.19 pts,3.43,,275,,Yes
2,9/10/24,3,S1,BUS301 / 13,PERSONAL FINANCE A,NICOLE SIMEK,11,2026,,,0.29,,276,,Yes
2,9/10/24,5,S1,ENG701 / 15,JUNIOR ENG/A,JOHN CARVER,11,2026,,,0,,276,,Yes
3,9/17/24,3,S1,BUS301 / 13,PERSONAL FINANCE A,NICOLE SIMEK,11,2026,F,0.05 pts,1.14,,276,,Yes
3,9/17/24,5,S1,ENG701 / 15,JUNIOR ENG/A,JOHN CARVER,11,2026,A,3.86 pts,0,,276,,Yes
4,9/24/24,3,S1,BUS301 / 13,PERSONAL FINANCE A,NICOLE SIMEK,11,2026,C-,2.03 pts,2.14,,276,,Yes
4,9/24/24,5,S1,ENG701 / 15,JUNIOR ENG/A,JOHN CARVER,11,2026,B+,3.31 pts,1,,276,,Yes
5,10/1/24,3,S1,BUS301 / 13,PERSONAL FINANCE A,NICOLE SIMEK,11,2026,F,1.37 pts,3.14,,276,,Yes
5,10/1/24,5,S1,ENG701 / 15,JUNIOR ENG/A,JOHN CARVER,11,2026,A-,3.46 pts,2,,276,,Yes
6,10/8/24,3,S1,BUS301 / 13,PERSONAL FINANCE A,NICOLE SIMEK,11,2026,F,1.53 pts,3.71,,276,,Yes
6,10/8/24,5,S1,ENG701 / 15,JUNIOR ENG/A,JOHN CARVER,11,2026,B-,2.87 pts,2,,276,,Yes
7,10/16/24,3,S1,BUS301 / 13,PERSONAL FINANCE A,NICOLE SIMEK,11,2026,F,1.25 pts,5.14,,276,,Yes
7,10/16/24,5,S1,ENG701 / 15,JUNIOR ENG/A,JOHN CARVER,11,2026,A-,3.40 pts,3,,276,,Yes
8,10/22/24,3,S1,BUS301 / 13,PERSONAL FINANCE A,NICOLE SIMEK,11,2026,F,0.88 pts,6.71,,276,,Yes
8,10/22/24,5,S1,ENG701 / 15,JUNIOR ENG/A,JOHN CARVER,11,2026,A-,3.52 pts,3,,276,,Yes
9,10/29/24,3,S1,BUS301 / 13,PERSONAL FINANCE A,NICOLE SIMEK,11,2026,F,0.86 pts,9.43,,276,,Yes
9,10/29/24,5,S1,ENG701 / 15,JUNIOR ENG/A,JOHN CARVER,11,2026,B,3.17 pts,6,,276,,Yes
10,11/5/24,3,S1,BUS301 / 13,PERSONAL FINANCE A,NICOLE SIMEK,11,2026,F,0.86 pts,10.43,,276,,Yes
10,11/5/24,5,S1,ENG701 / 15,JUNIOR ENG/A,JOHN CARVER,11,2026,B,3.07 pts,7.43,,276,,Yes
2,9/10/24,1,S1,MAT704 / 11,PRE-CALC A MAT 153,BRIAN ANDERSON,11,2026,,,0,,277,,Yes
2,9/10/24,6,S1,SOC701 / 16,US HISTORY/A,SCOTT BOOTHBY,11,2026,A,4.00 pts,0,,277,,Yes
3,9/17/24,1,S1,MAT704 / 11,PRE-CALC A MAT 153,BRIAN ANDERSON,11,2026,,,0.14,,277,,Yes
3,9/17/24,6,S1,SOC701 / 16,US HISTORY/A,SCOTT BOOTHBY,11,2026,B,3.03 pts,1,,277,,Yes
4,9/24/24,1,S1,MAT704 / 11,PRE-CALC A MAT 153,BRIAN ANDERSON,11,2026,,0.00 pts,0.14,,277,,Yes
4,9/24/24,6,S1,SOC701 / 16,US HISTORY/A,SCOTT BOOTHBY,11,2026,C+,2.64 pts,1,,277,,Yes
5,10/1/24,1,S1,MAT704 / 11,PRE-CALC A MAT 153,BRIAN ANDERSON,11,2026,,0.00 pts,0.14,,277,,Yes
5,10/1/24,6,S1,SOC701 / 16,US HISTORY/A,SCOTT BOOTHBY,11,2026,C+,2.67 pts,2.14,,277,,Yes
6,10/8/24,1,S1,MAT704 / 11,PRE-CALC A MAT 153,BRIAN ANDERSON,11,2026,,0.00 pts,0.14,,277,,Yes
6,10/8/24,6,S1,SOC701 / 16,US HISTORY/A,SCOTT BOOTHBY,11,2026,B-,2.72 pts,2.14,,277,,Yes
7,10/16/24,1,S1,MAT704 / 11,PRE-CALC A MAT 153,BRIAN ANDERSON,11,2026,,0.00 pts,0.14,,277,,Yes
7,10/16/24,6,S1,SOC701 / 16,US HISTORY/A,SCOTT BOOTHBY,11,2026,C,2.40 pts,2.14,,277,,Yes
8,10/22/24,1,S1,MAT704 / 11,PRE-CALC A MAT 153,BRIAN ANDERSON,11,2026,,0.00 pts,0.14,,277,,Yes
8,10/22/24,6,S1,SOC701 / 16,US HISTORY/A,SCOTT BOOTHBY,11,2026,C,2.40 pts,2.14,,277,,Yes
9,10/29/24,1,S1,MAT704 / 11,PRE-CALC A MAT 153,BRIAN ANDERSON,11,2026,,0.00 pts,0.14,,277,,Yes
9,10/29/24,6,S1,SOC701 / 16,US HISTORY/A,SCOTT BOOTHBY,11,2026,C+,2.69 pts,2.14,,277,,Yes
10,11/5/24,1,S1,MAT704 / 11,PRE-CALC A MAT 153,BRIAN ANDERSON,11,2026,,0.00 pts,0.14,,277,,Yes
10,11/5/24,6,S1,SOC701 / 16,US HISTORY/A,SCOTT BOOTHBY,11,2026,C,2.44 pts,2.29,,277,,Yes
2,9/10/24,6,S1,MAT701 / 16,ALGEBRA II A,JASON BLAESING,11,2026,,,0.5,,278,,Yes
3,9/17/24,6,S1,MAT701 / 16,ALGEBRA II A,JASON BLAESING,11,2026,A,4.00 pts,0.5,,278,,Yes
4,9/24/24,6,S1,MAT701 / 16,ALGEBRA II A,JASON BLAESING,11,2026,B,3.10 pts,1.5,,278,,Yes
5,10/1/24,6,S1,MAT701 / 16,ALGEBRA II A,JASON BLAESING,11,2026,A,4.00 pts,2.5,,278,,Yes
6,10/8/24,6,S1,MAT701 / 16,ALGEBRA II A,JASON BLAESING,11,2026,A,4.00 pts,2.5,,278,,Yes
7,10/16/24,6,S1,MAT701 / 16,ALGEBRA II A,JASON BLAESING,11,2026,A,4.00 pts,2.5,,278,,Yes
8,10/22/24,6,S1,MAT701 / 16,ALGEBRA II A,JASON BLAESING,11,2026,A,4.00 pts,2.5,,278,,Yes
9,10/29/24,6,S1,MAT701 / 16,ALGEBRA II A,JASON BLAESING,11,2026,A,3.77 pts,3.5,,278,,Yes
10,11/5/24,6,S1,MAT701 / 16,ALGEBRA II A,JASON BLAESING,11,2026,A,3.77 pts,4.5,,278,,Yes
2,9/10/24,1,S1,MAT522 / 11,GEOMETRY A,ROCHELLE AITON,9,2028,,,0,,279,,Yes
3,9/17/24,1,S1,MAT522 / 11,GEOMETRY A,ROCHELLE AITON,9,2028,B,3.05 pts,0,,279,,Yes
4,9/24/24,1,S1,MAT522 / 11,GEOMETRY A,ROCHELLE AITON,9,2028,A,4.00 pts,0,,279,,Yes
5,10/1/24,1,S1,MAT522 / 11,GEOMETRY A,ROCHELLE AITON,9,2028,A,4.00 pts,0,,279,,Yes
6,10/8/24,1,S1,MAT522 / 11,GEOMETRY A,ROCHELLE AITON,9,2028,A-,3.55 pts,5,,279,,Yes
7,10/16/24,1,S1,MAT522 / 11,GEOMETRY A,ROCHELLE AITON,9,2028,A-,3.55 pts,5,,279,,Yes
8,10/22/24,1,S1,MAT522 / 11,GEOMETRY A,ROCHELLE AITON,9,2028,A-,3.55 pts,5,,279,,Yes
8,10/22/24,1,S1,MAT522 / 11,GEOMETRY A,NINETTE LILIENTHAL,9,2028,A-,3.55 pts,5,,279,,Yes
9,10/29/24,1,S1,MAT522 / 11,GEOMETRY A,ROCHELLE AITON,9,2028,A,3.68 pts,5,,279,,Yes
9,10/29/24,1,S1,MAT522 / 11,GEOMETRY A,NINETTE LILIENTHAL,9,2028,A,3.68 pts,5,,279,,Yes
10,11/5/24,1,S1,MAT522 / 11,GEOMETRY A,ROCHELLE AITON,9,2028,A,3.68 pts,5,,279,,Yes
10,11/5/24,1,S1,MAT522 / 11,GEOMETRY A,NINETTE LILIENTHAL,9,2028,A,3.68 pts,5,,279,,Yes
2,9/10/24,3,S1,BUS301 / 13,PERSONAL FINANCE A,NICOLE SIMEK,12,2025,,,0,,280,,Yes
3,9/17/24,3,S1,BUS301 / 13,PERSONAL FINANCE A,NICOLE SIMEK,12,2025,A,3.99 pts,0,,280,,Yes
4,9/24/24,3,S1,BUS301 / 13,PERSONAL FINANCE A,NICOLE SIMEK,12,2025,B+,3.31 pts,1,,280,,Yes
5,10/1/24,3,S1,BUS301 / 13,PERSONAL FINANCE A,NICOLE SIMEK,12,2025,B+,3.26 pts,2,,280,,Yes
6,10/8/24,3,S1,BUS301 / 13,PERSONAL FINANCE A,NICOLE SIMEK,12,2025,C,2.48 pts,2.57,,280,,Yes
7,10/16/24,3,S1,BUS301 / 13,PERSONAL FINANCE A,NICOLE SIMEK,12,2025,B,2.96 pts,4.57,,280,,Yes
8,10/22/24,3,S1,BUS301 / 13,PERSONAL FINANCE A,NICOLE SIMEK,12,2025,B,2.98 pts,5,,280,,Yes
9,10/29/24,3,S1,BUS301 / 13,PERSONAL FINANCE A,NICOLE SIMEK,12,2025,B+,3.26 pts,5.86,,280,,Yes
10,11/5/24,3,S1,BUS301 / 13,PERSONAL FINANCE A,NICOLE SIMEK,12,2025,B+,3.26 pts,5.86,,280,,Yes
2,9/10/24,3,S1,MAT522 / 13,GEOMETRY A,ROCHELLE AITON,9,2028,,,0,,281,,Yes
3,9/17/24,3,S1,MAT522 / 13,GEOMETRY A,ROCHELLE AITON,9,2028,B,3.05 pts,0,,281,,Yes
4,9/24/24,3,S1,MAT522 / 13,GEOMETRY A,ROCHELLE AITON,9,2028,B,3.05 pts,0,,281,,Yes
5,10/1/24,3,S1,MAT522 / 13,GEOMETRY A,ROCHELLE AITON,9,2028,B,3.05 pts,0,,281,,Yes
6,10/8/24,3,S1,MAT522 / 13,GEOMETRY A,ROCHELLE AITON,9,2028,A-,3.53 pts,0,,281,,Yes
7,10/16/24,3,S1,MAT522 / 13,GEOMETRY A,ROCHELLE AITON,9,2028,A-,3.53 pts,0,,281,,Yes
8,10/22/24,3,S1,MAT522 / 13,GEOMETRY A,ROCHELLE AITON,9,2028,A-,3.55 pts,0,,281,,Yes
8,10/22/24,3,S1,MAT522 / 13,GEOMETRY A,NINETTE LILIENTHAL,9,2028,A-,3.55 pts,0,,281,,Yes
9,10/29/24,3,S1,MAT522 / 13,GEOMETRY A,ROCHELLE AITON,9,2028,A,3.65 pts,0,,281,,Yes
9,10/29/24,3,S1,MAT522 / 13,GEOMETRY A,NINETTE LILIENTHAL,9,2028,A,3.65 pts,0,,281,,Yes
10,11/5/24,3,S1,MAT522 / 13,GEOMETRY A,ROCHELLE AITON,9,2028,A,3.65 pts,2.14,,281,,Yes
10,11/5/24,3,S1,MAT522 / 13,GEOMETRY A,NINETTE LILIENTHAL,9,2028,A,3.65 pts,2.14,,281,,Yes
2,9/10/24,5,S1,ENG701 / 15,JUNIOR ENG/A,JOHN CARVER,11,2026,,,0,,282,,Yes
2,9/10/24,3,S1,MAT701 / 13,ALGEBRA II A,JENNIFER REILLY,11,2026,,,0,,282,,Yes
2,9/10/24,2,S1,SCI609 / 12,CHEMISTRY/A,GRANT MERRILL,11,2026,F,0.00 pts,0,,282,,Yes
3,9/17/24,2,S1,SCI609 / 12,CHEMISTRY/A,GRANT MERRILL,11,2026,B+,3.27 pts,0.86,,282,,Yes
3,9/17/24,3,S1,MAT701 / 13,ALGEBRA II A,JENNIFER REILLY,11,2026,A,4.00 pts,0.86,,282,,Yes
3,9/17/24,4,S1,SOC701 / 14,US HISTORY/A,DAVE HAJEK,11,2026,A,3.90 pts,0.86,,282,,Yes
3,9/17/24,5,S1,ENG701 / 15,JUNIOR ENG/A,JOHN CARVER,11,2026,A,3.90 pts,0.86,,282,,Yes
4,9/24/24,2,S1,SCI609 / 12,CHEMISTRY/A,GRANT MERRILL,11,2026,F,1.10 pts,1.86,,282,,Yes
4,9/24/24,3,S1,MAT701 / 13,ALGEBRA II A,JENNIFER REILLY,11,2026,A,4.00 pts,1.86,,282,,Yes
4,9/24/24,4,S1,SOC701 / 14,US HISTORY/A,DAVE HAJEK,11,2026,C-,2.07 pts,3.43,,282,,Yes
4,9/24/24,5,S1,ENG701 / 15,JUNIOR ENG/A,JOHN CARVER,11,2026,C+,2.68 pts,3.43,,282,,Yes
5,10/1/24,2,S1,SCI609 / 12,CHEMISTRY/A,GRANT MERRILL,11,2026,C-,2.00 pts,1.86,,282,,Yes
5,10/1/24,3,S1,MAT701 / 13,ALGEBRA II A,JENNIFER REILLY,11,2026,A,4.00 pts,1.86,,282,,Yes
5,10/1/24,4,S1,SOC701 / 14,US HISTORY/A,DAVE HAJEK,11,2026,C-,2.08 pts,3.43,,282,,Yes
5,10/1/24,5,S1,ENG701 / 15,JUNIOR ENG/A,JOHN CARVER,11,2026,B-,2.86 pts,3.57,,282,,Yes
6,10/8/24,2,S1,SCI609 / 12,CHEMISTRY/A,GRANT MERRILL,11,2026,F,1.53 pts,1.86,,282,,Yes
6,10/8/24,3,S1,MAT701 / 13,ALGEBRA II A,JENNIFER REILLY,11,2026,A,4.00 pts,1.86,,282,,Yes
6,10/8/24,4,S1,SOC701 / 14,US HISTORY/A,DAVE HAJEK,11,2026,B,3.00 pts,3.43,,282,,Yes
6,10/8/24,5,S1,ENG701 / 15,JUNIOR ENG/A,JOHN CARVER,11,2026,B,2.90 pts,3.43,,282,,Yes
7,10/16/24,2,S1,SCI609 / 12,CHEMISTRY/A,GRANT MERRILL,11,2026,F,1.53 pts,1.86,,282,,Yes
7,10/16/24,3,S1,MAT701 / 13,ALGEBRA II A,JENNIFER REILLY,11,2026,A,3.93 pts,1.86,,282,,Yes
7,10/16/24,4,S1,SOC701 / 14,US HISTORY/A,DAVE HAJEK,11,2026,B,3.02 pts,3.43,,282,,Yes
7,10/16/24,5,S1,ENG701 / 15,JUNIOR ENG/A,JOHN CARVER,11,2026,B,2.94 pts,3.43,,282,,Yes
8,10/22/24,2,S1,SCI609 / 12,CHEMISTRY/A,GRANT MERRILL,11,2026,D,1.65 pts,2.86,,282,,Yes
8,10/22/24,3,S1,MAT701 / 13,ALGEBRA II A,JENNIFER REILLY,11,2026,A,3.96 pts,2.86,,282,,Yes
8,10/22/24,4,S1,SOC701 / 14,US HISTORY/A,DAVE HAJEK,11,2026,C+,2.53 pts,4.71,,282,,Yes
8,10/22/24,5,S1,ENG701 / 15,JUNIOR ENG/A,JOHN CARVER,11,2026,B,3.03 pts,4.71,,282,,Yes
9,10/29/24,2,S1,SCI609 / 12,CHEMISTRY/A,GRANT MERRILL,11,2026,D+,1.84 pts,2.86,,282,,Yes
9,10/29/24,3,S1,MAT701 / 13,ALGEBRA II A,JENNIFER REILLY,11,2026,A,3.73 pts,3,,282,,Yes
9,10/29/24,4,S1,SOC701 / 14,US HISTORY/A,DAVE HAJEK,11,2026,C+,2.62 pts,4.71,,282,,Yes
9,10/29/24,5,S1,ENG701 / 15,JUNIOR ENG/A,JOHN CARVER,11,2026,B,2.91 pts,4.71,,282,,Yes
10,11/5/24,2,S1,SCI609 / 12,CHEMISTRY/A,GRANT MERRILL,11,2026,D+,1.84 pts,2.86,,282,,Yes
10,11/5/24,3,S1,MAT701 / 13,ALGEBRA II A,JENNIFER REILLY,11,2026,A,3.73 pts,3,,282,,Yes
10,11/5/24,4,S1,SOC701 / 14,US HISTORY/A,DAVE HAJEK,11,2026,C+,2.63 pts,4.71,,282,,Yes
10,11/5/24,5,S1,ENG701 / 15,JUNIOR ENG/A,JOHN CARVER,11,2026,B,2.93 pts,4.71,,282,,Yes
2,9/10/24,3,S1,BUS301 / 13,PERSONAL FINANCE A,NICOLE SIMEK,12,2025,,,0,,283,,Yes
3,9/17/24,3,S1,BUS301 / 13,PERSONAL FINANCE A,NICOLE SIMEK,12,2025,A,4.00 pts,0,,283,,Yes
4,9/24/24,3,S1,BUS301 / 13,PERSONAL FINANCE A,NICOLE SIMEK,12,2025,A,4.00 pts,0,,283,,Yes
5,10/1/24,3,S1,BUS301 / 13,PERSONAL FINANCE A,NICOLE SIMEK,12,2025,A,4.00 pts,1,,283,,Yes
6,10/8/24,3,S1,BUS301 / 13,PERSONAL FINANCE A,NICOLE SIMEK,12,2025,A,4.00 pts,1,,283,,Yes
7,10/16/24,3,S1,BUS301 / 13,PERSONAL FINANCE A,NICOLE SIMEK,12,2025,A,4.00 pts,1,,283,,Yes
8,10/22/24,3,S1,BUS301 / 13,PERSONAL FINANCE A,NICOLE SIMEK,12,2025,A,4.00 pts,1,,283,,Yes
9,10/29/24,3,S1,BUS301 / 13,PERSONAL FINANCE A,NICOLE SIMEK,12,2025,A,4.00 pts,1,,283,,Yes
10,11/5/24,3,S1,BUS301 / 13,PERSONAL FINANCE A,NICOLE SIMEK,12,2025,A,4.00 pts,1,,283,,Yes
2,9/10/24,3,S1,MAT522 / 13,GEOMETRY A,ROCHELLE AITON,9,2028,,,0,,284,,Yes
3,9/17/24,3,S1,MAT522 / 13,GEOMETRY A,ROCHELLE AITON,9,2028,A,3.95 pts,0,,284,,Yes
4,9/24/24,3,S1,MAT522 / 13,GEOMETRY A,ROCHELLE AITON,9,2028,A,3.95 pts,0,,284,,Yes
5,10/1/24,3,S1,MAT522 / 13,GEOMETRY A,ROCHELLE AITON,9,2028,A,3.95 pts,0,,284,,Yes
6,10/8/24,3,S1,MAT522 / 13,GEOMETRY A,ROCHELLE AITON,9,2028,A-,3.48 pts,0,,284,,Yes
7,10/16/24,3,S1,MAT522 / 13,GEOMETRY A,ROCHELLE AITON,9,2028,A-,3.48 pts,0,,284,,Yes
8,10/22/24,3,S1,MAT522 / 13,GEOMETRY A,ROCHELLE AITON,9,2028,A-,3.50 pts,0,,284,,Yes
8,10/22/24,3,S1,MAT522 / 13,GEOMETRY A,NINETTE LILIENTHAL,9,2028,A-,3.50 pts,0,,284,,Yes
9,10/29/24,3,S1,MAT522 / 13,GEOMETRY A,ROCHELLE AITON,9,2028,A,3.65 pts,0,,284,,Yes
9,10/29/24,3,S1,MAT522 / 13,GEOMETRY A,NINETTE LILIENTHAL,9,2028,A,3.65 pts,0,,284,,Yes
10,11/5/24,3,S1,MAT522 / 13,GEOMETRY A,ROCHELLE AITON,9,2028,A,3.65 pts,0,,284,,Yes
10,11/5/24,3,S1,MAT522 / 13,GEOMETRY A,NINETTE LILIENTHAL,9,2028,A,3.65 pts,0,,284,,Yes
2,9/10/24,6,S1,ENG501 / 16,FR ENGLISH/A,DAVID HOLLINGSWORTH,9,2028,A,4.00 pts,0,,285,,Yes
3,9/17/24,6,S1,ENG501 / 16,FR ENGLISH/A,DAVID HOLLINGSWORTH,9,2028,A,4.00 pts,1.57,,285,,Yes
4,9/24/24,6,S1,ENG501 / 16,FR ENGLISH/A,DAVID HOLLINGSWORTH,9,2028,A,4.00 pts,1.71,,285,,Yes
5,10/1/24,6,S1,ENG501 / 16,FR ENGLISH/A,DAVID HOLLINGSWORTH,9,2028,A-,3.53 pts,2,,285,,Yes
6,10/8/24,6,S1,ENG501 / 16,FR ENGLISH/A,DAVID HOLLINGSWORTH,9,2028,A-,3.53 pts,2,,285,,Yes
7,10/16/24,6,S1,ENG501 / 16,FR ENGLISH/A,DAVID HOLLINGSWORTH,9,2028,A,3.70 pts,2,,285,,Yes
8,10/22/24,6,S1,ENG501 / 16,FR ENGLISH/A,DAVID HOLLINGSWORTH,9,2028,A,3.84 pts,2,,285,,Yes
9,10/29/24,6,S1,ENG501 / 16,FR ENGLISH/A,DAVID HOLLINGSWORTH,9,2028,A,3.60 pts,2.43,,285,,Yes
10,11/5/24,6,S1,ENG501 / 16,FR ENGLISH/A,DAVID HOLLINGSWORTH,9,2028,A,3.68 pts,2.43,,285,,Yes
2,9/10/24,5,S1,ENG701 / 15,JUNIOR ENG/A,JOHN CARVER,11,2026,,,1,,286,,Yes
3,9/17/24,4,S1,SOC701 / 14,US HISTORY/A,DAVE HAJEK,11,2026,C,2.27 pts,5.14,,286,,Yes
3,9/17/24,5,S1,ENG701 / 15,JUNIOR ENG/A,JOHN CARVER,11,2026,A,3.95 pts,5,,286,,Yes
4,9/24/24,4,S1,SOC701 / 14,US HISTORY/A,DAVE HAJEK,11,2026,C-,2.01 pts,4,,286,,Yes
4,9/24/24,5,S1,ENG701 / 15,JUNIOR ENG/A,JOHN CARVER,11,2026,,2.37 pts,3.86,,286,,Yes
5,10/1/24,4,S1,SOC701 / 14,US HISTORY/A,DAVE HAJEK,11,2026,C-,2.03 pts,4,,286,,Yes
5,10/1/24,5,S1,ENG701 / 15,JUNIOR ENG/A,JOHN CARVER,11,2026,,2.37 pts,3.86,,286,,Yes
6,10/8/24,4,S1,SOC701 / 14,US HISTORY/A,DAVE HAJEK,11,2026,C-,2.04 pts,4,,286,,Yes
6,10/8/24,5,S1,ENG701 / 15,JUNIOR ENG/A,JOHN CARVER,11,2026,,2.37 pts,3.86,,286,,Yes
7,10/16/24,4,S1,SOC701 / 14,US HISTORY/A,DAVE HAJEK,11,2026,D+,1.97 pts,4.14,,286,,Yes
7,10/16/24,5,S1,ENG701 / 15,JUNIOR ENG/A,JOHN CARVER,11,2026,,2.37 pts,3.86,,286,,Yes
8,10/22/24,4,S1,SOC701 / 14,US HISTORY/A,DAVE HAJEK,11,2026,F,1.51 pts,4.57,,286,,Yes
8,10/22/24,5,S1,ENG701 / 15,JUNIOR ENG/A,JOHN CARVER,11,2026,,2.37 pts,3.86,,286,,Yes
9,10/29/24,4,S1,SOC701 / 14,US HISTORY/A,DAVE HAJEK,11,2026,F,1.22 pts,4.71,,286,,Yes
9,10/29/24,5,S1,ENG701 / 15,JUNIOR ENG/A,JOHN CARVER,11,2026,,2.37 pts,3.86,,286,,Yes
10,11/5/24,4,S1,SOC701 / 14,US HISTORY/A,DAVE HAJEK,11,2026,F,1.22 pts,4.71,,286,,Yes
10,11/5/24,5,S1,ENG701 / 15,JUNIOR ENG/A,JOHN CARVER,11,2026,,2.37 pts,3.86,,286,,Yes
2,9/10/24,3,S1,MAT701 / 13,ALGEBRA II A,JENNIFER REILLY,10,2027,,,0,,287,,Yes
3,9/17/24,6,S1,SCI601 / 16,BIOLOGY A,GRANT MERRILL,10,2027,B,3.19 pts,1,,287,,Yes
4,9/24/24,6,S1,SCI601 / 16,BIOLOGY A,GRANT MERRILL,10,2027,B,3.02 pts,2,,287,,Yes
5,10/1/24,6,S1,SCI601 / 16,BIOLOGY A,GRANT MERRILL,10,2027,B,3.01 pts,2,,287,,Yes
6,10/8/24,6,S1,SCI601 / 16,BIOLOGY A,GRANT MERRILL,10,2027,B,3.01 pts,2,,287,,Yes
7,10/16/24,6,S1,SCI601 / 16,BIOLOGY A,GRANT MERRILL,10,2027,B,3.00 pts,2,,287,,Yes
8,10/22/24,6,S1,SCI601 / 16,BIOLOGY A,GRANT MERRILL,10,2027,B,3.02 pts,2,,287,,Yes
9,10/29/24,6,S1,SCI601 / 16,BIOLOGY A,GRANT MERRILL,10,2027,B+,3.32 pts,2,,287,,Yes
10,11/5/24,6,S1,SCI601 / 16,BIOLOGY A,GRANT MERRILL,10,2027,B+,3.31 pts,2,,287,,Yes
2,9/10/24,3,S1,MAT701 / 13,ALGEBRA II A,JENNIFER REILLY,11,2026,,,0,,288,,Yes
2,9/10/24,6,S1,SOC701 / 16,US HISTORY/A,SCOTT BOOTHBY,11,2026,A,4.00 pts,0,,288,,Yes
3,9/17/24,3,S1,MAT701 / 13,ALGEBRA II A,JENNIFER REILLY,11,2026,A,4.00 pts,0,,288,,Yes
3,9/17/24,6,S1,SOC701 / 16,US HISTORY/A,SCOTT BOOTHBY,11,2026,A-,3.49 pts,0,,288,,Yes
4,9/24/24,3,S1,MAT701 / 13,ALGEBRA II A,JENNIFER REILLY,11,2026,A,4.00 pts,0,,288,,Yes
4,9/24/24,6,S1,SOC701 / 16,US HISTORY/A,SCOTT BOOTHBY,11,2026,A-,3.48 pts,0,,288,,Yes
5,10/1/24,3,S1,MAT701 / 13,ALGEBRA II A,JENNIFER REILLY,11,2026,A,4.00 pts,0,,288,,Yes
5,10/1/24,6,S1,SOC701 / 16,US HISTORY/A,SCOTT BOOTHBY,11,2026,A-,3.43 pts,0,,288,,Yes
6,10/8/24,3,S1,MAT701 / 13,ALGEBRA II A,JENNIFER REILLY,11,2026,A,4.00 pts,0,,288,,Yes
6,10/8/24,6,S1,SOC701 / 16,US HISTORY/A,SCOTT BOOTHBY,11,2026,A-,3.46 pts,0,,288,,Yes
7,10/16/24,3,S1,MAT701 / 13,ALGEBRA II A,JENNIFER REILLY,11,2026,A,3.93 pts,0,,288,,Yes
7,10/16/24,6,S1,SOC701 / 16,US HISTORY/A,SCOTT BOOTHBY,11,2026,B+,3.25 pts,0,,288,,Yes
8,10/22/24,3,S1,MAT701 / 13,ALGEBRA II A,JENNIFER REILLY,11,2026,A,4.00 pts,0,,288,,Yes
8,10/22/24,6,S1,SOC701 / 16,US HISTORY/A,SCOTT BOOTHBY,11,2026,B+,3.27 pts,0,,288,,Yes
9,10/29/24,3,S1,MAT701 / 13,ALGEBRA II A,JENNIFER REILLY,11,2026,A,4.00 pts,1,,288,,Yes
9,10/29/24,6,S1,SOC701 / 16,US HISTORY/A,SCOTT BOOTHBY,11,2026,A-,3.47 pts,1,,288,,Yes
10,11/5/24,3,S1,MAT701 / 13,ALGEBRA II A,JENNIFER REILLY,11,2026,A,4.00 pts,1,,288,,Yes
10,11/5/24,6,S1,SOC701 / 16,US HISTORY/A,SCOTT BOOTHBY,11,2026,A,3.64 pts,1,,288,,Yes
2,9/10/24,6,S1,ENG501 / 16,FR ENGLISH/A,DAVID HOLLINGSWORTH,9,2028,A,4.00 pts,0,,289,,Yes
3,9/17/24,6,S1,ENG501 / 16,FR ENGLISH/A,DAVID HOLLINGSWORTH,9,2028,A,4.00 pts,1,,289,,Yes
4,9/24/24,6,S1,ENG501 / 16,FR ENGLISH/A,DAVID HOLLINGSWORTH,9,2028,A,3.93 pts,1,,289,,Yes
5,10/1/24,6,S1,ENG501 / 16,FR ENGLISH/A,DAVID HOLLINGSWORTH,9,2028,B,2.96 pts,1.86,,289,,Yes
6,10/8/24,6,S1,ENG501 / 16,FR ENGLISH/A,DAVID HOLLINGSWORTH,9,2028,B,2.94 pts,2.29,,289,,Yes
7,10/16/24,6,S1,ENG501 / 16,FR ENGLISH/A,DAVID HOLLINGSWORTH,9,2028,D+,1.91 pts,2.29,,289,,Yes
8,10/22/24,6,S1,ENG501 / 16,FR ENGLISH/A,DAVID HOLLINGSWORTH,9,2028,B,2.90 pts,3.86,,289,,Yes
9,10/29/24,6,S1,ENG501 / 16,FR ENGLISH/A,DAVID HOLLINGSWORTH,9,2028,C,2.47 pts,3.86,,289,,Yes
10,11/5/24,6,S1,ENG501 / 16,FR ENGLISH/A,DAVID HOLLINGSWORTH,9,2028,B-,2.81 pts,4.86,,289,,Yes
2,9/10/24,2,S1,ENG601 / 12,SOPH ENG/A,KELLY GREGERSEN,10,2027,A,4.00 pts,0,,290,,Yes
3,9/17/24,2,S1,ENG601 / 12,SOPH ENG/A,KELLY GREGERSEN,10,2027,B,3.15 pts,0,,290,,Yes
4,9/24/24,2,S1,ENG601 / 12,SOPH ENG/A,KELLY GREGERSEN,10,2027,C+,2.63 pts,0,,290,,Yes
5,10/1/24,2,S1,ENG601 / 12,SOPH ENG/A,KELLY GREGERSEN,10,2027,C+,2.63 pts,0.71,,290,,Yes
6,10/8/24,2,S1,ENG601 / 12,SOPH ENG/A,KELLY GREGERSEN,10,2027,C+,2.58 pts,0.71,,290,,Yes
7,10/16/24,2,S1,ENG601 / 12,SOPH ENG/A,KELLY GREGERSEN,10,2027,C+,2.61 pts,0.71,,290,,Yes
8,10/22/24,2,S1,ENG601 / 12,SOPH ENG/A,KELLY GREGERSEN,10,2027,B,3.04 pts,1.71,,290,,Yes
9,10/29/24,2,S1,ENG601 / 12,SOPH ENG/A,KELLY GREGERSEN,10,2027,B,3.04 pts,2.71,,290,,Yes
10,11/5/24,2,S1,ENG601 / 12,SOPH ENG/A,KELLY GREGERSEN,10,2027,B,3.04 pts,2.71,,290,,Yes
2,9/10/24,2,S1,MAT522 / 12,GEOMETRY A,ROCHELLE AITON,10,2027,,,0,,291,,Yes
2,9/10/24,3,S1,SCI601 / 13,BIOLOGY A,GRANT MERRILL,10,2027,,,0,,291,,Yes
3,9/17/24,2,S1,MAT522 / 12,GEOMETRY A,ROCHELLE AITON,10,2027,F,1.10 pts,0,,291,,Yes
3,9/17/24,3,S1,SCI601 / 13,BIOLOGY A,GRANT MERRILL,10,2027,F,1.17 pts,0,,291,,Yes
4,9/24/24,2,S1,MAT522 / 12,GEOMETRY A,ROCHELLE AITON,10,2027,C-,2.05 pts,0,,291,,Yes
4,9/24/24,3,S1,SCI601 / 13,BIOLOGY A,GRANT MERRILL,10,2027,C-,2.08 pts,0,,291,,Yes
5,10/1/24,2,S1,MAT522 / 12,GEOMETRY A,ROCHELLE AITON,10,2027,C-,2.05 pts,0,,291,,Yes
5,10/1/24,3,S1,SCI601 / 13,BIOLOGY A,GRANT MERRILL,10,2027,C-,2.06 pts,0,,291,,Yes
6,10/8/24,2,S1,MAT522 / 12,GEOMETRY A,ROCHELLE AITON,10,2027,C-,2.10 pts,0,,291,,Yes
6,10/8/24,3,S1,SCI601 / 13,BIOLOGY A,GRANT MERRILL,10,2027,C-,2.05 pts,0,,291,,Yes
7,10/16/24,2,S1,MAT522 / 12,GEOMETRY A,ROCHELLE AITON,10,2027,C-,2.10 pts,0,,291,,Yes
7,10/16/24,3,S1,SCI601 / 13,BIOLOGY A,GRANT MERRILL,10,2027,C-,2.05 pts,0,,291,,Yes
8,10/22/24,2,S1,MAT522 / 12,GEOMETRY A,ROCHELLE AITON,10,2027,C-,2.10 pts,0,,291,,Yes
8,10/22/24,2,S1,MAT522 / 12,GEOMETRY A,NINETTE LILIENTHAL,10,2027,C-,2.10 pts,0,,291,,Yes
8,10/22/24,3,S1,SCI601 / 13,BIOLOGY A,GRANT MERRILL,10,2027,D+,1.82 pts,0,,291,,Yes
9,10/29/24,2,S1,MAT522 / 12,GEOMETRY A,ROCHELLE AITON,10,2027,D,1.73 pts,0,,291,,Yes
9,10/29/24,2,S1,MAT522 / 12,GEOMETRY A,NINETTE LILIENTHAL,10,2027,D,1.73 pts,0,,291,,Yes
9,10/29/24,3,S1,SCI601 / 13,BIOLOGY A,GRANT MERRILL,10,2027,C,2.37 pts,0,,291,,Yes
10,11/5/24,2,S1,MAT522 / 12,GEOMETRY A,ROCHELLE AITON,10,2027,D,1.73 pts,0,,291,,Yes
10,11/5/24,2,S1,MAT522 / 12,GEOMETRY A,NINETTE LILIENTHAL,10,2027,D,1.73 pts,0,,291,,Yes
10,11/5/24,3,S1,SCI601 / 13,BIOLOGY A,GRANT MERRILL,10,2027,C,2.35 pts,0,,291,,Yes
2,9/10/24,1,S1,MAT704 / 11,PRE-CALC A MAT 153,BRIAN ANDERSON,11,2026,,,0,,292,,Yes
3,9/17/24,1,S1,MAT704 / 11,PRE-CALC A MAT 153,BRIAN ANDERSON,11,2026,A,4.00 pts,0,,292,,Yes
4,9/24/24,1,S1,MAT704 / 11,PRE-CALC A MAT 153,BRIAN ANDERSON,11,2026,A,4.00 pts,1,,292,,Yes
5,10/1/24,1,S1,MAT704 / 11,PRE-CALC A MAT 153,BRIAN ANDERSON,11,2026,A,4.00 pts,2,,292,,Yes
6,10/8/24,1,S1,MAT704 / 11,PRE-CALC A MAT 153,BRIAN ANDERSON,11,2026,A,4.00 pts,2,,292,,Yes
7,10/16/24,1,S1,MAT704 / 11,PRE-CALC A MAT 153,BRIAN ANDERSON,11,2026,B,3.05 pts,2,,292,,Yes
8,10/22/24,1,S1,MAT704 / 11,PRE-CALC A MAT 153,BRIAN ANDERSON,11,2026,C,2.42 pts,2,,292,,Yes
9,10/29/24,1,S1,MAT704 / 11,PRE-CALC A MAT 153,BRIAN ANDERSON,11,2026,C,2.49 pts,3,,292,,Yes
10,11/5/24,1,S1,MAT704 / 11,PRE-CALC A MAT 153,BRIAN ANDERSON,11,2026,B+,3.21 pts,4,,292,,Yes
2,9/10/24,3,S1,SCI601 / 13,BIOLOGY A,GRANT MERRILL,10,2027,A,4.00 pts,0,,293,,Yes
3,9/17/24,3,S1,SCI601 / 13,BIOLOGY A,GRANT MERRILL,10,2027,F,1.01 pts,1.86,,293,,Yes
3,9/17/24,4,S1,MAT522 / 14,GEOMETRY A,ROCHELLE AITON,10,2027,,,1.86,,293,,Yes
4,9/24/24,3,S1,SCI601 / 13,BIOLOGY A,GRANT MERRILL,10,2027,F,1.00 pts,3,,293,,Yes
4,9/24/24,4,S1,MAT522 / 14,GEOMETRY A,ROCHELLE AITON,10,2027,D+,1.90 pts,3,,293,,Yes
5,10/1/24,3,S1,SCI601 / 13,BIOLOGY A,GRANT MERRILL,10,2027,F,0.97 pts,4,,293,,Yes
5,10/1/24,4,S1,MAT522 / 14,GEOMETRY A,ROCHELLE AITON,10,2027,D+,1.90 pts,4,,293,,Yes
6,10/8/24,3,S1,SCI601 / 13,BIOLOGY A,GRANT MERRILL,10,2027,F,0.96 pts,5,,293,,Yes
6,10/8/24,4,S1,MAT522 / 14,GEOMETRY A,ROCHELLE AITON,10,2027,F,1.36 pts,5,,293,,Yes
7,10/16/24,3,S1,SCI601 / 13,BIOLOGY A,GRANT MERRILL,10,2027,F,0.99 pts,8,,293,,Yes
7,10/16/24,4,S1,MAT522 / 14,GEOMETRY A,ROCHELLE AITON,10,2027,F,1.36 pts,8,,293,,Yes
8,10/22/24,3,S1,SCI601 / 13,BIOLOGY A,GRANT MERRILL,10,2027,F,0.37 pts,10.29,,293,,Yes
8,10/22/24,4,S1,MAT522 / 14,GEOMETRY A,ROCHELLE AITON,10,2027,F,1.36 pts,9.57,,293,,Yes
8,10/22/24,4,S1,MAT522 / 14,GEOMETRY A,NINETTE LILIENTHAL,10,2027,F,1.36 pts,9.57,,293,,Yes
9,10/29/24,3,S1,SCI601 / 13,BIOLOGY A,GRANT MERRILL,10,2027,F,0.37 pts,12.71,,293,,Yes
9,10/29/24,4,S1,MAT522 / 14,GEOMETRY A,ROCHELLE AITON,10,2027,F,1.39 pts,12,,293,,Yes
9,10/29/24,4,S1,MAT522 / 14,GEOMETRY A,NINETTE LILIENTHAL,10,2027,F,1.39 pts,12,,293,,Yes
10,11/5/24,3,S1,SCI601 / 13,BIOLOGY A,GRANT MERRILL,10,2027,F,0.37 pts,13,,293,,Yes
10,11/5/24,4,S1,MAT522 / 14,GEOMETRY A,ROCHELLE AITON,10,2027,F,1.39 pts,13,,293,,Yes
10,11/5/24,4,S1,MAT522 / 14,GEOMETRY A,NINETTE LILIENTHAL,10,2027,F,1.39 pts,13,,293,,Yes
2,9/10/24,6,S1,SCI601 / 36,BIOLOGY A,WILLIAM BAUR,10,2027,,,0,,294,,Yes
3,9/17/24,3,S1,SCI601 / 13,BIOLOGY A,GRANT MERRILL,10,2027,F,0.00 pts,0,,294,,Yes
3,9/17/24,6,S1,SCI601 / 36,BIOLOGY A,WILLIAM BAUR,10,2027,,,0,,294,,Yes
4,9/24/24,3,S1,SCI601 / 13,BIOLOGY A,GRANT MERRILL,10,2027,F,0.00 pts,1,,294,,Yes
4,9/24/24,6,S1,SCI601 / 36,BIOLOGY A,WILLIAM BAUR,10,2027,,,0,,294,,Yes
5,10/1/24,3,S1,SCI601 / 13,BIOLOGY A,GRANT MERRILL,10,2027,F,0.04 pts,1,,294,,Yes
5,10/1/24,6,S1,SCI601 / 36,BIOLOGY A,WILLIAM BAUR,10,2027,,,0,,294,,Yes
6,10/8/24,3,S1,SCI601 / 13,BIOLOGY A,GRANT MERRILL,10,2027,F,0.06 pts,1,,294,,Yes
6,10/8/24,6,S1,SCI601 / 36,BIOLOGY A,WILLIAM BAUR,10,2027,,,0,,294,,Yes
7,10/16/24,3,S1,SCI601 / 13,BIOLOGY A,GRANT MERRILL,10,2027,F,0.07 pts,1,,294,,Yes
7,10/16/24,6,S1,SCI601 / 36,BIOLOGY A,WILLIAM BAUR,10,2027,,,0,,294,,Yes
8,10/22/24,3,S1,SCI601 / 13,BIOLOGY A,GRANT MERRILL,10,2027,F,1.10 pts,1,,294,,Yes
8,10/22/24,6,S1,SCI601 / 36,BIOLOGY A,WILLIAM BAUR,10,2027,,,0,,294,,Yes
9,10/29/24,3,S1,SCI601 / 13,BIOLOGY A,GRANT MERRILL,10,2027,F,1.35 pts,1,,294,,Yes
9,10/29/24,6,S1,SCI601 / 36,BIOLOGY A,WILLIAM BAUR,10,2027,,,0,,294,,Yes
10,11/5/24,3,S1,SCI601 / 13,BIOLOGY A,GRANT MERRILL,10,2027,F,1.35 pts,1,,294,,Yes
10,11/5/24,6,S1,SCI601 / 36,BIOLOGY A,WILLIAM BAUR,10,2027,,,0,,294,,Yes
2,9/10/24,6,S1,ENG501 / 16,FR ENGLISH/A,DAVID HOLLINGSWORTH,9,2028,A,4.00 pts,0,,295,,Yes
3,9/17/24,6,S1,ENG501 / 16,FR ENGLISH/A,DAVID HOLLINGSWORTH,9,2028,A,4.00 pts,0,,295,,Yes
4,9/24/24,6,S1,ENG501 / 16,FR ENGLISH/A,DAVID HOLLINGSWORTH,9,2028,A,3.97 pts,0.43,,295,,Yes
5,10/1/24,6,S1,ENG501 / 16,FR ENGLISH/A,DAVID HOLLINGSWORTH,9,2028,A,3.98 pts,0.43,,295,,Yes
6,10/8/24,6,S1,ENG501 / 16,FR ENGLISH/A,DAVID HOLLINGSWORTH,9,2028,A,3.98 pts,0.43,,295,,Yes
7,10/16/24,6,S1,ENG501 / 16,FR ENGLISH/A,DAVID HOLLINGSWORTH,9,2028,A,3.98 pts,0.43,,295,,Yes
8,10/22/24,6,S1,ENG501 / 16,FR ENGLISH/A,DAVID HOLLINGSWORTH,9,2028,A,3.99 pts,4.43,,295,,Yes
9,10/29/24,6,S1,ENG501 / 16,FR ENGLISH/A,DAVID HOLLINGSWORTH,9,2028,A,3.99 pts,4.43,,295,,Yes
10,11/5/24,6,S1,ENG501 / 16,FR ENGLISH/A,DAVID HOLLINGSWORTH,9,2028,A,3.99 pts,4.43,,295,,Yes
2,9/10/24,6,S1,MAT701 / 16,ALGEBRA II A,JASON BLAESING,11,2026,,,0,,296,,Yes
3,9/17/24,6,S1,MAT701 / 16,ALGEBRA II A,JASON BLAESING,11,2026,C-,2.00 pts,1.29,,296,,Yes
4,9/24/24,6,S1,MAT701 / 16,ALGEBRA II A,JASON BLAESING,11,2026,C-,2.10 pts,1.71,,296,,Yes
5,10/1/24,6,S1,MAT701 / 16,ALGEBRA II A,JASON BLAESING,11,2026,C-,2.00 pts,2.29,,296,,Yes
6,10/8/24,6,S1,MAT701 / 16,ALGEBRA II A,JASON BLAESING,11,2026,C-,2.02 pts,2.29,,296,,Yes
7,10/16/24,6,S1,MAT701 / 16,ALGEBRA II A,JASON BLAESING,11,2026,F,1.35 pts,4.71,,296,,Yes
8,10/22/24,6,S1,MAT701 / 16,ALGEBRA II A,JASON BLAESING,11,2026,F,1.34 pts,5.57,,296,,Yes
9,10/29/24,6,S1,MAT701 / 16,ALGEBRA II A,JASON BLAESING,11,2026,F,1.54 pts,5.71,,296,,Yes
10,11/5/24,6,S1,MAT701 / 16,ALGEBRA II A,JASON BLAESING,11,2026,F,1.52 pts,6.57,,296,,Yes
2,9/10/24,2,S1,SCI609 / 12,CHEMISTRY/A,GRANT MERRILL,11,2026,A,4.00 pts,0,,297,,Yes
3,9/17/24,2,S1,SCI609 / 12,CHEMISTRY/A,GRANT MERRILL,11,2026,B+,3.36 pts,0,,297,,Yes
4,9/24/24,2,S1,SCI609 / 12,CHEMISTRY/A,GRANT MERRILL,11,2026,A,3.95 pts,0,,297,,Yes
5,10/1/24,2,S1,SCI609 / 12,CHEMISTRY/A,GRANT MERRILL,11,2026,A,3.93 pts,0,,297,,Yes
6,10/8/24,2,S1,SCI609 / 12,CHEMISTRY/A,GRANT MERRILL,11,2026,C+,2.51 pts,0,,297,,Yes
7,10/16/24,2,S1,SCI609 / 12,CHEMISTRY/A,GRANT MERRILL,11,2026,C+,2.51 pts,0,,297,,Yes
8,10/22/24,2,S1,SCI609 / 12,CHEMISTRY/A,GRANT MERRILL,11,2026,C+,2.58 pts,0,,297,,Yes
9,10/29/24,2,S1,SCI609 / 12,CHEMISTRY/A,GRANT MERRILL,11,2026,D+,1.84 pts,0,,297,,Yes
10,11/5/24,2,S1,SCI609 / 12,CHEMISTRY/A,GRANT MERRILL,11,2026,D+,1.84 pts,0.43,,297,,Yes
2,9/10/24,5,S1,ENG701 / 15,JUNIOR ENG/A,JOHN CARVER,11,2026,,,0,,298,,Yes
3,9/17/24,4,S1,SOC701 / 14,US HISTORY/A,DAVE HAJEK,11,2026,C-,2.17 pts,0,,298,,Yes
3,9/17/24,5,S1,ENG701 / 15,JUNIOR ENG/A,JOHN CARVER,11,2026,A,3.90 pts,0,,298,,Yes
4,9/24/24,4,S1,SOC701 / 14,US HISTORY/A,DAVE HAJEK,11,2026,B,2.96 pts,0,,298,,Yes
4,9/24/24,5,S1,ENG701 / 15,JUNIOR ENG/A,JOHN CARVER,11,2026,B+,3.32 pts,0,,298,,Yes
5,10/1/24,4,S1,SOC701 / 14,US HISTORY/A,DAVE HAJEK,11,2026,B,2.95 pts,2,,298,,Yes
5,10/1/24,5,S1,ENG701 / 15,JUNIOR ENG/A,JOHN CARVER,11,2026,B+,3.33 pts,2,,298,,Yes
6,10/8/24,4,S1,SOC701 / 14,US HISTORY/A,DAVE HAJEK,11,2026,B,2.99 pts,2,,298,,Yes
6,10/8/24,5,S1,ENG701 / 15,JUNIOR ENG/A,JOHN CARVER,11,2026,A-,3.50 pts,2,,298,,Yes
7,10/16/24,4,S1,SOC701 / 14,US HISTORY/A,DAVE HAJEK,11,2026,B,2.90 pts,2,,298,,Yes
7,10/16/24,5,S1,ENG701 / 15,JUNIOR ENG/A,JOHN CARVER,11,2026,A-,3.58 pts,2,,298,,Yes
8,10/22/24,4,S1,SOC701 / 14,US HISTORY/A,DAVE HAJEK,11,2026,B,2.98 pts,2,,298,,Yes
8,10/22/24,5,S1,ENG701 / 15,JUNIOR ENG/A,JOHN CARVER,11,2026,A-,3.55 pts,2.14,,298,,Yes
9,10/29/24,4,S1,SOC701 / 14,US HISTORY/A,DAVE HAJEK,11,2026,C,2.42 pts,2,,298,,Yes
9,10/29/24,5,S1,ENG701 / 15,JUNIOR ENG/A,JOHN CARVER,11,2026,A,3.66 pts,2.14,,298,,Yes
10,11/5/24,4,S1,SOC701 / 14,US HISTORY/A,DAVE HAJEK,11,2026,B-,2.83 pts,2,,298,,Yes
10,11/5/24,5,S1,ENG701 / 15,JUNIOR ENG/A,JOHN CARVER,11,2026,A,3.70 pts,2.14,,298,,Yes
2,9/10/24,2,S1,BUS301 / 12,PERSONAL FINANCE A,NICOLE SIMEK,12,2025,,,0.57,,299,,Yes
3,9/17/24,2,S1,BUS301 / 12,PERSONAL FINANCE A,NICOLE SIMEK,12,2025,A,4.00 pts,0.57,,299,,Yes
4,9/24/24,2,S1,BUS301 / 12,PERSONAL FINANCE A,NICOLE SIMEK,12,2025,C-,2.10 pts,1.57,,299,,Yes
5,10/1/24,2,S1,BUS301 / 12,PERSONAL FINANCE A,NICOLE SIMEK,12,2025,F,1.47 pts,4.57,,299,,Yes
6,10/8/24,2,S1,BUS301 / 12,PERSONAL FINANCE A,NICOLE SIMEK,12,2025,C-,2.04 pts,4.86,,299,,Yes
7,10/16/24,2,S1,BUS301 / 12,PERSONAL FINANCE A,NICOLE SIMEK,12,2025,C,2.20 pts,4.86,,299,,Yes
8,10/22/24,2,S1,BUS301 / 12,PERSONAL FINANCE A,NICOLE SIMEK,12,2025,F,1.13 pts,4.86,,299,,Yes
9,10/29/24,2,S1,BUS301 / 12,PERSONAL FINANCE A,NICOLE SIMEK,12,2025,F,1.17 pts,5.29,,299,,Yes
10,11/5/24,2,S1,BUS301 / 12,PERSONAL FINANCE A,NICOLE SIMEK,12,2025,C+,2.60 pts,5.29,,299,,Yes
2,9/10/24,3,S1,BUS301 / 13,PERSONAL FINANCE A,NICOLE SIMEK,11,2026,,,1.14,,300,,Yes
2,9/10/24,5,S1,ENG701 / 15,JUNIOR ENG/A,JOHN CARVER,11,2026,,,1,,300,,Yes
3,9/17/24,3,S1,BUS301 / 13,PERSONAL FINANCE A,NICOLE SIMEK,11,2026,F,1.10 pts,2.14,,300,,Yes
3,9/17/24,5,S1,ENG701 / 15,JUNIOR ENG/A,JOHN CARVER,11,2026,B,3.00 pts,1,,300,,Yes
4,9/24/24,3,S1,BUS301 / 13,PERSONAL FINANCE A,NICOLE SIMEK,11,2026,D+,1.98 pts,2.86,,300,,Yes
4,9/24/24,5,S1,ENG701 / 15,JUNIOR ENG/A,JOHN CARVER,11,2026,C-,2.03 pts,1,,300,,Yes
5,10/1/24,3,S1,BUS301 / 13,PERSONAL FINANCE A,NICOLE SIMEK,11,2026,D+,1.95 pts,4.71,,300,,Yes
5,10/1/24,5,S1,ENG701 / 15,JUNIOR ENG/A,JOHN CARVER,11,2026,C,2.37 pts,3,,300,,Yes
6,10/8/24,3,S1,BUS301 / 13,PERSONAL FINANCE A,NICOLE SIMEK,11,2026,F,1.46 pts,7.14,,300,,Yes
6,10/8/24,5,S1,ENG701 / 15,JUNIOR ENG/A,JOHN CARVER,11,2026,C-,2.04 pts,4.14,,300,,Yes
7,10/16/24,3,S1,BUS301 / 13,PERSONAL FINANCE A,NICOLE SIMEK,11,2026,F,1.17 pts,9.71,,300,,Yes
7,10/16/24,5,S1,ENG701 / 15,JUNIOR ENG/A,JOHN CARVER,11,2026,C-,2.04 pts,4.14,,300,,Yes
8,10/22/24,3,S1,BUS301 / 13,PERSONAL FINANCE A,NICOLE SIMEK,11,2026,F,0.60 pts,12.29,,300,,Yes
8,10/22/24,5,S1,ENG701 / 15,JUNIOR ENG/A,JOHN CARVER,11,2026,C-,2.02 pts,7,,300,,Yes
9,10/29/24,3,S1,BUS301 / 13,PERSONAL FINANCE A,NICOLE SIMEK,11,2026,F,0.58 pts,15.71,,300,,Yes
9,10/29/24,5,S1,ENG701 / 15,JUNIOR ENG/A,JOHN CARVER,11,2026,D+,1.90 pts,9.57,,300,,Yes
10,11/5/24,3,S1,BUS301 / 13,PERSONAL FINANCE A,NICOLE SIMEK,11,2026,F,0.58 pts,17.29,,300,,Yes
10,11/5/24,5,S1,ENG701 / 15,JUNIOR ENG/A,JOHN CARVER,11,2026,D,1.72 pts,11.14,,300,,Yes
2,9/10/24,1,S1,MAT522 / 11,GEOMETRY A,ROCHELLE AITON,10,2027,,,0,,301,,Yes
3,9/17/24,1,S1,MAT522 / 11,GEOMETRY A,ROCHELLE AITON,10,2027,F,1.10 pts,0,,301,,Yes
4,9/24/24,1,S1,MAT522 / 11,GEOMETRY A,ROCHELLE AITON,10,2027,B,3.00 pts,0,,301,,Yes
5,10/1/24,1,S1,MAT522 / 11,GEOMETRY A,ROCHELLE AITON,10,2027,B,3.00 pts,0,,301,,Yes
6,10/8/24,1,S1,MAT522 / 11,GEOMETRY A,ROCHELLE AITON,10,2027,B,3.00 pts,0,,301,,Yes
7,10/16/24,1,S1,MAT522 / 11,GEOMETRY A,ROCHELLE AITON,10,2027,B,3.00 pts,0,,301,,Yes
8,10/22/24,1,S1,MAT522 / 11,GEOMETRY A,ROCHELLE AITON,10,2027,B,3.00 pts,0,,301,,Yes
8,10/22/24,1,S1,MAT522 / 11,GEOMETRY A,NINETTE LILIENTHAL,10,2027,B,3.00 pts,0,,301,,Yes
9,10/29/24,1,S1,MAT522 / 11,GEOMETRY A,ROCHELLE AITON,10,2027,B+,3.32 pts,1,,301,,Yes
9,10/29/24,1,S1,MAT522 / 11,GEOMETRY A,NINETTE LILIENTHAL,10,2027,B+,3.32 pts,1,,301,,Yes
10,11/5/24,1,S1,MAT522 / 11,GEOMETRY A,ROCHELLE AITON,10,2027,B+,3.32 pts,1,,301,,Yes
10,11/5/24,1,S1,MAT522 / 11,GEOMETRY A,NINETTE LILIENTHAL,10,2027,B+,3.32 pts,1,,301,,Yes
2,9/10/24,6,S1,ENG501 / 16,FR ENGLISH/A,DAVID HOLLINGSWORTH,9,2028,A,4.00 pts,0,,302,,Yes
2,9/10/24,3,S1,MAT522 / 13,GEOMETRY A,ROCHELLE AITON,9,2028,,,0,,302,,Yes
3,9/17/24,3,S1,MAT522 / 13,GEOMETRY A,ROCHELLE AITON,9,2028,F,0.95 pts,0,,302,,Yes
3,9/17/24,6,S1,ENG501 / 16,FR ENGLISH/A,DAVID HOLLINGSWORTH,9,2028,A,4.00 pts,0,,302,,Yes
4,9/24/24,3,S1,MAT522 / 13,GEOMETRY A,ROCHELLE AITON,9,2028,B,3.00 pts,1.86,,302,,Yes
4,9/24/24,6,S1,ENG501 / 16,FR ENGLISH/A,DAVID HOLLINGSWORTH,9,2028,A,4.00 pts,1.86,,302,,Yes
5,10/1/24,3,S1,MAT522 / 13,GEOMETRY A,ROCHELLE AITON,9,2028,B,3.00 pts,1.86,,302,,Yes
5,10/1/24,6,S1,ENG501 / 16,FR ENGLISH/A,DAVID HOLLINGSWORTH,9,2028,A,3.95 pts,2.29,,302,,Yes
6,10/8/24,3,S1,MAT522 / 13,GEOMETRY A,ROCHELLE AITON,9,2028,A-,3.48 pts,1.86,,302,,Yes
6,10/8/24,6,S1,ENG501 / 16,FR ENGLISH/A,DAVID HOLLINGSWORTH,9,2028,A,3.92 pts,2.29,,302,,Yes
7,10/16/24,3,S1,MAT522 / 13,GEOMETRY A,ROCHELLE AITON,9,2028,A-,3.48 pts,1.86,,302,,Yes
7,10/16/24,6,S1,ENG501 / 16,FR ENGLISH/A,DAVID HOLLINGSWORTH,9,2028,A,3.94 pts,2.29,,302,,Yes
8,10/22/24,3,S1,MAT522 / 13,GEOMETRY A,ROCHELLE AITON,9,2028,A-,3.40 pts,2.86,,302,,Yes
8,10/22/24,3,S1,MAT522 / 13,GEOMETRY A,NINETTE LILIENTHAL,9,2028,A-,3.40 pts,2.86,,302,,Yes
8,10/22/24,6,S1,ENG501 / 16,FR ENGLISH/A,DAVID HOLLINGSWORTH,9,2028,A-,3.48 pts,3.29,,302,,Yes
9,10/29/24,3,S1,MAT522 / 13,GEOMETRY A,ROCHELLE AITON,9,2028,A,3.62 pts,3.86,,302,,Yes
9,10/29/24,3,S1,MAT522 / 13,GEOMETRY A,NINETTE LILIENTHAL,9,2028,A,3.62 pts,3.86,,302,,Yes
9,10/29/24,6,S1,ENG501 / 16,FR ENGLISH/A,DAVID HOLLINGSWORTH,9,2028,B,3.19 pts,4.71,,302,,Yes
10,11/5/24,3,S1,MAT522 / 13,GEOMETRY A,ROCHELLE AITON,9,2028,A,3.62 pts,5.29,,302,,Yes
10,11/5/24,3,S1,MAT522 / 13,GEOMETRY A,NINETTE LILIENTHAL,9,2028,A,3.62 pts,5.29,,302,,Yes
10,11/5/24,6,S1,ENG501 / 16,FR ENGLISH/A,DAVID HOLLINGSWORTH,9,2028,B+,3.29 pts,5.71,,302,,Yes
2,9/10/24,5,S1,MAT522 / 15,GEOMETRY A,BRIAN ANDERSON,10,2027,,,0,,303,,Yes
3,9/17/24,5,S1,MAT522 / 15,GEOMETRY A,BRIAN ANDERSON,10,2027,A,4.00 pts,0,,303,,Yes
4,9/24/24,5,S1,MAT522 / 15,GEOMETRY A,BRIAN ANDERSON,10,2027,A,4.00 pts,0,,303,,Yes
5,10/1/24,5,S1,MAT522 / 15,GEOMETRY A,BRIAN ANDERSON,10,2027,A,4.00 pts,0,,303,,Yes
6,10/8/24,5,S1,MAT522 / 15,GEOMETRY A,BRIAN ANDERSON,10,2027,A,4.00 pts,0,,303,,Yes
7,10/16/24,5,S1,MAT522 / 15,GEOMETRY A,BRIAN ANDERSON,10,2027,A,3.97 pts,0,,303,,Yes
8,10/22/24,5,S1,MAT522 / 15,GEOMETRY A,BRIAN ANDERSON,10,2027,A,3.76 pts,0,,303,,Yes
9,10/29/24,5,S1,MAT522 / 15,GEOMETRY A,BRIAN ANDERSON,10,2027,A,4.00 pts,0.57,,303,,Yes
10,11/5/24,5,S1,MAT522 / 15,GEOMETRY A,BRIAN ANDERSON,10,2027,B+,3.35 pts,0.57,,303,,Yes
2,9/10/24,1,S1,MAT704 / 11,PRE-CALC A MAT 153,BRIAN ANDERSON,10,2027,,,0,,304,,Yes
3,9/17/24,1,S1,MAT704 / 11,PRE-CALC A MAT 153,BRIAN ANDERSON,10,2027,A,4.00 pts,0.71,,304,,Yes
4,9/24/24,1,S1,MAT704 / 11,PRE-CALC A MAT 153,BRIAN ANDERSON,10,2027,B,3.00 pts,1,,304,,Yes
5,10/1/24,1,S1,MAT704 / 11,PRE-CALC A MAT 153,BRIAN ANDERSON,10,2027,B,3.00 pts,1,,304,,Yes
6,10/8/24,1,S1,MAT704 / 11,PRE-CALC A MAT 153,BRIAN ANDERSON,10,2027,B,3.05 pts,1,,304,,Yes
7,10/16/24,1,S1,MAT704 / 11,PRE-CALC A MAT 153,BRIAN ANDERSON,10,2027,A-,3.51 pts,1,,304,,Yes
8,10/22/24,1,S1,MAT704 / 11,PRE-CALC A MAT 153,BRIAN ANDERSON,10,2027,A-,3.53 pts,1.71,,304,,Yes
9,10/29/24,1,S1,MAT704 / 11,PRE-CALC A MAT 153,BRIAN ANDERSON,10,2027,B+,3.33 pts,2.14,,304,,Yes
10,11/5/24,1,S1,MAT704 / 11,PRE-CALC A MAT 153,BRIAN ANDERSON,10,2027,B,3.17 pts,2.14,,304,,Yes
2,9/10/24,3,S1,BUS301 / 13,PERSONAL FINANCE A,NICOLE SIMEK,12,2025,,,0,,305,,Yes
3,9/17/24,3,S1,BUS301 / 13,PERSONAL FINANCE A,NICOLE SIMEK,12,2025,D+,1.90 pts,0,,305,,Yes
4,9/24/24,3,S1,BUS301 / 13,PERSONAL FINANCE A,NICOLE SIMEK,12,2025,F,0.95 pts,0,,305,,Yes
5,10/1/24,3,S1,BUS301 / 13,PERSONAL FINANCE A,NICOLE SIMEK,12,2025,F,0.95 pts,0,,305,,Yes
6,10/8/24,3,S1,BUS301 / 13,PERSONAL FINANCE A,NICOLE SIMEK,12,2025,F,1.19 pts,0,,305,,Yes
7,10/16/24,3,S1,BUS301 / 13,PERSONAL FINANCE A,NICOLE SIMEK,12,2025,F,1.54 pts,0,,305,,Yes
8,10/22/24,3,S1,BUS301 / 13,PERSONAL FINANCE A,NICOLE SIMEK,12,2025,D,1.76 pts,0,,305,,Yes
9,10/29/24,3,S1,BUS301 / 13,PERSONAL FINANCE A,NICOLE SIMEK,12,2025,C,2.45 pts,0,,305,,Yes
10,11/5/24,3,S1,BUS301 / 13,PERSONAL FINANCE A,NICOLE SIMEK,12,2025,C,2.45 pts,0,,305,,Yes
2,9/10/24,6,S1,ENG501 / 16,FR ENGLISH/A,DAVID HOLLINGSWORTH,9,2028,A,4.00 pts,0,,306,,Yes
2,9/10/24,3,S1,MAT522 / 13,GEOMETRY A,ROCHELLE AITON,9,2028,,,0,,306,,Yes
3,9/17/24,3,S1,MAT522 / 13,GEOMETRY A,ROCHELLE AITON,9,2028,F,1.15 pts,0,,306,,Yes
3,9/17/24,6,S1,ENG501 / 16,FR ENGLISH/A,DAVID HOLLINGSWORTH,9,2028,A,4.00 pts,0,,306,,Yes
4,9/24/24,3,S1,MAT522 / 13,GEOMETRY A,ROCHELLE AITON,9,2028,A,4.00 pts,0,,306,,Yes
4,9/24/24,6,S1,ENG501 / 16,FR ENGLISH/A,DAVID HOLLINGSWORTH,9,2028,A,4.00 pts,0,,306,,Yes
5,10/1/24,3,S1,MAT522 / 13,GEOMETRY A,ROCHELLE AITON,9,2028,A,4.00 pts,0,,306,,Yes
5,10/1/24,6,S1,ENG501 / 16,FR ENGLISH/A,DAVID HOLLINGSWORTH,9,2028,A,4.00 pts,0.43,,306,,Yes
6,10/8/24,3,S1,MAT522 / 13,GEOMETRY A,ROCHELLE AITON,9,2028,C+,2.60 pts,0.71,,306,,Yes
6,10/8/24,6,S1,ENG501 / 16,FR ENGLISH/A,DAVID HOLLINGSWORTH,9,2028,A,3.96 pts,1.14,,306,,Yes
7,10/16/24,3,S1,MAT522 / 13,GEOMETRY A,ROCHELLE AITON,9,2028,A,3.95 pts,3.71,,306,,Yes
7,10/16/24,6,S1,ENG501 / 16,FR ENGLISH/A,DAVID HOLLINGSWORTH,9,2028,B-,2.76 pts,4.14,,306,,Yes
8,10/22/24,3,S1,MAT522 / 13,GEOMETRY A,ROCHELLE AITON,9,2028,A,3.95 pts,3.71,,306,,Yes
8,10/22/24,3,S1,MAT522 / 13,GEOMETRY A,NINETTE LILIENTHAL,9,2028,A,3.95 pts,3.71,,306,,Yes
8,10/22/24,6,S1,ENG501 / 16,FR ENGLISH/A,DAVID HOLLINGSWORTH,9,2028,B+,3.34 pts,4.14,,306,,Yes
9,10/29/24,3,S1,MAT522 / 13,GEOMETRY A,ROCHELLE AITON,9,2028,A,3.92 pts,4.71,,306,,Yes
9,10/29/24,3,S1,MAT522 / 13,GEOMETRY A,NINETTE LILIENTHAL,9,2028,A,3.92 pts,4.71,,306,,Yes
9,10/29/24,6,S1,ENG501 / 16,FR ENGLISH/A,DAVID HOLLINGSWORTH,9,2028,B+,3.34 pts,5.14,,306,,Yes
10,11/5/24,3,S1,MAT522 / 13,GEOMETRY A,ROCHELLE AITON,9,2028,A,3.97 pts,4.71,,306,,Yes
10,11/5/24,3,S1,MAT522 / 13,GEOMETRY A,NINETTE LILIENTHAL,9,2028,A,3.97 pts,4.71,,306,,Yes
10,11/5/24,6,S1,ENG501 / 16,FR ENGLISH/A,DAVID HOLLINGSWORTH,9,2028,B+,3.34 pts,5.14,,306,,Yes
2,9/10/24,6,S1,MAT701 / 16,ALGEBRA II A,JASON BLAESING,11,2026,,,0,,307,,Yes
3,9/17/24,6,S1,MAT701 / 16,ALGEBRA II A,JASON BLAESING,11,2026,A,4.00 pts,0,,307,,Yes
4,9/24/24,6,S1,MAT701 / 16,ALGEBRA II A,JASON BLAESING,11,2026,B,3.10 pts,0,,307,,Yes
5,10/1/24,6,S1,MAT701 / 16,ALGEBRA II A,JASON BLAESING,11,2026,A,4.00 pts,1,,307,,Yes
6,10/8/24,6,S1,MAT701 / 16,ALGEBRA II A,JASON BLAESING,11,2026,A,4.00 pts,2,,307,,Yes
7,10/16/24,6,S1,MAT701 / 16,ALGEBRA II A,JASON BLAESING,11,2026,A,3.68 pts,2,,307,,Yes
8,10/22/24,6,S1,MAT701 / 16,ALGEBRA II A,JASON BLAESING,11,2026,A,3.69 pts,2,,307,,Yes
9,10/29/24,6,S1,MAT701 / 16,ALGEBRA II A,JASON BLAESING,11,2026,A-,3.53 pts,2,,307,,Yes
10,11/5/24,6,S1,MAT701 / 16,ALGEBRA II A,JASON BLAESING,11,2026,A,3.77 pts,2,,307,,Yes
2,9/10/24,6,S1,ENG501 / 16,FR ENGLISH/A,DAVID HOLLINGSWORTH,9,2028,A,4.00 pts,0,,308,,Yes
3,9/17/24,6,S1,ENG501 / 16,FR ENGLISH/A,DAVID HOLLINGSWORTH,9,2028,A,4.00 pts,0,,308,,Yes
4,9/24/24,6,S1,ENG501 / 16,FR ENGLISH/A,DAVID HOLLINGSWORTH,9,2028,A,4.00 pts,1,,308,,Yes
5,10/1/24,6,S1,ENG501 / 16,FR ENGLISH/A,DAVID HOLLINGSWORTH,9,2028,A-,3.48 pts,1,,308,,Yes
6,10/8/24,6,S1,ENG501 / 16,FR ENGLISH/A,DAVID HOLLINGSWORTH,9,2028,A-,3.45 pts,1,,308,,Yes
7,10/16/24,6,S1,ENG501 / 16,FR ENGLISH/A,DAVID HOLLINGSWORTH,9,2028,B,3.14 pts,1,,308,,Yes
8,10/22/24,6,S1,ENG501 / 16,FR ENGLISH/A,DAVID HOLLINGSWORTH,9,2028,B,3.14 pts,1,,308,,Yes
9,10/29/24,6,S1,ENG501 / 16,FR ENGLISH/A,DAVID HOLLINGSWORTH,9,2028,C+,2.65 pts,1,,308,,Yes
10,11/5/24,6,S1,ENG501 / 16,FR ENGLISH/A,DAVID HOLLINGSWORTH,9,2028,B,2.98 pts,1,,308,,Yes
2,9/10/24,2,S1,ENG601 / 12,SOPH ENG/A,KELLY GREGERSEN,10,2027,,,0.71,,309,,Yes
2,9/10/24,5,S1,MAT522 / 15,GEOMETRY A,BRIAN ANDERSON,10,2027,,,0.71,,309,,Yes
3,9/17/24,2,S1,ENG601 / 12,SOPH ENG/A,KELLY GREGERSEN,10,2027,C+,2.59 pts,1.43,,309,,Yes
3,9/17/24,4,S1,SCI601 / 14,BIOLOGY A,GRANT MERRILL,10,2027,F,0.97 pts,1.14,,309,,Yes
3,9/17/24,5,S1,MAT522 / 15,GEOMETRY A,BRIAN ANDERSON,10,2027,F,1.33 pts,1,,309,,Yes
4,9/24/24,2,S1,ENG601 / 12,SOPH ENG/A,KELLY GREGERSEN,10,2027,F,1.38 pts,1.57,,309,,Yes
4,9/24/24,4,S1,SCI601 / 14,BIOLOGY A,GRANT MERRILL,10,2027,F,0.97 pts,1.43,,309,,Yes
4,9/24/24,5,S1,MAT522 / 15,GEOMETRY A,BRIAN ANDERSON,10,2027,F,0.03 pts,1.43,,309,,Yes
5,10/1/24,2,S1,ENG601 / 12,SOPH ENG/A,KELLY GREGERSEN,10,2027,F,1.38 pts,3.71,,309,,Yes
5,10/1/24,4,S1,SCI601 / 14,BIOLOGY A,GRANT MERRILL,10,2027,F,0.96 pts,3.57,,309,,Yes
5,10/1/24,5,S1,MAT522 / 15,GEOMETRY A,BRIAN ANDERSON,10,2027,F,0.03 pts,2.29,,309,,Yes
6,10/8/24,2,S1,ENG601 / 12,SOPH ENG/A,KELLY GREGERSEN,10,2027,F,0.69 pts,4.71,,309,,Yes
6,10/8/24,4,S1,SCI601 / 14,BIOLOGY A,GRANT MERRILL,10,2027,F,0.97 pts,4.29,,309,,Yes
6,10/8/24,5,S1,MAT522 / 15,GEOMETRY A,BRIAN ANDERSON,10,2027,F,0.03 pts,2.86,,309,,Yes
7,10/16/24,2,S1,ENG601 / 12,SOPH ENG/A,KELLY GREGERSEN,10,2027,F,0.69 pts,6,,309,,Yes
7,10/16/24,4,S1,SCI601 / 14,BIOLOGY A,GRANT MERRILL,10,2027,F,0.96 pts,5.29,,309,,Yes
7,10/16/24,5,S1,MAT522 / 15,GEOMETRY A,BRIAN ANDERSON,10,2027,F,0.02 pts,3.57,,309,,Yes
8,10/22/24,2,S1,ENG601 / 12,SOPH ENG/A,KELLY GREGERSEN,10,2027,F,0.49 pts,6.43,,309,,Yes
8,10/22/24,4,S1,SCI601 / 14,BIOLOGY A,GRANT MERRILL,10,2027,F,0.47 pts,5.86,,309,,Yes
8,10/22/24,5,S1,MAT522 / 15,GEOMETRY A,BRIAN ANDERSON,10,2027,F,0.02 pts,3.57,,309,,Yes
9,10/29/24,2,S1,ENG601 / 12,SOPH ENG/A,KELLY GREGERSEN,10,2027,F,0.49 pts,6.86,,309,,Yes
9,10/29/24,4,S1,SCI601 / 14,BIOLOGY A,GRANT MERRILL,10,2027,F,1.58 pts,6.14,,309,,Yes
9,10/29/24,5,S1,MAT522 / 15,GEOMETRY A,BRIAN ANDERSON,10,2027,F,0.02 pts,3.71,,309,,Yes
10,11/5/24,2,S1,ENG601 / 12,SOPH ENG/A,KELLY GREGERSEN,10,2027,F,0.49 pts,8.57,,309,,Yes
10,11/5/24,4,S1,SCI601 / 14,BIOLOGY A,GRANT MERRILL,10,2027,F,1.58 pts,7.57,,309,,Yes
10,11/5/24,5,S1,MAT522 / 15,GEOMETRY A,BRIAN ANDERSON,10,2027,F,0.01 pts,5.86,,309,,Yes
2,9/10/24,6,S1,SCI601 / 16,BIOLOGY A,GRANT MERRILL,10,2027,,,0,,310,,Yes
3,9/17/24,4,S1,MAT522 / 14,GEOMETRY A,ROCHELLE AITON,10,2027,,,0,,310,,Yes
3,9/17/24,6,S1,SCI601 / 16,BIOLOGY A,GRANT MERRILL,10,2027,F,1.08 pts,0,,310,,Yes
4,9/24/24,4,S1,MAT522 / 14,GEOMETRY A,ROCHELLE AITON,10,2027,A,4.00 pts,0,,310,,Yes
4,9/24/24,6,S1,SCI601 / 16,BIOLOGY A,GRANT MERRILL,10,2027,F,1.13 pts,0,,310,,Yes
5,10/1/24,4,S1,MAT522 / 14,GEOMETRY A,ROCHELLE AITON,10,2027,A,4.00 pts,0,,310,,Yes
5,10/1/24,6,S1,SCI601 / 16,BIOLOGY A,GRANT MERRILL,10,2027,C-,2.01 pts,0,,310,,Yes
6,10/8/24,4,S1,MAT522 / 14,GEOMETRY A,ROCHELLE AITON,10,2027,B,3.05 pts,0,,310,,Yes
6,10/8/24,6,S1,SCI601 / 16,BIOLOGY A,GRANT MERRILL,10,2027,C-,2.00 pts,0,,310,,Yes
7,10/16/24,4,S1,MAT522 / 14,GEOMETRY A,ROCHELLE AITON,10,2027,B,3.05 pts,0,,310,,Yes
7,10/16/24,6,S1,SCI601 / 16,BIOLOGY A,GRANT MERRILL,10,2027,C-,2.03 pts,0,,310,,Yes
8,10/22/24,4,S1,MAT522 / 14,GEOMETRY A,ROCHELLE AITON,10,2027,B,3.05 pts,0.14,,310,,Yes
8,10/22/24,4,S1,MAT522 / 14,GEOMETRY A,NINETTE LILIENTHAL,10,2027,B,3.05 pts,0.14,,310,,Yes
8,10/22/24,6,S1,SCI601 / 16,BIOLOGY A,GRANT MERRILL,10,2027,D,1.66 pts,0.14,,310,,Yes
9,10/29/24,4,S1,MAT522 / 14,GEOMETRY A,ROCHELLE AITON,10,2027,B,2.97 pts,0.14,,310,,Yes
9,10/29/24,4,S1,MAT522 / 14,GEOMETRY A,NINETTE LILIENTHAL,10,2027,B,2.97 pts,0.14,,310,,Yes
9,10/29/24,6,S1,SCI601 / 16,BIOLOGY A,GRANT MERRILL,10,2027,C-,2.04 pts,0.14,,310,,Yes
10,11/5/24,4,S1,MAT522 / 14,GEOMETRY A,ROCHELLE AITON,10,2027,B,3.00 pts,0.14,,310,,Yes
10,11/5/24,4,S1,MAT522 / 14,GEOMETRY A,NINETTE LILIENTHAL,10,2027,B,3.00 pts,0.14,,310,,Yes
10,11/5/24,6,S1,SCI601 / 16,BIOLOGY A,GRANT MERRILL,10,2027,C-,2.05 pts,0.14,,310,,Yes
2,9/10/24,2,S1,MAT522 / 12,GEOMETRY A,ROCHELLE AITON,9,2028,,,0,,311,,Yes
3,9/17/24,2,S1,MAT522 / 12,GEOMETRY A,ROCHELLE AITON,9,2028,F,0.15 pts,0,,311,,Yes
4,9/24/24,2,S1,MAT522 / 12,GEOMETRY A,ROCHELLE AITON,9,2028,B,3.00 pts,0,,311,,Yes
5,10/1/24,2,S1,MAT522 / 12,GEOMETRY A,ROCHELLE AITON,9,2028,B,3.00 pts,0.29,,311,,Yes
6,10/8/24,2,S1,MAT522 / 12,GEOMETRY A,ROCHELLE AITON,9,2028,B,3.00 pts,0.29,,311,,Yes
7,10/16/24,2,S1,MAT522 / 12,GEOMETRY A,ROCHELLE AITON,9,2028,A-,3.45 pts,0.29,,311,,Yes
8,10/22/24,2,S1,MAT522 / 12,GEOMETRY A,ROCHELLE AITON,9,2028,A-,3.45 pts,1.29,,311,,Yes
8,10/22/24,2,S1,MAT522 / 12,GEOMETRY A,NINETTE LILIENTHAL,9,2028,A-,3.45 pts,1.29,,311,,Yes
9,10/29/24,2,S1,MAT522 / 12,GEOMETRY A,ROCHELLE AITON,9,2028,B+,3.32 pts,1.29,,311,,Yes
9,10/29/24,2,S1,MAT522 / 12,GEOMETRY A,NINETTE LILIENTHAL,9,2028,B+,3.32 pts,1.29,,311,,Yes
10,11/5/24,2,S1,MAT522 / 12,GEOMETRY A,ROCHELLE AITON,9,2028,B+,3.32 pts,1.29,,311,,Yes
10,11/5/24,2,S1,MAT522 / 12,GEOMETRY A,NINETTE LILIENTHAL,9,2028,B+,3.32 pts,1.29,,311,,Yes
2,9/10/24,2,S1,MAT701 / 12,ALGEBRA II A,JASON BLAESING,11,2026,,,0,,312,,Yes
2,9/10/24,6,S1,SOC701 / 16,US HISTORY/A,SCOTT BOOTHBY,11,2026,F,0.00 pts,0,,312,,Yes
3,9/17/24,2,S1,MAT701 / 12,ALGEBRA II A,JASON BLAESING,11,2026,A,4.00 pts,0,,312,,Yes
3,9/17/24,6,S1,SOC701 / 16,US HISTORY/A,SCOTT BOOTHBY,11,2026,C+,2.51 pts,0,,312,,Yes
4,9/24/24,2,S1,MAT701 / 12,ALGEBRA II A,JASON BLAESING,11,2026,C-,2.10 pts,0,,312,,Yes
4,9/24/24,6,S1,SOC701 / 16,US HISTORY/A,SCOTT BOOTHBY,11,2026,C+,2.52 pts,0,,312,,Yes
5,10/1/24,2,S1,MAT701 / 12,ALGEBRA II A,JASON BLAESING,11,2026,C-,2.05 pts,1.43,,312,,Yes
5,10/1/24,6,S1,SOC701 / 16,US HISTORY/A,SCOTT BOOTHBY,11,2026,C+,2.52 pts,1,,312,,Yes
6,10/8/24,2,S1,MAT701 / 12,ALGEBRA II A,JASON BLAESING,11,2026,B,2.92 pts,2.43,,312,,Yes
6,10/8/24,6,S1,SOC701 / 16,US HISTORY/A,SCOTT BOOTHBY,11,2026,C,2.48 pts,2,,312,,Yes
7,10/16/24,2,S1,MAT701 / 12,ALGEBRA II A,JASON BLAESING,11,2026,C-,2.04 pts,4.14,,312,,Yes
7,10/16/24,6,S1,SOC701 / 16,US HISTORY/A,SCOTT BOOTHBY,11,2026,B-,2.72 pts,4.43,,312,,Yes
8,10/22/24,1,S1,ENG701 / 11,JUNIOR ENG/A,JOHN CARVER,11,2026,D+,1.92 pts,10.93,,1,,#N/A
8,10/22/24,2,S1,PED500 / 12,WEIGHT TRAINING,SCOTT BOOTHBY,11,2026,D+,1.83 pts,11.07,,1,,#N/A
8,10/22/24,3,S1,MAT701 / 13,ALGEBRA II A,JENNIFER REILLY,11,2026,F,0.62 pts,10.36,Jonathan,1,Active,Yes
8,10/22/24,4,S1,CTE114 / 14,ENGINEERING A,JASON BLAESING,11,2026,C,2.25 pts,10.14,,1,,#N/A
8,10/22/24,5,S1,SOC701 / 15,US HISTORY/A,DAVE HAJEK,11,2026,F,0.06 pts,10.43,,1,,#N/A
8,10/22/24,6,S1,FAR604 / 16,SCENE DESIGN,KELLY GREGERSEN,11,2026,C+,2.54 pts,10,,1,,#N/A
8,10/22/24,7,S1,ELE507 / A61,ADVISORY 11/A,AARON LABREE,11,2026,,,6.14,,1,,#N/A
8,10/22/24,1,S1,CTA101 / 11,CTA S1,MARK CASTLE,11,2026,,,0,,3,,#N/A
8,10/22/24,2,S1,CTA101 / 11,CTA S1,MARK CASTLE,11,2026,,,0,,3,,#N/A
8,10/22/24,3,S1,CTA101 / 11,CTA S1,MARK CASTLE,11,2026,,,0,,3,,#N/A
8,10/22/24,4,S1,MAT701 / 14,ALGEBRA II A,JENNIFER REILLY,11,2026,C-,2.04 pts,0,,3,,#N/A
8,10/22/24,5,S1,ASL503 / 15,AMERICAN SIGN LANGUAGE II/A,TAMI GRANT,11,2026,A,3.88 pts,0,,3,,#N/A
8,10/22/24,6,S1,ENG701 / 16,JUNIOR ENG/A,JOHN CARVER,11,2026,A,3.90 pts,0.33,,3,,#N/A
8,10/22/24,1,S1,FAR505 / 11,CONCERT CHOIR/A,DAVID DUARTE,10,2027,A,4.00 pts,0.86,,4,,#N/A
8,10/22/24,2,S1,SPA501 / 12,SPANISH 1 A,ROCHELLE AITON,10,2027,A,3.80 pts,1.14,,4,,#N/A
8,10/22/24,3,S1,SOC108 / 13,WORLD HISTORY/A,RYAN ISAACSON,10,2027,C,2.36 pts,0.71,,4,,#N/A
8,10/22/24,4,S1,SCI601 / 14,BIOLOGY A,GRANT MERRILL,10,2027,F,1.06 pts,1.29,,4,,Yes
8,10/22/24,5,S1,ENG601 / 15,SOPH ENG/A,MARCEE SALAS,10,2027,C-,2.03 pts,1,,4,,Yes
8,10/22/24,6,S1,MAT522 / 36,GEOMETRY A,ROCHELLE AITON,10,2027,D+,1.90 pts,1.14,,4,,#N/A
8,10/22/24,6,S1,MAT522 / 36,GEOMETRY A,NINETTE LILIENTHAL,10,2027,D+,1.90 pts,1.14,,4,,#N/A
8,10/22/24,7,S1,ELE505 / A60,ADVISORY 10/A,GRANT MERRILL,10,2027,,,0.14,,4,,#N/A
8,10/22/24,1,S1,VOC705 / 11,DIGITAL PHOTOGRAPHY I,ROSANNA RUFF,11,2026,B,2.97 pts,7.14,,5,,#N/A
8,10/22/24,2,S1,BUS301 / 12,PERSONAL FINANCE A,NICOLE SIMEK,11,2026,C+,2.56 pts,7,,5,,Yes
8,10/22/24,3,S1,SCI503 / 33,PHYSICAL SCIENCE A,WILLIAM BAUR,11,2026,F,1.26 pts,8.14,,5,,#N/A
8,10/22/24,4,S1,SOC701 / 14,US HISTORY/A,DAVE HAJEK,11,2026,F,1.53 pts,7.71,,5,,Yes
8,10/22/24,5,S1,ENG701 / 15,JUNIOR ENG/A,JOHN CARVER,11,2026,C,2.32 pts,8,,5,,Yes
8,10/22/24,6,S1,PED500 / 16,WEIGHT TRAINING,SCOTT DIZMANG,11,2026,A,3.76 pts,8,,5,,#N/A
8,10/22/24,7,S1,ELE507 / A41,ADVISORY 11/A,BRENT MANSELL,11,2026,,,7.71,,5,,#N/A
8,10/22/24,1,S1,PED513 / 11,TEAM GAMES,SCOTT DIZMANG,10,2027,A,4.00 pts,0,,6,,#N/A
8,10/22/24,2,S1,MAT522 / 12,GEOMETRY A,ROCHELLE AITON,10,2027,B,3.17 pts,0,John L,6,Active,Yes
8,10/22/24,2,S1,MAT522 / 12,GEOMETRY A,NINETTE LILIENTHAL,10,2027,B,3.17 pts,0,John L,6,Active,Yes
8,10/22/24,3,S1,SOC108 / 13,WORLD HISTORY/A,RYAN ISAACSON,10,2027,C-,2.09 pts,0.14,,6,,#N/A
8,10/22/24,4,S1,FAR109 / 14,CERAMICS II,ROBERT YEE,10,2027,,,0.14,,6,,#N/A
8,10/22/24,5,S1,ENG601 / 15,SOPH ENG/A,MARCEE SALAS,10,2027,F,1.53 pts,0,,6,,#N/A
8,10/22/24,6,S1,SCI601 / 36,BIOLOGY A,WILLIAM BAUR,10,2027,F,0.51 pts,0.14,,6,,#N/A
8,10/22/24,7,S1,ELE505 / A60,ADVISORY 10/A,GRANT MERRILL,10,2027,,,0,,6,,#N/A
8,10/22/24,1,S1,ENG801 / 11,SENIOR ENG/A,HEATHER CARVER,12,2025,D,1.74 pts,4.86,,7,,#N/A
8,10/22/24,2,S1,BUS301 / 12,PERSONAL FINANCE A,NICOLE SIMEK,12,2025,F,0.86 pts,4.71,,7,,Yes
8,10/22/24,3,S1,ONT400 / 13,ON-TRACK/A,BRIAN ANDERSON,12,2025,A,4.00 pts,4.71,,7,,#N/A
8,10/22/24,4,S1,ENG715 / 14,FILM AS LITERATURE,KELLY GREGERSEN,12,2025,F,0.78 pts,4.71,,7,,#N/A
8,10/22/24,5,S1,CTE100 / 15,MEDICAL CAREERS & TERMINOLOG/A,DONNA SCHATZ,12,2025,F,1.53 pts,5,,7,,#N/A
8,10/22/24,6,S1,SOC802 / 16,CIVICS,JIM REED,12,2025,C-,2.01 pts,4.57,,7,,#N/A
8,10/22/24,7,S1,ELE509 / A32,ADVISORY 12/A,SCOTT DIZMANG,12,2025,,,4,,7,,#N/A
8,10/22/24,1,S1,FAR720 / 11,PANTHER PLAYERS/A,KELLY GREGERSEN,11,2026,A-,3.54 pts,3.14,,46,,#N/A
8,10/22/24,2,S1,SCI609 / 12,CHEMISTRY/A,GRANT MERRILL,11,2026,D,1.66 pts,3,,46,,Yes
8,10/22/24,3,S1,MAT701 / 13,ALGEBRA II A,JENNIFER REILLY,11,2026,C+,2.65 pts,3,,46,,Yes
8,10/22/24,4,S1,ENG715 / 14,FILM AS LITERATURE,KELLY GREGERSEN,11,2026,A,4.00 pts,3.43,,46,,#N/A
8,10/22/24,5,S1,SOC701 / 15,US HISTORY/A,DAVE HAJEK,11,2026,C+,2.51 pts,3.43,,46,,#N/A
8,10/22/24,6,S1,SPA501 / 16,SPANISH 1 A,ROCHELLE AITON,11,2026,B,3.17 pts,3.43,,46,,#N/A
8,10/22/24,7,S1,ELE507 / A51,ADVISORY 11/A,DONALD O'BRIEN,11,2026,,,3,,46,,#N/A
8,10/22/24,1,S1,FAR720 / 11,PANTHER PLAYERS/A,KELLY GREGERSEN,12,2025,A,3.99 pts,4.57,,8,,#N/A
8,10/22/24,2,S1,SPS103 / 12,OFFICE ASSISTANT,MARK CASTLE,12,2025,,,3.29,,8,,#N/A
8,10/22/24,3,S1,PED500 / 13,WEIGHT TRAINING,SCOTT BOOTHBY,12,2025,A,3.65 pts,2.43,,8,,#N/A
8,10/22/24,4,S1,ENG717 / 14,AP LITERATURE/ COMPOSITION A,HEATHER CARVER,12,2025,D+,1.92 pts,3.29,,8,,#N/A
8,10/22/24,5,S1,SOC802 / 15,CIVICS,SCOTT BOOTHBY,12,2025,B-,2.83 pts,3.29,,8,,#N/A
8,10/22/24,6,S1,SCI503 / 16,PHYSICAL SCIENCE A,JAMES BENNETT,12,2025,C,2.49 pts,3.57,,8,,#N/A
8,10/22/24,7,S1,ELE509 / A12,ADVISORY 12/A,JASON BLAESING,12,2025,,,2,,8,,#N/A
8,10/22/24,1,S1,PED500 / 11,WEIGHT TRAINING,SCOTT BOOTHBY,10,2027,A,4.00 pts,1.57,,9,,#N/A
8,10/22/24,2,S1,SOC108 / 12,WORLD HISTORY/A,DAVID HOLLINGSWORTH,10,2027,C,2.25 pts,1.57,,9,,#N/A
8,10/22/24,3,S1,SCI601 / 13,BIOLOGY A,GRANT MERRILL,10,2027,F,0.84 pts,1.43,,9,,Yes
8,10/22/24,4,S1,FAR109 / 14,CERAMICS II,ROBERT YEE,10,2027,,,0.86,,9,,#N/A
8,10/22/24,5,S1,MAT522 / 15,GEOMETRY A,BRIAN ANDERSON,10,2027,F,1.07 pts,0.86,,9,,Yes
8,10/22/24,6,S1,ENG601 / 16,SOPH ENG/A,MARCEE SALAS,10,2027,D,1.79 pts,0.86,,9,,#N/A
8,10/22/24,7,S1,ELE505 / A80,ADVISORY 10/A,MARCEE SALAS,10,2027,,,0.57,,9,,#N/A
8,10/22/24,1,S1,MAT522 / 11,GEOMETRY A,ROCHELLE AITON,10,2027,F,1.50 pts,0,,10,,Yes
8,10/22/24,1,S1,MAT522 / 11,GEOMETRY A,NINETTE LILIENTHAL,10,2027,F,1.50 pts,0,,10,,Yes
8,10/22/24,2,S1,ENG601 / 12,SOPH ENG/A,KELLY GREGERSEN,10,2027,A-,3.50 pts,0,,10,,Yes
8,10/22/24,3,S1,SOC108 / 13,WORLD HISTORY/A,RYAN ISAACSON,10,2027,C-,2.14 pts,0,,10,,#N/A
8,10/22/24,4,S1,HFL118 / 14,ADV CULINARY ARTS A,ALEXANDRA YOST,10,2027,C+,2.54 pts,0,,10,,#N/A
8,10/22/24,5,S1,VOC106 / 15,METAL MANUFACTURING & TECH I,DONALD O'BRIEN,10,2027,A,3.97 pts,0,,10,,#N/A
8,10/22/24,6,S1,SCI601 / 16,BIOLOGY A,GRANT MERRILL,10,2027,C-,2.10 pts,0.14,,10,,Yes
8,10/22/24,7,S1,ELE505 / A20,ADVISORY 10/A,ROCHELLE AITON,10,2027,,,0,,10,,#N/A
8,10/22/24,1,S1,SPA601 / 11,SPANISH II A,ROCHELLE AITON,11,2026,B,3.06 pts,1,,11,,#N/A
8,10/22/24,2,S1,HFL116 / 12,BAKING PASTRY ARTS I,KAYLA PAYNE,11,2026,A,3.94 pts,1,,11,,#N/A
8,10/22/24,3,S1,MAT701 / 13,ALGEBRA II A,JENNIFER REILLY,11,2026,C+,2.69 pts,1.14,,11,,Yes
8,10/22/24,4,S1,CTE114 / 14,ENGINEERING A,JASON BLAESING,11,2026,B-,2.89 pts,1.14,,11,,#N/A
8,10/22/24,5,S1,SOC703 / 15,AP US HISTORY A,RYAN ISAACSON,11,2026,A,4.00 pts,1,,11,,#N/A
8,10/22/24,6,S1,ENG701 / 16,JUNIOR ENG/A,JOHN CARVER,11,2026,A,4.00 pts,1,,11,,#N/A
8,10/22/24,7,S1,ELE507 / A31,ADVISORY 11/A,DAVID HOLLINGSWORTH,11,2026,,,1,,11,,#N/A
8,10/22/24,1,S1,CTE114 / 11,ENGINEERING A,JASON BLAESING,11,2026,F,1.58 pts,0,,12,,#N/A
8,10/22/24,2,S1,VOC116 / 12,BASIC CARPENTRY 1,BRENT MANSELL,11,2026,C-,2.03 pts,0,,12,,#N/A
8,10/22/24,3,S1,BUS301 / 13,PERSONAL FINANCE A,NICOLE SIMEK,11,2026,F,1.58 pts,0,,12,,Yes
8,10/22/24,4,S1,SOC701 / 14,US HISTORY/A,DAVE HAJEK,11,2026,C,2.48 pts,0.43,,12,,Yes
8,10/22/24,5,S1,VOC504 / 15,ADV FINE ARTS WOODWORKING I,BRENT MANSELL,11,2026,C-,2.05 pts,0.43,,12,,#N/A
8,10/22/24,6,S1,ENG701 / 16,JUNIOR ENG/A,JOHN CARVER,11,2026,B-,2.74 pts,0.43,,12,,#N/A
8,10/22/24,7,S1,ELE507 / A11,ADVISORY 11/A,JAMES BENNETT,11,2026,,,0,,12,,#N/A
8,10/22/24,1,S1,MAT522 / 11,GEOMETRY A,ROCHELLE AITON,10,2027,F,1.36 pts,4.43,John L,13,Active,Yes
8,10/22/24,1,S1,MAT522 / 11,GEOMETRY A,NINETTE LILIENTHAL,10,2027,F,1.36 pts,4.43,John L,13,Active,Yes
8,10/22/24,2,S1,ENG601 / 12,SOPH ENG/A,KELLY GREGERSEN,10,2027,F,1.26 pts,4.14,,13,,Yes
8,10/22/24,3,S1,SCI601 / 33,BIOLOGY A,DONNA SCHATZ,10,2027,C+,2.69 pts,4.29,,13,,#N/A
8,10/22/24,4,S1,CTE114 / 14,ENGINEERING A,JASON BLAESING,10,2027,F,1.21 pts,2.43,,13,,#N/A
8,10/22/24,5,S1,HFL113 / 15,INTRO CULINARY ART,ALEXANDRA YOST,10,2027,C+,2.52 pts,4.14,,13,,#N/A
8,10/22/24,6,S1,SOC108 / 36,WORLD HISTORY/A,DAVE HAJEK,10,2027,F,1.08 pts,4.29,,13,,#N/A
8,10/22/24,7,S1,ELE505 / A70,ADVISORY 10/A,JOHN MILLER,10,2027,,,4.14,,13,,#N/A
8,10/22/24,1,S1,ENG701 / 11,JUNIOR ENG/A,JOHN CARVER,11,2026,B,3.16 pts,1.71,,14,,#N/A
8,10/22/24,2,S1,VOC705 / 12,DIGITAL PHOTOGRAPHY I,ROSANNA RUFF,11,2026,B+,3.22 pts,1,,14,,#N/A
8,10/22/24,3,S1,MAT701 / 13,ALGEBRA II A,JENNIFER REILLY,11,2026,F,1.26 pts,1.43,Jonathan,14,Active,Yes
8,10/22/24,4,S1,SCI503 / 14,PHYSICAL SCIENCE A,JAMES BENNETT,11,2026,C-,2.09 pts,1.71,,14,,#N/A
8,10/22/24,5,S1,SOC701 / 15,US HISTORY/A,DAVE HAJEK,11,2026,B+,3.20 pts,1.71,,14,,#N/A
8,10/22/24,6,S1,VOC502 / 16,FINE ARTS WOODWORKING I,BRENT MANSELL,11,2026,A,4.00 pts,1.29,,14,,#N/A
8,10/22/24,7,S1,ELE507 / A61,ADVISORY 11/A,AARON LABREE,11,2026,,,1,,14,,#N/A
8,10/22/24,1,S1,SPA601 / 11,SPANISH II A,ROCHELLE AITON,10,2027,A,3.68 pts,0,,15,,#N/A
8,10/22/24,2,S1,ENG601 / 12,SOPH ENG/A,KELLY GREGERSEN,10,2027,F,1.06 pts,0,,15,,Yes
8,10/22/24,3,S1,SOC108 / 13,WORLD HISTORY/A,RYAN ISAACSON,10,2027,B,2.91 pts,0,,15,,#N/A
8,10/22/24,4,S1,SCI601 / 14,BIOLOGY A,GRANT MERRILL,10,2027,F,1.11 pts,0,,15,,Yes
8,10/22/24,5,S1,PED513 / 15,TEAM GAMES,SCOTT DIZMANG,10,2027,A-,3.53 pts,0,,15,,#N/A
8,10/22/24,6,S1,MAT522 / 36,GEOMETRY A,ROCHELLE AITON,10,2027,C,2.26 pts,0.14,,15,,#N/A
8,10/22/24,6,S1,MAT522 / 36,GEOMETRY A,NINETTE LILIENTHAL,10,2027,C,2.26 pts,0.14,,15,,#N/A
8,10/22/24,7,S1,ELE505 / A80,ADVISORY 10/A,MARCEE SALAS,10,2027,,,0,,15,,#N/A
8,10/22/24,1,S1,SOC108 / 11,WORLD HISTORY/A,DAVID HOLLINGSWORTH,10,2027,F,1.55 pts,0,,16,,#N/A
8,10/22/24,2,S1,FAR113 / 12,INTRO TO ART AND DESIGN,ROBERT YEE,10,2027,B,3.00 pts,0,,16,,#N/A
8,10/22/24,3,S1,CTE120 / 13,CYBER SECURITY I,ROSANNA RUFF,10,2027,C-,2.00 pts,0,,16,,#N/A
8,10/22/24,4,S1,MAT522 / 14,GEOMETRY A,ROCHELLE AITON,10,2027,,,0,,16,,Yes
8,10/22/24,4,S1,MAT522 / 14,GEOMETRY A,NINETTE LILIENTHAL,10,2027,,,0,,16,,Yes
8,10/22/24,5,S1,SCI503 / 35,PHYSICAL SCIENCE A,WILLIAM BAUR,10,2027,F,1.00 pts,0,,16,,#N/A
8,10/22/24,6,S1,ENG601 / 16,SOPH ENG/A,MARCEE SALAS,10,2027,F,1.08 pts,0,,16,,#N/A
8,10/22/24,7,S1,ELE505 / A00,ADVISORY 10/A,ROBERT YEE,10,2027,,,0,,16,,#N/A
8,10/22/24,1,S1,SOC108 / 11,WORLD HISTORY/A,DAVID HOLLINGSWORTH,10,2027,,4.00 pts,0,,17,,#N/A
8,10/22/24,1,S1,VOC106 / 11,METAL MANUFACTURING & TECH I,DONALD O'BRIEN,10,2027,F,1.32 pts,2.14,,17,,#N/A
8,10/22/24,2,S1,ENG601 / 12,SOPH ENG/A,KELLY GREGERSEN,10,2027,F,0.77 pts,1.14,,17,,Yes
8,10/22/24,3,S1,SCI601 / 33,BIOLOGY A,DONNA SCHATZ,10,2027,C,2.34 pts,2.29,,17,,#N/A
8,10/22/24,4,S1,MAT522 / 14,GEOMETRY A,ROCHELLE AITON,10,2027,F,0.90 pts,2.14,John L,17,Active,Yes
8,10/22/24,4,S1,MAT522 / 14,GEOMETRY A,NINETTE LILIENTHAL,10,2027,F,0.90 pts,2.14,John L,17,Active,Yes
8,10/22/24,5,S1,PED513 / 15,TEAM GAMES,SCOTT DIZMANG,10,2027,A,3.99 pts,1.71,,17,,#N/A
8,10/22/24,6,S1,VOC620 / 16,METAL CRAFTS & PRODUCTION I,DONALD O'BRIEN,10,2027,,0.00 pts,0,,17,,#N/A
8,10/22/24,6,S1,SOC108 / 36,WORLD HISTORY/A,DAVE HAJEK,10,2027,F,1.37 pts,2,,17,,#N/A
8,10/22/24,7,S1,ELE505 / A70,ADVISORY 10/A,JOHN MILLER,10,2027,,,0.71,,17,,#N/A
8,10/22/24,0,S1,SUPADV / TM,SUPPLEMENTAL  ADVISORY,TIMOTHY MOORE,12,2025,,,0,,18,,#N/A
8,10/22/24,1,S1,PED101 / 11,PHYSICAL EDUCATION,KATHERINE STURDYVIN-SCOBBA,12,2025,D+,1.90 pts,3.29,,18,,#N/A
8,10/22/24,2,S1,BUS301 / 12,PERSONAL FINANCE A,NICOLE SIMEK,12,2025,C,2.25 pts,1.86,,18,,Yes
8,10/22/24,3,S1,SOC802 / 13,CIVICS,JIM REED,12,2025,F,0.02 pts,1.86,,18,,#N/A
8,10/22/24,4,S1,AACTM1 / 14,ACADEMIC ACHIEVEMENT A,TIMOTHY MOORE,12,2025,A,3.75 pts,3.29,,18,,#N/A
8,10/22/24,5,S1,ONT400 / 15,ON-TRACK/A,ROBERT YEE,12,2025,B,2.90 pts,1.71,,18,,#N/A
8,10/22/24,6,S1,ENG801 / 16,SENIOR ENG/A,HEATHER CARVER,12,2025,C+,2.54 pts,1.71,,18,,#N/A
8,10/22/24,7,S1,ELE509 / A72,ADVISORY 12/A,JENNIFER REILLY,12,2025,,,0,,18,,#N/A
8,10/22/24,1,S1,PED500 / 11,WEIGHT TRAINING,SCOTT BOOTHBY,9,2028,A,4.00 pts,2,,2,,#N/A
8,10/22/24,2,S1,ASL501 / 12,AMERICAN SIGN LANGUAGE I/A,KYLA RITCHEY,9,2028,A-,3.53 pts,2,,2,,#N/A
8,10/22/24,3,S1,MAT520 / 33,ALGEBRA I A,JANET GROVE,9,2028,B,3.05 pts,2.86,,2,,#N/A
8,10/22/24,4,S1,SCI503 / 14,PHYSICAL SCIENCE A,JAMES BENNETT,9,2028,B-,2.79 pts,4,,2,,#N/A
8,10/22/24,5,S1,HFL113 / 15,INTRO CULINARY ART,ALEXANDRA YOST,9,2028,C,2.27 pts,4.29,,2,,#N/A
8,10/22/24,6,S1,ENG501 / 16,FR ENGLISH/A,DAVID HOLLINGSWORTH,9,2028,B-,2.72 pts,4.29,,2,,Yes
8,10/22/24,7,S1,ELE503 / AA9,ADVISORY 9/A,NICOLE SIMEK,9,2028,,,3.86,,2,,#N/A
8,10/22/24,1,S1,CTE114 / 11,ENGINEERING A,JASON BLAESING,11,2026,B,3.15 pts,0.57,,19,,#N/A
8,10/22/24,2,S1,FAR113 / 12,INTRO TO ART AND DESIGN,ROBERT YEE,11,2026,F,1.58 pts,0,,19,,#N/A
8,10/22/24,3,S1,FAR605 / 13,INTRO TO THEATRE,KELLY GREGERSEN,11,2026,A,3.68 pts,0,,19,,#N/A
8,10/22/24,4,S1,ENG701 / 14,JUNIOR ENG/A,JOHN CARVER,11,2026,B+,3.39 pts,1.29,,19,,#N/A
8,10/22/24,5,S1,SOC703 / 15,AP US HISTORY A,RYAN ISAACSON,11,2026,B-,2.73 pts,1.29,,19,,#N/A
8,10/22/24,6,S1,MAT701 / 16,ALGEBRA II A,JASON BLAESING,11,2026,F,1.62 pts,1.29,Jonathan,19,Active,Yes
8,10/22/24,7,S1,ELE507 / A31,ADVISORY 11/A,DAVID HOLLINGSWORTH,11,2026,,,0.57,,19,,#N/A
8,10/22/24,1,S1,ENG601 / 11,SOPH ENG/A,MARCEE SALAS,10,2027,C-,2.06 pts,2.14,,20,,#N/A
8,10/22/24,2,S1,MAT522 / 32,GEOMETRY A,BRIAN ANDERSON,10,2027,F,1.04 pts,2.29,,20,,#N/A
8,10/22/24,3,S1,VOC620 / 13,METAL CRAFTS & PRODUCTION I,DONALD O'BRIEN,10,2027,A,3.97 pts,1.86,,20,,#N/A
8,10/22/24,4,S1,SCI601 / 14,BIOLOGY A,GRANT MERRILL,10,2027,F,1.29 pts,1.14,,20,,Yes
8,10/22/24,5,S1,CTE100 / 15,MEDICAL CAREERS & TERMINOLOG/A,DONNA SCHATZ,10,2027,A,3.97 pts,0.71,,20,,#N/A
8,10/22/24,6,S1,SOC108 / 36,WORLD HISTORY/A,DAVE HAJEK,10,2027,F,1.57 pts,0.57,,20,,#N/A
8,10/22/24,7,S1,ELE505 / A40,ADVISORY 10/A,DAVID DUARTE,10,2027,,,0.29,,20,,#N/A
8,10/22/24,1,S1,SOC701 / 11,US HISTORY/A,DAVE HAJEK,11,2026,F,1.32 pts,5.86,,21,,#N/A
8,10/22/24,2,S1,SCI609 / 12,CHEMISTRY/A,GRANT MERRILL,11,2026,F,1.61 pts,5.71,,21,,Yes
8,10/22/24,3,S1,BUS301 / 13,PERSONAL FINANCE A,NICOLE SIMEK,11,2026,C,2.39 pts,5.71,,21,,Yes
8,10/22/24,4,S1,HFL118 / 14,ADV CULINARY ARTS A,ALEXANDRA YOST,11,2026,C,2.36 pts,5.71,,21,,#N/A
8,10/22/24,5,S1,ENG701 / 15,JUNIOR ENG/A,JOHN CARVER,11,2026,B,3.00 pts,5.14,,21,,Yes
8,10/22/24,6,S1,PED500 / 16,WEIGHT TRAINING,SCOTT DIZMANG,11,2026,A,3.76 pts,5.71,,21,,#N/A
8,10/22/24,7,S1,ELE507 / A11,ADVISORY 11/A,JAMES BENNETT,11,2026,,,5,,21,,#N/A
8,10/22/24,1,S1,FAR109 / 11,CERAMICS II,ROBERT YEE,11,2026,,,0.57,,22,,#N/A
8,10/22/24,2,S1,FAR113 / 12,INTRO TO ART AND DESIGN,ROBERT YEE,11,2026,B+,3.31 pts,0.86,,22,,#N/A
8,10/22/24,3,S1,MAT701 / 13,ALGEBRA II A,JENNIFER REILLY,11,2026,B+,3.33 pts,1.71,,22,,Yes
8,10/22/24,4,S1,SCI503 / 34,PHYSICAL SCIENCE A,WILLIAM BAUR,11,2026,B,3.04 pts,1.14,,22,,#N/A
8,10/22/24,5,S1,SOC701 / 15,US HISTORY/A,DAVE HAJEK,11,2026,D+,1.86 pts,1.14,,22,,#N/A
8,10/22/24,6,S1,ENG701 / 16,JUNIOR ENG/A,JOHN CARVER,11,2026,A,3.67 pts,1.14,,22,,#N/A
8,10/22/24,7,S1,ELE507 / A41,ADVISORY 11/A,BRENT MANSELL,11,2026,,,1.29,,22,,#N/A
8,10/22/24,1,S1,SCI503 / 11,PHYSICAL SCIENCE A,JAMES BENNETT,11,2026,C-,2.09 pts,12,,23,,#N/A
8,10/22/24,2,S1,BUS301 / 12,PERSONAL FINANCE A,NICOLE SIMEK,11,2026,F,0.49 pts,11.43,Doug,23,Active,Yes
8,10/22/24,3,S1,ONT400 / 13,ON-TRACK/A,BRIAN ANDERSON,11,2026,F,1.60 pts,11.43,,23,,#N/A
8,10/22/24,4,S1,SOC701 / 14,US HISTORY/A,DAVE HAJEK,11,2026,F,0.74 pts,11.86,Rebecca,23,Active,Yes
8,10/22/24,5,S1,ENG701 / 15,JUNIOR ENG/A,JOHN CARVER,11,2026,D,1.77 pts,11.14,,23,,Yes
8,10/22/24,6,S1,VOC620 / 16,METAL CRAFTS & PRODUCTION I,DONALD O'BRIEN,11,2026,,0.00 pts,1.29,,23,,#N/A
8,10/22/24,6,S1,FAR604 / 16,SCENE DESIGN,KELLY GREGERSEN,11,2026,A,3.93 pts,10.86,,23,,#N/A
8,10/22/24,7,S1,ELE507 / A11,ADVISORY 11/A,JAMES BENNETT,11,2026,,,9,,23,,#N/A
8,10/22/24,1,S1,MAT704 / 11,PRE-CALC A MAT 153,BRIAN ANDERSON,12,2025,F,1.12 pts,1,,24,,Yes
8,10/22/24,2,S1,RUN101 / 12,RUNNING START/A,,12,2025,,,0,,24,,#N/A
8,10/22/24,3,S1,CTE120 / 13,CYBER SECURITY I,ROSANNA RUFF,12,2025,A-,3.54 pts,1.5,,24,,#N/A
8,10/22/24,4,S1,ENG717 / 14,AP LITERATURE/ COMPOSITION A,HEATHER CARVER,12,2025,,0.50 pts,1.25,,24,,#N/A
8,10/22/24,4,S1,RUN101 / 14,RUNNING START/A,,12,2025,,,0,,24,,#N/A
8,10/22/24,5,S1,SOC802 / 15,CIVICS,SCOTT BOOTHBY,12,2025,B,3.19 pts,1,,24,,#N/A
8,10/22/24,6,S1,RUN101 / 16,RUNNING START/A,,12,2025,,,0,,24,,#N/A
8,10/22/24,7,S1,ELE509 / A62,ADVISORY 12/A,RYAN ISAACSON,12,2025,,,0,,24,,#N/A
8,10/22/24,1,S1,PED513 / 11,TEAM GAMES,SCOTT DIZMANG,9,2028,A-,3.53 pts,0,,25,,#N/A
8,10/22/24,2,S1,HFL114 / 12,FAMILY HEALTH,MICHAEL ISOTALO,9,2028,C-,2.07 pts,0,,25,,#N/A
8,10/22/24,3,S1,SCI503 / 33,PHYSICAL SCIENCE A,WILLIAM BAUR,9,2028,F,1.54 pts,0,,25,,#N/A
8,10/22/24,4,S1,VOC300 / 14,SMALL ENGINE REPAIR I,DONALD O'BRIEN,9,2028,B,2.92 pts,0,,25,,#N/A
8,10/22/24,5,S1,MAT520 / 15,ALGEBRA I A,KEVIN REILLY,9,2028,A-,3.41 pts,0,,25,,#N/A
8,10/22/24,6,S1,ENG501 / 16,FR ENGLISH/A,DAVID HOLLINGSWORTH,9,2028,F,1.58 pts,0,,25,,Yes
8,10/22/24,7,S1,ELE503 / A19,ADVISORY 9/A,ANGELINA MERRILL,9,2028,,,0,,25,,#N/A
8,10/22/24,1,S1,SCI503 / 11,PHYSICAL SCIENCE A,JAMES BENNETT,11,2026,F,0.19 pts,10.86,,26,,#N/A
8,10/22/24,2,S1,VOC705 / 12,DIGITAL PHOTOGRAPHY I,ROSANNA RUFF,11,2026,A,3.71 pts,7.29,,26,,#N/A
8,10/22/24,3,S1,ONT400 / 13,ON-TRACK/A,BRIAN ANDERSON,11,2026,C,2.40 pts,4.43,,26,,#N/A
8,10/22/24,4,S1,SOC701 / 14,US HISTORY/A,DAVE HAJEK,11,2026,F,0.56 pts,7.29,,26,,Yes
8,10/22/24,5,S1,BUS301 / 15,PERSONAL FINANCE A,NICOLE SIMEK,11,2026,F,0.29 pts,6.57,,26,,#N/A
8,10/22/24,6,S1,ENG701 / 16,JUNIOR ENG/A,JOHN CARVER,11,2026,F,1.55 pts,8.29,,26,,#N/A
8,10/22/24,7,S1,ELE507 / A21,ADVISORY 11/A,HEATHER CARVER,11,2026,,,4.43,,26,,#N/A
8,10/22/24,1,S1,ASL505 / 11,AMER SIGN III/A,TAMI GRANT,11,2026,A,4.00 pts,1.14,,29,,#N/A
8,10/22/24,2,S1,SCI503 / 32,PHYSICAL SCIENCE A,WILLIAM BAUR,11,2026,C-,2.08 pts,0.86,,29,,#N/A
8,10/22/24,3,S1,ENG719 / 13,AP LANGUAGE/COMPOSITION A,HEATHER CARVER,11,2026,C-,2.00 pts,1.57,,29,,#N/A
8,10/22/24,4,S1,MAT701 / 14,ALGEBRA II A,JENNIFER REILLY,11,2026,B+,3.31 pts,1.86,,29,,#N/A
8,10/22/24,5,S1,CTE501 / 15,PROJECT IN LEADERSHIP/A,KYLA RITCHEY,11,2026,A-,3.50 pts,0.71,,29,,#N/A
8,10/22/24,6,S1,SOC701 / 16,US HISTORY/A,SCOTT BOOTHBY,11,2026,F,1.59 pts,1.29,,29,,Yes
8,10/22/24,7,S1,ELE507 / A71,ADVISORY 11/A,KEVIN REILLY,11,2026,,,0.71,,29,,#N/A
8,10/22/24,1,S1,PED500 / 11,WEIGHT TRAINING,SCOTT BOOTHBY,12,2025,C,2.35 pts,4.29,,27,,#N/A
8,10/22/24,2,S1,BUS301 / 12,PERSONAL FINANCE A,NICOLE SIMEK,12,2025,F,0.71 pts,4,,27,,Yes
8,10/22/24,3,S1,ONT400 / 13,ON-TRACK/A,BRIAN ANDERSON,12,2025,A,4.00 pts,4,,27,,#N/A
8,10/22/24,4,S1,SOC802 / 14,CIVICS,JIM REED,12,2025,F,0.97 pts,4.43,,27,,#N/A
8,10/22/24,5,S1,CTE100 / 15,MEDICAL CAREERS & TERMINOLOG/A,DONNA SCHATZ,12,2025,F,0.62 pts,4.29,,27,,#N/A
8,10/22/24,6,S1,ENG801 / 16,SENIOR ENG/A,HEATHER CARVER,12,2025,D,1.75 pts,4,,27,,#N/A
8,10/22/24,7,S1,ELE509 / A42,ADVISORY 12/A,TAMI GRANT,12,2025,,,4,,27,,#N/A
8,10/22/24,1,S1,ENG601 / 11,SOPH ENG/A,MARCEE SALAS,10,2027,D+,1.93 pts,1.43,,28,,#N/A
8,10/22/24,2,S1,SCI601 / 32,BIOLOGY A,DONNA SCHATZ,10,2027,B-,2.71 pts,1.43,,28,,#N/A
8,10/22/24,3,S1,ASL501 / 13,AMERICAN SIGN LANGUAGE I/A,KYLA RITCHEY,10,2027,A,4.00 pts,2,,28,,#N/A
8,10/22/24,4,S1,MAT522 / 14,GEOMETRY A,ROCHELLE AITON,10,2027,F,0.90 pts,1.57,,28,,Yes
8,10/22/24,4,S1,MAT522 / 14,GEOMETRY A,NINETTE LILIENTHAL,10,2027,F,0.90 pts,1.57,,28,,Yes
8,10/22/24,5,S1,CTE222 / 15,MUSIC PROD IA,DAVID DUARTE,10,2027,A,4.00 pts,1.86,,28,,#N/A
8,10/22/24,6,S1,SOC108 / 16,WORLD HISTORY/A,RYAN ISAACSON,10,2027,F,0.56 pts,1.86,,28,,#N/A
8,10/22/24,7,S1,ELE505 / A50,ADVISORY 10/A,JANET GROVE,10,2027,,,1,,28,,#N/A
8,10/22/24,1,S1,PED513 / 11,TEAM GAMES,SCOTT DIZMANG,12,2025,A-,3.53 pts,3.14,,30,,#N/A
8,10/22/24,2,S1,ASL503 / 12,AMERICAN SIGN LANGUAGE II/A,TAMI GRANT,12,2025,B-,2.73 pts,2.43,,30,,#N/A
8,10/22/24,3,S1,BUS301 / 13,PERSONAL FINANCE A,NICOLE SIMEK,12,2025,B,2.97 pts,2,,30,,Yes
8,10/22/24,4,S1,SOC802 / 14,CIVICS,JIM REED,12,2025,C,2.48 pts,2.57,,30,,#N/A
8,10/22/24,5,S1,VOC106 / 15,METAL MANUFACTURING & TECH I,DONALD O'BRIEN,12,2025,A,3.98 pts,2.71,,30,,#N/A
8,10/22/24,6,S1,ENG801 / 16,SENIOR ENG/A,HEATHER CARVER,12,2025,C+,2.54 pts,2.71,,30,,#N/A
8,10/22/24,7,S1,ELE509 / A22,ADVISORY 12/A,SCOTT BOOTHBY,12,2025,,,2.43,,30,,#N/A
8,10/22/24,1,S1,PED513 / 11,TEAM GAMES,SCOTT DIZMANG,11,2026,A,3.76 pts,17.57,,31,,#N/A
8,10/22/24,2,S1,MAT520 / 12,ALGEBRA I A,KEVIN REILLY,11,2026,D+,1.98 pts,16.43,,31,,#N/A
8,10/22/24,3,S1,SOC701 / 13,US HISTORY/A,DAVE HAJEK,11,2026,F,0.00 pts,18.57,,31,,#N/A
8,10/22/24,4,S1,SCI503 / 34,PHYSICAL SCIENCE A,WILLIAM BAUR,11,2026,,0.00 pts,6.43,,31,,#N/A
8,10/22/24,4,S1,FAR108 / 14,CERAMICS I,ROBERT YEE,11,2026,F,0.00 pts,9.29,,31,,#N/A
8,10/22/24,5,S1,ENG701 / 15,JUNIOR ENG/A,JOHN CARVER,11,2026,D,1.78 pts,16.29,,31,,Yes
8,10/22/24,6,S1,FAR108 / 16,CERAMICS I,ROBERT YEE,11,2026,,4.00 pts,6.43,,31,,#N/A
8,10/22/24,6,S1,SCI601 / 36,BIOLOGY A,WILLIAM BAUR,11,2026,F,0.00 pts,12,,31,,Yes
8,10/22/24,7,S1,ELE507 / A61,ADVISORY 11/A,AARON LABREE,11,2026,,,7.29,,31,,#N/A
8,10/22/24,1,S1,FAR108 / 11,CERAMICS I,ROBERT YEE,10,2027,A,4.00 pts,1,,32,,#N/A
8,10/22/24,2,S1,SOC108 / 12,WORLD HISTORY/A,DAVID HOLLINGSWORTH,10,2027,C+,2.64 pts,1,,32,,#N/A
8,10/22/24,3,S1,SCI601 / 33,BIOLOGY A,DONNA SCHATZ,10,2027,B,3.17 pts,1.43,,32,,#N/A
8,10/22/24,4,S1,MAT522 / 14,GEOMETRY A,ROCHELLE AITON,10,2027,F,1.36 pts,2.57,,32,,Yes
8,10/22/24,4,S1,MAT522 / 14,GEOMETRY A,NINETTE LILIENTHAL,10,2027,F,1.36 pts,2.57,,32,,Yes
8,10/22/24,5,S1,ASL503 / 15,AMERICAN SIGN LANGUAGE II/A,TAMI GRANT,10,2027,B+,3.25 pts,2.57,,32,,#N/A
8,10/22/24,6,S1,ENG601 / 16,SOPH ENG/A,MARCEE SALAS,10,2027,D,1.65 pts,2.57,,32,,#N/A
8,10/22/24,7,S1,ELE505 / A50,ADVISORY 10/A,JANET GROVE,10,2027,,,1,,32,,#N/A
8,10/22/24,1,S1,VOC705 / 11,DIGITAL PHOTOGRAPHY I,ROSANNA RUFF,10,2027,B+,3.38 pts,0.71,,33,,#N/A
8,10/22/24,2,S1,MAT522 / 12,GEOMETRY A,ROCHELLE AITON,10,2027,F,1.36 pts,0.29,,33,,Yes
8,10/22/24,2,S1,MAT522 / 12,GEOMETRY A,NINETTE LILIENTHAL,10,2027,F,1.36 pts,0.29,,33,,Yes
8,10/22/24,3,S1,ASL501 / 13,AMERICAN SIGN LANGUAGE I/A,KYLA RITCHEY,10,2027,C+,2.53 pts,0.29,,33,,#N/A
8,10/22/24,4,S1,SOC108 / 14,WORLD HISTORY/A,DAVID HOLLINGSWORTH,10,2027,C,2.22 pts,0,,33,,#N/A
8,10/22/24,5,S1,ENG601 / 15,SOPH ENG/A,MARCEE SALAS,10,2027,D+,1.90 pts,0,,33,,Yes
8,10/22/24,6,S1,SCI601 / 36,BIOLOGY A,WILLIAM BAUR,10,2027,F,1.04 pts,0,,33,,Yes
8,10/22/24,7,S1,ELE505 / A90,ADVISORY 10/A,MICHAEL WAREHAM,10,2027,,,0,,33,,#N/A
8,10/22/24,1,S1,VOC106 / 11,METAL MANUFACTURING & TECH I,DONALD O'BRIEN,10,2027,B,2.91 pts,0.86,,34,,#N/A
8,10/22/24,2,S1,ENG601 / 12,SOPH ENG/A,KELLY GREGERSEN,10,2027,F,1.31 pts,0.43,,34,,Yes
8,10/22/24,3,S1,SCI601 / 13,BIOLOGY A,GRANT MERRILL,10,2027,F,0.62 pts,0.29,,34,,Yes
8,10/22/24,4,S1,MAT522 / 14,GEOMETRY A,ROCHELLE AITON,10,2027,F,0.90 pts,0.29,John L,34,Active,Yes
8,10/22/24,4,S1,MAT522 / 14,GEOMETRY A,NINETTE LILIENTHAL,10,2027,F,0.90 pts,0.29,John L,34,Active,Yes
8,10/22/24,5,S1,VOC503 / 15,FINE ARTS WOODS II,BRENT MANSELL,10,2027,A,3.90 pts,0.71,,34,,#N/A
8,10/22/24,6,S1,SOC108 / 16,WORLD HISTORY/A,RYAN ISAACSON,10,2027,F,1.42 pts,0.86,,34,,#N/A
8,10/22/24,7,S1,ELE505 / A60,ADVISORY 10/A,GRANT MERRILL,10,2027,,,0.29,,34,,#N/A
8,10/22/24,1,S1,ENG801 / 11,SENIOR ENG/A,HEATHER CARVER,12,2025,C+,2.55 pts,1.14,,35,,#N/A
8,10/22/24,2,S1,SCI609 / 12,CHEMISTRY/A,GRANT MERRILL,12,2025,D+,1.90 pts,1.71,,35,,Yes
8,10/22/24,3,S1,SOC802 / 13,CIVICS,JIM REED,12,2025,B,2.93 pts,1.71,,35,,#N/A
8,10/22/24,4,S1,HFL115 / 14,ADVANCED PASTRY ARTS I,KAYLA PAYNE,12,2025,A,3.76 pts,1.71,,35,,#N/A
8,10/22/24,5,S1,ONT400 / 15,ON-TRACK/A,ROBERT YEE,12,2025,B-,2.88 pts,1.86,,35,,#N/A
8,10/22/24,6,S1,FAR111 / 16,CERAMICS IV,ROBERT YEE,12,2025,B,3.00 pts,1.71,,35,,#N/A
8,10/22/24,7,S1,ELE509 / A62,ADVISORY 12/A,RYAN ISAACSON,12,2025,,,1,,35,,#N/A
8,10/22/24,1,S1,CTE114 / 11,ENGINEERING A,JASON BLAESING,11,2026,C+,2.59 pts,7.14,,36,,#N/A
8,10/22/24,2,S1,MAT701 / 12,ALGEBRA II A,JASON BLAESING,11,2026,F,1.01 pts,7,,36,,Yes
8,10/22/24,3,S1,PED500 / 13,WEIGHT TRAINING,SCOTT BOOTHBY,11,2026,B,3.17 pts,7,,36,,#N/A
8,10/22/24,4,S1,ENG701 / 14,JUNIOR ENG/A,JOHN CARVER,11,2026,C,2.42 pts,7.14,,36,,#N/A
8,10/22/24,5,S1,SOC701 / 15,US HISTORY/A,DAVE HAJEK,11,2026,F,1.55 pts,7,,36,,#N/A
8,10/22/24,6,S1,FAR542 / 16,WIND ENSEMB/A,DAVID DUARTE,11,2026,A,4.00 pts,7,,36,,#N/A
8,10/22/24,7,S1,ELE507 / A41,ADVISORY 11/A,BRENT MANSELL,11,2026,,,7,,36,,#N/A
8,10/22/24,1,S1,VOC502 / 11,FINE ARTS WOODWORKING I,BRENT MANSELL,11,2026,A,4.00 pts,1,,37,,#N/A
8,10/22/24,2,S1,SCI503 / 12,PHYSICAL SCIENCE A,JAMES BENNETT,11,2026,C+,2.52 pts,1,,37,,#N/A
8,10/22/24,3,S1,ONT400 / 13,ON-TRACK/A,BRIAN ANDERSON,11,2026,A,4.00 pts,1.14,,37,,#N/A
8,10/22/24,4,S1,ENG715 / 14,FILM AS LITERATURE,KELLY GREGERSEN,11,2026,C-,2.02 pts,1,,37,,#N/A
8,10/22/24,5,S1,BUS301 / 15,PERSONAL FINANCE A,NICOLE SIMEK,11,2026,F,0.58 pts,1,,37,,#N/A
8,10/22/24,6,S1,SOC701 / 16,US HISTORY/A,SCOTT BOOTHBY,11,2026,C,2.31 pts,1.14,,37,,Yes
8,10/22/24,7,S1,ELE507 / A21,ADVISORY 11/A,HEATHER CARVER,11,2026,,,1,,37,,#N/A
8,10/22/24,1,S1,VOC502 / 11,FINE ARTS WOODWORKING I,BRENT MANSELL,10,2027,A,4.00 pts,3,,38,,#N/A
8,10/22/24,2,S1,SCI601 / 32,BIOLOGY A,DONNA SCHATZ,10,2027,B,3.01 pts,3.71,,38,,#N/A
8,10/22/24,3,S1,MAT522 / 13,GEOMETRY A,ROCHELLE AITON,10,2027,F,1.45 pts,3.71,,38,,Yes
8,10/22/24,3,S1,MAT522 / 13,GEOMETRY A,NINETTE LILIENTHAL,10,2027,F,1.45 pts,3.71,,38,,Yes
8,10/22/24,4,S1,PED500 / 14,WEIGHT TRAINING,SCOTT DIZMANG,10,2027,A-,3.51 pts,3.86,,38,,#N/A
8,10/22/24,5,S1,ENG601 / 15,SOPH ENG/A,MARCEE SALAS,10,2027,B,2.91 pts,3.86,,38,,Yes
8,10/22/24,6,S1,SOC108 / 36,WORLD HISTORY/A,DAVE HAJEK,10,2027,C,2.27 pts,3.71,,38,,#N/A
8,10/22/24,7,S1,ELE505 / A70,ADVISORY 10/A,JOHN MILLER,10,2027,,,3,,38,,#N/A
8,10/22/24,1,S1,VOC106 / 11,METAL MANUFACTURING & TECH I,DONALD O'BRIEN,10,2027,B+,3.21 pts,1.43,,39,,#N/A
8,10/22/24,2,S1,SOC108 / 12,WORLD HISTORY/A,DAVID HOLLINGSWORTH,10,2027,C,2.35 pts,1.43,,39,,#N/A
8,10/22/24,3,S1,MAT522 / 13,GEOMETRY A,ROCHELLE AITON,10,2027,F,1.50 pts,1.43,,39,,Yes
8,10/22/24,3,S1,MAT522 / 13,GEOMETRY A,NINETTE LILIENTHAL,10,2027,F,1.50 pts,1.43,,39,,Yes
8,10/22/24,4,S1,PED500 / 14,WEIGHT TRAINING,SCOTT DIZMANG,10,2027,A,3.76 pts,1,,39,,#N/A
8,10/22/24,5,S1,ENG601 / 15,SOPH ENG/A,MARCEE SALAS,10,2027,F,1.40 pts,1.14,,39,,Yes
8,10/22/24,6,S1,SCI601 / 36,BIOLOGY A,WILLIAM BAUR,10,2027,F,1.56 pts,1,,39,,Yes
8,10/22/24,7,S1,ELE505 / A20,ADVISORY 10/A,ROCHELLE AITON,10,2027,,,1,,39,,#N/A
8,10/22/24,1,S1,ENG701 / 11,JUNIOR ENG/A,JOHN CARVER,11,2026,B+,3.25 pts,2,,40,,#N/A
8,10/22/24,2,S1,MAT701 / 12,ALGEBRA II A,JASON BLAESING,11,2026,F,1.07 pts,2,,40,,Yes
8,10/22/24,3,S1,PED500 / 13,WEIGHT TRAINING,SCOTT BOOTHBY,11,2026,A,3.83 pts,2,,40,,#N/A
8,10/22/24,4,S1,SCI503 / 34,PHYSICAL SCIENCE A,WILLIAM BAUR,11,2026,C-,2.03 pts,2.57,,40,,#N/A
8,10/22/24,5,S1,SPA601 / 15,SPANISH II A,ROCHELLE AITON,11,2026,D+,1.91 pts,2.57,,40,,#N/A
8,10/22/24,6,S1,SOC701 / 16,US HISTORY/A,SCOTT BOOTHBY,11,2026,C,2.27 pts,2.57,,40,,Yes
8,10/22/24,7,S1,ELE507 / A31,ADVISORY 11/A,DAVID HOLLINGSWORTH,11,2026,,,2.57,,40,,#N/A
8,10/22/24,1,S1,SOC701 / 11,US HISTORY/A,DAVE HAJEK,11,2026,C+,2.57 pts,2.57,,47,,#N/A
8,10/22/24,2,S1,SCI609 / 12,CHEMISTRY/A,GRANT MERRILL,11,2026,C-,2.11 pts,2.43,,47,,Yes
8,10/22/24,3,S1,ASL503 / 13,AMERICAN SIGN LANGUAGE II/A,TAMI GRANT,11,2026,A-,3.50 pts,2,,47,,#N/A
8,10/22/24,4,S1,PED500 / 14,WEIGHT TRAINING,SCOTT DIZMANG,11,2026,A,4.00 pts,2,,47,,#N/A
8,10/22/24,5,S1,MAT701 / 35,ALGEBRA II A,JENNIFER REILLY,11,2026,B+,3.27 pts,2,,47,,#N/A
8,10/22/24,6,S1,ENG701 / 16,JUNIOR ENG/A,JOHN CARVER,11,2026,B+,3.27 pts,2,,47,,#N/A
8,10/22/24,7,S1,ELE507 / A91,ADVISORY 11/A,DONNA SCHATZ,11,2026,,,2.57,,47,,#N/A
8,10/22/24,1,S1,ENG701 / 11,JUNIOR ENG/A,JOHN CARVER,11,2026,C+,2.53 pts,1.57,,41,,#N/A
8,10/22/24,2,S1,HFL116 / 12,BAKING PASTRY ARTS I,KAYLA PAYNE,11,2026,A,3.81 pts,1.14,,41,,#N/A
8,10/22/24,3,S1,SCI503 / 33,PHYSICAL SCIENCE A,WILLIAM BAUR,11,2026,B-,2.72 pts,0,,41,,#N/A
8,10/22/24,4,S1,SOC701 / 14,US HISTORY/A,DAVE HAJEK,11,2026,F,1.38 pts,1,,41,,Yes
8,10/22/24,5,S1,ASL503 / 15,AMERICAN SIGN LANGUAGE II/A,TAMI GRANT,11,2026,A,3.63 pts,0.71,,41,,#N/A
8,10/22/24,6,S1,MAT701 / 16,ALGEBRA II A,JASON BLAESING,11,2026,F,1.37 pts,0.71,,41,,Yes
8,10/22/24,7,S1,ELE507 / A31,ADVISORY 11/A,DAVID HOLLINGSWORTH,11,2026,,,0,,41,,#N/A
8,10/22/24,1,S1,FAR606 / 11,ADVANCED ACTING/ A,KELLY GREGERSEN,12,2025,A,4.00 pts,1.29,,42,,#N/A
8,10/22/24,2,S1,SCI609 / 12,CHEMISTRY/A,GRANT MERRILL,12,2025,F,1.46 pts,0.57,,42,,Yes
8,10/22/24,3,S1,ENG801 / 13,SENIOR ENG/A,JOHN CARVER,12,2025,B-,2.76 pts,1.86,,42,,#N/A
8,10/22/24,4,S1,HFL118 / 14,ADV CULINARY ARTS A,ALEXANDRA YOST,12,2025,C,2.32 pts,1.86,,42,,#N/A
8,10/22/24,5,S1,BUS301 / 15,PERSONAL FINANCE A,NICOLE SIMEK,12,2025,B-,2.87 pts,1.29,,42,,#N/A
8,10/22/24,6,S1,FAR542 / 16,WIND ENSEMB/A,DAVID DUARTE,12,2025,C+,2.67 pts,1.57,,42,,#N/A
8,10/22/24,7,S1,ELE509 / A82,ADVISORY 12/A,ALEXANDRA YOST,12,2025,,,0.71,,42,,#N/A
8,10/22/24,1,S1,ENG701 / 11,JUNIOR ENG/A,JOHN CARVER,11,2026,C+,2.54 pts,11.86,,43,,#N/A
8,10/22/24,2,S1,SCI503 / 12,PHYSICAL SCIENCE A,JAMES BENNETT,11,2026,C-,2.11 pts,10.57,,43,,#N/A
8,10/22/24,3,S1,ASL503 / 13,AMERICAN SIGN LANGUAGE II/A,TAMI GRANT,11,2026,D+,1.83 pts,9.86,,43,,#N/A
8,10/22/24,4,S1,SOC701 / 14,US HISTORY/A,DAVE HAJEK,11,2026,D+,1.99 pts,10.86,,43,,Yes
8,10/22/24,5,S1,SOC105 / 15,AP PSYCHOLOGY A,JIM REED,11,2026,B-,2.86 pts,9.43,,43,,#N/A
8,10/22/24,6,S1,MAT701 / 16,ALGEBRA II A,JASON BLAESING,11,2026,D,1.67 pts,10.57,,43,,Yes
8,10/22/24,7,S1,ELE507 / A41,ADVISORY 11/A,BRENT MANSELL,11,2026,,,6.43,,43,,#N/A
8,10/22/24,1,S1,MAT522 / 11,GEOMETRY A,ROCHELLE AITON,10,2027,F,0.90 pts,7.29,John L,44,Active,Yes
8,10/22/24,1,S1,MAT522 / 11,GEOMETRY A,NINETTE LILIENTHAL,10,2027,F,0.90 pts,7.29,John L,44,Active,Yes
8,10/22/24,2,S1,HFL116 / 12,BAKING PASTRY ARTS I,KAYLA PAYNE,10,2027,A,3.72 pts,4,,44,,#N/A
8,10/22/24,2,S1,SCI601 / 32,BIOLOGY A,DONNA SCHATZ,10,2027,,0.20 pts,1.86,,44,,#N/A
8,10/22/24,3,S1,HFL116 / 13,BAKING PASTRY ARTS I,KAYLA PAYNE,10,2027,,,2.57,,44,,#N/A
8,10/22/24,3,S1,SCI601 / 33,BIOLOGY A,DONNA SCHATZ,10,2027,F,0.41 pts,5.57,,44,,#N/A
8,10/22/24,4,S1,PED500 / 14,WEIGHT TRAINING,SCOTT DIZMANG,10,2027,C+,2.54 pts,9.71,,44,,#N/A
8,10/22/24,5,S1,ENG601 / 15,SOPH ENG/A,MARCEE SALAS,10,2027,F,1.50 pts,9.43,,44,,Yes
8,10/22/24,6,S1,SOC108 / 16,WORLD HISTORY/A,RYAN ISAACSON,10,2027,F,0.93 pts,9.43,,44,,#N/A
8,10/22/24,7,S1,ELE505 / A30,ADVISORY 10/A,WILLIAM BAUR,10,2027,,,5.43,,44,,#N/A
8,10/22/24,1,S1,VOC705 / 11,DIGITAL PHOTOGRAPHY I,ROSANNA RUFF,11,2026,A,3.99 pts,1.57,,45,,#N/A
8,10/22/24,2,S1,SCI609 / 12,CHEMISTRY/A,GRANT MERRILL,11,2026,C-,2.11 pts,1.43,,45,,Yes
8,10/22/24,3,S1,ENG719 / 13,AP LANGUAGE/COMPOSITION A,HEATHER CARVER,11,2026,B,3.16 pts,1,,45,,#N/A
8,10/22/24,4,S1,PED500 / 14,WEIGHT TRAINING,SCOTT DIZMANG,11,2026,B+,3.27 pts,1,,45,,#N/A
8,10/22/24,5,S1,SOC703 / 15,AP US HISTORY A,RYAN ISAACSON,11,2026,A,4.00 pts,1,,45,,#N/A
8,10/22/24,6,S1,MAT701 / 16,ALGEBRA II A,JASON BLAESING,11,2026,B-,2.75 pts,1.14,,45,,Yes
8,10/22/24,7,S1,ELE507 / A81,ADVISORY 11/A,ROSANNA RUFF,11,2026,,,1.43,,45,,#N/A
8,10/22/24,2,S1,MAT701 / 12,ALGEBRA II A,JASON BLAESING,11,2026,B+,3.30 pts,5.14,,312,,Yes
8,10/22/24,6,S1,SOC701 / 16,US HISTORY/A,SCOTT BOOTHBY,11,2026,C+,2.69 pts,5.43,,312,,Yes
9,10/29/24,2,S1,MAT701 / 12,ALGEBRA II A,JASON BLAESING,11,2026,B+,3.24 pts,9.71,,312,,Yes
9,10/29/24,6,S1,SOC701 / 16,US HISTORY/A,SCOTT BOOTHBY,11,2026,C-,2.00 pts,9.57,,312,,Yes
10,11/5/24,2,S1,MAT701 / 12,ALGEBRA II A,JASON BLAESING,11,2026,B+,3.24 pts,10.57,,312,,Yes
10,11/5/24,6,S1,SOC701 / 16,US HISTORY/A,SCOTT BOOTHBY,11,2026,D+,1.97 pts,10.43,,312,,Yes
2,9/10/24,6,S1,MAT701 / 16,ALGEBRA II A,JASON BLAESING,11,2026,,,0,,313,,Yes
3,9/17/24,6,S1,MAT701 / 16,ALGEBRA II A,JASON BLAESING,11,2026,A,4.00 pts,0,,313,,Yes
4,9/24/24,6,S1,MAT701 / 16,ALGEBRA II A,JASON BLAESING,11,2026,B,3.10 pts,0,,313,,Yes
5,10/1/24,6,S1,MAT701 / 16,ALGEBRA II A,JASON BLAESING,11,2026,A,4.00 pts,0,,313,,Yes
6,10/8/24,6,S1,MAT701 / 16,ALGEBRA II A,JASON BLAESING,11,2026,A,4.00 pts,0,,313,,Yes
7,10/16/24,6,S1,MAT701 / 16,ALGEBRA II A,JASON BLAESING,11,2026,A,3.68 pts,0,,313,,Yes
8,10/22/24,6,S1,MAT701 / 16,ALGEBRA II A,JASON BLAESING,11,2026,A,4.00 pts,0,,313,,Yes
9,10/29/24,6,S1,MAT701 / 16,ALGEBRA II A,JASON BLAESING,11,2026,A-,3.53 pts,1,,313,,Yes
10,11/5/24,6,S1,MAT701 / 16,ALGEBRA II A,JASON BLAESING,11,2026,A-,3.48 pts,4,,313,,Yes
2,9/10/24,6,S1,MAT701 / 16,ALGEBRA II A,JASON BLAESING,11,2026,,,0,,314,,Yes
3,9/17/24,6,S1,MAT701 / 16,ALGEBRA II A,JASON BLAESING,11,2026,A,4.00 pts,0,,314,,Yes
4,9/24/24,6,S1,MAT701 / 16,ALGEBRA II A,JASON BLAESING,11,2026,C-,2.15 pts,0,,314,,Yes
5,10/1/24,6,S1,MAT701 / 16,ALGEBRA II A,JASON BLAESING,11,2026,A,3.91 pts,0,,314,,Yes
6,10/8/24,6,S1,MAT701 / 16,ALGEBRA II A,JASON BLAESING,11,2026,A,3.98 pts,0,,314,,Yes
7,10/16/24,6,S1,MAT701 / 16,ALGEBRA II A,JASON BLAESING,11,2026,B+,3.32 pts,0,,314,,Yes
8,10/22/24,6,S1,MAT701 / 16,ALGEBRA II A,JASON BLAESING,11,2026,B+,3.28 pts,0,,314,,Yes
9,10/29/24,6,S1,MAT701 / 16,ALGEBRA II A,JASON BLAESING,11,2026,A-,3.51 pts,0,,314,,Yes
10,11/5/24,6,S1,MAT701 / 16,ALGEBRA II A,JASON BLAESING,11,2026,A-,3.51 pts,0.86,,314,,Yes
2,9/10/24,2,S1,SCI609 / 12,CHEMISTRY/A,GRANT MERRILL,11,2026,A,4.00 pts,0,,315,,Yes
3,9/17/24,2,S1,SCI609 / 12,CHEMISTRY/A,GRANT MERRILL,11,2026,B+,3.27 pts,0,,315,,Yes
4,9/24/24,2,S1,SCI609 / 12,CHEMISTRY/A,GRANT MERRILL,11,2026,A,3.97 pts,0,,315,,Yes
5,10/1/24,2,S1,SCI609 / 12,CHEMISTRY/A,GRANT MERRILL,11,2026,A,3.95 pts,0,,315,,Yes
6,10/8/24,2,S1,SCI609 / 12,CHEMISTRY/A,GRANT MERRILL,11,2026,B,2.99 pts,0,,315,,Yes
7,10/16/24,2,S1,SCI609 / 12,CHEMISTRY/A,GRANT MERRILL,11,2026,A-,3.47 pts,0,,315,,Yes
8,10/22/24,2,S1,SCI609 / 12,CHEMISTRY/A,GRANT MERRILL,11,2026,A,3.95 pts,0,,315,,Yes
9,10/29/24,2,S1,SCI609 / 12,CHEMISTRY/A,GRANT MERRILL,11,2026,A,3.93 pts,0,,315,,Yes
10,11/5/24,2,S1,SCI609 / 12,CHEMISTRY/A,GRANT MERRILL,11,2026,A,3.93 pts,0,,315,,Yes
2,9/10/24,6,S1,MAT701 / 16,ALGEBRA II A,JASON BLAESING,11,2026,,,0,,316,,Yes
3,9/17/24,6,S1,MAT701 / 16,ALGEBRA II A,JASON BLAESING,11,2026,A,4.00 pts,0,,316,,Yes
4,9/24/24,6,S1,MAT701 / 16,ALGEBRA II A,JASON BLAESING,11,2026,C-,2.02 pts,0.57,,316,,Yes
5,10/1/24,6,S1,MAT701 / 16,ALGEBRA II A,JASON BLAESING,11,2026,B,2.96 pts,1.57,,316,,Yes
6,10/8/24,6,S1,MAT701 / 16,ALGEBRA II A,JASON BLAESING,11,2026,A-,3.47 pts,1.57,,316,,Yes
7,10/16/24,6,S1,MAT701 / 16,ALGEBRA II A,JASON BLAESING,11,2026,B+,3.37 pts,1.57,,316,,Yes
8,10/22/24,6,S1,MAT701 / 16,ALGEBRA II A,JASON BLAESING,11,2026,A,3.69 pts,2.57,,316,,Yes
9,10/29/24,6,S1,MAT701 / 16,ALGEBRA II A,JASON BLAESING,11,2026,A-,3.53 pts,2.57,,316,,Yes
10,11/5/24,6,S1,MAT701 / 16,ALGEBRA II A,JASON BLAESING,11,2026,A,3.73 pts,2.57,,316,,Yes
2,9/10/24,2,S1,ENG601 / 12,SOPH ENG/A,KELLY GREGERSEN,10,2027,A,4.00 pts,0,,317,,Yes
2,9/10/24,3,S1,MAT522 / 13,GEOMETRY A,ROCHELLE AITON,10,2027,,,0,,317,,Yes
3,9/17/24,2,S1,ENG601 / 12,SOPH ENG/A,KELLY GREGERSEN,10,2027,F,0.43 pts,0,,317,,Yes
3,9/17/24,3,S1,MAT522 / 13,GEOMETRY A,ROCHELLE AITON,10,2027,F,0.95 pts,0,,317,,Yes
4,9/24/24,2,S1,ENG601 / 12,SOPH ENG/A,KELLY GREGERSEN,10,2027,F,0.17 pts,2,,317,,Yes
4,9/24/24,3,S1,MAT522 / 13,GEOMETRY A,ROCHELLE AITON,10,2027,F,0.95 pts,2,,317,,Yes
5,10/1/24,2,S1,ENG601 / 12,SOPH ENG/A,KELLY GREGERSEN,10,2027,F,0.17 pts,3.57,,317,,Yes
5,10/1/24,3,S1,MAT522 / 13,GEOMETRY A,ROCHELLE AITON,10,2027,F,0.95 pts,3.57,,317,,Yes
6,10/8/24,2,S1,ENG601 / 12,SOPH ENG/A,KELLY GREGERSEN,10,2027,F,0.14 pts,4.14,,317,,Yes
6,10/8/24,3,S1,MAT522 / 13,GEOMETRY A,ROCHELLE AITON,10,2027,F,1.43 pts,4.14,,317,,Yes
7,10/16/24,2,S1,ENG601 / 12,SOPH ENG/A,KELLY GREGERSEN,10,2027,F,0.17 pts,4.43,,317,,Yes
7,10/16/24,3,S1,MAT522 / 13,GEOMETRY A,ROCHELLE AITON,10,2027,F,1.43 pts,4.14,,317,,Yes
8,10/22/24,2,S1,ENG601 / 12,SOPH ENG/A,KELLY GREGERSEN,10,2027,F,0.11 pts,8.43,,317,,Yes
8,10/22/24,3,S1,MAT522 / 13,GEOMETRY A,ROCHELLE AITON,10,2027,F,1.45 pts,8.14,,317,,Yes
8,10/22/24,3,S1,MAT522 / 13,GEOMETRY A,NINETTE LILIENTHAL,10,2027,F,1.45 pts,8.14,,317,,Yes
9,10/29/24,2,S1,ENG601 / 12,SOPH ENG/A,KELLY GREGERSEN,10,2027,F,0.11 pts,9,,317,,Yes
9,10/29/24,3,S1,MAT522 / 13,GEOMETRY A,ROCHELLE AITON,10,2027,F,1.44 pts,8.57,,317,,Yes
9,10/29/24,3,S1,MAT522 / 13,GEOMETRY A,NINETTE LILIENTHAL,10,2027,F,1.44 pts,8.57,,317,,Yes
10,11/5/24,2,S1,ENG601 / 12,SOPH ENG/A,KELLY GREGERSEN,10,2027,F,0.11 pts,9.86,,317,,Yes
10,11/5/24,3,S1,MAT522 / 13,GEOMETRY A,ROCHELLE AITON,10,2027,F,1.44 pts,9.43,,317,,Yes
10,11/5/24,3,S1,MAT522 / 13,GEOMETRY A,NINETTE LILIENTHAL,10,2027,F,1.44 pts,9.43,,317,,Yes
2,9/10/24,1,S1,MAT522 / 11,GEOMETRY A,ROCHELLE AITON,10,2027,,,0,,318,,Yes
2,9/10/24,3,S1,SCI601 / 13,BIOLOGY A,GRANT MERRILL,10,2027,A,4.00 pts,0,,318,,Yes
3,9/17/24,1,S1,MAT522 / 11,GEOMETRY A,ROCHELLE AITON,10,2027,F,0.95 pts,2,,318,,Yes
3,9/17/24,3,S1,SCI601 / 13,BIOLOGY A,GRANT MERRILL,10,2027,F,0.99 pts,2.14,,318,,Yes
4,9/24/24,1,S1,MAT522 / 11,GEOMETRY A,ROCHELLE AITON,10,2027,F,0.95 pts,2,,318,,Yes
4,9/24/24,3,S1,SCI601 / 13,BIOLOGY A,GRANT MERRILL,10,2027,F,0.99 pts,2.14,,318,,Yes
5,10/1/24,1,S1,MAT522 / 11,GEOMETRY A,ROCHELLE AITON,10,2027,F,0.95 pts,2,,318,,Yes
5,10/1/24,3,S1,SCI601 / 13,BIOLOGY A,GRANT MERRILL,10,2027,A,3.70 pts,2.14,,318,,Yes
6,10/8/24,1,S1,MAT522 / 11,GEOMETRY A,ROCHELLE AITON,10,2027,D+,1.86 pts,3,,318,,Yes
6,10/8/24,3,S1,SCI601 / 13,BIOLOGY A,GRANT MERRILL,10,2027,A,3.68 pts,3.14,,318,,Yes
7,10/16/24,1,S1,MAT522 / 11,GEOMETRY A,ROCHELLE AITON,10,2027,D+,1.86 pts,4,,318,,Yes
7,10/16/24,3,S1,SCI601 / 13,BIOLOGY A,GRANT MERRILL,10,2027,A,3.68 pts,4.29,,318,,Yes
8,10/22/24,1,S1,MAT522 / 11,GEOMETRY A,ROCHELLE AITON,10,2027,D+,1.86 pts,4.71,,318,,Yes
8,10/22/24,1,S1,MAT522 / 11,GEOMETRY A,NINETTE LILIENTHAL,10,2027,D+,1.86 pts,4.71,,318,,Yes
8,10/22/24,3,S1,SCI601 / 13,BIOLOGY A,GRANT MERRILL,10,2027,C-,2.07 pts,4.86,,318,,Yes
9,10/29/24,1,S1,MAT522 / 11,GEOMETRY A,ROCHELLE AITON,10,2027,C,2.25 pts,4.71,,318,,Yes
9,10/29/24,1,S1,MAT522 / 11,GEOMETRY A,NINETTE LILIENTHAL,10,2027,C,2.25 pts,4.71,,318,,Yes
9,10/29/24,3,S1,SCI601 / 13,BIOLOGY A,GRANT MERRILL,10,2027,C-,2.07 pts,4.86,,318,,Yes
10,11/5/24,1,S1,MAT522 / 11,GEOMETRY A,ROCHELLE AITON,10,2027,C,2.25 pts,4.71,,318,,Yes
10,11/5/24,1,S1,MAT522 / 11,GEOMETRY A,NINETTE LILIENTHAL,10,2027,C,2.25 pts,4.71,,318,,Yes
10,11/5/24,3,S1,SCI601 / 13,BIOLOGY A,GRANT MERRILL,10,2027,C-,2.15 pts,4.86,,318,,Yes
2,9/10/24,2,S1,MAT701 / 12,ALGEBRA II A,JASON BLAESING,11,2026,,,0,,319,,Yes
3,9/17/24,2,S1,MAT701 / 12,ALGEBRA II A,JASON BLAESING,11,2026,F,0.00 pts,1.29,,319,,Yes
4,9/24/24,2,S1,MAT701 / 12,ALGEBRA II A,JASON BLAESING,11,2026,D+,1.98 pts,1.57,,319,,Yes
5,10/1/24,2,S1,MAT701 / 12,ALGEBRA II A,JASON BLAESING,11,2026,D+,1.93 pts,2.14,,319,,Yes
6,10/8/24,2,S1,MAT701 / 12,ALGEBRA II A,JASON BLAESING,11,2026,F,1.60 pts,3.14,,319,,Yes
7,10/16/24,2,S1,MAT701 / 12,ALGEBRA II A,JASON BLAESING,11,2026,D,1.70 pts,4.29,,319,,Yes
8,10/22/24,2,S1,MAT701 / 12,ALGEBRA II A,JASON BLAESING,11,2026,C+,2.60 pts,4.86,,319,,Yes
9,10/29/24,2,S1,MAT701 / 12,ALGEBRA II A,JASON BLAESING,11,2026,C,2.47 pts,4.86,,319,,Yes
10,11/5/24,2,S1,MAT701 / 12,ALGEBRA II A,JASON BLAESING,11,2026,C+,2.50 pts,4.86,,319,,Yes
2,9/10/24,2,S1,MAT701 / 12,ALGEBRA II A,JASON BLAESING,11,2026,,,0,,320,,Yes
2,9/10/24,6,S1,SOC701 / 16,US HISTORY/A,SCOTT BOOTHBY,11,2026,B,3.00 pts,0,,320,,Yes
3,9/17/24,2,S1,MAT701 / 12,ALGEBRA II A,JASON BLAESING,11,2026,A,4.00 pts,1,,320,,Yes
3,9/17/24,6,S1,SOC701 / 16,US HISTORY/A,SCOTT BOOTHBY,11,2026,B,3.00 pts,1,,320,,Yes
4,9/24/24,2,S1,MAT701 / 12,ALGEBRA II A,JASON BLAESING,11,2026,A,3.96 pts,1,,320,,Yes
4,9/24/24,6,S1,SOC701 / 16,US HISTORY/A,SCOTT BOOTHBY,11,2026,A-,3.45 pts,1.29,,320,,Yes
5,10/1/24,2,S1,MAT701 / 12,ALGEBRA II A,JASON BLAESING,11,2026,A,3.92 pts,1,,320,,Yes
5,10/1/24,6,S1,SOC701 / 16,US HISTORY/A,SCOTT BOOTHBY,11,2026,B+,3.37 pts,1.43,,320,,Yes
6,10/8/24,2,S1,MAT701 / 12,ALGEBRA II A,JASON BLAESING,11,2026,A,3.98 pts,1,,320,,Yes
6,10/8/24,6,S1,SOC701 / 16,US HISTORY/A,SCOTT BOOTHBY,11,2026,A-,3.41 pts,1.71,,320,,Yes
7,10/16/24,2,S1,MAT701 / 12,ALGEBRA II A,JASON BLAESING,11,2026,A,3.67 pts,1,,320,,Yes
7,10/16/24,6,S1,SOC701 / 16,US HISTORY/A,SCOTT BOOTHBY,11,2026,B+,3.23 pts,1.86,,320,,Yes
8,10/22/24,2,S1,MAT701 / 12,ALGEBRA II A,JASON BLAESING,11,2026,A,3.99 pts,1,,320,,Yes
8,10/22/24,6,S1,SOC701 / 16,US HISTORY/A,SCOTT BOOTHBY,11,2026,B+,3.23 pts,1.86,,320,,Yes
9,10/29/24,2,S1,MAT701 / 12,ALGEBRA II A,JASON BLAESING,11,2026,A,3.76 pts,1,,320,,Yes
9,10/29/24,6,S1,SOC701 / 16,US HISTORY/A,SCOTT BOOTHBY,11,2026,B+,3.25 pts,1.86,,320,,Yes
10,11/5/24,2,S1,MAT701 / 12,ALGEBRA II A,JASON BLAESING,11,2026,A,3.76 pts,1,,320,,Yes
10,11/5/24,6,S1,SOC701 / 16,US HISTORY/A,SCOTT BOOTHBY,11,2026,B,3.12 pts,1.86,,320,,Yes
2,9/10/24,2,S1,BUS301 / 12,PERSONAL FINANCE A,NICOLE SIMEK,12,2025,,,1.57,,321,,Yes
3,9/17/24,2,S1,BUS301 / 12,PERSONAL FINANCE A,NICOLE SIMEK,12,2025,F,0.00 pts,3.29,,321,,Yes
4,9/24/24,2,S1,BUS301 / 12,PERSONAL FINANCE A,NICOLE SIMEK,12,2025,F,0.99 pts,4.57,,321,,Yes
5,10/1/24,2,S1,BUS301 / 12,PERSONAL FINANCE A,NICOLE SIMEK,12,2025,F,0.98 pts,4.86,,321,,Yes
6,10/8/24,2,S1,BUS301 / 12,PERSONAL FINANCE A,NICOLE SIMEK,12,2025,F,0.97 pts,4.86,,321,,Yes
7,10/16/24,2,S1,BUS301 / 12,PERSONAL FINANCE A,NICOLE SIMEK,12,2025,F,0.78 pts,6.57,,321,,Yes
8,10/22/24,2,S1,BUS301 / 12,PERSONAL FINANCE A,NICOLE SIMEK,12,2025,F,0.40 pts,8.43,,321,,Yes
9,10/29/24,2,S1,BUS301 / 12,PERSONAL FINANCE A,NICOLE SIMEK,12,2025,F,0.39 pts,9.57,,321,,Yes
10,11/5/24,2,S1,BUS301 / 12,PERSONAL FINANCE A,NICOLE SIMEK,12,2025,F,0.39 pts,10,,321,,Yes
2,9/10/24,2,S1,BUS301 / 12,PERSONAL FINANCE A,NICOLE SIMEK,12,2025,,,0.14,,322,,Yes
3,9/17/24,2,S1,BUS301 / 12,PERSONAL FINANCE A,NICOLE SIMEK,12,2025,B-,2.85 pts,1.14,,322,,Yes
4,9/24/24,2,S1,BUS301 / 12,PERSONAL FINANCE A,NICOLE SIMEK,12,2025,B,2.95 pts,1.14,,322,,Yes
5,10/1/24,2,S1,BUS301 / 12,PERSONAL FINANCE A,NICOLE SIMEK,12,2025,B,2.95 pts,1.29,,322,,Yes
6,10/8/24,2,S1,BUS301 / 12,PERSONAL FINANCE A,NICOLE SIMEK,12,2025,C,2.21 pts,1.29,,322,,Yes
7,10/16/24,2,S1,BUS301 / 12,PERSONAL FINANCE A,NICOLE SIMEK,12,2025,D,1.76 pts,2,,322,,Yes
8,10/22/24,2,S1,BUS301 / 12,PERSONAL FINANCE A,NICOLE SIMEK,12,2025,C,2.37 pts,2.86,,322,,Yes
9,10/29/24,2,S1,BUS301 / 12,PERSONAL FINANCE A,NICOLE SIMEK,12,2025,B-,2.87 pts,2.86,,322,,Yes
10,11/5/24,2,S1,BUS301 / 12,PERSONAL FINANCE A,NICOLE SIMEK,12,2025,B-,2.87 pts,2.86,,322,,Yes
2,9/10/24,3,S1,BUS301 / 13,PERSONAL FINANCE A,NICOLE SIMEK,12,2025,,,1,,323,,Yes
2,9/10/24,1,S1,MAT704 / 11,PRE-CALC A MAT 153,BRIAN ANDERSON,12,2025,,,1,,323,,Yes
3,9/17/24,1,S1,MAT704 / 11,PRE-CALC A MAT 153,BRIAN ANDERSON,12,2025,,,1.14,,323,,Yes
3,9/17/24,3,S1,BUS301 / 13,PERSONAL FINANCE A,NICOLE SIMEK,12,2025,A,4.00 pts,1,,323,,Yes
4,9/24/24,1,S1,MAT704 / 11,PRE-CALC A MAT 153,BRIAN ANDERSON,12,2025,F,0.95 pts,1.14,,323,,Yes
4,9/24/24,3,S1,BUS301 / 13,PERSONAL FINANCE A,NICOLE SIMEK,12,2025,A,3.68 pts,1,,323,,Yes
5,10/1/24,1,S1,MAT704 / 11,PRE-CALC A MAT 153,BRIAN ANDERSON,12,2025,F,0.95 pts,1.14,,323,,Yes
5,10/1/24,3,S1,BUS301 / 13,PERSONAL FINANCE A,NICOLE SIMEK,12,2025,A,4.00 pts,1,,323,,Yes
6,10/8/24,1,S1,MAT704 / 11,PRE-CALC A MAT 153,BRIAN ANDERSON,12,2025,F,0.95 pts,1.14,,323,,Yes
6,10/8/24,3,S1,BUS301 / 13,PERSONAL FINANCE A,NICOLE SIMEK,12,2025,A,3.72 pts,1.14,,323,,Yes
7,10/16/24,1,S1,MAT704 / 11,PRE-CALC A MAT 153,BRIAN ANDERSON,12,2025,F,0.95 pts,1.14,,323,,Yes
7,10/16/24,3,S1,BUS301 / 13,PERSONAL FINANCE A,NICOLE SIMEK,12,2025,A-,3.54 pts,1.14,,323,,Yes
8,10/22/24,1,S1,MAT704 / 11,PRE-CALC A MAT 153,BRIAN ANDERSON,12,2025,F,1.29 pts,1.29,,323,,Yes
8,10/22/24,3,S1,BUS301 / 13,PERSONAL FINANCE A,NICOLE SIMEK,12,2025,A-,3.54 pts,1.14,,323,,Yes
9,10/29/24,1,S1,MAT704 / 11,PRE-CALC A MAT 153,BRIAN ANDERSON,12,2025,F,1.28 pts,2.57,,323,,Yes
9,10/29/24,3,S1,BUS301 / 13,PERSONAL FINANCE A,NICOLE SIMEK,12,2025,A,3.69 pts,2.14,,323,,Yes
10,11/5/24,1,S1,MAT704 / 11,PRE-CALC A MAT 153,BRIAN ANDERSON,12,2025,F,1.63 pts,3.43,,323,,Yes
10,11/5/24,3,S1,BUS301 / 13,PERSONAL FINANCE A,NICOLE SIMEK,12,2025,A,3.69 pts,3,,323,,Yes
2,9/10/24,2,S1,ENG601 / 12,SOPH ENG/A,KELLY GREGERSEN,10,2027,A,4.00 pts,0,,324,,Yes
2,9/10/24,3,S1,MAT522 / 13,GEOMETRY A,ROCHELLE AITON,10,2027,,,0,,324,,Yes
3,9/17/24,2,S1,ENG601 / 12,SOPH ENG/A,KELLY GREGERSEN,10,2027,B,3.07 pts,0,,324,,Yes
3,9/17/24,3,S1,MAT522 / 13,GEOMETRY A,ROCHELLE AITON,10,2027,B,3.00 pts,0,,324,,Yes
4,9/24/24,2,S1,ENG601 / 12,SOPH ENG/A,KELLY GREGERSEN,10,2027,C+,2.59 pts,0,,324,,Yes
4,9/24/24,3,S1,MAT522 / 13,GEOMETRY A,ROCHELLE AITON,10,2027,A,3.95 pts,0,,324,,Yes
5,10/1/24,2,S1,ENG601 / 12,SOPH ENG/A,KELLY GREGERSEN,10,2027,C+,2.59 pts,0,,324,,Yes
5,10/1/24,3,S1,MAT522 / 13,GEOMETRY A,ROCHELLE AITON,10,2027,A,3.95 pts,0,,324,,Yes
6,10/8/24,2,S1,ENG601 / 12,SOPH ENG/A,KELLY GREGERSEN,10,2027,B,3.05 pts,0,,324,,Yes
6,10/8/24,3,S1,MAT522 / 13,GEOMETRY A,ROCHELLE AITON,10,2027,C+,2.53 pts,0,,324,,Yes
7,10/16/24,2,S1,ENG601 / 12,SOPH ENG/A,KELLY GREGERSEN,10,2027,B,3.05 pts,0,,324,,Yes
7,10/16/24,3,S1,MAT522 / 13,GEOMETRY A,ROCHELLE AITON,10,2027,C+,2.53 pts,0,,324,,Yes
8,10/22/24,2,S1,ENG601 / 12,SOPH ENG/A,KELLY GREGERSEN,10,2027,C,2.26 pts,0,,324,,Yes
8,10/22/24,3,S1,MAT522 / 13,GEOMETRY A,ROCHELLE AITON,10,2027,C+,2.50 pts,0,,324,,Yes
8,10/22/24,3,S1,MAT522 / 13,GEOMETRY A,NINETTE LILIENTHAL,10,2027,C+,2.50 pts,0,,324,,Yes
9,10/29/24,2,S1,ENG601 / 12,SOPH ENG/A,KELLY GREGERSEN,10,2027,C,2.26 pts,0,,324,,Yes
9,10/29/24,3,S1,MAT522 / 13,GEOMETRY A,ROCHELLE AITON,10,2027,C,2.37 pts,0,,324,,Yes
9,10/29/24,3,S1,MAT522 / 13,GEOMETRY A,NINETTE LILIENTHAL,10,2027,C,2.37 pts,0,,324,,Yes
10,11/5/24,2,S1,ENG601 / 12,SOPH ENG/A,KELLY GREGERSEN,10,2027,C,2.26 pts,0,,324,,Yes
10,11/5/24,3,S1,MAT522 / 13,GEOMETRY A,ROCHELLE AITON,10,2027,C,2.37 pts,0,,324,,Yes
10,11/5/24,3,S1,MAT522 / 13,GEOMETRY A,NINETTE LILIENTHAL,10,2027,C,2.37 pts,0,,324,,Yes
2,9/10/24,2,S1,BUS301 / 12,PERSONAL FINANCE A,NICOLE SIMEK,12,2025,,,0,,325,,Yes
2,9/10/24,1,S1,MAT704 / 11,PRE-CALC A MAT 153,BRIAN ANDERSON,12,2025,,,0.43,,325,,Yes
3,9/17/24,1,S1,MAT704 / 11,PRE-CALC A MAT 153,BRIAN ANDERSON,12,2025,A,4.00 pts,0.43,,325,,Yes
3,9/17/24,2,S1,BUS301 / 12,PERSONAL FINANCE A,NICOLE SIMEK,12,2025,A,4.00 pts,0,,325,,Yes
4,9/24/24,1,S1,MAT704 / 11,PRE-CALC A MAT 153,BRIAN ANDERSON,12,2025,B,3.00 pts,1.43,,325,,Yes
4,9/24/24,2,S1,BUS301 / 12,PERSONAL FINANCE A,NICOLE SIMEK,12,2025,A,4.00 pts,1,,325,,Yes
5,10/1/24,1,S1,MAT704 / 11,PRE-CALC A MAT 153,BRIAN ANDERSON,12,2025,B,3.00 pts,1.71,,325,,Yes
5,10/1/24,2,S1,BUS301 / 12,PERSONAL FINANCE A,NICOLE SIMEK,12,2025,A,4.00 pts,1,,325,,Yes
6,10/8/24,1,S1,MAT704 / 11,PRE-CALC A MAT 153,BRIAN ANDERSON,12,2025,B,3.00 pts,1.71,,325,,Yes
6,10/8/24,2,S1,BUS301 / 12,PERSONAL FINANCE A,NICOLE SIMEK,12,2025,A,3.99 pts,1,,325,,Yes
7,10/16/24,1,S1,MAT704 / 11,PRE-CALC A MAT 153,BRIAN ANDERSON,12,2025,D+,1.96 pts,1.71,,325,,Yes
7,10/16/24,2,S1,BUS301 / 12,PERSONAL FINANCE A,NICOLE SIMEK,12,2025,A,3.99 pts,1,,325,,Yes
8,10/22/24,1,S1,MAT704 / 11,PRE-CALC A MAT 153,BRIAN ANDERSON,12,2025,D+,1.96 pts,1.71,,325,,Yes
8,10/22/24,2,S1,BUS301 / 12,PERSONAL FINANCE A,NICOLE SIMEK,12,2025,A,4.00 pts,1,,325,,Yes
9,10/29/24,1,S1,MAT704 / 11,PRE-CALC A MAT 153,BRIAN ANDERSON,12,2025,C-,2.04 pts,1.71,,325,,Yes
9,10/29/24,2,S1,BUS301 / 12,PERSONAL FINANCE A,NICOLE SIMEK,12,2025,A,3.99 pts,1,,325,,Yes
10,11/5/24,1,S1,MAT704 / 11,PRE-CALC A MAT 153,BRIAN ANDERSON,12,2025,C-,2.02 pts,3.14,,325,,Yes
10,11/5/24,2,S1,BUS301 / 12,PERSONAL FINANCE A,NICOLE SIMEK,12,2025,A,3.99 pts,2.29,,325,,Yes
2,9/10/24,3,S1,BUS301 / 13,PERSONAL FINANCE A,NICOLE SIMEK,12,2025,,,0,,326,,Yes
3,9/17/24,3,S1,BUS301 / 13,PERSONAL FINANCE A,NICOLE SIMEK,12,2025,A,4.00 pts,0,,326,,Yes
4,9/24/24,3,S1,BUS301 / 13,PERSONAL FINANCE A,NICOLE SIMEK,12,2025,A,4.00 pts,0,,326,,Yes
5,10/1/24,3,S1,BUS301 / 13,PERSONAL FINANCE A,NICOLE SIMEK,12,2025,A,4.00 pts,0,,326,,Yes
6,10/8/24,3,S1,BUS301 / 13,PERSONAL FINANCE A,NICOLE SIMEK,12,2025,A,4.00 pts,0,,326,,Yes
7,10/16/24,3,S1,BUS301 / 13,PERSONAL FINANCE A,NICOLE SIMEK,12,2025,A,4.00 pts,0,,326,,Yes
8,10/22/24,3,S1,BUS301 / 13,PERSONAL FINANCE A,NICOLE SIMEK,12,2025,A,4.00 pts,0,,326,,Yes
9,10/29/24,3,S1,BUS301 / 13,PERSONAL FINANCE A,NICOLE SIMEK,12,2025,A,4.00 pts,0,,326,,Yes
10,11/5/24,3,S1,BUS301 / 13,PERSONAL FINANCE A,NICOLE SIMEK,12,2025,A,4.00 pts,0,,326,,Yes
2,9/10/24,2,S1,BUS301 / 12,PERSONAL FINANCE A,NICOLE SIMEK,11,2026,,,0,,327,,Yes
2,9/10/24,5,S1,ENG701 / 15,JUNIOR ENG/A,JOHN CARVER,11,2026,,,0,,327,,Yes
2,9/10/24,6,S1,SOC701 / 16,US HISTORY/A,SCOTT BOOTHBY,11,2026,C-,2.00 pts,0,,327,,Yes
3,9/17/24,2,S1,BUS301 / 12,PERSONAL FINANCE A,NICOLE SIMEK,11,2026,A,4.00 pts,0,,327,,Yes
3,9/17/24,5,S1,ENG701 / 15,JUNIOR ENG/A,JOHN CARVER,11,2026,A,3.90 pts,0,,327,,Yes
3,9/17/24,6,S1,SOC701 / 16,US HISTORY/A,SCOTT BOOTHBY,11,2026,F,1.56 pts,0,,327,,Yes
4,9/24/24,2,S1,BUS301 / 12,PERSONAL FINANCE A,NICOLE SIMEK,11,2026,A,4.00 pts,0,,327,,Yes
4,9/24/24,5,S1,ENG701 / 15,JUNIOR ENG/A,JOHN CARVER,11,2026,B+,3.32 pts,0,,327,,Yes
4,9/24/24,6,S1,SOC701 / 16,US HISTORY/A,SCOTT BOOTHBY,11,2026,B,3.00 pts,0,,327,,Yes
5,10/1/24,2,S1,BUS301 / 12,PERSONAL FINANCE A,NICOLE SIMEK,11,2026,A,4.00 pts,0,,327,,Yes
5,10/1/24,5,S1,ENG701 / 15,JUNIOR ENG/A,JOHN CARVER,11,2026,A-,3.48 pts,0,,327,,Yes
5,10/1/24,6,S1,SOC701 / 16,US HISTORY/A,SCOTT BOOTHBY,11,2026,B,3.00 pts,0.14,,327,,Yes
6,10/8/24,2,S1,BUS301 / 12,PERSONAL FINANCE A,NICOLE SIMEK,11,2026,A,3.76 pts,0,,327,,Yes
6,10/8/24,5,S1,ENG701 / 15,JUNIOR ENG/A,JOHN CARVER,11,2026,A,3.61 pts,0,,327,,Yes
6,10/8/24,6,S1,SOC701 / 16,US HISTORY/A,SCOTT BOOTHBY,11,2026,B,3.04 pts,0.14,,327,,Yes
7,10/16/24,2,S1,BUS301 / 12,PERSONAL FINANCE A,NICOLE SIMEK,11,2026,A,3.81 pts,0,,327,,Yes
7,10/16/24,5,S1,ENG701 / 15,JUNIOR ENG/A,JOHN CARVER,11,2026,A,3.66 pts,0,,327,,Yes
7,10/16/24,6,S1,SOC701 / 16,US HISTORY/A,SCOTT BOOTHBY,11,2026,B,3.02 pts,0.14,,327,,Yes
8,10/22/24,2,S1,BUS301 / 12,PERSONAL FINANCE A,NICOLE SIMEK,11,2026,B,2.93 pts,0,,327,,Yes
8,10/22/24,5,S1,ENG701 / 15,JUNIOR ENG/A,JOHN CARVER,11,2026,A-,3.54 pts,0,,327,,Yes
8,10/22/24,6,S1,SOC701 / 16,US HISTORY/A,SCOTT BOOTHBY,11,2026,B,3.01 pts,0.14,,327,,Yes
9,10/29/24,2,S1,BUS301 / 12,PERSONAL FINANCE A,NICOLE SIMEK,11,2026,B+,3.29 pts,0,,327,,Yes
9,10/29/24,5,S1,ENG701 / 15,JUNIOR ENG/A,JOHN CARVER,11,2026,A,3.66 pts,0,,327,,Yes
9,10/29/24,6,S1,SOC701 / 16,US HISTORY/A,SCOTT BOOTHBY,11,2026,B+,3.27 pts,0.14,,327,,Yes
10,11/5/24,2,S1,BUS301 / 12,PERSONAL FINANCE A,NICOLE SIMEK,11,2026,B+,3.29 pts,0,,327,,Yes
10,11/5/24,5,S1,ENG701 / 15,JUNIOR ENG/A,JOHN CARVER,11,2026,A,3.68 pts,0,,327,,Yes
10,11/5/24,6,S1,SOC701 / 16,US HISTORY/A,SCOTT BOOTHBY,11,2026,B+,3.20 pts,0.14,,327,,Yes
2,9/10/24,1,S1,MAT704 / 11,PRE-CALC A MAT 153,BRIAN ANDERSON,11,2026,,,0,,328,,Yes
3,9/17/24,1,S1,MAT704 / 11,PRE-CALC A MAT 153,BRIAN ANDERSON,11,2026,,,0,,328,,Yes
4,9/24/24,1,S1,MAT704 / 11,PRE-CALC A MAT 153,BRIAN ANDERSON,11,2026,F,0.95 pts,1,,328,,Yes
5,10/1/24,1,S1,MAT704 / 11,PRE-CALC A MAT 153,BRIAN ANDERSON,11,2026,F,0.95 pts,1,,328,,Yes
6,10/8/24,1,S1,MAT704 / 11,PRE-CALC A MAT 153,BRIAN ANDERSON,11,2026,B-,2.85 pts,1,,328,,Yes
7,10/16/24,1,S1,MAT704 / 11,PRE-CALC A MAT 153,BRIAN ANDERSON,11,2026,C,2.42 pts,1,,328,,Yes
8,10/22/24,1,S1,MAT704 / 11,PRE-CALC A MAT 153,BRIAN ANDERSON,11,2026,C,2.26 pts,1,,328,,Yes
9,10/29/24,1,S1,MAT704 / 11,PRE-CALC A MAT 153,BRIAN ANDERSON,11,2026,C,2.24 pts,1,,328,,Yes
10,11/5/24,1,S1,MAT704 / 11,PRE-CALC A MAT 153,BRIAN ANDERSON,11,2026,C,2.21 pts,1,,328,,Yes
2,9/10/24,6,S1,SCI601 / 16,BIOLOGY A,GRANT MERRILL,10,2027,,,1.31,,329,,Yes
3,9/17/24,6,S1,SCI601 / 16,BIOLOGY A,GRANT MERRILL,10,2027,F,1.01 pts,1.88,,329,,Yes
4,9/24/24,6,S1,SCI601 / 16,BIOLOGY A,GRANT MERRILL,10,2027,D+,1.92 pts,1.88,,329,,Yes
5,10/1/24,6,S1,SCI601 / 16,BIOLOGY A,GRANT MERRILL,10,2027,D+,1.91 pts,2.88,,329,,Yes
2,9/10/24,5,S1,ENG601 / 15,SOPH ENG/A,MARCEE SALAS,10,2027,A,4.00 pts,0,,330,,Yes
2,9/10/24,6,S1,SCI601 / 36,BIOLOGY A,WILLIAM BAUR,10,2027,,,0,,330,,Yes
3,9/17/24,5,S1,ENG601 / 15,SOPH ENG/A,MARCEE SALAS,10,2027,A,4.00 pts,0,,330,,Yes
3,9/17/24,6,S1,SCI601 / 36,BIOLOGY A,WILLIAM BAUR,10,2027,F,0.00 pts,0,,330,,Yes
4,9/24/24,5,S1,ENG601 / 15,SOPH ENG/A,MARCEE SALAS,10,2027,B-,2.81 pts,0,,330,,Yes
4,9/24/24,6,S1,SCI601 / 36,BIOLOGY A,WILLIAM BAUR,10,2027,B,3.00 pts,0,,330,,Yes
5,10/1/24,5,S1,ENG601 / 15,SOPH ENG/A,MARCEE SALAS,10,2027,B-,2.86 pts,0,,330,,Yes
5,10/1/24,6,S1,SCI601 / 36,BIOLOGY A,WILLIAM BAUR,10,2027,A-,3.50 pts,0,,330,,Yes
6,10/8/24,5,S1,ENG601 / 15,SOPH ENG/A,MARCEE SALAS,10,2027,B-,2.80 pts,0,,330,,Yes
6,10/8/24,6,S1,SCI601 / 36,BIOLOGY A,WILLIAM BAUR,10,2027,C-,2.05 pts,0,,330,,Yes
7,10/16/24,5,S1,ENG601 / 15,SOPH ENG/A,MARCEE SALAS,10,2027,B-,2.79 pts,0.29,,330,,Yes
7,10/16/24,6,S1,SCI601 / 36,BIOLOGY A,WILLIAM BAUR,10,2027,F,1.05 pts,0,,330,,Yes
8,10/22/24,5,S1,ENG601 / 15,SOPH ENG/A,MARCEE SALAS,10,2027,C,2.25 pts,0.29,,330,,Yes
8,10/22/24,6,S1,SCI601 / 36,BIOLOGY A,WILLIAM BAUR,10,2027,B,3.00 pts,0,,330,,Yes
9,10/29/24,5,S1,ENG601 / 15,SOPH ENG/A,MARCEE SALAS,10,2027,C,2.34 pts,0.29,,330,,Yes
9,10/29/24,6,S1,SCI601 / 36,BIOLOGY A,WILLIAM BAUR,10,2027,C,2.26 pts,0,,330,,Yes
10,11/5/24,5,S1,ENG601 / 15,SOPH ENG/A,MARCEE SALAS,10,2027,F,1.53 pts,0.29,,330,,Yes
10,11/5/24,6,S1,SCI601 / 36,BIOLOGY A,WILLIAM BAUR,10,2027,C,2.26 pts,0,,330,,Yes
2,9/10/24,2,S1,BUS301 / 12,PERSONAL FINANCE A,NICOLE SIMEK,12,2025,,,1,,331,,Yes
3,9/17/24,2,S1,BUS301 / 12,PERSONAL FINANCE A,NICOLE SIMEK,12,2025,F,0.00 pts,2.71,,331,,Yes
4,9/24/24,2,S1,BUS301 / 12,PERSONAL FINANCE A,NICOLE SIMEK,12,2025,D+,1.90 pts,4.14,,331,,Yes
5,10/1/24,2,S1,BUS301 / 12,PERSONAL FINANCE A,NICOLE SIMEK,12,2025,D+,1.90 pts,4.57,,331,,Yes
6,10/8/24,2,S1,BUS301 / 12,PERSONAL FINANCE A,NICOLE SIMEK,12,2025,D,1.66 pts,5.14,,331,,Yes
7,10/16/24,2,S1,BUS301 / 12,PERSONAL FINANCE A,NICOLE SIMEK,12,2025,F,1.52 pts,6.14,,331,,Yes
8,10/22/24,2,S1,BUS301 / 12,PERSONAL FINANCE A,NICOLE SIMEK,12,2025,C,2.24 pts,9,,331,,Yes
9,10/29/24,2,S1,BUS301 / 12,PERSONAL FINANCE A,NICOLE SIMEK,12,2025,B-,2.77 pts,10.57,,331,,Yes
10,11/5/24,2,S1,BUS301 / 12,PERSONAL FINANCE A,NICOLE SIMEK,12,2025,B-,2.77 pts,11.43,,331,,Yes
2,9/10/24,3,S1,BUS301 / 13,PERSONAL FINANCE A,NICOLE SIMEK,12,2025,,,0,,332,,Yes
3,9/17/24,3,S1,BUS301 / 13,PERSONAL FINANCE A,NICOLE SIMEK,12,2025,A,3.85 pts,0,,332,,Yes
4,9/24/24,3,S1,BUS301 / 13,PERSONAL FINANCE A,NICOLE SIMEK,12,2025,A,3.85 pts,0.43,,332,,Yes
5,10/1/24,3,S1,BUS301 / 13,PERSONAL FINANCE A,NICOLE SIMEK,12,2025,A-,3.52 pts,0.86,,332,,Yes
6,10/8/24,3,S1,BUS301 / 13,PERSONAL FINANCE A,NICOLE SIMEK,12,2025,B,3.11 pts,1,,332,,Yes
7,10/16/24,3,S1,BUS301 / 13,PERSONAL FINANCE A,NICOLE SIMEK,12,2025,B,3.08 pts,1.14,,332,,Yes
8,10/22/24,3,S1,BUS301 / 13,PERSONAL FINANCE A,NICOLE SIMEK,12,2025,C+,2.56 pts,3,,332,,Yes
9,10/29/24,3,S1,BUS301 / 13,PERSONAL FINANCE A,NICOLE SIMEK,12,2025,B,3.05 pts,3,,332,,Yes
10,11/5/24,3,S1,BUS301 / 13,PERSONAL FINANCE A,NICOLE SIMEK,12,2025,B,3.05 pts,3.43,,332,,Yes
2,9/10/24,3,S1,SCI601 / 13,BIOLOGY A,GRANT MERRILL,10,2027,A,4.00 pts,4,,333,,Yes
3,9/17/24,3,S1,SCI601 / 13,BIOLOGY A,GRANT MERRILL,10,2027,B,3.05 pts,1,,333,,Yes
4,9/24/24,3,S1,SCI601 / 13,BIOLOGY A,GRANT MERRILL,10,2027,A,3.90 pts,2,,333,,Yes
5,10/1/24,3,S1,SCI601 / 13,BIOLOGY A,GRANT MERRILL,10,2027,A,3.89 pts,2,,333,,Yes
6,10/8/24,3,S1,SCI601 / 13,BIOLOGY A,GRANT MERRILL,10,2027,A,3.87 pts,3,,333,,Yes
7,10/16/24,3,S1,SCI601 / 13,BIOLOGY A,GRANT MERRILL,10,2027,A,3.87 pts,3.71,,333,,Yes
8,10/22/24,3,S1,SCI601 / 13,BIOLOGY A,GRANT MERRILL,10,2027,C-,2.10 pts,4,,333,,Yes
9,10/29/24,3,S1,SCI601 / 13,BIOLOGY A,GRANT MERRILL,10,2027,C-,2.08 pts,4,,333,,Yes
10,11/5/24,3,S1,SCI601 / 13,BIOLOGY A,GRANT MERRILL,10,2027,C-,2.06 pts,5.86,,333,,Yes
2,9/10/24,5,S1,MAT522 / 15,GEOMETRY A,BRIAN ANDERSON,10,2027,,,0,,334,,Yes
3,9/17/24,5,S1,MAT522 / 15,GEOMETRY A,BRIAN ANDERSON,10,2027,A,4.00 pts,0,,334,,Yes
4,9/24/24,5,S1,MAT522 / 15,GEOMETRY A,BRIAN ANDERSON,10,2027,A,3.99 pts,0,,334,,Yes
5,10/1/24,5,S1,MAT522 / 15,GEOMETRY A,BRIAN ANDERSON,10,2027,A,3.80 pts,1,,334,,Yes
6,10/8/24,5,S1,MAT522 / 15,GEOMETRY A,BRIAN ANDERSON,10,2027,A-,3.48 pts,2,,334,,Yes
7,10/16/24,5,S1,MAT522 / 15,GEOMETRY A,BRIAN ANDERSON,10,2027,A-,3.49 pts,3,,334,,Yes
8,10/22/24,5,S1,MAT522 / 15,GEOMETRY A,BRIAN ANDERSON,10,2027,A-,3.48 pts,4,,334,,Yes
9,10/29/24,5,S1,MAT522 / 15,GEOMETRY A,BRIAN ANDERSON,10,2027,A,3.71 pts,5,,334,,Yes
10,11/5/24,5,S1,MAT522 / 15,GEOMETRY A,BRIAN ANDERSON,10,2027,A-,3.48 pts,6.71,,334,,Yes
2,9/10/24,1,S1,MAT522 / 11,GEOMETRY A,ROCHELLE AITON,10,2027,,,0,,335,,Yes
3,9/17/24,1,S1,MAT522 / 11,GEOMETRY A,ROCHELLE AITON,10,2027,C-,2.10 pts,0,,335,,Yes
4,9/24/24,1,S1,MAT522 / 11,GEOMETRY A,ROCHELLE AITON,10,2027,A,4.00 pts,0,,335,,Yes
5,10/1/24,1,S1,MAT522 / 11,GEOMETRY A,ROCHELLE AITON,10,2027,A,4.00 pts,0,,335,,Yes
6,10/8/24,1,S1,MAT522 / 11,GEOMETRY A,ROCHELLE AITON,10,2027,B,3.00 pts,2,,335,,Yes
7,10/16/24,1,S1,MAT522 / 11,GEOMETRY A,ROCHELLE AITON,10,2027,B,3.00 pts,2,,335,,Yes
8,10/22/24,1,S1,MAT522 / 11,GEOMETRY A,ROCHELLE AITON,10,2027,B,3.00 pts,2,,335,,Yes
8,10/22/24,1,S1,MAT522 / 11,GEOMETRY A,NINETTE LILIENTHAL,10,2027,B,3.00 pts,2,,335,,Yes
9,10/29/24,1,S1,MAT522 / 11,GEOMETRY A,ROCHELLE AITON,10,2027,C+,2.68 pts,2,,335,,Yes
9,10/29/24,1,S1,MAT522 / 11,GEOMETRY A,NINETTE LILIENTHAL,10,2027,C+,2.68 pts,2,,335,,Yes
10,11/5/24,1,S1,MAT522 / 11,GEOMETRY A,ROCHELLE AITON,10,2027,C+,2.68 pts,2.14,,335,,Yes
10,11/5/24,1,S1,MAT522 / 11,GEOMETRY A,NINETTE LILIENTHAL,10,2027,C+,2.68 pts,2.14,,335,,Yes
2,9/10/24,5,S1,ENG701 / 15,JUNIOR ENG/A,JOHN CARVER,11,2026,,,0,,336,,Yes
2,9/10/24,6,S1,MAT701 / 16,ALGEBRA II A,JASON BLAESING,11,2026,,,0,,336,,Yes
3,9/17/24,4,S1,SOC701 / 14,US HISTORY/A,DAVE HAJEK,11,2026,A,3.90 pts,0.33,,336,,Yes
3,9/17/24,5,S1,ENG701 / 15,JUNIOR ENG/A,JOHN CARVER,11,2026,A,3.90 pts,0,,336,,Yes
3,9/17/24,6,S1,MAT701 / 16,ALGEBRA II A,JASON BLAESING,11,2026,A,4.00 pts,0,,336,,Yes
4,9/24/24,4,S1,SOC701 / 14,US HISTORY/A,DAVE HAJEK,11,2026,A,4.00 pts,0.33,,336,,Yes
4,9/24/24,5,S1,ENG701 / 15,JUNIOR ENG/A,JOHN CARVER,11,2026,A,3.97 pts,0,,336,,Yes
4,9/24/24,6,S1,MAT701 / 16,ALGEBRA II A,JASON BLAESING,11,2026,A,4.00 pts,0,,336,,Yes
5,10/1/24,4,S1,SOC701 / 14,US HISTORY/A,DAVE HAJEK,11,2026,A,3.99 pts,0.33,,336,,Yes
5,10/1/24,5,S1,ENG701 / 15,JUNIOR ENG/A,JOHN CARVER,11,2026,A,3.97 pts,0,,336,,Yes
5,10/1/24,6,S1,MAT701 / 16,ALGEBRA II A,JASON BLAESING,11,2026,A,4.00 pts,0,,336,,Yes
6,10/8/24,4,S1,SOC701 / 14,US HISTORY/A,DAVE HAJEK,11,2026,A,3.98 pts,0.33,,336,,Yes
6,10/8/24,5,S1,ENG701 / 15,JUNIOR ENG/A,JOHN CARVER,11,2026,A,3.98 pts,0,,336,,Yes
6,10/8/24,6,S1,MAT701 / 16,ALGEBRA II A,JASON BLAESING,11,2026,A,4.00 pts,0,,336,,Yes
7,10/16/24,4,S1,SOC701 / 14,US HISTORY/A,DAVE HAJEK,11,2026,A,3.97 pts,0.33,,336,,Yes
7,10/16/24,5,S1,ENG701 / 15,JUNIOR ENG/A,JOHN CARVER,11,2026,A,3.98 pts,0,,336,,Yes
7,10/16/24,6,S1,MAT701 / 16,ALGEBRA II A,JASON BLAESING,11,2026,A,3.68 pts,0,,336,,Yes
8,10/22/24,4,S1,SOC701 / 14,US HISTORY/A,DAVE HAJEK,11,2026,A,3.98 pts,0.33,,336,,Yes
8,10/22/24,5,S1,ENG701 / 15,JUNIOR ENG/A,JOHN CARVER,11,2026,A,3.95 pts,0,,336,,Yes
8,10/22/24,6,S1,MAT701 / 16,ALGEBRA II A,JASON BLAESING,11,2026,A,3.97 pts,0,,336,,Yes
9,10/29/24,4,S1,SOC701 / 14,US HISTORY/A,DAVE HAJEK,11,2026,A,3.98 pts,0.33,,336,,Yes
9,10/29/24,5,S1,ENG701 / 15,JUNIOR ENG/A,JOHN CARVER,11,2026,A,3.94 pts,0,,336,,Yes
9,10/29/24,6,S1,MAT701 / 16,ALGEBRA II A,JASON BLAESING,11,2026,A,3.77 pts,0,,336,,Yes
10,11/5/24,4,S1,SOC701 / 14,US HISTORY/A,DAVE HAJEK,11,2026,A,3.98 pts,1.33,,336,,Yes
10,11/5/24,5,S1,ENG701 / 15,JUNIOR ENG/A,JOHN CARVER,11,2026,A,3.94 pts,1,,336,,Yes
10,11/5/24,6,S1,MAT701 / 16,ALGEBRA II A,JASON BLAESING,11,2026,A,3.77 pts,1,,336,,Yes
2,9/10/24,6,S1,SCI601 / 36,BIOLOGY A,WILLIAM BAUR,10,2027,,,0,,337,,Yes
3,9/17/24,6,S1,SCI601 / 36,BIOLOGY A,WILLIAM BAUR,10,2027,A,4.00 pts,0.14,,337,,Yes
4,9/24/24,6,S1,SCI601 / 36,BIOLOGY A,WILLIAM BAUR,10,2027,A,4.00 pts,0.14,,337,,Yes
5,10/1/24,6,S1,SCI601 / 36,BIOLOGY A,WILLIAM BAUR,10,2027,A-,3.50 pts,1,,337,,Yes
6,10/8/24,6,S1,SCI601 / 36,BIOLOGY A,WILLIAM BAUR,10,2027,A,3.97 pts,1.14,,337,,Yes
7,10/16/24,6,S1,SCI601 / 36,BIOLOGY A,WILLIAM BAUR,10,2027,A-,3.50 pts,1.14,,337,,Yes
8,10/22/24,6,S1,SCI601 / 36,BIOLOGY A,WILLIAM BAUR,10,2027,A-,3.50 pts,1.14,,337,,Yes
9,10/29/24,6,S1,SCI601 / 36,BIOLOGY A,WILLIAM BAUR,10,2027,A,3.74 pts,1.14,,337,,Yes
10,11/5/24,6,S1,SCI601 / 36,BIOLOGY A,WILLIAM BAUR,10,2027,A,3.74 pts,1.14,,337,,Yes
2,9/10/24,5,S1,ENG601 / 15,SOPH ENG/A,MARCEE SALAS,10,2027,A,4.00 pts,0,,338,,Yes
2,9/10/24,2,S1,MAT522 / 12,GEOMETRY A,ROCHELLE AITON,10,2027,,,0,,338,,Yes
3,9/17/24,2,S1,MAT522 / 12,GEOMETRY A,ROCHELLE AITON,10,2027,F,1.10 pts,0,,338,,Yes
3,9/17/24,5,S1,ENG601 / 15,SOPH ENG/A,MARCEE SALAS,10,2027,A,4.00 pts,0,,338,,Yes
4,9/24/24,2,S1,MAT522 / 12,GEOMETRY A,ROCHELLE AITON,10,2027,B,3.00 pts,0,,338,,Yes
4,9/24/24,5,S1,ENG601 / 15,SOPH ENG/A,MARCEE SALAS,10,2027,C+,2.57 pts,0,,338,,Yes
5,10/1/24,2,S1,MAT522 / 12,GEOMETRY A,ROCHELLE AITON,10,2027,B,3.00 pts,0,,338,,Yes
5,10/1/24,5,S1,ENG601 / 15,SOPH ENG/A,MARCEE SALAS,10,2027,C+,2.61 pts,0,,338,,Yes
6,10/8/24,2,S1,MAT522 / 12,GEOMETRY A,ROCHELLE AITON,10,2027,D+,1.95 pts,1,,338,,Yes
6,10/8/24,5,S1,ENG601 / 15,SOPH ENG/A,MARCEE SALAS,10,2027,C+,2.50 pts,1,,338,,Yes
7,10/16/24,2,S1,MAT522 / 12,GEOMETRY A,ROCHELLE AITON,10,2027,C-,2.05 pts,1,,338,,Yes
7,10/16/24,5,S1,ENG601 / 15,SOPH ENG/A,MARCEE SALAS,10,2027,C+,2.50 pts,1,,338,,Yes
8,10/22/24,2,S1,MAT522 / 12,GEOMETRY A,ROCHELLE AITON,10,2027,C-,2.05 pts,1,,338,,Yes
8,10/22/24,2,S1,MAT522 / 12,GEOMETRY A,NINETTE LILIENTHAL,10,2027,C-,2.05 pts,1,,338,,Yes
8,10/22/24,5,S1,ENG601 / 15,SOPH ENG/A,MARCEE SALAS,10,2027,C,2.32 pts,1,,338,,Yes
9,10/29/24,2,S1,MAT522 / 12,GEOMETRY A,ROCHELLE AITON,10,2027,C-,2.02 pts,1,,338,,Yes
9,10/29/24,2,S1,MAT522 / 12,GEOMETRY A,NINETTE LILIENTHAL,10,2027,C-,2.02 pts,1,,338,,Yes
9,10/29/24,5,S1,ENG601 / 15,SOPH ENG/A,MARCEE SALAS,10,2027,C,2.20 pts,1,,338,,Yes
10,11/5/24,2,S1,MAT522 / 12,GEOMETRY A,ROCHELLE AITON,10,2027,C-,2.02 pts,1,,338,,Yes
10,11/5/24,2,S1,MAT522 / 12,GEOMETRY A,NINETTE LILIENTHAL,10,2027,C-,2.02 pts,1,,338,,Yes
10,11/5/24,5,S1,ENG601 / 15,SOPH ENG/A,MARCEE SALAS,10,2027,C+,2.68 pts,1,,338,,Yes
2,9/10/24,3,S1,MAT701 / 13,ALGEBRA II A,JENNIFER REILLY,11,2026,,,0,,339,,Yes
3,9/17/24,3,S1,MAT701 / 13,ALGEBRA II A,JENNIFER REILLY,11,2026,A,4.00 pts,0,,339,,Yes
4,9/24/24,3,S1,MAT701 / 13,ALGEBRA II A,JENNIFER REILLY,11,2026,C-,2.10 pts,1,,339,,Yes
5,10/1/24,3,S1,MAT701 / 13,ALGEBRA II A,JENNIFER REILLY,11,2026,A,3.87 pts,1,,339,,Yes
6,10/8/24,3,S1,MAT701 / 13,ALGEBRA II A,JENNIFER REILLY,11,2026,B,2.98 pts,1,,339,,Yes
7,10/16/24,3,S1,MAT701 / 13,ALGEBRA II A,JENNIFER REILLY,11,2026,B,2.94 pts,1,,339,,Yes
8,10/22/24,3,S1,MAT701 / 13,ALGEBRA II A,JENNIFER REILLY,11,2026,C+,2.60 pts,3,,339,,Yes
9,10/29/24,3,S1,MAT701 / 13,ALGEBRA II A,JENNIFER REILLY,11,2026,C,2.43 pts,3,,339,,Yes
10,11/5/24,3,S1,MAT701 / 13,ALGEBRA II A,JENNIFER REILLY,11,2026,C,2.43 pts,3,,339,,Yes
2,9/10/24,5,S1,MAT522 / 15,GEOMETRY A,BRIAN ANDERSON,10,2027,,,0,,340,,Yes
2,9/10/24,6,S1,SCI601 / 36,BIOLOGY A,WILLIAM BAUR,10,2027,,,0,,340,,Yes
3,9/17/24,5,S1,MAT522 / 15,GEOMETRY A,BRIAN ANDERSON,10,2027,C+,2.67 pts,0.43,,340,,Yes
3,9/17/24,6,S1,SCI601 / 36,BIOLOGY A,WILLIAM BAUR,10,2027,A,4.00 pts,0.43,,340,,Yes
4,9/24/24,5,S1,MAT522 / 15,GEOMETRY A,BRIAN ANDERSON,10,2027,B,2.96 pts,2,,340,,Yes
4,9/24/24,6,S1,SCI601 / 36,BIOLOGY A,WILLIAM BAUR,10,2027,A,4.00 pts,2,,340,,Yes
5,10/1/24,5,S1,MAT522 / 15,GEOMETRY A,BRIAN ANDERSON,10,2027,B,2.97 pts,3,,340,,Yes
5,10/1/24,6,S1,SCI601 / 36,BIOLOGY A,WILLIAM BAUR,10,2027,B,3.00 pts,3,,340,,Yes
6,10/8/24,5,S1,MAT522 / 15,GEOMETRY A,BRIAN ANDERSON,10,2027,C,2.49 pts,4,,340,,Yes
6,10/8/24,6,S1,SCI601 / 36,BIOLOGY A,WILLIAM BAUR,10,2027,C-,2.05 pts,4.14,,340,,Yes
7,10/16/24,5,S1,MAT522 / 15,GEOMETRY A,BRIAN ANDERSON,10,2027,C,2.49 pts,4.86,,340,,Yes
7,10/16/24,6,S1,SCI601 / 36,BIOLOGY A,WILLIAM BAUR,10,2027,F,1.05 pts,5,,340,,Yes
8,10/22/24,5,S1,MAT522 / 15,GEOMETRY A,BRIAN ANDERSON,10,2027,C,2.25 pts,6.29,,340,,Yes
8,10/22/24,6,S1,SCI601 / 36,BIOLOGY A,WILLIAM BAUR,10,2027,F,1.05 pts,6.43,,340,,Yes
9,10/29/24,5,S1,MAT522 / 15,GEOMETRY A,BRIAN ANDERSON,10,2027,C,2.24 pts,6.71,,340,,Yes
9,10/29/24,6,S1,SCI601 / 36,BIOLOGY A,WILLIAM BAUR,10,2027,C-,2.01 pts,6.86,,340,,Yes
10,11/5/24,5,S1,MAT522 / 15,GEOMETRY A,BRIAN ANDERSON,10,2027,C,2.24 pts,7.14,,340,,Yes
10,11/5/24,6,S1,SCI601 / 36,BIOLOGY A,WILLIAM BAUR,10,2027,C-,2.01 pts,7.29,,340,,Yes
2,9/10/24,3,S1,BUS301 / 13,PERSONAL FINANCE A,NICOLE SIMEK,12,2025,,,0,,341,,Yes
3,9/17/24,3,S1,BUS301 / 13,PERSONAL FINANCE A,NICOLE SIMEK,12,2025,A,4.00 pts,0,,341,,Yes
4,9/24/24,3,S1,BUS301 / 13,PERSONAL FINANCE A,NICOLE SIMEK,12,2025,A,3.68 pts,0,,341,,Yes
5,10/1/24,3,S1,BUS301 / 13,PERSONAL FINANCE A,NICOLE SIMEK,12,2025,A,4.00 pts,0,,341,,Yes
6,10/8/24,3,S1,BUS301 / 13,PERSONAL FINANCE A,NICOLE SIMEK,12,2025,A,3.76 pts,0,,341,,Yes
7,10/16/24,3,S1,BUS301 / 13,PERSONAL FINANCE A,NICOLE SIMEK,12,2025,A-,3.43 pts,0,,341,,Yes
8,10/22/24,3,S1,BUS301 / 13,PERSONAL FINANCE A,NICOLE SIMEK,12,2025,A,3.62 pts,0,,341,,Yes
9,10/29/24,3,S1,BUS301 / 13,PERSONAL FINANCE A,NICOLE SIMEK,12,2025,A,3.90 pts,1,,341,,Yes
10,11/5/24,3,S1,BUS301 / 13,PERSONAL FINANCE A,NICOLE SIMEK,12,2025,A,3.90 pts,1,,341,,Yes
2,9/10/24,6,S1,MAT701 / 16,ALGEBRA II A,JASON BLAESING,11,2026,,,0,,342,,Yes
3,9/17/24,6,S1,MAT701 / 16,ALGEBRA II A,JASON BLAESING,11,2026,A,4.00 pts,0.14,,342,,Yes
4,9/24/24,6,S1,MAT701 / 16,ALGEBRA II A,JASON BLAESING,11,2026,B,3.10 pts,0.14,,342,,Yes
5,10/1/24,6,S1,MAT701 / 16,ALGEBRA II A,JASON BLAESING,11,2026,A,4.00 pts,0.14,,342,,Yes
6,10/8/24,6,S1,MAT701 / 16,ALGEBRA II A,JASON BLAESING,11,2026,A,3.98 pts,0.14,,342,,Yes
7,10/16/24,6,S1,MAT701 / 16,ALGEBRA II A,JASON BLAESING,11,2026,A,3.67 pts,0.14,,342,,Yes
8,10/22/24,6,S1,MAT701 / 16,ALGEBRA II A,JASON BLAESING,11,2026,A,3.97 pts,1.14,,342,,Yes
9,10/29/24,6,S1,MAT701 / 16,ALGEBRA II A,JASON BLAESING,11,2026,A,3.76 pts,1.14,,342,,Yes
10,11/5/24,6,S1,MAT701 / 16,ALGEBRA II A,JASON BLAESING,11,2026,A,3.74 pts,1.14,,342,,Yes
2,9/10/24,2,S1,MAT522 / 12,GEOMETRY A,ROCHELLE AITON,11,2026,,,1,,343,,Yes
3,9/17/24,2,S1,MAT522 / 12,GEOMETRY A,ROCHELLE AITON,11,2026,F,0.00 pts,1.29,,343,,Yes
3,9/17/24,4,S1,SOC701 / 14,US HISTORY/A,DAVE HAJEK,11,2026,C+,2.53 pts,1,,343,,Yes
4,9/24/24,2,S1,MAT522 / 12,GEOMETRY A,ROCHELLE AITON,11,2026,F,0.00 pts,2.14,,343,,Yes
4,9/24/24,4,S1,SOC701 / 14,US HISTORY/A,DAVE HAJEK,11,2026,C,2.48 pts,1.29,,343,,Yes
5,10/1/24,2,S1,MAT522 / 12,GEOMETRY A,ROCHELLE AITON,11,2026,D+,1.90 pts,3.43,,343,,Yes
5,10/1/24,4,S1,SOC701 / 14,US HISTORY/A,DAVE HAJEK,11,2026,C,2.44 pts,2.57,,343,,Yes
6,10/8/24,2,S1,MAT522 / 12,GEOMETRY A,ROCHELLE AITON,11,2026,F,1.36 pts,3.71,,343,,Yes
6,10/8/24,4,S1,SOC701 / 14,US HISTORY/A,DAVE HAJEK,11,2026,C,2.47 pts,2.57,,343,,Yes
7,10/16/24,2,S1,MAT522 / 12,GEOMETRY A,ROCHELLE AITON,11,2026,F,1.36 pts,4.86,,343,,Yes
7,10/16/24,4,S1,SOC701 / 14,US HISTORY/A,DAVE HAJEK,11,2026,C+,2.51 pts,3.43,,343,,Yes
8,10/22/24,2,S1,MAT522 / 12,GEOMETRY A,ROCHELLE AITON,11,2026,F,1.36 pts,5.43,,343,,Yes
8,10/22/24,2,S1,MAT522 / 12,GEOMETRY A,NINETTE LILIENTHAL,11,2026,F,1.36 pts,5.43,,343,,Yes
8,10/22/24,4,S1,SOC701 / 14,US HISTORY/A,DAVE HAJEK,11,2026,F,1.57 pts,4,,343,,Yes
9,10/29/24,2,S1,MAT522 / 12,GEOMETRY A,ROCHELLE AITON,11,2026,F,1.43 pts,7,,343,,Yes
9,10/29/24,2,S1,MAT522 / 12,GEOMETRY A,NINETTE LILIENTHAL,11,2026,F,1.43 pts,7,,343,,Yes
9,10/29/24,4,S1,SOC701 / 14,US HISTORY/A,DAVE HAJEK,11,2026,F,1.46 pts,5,,343,,Yes
10,11/5/24,2,S1,MAT522 / 12,GEOMETRY A,ROCHELLE AITON,11,2026,F,1.43 pts,8,,343,,Yes
10,11/5/24,2,S1,MAT522 / 12,GEOMETRY A,NINETTE LILIENTHAL,11,2026,F,1.43 pts,8,,343,,Yes
10,11/5/24,4,S1,SOC701 / 14,US HISTORY/A,DAVE HAJEK,11,2026,F,1.46 pts,6,,343,,Yes
2,9/10/24,2,S1,MAT701 / 12,ALGEBRA II A,JASON BLAESING,11,2026,,,1.43,,344,,Yes
3,9/17/24,2,S1,MAT701 / 12,ALGEBRA II A,JASON BLAESING,11,2026,F,0.00 pts,2.14,,344,,Yes
4,9/24/24,2,S1,MAT701 / 12,ALGEBRA II A,JASON BLAESING,11,2026,F,0.19 pts,2.43,,344,,Yes
5,10/1/24,2,S1,MAT701 / 12,ALGEBRA II A,JASON BLAESING,11,2026,F,0.95 pts,2.86,,344,,Yes
6,10/8/24,2,S1,MAT701 / 12,ALGEBRA II A,JASON BLAESING,11,2026,F,0.60 pts,3.86,,344,,Yes
7,10/16/24,2,S1,MAT701 / 12,ALGEBRA II A,JASON BLAESING,11,2026,F,0.69 pts,5.14,,344,,Yes
8,10/22/24,2,S1,MAT701 / 12,ALGEBRA II A,JASON BLAESING,11,2026,W,0.71 pts,5.29,,344,,Yes
9,10/29/24,2,S1,MAT701 / 12,ALGEBRA II A,JASON BLAESING,11,2026,W,0.71 pts,5.29,,344,,Yes
10,11/5/24,2,S1,MAT701 / 12,ALGEBRA II A,JASON BLAESING,11,2026,W,0.71 pts,5.29,,344,,Yes
2,9/10/24,3,S1,BUS301 / 13,PERSONAL FINANCE A,NICOLE SIMEK,12,2025,,,0,,345,,Yes
3,9/17/24,3,S1,BUS301 / 13,PERSONAL FINANCE A,NICOLE SIMEK,12,2025,A,3.85 pts,0,,345,,Yes
4,9/24/24,3,S1,BUS301 / 13,PERSONAL FINANCE A,NICOLE SIMEK,12,2025,A,3.62 pts,0,,345,,Yes
5,10/1/24,3,S1,BUS301 / 13,PERSONAL FINANCE A,NICOLE SIMEK,12,2025,A,3.60 pts,0,,345,,Yes
6,10/8/24,3,S1,BUS301 / 13,PERSONAL FINANCE A,NICOLE SIMEK,12,2025,B,3.19 pts,2,,345,,Yes
7,10/16/24,3,S1,BUS301 / 13,PERSONAL FINANCE A,NICOLE SIMEK,12,2025,B,3.14 pts,2,,345,,Yes
8,10/22/24,3,S1,BUS301 / 13,PERSONAL FINANCE A,NICOLE SIMEK,12,2025,F,1.61 pts,2,,345,,Yes
9,10/29/24,3,S1,BUS301 / 13,PERSONAL FINANCE A,NICOLE SIMEK,12,2025,C,2.37 pts,2,,345,,Yes
10,11/5/24,3,S1,BUS301 / 13,PERSONAL FINANCE A,NICOLE SIMEK,12,2025,C,2.37 pts,2,,345,,Yes
2,9/10/24,6,S1,ENG501 / 16,FR ENGLISH/A,DAVID HOLLINGSWORTH,9,2028,A,4.00 pts,0,,346,,Yes
3,9/17/24,6,S1,ENG501 / 16,FR ENGLISH/A,DAVID HOLLINGSWORTH,9,2028,A,4.00 pts,0,,346,,Yes
4,9/24/24,6,S1,ENG501 / 16,FR ENGLISH/A,DAVID HOLLINGSWORTH,9,2028,A,3.98 pts,0,,346,,Yes
5,10/1/24,6,S1,ENG501 / 16,FR ENGLISH/A,DAVID HOLLINGSWORTH,9,2028,B,2.99 pts,0,,346,,Yes
6,10/8/24,6,S1,ENG501 / 16,FR ENGLISH/A,DAVID HOLLINGSWORTH,9,2028,B,2.96 pts,0.71,,346,,Yes
7,10/16/24,6,S1,ENG501 / 16,FR ENGLISH/A,DAVID HOLLINGSWORTH,9,2028,C,2.23 pts,0.71,,346,,Yes
8,10/22/24,6,S1,ENG501 / 16,FR ENGLISH/A,DAVID HOLLINGSWORTH,9,2028,C,2.23 pts,0.71,,346,,Yes
9,10/29/24,6,S1,ENG501 / 16,FR ENGLISH/A,DAVID HOLLINGSWORTH,9,2028,C-,2.12 pts,1,,346,,Yes
10,11/5/24,6,S1,ENG501 / 16,FR ENGLISH/A,DAVID HOLLINGSWORTH,9,2028,C,2.28 pts,1,,346,,Yes
2,9/10/24,2,S1,ENG601 / 12,SOPH ENG/A,KELLY GREGERSEN,10,2027,A,4.00 pts,0,,347,,Yes
3,9/17/24,2,S1,ENG601 / 12,SOPH ENG/A,KELLY GREGERSEN,10,2027,D+,1.91 pts,0.57,,347,,Yes
3,9/17/24,4,S1,SCI601 / 14,BIOLOGY A,GRANT MERRILL,10,2027,C-,2.07 pts,0.71,,347,,Yes
4,9/24/24,2,S1,ENG601 / 12,SOPH ENG/A,KELLY GREGERSEN,10,2027,F,0.99 pts,2,,347,,Yes
4,9/24/24,4,S1,SCI601 / 14,BIOLOGY A,GRANT MERRILL,10,2027,F,1.08 pts,1.71,,347,,Yes
5,10/1/24,2,S1,ENG601 / 12,SOPH ENG/A,KELLY GREGERSEN,10,2027,F,0.99 pts,2,,347,,Yes
5,10/1/24,4,S1,SCI601 / 14,BIOLOGY A,GRANT MERRILL,10,2027,A,3.81 pts,1.71,,347,,Yes
6,10/8/24,2,S1,ENG601 / 12,SOPH ENG/A,KELLY GREGERSEN,10,2027,D+,1.92 pts,2,,347,,Yes
6,10/8/24,4,S1,SCI601 / 14,BIOLOGY A,GRANT MERRILL,10,2027,A,3.81 pts,1.71,,347,,Yes
7,10/16/24,2,S1,ENG601 / 12,SOPH ENG/A,KELLY GREGERSEN,10,2027,D+,1.92 pts,2,,347,,Yes
7,10/16/24,4,S1,SCI601 / 14,BIOLOGY A,GRANT MERRILL,10,2027,A,3.80 pts,1.71,,347,,Yes
8,10/22/24,2,S1,ENG601 / 12,SOPH ENG/A,KELLY GREGERSEN,10,2027,F,1.49 pts,3,,347,,Yes
8,10/22/24,4,S1,SCI601 / 14,BIOLOGY A,GRANT MERRILL,10,2027,C-,2.03 pts,2.71,,347,,Yes
9,10/29/24,2,S1,ENG601 / 12,SOPH ENG/A,KELLY GREGERSEN,10,2027,F,1.49 pts,3,,347,,Yes
9,10/29/24,4,S1,SCI601 / 14,BIOLOGY A,GRANT MERRILL,10,2027,B-,2.85 pts,2.71,,347,,Yes
10,11/5/24,2,S1,ENG601 / 12,SOPH ENG/A,KELLY GREGERSEN,10,2027,C-,2.11 pts,3,,347,,Yes
10,11/5/24,4,S1,SCI601 / 14,BIOLOGY A,GRANT MERRILL,10,2027,B-,2.85 pts,2.86,,347,,Yes
2,9/10/24,3,S1,MAT522 / 13,GEOMETRY A,ROCHELLE AITON,9,2028,,,0,,348,,Yes
3,9/17/24,3,S1,MAT522 / 13,GEOMETRY A,ROCHELLE AITON,9,2028,F,1.10 pts,0,,348,,Yes
4,9/24/24,3,S1,MAT522 / 13,GEOMETRY A,ROCHELLE AITON,9,2028,A,4.00 pts,0,,348,,Yes
5,10/1/24,3,S1,MAT522 / 13,GEOMETRY A,ROCHELLE AITON,9,2028,A,4.00 pts,0,,348,,Yes
6,10/8/24,3,S1,MAT522 / 13,GEOMETRY A,ROCHELLE AITON,9,2028,A-,3.50 pts,0,,348,,Yes
7,10/16/24,3,S1,MAT522 / 13,GEOMETRY A,ROCHELLE AITON,9,2028,A-,3.50 pts,0,,348,,Yes
8,10/22/24,3,S1,MAT522 / 13,GEOMETRY A,ROCHELLE AITON,9,2028,A-,3.50 pts,0,,348,,Yes
8,10/22/24,3,S1,MAT522 / 13,GEOMETRY A,NINETTE LILIENTHAL,9,2028,A-,3.50 pts,0,,348,,Yes
9,10/29/24,3,S1,MAT522 / 13,GEOMETRY A,ROCHELLE AITON,9,2028,A,3.67 pts,0,,348,,Yes
9,10/29/24,3,S1,MAT522 / 13,GEOMETRY A,NINETTE LILIENTHAL,9,2028,A,3.67 pts,0,,348,,Yes
10,11/5/24,3,S1,MAT522 / 13,GEOMETRY A,ROCHELLE AITON,9,2028,A,3.67 pts,0,,348,,Yes
10,11/5/24,3,S1,MAT522 / 13,GEOMETRY A,NINETTE LILIENTHAL,9,2028,A,3.67 pts,0,,348,,Yes
2,9/10/24,5,S1,ENG701 / 15,JUNIOR ENG/A,JOHN CARVER,11,2026,,,4.43,,349,,Yes
2,9/10/24,2,S1,MAT701 / 12,ALGEBRA II A,JASON BLAESING,11,2026,,,4.43,,349,,Yes
3,9/17/24,2,S1,MAT701 / 12,ALGEBRA II A,JASON BLAESING,11,2026,F,0.00 pts,7,,349,,Yes
3,9/17/24,5,S1,ENG701 / 15,JUNIOR ENG/A,JOHN CARVER,11,2026,F,0.29 pts,5.71,,349,,Yes
4,9/24/24,2,S1,MAT701 / 12,ALGEBRA II A,JASON BLAESING,11,2026,F,0.00 pts,10.29,,349,,Yes
4,9/24/24,5,S1,ENG701 / 15,JUNIOR ENG/A,JOHN CARVER,11,2026,C+,2.68 pts,6.71,,349,,Yes
5,10/1/24,2,S1,MAT701 / 12,ALGEBRA II A,JASON BLAESING,11,2026,F,0.00 pts,14.14,,349,,Yes
5,10/1/24,5,S1,ENG701 / 15,JUNIOR ENG/A,JOHN CARVER,11,2026,C+,2.68 pts,10.43,,349,,Yes
6,10/8/24,2,S1,MAT701 / 12,ALGEBRA II A,JASON BLAESING,11,2026,W,0.00 pts,16,,349,,Yes
6,10/8/24,5,S1,ENG701 / 15,JUNIOR ENG/A,JOHN CARVER,11,2026,W,2.27 pts,12,,349,,Yes
7,10/16/24,2,S1,MAT701 / 12,ALGEBRA II A,JASON BLAESING,11,2026,W,0.00 pts,16,,349,,Yes
7,10/16/24,5,S1,ENG701 / 15,JUNIOR ENG/A,JOHN CARVER,11,2026,W,2.27 pts,12,,349,,Yes
8,10/22/24,2,S1,MAT701 / 12,ALGEBRA II A,JASON BLAESING,11,2026,W,0.00 pts,16,,349,,Yes
8,10/22/24,5,S1,ENG701 / 15,JUNIOR ENG/A,JOHN CARVER,11,2026,W,2.27 pts,12,,349,,Yes
9,10/29/24,2,S1,MAT701 / 12,ALGEBRA II A,JASON BLAESING,11,2026,W,0.00 pts,16,,349,,Yes
9,10/29/24,5,S1,ENG701 / 15,JUNIOR ENG/A,JOHN CARVER,11,2026,W,2.27 pts,12,,349,,Yes
10,11/5/24,2,S1,MAT701 / 12,ALGEBRA II A,JASON BLAESING,11,2026,W,0.00 pts,16,,349,,Yes
10,11/5/24,5,S1,ENG701 / 15,JUNIOR ENG/A,JOHN CARVER,11,2026,W,2.27 pts,12,,349,,Yes
2,9/10/24,5,S1,ENG701 / 15,JUNIOR ENG/A,JOHN CARVER,11,2026,,,0,,350,,Yes
2,9/10/24,1,S1,MAT704 / 11,PRE-CALC A MAT 153,BRIAN ANDERSON,11,2026,,,0,,350,,Yes
2,9/10/24,2,S1,SCI609 / 12,CHEMISTRY/A,GRANT MERRILL,11,2026,F,0.00 pts,0,,350,,Yes
3,9/17/24,1,S1,MAT704 / 11,PRE-CALC A MAT 153,BRIAN ANDERSON,11,2026,,,0,,350,,Yes
3,9/17/24,2,S1,SCI609 / 12,CHEMISTRY/A,GRANT MERRILL,11,2026,F,1.10 pts,0,,350,,Yes
3,9/17/24,4,S1,SOC701 / 14,US HISTORY/A,DAVE HAJEK,11,2026,B+,3.30 pts,0,,350,,Yes
3,9/17/24,5,S1,ENG701 / 15,JUNIOR ENG/A,JOHN CARVER,11,2026,A,3.95 pts,0,,350,,Yes
4,9/24/24,1,S1,MAT704 / 11,PRE-CALC A MAT 153,BRIAN ANDERSON,11,2026,C-,2.05 pts,0,,350,,Yes
4,9/24/24,2,S1,SCI609 / 12,CHEMISTRY/A,GRANT MERRILL,11,2026,A,3.95 pts,0,,350,,Yes
4,9/24/24,4,S1,SOC701 / 14,US HISTORY/A,DAVE HAJEK,11,2026,A,3.96 pts,0,,350,,Yes
4,9/24/24,5,S1,ENG701 / 15,JUNIOR ENG/A,JOHN CARVER,11,2026,A,3.66 pts,0,,350,,Yes
5,10/1/24,1,S1,MAT704 / 11,PRE-CALC A MAT 153,BRIAN ANDERSON,11,2026,C-,2.05 pts,0,,350,,Yes
5,10/1/24,2,S1,SCI609 / 12,CHEMISTRY/A,GRANT MERRILL,11,2026,A,3.94 pts,0,,350,,Yes
5,10/1/24,4,S1,SOC701 / 14,US HISTORY/A,DAVE HAJEK,11,2026,A,3.95 pts,0.14,,350,,Yes
5,10/1/24,5,S1,ENG701 / 15,JUNIOR ENG/A,JOHN CARVER,11,2026,A,3.83 pts,0,,350,,Yes
6,10/8/24,1,S1,MAT704 / 11,PRE-CALC A MAT 153,BRIAN ANDERSON,11,2026,C-,2.05 pts,0,,350,,Yes
6,10/8/24,2,S1,SCI609 / 12,CHEMISTRY/A,GRANT MERRILL,11,2026,B,2.99 pts,0.43,,350,,Yes
6,10/8/24,4,S1,SOC701 / 14,US HISTORY/A,DAVE HAJEK,11,2026,A,3.91 pts,0,,350,,Yes
6,10/8/24,5,S1,ENG701 / 15,JUNIOR ENG/A,JOHN CARVER,11,2026,A,3.88 pts,0,,350,,Yes
7,10/16/24,1,S1,MAT704 / 11,PRE-CALC A MAT 153,BRIAN ANDERSON,11,2026,D+,1.96 pts,1,,350,,Yes
7,10/16/24,2,S1,SCI609 / 12,CHEMISTRY/A,GRANT MERRILL,11,2026,B,2.99 pts,1.43,,350,,Yes
7,10/16/24,4,S1,SOC701 / 14,US HISTORY/A,DAVE HAJEK,11,2026,A,3.91 pts,1,,350,,Yes
7,10/16/24,5,S1,ENG701 / 15,JUNIOR ENG/A,JOHN CARVER,11,2026,A,3.92 pts,1,,350,,Yes
8,10/22/24,1,S1,MAT704 / 11,PRE-CALC A MAT 153,BRIAN ANDERSON,11,2026,C,2.28 pts,1,,350,,Yes
8,10/22/24,2,S1,SCI609 / 12,CHEMISTRY/A,GRANT MERRILL,11,2026,B,3.04 pts,1.43,,350,,Yes
8,10/22/24,4,S1,SOC701 / 14,US HISTORY/A,DAVE HAJEK,11,2026,A,3.70 pts,1,,350,,Yes
8,10/22/24,5,S1,ENG701 / 15,JUNIOR ENG/A,JOHN CARVER,11,2026,B+,3.32 pts,1.14,,350,,Yes
9,10/29/24,1,S1,MAT704 / 11,PRE-CALC A MAT 153,BRIAN ANDERSON,11,2026,C,2.28 pts,1.14,,350,,Yes
9,10/29/24,2,S1,SCI609 / 12,CHEMISTRY/A,GRANT MERRILL,11,2026,A-,3.47 pts,1.43,,350,,Yes
9,10/29/24,4,S1,SOC701 / 14,US HISTORY/A,DAVE HAJEK,11,2026,A,3.76 pts,1,,350,,Yes
9,10/29/24,5,S1,ENG701 / 15,JUNIOR ENG/A,JOHN CARVER,11,2026,B-,2.84 pts,1,,350,,Yes
10,11/5/24,1,S1,MAT704 / 11,PRE-CALC A MAT 153,BRIAN ANDERSON,11,2026,C-,2.15 pts,1.14,,350,,Yes
10,11/5/24,2,S1,SCI609 / 12,CHEMISTRY/A,GRANT MERRILL,11,2026,A-,3.47 pts,1.43,,350,,Yes
10,11/5/24,4,S1,SOC701 / 14,US HISTORY/A,DAVE HAJEK,11,2026,A,3.76 pts,1,,350,,Yes
10,11/5/24,5,S1,ENG701 / 15,JUNIOR ENG/A,JOHN CARVER,11,2026,B,2.96 pts,1,,350,,Yes
2,9/10/24,5,S1,MAT522 / 15,GEOMETRY A,BRIAN ANDERSON,9,2028,,,0,,351,,Yes
3,9/17/24,5,S1,MAT522 / 15,GEOMETRY A,BRIAN ANDERSON,9,2028,C+,2.67 pts,0,,351,,Yes
4,9/24/24,5,S1,MAT522 / 15,GEOMETRY A,BRIAN ANDERSON,9,2028,A,3.96 pts,0,,351,,Yes
5,10/1/24,5,S1,MAT522 / 15,GEOMETRY A,BRIAN ANDERSON,9,2028,A,3.78 pts,0,,351,,Yes
6,10/8/24,5,S1,MAT522 / 15,GEOMETRY A,BRIAN ANDERSON,9,2028,B,2.95 pts,0.14,,351,,Yes
7,10/16/24,5,S1,MAT522 / 15,GEOMETRY A,BRIAN ANDERSON,9,2028,B,2.94 pts,0.14,,351,,Yes
8,10/22/24,5,S1,MAT522 / 15,GEOMETRY A,BRIAN ANDERSON,9,2028,A,3.65 pts,0.14,,351,,Yes
9,10/29/24,5,S1,MAT522 / 15,GEOMETRY A,BRIAN ANDERSON,9,2028,A,3.66 pts,0.14,,351,,Yes
10,11/5/24,5,S1,MAT522 / 15,GEOMETRY A,BRIAN ANDERSON,9,2028,B,3.15 pts,0.14,,351,,Yes
2,9/10/24,1,S1,MAT704 / 11,PRE-CALC A MAT 153,BRIAN ANDERSON,12,2025,,,0,,352,,Yes
3,9/17/24,1,S1,MAT704 / 11,PRE-CALC A MAT 153,BRIAN ANDERSON,12,2025,,,0,,352,,Yes
4,9/24/24,1,S1,MAT704 / 11,PRE-CALC A MAT 153,BRIAN ANDERSON,12,2025,B-,2.85 pts,0,,352,,Yes
5,10/1/24,1,S1,MAT704 / 11,PRE-CALC A MAT 153,BRIAN ANDERSON,12,2025,B-,2.85 pts,0.14,,352,,Yes
6,10/8/24,1,S1,MAT704 / 11,PRE-CALC A MAT 153,BRIAN ANDERSON,12,2025,B-,2.85 pts,0.14,,352,,Yes
7,10/16/24,1,S1,MAT704 / 11,PRE-CALC A MAT 153,BRIAN ANDERSON,12,2025,D+,1.90 pts,0.57,,352,,Yes
8,10/22/24,1,S1,MAT704 / 11,PRE-CALC A MAT 153,BRIAN ANDERSON,12,2025,C,2.22 pts,0.57,,352,,Yes
9,10/29/24,1,S1,MAT704 / 11,PRE-CALC A MAT 153,BRIAN ANDERSON,12,2025,C,2.22 pts,0.57,,352,,Yes
10,11/5/24,1,S1,MAT704 / 11,PRE-CALC A MAT 153,BRIAN ANDERSON,12,2025,F,1.18 pts,0.57,,352,,Yes
2,9/10/24,5,S1,ENG601 / 15,SOPH ENG/A,MARCEE SALAS,10,2027,A,4.00 pts,0,,353,,Yes
2,9/10/24,3,S1,MAT701 / 13,ALGEBRA II A,JENNIFER REILLY,10,2027,,,0,,353,,Yes
2,9/10/24,6,S1,SCI601 / 36,BIOLOGY A,WILLIAM BAUR,10,2027,,,0,,353,,Yes
3,9/17/24,3,S1,MAT701 / 13,ALGEBRA II A,JENNIFER REILLY,10,2027,A,4.00 pts,0,,353,,Yes
3,9/17/24,5,S1,ENG601 / 15,SOPH ENG/A,MARCEE SALAS,10,2027,A,4.00 pts,0,,353,,Yes
3,9/17/24,6,S1,SCI601 / 36,BIOLOGY A,WILLIAM BAUR,10,2027,B,3.00 pts,0,,353,,Yes
4,9/24/24,3,S1,MAT701 / 13,ALGEBRA II A,JENNIFER REILLY,10,2027,B,3.05 pts,0.86,,353,,Yes
4,9/24/24,5,S1,ENG601 / 15,SOPH ENG/A,MARCEE SALAS,10,2027,B,3.01 pts,0.86,,353,,Yes
4,9/24/24,6,S1,SCI601 / 36,BIOLOGY A,WILLIAM BAUR,10,2027,B,3.00 pts,0.86,,353,,Yes
5,10/1/24,3,S1,MAT701 / 13,ALGEBRA II A,JENNIFER REILLY,10,2027,A,3.94 pts,1,,353,,Yes
5,10/1/24,5,S1,ENG601 / 15,SOPH ENG/A,MARCEE SALAS,10,2027,A,3.71 pts,1,,353,,Yes
5,10/1/24,6,S1,SCI601 / 36,BIOLOGY A,WILLIAM BAUR,10,2027,B,3.00 pts,1,,353,,Yes
6,10/8/24,3,S1,MAT701 / 13,ALGEBRA II A,JENNIFER REILLY,10,2027,A,3.97 pts,1,,353,,Yes
6,10/8/24,5,S1,ENG601 / 15,SOPH ENG/A,MARCEE SALAS,10,2027,B+,3.24 pts,1,,353,,Yes
6,10/8/24,6,S1,SCI601 / 36,BIOLOGY A,WILLIAM BAUR,10,2027,A,3.90 pts,1,,353,,Yes
7,10/16/24,3,S1,MAT701 / 13,ALGEBRA II A,JENNIFER REILLY,10,2027,A,3.90 pts,1,,353,,Yes
7,10/16/24,5,S1,ENG601 / 15,SOPH ENG/A,MARCEE SALAS,10,2027,B+,3.25 pts,1,,353,,Yes
7,10/16/24,6,S1,SCI601 / 36,BIOLOGY A,WILLIAM BAUR,10,2027,A,3.95 pts,1,,353,,Yes
8,10/22/24,3,S1,MAT701 / 13,ALGEBRA II A,JENNIFER REILLY,10,2027,A,3.87 pts,1,,353,,Yes
8,10/22/24,5,S1,ENG601 / 15,SOPH ENG/A,MARCEE SALAS,10,2027,B+,3.30 pts,1,,353,,Yes
8,10/22/24,6,S1,SCI601 / 36,BIOLOGY A,WILLIAM BAUR,10,2027,A,3.95 pts,1.14,,353,,Yes
9,10/29/24,3,S1,MAT701 / 13,ALGEBRA II A,JENNIFER REILLY,10,2027,B,2.93 pts,2.43,,353,,Yes
9,10/29/24,5,S1,ENG601 / 15,SOPH ENG/A,MARCEE SALAS,10,2027,B+,3.25 pts,2,,353,,Yes
9,10/29/24,6,S1,SCI601 / 36,BIOLOGY A,WILLIAM BAUR,10,2027,A-,3.48 pts,2.14,,353,,Yes
10,11/5/24,3,S1,MAT701 / 13,ALGEBRA II A,JENNIFER REILLY,10,2027,B,2.93 pts,3.29,,353,,Yes
10,11/5/24,5,S1,ENG601 / 15,SOPH ENG/A,MARCEE SALAS,10,2027,B+,3.37 pts,2.86,,353,,Yes
10,11/5/24,6,S1,SCI601 / 36,BIOLOGY A,WILLIAM BAUR,10,2027,A-,3.48 pts,3,,353,,Yes
2,9/10/24,2,S1,SCI609 / 12,CHEMISTRY/A,GRANT MERRILL,12,2025,A,4.00 pts,0.86,,354,,Yes
3,9/17/24,2,S1,SCI609 / 12,CHEMISTRY/A,GRANT MERRILL,12,2025,F,0.98 pts,4.71,,354,,Yes
4,9/24/24,2,S1,SCI609 / 12,CHEMISTRY/A,GRANT MERRILL,12,2025,B-,2.89 pts,5.86,,354,,Yes
5,10/1/24,2,S1,SCI609 / 12,CHEMISTRY/A,GRANT MERRILL,12,2025,B-,2.87 pts,8.29,,354,,Yes
6,10/8/24,2,S1,SCI609 / 12,CHEMISTRY/A,GRANT MERRILL,12,2025,F,1.44 pts,9.57,,354,,Yes
7,10/16/24,2,S1,SCI609 / 12,CHEMISTRY/A,GRANT MERRILL,12,2025,F,1.44 pts,10.57,,354,,Yes
8,10/22/24,2,S1,SCI609 / 12,CHEMISTRY/A,GRANT MERRILL,12,2025,F,1.57 pts,13.29,,354,,Yes
9,10/29/24,2,S1,SCI609 / 12,CHEMISTRY/A,GRANT MERRILL,12,2025,F,0.80 pts,16.14,,354,,Yes
10,11/5/24,2,S1,SCI609 / 12,CHEMISTRY/A,GRANT MERRILL,12,2025,F,0.80 pts,17.71,,354,,Yes
2,9/10/24,6,S1,ENG501 / 16,FR ENGLISH/A,DAVID HOLLINGSWORTH,9,2028,A,4.00 pts,1.14,,355,,Yes
3,9/17/24,6,S1,ENG501 / 16,FR ENGLISH/A,DAVID HOLLINGSWORTH,9,2028,A,4.00 pts,2,,355,,Yes
4,9/24/24,6,S1,ENG501 / 16,FR ENGLISH/A,DAVID HOLLINGSWORTH,9,2028,A,4.00 pts,2.86,,355,,Yes
5,10/1/24,6,S1,ENG501 / 16,FR ENGLISH/A,DAVID HOLLINGSWORTH,9,2028,C+,2.58 pts,4.14,,355,,Yes
2,9/10/24,6,S1,SOC701 / 16,US HISTORY/A,SCOTT BOOTHBY,11,2026,F,1.00 pts,0,,356,,Yes
3,9/17/24,6,S1,SOC701 / 16,US HISTORY/A,SCOTT BOOTHBY,11,2026,C+,2.54 pts,0,,356,,Yes
4,9/24/24,6,S1,SOC701 / 16,US HISTORY/A,SCOTT BOOTHBY,11,2026,A-,3.50 pts,1,,356,,Yes
5,10/1/24,6,S1,SOC701 / 16,US HISTORY/A,SCOTT BOOTHBY,11,2026,B+,3.33 pts,2.71,,356,,Yes
6,10/8/24,6,S1,SOC701 / 16,US HISTORY/A,SCOTT BOOTHBY,11,2026,B+,3.26 pts,2.86,,356,,Yes
7,10/16/24,6,S1,SOC701 / 16,US HISTORY/A,SCOTT BOOTHBY,11,2026,C,2.23 pts,2.86,,356,,Yes
8,10/22/24,6,S1,SOC701 / 16,US HISTORY/A,SCOTT BOOTHBY,11,2026,C,2.23 pts,3,,356,,Yes
9,10/29/24,6,S1,SOC701 / 16,US HISTORY/A,SCOTT BOOTHBY,11,2026,C-,2.19 pts,3.29,,356,,Yes
10,11/5/24,6,S1,SOC701 / 16,US HISTORY/A,SCOTT BOOTHBY,11,2026,D+,1.80 pts,4.14,,356,,Yes
2,9/10/24,6,S1,MAT701 / 16,ALGEBRA II A,JASON BLAESING,11,2026,,,0,,357,,Yes
3,9/17/24,6,S1,MAT701 / 16,ALGEBRA II A,JASON BLAESING,11,2026,C-,2.00 pts,0.57,,357,,Yes
4,9/24/24,6,S1,MAT701 / 16,ALGEBRA II A,JASON BLAESING,11,2026,F,0.38 pts,3.36,,357,,Yes
5,10/1/24,6,S1,MAT701 / 16,ALGEBRA II A,JASON BLAESING,11,2026,F,1.14 pts,3.36,,357,,Yes
6,10/8/24,6,S1,MAT701 / 16,ALGEBRA II A,JASON BLAESING,11,2026,F,0.68 pts,3.64,,357,,Yes
7,10/16/24,6,S1,MAT701 / 16,ALGEBRA II A,JASON BLAESING,11,2026,C-,2.03 pts,3.64,,357,,Yes
8,10/22/24,6,S1,MAT701 / 16,ALGEBRA II A,JASON BLAESING,11,2026,C-,2.05 pts,4.64,,357,,Yes
9,10/29/24,6,S1,MAT701 / 16,ALGEBRA II A,JASON BLAESING,11,2026,C-,2.05 pts,4.64,,357,,Yes
10,11/5/24,6,S1,MAT701 / 16,ALGEBRA II A,JASON BLAESING,11,2026,C-,2.02 pts,4.64,,357,,Yes
2,9/10/24,3,S1,MAT522 / 13,GEOMETRY A,ROCHELLE AITON,9,2028,,,0,,358,,Yes
3,9/17/24,3,S1,MAT522 / 13,GEOMETRY A,ROCHELLE AITON,9,2028,C-,2.05 pts,0,,358,,Yes
4,9/24/24,3,S1,MAT522 / 13,GEOMETRY A,ROCHELLE AITON,9,2028,C-,2.05 pts,0.86,,358,,Yes
5,10/1/24,3,S1,MAT522 / 13,GEOMETRY A,ROCHELLE AITON,9,2028,C-,2.05 pts,0.86,,358,,Yes
6,10/8/24,3,S1,MAT522 / 13,GEOMETRY A,ROCHELLE AITON,9,2028,C+,2.53 pts,0.86,,358,,Yes
7,10/16/24,3,S1,MAT522 / 13,GEOMETRY A,ROCHELLE AITON,9,2028,C+,2.53 pts,0.86,,358,,Yes
8,10/22/24,3,S1,MAT522 / 13,GEOMETRY A,ROCHELLE AITON,9,2028,C+,2.50 pts,0.86,,358,,Yes
8,10/22/24,3,S1,MAT522 / 13,GEOMETRY A,NINETTE LILIENTHAL,9,2028,C+,2.50 pts,0.86,,358,,Yes
9,10/29/24,3,S1,MAT522 / 13,GEOMETRY A,ROCHELLE AITON,9,2028,C+,2.62 pts,1.86,,358,,Yes
9,10/29/24,3,S1,MAT522 / 13,GEOMETRY A,NINETTE LILIENTHAL,9,2028,C+,2.62 pts,1.86,,358,,Yes
10,11/5/24,3,S1,MAT522 / 13,GEOMETRY A,ROCHELLE AITON,9,2028,C+,2.62 pts,1.86,,358,,Yes
10,11/5/24,3,S1,MAT522 / 13,GEOMETRY A,NINETTE LILIENTHAL,9,2028,C+,2.62 pts,1.86,,358,,Yes
2,9/10/24,5,S1,MAT522 / 15,GEOMETRY A,BRIAN ANDERSON,10,2027,,,0,,359,,Yes
3,9/17/24,5,S1,MAT522 / 15,GEOMETRY A,BRIAN ANDERSON,10,2027,A,4.00 pts,0,,359,,Yes
4,9/24/24,5,S1,MAT522 / 15,GEOMETRY A,BRIAN ANDERSON,10,2027,A,3.96 pts,0,,359,,Yes
5,10/1/24,5,S1,MAT522 / 15,GEOMETRY A,BRIAN ANDERSON,10,2027,A,3.97 pts,0,,359,,Yes
6,10/8/24,5,S1,MAT522 / 15,GEOMETRY A,BRIAN ANDERSON,10,2027,A,3.98 pts,0,,359,,Yes
7,10/16/24,5,S1,MAT522 / 15,GEOMETRY A,BRIAN ANDERSON,10,2027,A,3.97 pts,0,,359,,Yes
8,10/22/24,5,S1,MAT522 / 15,GEOMETRY A,BRIAN ANDERSON,10,2027,A,3.98 pts,0,,359,,Yes
9,10/29/24,5,S1,MAT522 / 15,GEOMETRY A,BRIAN ANDERSON,10,2027,A,3.97 pts,0,,359,,Yes
10,11/5/24,5,S1,MAT522 / 15,GEOMETRY A,BRIAN ANDERSON,10,2027,A,3.66 pts,0,,359,,Yes
2,9/10/24,3,S1,MAT522 / 13,GEOMETRY A,ROCHELLE AITON,10,2027,,,0.14,,360,,Yes
2,9/10/24,6,S1,SCI601 / 16,BIOLOGY A,GRANT MERRILL,10,2027,,,0.29,,360,,Yes
3,9/17/24,3,S1,MAT522 / 13,GEOMETRY A,ROCHELLE AITON,10,2027,F,0.95 pts,1.14,,360,,Yes
3,9/17/24,6,S1,SCI601 / 16,BIOLOGY A,GRANT MERRILL,10,2027,F,1.01 pts,1.14,,360,,Yes
4,9/24/24,3,S1,MAT522 / 13,GEOMETRY A,ROCHELLE AITON,10,2027,F,0.95 pts,1.29,,360,,Yes
4,9/24/24,6,S1,SCI601 / 16,BIOLOGY A,GRANT MERRILL,10,2027,F,1.04 pts,1.29,,360,,Yes
5,10/1/24,3,S1,MAT522 / 13,GEOMETRY A,ROCHELLE AITON,10,2027,F,0.95 pts,3.43,,360,,Yes
5,10/1/24,6,S1,SCI601 / 16,BIOLOGY A,GRANT MERRILL,10,2027,F,1.02 pts,3.29,,360,,Yes
6,10/8/24,3,S1,MAT522 / 13,GEOMETRY A,ROCHELLE AITON,10,2027,F,0.48 pts,3.43,,360,,Yes
6,10/8/24,6,S1,SCI601 / 16,BIOLOGY A,GRANT MERRILL,10,2027,F,1.01 pts,3.86,,360,,Yes
7,10/16/24,3,S1,MAT522 / 13,GEOMETRY A,ROCHELLE AITON,10,2027,F,0.48 pts,5.29,,360,,Yes
7,10/16/24,6,S1,SCI601 / 16,BIOLOGY A,GRANT MERRILL,10,2027,F,1.00 pts,5.86,,360,,Yes
8,10/22/24,3,S1,MAT522 / 13,GEOMETRY A,ROCHELLE AITON,10,2027,F,0.48 pts,8.43,,360,,Yes
8,10/22/24,3,S1,MAT522 / 13,GEOMETRY A,NINETTE LILIENTHAL,10,2027,F,0.48 pts,8.43,,360,,Yes
8,10/22/24,6,S1,SCI601 / 16,BIOLOGY A,GRANT MERRILL,10,2027,F,0.53 pts,8.57,,360,,Yes
9,10/29/24,3,S1,MAT522 / 13,GEOMETRY A,ROCHELLE AITON,10,2027,F,0.48 pts,10.14,,360,,Yes
9,10/29/24,3,S1,MAT522 / 13,GEOMETRY A,NINETTE LILIENTHAL,10,2027,F,0.48 pts,10.14,,360,,Yes
9,10/29/24,6,S1,SCI601 / 16,BIOLOGY A,GRANT MERRILL,10,2027,F,0.96 pts,10.43,,360,,Yes
10,11/5/24,3,S1,MAT522 / 13,GEOMETRY A,ROCHELLE AITON,10,2027,F,0.48 pts,12.14,,360,,Yes
10,11/5/24,3,S1,MAT522 / 13,GEOMETRY A,NINETTE LILIENTHAL,10,2027,F,0.48 pts,12.14,,360,,Yes
10,11/5/24,6,S1,SCI601 / 16,BIOLOGY A,GRANT MERRILL,10,2027,F,0.96 pts,12.71,,360,,Yes
2,9/10/24,6,S1,MAT701 / 16,ALGEBRA II A,JASON BLAESING,11,2026,,,5.29,,361,,Yes
3,9/17/24,6,S1,MAT701 / 16,ALGEBRA II A,JASON BLAESING,11,2026,C+,2.67 pts,6.29,,361,,Yes
4,9/24/24,6,S1,MAT701 / 16,ALGEBRA II A,JASON BLAESING,11,2026,F,1.17 pts,6.29,,361,,Yes
5,10/1/24,6,S1,MAT701 / 16,ALGEBRA II A,JASON BLAESING,11,2026,F,1.06 pts,7.43,,361,,Yes
6,10/8/24,6,S1,MAT701 / 16,ALGEBRA II A,JASON BLAESING,11,2026,C-,2.03 pts,7.43,,361,,Yes
7,10/16/24,6,S1,MAT701 / 16,ALGEBRA II A,JASON BLAESING,11,2026,C-,2.03 pts,7.43,,361,,Yes
8,10/22/24,6,S1,MAT701 / 16,ALGEBRA II A,JASON BLAESING,11,2026,C-,2.06 pts,7.43,,361,,Yes
9,10/29/24,6,S1,MAT701 / 16,ALGEBRA II A,JASON BLAESING,11,2026,D+,1.84 pts,7.43,,361,,Yes
10,11/5/24,6,S1,MAT701 / 16,ALGEBRA II A,JASON BLAESING,11,2026,D+,1.84 pts,7.43,,361,,Yes
2,9/10/24,2,S1,BUS301 / 12,PERSONAL FINANCE A,NICOLE SIMEK,12,2025,,,0,,362,,Yes
3,9/17/24,2,S1,BUS301 / 12,PERSONAL FINANCE A,NICOLE SIMEK,12,2025,A,4.00 pts,0,,362,,Yes
4,9/24/24,2,S1,BUS301 / 12,PERSONAL FINANCE A,NICOLE SIMEK,12,2025,C-,2.06 pts,2.57,,362,,Yes
5,10/1/24,2,S1,BUS301 / 12,PERSONAL FINANCE A,NICOLE SIMEK,12,2025,F,1.42 pts,2.57,,362,,Yes
6,10/8/24,2,S1,BUS301 / 12,PERSONAL FINANCE A,NICOLE SIMEK,12,2025,D+,1.82 pts,2.86,,362,,Yes
7,10/16/24,2,S1,BUS301 / 12,PERSONAL FINANCE A,NICOLE SIMEK,12,2025,D+,1.86 pts,3.14,,362,,Yes
8,10/22/24,2,S1,BUS301 / 12,PERSONAL FINANCE A,NICOLE SIMEK,12,2025,F,0.96 pts,4.71,,362,,Yes
9,10/29/24,2,S1,BUS301 / 12,PERSONAL FINANCE A,NICOLE SIMEK,12,2025,F,0.93 pts,5.43,,362,,Yes
10,11/5/24,2,S1,BUS301 / 12,PERSONAL FINANCE A,NICOLE SIMEK,12,2025,F,0.93 pts,6.57,,362,,Yes
2,9/10/24,3,S1,MAT522 / 13,GEOMETRY A,ROCHELLE AITON,9,2028,,,0,,363,,Yes
3,9/17/24,3,S1,MAT522 / 13,GEOMETRY A,ROCHELLE AITON,9,2028,A,4.00 pts,0,,363,,Yes
4,9/24/24,3,S1,MAT522 / 13,GEOMETRY A,ROCHELLE AITON,9,2028,A,4.00 pts,0,,363,,Yes
5,10/1/24,3,S1,MAT522 / 13,GEOMETRY A,ROCHELLE AITON,9,2028,A,4.00 pts,0,,363,,Yes
6,10/8/24,3,S1,MAT522 / 13,GEOMETRY A,ROCHELLE AITON,9,2028,A-,3.53 pts,0,,363,,Yes
7,10/16/24,3,S1,MAT522 / 13,GEOMETRY A,ROCHELLE AITON,9,2028,A-,3.53 pts,0,,363,,Yes
8,10/22/24,3,S1,MAT522 / 13,GEOMETRY A,ROCHELLE AITON,9,2028,A-,3.55 pts,0,,363,,Yes
8,10/22/24,3,S1,MAT522 / 13,GEOMETRY A,NINETTE LILIENTHAL,9,2028,A-,3.55 pts,0,,363,,Yes
9,10/29/24,3,S1,MAT522 / 13,GEOMETRY A,ROCHELLE AITON,9,2028,A,3.68 pts,0,,363,,Yes
9,10/29/24,3,S1,MAT522 / 13,GEOMETRY A,NINETTE LILIENTHAL,9,2028,A,3.68 pts,0,,363,,Yes
10,11/5/24,3,S1,MAT522 / 13,GEOMETRY A,ROCHELLE AITON,9,2028,A,3.68 pts,0.86,,363,,Yes
10,11/5/24,3,S1,MAT522 / 13,GEOMETRY A,NINETTE LILIENTHAL,9,2028,A,3.68 pts,0.86,,363,,Yes
2,9/10/24,3,S1,SCI601 / 13,BIOLOGY A,GRANT MERRILL,10,2027,A,4.00 pts,0,,364,,Yes
3,9/17/24,3,S1,SCI601 / 13,BIOLOGY A,GRANT MERRILL,10,2027,F,1.17 pts,0,,364,,Yes
4,9/24/24,3,S1,SCI601 / 13,BIOLOGY A,GRANT MERRILL,10,2027,F,1.14 pts,2,,364,,Yes
5,10/1/24,3,S1,SCI601 / 13,BIOLOGY A,GRANT MERRILL,10,2027,C-,2.02 pts,2,,364,,Yes
6,10/8/24,3,S1,SCI601 / 13,BIOLOGY A,GRANT MERRILL,10,2027,C-,2.04 pts,2,,364,,Yes
7,10/16/24,3,S1,SCI601 / 13,BIOLOGY A,GRANT MERRILL,10,2027,C-,2.06 pts,2,,364,,Yes
8,10/22/24,3,S1,SCI601 / 13,BIOLOGY A,GRANT MERRILL,10,2027,F,1.52 pts,3,,364,,Yes
9,10/29/24,3,S1,SCI601 / 13,BIOLOGY A,GRANT MERRILL,10,2027,F,1.51 pts,3,,364,,Yes
10,11/5/24,3,S1,SCI601 / 13,BIOLOGY A,GRANT MERRILL,10,2027,F,1.49 pts,3,,364,,Yes
2,9/10/24,3,S1,BUS301 / 13,PERSONAL FINANCE A,NICOLE SIMEK,12,2025,,,0,,365,,Yes
3,9/17/24,3,S1,BUS301 / 13,PERSONAL FINANCE A,NICOLE SIMEK,12,2025,A,4.00 pts,0,,365,,Yes
4,9/24/24,3,S1,BUS301 / 13,PERSONAL FINANCE A,NICOLE SIMEK,12,2025,A,3.68 pts,0.86,,365,,Yes
5,10/1/24,3,S1,BUS301 / 13,PERSONAL FINANCE A,NICOLE SIMEK,12,2025,A,3.62 pts,0.86,,365,,Yes
6,10/8/24,3,S1,BUS301 / 13,PERSONAL FINANCE A,NICOLE SIMEK,12,2025,B+,3.21 pts,2.71,,365,,Yes
7,10/16/24,3,S1,BUS301 / 13,PERSONAL FINANCE A,NICOLE SIMEK,12,2025,C+,2.56 pts,2.71,,365,,Yes
8,10/22/24,3,S1,BUS301 / 13,PERSONAL FINANCE A,NICOLE SIMEK,12,2025,F,1.31 pts,2.71,,365,,Yes
9,10/29/24,3,S1,BUS301 / 13,PERSONAL FINANCE A,NICOLE SIMEK,12,2025,F,1.47 pts,2.71,,365,,Yes
10,11/5/24,3,S1,BUS301 / 13,PERSONAL FINANCE A,NICOLE SIMEK,12,2025,F,1.47 pts,2.71,,365,,Yes
2,9/10/24,6,S1,ENG501 / 16,FR ENGLISH/A,DAVID HOLLINGSWORTH,9,2028,,,0,,366,,Yes
3,9/17/24,6,S1,ENG501 / 16,FR ENGLISH/A,DAVID HOLLINGSWORTH,9,2028,A,3.80 pts,1,,366,,Yes
4,9/24/24,6,S1,ENG501 / 16,FR ENGLISH/A,DAVID HOLLINGSWORTH,9,2028,A,3.87 pts,1.86,,366,,Yes
5,10/1/24,6,S1,ENG501 / 16,FR ENGLISH/A,DAVID HOLLINGSWORTH,9,2028,B,2.95 pts,2.86,,366,,Yes
6,10/8/24,6,S1,ENG501 / 16,FR ENGLISH/A,DAVID HOLLINGSWORTH,9,2028,B,2.97 pts,2.86,,366,,Yes
7,10/16/24,6,S1,ENG501 / 16,FR ENGLISH/A,DAVID HOLLINGSWORTH,9,2028,B-,2.73 pts,2.86,,366,,Yes
8,10/22/24,6,S1,ENG501 / 16,FR ENGLISH/A,DAVID HOLLINGSWORTH,9,2028,B-,2.79 pts,3.86,,366,,Yes
9,10/29/24,6,S1,ENG501 / 16,FR ENGLISH/A,DAVID HOLLINGSWORTH,9,2028,C+,2.65 pts,3.86,,366,,Yes
10,11/5/24,6,S1,ENG501 / 16,FR ENGLISH/A,DAVID HOLLINGSWORTH,9,2028,B-,2.89 pts,3.86,,366,,Yes
2,9/10/24,3,S1,BUS301 / 13,PERSONAL FINANCE A,NICOLE SIMEK,12,2025,,,0,,367,,Yes
3,9/17/24,3,S1,BUS301 / 13,PERSONAL FINANCE A,NICOLE SIMEK,12,2025,A,4.00 pts,0,,367,,Yes
4,9/24/24,3,S1,BUS301 / 13,PERSONAL FINANCE A,NICOLE SIMEK,12,2025,A,4.00 pts,0.71,,367,,Yes
5,10/1/24,3,S1,BUS301 / 13,PERSONAL FINANCE A,NICOLE SIMEK,12,2025,A,4.00 pts,2,,367,,Yes
6,10/8/24,3,S1,BUS301 / 13,PERSONAL FINANCE A,NICOLE SIMEK,12,2025,A,3.99 pts,2,,367,,Yes
7,10/16/24,3,S1,BUS301 / 13,PERSONAL FINANCE A,NICOLE SIMEK,12,2025,A,3.80 pts,2,,367,,Yes
8,10/22/24,3,S1,BUS301 / 13,PERSONAL FINANCE A,NICOLE SIMEK,12,2025,D+,1.95 pts,2,,367,,Yes
9,10/29/24,3,S1,BUS301 / 13,PERSONAL FINANCE A,NICOLE SIMEK,12,2025,A,3.87 pts,2,,367,,Yes
10,11/5/24,3,S1,BUS301 / 13,PERSONAL FINANCE A,NICOLE SIMEK,12,2025,A,3.87 pts,2,,367,,Yes
2,9/10/24,2,S1,SCI609 / 12,CHEMISTRY/A,GRANT MERRILL,11,2026,A,4.00 pts,0,,368,,Yes
2,9/10/24,6,S1,SOC701 / 16,US HISTORY/A,SCOTT BOOTHBY,11,2026,F,0.00 pts,0,,368,,Yes
3,9/17/24,2,S1,SCI609 / 12,CHEMISTRY/A,GRANT MERRILL,11,2026,F,1.10 pts,0.14,,368,,Yes
3,9/17/24,6,S1,SOC701 / 16,US HISTORY/A,SCOTT BOOTHBY,11,2026,F,1.05 pts,0,,368,,Yes
4,9/24/24,2,S1,SCI609 / 12,CHEMISTRY/A,GRANT MERRILL,11,2026,F,1.10 pts,0.57,,368,,Yes
4,9/24/24,6,S1,SOC701 / 16,US HISTORY/A,SCOTT BOOTHBY,11,2026,C-,2.02 pts,0,,368,,Yes
5,10/1/24,2,S1,SCI609 / 12,CHEMISTRY/A,GRANT MERRILL,11,2026,F,1.03 pts,2.29,,368,,Yes
5,10/1/24,6,S1,SOC701 / 16,US HISTORY/A,SCOTT BOOTHBY,11,2026,D+,1.98 pts,1.14,,368,,Yes
6,10/8/24,2,S1,SCI609 / 12,CHEMISTRY/A,GRANT MERRILL,11,2026,F,0.55 pts,2.86,,368,,Yes
6,10/8/24,6,S1,SOC701 / 16,US HISTORY/A,SCOTT BOOTHBY,11,2026,D+,1.91 pts,1.14,,368,,Yes
7,10/16/24,2,S1,SCI609 / 12,CHEMISTRY/A,GRANT MERRILL,11,2026,F,1.03 pts,3.71,,368,,Yes
7,10/16/24,6,S1,SOC701 / 16,US HISTORY/A,SCOTT BOOTHBY,11,2026,D+,1.94 pts,1.14,,368,,Yes
8,10/22/24,2,S1,SCI609 / 12,CHEMISTRY/A,GRANT MERRILL,11,2026,F,1.17 pts,3.71,,368,,Yes
8,10/22/24,6,S1,SOC701 / 16,US HISTORY/A,SCOTT BOOTHBY,11,2026,D+,1.99 pts,1.14,,368,,Yes
9,10/29/24,1,S1,ENG701 / 11,JUNIOR ENG/A,JOHN CARVER,11,2026,D,1.72 pts,11.93,,1,,#N/A
9,10/29/24,2,S1,PED500 / 12,WEIGHT TRAINING,SCOTT BOOTHBY,11,2026,D,1.75 pts,11.79,,1,,#N/A
9,10/29/24,3,S1,MAT701 / 13,ALGEBRA II A,JENNIFER REILLY,11,2026,F,0.70 pts,11.07,Jonathan,1,Active,Yes
9,10/29/24,4,S1,CTE114 / 14,ENGINEERING A,JASON BLAESING,11,2026,C,2.25 pts,10.57,,1,,#N/A
9,10/29/24,5,S1,SOC701 / 15,US HISTORY/A,DAVE HAJEK,11,2026,F,0.05 pts,10.86,,1,,#N/A
9,10/29/24,6,S1,FAR604 / 16,SCENE DESIGN,KELLY GREGERSEN,11,2026,C+,2.54 pts,10.43,,1,,#N/A
9,10/29/24,7,S1,ELE507 / A61,ADVISORY 11/A,AARON LABREE,11,2026,,,6.71,,1,,#N/A
9,10/29/24,1,S1,CTA101 / 11,CTA S1,MARK CASTLE,11,2026,,,0,,3,,#N/A
9,10/29/24,2,S1,CTA101 / 11,CTA S1,MARK CASTLE,11,2026,,,0,,3,,#N/A
9,10/29/24,3,S1,CTA101 / 11,CTA S1,MARK CASTLE,11,2026,,,0,,3,,#N/A
9,10/29/24,4,S1,MAT701 / 14,ALGEBRA II A,JENNIFER REILLY,11,2026,D+,1.81 pts,0,,3,,#N/A
9,10/29/24,5,S1,ASL503 / 15,AMERICAN SIGN LANGUAGE II/A,TAMI GRANT,11,2026,A,3.88 pts,0,,3,,#N/A
9,10/29/24,6,S1,ENG701 / 16,JUNIOR ENG/A,JOHN CARVER,11,2026,A,3.79 pts,0.33,,3,,#N/A
9,10/29/24,1,S1,FAR505 / 11,CONCERT CHOIR/A,DAVID DUARTE,10,2027,A,4.00 pts,1.86,,4,,#N/A
9,10/29/24,2,S1,SPA501 / 12,SPANISH 1 A,ROCHELLE AITON,10,2027,A,3.76 pts,1.14,,4,,#N/A
9,10/29/24,3,S1,SOC108 / 13,WORLD HISTORY/A,RYAN ISAACSON,10,2027,B-,2.77 pts,0.71,,4,,#N/A
9,10/29/24,4,S1,SCI601 / 14,BIOLOGY A,GRANT MERRILL,10,2027,F,1.02 pts,2.43,,4,,Yes
9,10/29/24,5,S1,ENG601 / 15,SOPH ENG/A,MARCEE SALAS,10,2027,D+,1.91 pts,1.86,,4,,Yes
9,10/29/24,6,S1,MAT522 / 36,GEOMETRY A,ROCHELLE AITON,10,2027,F,1.62 pts,1.86,,4,,#N/A
9,10/29/24,6,S1,MAT522 / 36,GEOMETRY A,NINETTE LILIENTHAL,10,2027,F,1.62 pts,1.86,,4,,#N/A
9,10/29/24,7,S1,ELE505 / A60,ADVISORY 10/A,GRANT MERRILL,10,2027,,,0.86,,4,,#N/A
9,10/29/24,1,S1,VOC705 / 11,DIGITAL PHOTOGRAPHY I,ROSANNA RUFF,11,2026,B,2.97 pts,7.14,,5,,#N/A
9,10/29/24,2,S1,BUS301 / 12,PERSONAL FINANCE A,NICOLE SIMEK,11,2026,C+,2.66 pts,7,,5,,Yes
9,10/29/24,3,S1,SCI503 / 33,PHYSICAL SCIENCE A,WILLIAM BAUR,11,2026,F,1.53 pts,8.14,,5,,#N/A
9,10/29/24,4,S1,SOC701 / 14,US HISTORY/A,DAVE HAJEK,11,2026,F,1.42 pts,7.71,,5,,Yes
9,10/29/24,5,S1,ENG701 / 15,JUNIOR ENG/A,JOHN CARVER,11,2026,C,2.20 pts,8,,5,,Yes
9,10/29/24,6,S1,PED500 / 16,WEIGHT TRAINING,SCOTT DIZMANG,11,2026,A,3.76 pts,8,,5,,#N/A
9,10/29/24,7,S1,ELE507 / A41,ADVISORY 11/A,BRENT MANSELL,11,2026,,,7.71,,5,,#N/A
9,10/29/24,1,S1,PED513 / 11,TEAM GAMES,SCOTT DIZMANG,10,2027,A-,3.53 pts,1,,6,,#N/A
9,10/29/24,2,S1,MAT522 / 12,GEOMETRY A,ROCHELLE AITON,10,2027,B+,3.22 pts,1,John L,6,Active,Yes
9,10/29/24,2,S1,MAT522 / 12,GEOMETRY A,NINETTE LILIENTHAL,10,2027,B+,3.22 pts,1,John L,6,Active,Yes
9,10/29/24,3,S1,SOC108 / 13,WORLD HISTORY/A,RYAN ISAACSON,10,2027,F,1.57 pts,1.14,,6,,#N/A
9,10/29/24,4,S1,FAR109 / 14,CERAMICS II,ROBERT YEE,10,2027,A,4.00 pts,1.14,,6,,#N/A
9,10/29/24,5,S1,ENG601 / 15,SOPH ENG/A,MARCEE SALAS,10,2027,F,1.38 pts,1,,6,,#N/A
9,10/29/24,6,S1,SCI601 / 36,BIOLOGY A,WILLIAM BAUR,10,2027,F,1.49 pts,1.14,,6,,#N/A
9,10/29/24,7,S1,ELE505 / A60,ADVISORY 10/A,GRANT MERRILL,10,2027,,,1,,6,,#N/A
9,10/29/24,1,S1,ENG801 / 11,SENIOR ENG/A,HEATHER CARVER,12,2025,D,1.73 pts,4.86,,7,,#N/A
9,10/29/24,2,S1,BUS301 / 12,PERSONAL FINANCE A,NICOLE SIMEK,12,2025,F,0.84 pts,4.71,,7,,Yes
9,10/29/24,3,S1,ONT400 / 13,ON-TRACK/A,BRIAN ANDERSON,12,2025,A,4.00 pts,4.71,,7,,#N/A
9,10/29/24,4,S1,ENG715 / 14,FILM AS LITERATURE,KELLY GREGERSEN,12,2025,F,0.78 pts,4.71,,7,,#N/A
9,10/29/24,5,S1,CTE100 / 15,MEDICAL CAREERS & TERMINOLOG/A,DONNA SCHATZ,12,2025,F,1.53 pts,5,,7,,#N/A
9,10/29/24,6,S1,SOC802 / 16,CIVICS,JIM REED,12,2025,D,1.69 pts,4.57,,7,,#N/A
9,10/29/24,7,S1,ELE509 / A32,ADVISORY 12/A,SCOTT DIZMANG,12,2025,,,4,,7,,#N/A
9,10/29/24,1,S1,FAR720 / 11,PANTHER PLAYERS/A,KELLY GREGERSEN,11,2026,A-,3.54 pts,3.57,,46,,#N/A
9,10/29/24,2,S1,SCI609 / 12,CHEMISTRY/A,GRANT MERRILL,11,2026,F,0.91 pts,3.43,,46,,Yes
9,10/29/24,3,S1,MAT701 / 13,ALGEBRA II A,JENNIFER REILLY,11,2026,B-,2.70 pts,3.43,,46,,Yes
9,10/29/24,4,S1,ENG715 / 14,FILM AS LITERATURE,KELLY GREGERSEN,11,2026,A,4.00 pts,3.86,,46,,#N/A
9,10/29/24,5,S1,SOC701 / 15,US HISTORY/A,DAVE HAJEK,11,2026,C+,2.60 pts,3.43,,46,,#N/A
9,10/29/24,6,S1,SPA501 / 16,SPANISH 1 A,ROCHELLE AITON,11,2026,B,3.15 pts,3.43,,46,,#N/A
9,10/29/24,7,S1,ELE507 / A51,ADVISORY 11/A,DONALD O'BRIEN,11,2026,,,3,,46,,#N/A
9,10/29/24,1,S1,FAR720 / 11,PANTHER PLAYERS/A,KELLY GREGERSEN,12,2025,A,3.99 pts,4.71,,8,,#N/A
9,10/29/24,2,S1,SPS103 / 12,OFFICE ASSISTANT,MARK CASTLE,12,2025,,,3.29,,8,,#N/A
9,10/29/24,3,S1,PED500 / 13,WEIGHT TRAINING,SCOTT BOOTHBY,12,2025,B+,3.37 pts,2.43,,8,,#N/A
9,10/29/24,4,S1,ENG717 / 14,AP LITERATURE/ COMPOSITION A,HEATHER CARVER,12,2025,C-,2.01 pts,3.29,,8,,#N/A
9,10/29/24,5,S1,SOC802 / 15,CIVICS,SCOTT BOOTHBY,12,2025,B,3.03 pts,3.29,,8,,#N/A
9,10/29/24,6,S1,SCI503 / 16,PHYSICAL SCIENCE A,JAMES BENNETT,12,2025,D+,1.84 pts,3.57,,8,,#N/A
9,10/29/24,7,S1,ELE509 / A12,ADVISORY 12/A,JASON BLAESING,12,2025,,,2,,8,,#N/A
9,10/29/24,1,S1,PED500 / 11,WEIGHT TRAINING,SCOTT BOOTHBY,10,2027,A,3.88 pts,2,,9,,#N/A
9,10/29/24,2,S1,SOC108 / 12,WORLD HISTORY/A,DAVID HOLLINGSWORTH,10,2027,C,2.23 pts,2,,9,,#N/A
9,10/29/24,3,S1,SCI601 / 13,BIOLOGY A,GRANT MERRILL,10,2027,C,2.25 pts,1.86,,9,,Yes
9,10/29/24,4,S1,FAR109 / 14,CERAMICS II,ROBERT YEE,10,2027,A-,3.58 pts,0.86,,9,,#N/A
9,10/29/24,5,S1,MAT522 / 15,GEOMETRY A,BRIAN ANDERSON,10,2027,F,1.06 pts,0.86,,9,,Yes
9,10/29/24,6,S1,ENG601 / 16,SOPH ENG/A,MARCEE SALAS,10,2027,C-,2.01 pts,0.86,,9,,#N/A
9,10/29/24,7,S1,ELE505 / A80,ADVISORY 10/A,MARCEE SALAS,10,2027,,,0.57,,9,,#N/A
9,10/29/24,1,S1,MAT522 / 11,GEOMETRY A,ROCHELLE AITON,10,2027,D+,1.97 pts,0,,10,,Yes
9,10/29/24,1,S1,MAT522 / 11,GEOMETRY A,NINETTE LILIENTHAL,10,2027,D+,1.97 pts,0,,10,,Yes
9,10/29/24,2,S1,ENG601 / 12,SOPH ENG/A,KELLY GREGERSEN,10,2027,A-,3.50 pts,0,,10,,Yes
9,10/29/24,3,S1,SOC108 / 13,WORLD HISTORY/A,RYAN ISAACSON,10,2027,C,2.35 pts,0,,10,,#N/A
9,10/29/24,4,S1,HFL118 / 14,ADV CULINARY ARTS A,ALEXANDRA YOST,10,2027,C+,2.51 pts,0,,10,,#N/A
9,10/29/24,5,S1,VOC106 / 15,METAL MANUFACTURING & TECH I,DONALD O'BRIEN,10,2027,A,3.97 pts,0,,10,,#N/A
9,10/29/24,6,S1,SCI601 / 16,BIOLOGY A,GRANT MERRILL,10,2027,C+,2.66 pts,0.14,,10,,Yes
9,10/29/24,7,S1,ELE505 / A20,ADVISORY 10/A,ROCHELLE AITON,10,2027,,,0,,10,,#N/A
9,10/29/24,1,S1,SPA601 / 11,SPANISH II A,ROCHELLE AITON,11,2026,B-,2.83 pts,1,,11,,#N/A
9,10/29/24,2,S1,HFL116 / 12,BAKING PASTRY ARTS I,KAYLA PAYNE,11,2026,A-,3.53 pts,1,,11,,#N/A
9,10/29/24,3,S1,MAT701 / 13,ALGEBRA II A,JENNIFER REILLY,11,2026,C+,2.56 pts,1.57,,11,,Yes
9,10/29/24,4,S1,CTE114 / 14,ENGINEERING A,JASON BLAESING,11,2026,B-,2.89 pts,1.57,,11,,#N/A
9,10/29/24,5,S1,SOC703 / 15,AP US HISTORY A,RYAN ISAACSON,11,2026,A,3.98 pts,1.43,,11,,#N/A
9,10/29/24,6,S1,ENG701 / 16,JUNIOR ENG/A,JOHN CARVER,11,2026,A-,3.41 pts,1,,11,,#N/A
9,10/29/24,7,S1,ELE507 / A31,ADVISORY 11/A,DAVID HOLLINGSWORTH,11,2026,,,1,,11,,#N/A
9,10/29/24,1,S1,CTE114 / 11,ENGINEERING A,JASON BLAESING,11,2026,F,1.57 pts,6,,12,,#N/A
9,10/29/24,2,S1,VOC116 / 12,BASIC CARPENTRY 1,BRENT MANSELL,11,2026,C-,2.03 pts,6,,12,,#N/A
9,10/29/24,3,S1,BUS301 / 13,PERSONAL FINANCE A,NICOLE SIMEK,11,2026,C,2.33 pts,6,,12,,Yes
9,10/29/24,4,S1,SOC701 / 14,US HISTORY/A,DAVE HAJEK,11,2026,C,2.20 pts,6.43,,12,,Yes
9,10/29/24,5,S1,VOC504 / 15,ADV FINE ARTS WOODWORKING I,BRENT MANSELL,11,2026,A,4.00 pts,6.43,,12,,#N/A
9,10/29/24,6,S1,ENG701 / 16,JUNIOR ENG/A,JOHN CARVER,11,2026,C+,2.65 pts,6.43,,12,,#N/A
9,10/29/24,7,S1,ELE507 / A11,ADVISORY 11/A,JAMES BENNETT,11,2026,,,6,,12,,#N/A
9,10/29/24,1,S1,MAT522 / 11,GEOMETRY A,ROCHELLE AITON,10,2027,F,1.29 pts,5.43,John L,13,Active,Yes
9,10/29/24,1,S1,MAT522 / 11,GEOMETRY A,NINETTE LILIENTHAL,10,2027,F,1.29 pts,5.43,John L,13,Active,Yes
9,10/29/24,2,S1,ENG601 / 12,SOPH ENG/A,KELLY GREGERSEN,10,2027,D+,1.89 pts,5.14,,13,,Yes
9,10/29/24,3,S1,SCI601 / 33,BIOLOGY A,DONNA SCHATZ,10,2027,C+,2.66 pts,5.29,,13,,#N/A
9,10/29/24,4,S1,CTE114 / 14,ENGINEERING A,JASON BLAESING,10,2027,F,1.20 pts,3.43,,13,,#N/A
9,10/29/24,5,S1,HFL113 / 15,INTRO CULINARY ART,ALEXANDRA YOST,10,2027,C+,2.51 pts,5.14,,13,,#N/A
9,10/29/24,6,S1,SOC108 / 36,WORLD HISTORY/A,DAVE HAJEK,10,2027,F,1.23 pts,5.29,,13,,#N/A
9,10/29/24,7,S1,ELE505 / A70,ADVISORY 10/A,JOHN MILLER,10,2027,,,5.14,,13,,#N/A
9,10/29/24,1,S1,ENG701 / 11,JUNIOR ENG/A,JOHN CARVER,11,2026,B,3.14 pts,1.71,,14,,#N/A
9,10/29/24,2,S1,VOC705 / 12,DIGITAL PHOTOGRAPHY I,ROSANNA RUFF,11,2026,B+,3.22 pts,1,,14,,#N/A
9,10/29/24,3,S1,MAT701 / 13,ALGEBRA II A,JENNIFER REILLY,11,2026,F,1.19 pts,1.43,Jonathan,14,Active,Yes
9,10/29/24,4,S1,SCI503 / 14,PHYSICAL SCIENCE A,JAMES BENNETT,11,2026,C-,2.05 pts,1.86,,14,,#N/A
9,10/29/24,5,S1,SOC701 / 15,US HISTORY/A,DAVE HAJEK,11,2026,B-,2.79 pts,1.71,,14,,#N/A
9,10/29/24,6,S1,VOC502 / 16,FINE ARTS WOODWORKING I,BRENT MANSELL,11,2026,A,4.00 pts,1.43,,14,,#N/A
9,10/29/24,7,S1,ELE507 / A61,ADVISORY 11/A,AARON LABREE,11,2026,,,1,,14,,#N/A
9,10/29/24,1,S1,SPA601 / 11,SPANISH II A,ROCHELLE AITON,10,2027,A-,3.56 pts,0,,15,,#N/A
9,10/29/24,2,S1,ENG601 / 12,SOPH ENG/A,KELLY GREGERSEN,10,2027,F,1.06 pts,0,,15,,Yes
9,10/29/24,3,S1,SOC108 / 13,WORLD HISTORY/A,RYAN ISAACSON,10,2027,B,3.18 pts,0,,15,,#N/A
9,10/29/24,4,S1,SCI601 / 14,BIOLOGY A,GRANT MERRILL,10,2027,D,1.65 pts,0,,15,,Yes
9,10/29/24,5,S1,PED513 / 15,TEAM GAMES,SCOTT DIZMANG,10,2027,B,3.05 pts,0,,15,,#N/A
9,10/29/24,6,S1,MAT522 / 36,GEOMETRY A,ROCHELLE AITON,10,2027,D+,1.93 pts,0.14,,15,,#N/A
9,10/29/24,6,S1,MAT522 / 36,GEOMETRY A,NINETTE LILIENTHAL,10,2027,D+,1.93 pts,0.14,,15,,#N/A
9,10/29/24,7,S1,ELE505 / A80,ADVISORY 10/A,MARCEE SALAS,10,2027,,,0,,15,,#N/A
9,10/29/24,1,S1,SOC108 / 11,WORLD HISTORY/A,DAVID HOLLINGSWORTH,10,2027,F,1.11 pts,0,,16,,#N/A
9,10/29/24,2,S1,FAR113 / 12,INTRO TO ART AND DESIGN,ROBERT YEE,10,2027,B,3.00 pts,0,,16,,#N/A
9,10/29/24,3,S1,CTE120 / 13,CYBER SECURITY I,ROSANNA RUFF,10,2027,C+,2.67 pts,0,,16,,#N/A
9,10/29/24,4,S1,MAT522 / 14,GEOMETRY A,ROCHELLE AITON,10,2027,D+,1.90 pts,0,,16,,Yes
9,10/29/24,4,S1,MAT522 / 14,GEOMETRY A,NINETTE LILIENTHAL,10,2027,D+,1.90 pts,0,,16,,Yes
9,10/29/24,5,S1,SCI503 / 35,PHYSICAL SCIENCE A,WILLIAM BAUR,10,2027,F,1.10 pts,0,,16,,#N/A
9,10/29/24,6,S1,ENG601 / 16,SOPH ENG/A,MARCEE SALAS,10,2027,F,1.56 pts,0,,16,,#N/A
9,10/29/24,7,S1,ELE505 / A00,ADVISORY 10/A,ROBERT YEE,10,2027,,,0,,16,,#N/A
9,10/29/24,1,S1,SOC108 / 11,WORLD HISTORY/A,DAVID HOLLINGSWORTH,10,2027,,4.00 pts,0,,17,,#N/A
9,10/29/24,1,S1,VOC106 / 11,METAL MANUFACTURING & TECH I,DONALD O'BRIEN,10,2027,D,1.65 pts,2.43,,17,,#N/A
9,10/29/24,2,S1,ENG601 / 12,SOPH ENG/A,KELLY GREGERSEN,10,2027,F,1.10 pts,1.29,,17,,Yes
9,10/29/24,3,S1,SCI601 / 33,BIOLOGY A,DONNA SCHATZ,10,2027,C,2.34 pts,2.43,,17,,#N/A
9,10/29/24,4,S1,MAT522 / 14,GEOMETRY A,ROCHELLE AITON,10,2027,F,0.63 pts,2.29,John L,17,Active,Yes
9,10/29/24,4,S1,MAT522 / 14,GEOMETRY A,NINETTE LILIENTHAL,10,2027,F,0.63 pts,2.29,John L,17,Active,Yes
9,10/29/24,5,S1,PED513 / 15,TEAM GAMES,SCOTT DIZMANG,10,2027,A,3.99 pts,1.71,,17,,#N/A
9,10/29/24,6,S1,VOC620 / 16,METAL CRAFTS & PRODUCTION I,DONALD O'BRIEN,10,2027,,0.00 pts,0,,17,,#N/A
9,10/29/24,6,S1,SOC108 / 36,WORLD HISTORY/A,DAVE HAJEK,10,2027,F,1.01 pts,2.14,,17,,#N/A
9,10/29/24,7,S1,ELE505 / A70,ADVISORY 10/A,JOHN MILLER,10,2027,,,0.71,,17,,#N/A
9,10/29/24,0,S1,SUPADV / TM,SUPPLEMENTAL  ADVISORY,TIMOTHY MOORE,12,2025,,,0,,18,,#N/A
9,10/29/24,1,S1,PED101 / 11,PHYSICAL EDUCATION,KATHERINE STURDYVIN-SCOBBA,12,2025,D+,1.90 pts,3.29,,18,,#N/A
9,10/29/24,2,S1,BUS301 / 12,PERSONAL FINANCE A,NICOLE SIMEK,12,2025,B-,2.77 pts,1.86,,18,,Yes
9,10/29/24,3,S1,SOC802 / 13,CIVICS,JIM REED,12,2025,F,0.97 pts,1.86,,18,,#N/A
9,10/29/24,4,S1,AACTM1 / 14,ACADEMIC ACHIEVEMENT A,TIMOTHY MOORE,12,2025,A,3.67 pts,3.29,,18,,#N/A
9,10/29/24,5,S1,ONT400 / 15,ON-TRACK/A,ROBERT YEE,12,2025,B,2.90 pts,1.71,,18,,#N/A
9,10/29/24,6,S1,ENG801 / 16,SENIOR ENG/A,HEATHER CARVER,12,2025,C+,2.57 pts,1.71,,18,,#N/A
9,10/29/24,7,S1,ELE509 / A72,ADVISORY 12/A,JENNIFER REILLY,12,2025,,,0,,18,,#N/A
9,10/29/24,1,S1,PED500 / 11,WEIGHT TRAINING,SCOTT BOOTHBY,9,2028,A,3.88 pts,2,,2,,#N/A
9,10/29/24,2,S1,ASL501 / 12,AMERICAN SIGN LANGUAGE I/A,KYLA RITCHEY,9,2028,A,3.68 pts,2,,2,,#N/A
9,10/29/24,3,S1,MAT520 / 33,ALGEBRA I A,JANET GROVE,9,2028,B-,2.71 pts,2.86,,2,,#N/A
9,10/29/24,4,S1,SCI503 / 14,PHYSICAL SCIENCE A,JAMES BENNETT,9,2028,C+,2.56 pts,4,,2,,#N/A
9,10/29/24,5,S1,HFL113 / 15,INTRO CULINARY ART,ALEXANDRA YOST,9,2028,C,2.27 pts,4.29,,2,,#N/A
9,10/29/24,6,S1,ENG501 / 16,FR ENGLISH/A,DAVID HOLLINGSWORTH,9,2028,F,1.38 pts,4.29,,2,,Yes
9,10/29/24,7,S1,ELE503 / AA9,ADVISORY 9/A,NICOLE SIMEK,9,2028,,,3.86,,2,,#N/A
9,10/29/24,1,S1,CTE114 / 11,ENGINEERING A,JASON BLAESING,11,2026,B,3.13 pts,0.57,,19,,#N/A
9,10/29/24,2,S1,FAR113 / 12,INTRO TO ART AND DESIGN,ROBERT YEE,11,2026,F,1.58 pts,0,,19,,#N/A
9,10/29/24,3,S1,FAR605 / 13,INTRO TO THEATRE,KELLY GREGERSEN,11,2026,A,3.68 pts,0,,19,,#N/A
9,10/29/24,4,S1,ENG701 / 14,JUNIOR ENG/A,JOHN CARVER,11,2026,A-,3.51 pts,1.29,,19,,#N/A
9,10/29/24,5,S1,SOC703 / 15,AP US HISTORY A,RYAN ISAACSON,11,2026,C+,2.69 pts,1.29,,19,,#N/A
9,10/29/24,6,S1,MAT701 / 16,ALGEBRA II A,JASON BLAESING,11,2026,D,1.74 pts,1.29,Jonathan,19,Active,Yes
9,10/29/24,7,S1,ELE507 / A31,ADVISORY 11/A,DAVID HOLLINGSWORTH,11,2026,,,0.57,,19,,#N/A
9,10/29/24,1,S1,ENG601 / 11,SOPH ENG/A,MARCEE SALAS,10,2027,C+,2.50 pts,2.14,,20,,#N/A
9,10/29/24,2,S1,MAT522 / 32,GEOMETRY A,BRIAN ANDERSON,10,2027,F,0.81 pts,2.29,,20,,#N/A
9,10/29/24,3,S1,VOC620 / 13,METAL CRAFTS & PRODUCTION I,DONALD O'BRIEN,10,2027,A,3.97 pts,1.86,,20,,#N/A
9,10/29/24,4,S1,SCI601 / 14,BIOLOGY A,GRANT MERRILL,10,2027,D+,1.83 pts,1.14,,20,,Yes
9,10/29/24,5,S1,CTE100 / 15,MEDICAL CAREERS & TERMINOLOG/A,DONNA SCHATZ,10,2027,A,3.97 pts,0.71,,20,,#N/A
9,10/29/24,6,S1,SOC108 / 36,WORLD HISTORY/A,DAVE HAJEK,10,2027,F,1.24 pts,0.57,,20,,#N/A
9,10/29/24,7,S1,ELE505 / A40,ADVISORY 10/A,DAVID DUARTE,10,2027,,,0.29,,20,,#N/A
9,10/29/24,1,S1,SOC701 / 11,US HISTORY/A,DAVE HAJEK,11,2026,F,1.27 pts,7.71,,21,,#N/A
9,10/29/24,2,S1,SCI609 / 12,CHEMISTRY/A,GRANT MERRILL,11,2026,F,0.88 pts,6.71,,21,,Yes
9,10/29/24,3,S1,BUS301 / 13,PERSONAL FINANCE A,NICOLE SIMEK,11,2026,B,2.91 pts,7.43,,21,,Yes
9,10/29/24,4,S1,HFL118 / 14,ADV CULINARY ARTS A,ALEXANDRA YOST,11,2026,A,3.72 pts,7.43,,21,,#N/A
9,10/29/24,5,S1,ENG701 / 15,JUNIOR ENG/A,JOHN CARVER,11,2026,B-,2.88 pts,6.86,,21,,Yes
9,10/29/24,6,S1,PED500 / 16,WEIGHT TRAINING,SCOTT DIZMANG,11,2026,A,3.76 pts,7.43,,21,,#N/A
9,10/29/24,7,S1,ELE507 / A11,ADVISORY 11/A,JAMES BENNETT,11,2026,,,6,,21,,#N/A
9,10/29/24,1,S1,FAR109 / 11,CERAMICS II,ROBERT YEE,11,2026,B,3.17 pts,0.57,,22,,#N/A
9,10/29/24,2,S1,FAR113 / 12,INTRO TO ART AND DESIGN,ROBERT YEE,11,2026,B+,3.31 pts,0.86,,22,,#N/A
9,10/29/24,3,S1,MAT701 / 13,ALGEBRA II A,JENNIFER REILLY,11,2026,A-,3.51 pts,1.71,,22,,Yes
9,10/29/24,4,S1,SCI503 / 34,PHYSICAL SCIENCE A,WILLIAM BAUR,11,2026,B+,3.30 pts,1.14,,22,,#N/A
9,10/29/24,5,S1,SOC701 / 15,US HISTORY/A,DAVE HAJEK,11,2026,C-,2.07 pts,1.14,,22,,#N/A
9,10/29/24,6,S1,ENG701 / 16,JUNIOR ENG/A,JOHN CARVER,11,2026,A-,3.52 pts,1.29,,22,,#N/A
9,10/29/24,7,S1,ELE507 / A41,ADVISORY 11/A,BRENT MANSELL,11,2026,,,1.29,,22,,#N/A
9,10/29/24,1,S1,SCI503 / 11,PHYSICAL SCIENCE A,JAMES BENNETT,11,2026,C,2.26 pts,13.43,,23,,#N/A
9,10/29/24,2,S1,BUS301 / 12,PERSONAL FINANCE A,NICOLE SIMEK,11,2026,F,0.48 pts,12.86,Doug,23,Active,Yes
9,10/29/24,3,S1,ONT400 / 13,ON-TRACK/A,BRIAN ANDERSON,11,2026,C,2.29 pts,12.43,,23,,#N/A
9,10/29/24,4,S1,SOC701 / 14,US HISTORY/A,DAVE HAJEK,11,2026,F,0.61 pts,12.86,Rebecca,23,Active,Yes
9,10/29/24,5,S1,ENG701 / 15,JUNIOR ENG/A,JOHN CARVER,11,2026,D,1.65 pts,12.14,,23,,Yes
9,10/29/24,6,S1,VOC620 / 16,METAL CRAFTS & PRODUCTION I,DONALD O'BRIEN,11,2026,,0.00 pts,1.29,,23,,#N/A
9,10/29/24,6,S1,FAR604 / 16,SCENE DESIGN,KELLY GREGERSEN,11,2026,A,3.93 pts,11.86,,23,,#N/A
9,10/29/24,7,S1,ELE507 / A11,ADVISORY 11/A,JAMES BENNETT,11,2026,,,10.43,,23,,#N/A
9,10/29/24,1,S1,MAT704 / 11,PRE-CALC A MAT 153,BRIAN ANDERSON,12,2025,F,1.05 pts,1.5,,24,,Yes
9,10/29/24,2,S1,RUN101 / 12,RUNNING START/A,,12,2025,,,0,,24,,#N/A
9,10/29/24,3,S1,CTE120 / 13,CYBER SECURITY I,ROSANNA RUFF,12,2025,A-,3.54 pts,2,,24,,#N/A
9,10/29/24,4,S1,ENG717 / 14,AP LITERATURE/ COMPOSITION A,HEATHER CARVER,12,2025,,0.50 pts,1.25,,24,,#N/A
9,10/29/24,4,S1,RUN101 / 14,RUNNING START/A,,12,2025,,,0,,24,,#N/A
9,10/29/24,5,S1,SOC802 / 15,CIVICS,SCOTT BOOTHBY,12,2025,A,3.60 pts,1,,24,,#N/A
9,10/29/24,6,S1,RUN101 / 16,RUNNING START/A,,12,2025,,,0,,24,,#N/A
9,10/29/24,7,S1,ELE509 / A62,ADVISORY 12/A,RYAN ISAACSON,12,2025,,,0,,24,,#N/A
9,10/29/24,1,S1,PED513 / 11,TEAM GAMES,SCOTT DIZMANG,9,2028,A,3.76 pts,0,,25,,#N/A
9,10/29/24,2,S1,HFL114 / 12,FAMILY HEALTH,MICHAEL ISOTALO,9,2028,D+,1.86 pts,0,,25,,#N/A
9,10/29/24,3,S1,SCI503 / 33,PHYSICAL SCIENCE A,WILLIAM BAUR,9,2028,D+,1.98 pts,0,,25,,#N/A
9,10/29/24,4,S1,VOC300 / 14,SMALL ENGINE REPAIR I,DONALD O'BRIEN,9,2028,F,1.56 pts,0,,25,,#N/A
9,10/29/24,5,S1,MAT520 / 15,ALGEBRA I A,KEVIN REILLY,9,2028,B+,3.39 pts,0,,25,,#N/A
9,10/29/24,6,S1,ENG501 / 16,FR ENGLISH/A,DAVID HOLLINGSWORTH,9,2028,F,0.85 pts,0,,25,,Yes
9,10/29/24,7,S1,ELE503 / A19,ADVISORY 9/A,ANGELINA MERRILL,9,2028,,,0,,25,,#N/A
9,10/29/24,1,S1,SCI503 / 11,PHYSICAL SCIENCE A,JAMES BENNETT,11,2026,F,0.13 pts,12.57,,26,,#N/A
9,10/29/24,2,S1,VOC705 / 12,DIGITAL PHOTOGRAPHY I,ROSANNA RUFF,11,2026,A,3.71 pts,8.86,,26,,#N/A
9,10/29/24,3,S1,ONT400 / 13,ON-TRACK/A,BRIAN ANDERSON,11,2026,C+,2.67 pts,4.86,,26,,#N/A
9,10/29/24,4,S1,SOC701 / 14,US HISTORY/A,DAVE HAJEK,11,2026,F,0.85 pts,8,,26,,Yes
9,10/29/24,5,S1,BUS301 / 15,PERSONAL FINANCE A,NICOLE SIMEK,11,2026,F,0.29 pts,6.86,,26,,#N/A
9,10/29/24,6,S1,ENG701 / 16,JUNIOR ENG/A,JOHN CARVER,11,2026,C-,2.16 pts,8.86,,26,,#N/A
9,10/29/24,7,S1,ELE507 / A21,ADVISORY 11/A,HEATHER CARVER,11,2026,,,4.43,,26,,#N/A
9,10/29/24,1,S1,ASL505 / 11,AMER SIGN III/A,TAMI GRANT,11,2026,A,4.00 pts,1.43,,29,,#N/A
9,10/29/24,2,S1,SCI503 / 32,PHYSICAL SCIENCE A,WILLIAM BAUR,11,2026,B,3.06 pts,0.86,,29,,#N/A
9,10/29/24,3,S1,ENG719 / 13,AP LANGUAGE/COMPOSITION A,HEATHER CARVER,11,2026,C+,2.67 pts,1.57,,29,,#N/A
9,10/29/24,4,S1,MAT701 / 14,ALGEBRA II A,JENNIFER REILLY,11,2026,B,2.96 pts,2.14,,29,,#N/A
9,10/29/24,5,S1,CTE501 / 15,PROJECT IN LEADERSHIP/A,KYLA RITCHEY,11,2026,A-,3.50 pts,0.71,,29,,#N/A
9,10/29/24,6,S1,SOC701 / 16,US HISTORY/A,SCOTT BOOTHBY,11,2026,F,1.39 pts,1.57,,29,,Yes
9,10/29/24,7,S1,ELE507 / A71,ADVISORY 11/A,KEVIN REILLY,11,2026,,,0.71,,29,,#N/A
9,10/29/24,1,S1,PED500 / 11,WEIGHT TRAINING,SCOTT BOOTHBY,12,2025,C,2.39 pts,4.29,,27,,#N/A
9,10/29/24,2,S1,BUS301 / 12,PERSONAL FINANCE A,NICOLE SIMEK,12,2025,D,1.76 pts,4,,27,,Yes
9,10/29/24,3,S1,ONT400 / 13,ON-TRACK/A,BRIAN ANDERSON,12,2025,A,4.00 pts,4,,27,,#N/A
9,10/29/24,4,S1,SOC802 / 14,CIVICS,JIM REED,12,2025,F,0.65 pts,4.43,,27,,#N/A
9,10/29/24,5,S1,CTE100 / 15,MEDICAL CAREERS & TERMINOLOG/A,DONNA SCHATZ,12,2025,F,0.62 pts,4.29,,27,,#N/A
9,10/29/24,6,S1,ENG801 / 16,SENIOR ENG/A,HEATHER CARVER,12,2025,F,1.48 pts,4,,27,,#N/A
9,10/29/24,7,S1,ELE509 / A42,ADVISORY 12/A,TAMI GRANT,12,2025,,,4,,27,,#N/A
9,10/29/24,1,S1,ENG601 / 11,SOPH ENG/A,MARCEE SALAS,10,2027,D+,1.90 pts,1.43,,28,,#N/A
9,10/29/24,2,S1,SCI601 / 32,BIOLOGY A,DONNA SCHATZ,10,2027,B-,2.72 pts,1.43,,28,,#N/A
9,10/29/24,3,S1,ASL501 / 13,AMERICAN SIGN LANGUAGE I/A,KYLA RITCHEY,10,2027,A,4.00 pts,2,,28,,#N/A
9,10/29/24,4,S1,MAT522 / 14,GEOMETRY A,ROCHELLE AITON,10,2027,F,0.95 pts,1.57,,28,,Yes
9,10/29/24,4,S1,MAT522 / 14,GEOMETRY A,NINETTE LILIENTHAL,10,2027,F,0.95 pts,1.57,,28,,Yes
9,10/29/24,5,S1,CTE222 / 15,MUSIC PROD IA,DAVID DUARTE,10,2027,F,0.19 pts,1.86,,28,,#N/A
9,10/29/24,6,S1,SOC108 / 16,WORLD HISTORY/A,RYAN ISAACSON,10,2027,F,0.56 pts,1.86,,28,,#N/A
9,10/29/24,7,S1,ELE505 / A50,ADVISORY 10/A,JANET GROVE,10,2027,,,1,,28,,#N/A
9,10/29/24,1,S1,PED513 / 11,TEAM GAMES,SCOTT DIZMANG,12,2025,B,3.05 pts,3.57,,30,,#N/A
9,10/29/24,2,S1,ASL503 / 12,AMERICAN SIGN LANGUAGE II/A,TAMI GRANT,12,2025,B-,2.73 pts,2.86,,30,,#N/A
9,10/29/24,3,S1,BUS301 / 13,PERSONAL FINANCE A,NICOLE SIMEK,12,2025,B+,3.25 pts,2,,30,,Yes
9,10/29/24,4,S1,SOC802 / 14,CIVICS,JIM REED,12,2025,C,2.32 pts,2.57,,30,,#N/A
9,10/29/24,5,S1,VOC106 / 15,METAL MANUFACTURING & TECH I,DONALD O'BRIEN,12,2025,A,3.98 pts,3.14,,30,,#N/A
9,10/29/24,6,S1,ENG801 / 16,SENIOR ENG/A,HEATHER CARVER,12,2025,C+,2.69 pts,3.14,,30,,#N/A
9,10/29/24,7,S1,ELE509 / A22,ADVISORY 12/A,SCOTT BOOTHBY,12,2025,,,2.43,,30,,#N/A
9,10/29/24,1,S1,PED513 / 11,TEAM GAMES,SCOTT DIZMANG,11,2026,A-,3.53 pts,18.54,,31,,#N/A
9,10/29/24,2,S1,MAT520 / 12,ALGEBRA I A,KEVIN REILLY,11,2026,D+,1.93 pts,16.57,,31,,#N/A
9,10/29/24,3,S1,SOC701 / 13,US HISTORY/A,DAVE HAJEK,11,2026,W,0.00 pts,19.14,,31,,#N/A
9,10/29/24,3,S1,ELE403 / 13,LANGUAGE SUPPORT/A,HAYLEY ALVARADO,11,2026,,,0,,31,,Yes
9,10/29/24,4,S1,SCI503 / 34,PHYSICAL SCIENCE A,WILLIAM BAUR,11,2026,,0.00 pts,6.43,,31,,#N/A
9,10/29/24,4,S1,FAR108 / 14,CERAMICS I,ROBERT YEE,11,2026,F,0.00 pts,9.43,,31,,#N/A
9,10/29/24,5,S1,ENG701 / 15,JUNIOR ENG/A,JOHN CARVER,11,2026,W,1.54 pts,16.86,,31,,Yes
9,10/29/24,5,S1,NCR105 / 15,EARLY DISMISSAL,MARK CASTLE,11,2026,,,0,,31,,#N/A
9,10/29/24,6,S1,FAR108 / 16,CERAMICS I,ROBERT YEE,11,2026,,4.00 pts,6.43,,31,,#N/A
9,10/29/24,6,S1,NCR105 / 16,EARLY DISMISSAL,MARK CASTLE,11,2026,,,0,,31,,#N/A
9,10/29/24,6,S1,SCI601 / 36,BIOLOGY A,WILLIAM BAUR,11,2026,W,0.00 pts,12.57,,31,,Yes
9,10/29/24,7,S1,ELE507 / A61,ADVISORY 11/A,AARON LABREE,11,2026,,,8.57,,31,,#N/A
9,10/29/24,1,S1,FAR108 / 11,CERAMICS I,ROBERT YEE,10,2027,A-,3.53 pts,1,,32,,#N/A
9,10/29/24,2,S1,SOC108 / 12,WORLD HISTORY/A,DAVID HOLLINGSWORTH,10,2027,C+,2.58 pts,1.43,,32,,#N/A
9,10/29/24,3,S1,SCI601 / 33,BIOLOGY A,DONNA SCHATZ,10,2027,B,3.17 pts,1.43,,32,,#N/A
9,10/29/24,4,S1,MAT522 / 14,GEOMETRY A,ROCHELLE AITON,10,2027,F,1.39 pts,3,,32,,Yes
9,10/29/24,4,S1,MAT522 / 14,GEOMETRY A,NINETTE LILIENTHAL,10,2027,F,1.39 pts,3,,32,,Yes
9,10/29/24,5,S1,ASL503 / 15,AMERICAN SIGN LANGUAGE II/A,TAMI GRANT,10,2027,C+,2.50 pts,3,,32,,#N/A
9,10/29/24,6,S1,ENG601 / 16,SOPH ENG/A,MARCEE SALAS,10,2027,D,1.66 pts,3,,32,,#N/A
9,10/29/24,7,S1,ELE505 / A50,ADVISORY 10/A,JANET GROVE,10,2027,,,1,,32,,#N/A
9,10/29/24,1,S1,VOC705 / 11,DIGITAL PHOTOGRAPHY I,ROSANNA RUFF,10,2027,B+,3.38 pts,0.71,,33,,#N/A
9,10/29/24,2,S1,MAT522 / 12,GEOMETRY A,ROCHELLE AITON,10,2027,F,1.61 pts,0.29,,33,,Yes
9,10/29/24,2,S1,MAT522 / 12,GEOMETRY A,NINETTE LILIENTHAL,10,2027,F,1.61 pts,0.29,,33,,Yes
9,10/29/24,3,S1,ASL501 / 13,AMERICAN SIGN LANGUAGE I/A,KYLA RITCHEY,10,2027,C,2.36 pts,0.29,,33,,#N/A
9,10/29/24,4,S1,SOC108 / 14,WORLD HISTORY/A,DAVID HOLLINGSWORTH,10,2027,C,2.29 pts,0,,33,,#N/A
9,10/29/24,5,S1,ENG601 / 15,SOPH ENG/A,MARCEE SALAS,10,2027,D+,1.99 pts,0,,33,,Yes
9,10/29/24,6,S1,SCI601 / 36,BIOLOGY A,WILLIAM BAUR,10,2027,F,1.52 pts,0,,33,,Yes
9,10/29/24,7,S1,ELE505 / A90,ADVISORY 10/A,MICHAEL WAREHAM,10,2027,,,0,,33,,#N/A
9,10/29/24,1,S1,VOC106 / 11,METAL MANUFACTURING & TECH I,DONALD O'BRIEN,10,2027,C+,2.65 pts,1.86,,34,,#N/A
9,10/29/24,2,S1,ENG601 / 12,SOPH ENG/A,KELLY GREGERSEN,10,2027,F,1.31 pts,1.43,,34,,Yes
9,10/29/24,3,S1,SCI601 / 13,BIOLOGY A,GRANT MERRILL,10,2027,F,0.62 pts,1.43,,34,,Yes
9,10/29/24,4,S1,MAT522 / 14,GEOMETRY A,ROCHELLE AITON,10,2027,F,0.95 pts,1.29,John L,34,Active,Yes
9,10/29/24,4,S1,MAT522 / 14,GEOMETRY A,NINETTE LILIENTHAL,10,2027,F,0.95 pts,1.29,John L,34,Active,Yes
9,10/29/24,5,S1,VOC503 / 15,FINE ARTS WOODS II,BRENT MANSELL,10,2027,C,2.49 pts,1.71,,34,,#N/A
9,10/29/24,6,S1,SOC108 / 16,WORLD HISTORY/A,RYAN ISAACSON,10,2027,F,1.42 pts,1.86,,34,,#N/A
9,10/29/24,7,S1,ELE505 / A60,ADVISORY 10/A,GRANT MERRILL,10,2027,,,1.29,,34,,#N/A
9,10/29/24,1,S1,ENG801 / 11,SENIOR ENG/A,HEATHER CARVER,12,2025,C+,2.67 pts,1.14,,35,,#N/A
9,10/29/24,2,S1,SCI609 / 12,CHEMISTRY/A,GRANT MERRILL,12,2025,F,0.97 pts,1.71,,35,,Yes
9,10/29/24,3,S1,SOC802 / 13,CIVICS,JIM REED,12,2025,D+,1.98 pts,1.71,,35,,#N/A
9,10/29/24,4,S1,HFL115 / 14,ADVANCED PASTRY ARTS I,KAYLA PAYNE,12,2025,A,3.76 pts,1.71,,35,,#N/A
9,10/29/24,5,S1,ONT400 / 15,ON-TRACK/A,ROBERT YEE,12,2025,B-,2.88 pts,2.14,,35,,#N/A
9,10/29/24,6,S1,FAR111 / 16,CERAMICS IV,ROBERT YEE,12,2025,F,1.50 pts,2,,35,,#N/A
9,10/29/24,7,S1,ELE509 / A62,ADVISORY 12/A,RYAN ISAACSON,12,2025,,,1,,35,,#N/A
9,10/29/24,1,S1,CTE114 / 11,ENGINEERING A,JASON BLAESING,11,2026,C+,2.58 pts,7.14,,36,,#N/A
9,10/29/24,2,S1,MAT701 / 12,ALGEBRA II A,JASON BLAESING,11,2026,F,1.09 pts,7,,36,,Yes
9,10/29/24,3,S1,PED500 / 13,WEIGHT TRAINING,SCOTT BOOTHBY,11,2026,B-,2.88 pts,7,,36,,#N/A
9,10/29/24,4,S1,ENG701 / 14,JUNIOR ENG/A,JOHN CARVER,11,2026,C,2.30 pts,7.14,,36,,#N/A
9,10/29/24,5,S1,SOC701 / 15,US HISTORY/A,DAVE HAJEK,11,2026,F,1.64 pts,7,,36,,#N/A
9,10/29/24,6,S1,FAR542 / 16,WIND ENSEMB/A,DAVID DUARTE,11,2026,A,4.00 pts,7,,36,,#N/A
9,10/29/24,7,S1,ELE507 / A41,ADVISORY 11/A,BRENT MANSELL,11,2026,,,7,,36,,#N/A
9,10/29/24,1,S1,VOC502 / 11,FINE ARTS WOODWORKING I,BRENT MANSELL,11,2026,A,4.00 pts,1,,37,,#N/A
9,10/29/24,2,S1,SCI503 / 12,PHYSICAL SCIENCE A,JAMES BENNETT,11,2026,C,2.34 pts,1,,37,,#N/A
9,10/29/24,3,S1,ONT400 / 13,ON-TRACK/A,BRIAN ANDERSON,11,2026,A,4.00 pts,1.14,,37,,#N/A
9,10/29/24,4,S1,ENG715 / 14,FILM AS LITERATURE,KELLY GREGERSEN,11,2026,C-,2.02 pts,1,,37,,#N/A
9,10/29/24,5,S1,BUS301 / 15,PERSONAL FINANCE A,NICOLE SIMEK,11,2026,F,0.58 pts,1,,37,,#N/A
9,10/29/24,6,S1,SOC701 / 16,US HISTORY/A,SCOTT BOOTHBY,11,2026,C,2.42 pts,1.14,,37,,Yes
9,10/29/24,7,S1,ELE507 / A21,ADVISORY 11/A,HEATHER CARVER,11,2026,,,1,,37,,#N/A
9,10/29/24,1,S1,VOC502 / 11,FINE ARTS WOODWORKING I,BRENT MANSELL,10,2027,A,4.00 pts,3.29,,38,,#N/A
9,10/29/24,2,S1,SCI601 / 32,BIOLOGY A,DONNA SCHATZ,10,2027,B,2.97 pts,4,,38,,#N/A
9,10/29/24,3,S1,MAT522 / 13,GEOMETRY A,ROCHELLE AITON,10,2027,F,1.62 pts,3.71,,38,,Yes
9,10/29/24,3,S1,MAT522 / 13,GEOMETRY A,NINETTE LILIENTHAL,10,2027,F,1.62 pts,3.71,,38,,Yes
9,10/29/24,4,S1,PED500 / 14,WEIGHT TRAINING,SCOTT DIZMANG,10,2027,A-,3.51 pts,3.86,,38,,#N/A
9,10/29/24,5,S1,ENG601 / 15,SOPH ENG/A,MARCEE SALAS,10,2027,B-,2.89 pts,4.14,,38,,Yes
9,10/29/24,6,S1,SOC108 / 36,WORLD HISTORY/A,DAVE HAJEK,10,2027,D+,1.80 pts,3.71,,38,,#N/A
9,10/29/24,7,S1,ELE505 / A70,ADVISORY 10/A,JOHN MILLER,10,2027,,,3,,38,,#N/A
9,10/29/24,1,S1,VOC106 / 11,METAL MANUFACTURING & TECH I,DONALD O'BRIEN,10,2027,B-,2.87 pts,1.43,,39,,#N/A
9,10/29/24,2,S1,SOC108 / 12,WORLD HISTORY/A,DAVID HOLLINGSWORTH,10,2027,C,2.31 pts,1.43,,39,,#N/A
9,10/29/24,3,S1,MAT522 / 13,GEOMETRY A,ROCHELLE AITON,10,2027,D+,1.97 pts,1.43,,39,,Yes
9,10/29/24,3,S1,MAT522 / 13,GEOMETRY A,NINETTE LILIENTHAL,10,2027,D+,1.97 pts,1.43,,39,,Yes
9,10/29/24,4,S1,PED500 / 14,WEIGHT TRAINING,SCOTT DIZMANG,10,2027,A,3.76 pts,1,,39,,#N/A
9,10/29/24,5,S1,ENG601 / 15,SOPH ENG/A,MARCEE SALAS,10,2027,F,1.48 pts,1.14,,39,,Yes
9,10/29/24,6,S1,SCI601 / 36,BIOLOGY A,WILLIAM BAUR,10,2027,F,1.28 pts,1,,39,,Yes
9,10/29/24,7,S1,ELE505 / A20,ADVISORY 10/A,ROCHELLE AITON,10,2027,,,1,,39,,#N/A
9,10/29/24,1,S1,ENG701 / 11,JUNIOR ENG/A,JOHN CARVER,11,2026,B-,2.79 pts,2,,40,,#N/A
9,10/29/24,2,S1,MAT701 / 12,ALGEBRA II A,JASON BLAESING,11,2026,F,1.12 pts,2,,40,,Yes
9,10/29/24,3,S1,PED500 / 13,WEIGHT TRAINING,SCOTT BOOTHBY,11,2026,A,3.75 pts,2,,40,,#N/A
9,10/29/24,4,S1,SCI503 / 34,PHYSICAL SCIENCE A,WILLIAM BAUR,11,2026,C+,2.52 pts,2.57,,40,,#N/A
9,10/29/24,5,S1,SPA601 / 15,SPANISH II A,ROCHELLE AITON,11,2026,F,1.60 pts,2.57,,40,,#N/A
9,10/29/24,6,S1,SOC701 / 16,US HISTORY/A,SCOTT BOOTHBY,11,2026,C,2.33 pts,2.57,,40,,Yes
9,10/29/24,7,S1,ELE507 / A31,ADVISORY 11/A,DAVID HOLLINGSWORTH,11,2026,,,2.57,,40,,#N/A
9,10/29/24,1,S1,SOC701 / 11,US HISTORY/A,DAVE HAJEK,11,2026,C-,2.07 pts,2.57,,47,,#N/A
9,10/29/24,2,S1,SCI609 / 12,CHEMISTRY/A,GRANT MERRILL,11,2026,F,1.11 pts,2.43,,47,,Yes
9,10/29/24,3,S1,ASL503 / 13,AMERICAN SIGN LANGUAGE II/A,TAMI GRANT,11,2026,B+,3.38 pts,2,,47,,#N/A
9,10/29/24,4,S1,PED500 / 14,WEIGHT TRAINING,SCOTT DIZMANG,11,2026,A,4.00 pts,2,,47,,#N/A
9,10/29/24,5,S1,MAT701 / 35,ALGEBRA II A,JENNIFER REILLY,11,2026,B,3.16 pts,2,,47,,#N/A
9,10/29/24,6,S1,ENG701 / 16,JUNIOR ENG/A,JOHN CARVER,11,2026,B+,3.33 pts,2,,47,,#N/A
9,10/29/24,7,S1,ELE507 / A91,ADVISORY 11/A,DONNA SCHATZ,11,2026,,,2.57,,47,,#N/A
9,10/29/24,1,S1,ENG701 / 11,JUNIOR ENG/A,JOHN CARVER,11,2026,C+,2.50 pts,2.86,,41,,#N/A
9,10/29/24,2,S1,HFL116 / 12,BAKING PASTRY ARTS I,KAYLA PAYNE,11,2026,C-,2.14 pts,2.14,,41,,#N/A
9,10/29/24,3,S1,SCI503 / 33,PHYSICAL SCIENCE A,WILLIAM BAUR,11,2026,B,3.15 pts,1,,41,,#N/A
9,10/29/24,4,S1,SOC701 / 14,US HISTORY/A,DAVE HAJEK,11,2026,D,1.68 pts,2.29,,41,,Yes
9,10/29/24,5,S1,ASL503 / 15,AMERICAN SIGN LANGUAGE II/A,TAMI GRANT,11,2026,A,3.63 pts,2,,41,,#N/A
9,10/29/24,6,S1,MAT701 / 16,ALGEBRA II A,JASON BLAESING,11,2026,F,1.05 pts,2,,41,,Yes
9,10/29/24,7,S1,ELE507 / A31,ADVISORY 11/A,DAVID HOLLINGSWORTH,11,2026,,,1,,41,,#N/A
9,10/29/24,1,S1,FAR606 / 11,ADVANCED ACTING/ A,KELLY GREGERSEN,12,2025,A,4.00 pts,1.29,,42,,#N/A
9,10/29/24,2,S1,SCI609 / 12,CHEMISTRY/A,GRANT MERRILL,12,2025,F,1.27 pts,0.57,,42,,Yes
9,10/29/24,3,S1,ENG801 / 13,SENIOR ENG/A,JOHN CARVER,12,2025,C,2.47 pts,2,,42,,#N/A
9,10/29/24,4,S1,HFL118 / 14,ADV CULINARY ARTS A,ALEXANDRA YOST,12,2025,B,2.98 pts,1.86,,42,,#N/A
9,10/29/24,5,S1,BUS301 / 15,PERSONAL FINANCE A,NICOLE SIMEK,12,2025,F,1.41 pts,1.29,,42,,#N/A
9,10/29/24,6,S1,FAR542 / 16,WIND ENSEMB/A,DAVID DUARTE,12,2025,C+,2.67 pts,1.57,,42,,#N/A
9,10/29/24,7,S1,ELE509 / A82,ADVISORY 12/A,ALEXANDRA YOST,12,2025,,,0.71,,42,,#N/A
9,10/29/24,1,S1,ENG701 / 11,JUNIOR ENG/A,JOHN CARVER,11,2026,D,1.79 pts,16,,43,,#N/A
9,10/29/24,2,S1,SCI503 / 12,PHYSICAL SCIENCE A,JAMES BENNETT,11,2026,F,1.57 pts,14.71,,43,,#N/A
9,10/29/24,3,S1,ASL503 / 13,AMERICAN SIGN LANGUAGE II/A,TAMI GRANT,11,2026,D,1.67 pts,14,,43,,#N/A
9,10/29/24,4,S1,SOC701 / 14,US HISTORY/A,DAVE HAJEK,11,2026,F,1.62 pts,15.71,,43,,Yes
9,10/29/24,5,S1,SOC105 / 15,AP PSYCHOLOGY A,JIM REED,11,2026,B-,2.86 pts,13.57,,43,,#N/A
9,10/29/24,6,S1,MAT701 / 16,ALGEBRA II A,JASON BLAESING,11,2026,F,1.28 pts,14.71,,43,,Yes
9,10/29/24,7,S1,ELE507 / A41,ADVISORY 11/A,BRENT MANSELL,11,2026,,,10.43,,43,,#N/A
9,10/29/24,1,S1,MAT522 / 11,GEOMETRY A,ROCHELLE AITON,10,2027,F,0.95 pts,8.71,John L,44,Active,Yes
9,10/29/24,1,S1,MAT522 / 11,GEOMETRY A,NINETTE LILIENTHAL,10,2027,F,0.95 pts,8.71,John L,44,Active,Yes
9,10/29/24,2,S1,HFL116 / 12,BAKING PASTRY ARTS I,KAYLA PAYNE,10,2027,C-,2.06 pts,5.29,,44,,#N/A
9,10/29/24,2,S1,SCI601 / 32,BIOLOGY A,DONNA SCHATZ,10,2027,,0.20 pts,1.86,,44,,#N/A
9,10/29/24,3,S1,HFL116 / 13,BAKING PASTRY ARTS I,KAYLA PAYNE,10,2027,,,2.57,,44,,#N/A
9,10/29/24,3,S1,SCI601 / 33,BIOLOGY A,DONNA SCHATZ,10,2027,F,0.41 pts,6.71,,44,,#N/A
9,10/29/24,4,S1,PED500 / 14,WEIGHT TRAINING,SCOTT DIZMANG,10,2027,B-,2.78 pts,10.86,,44,,#N/A
9,10/29/24,5,S1,ENG601 / 15,SOPH ENG/A,MARCEE SALAS,10,2027,D,1.72 pts,10.57,,44,,Yes
9,10/29/24,6,S1,SOC108 / 16,WORLD HISTORY/A,RYAN ISAACSON,10,2027,F,0.93 pts,10.86,,44,,#N/A
9,10/29/24,7,S1,ELE505 / A30,ADVISORY 10/A,WILLIAM BAUR,10,2027,,,6.71,,44,,#N/A
9,10/29/24,1,S1,VOC705 / 11,DIGITAL PHOTOGRAPHY I,ROSANNA RUFF,11,2026,A,3.99 pts,1.57,,45,,#N/A
9,10/29/24,2,S1,SCI609 / 12,CHEMISTRY/A,GRANT MERRILL,11,2026,F,1.12 pts,1.43,,45,,Yes
9,10/29/24,3,S1,ENG719 / 13,AP LANGUAGE/COMPOSITION A,HEATHER CARVER,11,2026,B+,3.26 pts,1,,45,,#N/A
9,10/29/24,4,S1,PED500 / 14,WEIGHT TRAINING,SCOTT DIZMANG,11,2026,B+,3.27 pts,1,,45,,#N/A
9,10/29/24,5,S1,SOC703 / 15,AP US HISTORY A,RYAN ISAACSON,11,2026,A,4.00 pts,1,,45,,#N/A
9,10/29/24,6,S1,MAT701 / 16,ALGEBRA II A,JASON BLAESING,11,2026,C+,2.59 pts,1.14,,45,,Yes
9,10/29/24,7,S1,ELE507 / A81,ADVISORY 11/A,ROSANNA RUFF,11,2026,,,1.43,,45,,#N/A
9,10/29/24,2,S1,SCI609 / 12,CHEMISTRY/A,GRANT MERRILL,11,2026,F,1.58 pts,3.71,,368,,Yes
9,10/29/24,6,S1,SOC701 / 16,US HISTORY/A,SCOTT BOOTHBY,11,2026,C,2.30 pts,1.14,,368,,Yes
10,11/5/24,2,S1,SCI609 / 12,CHEMISTRY/A,GRANT MERRILL,11,2026,F,1.58 pts,4.57,,368,,Yes
10,11/5/24,6,S1,SOC701 / 16,US HISTORY/A,SCOTT BOOTHBY,11,2026,C,2.47 pts,2,,368,,Yes
2,9/10/24,5,S1,MAT522 / 15,GEOMETRY A,BRIAN ANDERSON,9,2028,,,0.57,,369,,Yes
3,9/17/24,5,S1,MAT522 / 15,GEOMETRY A,BRIAN ANDERSON,9,2028,A,3.67 pts,0.57,,369,,Yes
4,9/24/24,5,S1,MAT522 / 15,GEOMETRY A,BRIAN ANDERSON,9,2028,B,3.04 pts,0.57,,369,,Yes
5,10/1/24,5,S1,MAT522 / 15,GEOMETRY A,BRIAN ANDERSON,9,2028,B,3.09 pts,1.14,,369,,Yes
6,10/8/24,5,S1,MAT522 / 15,GEOMETRY A,BRIAN ANDERSON,9,2028,B,3.05 pts,2.43,,369,,Yes
7,10/16/24,5,S1,MAT522 / 15,GEOMETRY A,BRIAN ANDERSON,9,2028,A-,3.51 pts,2.43,,369,,Yes
8,10/22/24,5,S1,MAT522 / 15,GEOMETRY A,BRIAN ANDERSON,9,2028,B+,3.27 pts,2.86,,369,,Yes
9,10/29/24,5,S1,MAT522 / 15,GEOMETRY A,BRIAN ANDERSON,9,2028,B+,3.28 pts,2.86,,369,,Yes
10,11/5/24,5,S1,MAT522 / 15,GEOMETRY A,BRIAN ANDERSON,9,2028,B,3.19 pts,2.86,,369,,Yes
2,9/10/24,2,S1,MAT701 / 12,ALGEBRA II A,JASON BLAESING,11,2026,,,1,,370,,Yes
3,9/17/24,2,S1,MAT701 / 12,ALGEBRA II A,JASON BLAESING,11,2026,C+,2.67 pts,3,,370,,Yes
4,9/24/24,2,S1,MAT701 / 12,ALGEBRA II A,JASON BLAESING,11,2026,C-,2.19 pts,3,,370,,Yes
5,10/1/24,2,S1,MAT701 / 12,ALGEBRA II A,JASON BLAESING,11,2026,A,3.95 pts,4,,370,,Yes
6,10/8/24,2,S1,MAT701 / 12,ALGEBRA II A,JASON BLAESING,11,2026,A-,3.54 pts,4,,370,,Yes
7,10/16/24,2,S1,MAT701 / 12,ALGEBRA II A,JASON BLAESING,11,2026,B-,2.73 pts,4,,370,,Yes
8,10/22/24,2,S1,MAT701 / 12,ALGEBRA II A,JASON BLAESING,11,2026,B+,3.38 pts,4,,370,,Yes
9,10/29/24,2,S1,MAT701 / 12,ALGEBRA II A,JASON BLAESING,11,2026,B+,3.30 pts,5.86,,370,,Yes
10,11/5/24,2,S1,MAT701 / 12,ALGEBRA II A,JASON BLAESING,11,2026,B+,3.30 pts,5.86,,370,,Yes
2,9/10/24,5,S1,ENG601 / 15,SOPH ENG/A,MARCEE SALAS,10,2027,A,4.00 pts,0,,371,,Yes
3,9/17/24,5,S1,ENG601 / 15,SOPH ENG/A,MARCEE SALAS,10,2027,A,4.00 pts,1,,371,,Yes
4,9/24/24,5,S1,ENG601 / 15,SOPH ENG/A,MARCEE SALAS,10,2027,F,1.15 pts,1.43,,371,,Yes
5,10/1/24,5,S1,ENG601 / 15,SOPH ENG/A,MARCEE SALAS,10,2027,C,2.47 pts,1.43,,371,,Yes
6,10/8/24,5,S1,ENG601 / 15,SOPH ENG/A,MARCEE SALAS,10,2027,C+,2.69 pts,2.43,,371,,Yes
7,10/16/24,5,S1,ENG601 / 15,SOPH ENG/A,MARCEE SALAS,10,2027,B-,2.70 pts,4.29,,371,,Yes
8,10/22/24,5,S1,ENG601 / 15,SOPH ENG/A,MARCEE SALAS,10,2027,D+,1.96 pts,4.43,,371,,Yes
9,10/29/24,5,S1,ENG601 / 15,SOPH ENG/A,MARCEE SALAS,10,2027,C+,2.50 pts,4.43,,371,,Yes
10,11/5/24,5,S1,ENG601 / 15,SOPH ENG/A,MARCEE SALAS,10,2027,C+,2.54 pts,4.71,,371,,Yes
2,9/10/24,5,S1,MAT522 / 15,GEOMETRY A,BRIAN ANDERSON,10,2027,,,0.29,,372,,Yes
2,9/10/24,3,S1,SCI601 / 13,BIOLOGY A,GRANT MERRILL,10,2027,A,4.00 pts,0,,372,,Yes
3,9/17/24,3,S1,SCI601 / 13,BIOLOGY A,GRANT MERRILL,10,2027,D+,1.82 pts,1,,372,,Yes
3,9/17/24,5,S1,MAT522 / 15,GEOMETRY A,BRIAN ANDERSON,10,2027,C+,2.67 pts,1.29,,372,,Yes
4,9/24/24,3,S1,SCI601 / 13,BIOLOGY A,GRANT MERRILL,10,2027,B,2.91 pts,3,,372,,Yes
4,9/24/24,5,S1,MAT522 / 15,GEOMETRY A,BRIAN ANDERSON,10,2027,F,1.01 pts,3.29,,372,,Yes
5,10/1/24,3,S1,SCI601 / 13,BIOLOGY A,GRANT MERRILL,10,2027,B-,2.89 pts,3,,372,,Yes
5,10/1/24,5,S1,MAT522 / 15,GEOMETRY A,BRIAN ANDERSON,10,2027,F,1.01 pts,3.29,,372,,Yes
6,10/8/24,3,S1,SCI601 / 13,BIOLOGY A,GRANT MERRILL,10,2027,B-,2.87 pts,5,,372,,Yes
6,10/8/24,5,S1,MAT522 / 15,GEOMETRY A,BRIAN ANDERSON,10,2027,F,0.99 pts,5.29,,372,,Yes
7,10/16/24,3,S1,SCI601 / 13,BIOLOGY A,GRANT MERRILL,10,2027,B-,2.88 pts,6,,372,,Yes
7,10/16/24,5,S1,MAT522 / 15,GEOMETRY A,BRIAN ANDERSON,10,2027,F,0.98 pts,6.29,,372,,Yes
8,10/22/24,3,S1,SCI601 / 13,BIOLOGY A,GRANT MERRILL,10,2027,C,2.30 pts,6.14,,372,,Yes
8,10/22/24,5,S1,MAT522 / 15,GEOMETRY A,BRIAN ANDERSON,10,2027,F,0.99 pts,6.43,,372,,Yes
9,10/29/24,3,S1,SCI601 / 13,BIOLOGY A,GRANT MERRILL,10,2027,B-,2.85 pts,6.14,,372,,Yes
9,10/29/24,5,S1,MAT522 / 15,GEOMETRY A,BRIAN ANDERSON,10,2027,F,1.01 pts,6.43,,372,,Yes
10,11/5/24,3,S1,SCI601 / 13,BIOLOGY A,GRANT MERRILL,10,2027,B-,2.84 pts,6.14,,372,,Yes
10,11/5/24,5,S1,MAT522 / 15,GEOMETRY A,BRIAN ANDERSON,10,2027,F,1.18 pts,6.43,,372,,Yes
2,9/10/24,5,S1,ENG601 / 15,SOPH ENG/A,MARCEE SALAS,10,2027,A,4.00 pts,0,,373,,Yes
2,9/10/24,6,S1,SCI601 / 36,BIOLOGY A,WILLIAM BAUR,10,2027,,,0,,373,,Yes
3,9/17/24,5,S1,ENG601 / 15,SOPH ENG/A,MARCEE SALAS,10,2027,A,4.00 pts,0,,373,,Yes
3,9/17/24,6,S1,SCI601 / 36,BIOLOGY A,WILLIAM BAUR,10,2027,A,4.00 pts,0,,373,,Yes
4,9/24/24,5,S1,ENG601 / 15,SOPH ENG/A,MARCEE SALAS,10,2027,C+,2.58 pts,0,,373,,Yes
4,9/24/24,6,S1,SCI601 / 36,BIOLOGY A,WILLIAM BAUR,10,2027,A,4.00 pts,0,,373,,Yes
5,10/1/24,5,S1,ENG601 / 15,SOPH ENG/A,MARCEE SALAS,10,2027,B-,2.77 pts,0,,373,,Yes
5,10/1/24,6,S1,SCI601 / 36,BIOLOGY A,WILLIAM BAUR,10,2027,A-,3.50 pts,0,,373,,Yes
6,10/8/24,5,S1,ENG601 / 15,SOPH ENG/A,MARCEE SALAS,10,2027,B-,2.79 pts,0,,373,,Yes
6,10/8/24,6,S1,SCI601 / 36,BIOLOGY A,WILLIAM BAUR,10,2027,B,2.97 pts,0,,373,,Yes
7,10/16/24,5,S1,ENG601 / 15,SOPH ENG/A,MARCEE SALAS,10,2027,B-,2.79 pts,0,,373,,Yes
7,10/16/24,6,S1,SCI601 / 36,BIOLOGY A,WILLIAM BAUR,10,2027,A-,3.47 pts,0,,373,,Yes
8,10/22/24,5,S1,ENG601 / 15,SOPH ENG/A,MARCEE SALAS,10,2027,B-,2.76 pts,0,,373,,Yes
8,10/22/24,6,S1,SCI601 / 36,BIOLOGY A,WILLIAM BAUR,10,2027,A-,3.47 pts,0,,373,,Yes
9,10/29/24,5,S1,ENG601 / 15,SOPH ENG/A,MARCEE SALAS,10,2027,B-,2.73 pts,0,,373,,Yes
9,10/29/24,6,S1,SCI601 / 36,BIOLOGY A,WILLIAM BAUR,10,2027,A,3.73 pts,0,,373,,Yes
10,11/5/24,5,S1,ENG601 / 15,SOPH ENG/A,MARCEE SALAS,10,2027,B,2.94 pts,0,,373,,Yes
10,11/5/24,6,S1,SCI601 / 36,BIOLOGY A,WILLIAM BAUR,10,2027,A,3.73 pts,0,,373,,Yes
2,9/10/24,5,S1,ENG601 / 15,SOPH ENG/A,MARCEE SALAS,10,2027,A,4.00 pts,5,,374,,Yes
3,9/17/24,4,S1,SCI601 / 14,BIOLOGY A,GRANT MERRILL,10,2027,D,1.66 pts,5,,374,,Yes
3,9/17/24,5,S1,ENG601 / 15,SOPH ENG/A,MARCEE SALAS,10,2027,B-,2.80 pts,5,,374,,Yes
4,9/24/24,4,S1,SCI601 / 14,BIOLOGY A,GRANT MERRILL,10,2027,F,1.08 pts,5.14,,374,,Yes
4,9/24/24,5,S1,ENG601 / 15,SOPH ENG/A,MARCEE SALAS,10,2027,C+,2.59 pts,5,,374,,Yes
5,10/1/24,4,S1,SCI601 / 14,BIOLOGY A,GRANT MERRILL,10,2027,F,1.07 pts,5.14,,374,,Yes
5,10/1/24,5,S1,ENG601 / 15,SOPH ENG/A,MARCEE SALAS,10,2027,C+,2.57 pts,5,,374,,Yes
6,10/8/24,4,S1,SCI601 / 14,BIOLOGY A,GRANT MERRILL,10,2027,F,1.13 pts,5.14,,374,,Yes
6,10/8/24,5,S1,ENG601 / 15,SOPH ENG/A,MARCEE SALAS,10,2027,C,2.27 pts,5,,374,,Yes
7,10/16/24,4,S1,SCI601 / 14,BIOLOGY A,GRANT MERRILL,10,2027,F,1.13 pts,5.14,,374,,Yes
7,10/16/24,5,S1,ENG601 / 15,SOPH ENG/A,MARCEE SALAS,10,2027,C,2.38 pts,5,,374,,Yes
8,10/22/24,4,S1,SCI601 / 14,BIOLOGY A,GRANT MERRILL,10,2027,F,0.63 pts,5.14,,374,,Yes
8,10/22/24,5,S1,ENG601 / 15,SOPH ENG/A,MARCEE SALAS,10,2027,C,2.24 pts,5,,374,,Yes
9,10/29/24,4,S1,SCI601 / 14,BIOLOGY A,GRANT MERRILL,10,2027,F,1.20 pts,5.14,,374,,Yes
9,10/29/24,5,S1,ENG601 / 15,SOPH ENG/A,MARCEE SALAS,10,2027,C,2.23 pts,5,,374,,Yes
10,11/5/24,4,S1,SCI601 / 14,BIOLOGY A,GRANT MERRILL,10,2027,F,1.48 pts,5.14,,374,,Yes
10,11/5/24,5,S1,ENG601 / 15,SOPH ENG/A,MARCEE SALAS,10,2027,C-,2.04 pts,5,,374,,Yes
2,9/10/24,6,S1,SCI601 / 16,BIOLOGY A,GRANT MERRILL,10,2027,,,0.43,,375,,Yes
3,9/17/24,6,S1,SCI601 / 16,BIOLOGY A,GRANT MERRILL,10,2027,F,1.03 pts,1,,375,,Yes
4,9/24/24,6,S1,SCI601 / 16,BIOLOGY A,GRANT MERRILL,10,2027,F,1.01 pts,1,,375,,Yes
5,10/1/24,6,S1,SCI601 / 16,BIOLOGY A,GRANT MERRILL,10,2027,D+,1.91 pts,1,,375,,Yes
6,10/8/24,6,S1,SCI601 / 16,BIOLOGY A,GRANT MERRILL,10,2027,D+,1.89 pts,1,,375,,Yes
7,10/16/24,6,S1,SCI601 / 16,BIOLOGY A,GRANT MERRILL,10,2027,D+,1.89 pts,1,,375,,Yes
8,10/22/24,6,S1,SCI601 / 16,BIOLOGY A,GRANT MERRILL,10,2027,F,1.53 pts,1,,375,,Yes
9,10/29/24,6,S1,SCI601 / 16,BIOLOGY A,GRANT MERRILL,10,2027,F,1.63 pts,1,,375,,Yes
10,11/5/24,6,S1,SCI601 / 16,BIOLOGY A,GRANT MERRILL,10,2027,F,1.63 pts,1,,375,,Yes
2,9/10/24,6,S1,SOC701 / 16,US HISTORY/A,SCOTT BOOTHBY,11,2026,B,3.00 pts,0,,376,,Yes
3,9/17/24,6,S1,SOC701 / 16,US HISTORY/A,SCOTT BOOTHBY,11,2026,C+,2.51 pts,0,,376,,Yes
4,9/24/24,6,S1,SOC701 / 16,US HISTORY/A,SCOTT BOOTHBY,11,2026,B,3.02 pts,0,,376,,Yes
5,10/1/24,6,S1,SOC701 / 16,US HISTORY/A,SCOTT BOOTHBY,11,2026,B,2.93 pts,0,,376,,Yes
6,10/8/24,6,S1,SOC701 / 16,US HISTORY/A,SCOTT BOOTHBY,11,2026,B,2.91 pts,0,,376,,Yes
7,10/16/24,6,S1,SOC701 / 16,US HISTORY/A,SCOTT BOOTHBY,11,2026,C-,2.04 pts,0,,376,,Yes
8,10/22/24,6,S1,SOC701 / 16,US HISTORY/A,SCOTT BOOTHBY,11,2026,C-,2.04 pts,0,,376,,Yes
9,10/29/24,6,S1,SOC701 / 16,US HISTORY/A,SCOTT BOOTHBY,11,2026,D+,1.85 pts,0,,376,,Yes
10,11/5/24,6,S1,SOC701 / 16,US HISTORY/A,SCOTT BOOTHBY,11,2026,C,2.22 pts,1,,376,,Yes
2,9/10/24,2,S1,BUS301 / 12,PERSONAL FINANCE A,NICOLE SIMEK,12,2025,,,1,,377,,Yes
3,9/17/24,2,S1,BUS301 / 12,PERSONAL FINANCE A,NICOLE SIMEK,12,2025,B-,2.85 pts,1,,377,,Yes
4,9/24/24,2,S1,BUS301 / 12,PERSONAL FINANCE A,NICOLE SIMEK,12,2025,F,1.35 pts,2,,377,,Yes
5,10/1/24,2,S1,BUS301 / 12,PERSONAL FINANCE A,NICOLE SIMEK,12,2025,F,1.34 pts,2,,377,,Yes
6,10/8/24,2,S1,BUS301 / 12,PERSONAL FINANCE A,NICOLE SIMEK,12,2025,F,1.02 pts,3,,377,,Yes
7,10/16/24,2,S1,BUS301 / 12,PERSONAL FINANCE A,NICOLE SIMEK,12,2025,F,0.81 pts,5,,377,,Yes
8,10/22/24,2,S1,BUS301 / 12,PERSONAL FINANCE A,NICOLE SIMEK,12,2025,F,0.42 pts,6.43,,377,,Yes
9,10/29/24,2,S1,BUS301 / 12,PERSONAL FINANCE A,NICOLE SIMEK,12,2025,F,0.92 pts,6.43,,377,,Yes
10,11/5/24,2,S1,BUS301 / 12,PERSONAL FINANCE A,NICOLE SIMEK,12,2025,F,0.92 pts,7.29,,377,,Yes
2,9/10/24,2,S1,MAT522 / 12,GEOMETRY A,ROCHELLE AITON,9,2028,,,2,,378,,Yes
3,9/17/24,2,S1,MAT522 / 12,GEOMETRY A,ROCHELLE AITON,9,2028,F,0.95 pts,2,,378,,Yes
4,9/24/24,2,S1,MAT522 / 12,GEOMETRY A,ROCHELLE AITON,9,2028,D+,1.90 pts,2,,378,,Yes
5,10/1/24,2,S1,MAT522 / 12,GEOMETRY A,ROCHELLE AITON,9,2028,D+,1.90 pts,2.14,,378,,Yes
6,10/8/24,2,S1,MAT522 / 12,GEOMETRY A,ROCHELLE AITON,9,2028,F,0.90 pts,2.14,,378,,Yes
7,10/16/24,2,S1,MAT522 / 12,GEOMETRY A,ROCHELLE AITON,9,2028,,0.90 pts,2.14,,378,,Yes
8,10/22/24,2,S1,MAT522 / 12,GEOMETRY A,ROCHELLE AITON,9,2028,W,0.90 pts,2.14,,378,,Yes
8,10/22/24,2,S1,MAT522 / 12,GEOMETRY A,NINETTE LILIENTHAL,9,2028,W,0.90 pts,2.14,,378,,Yes
9,10/29/24,2,S1,MAT522 / 12,GEOMETRY A,ROCHELLE AITON,9,2028,W,0.95 pts,2.14,,378,,Yes
9,10/29/24,2,S1,MAT522 / 12,GEOMETRY A,NINETTE LILIENTHAL,9,2028,W,0.95 pts,2.14,,378,,Yes
10,11/5/24,2,S1,MAT522 / 12,GEOMETRY A,ROCHELLE AITON,9,2028,W,0.95 pts,2.14,,378,,Yes
10,11/5/24,2,S1,MAT522 / 12,GEOMETRY A,NINETTE LILIENTHAL,9,2028,W,0.95 pts,2.14,,378,,Yes
2,9/10/24,6,S1,MAT701 / 16,ALGEBRA II A,JASON BLAESING,11,2026,,,0,,379,,Yes
3,9/17/24,6,S1,MAT701 / 16,ALGEBRA II A,JASON BLAESING,11,2026,F,0.00 pts,0,,379,,Yes
4,9/24/24,6,S1,MAT701 / 16,ALGEBRA II A,JASON BLAESING,11,2026,F,1.10 pts,0,,379,,Yes
5,10/1/24,6,S1,MAT701 / 16,ALGEBRA II A,JASON BLAESING,11,2026,F,1.00 pts,0.43,,379,,Yes
6,10/8/24,6,S1,MAT701 / 16,ALGEBRA II A,JASON BLAESING,11,2026,F,1.51 pts,0.43,,379,,Yes
7,10/16/24,6,S1,MAT701 / 16,ALGEBRA II A,JASON BLAESING,11,2026,D+,1.97 pts,1.43,,379,,Yes
8,10/22/24,6,S1,MAT701 / 16,ALGEBRA II A,JASON BLAESING,11,2026,C-,2.00 pts,1.43,,379,,Yes
9,10/29/24,6,S1,MAT701 / 16,ALGEBRA II A,JASON BLAESING,11,2026,C-,2.03 pts,1.43,,379,,Yes
10,11/5/24,6,S1,MAT701 / 16,ALGEBRA II A,JASON BLAESING,11,2026,C-,2.01 pts,1.86,,379,,Yes
2,9/10/24,3,S1,MAT701 / 13,ALGEBRA II A,JENNIFER REILLY,11,2026,,,0,,380,,Yes
2,9/10/24,6,S1,SOC701 / 16,US HISTORY/A,SCOTT BOOTHBY,11,2026,A,4.00 pts,0,,380,,Yes
3,9/17/24,3,S1,MAT701 / 13,ALGEBRA II A,JENNIFER REILLY,11,2026,A,4.00 pts,0.43,,380,,Yes
3,9/17/24,6,S1,SOC701 / 16,US HISTORY/A,SCOTT BOOTHBY,11,2026,C-,2.03 pts,0.71,,380,,Yes
4,9/24/24,3,S1,MAT701 / 13,ALGEBRA II A,JENNIFER REILLY,11,2026,F,0.20 pts,0.43,,380,,Yes
4,9/24/24,6,S1,SOC701 / 16,US HISTORY/A,SCOTT BOOTHBY,11,2026,C+,2.62 pts,0.71,,380,,Yes
5,10/1/24,3,S1,MAT701 / 13,ALGEBRA II A,JENNIFER REILLY,11,2026,B,3.10 pts,0.43,,380,,Yes
5,10/1/24,6,S1,SOC701 / 16,US HISTORY/A,SCOTT BOOTHBY,11,2026,C+,2.57 pts,0.71,,380,,Yes
6,10/8/24,3,S1,MAT701 / 13,ALGEBRA II A,JENNIFER REILLY,11,2026,C+,2.58 pts,0.43,,380,,Yes
6,10/8/24,6,S1,SOC701 / 16,US HISTORY/A,SCOTT BOOTHBY,11,2026,C+,2.65 pts,0.71,,380,,Yes
7,10/16/24,3,S1,MAT701 / 13,ALGEBRA II A,JENNIFER REILLY,11,2026,C+,2.51 pts,1.26,,380,,Yes
7,10/16/24,6,S1,SOC701 / 16,US HISTORY/A,SCOTT BOOTHBY,11,2026,C,2.37 pts,1.55,,380,,Yes
8,10/22/24,3,S1,MAT701 / 13,ALGEBRA II A,JENNIFER REILLY,11,2026,D,1.69 pts,4.26,,380,,Yes
8,10/22/24,6,S1,SOC701 / 16,US HISTORY/A,SCOTT BOOTHBY,11,2026,C,2.33 pts,4.55,,380,,Yes
9,10/29/24,3,S1,MAT701 / 13,ALGEBRA II A,JENNIFER REILLY,11,2026,C-,2.02 pts,4.26,,380,,Yes
9,10/29/24,6,S1,SOC701 / 16,US HISTORY/A,SCOTT BOOTHBY,11,2026,B-,2.79 pts,4.88,,380,,Yes
10,11/5/24,3,S1,MAT701 / 13,ALGEBRA II A,JENNIFER REILLY,11,2026,C-,2.02 pts,4.26,,380,,Yes
10,11/5/24,6,S1,SOC701 / 16,US HISTORY/A,SCOTT BOOTHBY,11,2026,C+,2.51 pts,5.21,,380,,Yes
2,9/10/24,2,S1,BUS301 / 12,PERSONAL FINANCE A,NICOLE SIMEK,12,2025,,,1,,381,,Yes
3,9/17/24,2,S1,BUS301 / 12,PERSONAL FINANCE A,NICOLE SIMEK,12,2025,A,4.00 pts,2.14,,381,,Yes
4,9/24/24,2,S1,BUS301 / 12,PERSONAL FINANCE A,NICOLE SIMEK,12,2025,A,3.98 pts,5.43,,381,,Yes
5,10/1/24,2,S1,BUS301 / 12,PERSONAL FINANCE A,NICOLE SIMEK,12,2025,B-,2.72 pts,7.29,,381,,Yes
6,10/8/24,2,S1,BUS301 / 12,PERSONAL FINANCE A,NICOLE SIMEK,12,2025,B,3.03 pts,7.71,,381,,Yes
7,10/16/24,2,S1,BUS301 / 12,PERSONAL FINANCE A,NICOLE SIMEK,12,2025,B,3.00 pts,11,,381,,Yes
8,10/22/24,2,S1,BUS301 / 12,PERSONAL FINANCE A,NICOLE SIMEK,12,2025,B,3.00 pts,13.71,,381,,Yes
9,10/29/24,2,S1,BUS301 / 12,PERSONAL FINANCE A,NICOLE SIMEK,12,2025,B+,3.27 pts,16.14,,381,,Yes
10,11/5/24,2,S1,BUS301 / 12,PERSONAL FINANCE A,NICOLE SIMEK,12,2025,B+,3.27 pts,17.43,,381,,Yes
2,9/10/24,3,S1,MAT522 / 13,GEOMETRY A,ROCHELLE AITON,10,2027,,,0,,382,,Yes
3,9/17/24,3,S1,MAT522 / 13,GEOMETRY A,ROCHELLE AITON,10,2027,F,0.00 pts,1.71,,382,,Yes
4,9/24/24,3,S1,MAT522 / 13,GEOMETRY A,ROCHELLE AITON,10,2027,F,0.95 pts,1.71,,382,,Yes
5,10/1/24,3,S1,MAT522 / 13,GEOMETRY A,ROCHELLE AITON,10,2027,F,0.95 pts,1.71,,382,,Yes
6,10/8/24,3,S1,MAT522 / 13,GEOMETRY A,ROCHELLE AITON,10,2027,F,1.43 pts,1.71,,382,,Yes
7,10/16/24,3,S1,MAT522 / 13,GEOMETRY A,ROCHELLE AITON,10,2027,F,1.43 pts,1.71,,382,,Yes
8,10/22/24,3,S1,MAT522 / 13,GEOMETRY A,ROCHELLE AITON,10,2027,F,1.45 pts,1.71,,382,,Yes
8,10/22/24,3,S1,MAT522 / 13,GEOMETRY A,NINETTE LILIENTHAL,10,2027,F,1.45 pts,1.71,,382,,Yes
9,10/29/24,3,S1,MAT522 / 13,GEOMETRY A,ROCHELLE AITON,10,2027,F,1.30 pts,1.71,,382,,Yes
9,10/29/24,3,S1,MAT522 / 13,GEOMETRY A,NINETTE LILIENTHAL,10,2027,F,1.30 pts,1.71,,382,,Yes
10,11/5/24,3,S1,MAT522 / 13,GEOMETRY A,ROCHELLE AITON,10,2027,F,1.30 pts,1.71,,382,,Yes
10,11/5/24,3,S1,MAT522 / 13,GEOMETRY A,NINETTE LILIENTHAL,10,2027,F,1.30 pts,1.71,,382,,Yes
2,9/10/24,5,S1,ENG601 / 15,SOPH ENG/A,MARCEE SALAS,10,2027,A,4.00 pts,0,,383,,Yes
2,9/10/24,1,S1,MAT522 / 11,GEOMETRY A,ROCHELLE AITON,10,2027,,,0,,383,,Yes
2,9/10/24,3,S1,SCI601 / 13,BIOLOGY A,GRANT MERRILL,10,2027,A,4.00 pts,0,,383,,Yes
3,9/17/24,1,S1,MAT522 / 11,GEOMETRY A,ROCHELLE AITON,10,2027,F,1.05 pts,2,,383,,Yes
3,9/17/24,3,S1,SCI601 / 13,BIOLOGY A,GRANT MERRILL,10,2027,C+,2.66 pts,2,,383,,Yes
3,9/17/24,5,S1,ENG601 / 15,SOPH ENG/A,MARCEE SALAS,10,2027,B+,3.20 pts,2,,383,,Yes
4,9/24/24,1,S1,MAT522 / 11,GEOMETRY A,ROCHELLE AITON,10,2027,C-,2.00 pts,3,,383,,Yes
4,9/24/24,3,S1,SCI601 / 13,BIOLOGY A,GRANT MERRILL,10,2027,A,3.85 pts,3,,383,,Yes
4,9/24/24,5,S1,ENG601 / 15,SOPH ENG/A,MARCEE SALAS,10,2027,C-,2.03 pts,3.29,,383,,Yes
5,10/1/24,1,S1,MAT522 / 11,GEOMETRY A,ROCHELLE AITON,10,2027,C-,2.00 pts,4,,383,,Yes
5,10/1/24,3,S1,SCI601 / 13,BIOLOGY A,GRANT MERRILL,10,2027,A,3.83 pts,4,,383,,Yes
5,10/1/24,5,S1,ENG601 / 15,SOPH ENG/A,MARCEE SALAS,10,2027,B+,3.35 pts,4.29,,383,,Yes
6,10/8/24,1,S1,MAT522 / 11,GEOMETRY A,ROCHELLE AITON,10,2027,F,1.00 pts,6,,383,,Yes
6,10/8/24,3,S1,SCI601 / 13,BIOLOGY A,GRANT MERRILL,10,2027,A,3.83 pts,6,,383,,Yes
6,10/8/24,5,S1,ENG601 / 15,SOPH ENG/A,MARCEE SALAS,10,2027,B+,3.25 pts,6.29,,383,,Yes
7,10/16/24,1,S1,MAT522 / 11,GEOMETRY A,ROCHELLE AITON,10,2027,C,2.36 pts,6,,383,,Yes
7,10/16/24,3,S1,SCI601 / 13,BIOLOGY A,GRANT MERRILL,10,2027,A,3.84 pts,6,,383,,Yes
7,10/16/24,5,S1,ENG601 / 15,SOPH ENG/A,MARCEE SALAS,10,2027,B+,3.30 pts,6.29,,383,,Yes
8,10/22/24,1,S1,MAT522 / 11,GEOMETRY A,ROCHELLE AITON,10,2027,C,2.36 pts,7,,383,,Yes
8,10/22/24,1,S1,MAT522 / 11,GEOMETRY A,NINETTE LILIENTHAL,10,2027,C,2.36 pts,7,,383,,Yes
8,10/22/24,3,S1,SCI601 / 13,BIOLOGY A,GRANT MERRILL,10,2027,B,2.98 pts,7,,383,,Yes
8,10/22/24,5,S1,ENG601 / 15,SOPH ENG/A,MARCEE SALAS,10,2027,B,3.17 pts,7.29,,383,,Yes
9,10/29/24,1,S1,MAT522 / 11,GEOMETRY A,ROCHELLE AITON,10,2027,C+,2.62 pts,9,,383,,Yes
9,10/29/24,1,S1,MAT522 / 11,GEOMETRY A,NINETTE LILIENTHAL,10,2027,C+,2.62 pts,9,,383,,Yes
9,10/29/24,3,S1,SCI601 / 13,BIOLOGY A,GRANT MERRILL,10,2027,B+,3.25 pts,9,,383,,Yes
9,10/29/24,5,S1,ENG601 / 15,SOPH ENG/A,MARCEE SALAS,10,2027,B,2.98 pts,9.29,,383,,Yes
10,11/5/24,1,S1,MAT522 / 11,GEOMETRY A,ROCHELLE AITON,10,2027,C+,2.62 pts,10,,383,,Yes
10,11/5/24,1,S1,MAT522 / 11,GEOMETRY A,NINETTE LILIENTHAL,10,2027,C+,2.62 pts,10,,383,,Yes
10,11/5/24,3,S1,SCI601 / 13,BIOLOGY A,GRANT MERRILL,10,2027,B+,3.24 pts,10,,383,,Yes
10,11/5/24,5,S1,ENG601 / 15,SOPH ENG/A,MARCEE SALAS,10,2027,B,2.99 pts,10.29,,383,,Yes
2,9/10/24,6,S1,MAT701 / 16,ALGEBRA II A,JASON BLAESING,10,2027,,,0,,384,,Yes
3,9/17/24,6,S1,MAT701 / 16,ALGEBRA II A,JASON BLAESING,10,2027,A,4.00 pts,0,,384,,Yes
4,9/24/24,6,S1,MAT701 / 16,ALGEBRA II A,JASON BLAESING,10,2027,C-,2.15 pts,1,,384,,Yes
5,10/1/24,6,S1,MAT701 / 16,ALGEBRA II A,JASON BLAESING,10,2027,B,3.06 pts,1,,384,,Yes
6,10/8/24,6,S1,MAT701 / 16,ALGEBRA II A,JASON BLAESING,10,2027,A-,3.50 pts,1,,384,,Yes
7,10/16/24,6,S1,MAT701 / 16,ALGEBRA II A,JASON BLAESING,10,2027,B+,3.34 pts,1,,384,,Yes
8,10/22/24,6,S1,MAT701 / 16,ALGEBRA II A,JASON BLAESING,10,2027,A,3.66 pts,2,,384,,Yes
9,10/29/24,6,S1,MAT701 / 16,ALGEBRA II A,JASON BLAESING,10,2027,B+,3.26 pts,2,,384,,Yes
10,11/5/24,6,S1,MAT701 / 16,ALGEBRA II A,JASON BLAESING,10,2027,B+,3.26 pts,2,,384,,Yes
2,9/10/24,2,S1,BUS301 / 12,PERSONAL FINANCE A,NICOLE SIMEK,12,2025,,,0,,385,,Yes
2,9/10/24,5,S1,ENG701 / 15,JUNIOR ENG/A,JOHN CARVER,12,2025,,,0,,385,,Yes
3,9/17/24,2,S1,BUS301 / 12,PERSONAL FINANCE A,NICOLE SIMEK,12,2025,B,3.00 pts,0,,385,,Yes
3,9/17/24,5,S1,ENG701 / 15,JUNIOR ENG/A,JOHN CARVER,12,2025,A,3.95 pts,0,,385,,Yes
4,9/24/24,2,S1,BUS301 / 12,PERSONAL FINANCE A,NICOLE SIMEK,12,2025,B,2.92 pts,0.86,,385,,Yes
4,9/24/24,5,S1,ENG701 / 15,JUNIOR ENG/A,JOHN CARVER,12,2025,B,3.02 pts,0.86,,385,,Yes
5,10/1/24,2,S1,BUS301 / 12,PERSONAL FINANCE A,NICOLE SIMEK,12,2025,C,2.33 pts,1.71,,385,,Yes
5,10/1/24,5,S1,ENG701 / 15,JUNIOR ENG/A,JOHN CARVER,12,2025,B,3.01 pts,1,,385,,Yes
6,10/8/24,2,S1,BUS301 / 12,PERSONAL FINANCE A,NICOLE SIMEK,12,2025,C,2.30 pts,3.71,,385,,Yes
6,10/8/24,5,S1,ENG701 / 15,JUNIOR ENG/A,JOHN CARVER,12,2025,C+,2.53 pts,3,,385,,Yes
7,10/16/24,2,S1,BUS301 / 12,PERSONAL FINANCE A,NICOLE SIMEK,12,2025,D,1.77 pts,3.71,,385,,Yes
7,10/16/24,5,S1,ENG701 / 15,JUNIOR ENG/A,JOHN CARVER,12,2025,B+,3.26 pts,3,,385,,Yes
8,10/22/24,2,S1,BUS301 / 12,PERSONAL FINANCE A,NICOLE SIMEK,12,2025,F,1.20 pts,4.57,,385,,Yes
8,10/22/24,5,S1,ENG701 / 15,JUNIOR ENG/A,JOHN CARVER,12,2025,B,2.99 pts,3.86,,385,,Yes
9,10/29/24,2,S1,BUS301 / 12,PERSONAL FINANCE A,NICOLE SIMEK,12,2025,F,1.17 pts,5.86,,385,,Yes
9,10/29/24,5,S1,ENG701 / 15,JUNIOR ENG/A,JOHN CARVER,12,2025,B-,2.87 pts,4.86,,385,,Yes
10,11/5/24,2,S1,BUS301 / 12,PERSONAL FINANCE A,NICOLE SIMEK,12,2025,F,1.17 pts,6.86,,385,,Yes
10,11/5/24,5,S1,ENG701 / 15,JUNIOR ENG/A,JOHN CARVER,12,2025,B-,2.87 pts,6.14,,385,,Yes
2,9/10/24,1,S1,MAT522 / 11,GEOMETRY A,ROCHELLE AITON,10,2027,,,0,,386,,Yes
2,9/10/24,3,S1,SCI601 / 13,BIOLOGY A,GRANT MERRILL,10,2027,,,0,,386,,Yes
3,9/17/24,1,S1,MAT522 / 11,GEOMETRY A,ROCHELLE AITON,10,2027,B,3.00 pts,0.29,,386,,Yes
3,9/17/24,3,S1,SCI601 / 13,BIOLOGY A,GRANT MERRILL,10,2027,C,2.33 pts,0.29,,386,,Yes
4,9/24/24,1,S1,MAT522 / 11,GEOMETRY A,ROCHELLE AITON,10,2027,A,3.95 pts,0.43,,386,,Yes
4,9/24/24,3,S1,SCI601 / 13,BIOLOGY A,GRANT MERRILL,10,2027,A,3.83 pts,0.29,,386,,Yes
5,10/1/24,1,S1,MAT522 / 11,GEOMETRY A,ROCHELLE AITON,10,2027,A,3.95 pts,1.43,,386,,Yes
5,10/1/24,3,S1,SCI601 / 13,BIOLOGY A,GRANT MERRILL,10,2027,A,3.79 pts,1.29,,386,,Yes
6,10/8/24,1,S1,MAT522 / 11,GEOMETRY A,ROCHELLE AITON,10,2027,A,3.90 pts,2.57,,386,,Yes
6,10/8/24,3,S1,SCI601 / 13,BIOLOGY A,GRANT MERRILL,10,2027,A,3.77 pts,2.29,,386,,Yes
7,10/16/24,1,S1,MAT522 / 11,GEOMETRY A,ROCHELLE AITON,10,2027,A,3.90 pts,2.71,,386,,Yes
7,10/16/24,3,S1,SCI601 / 13,BIOLOGY A,GRANT MERRILL,10,2027,A,3.77 pts,2.29,,386,,Yes
8,10/22/24,1,S1,MAT522 / 11,GEOMETRY A,ROCHELLE AITON,10,2027,A,3.90 pts,3.71,,386,,Yes
8,10/22/24,1,S1,MAT522 / 11,GEOMETRY A,NINETTE LILIENTHAL,10,2027,A,3.90 pts,3.71,,386,,Yes
8,10/22/24,3,S1,SCI601 / 13,BIOLOGY A,GRANT MERRILL,10,2027,D+,1.87 pts,3.29,,386,,Yes
9,10/29/24,1,S1,MAT522 / 11,GEOMETRY A,ROCHELLE AITON,10,2027,B+,3.32 pts,4.29,,386,,Yes
9,10/29/24,1,S1,MAT522 / 11,GEOMETRY A,NINETTE LILIENTHAL,10,2027,B+,3.32 pts,4.29,,386,,Yes
9,10/29/24,3,S1,SCI601 / 13,BIOLOGY A,GRANT MERRILL,10,2027,B-,2.74 pts,3.71,,386,,Yes
10,11/5/24,1,S1,MAT522 / 11,GEOMETRY A,ROCHELLE AITON,10,2027,B+,3.32 pts,5.14,,386,,Yes
10,11/5/24,1,S1,MAT522 / 11,GEOMETRY A,NINETTE LILIENTHAL,10,2027,B+,3.32 pts,5.14,,386,,Yes
10,11/5/24,3,S1,SCI601 / 13,BIOLOGY A,GRANT MERRILL,10,2027,B-,2.75 pts,3.71,,386,,Yes
2,9/10/24,3,S1,MAT701 / 13,ALGEBRA II A,JENNIFER REILLY,11,2026,,,0,,387,,Yes
2,9/10/24,2,S1,SCI609 / 12,CHEMISTRY/A,GRANT MERRILL,11,2026,F,0.00 pts,0,,387,,Yes
3,9/17/24,2,S1,SCI609 / 12,CHEMISTRY/A,GRANT MERRILL,11,2026,F,1.11 pts,0,,387,,Yes
3,9/17/24,3,S1,MAT701 / 13,ALGEBRA II A,JENNIFER REILLY,11,2026,A,4.00 pts,0,,387,,Yes
4,9/24/24,2,S1,SCI609 / 12,CHEMISTRY/A,GRANT MERRILL,11,2026,B,3.01 pts,0,,387,,Yes
4,9/24/24,3,S1,MAT701 / 13,ALGEBRA II A,JENNIFER REILLY,11,2026,A,4.00 pts,0,,387,,Yes
5,10/1/24,2,S1,SCI609 / 12,CHEMISTRY/A,GRANT MERRILL,11,2026,B,2.98 pts,0,,387,,Yes
5,10/1/24,3,S1,MAT701 / 13,ALGEBRA II A,JENNIFER REILLY,11,2026,A,4.00 pts,0,,387,,Yes
6,10/8/24,2,S1,SCI609 / 12,CHEMISTRY/A,GRANT MERRILL,11,2026,C-,2.02 pts,0,,387,,Yes
6,10/8/24,3,S1,MAT701 / 13,ALGEBRA II A,JENNIFER REILLY,11,2026,A,4.00 pts,0,,387,,Yes
7,10/16/24,2,S1,SCI609 / 12,CHEMISTRY/A,GRANT MERRILL,11,2026,C-,2.02 pts,0,,387,,Yes
7,10/16/24,3,S1,MAT701 / 13,ALGEBRA II A,JENNIFER REILLY,11,2026,A,3.93 pts,0,,387,,Yes
8,10/22/24,2,S1,SCI609 / 12,CHEMISTRY/A,GRANT MERRILL,11,2026,D+,1.92 pts,0,,387,,Yes
8,10/22/24,3,S1,MAT701 / 13,ALGEBRA II A,JENNIFER REILLY,11,2026,A,3.89 pts,0.43,,387,,Yes
9,10/29/24,2,S1,SCI609 / 12,CHEMISTRY/A,GRANT MERRILL,11,2026,B,2.90 pts,0,,387,,Yes
9,10/29/24,3,S1,MAT701 / 13,ALGEBRA II A,JENNIFER REILLY,11,2026,A,3.63 pts,0.43,,387,,Yes
10,11/5/24,2,S1,SCI609 / 12,CHEMISTRY/A,GRANT MERRILL,11,2026,B,3.00 pts,0,,387,,Yes
10,11/5/24,3,S1,MAT701 / 13,ALGEBRA II A,JENNIFER REILLY,11,2026,A,3.63 pts,0.43,,387,,Yes
2,9/10/24,2,S1,SCI609 / 12,CHEMISTRY/A,GRANT MERRILL,11,2026,A,4.00 pts,0,,388,,Yes
3,9/17/24,2,S1,SCI609 / 12,CHEMISTRY/A,GRANT MERRILL,11,2026,F,1.10 pts,0,,388,,Yes
4,9/24/24,2,S1,SCI609 / 12,CHEMISTRY/A,GRANT MERRILL,11,2026,B,3.00 pts,0,,388,,Yes
5,10/1/24,2,S1,SCI609 / 12,CHEMISTRY/A,GRANT MERRILL,11,2026,B,2.94 pts,0,,388,,Yes
6,10/8/24,2,S1,SCI609 / 12,CHEMISTRY/A,GRANT MERRILL,11,2026,C-,2.00 pts,0,,388,,Yes
7,10/16/24,2,S1,SCI609 / 12,CHEMISTRY/A,GRANT MERRILL,11,2026,C,2.48 pts,0,,388,,Yes
8,10/22/24,2,S1,SCI609 / 12,CHEMISTRY/A,GRANT MERRILL,11,2026,C+,2.55 pts,0,,388,,Yes
9,10/29/24,2,S1,SCI609 / 12,CHEMISTRY/A,GRANT MERRILL,11,2026,C,2.28 pts,0,,388,,Yes
10,11/5/24,2,S1,SCI609 / 12,CHEMISTRY/A,GRANT MERRILL,11,2026,C,2.28 pts,0,,388,,Yes
2,9/10/24,1,S1,MAT522 / 11,GEOMETRY A,ROCHELLE AITON,10,2027,,,0,,389,,Yes
2,9/10/24,3,S1,SCI601 / 13,BIOLOGY A,GRANT MERRILL,10,2027,A,4.00 pts,0,,389,,Yes
3,9/17/24,1,S1,MAT522 / 11,GEOMETRY A,ROCHELLE AITON,10,2027,A,3.95 pts,0,,389,,Yes
3,9/17/24,3,S1,SCI601 / 13,BIOLOGY A,GRANT MERRILL,10,2027,F,1.09 pts,0,,389,,Yes
4,9/24/24,1,S1,MAT522 / 11,GEOMETRY A,ROCHELLE AITON,10,2027,A,3.95 pts,0,,389,,Yes
4,9/24/24,3,S1,SCI601 / 13,BIOLOGY A,GRANT MERRILL,10,2027,F,1.11 pts,0,,389,,Yes
5,10/1/24,1,S1,MAT522 / 11,GEOMETRY A,ROCHELLE AITON,10,2027,A,3.95 pts,0,,389,,Yes
5,10/1/24,3,S1,SCI601 / 13,BIOLOGY A,GRANT MERRILL,10,2027,D+,1.97 pts,0,,389,,Yes
6,10/8/24,1,S1,MAT522 / 11,GEOMETRY A,ROCHELLE AITON,10,2027,A-,3.45 pts,0,,389,,Yes
6,10/8/24,3,S1,SCI601 / 13,BIOLOGY A,GRANT MERRILL,10,2027,C-,2.01 pts,0,,389,,Yes
7,10/16/24,1,S1,MAT522 / 11,GEOMETRY A,ROCHELLE AITON,10,2027,A,3.90 pts,0,,389,,Yes
7,10/16/24,3,S1,SCI601 / 13,BIOLOGY A,GRANT MERRILL,10,2027,C-,2.00 pts,0,,389,,Yes
8,10/22/24,1,S1,MAT522 / 11,GEOMETRY A,ROCHELLE AITON,10,2027,A,3.90 pts,0,,389,,Yes
8,10/22/24,1,S1,MAT522 / 11,GEOMETRY A,NINETTE LILIENTHAL,10,2027,A,3.90 pts,0,,389,,Yes
8,10/22/24,3,S1,SCI601 / 13,BIOLOGY A,GRANT MERRILL,10,2027,B,2.93 pts,0,,389,,Yes
9,10/29/24,1,S1,MAT522 / 11,GEOMETRY A,ROCHELLE AITON,10,2027,A,3.63 pts,0,,389,,Yes
9,10/29/24,1,S1,MAT522 / 11,GEOMETRY A,NINETTE LILIENTHAL,10,2027,A,3.63 pts,0,,389,,Yes
9,10/29/24,3,S1,SCI601 / 13,BIOLOGY A,GRANT MERRILL,10,2027,B,2.91 pts,0,,389,,Yes
10,11/5/24,1,S1,MAT522 / 11,GEOMETRY A,ROCHELLE AITON,10,2027,A,3.63 pts,0,,389,,Yes
10,11/5/24,1,S1,MAT522 / 11,GEOMETRY A,NINETTE LILIENTHAL,10,2027,A,3.63 pts,0,,389,,Yes
10,11/5/24,3,S1,SCI601 / 13,BIOLOGY A,GRANT MERRILL,10,2027,B,2.91 pts,0,,389,,Yes
2,9/10/24,5,S1,MAT522 / 15,GEOMETRY A,BRIAN ANDERSON,10,2027,,,0,,390,,Yes
3,9/17/24,5,S1,MAT522 / 15,GEOMETRY A,BRIAN ANDERSON,10,2027,A,4.00 pts,0,,390,,Yes
4,9/24/24,5,S1,MAT522 / 15,GEOMETRY A,BRIAN ANDERSON,10,2027,D+,1.99 pts,0,,390,,Yes
5,10/1/24,5,S1,MAT522 / 15,GEOMETRY A,BRIAN ANDERSON,10,2027,D+,1.93 pts,0,,390,,Yes
6,10/8/24,5,S1,MAT522 / 15,GEOMETRY A,BRIAN ANDERSON,10,2027,F,1.48 pts,0.29,,390,,Yes
7,10/16/24,5,S1,MAT522 / 15,GEOMETRY A,BRIAN ANDERSON,10,2027,F,1.48 pts,0.86,,390,,Yes
8,10/22/24,5,S1,MAT522 / 15,GEOMETRY A,BRIAN ANDERSON,10,2027,F,1.24 pts,2.14,,390,,Yes
9,10/29/24,5,S1,MAT522 / 15,GEOMETRY A,BRIAN ANDERSON,10,2027,F,1.24 pts,2.86,,390,,Yes
10,11/5/24,5,S1,MAT522 / 15,GEOMETRY A,BRIAN ANDERSON,10,2027,F,1.16 pts,3.43,,390,,Yes
2,9/10/24,3,S1,SCI601 / 13,BIOLOGY A,GRANT MERRILL,10,2027,A,4.00 pts,0,,391,,Yes
3,9/17/24,3,S1,SCI601 / 13,BIOLOGY A,GRANT MERRILL,10,2027,F,1.14 pts,0,,391,,Yes
4,9/24/24,3,S1,SCI601 / 13,BIOLOGY A,GRANT MERRILL,10,2027,F,1.12 pts,2,,391,,Yes
5,10/1/24,3,S1,SCI601 / 13,BIOLOGY A,GRANT MERRILL,10,2027,F,1.09 pts,2.57,,391,,Yes
6,10/8/24,3,S1,SCI601 / 13,BIOLOGY A,GRANT MERRILL,10,2027,F,1.08 pts,2.57,,391,,Yes
7,10/16/24,3,S1,SCI601 / 13,BIOLOGY A,GRANT MERRILL,10,2027,F,1.09 pts,4,,391,,Yes
8,10/22/24,3,S1,SCI601 / 13,BIOLOGY A,GRANT MERRILL,10,2027,F,1.17 pts,4.71,,391,,Yes
9,10/29/24,3,S1,SCI601 / 13,BIOLOGY A,GRANT MERRILL,10,2027,F,1.13 pts,5.71,,391,,Yes
10,11/5/24,3,S1,SCI601 / 13,BIOLOGY A,GRANT MERRILL,10,2027,F,1.12 pts,5.71,,391,,Yes
2,9/10/24,2,S1,ENG601 / 12,SOPH ENG/A,KELLY GREGERSEN,10,2027,A,4.00 pts,0,,392,,Yes
3,9/17/24,2,S1,ENG601 / 12,SOPH ENG/A,KELLY GREGERSEN,10,2027,C,2.26 pts,0,,392,,Yes
4,9/24/24,2,S1,ENG601 / 12,SOPH ENG/A,KELLY GREGERSEN,10,2027,C-,2.12 pts,0,,392,,Yes
5,10/1/24,2,S1,ENG601 / 12,SOPH ENG/A,KELLY GREGERSEN,10,2027,C-,2.12 pts,0,,392,,Yes
6,10/8/24,2,S1,ENG601 / 12,SOPH ENG/A,KELLY GREGERSEN,10,2027,C-,2.09 pts,0,,392,,Yes
7,10/16/24,2,S1,ENG601 / 12,SOPH ENG/A,KELLY GREGERSEN,10,2027,C-,2.09 pts,0,,392,,Yes
8,10/22/24,2,S1,ENG601 / 12,SOPH ENG/A,KELLY GREGERSEN,10,2027,C+,2.53 pts,0,,392,,Yes
9,10/29/24,2,S1,ENG601 / 12,SOPH ENG/A,KELLY GREGERSEN,10,2027,C+,2.53 pts,0,,392,,Yes
10,11/5/24,2,S1,ENG601 / 12,SOPH ENG/A,KELLY GREGERSEN,10,2027,C+,2.53 pts,0,,392,,Yes
2,9/10/24,2,S1,MAT522 / 12,GEOMETRY A,ROCHELLE AITON,9,2028,,,0,,393,,Yes
3,9/17/24,2,S1,MAT522 / 12,GEOMETRY A,ROCHELLE AITON,9,2028,B,3.05 pts,1,,393,,Yes
4,9/24/24,2,S1,MAT522 / 12,GEOMETRY A,ROCHELLE AITON,9,2028,A,4.00 pts,1,,393,,Yes
5,10/1/24,2,S1,MAT522 / 12,GEOMETRY A,ROCHELLE AITON,9,2028,A,4.00 pts,1,,393,,Yes
6,10/8/24,2,S1,MAT522 / 12,GEOMETRY A,ROCHELLE AITON,9,2028,A,3.95 pts,1,,393,,Yes
7,10/16/24,2,S1,MAT522 / 12,GEOMETRY A,ROCHELLE AITON,9,2028,A,3.95 pts,1,,393,,Yes
8,10/22/24,2,S1,MAT522 / 12,GEOMETRY A,ROCHELLE AITON,9,2028,A,3.95 pts,1.43,,393,,Yes
8,10/22/24,2,S1,MAT522 / 12,GEOMETRY A,NINETTE LILIENTHAL,9,2028,A,3.95 pts,1.43,,393,,Yes
9,10/29/24,2,S1,MAT522 / 12,GEOMETRY A,ROCHELLE AITON,9,2028,A,3.65 pts,1.43,,393,,Yes
9,10/29/24,2,S1,MAT522 / 12,GEOMETRY A,NINETTE LILIENTHAL,9,2028,A,3.65 pts,1.43,,393,,Yes
10,11/5/24,2,S1,MAT522 / 12,GEOMETRY A,ROCHELLE AITON,9,2028,A,3.65 pts,1.43,,393,,Yes
10,11/5/24,2,S1,MAT522 / 12,GEOMETRY A,NINETTE LILIENTHAL,9,2028,A,3.65 pts,1.43,,393,,Yes
2,9/10/24,3,S1,BUS301 / 13,PERSONAL FINANCE A,NICOLE SIMEK,12,2025,,,0,,394,,Yes
3,9/17/24,3,S1,BUS301 / 13,PERSONAL FINANCE A,NICOLE SIMEK,12,2025,A,3.85 pts,1,,394,,Yes
4,9/24/24,3,S1,BUS301 / 13,PERSONAL FINANCE A,NICOLE SIMEK,12,2025,B-,2.88 pts,1,,394,,Yes
5,10/1/24,3,S1,BUS301 / 13,PERSONAL FINANCE A,NICOLE SIMEK,12,2025,B-,2.87 pts,1,,394,,Yes
6,10/8/24,3,S1,BUS301 / 13,PERSONAL FINANCE A,NICOLE SIMEK,12,2025,B-,2.86 pts,1,,394,,Yes
7,10/16/24,3,S1,BUS301 / 13,PERSONAL FINANCE A,NICOLE SIMEK,12,2025,C+,2.67 pts,1,,394,,Yes
8,10/22/24,3,S1,BUS301 / 13,PERSONAL FINANCE A,NICOLE SIMEK,12,2025,C+,2.67 pts,1,,394,,Yes
9,10/29/24,3,S1,BUS301 / 13,PERSONAL FINANCE A,NICOLE SIMEK,12,2025,B+,3.23 pts,2,,394,,Yes
10,11/5/24,3,S1,BUS301 / 13,PERSONAL FINANCE A,NICOLE SIMEK,12,2025,B+,3.23 pts,2.86,,394,,Yes
2,9/10/24,1,S1,MAT704 / 11,PRE-CALC A MAT 153,BRIAN ANDERSON,12,2025,,,0.5,,395,,Yes
3,9/17/24,1,S1,MAT704 / 11,PRE-CALC A MAT 153,BRIAN ANDERSON,12,2025,,,0.5,,395,,Yes
4,9/24/24,1,S1,MAT704 / 11,PRE-CALC A MAT 153,BRIAN ANDERSON,12,2025,F,0.95 pts,1.5,,395,,Yes
5,10/1/24,1,S1,MAT704 / 11,PRE-CALC A MAT 153,BRIAN ANDERSON,12,2025,F,0.95 pts,1.5,,395,,Yes
6,10/8/24,1,S1,MAT704 / 11,PRE-CALC A MAT 153,BRIAN ANDERSON,12,2025,F,0.95 pts,2,,395,,Yes
7,10/16/24,1,S1,MAT704 / 11,PRE-CALC A MAT 153,BRIAN ANDERSON,12,2025,F,1.06 pts,3.5,,395,,Yes
8,10/22/24,1,S1,MAT704 / 11,PRE-CALC A MAT 153,BRIAN ANDERSON,12,2025,F,0.74 pts,3.5,,395,,Yes
9,10/29/24,1,S1,MAT704 / 11,PRE-CALC A MAT 153,BRIAN ANDERSON,12,2025,F,0.71 pts,4.5,,395,,Yes
10,11/5/24,1,S1,MAT704 / 11,PRE-CALC A MAT 153,BRIAN ANDERSON,12,2025,F,0.85 pts,6,,395,,Yes
2,9/10/24,5,S1,ENG701 / 15,JUNIOR ENG/A,JOHN CARVER,11,2026,,,0,,396,,Yes
3,9/17/24,5,S1,ENG701 / 15,JUNIOR ENG/A,JOHN CARVER,11,2026,A,3.90 pts,2,,396,,Yes
4,9/24/24,5,S1,ENG701 / 15,JUNIOR ENG/A,JOHN CARVER,11,2026,C+,2.68 pts,3,,396,,Yes
5,10/1/24,5,S1,ENG701 / 15,JUNIOR ENG/A,JOHN CARVER,11,2026,A,3.78 pts,3,,396,,Yes
6,10/8/24,5,S1,ENG701 / 15,JUNIOR ENG/A,JOHN CARVER,11,2026,A,3.84 pts,3,,396,,Yes
7,10/16/24,5,S1,ENG701 / 15,JUNIOR ENG/A,JOHN CARVER,11,2026,A,3.65 pts,3.67,,396,,Yes
8,10/22/24,5,S1,ENG701 / 15,JUNIOR ENG/A,JOHN CARVER,11,2026,B,3.06 pts,3.67,,396,,Yes
9,10/29/24,5,S1,ENG701 / 15,JUNIOR ENG/A,JOHN CARVER,11,2026,C+,2.58 pts,4,,396,,Yes
10,11/5/24,5,S1,ENG701 / 15,JUNIOR ENG/A,JOHN CARVER,11,2026,C,2.42 pts,5,,396,,Yes
2,9/10/24,6,S1,ENG501 / 16,FR ENGLISH/A,DAVID HOLLINGSWORTH,9,2028,A,4.00 pts,0,,397,,Yes
3,9/17/24,6,S1,ENG501 / 16,FR ENGLISH/A,DAVID HOLLINGSWORTH,9,2028,A,4.00 pts,0.57,,397,,Yes
4,9/24/24,6,S1,ENG501 / 16,FR ENGLISH/A,DAVID HOLLINGSWORTH,9,2028,A,4.00 pts,0.57,,397,,Yes
5,10/1/24,6,S1,ENG501 / 16,FR ENGLISH/A,DAVID HOLLINGSWORTH,9,2028,A-,3.53 pts,0.57,,397,,Yes
6,10/8/24,6,S1,ENG501 / 16,FR ENGLISH/A,DAVID HOLLINGSWORTH,9,2028,A-,3.51 pts,0.57,,397,,Yes
7,10/16/24,6,S1,ENG501 / 16,FR ENGLISH/A,DAVID HOLLINGSWORTH,9,2028,B,3.08 pts,0.57,,397,,Yes
8,10/22/24,6,S1,ENG501 / 16,FR ENGLISH/A,DAVID HOLLINGSWORTH,9,2028,B,3.08 pts,0.57,,397,,Yes
9,10/29/24,6,S1,ENG501 / 16,FR ENGLISH/A,DAVID HOLLINGSWORTH,9,2028,B+,3.28 pts,0.57,,397,,Yes
10,11/5/24,6,S1,ENG501 / 16,FR ENGLISH/A,DAVID HOLLINGSWORTH,9,2028,B,3.04 pts,0.57,,397,,Yes
2,9/10/24,2,S1,MAT701 / 12,ALGEBRA II A,JASON BLAESING,10,2027,,,0,,398,,Yes
2,9/10/24,3,S1,SCI601 / 13,BIOLOGY A,GRANT MERRILL,10,2027,A,4.00 pts,0,,398,,Yes
3,9/17/24,2,S1,MAT701 / 12,ALGEBRA II A,JASON BLAESING,10,2027,A,4.00 pts,0,,398,,Yes
3,9/17/24,3,S1,SCI601 / 13,BIOLOGY A,GRANT MERRILL,10,2027,F,1.16 pts,0,,398,,Yes
4,9/24/24,2,S1,MAT701 / 12,ALGEBRA II A,JASON BLAESING,10,2027,C-,2.15 pts,1,,398,,Yes
4,9/24/24,3,S1,SCI601 / 13,BIOLOGY A,GRANT MERRILL,10,2027,F,1.17 pts,1,,398,,Yes
5,10/1/24,2,S1,MAT701 / 12,ALGEBRA II A,JASON BLAESING,10,2027,B,3.10 pts,1,,398,,Yes
5,10/1/24,3,S1,SCI601 / 13,BIOLOGY A,GRANT MERRILL,10,2027,B,2.95 pts,1,,398,,Yes
6,10/8/24,2,S1,MAT701 / 12,ALGEBRA II A,JASON BLAESING,10,2027,A-,3.54 pts,1,,398,,Yes
6,10/8/24,3,S1,SCI601 / 13,BIOLOGY A,GRANT MERRILL,10,2027,B,2.97 pts,1,,398,,Yes
7,10/16/24,2,S1,MAT701 / 12,ALGEBRA II A,JASON BLAESING,10,2027,A,3.68 pts,1,,398,,Yes
7,10/16/24,3,S1,SCI601 / 13,BIOLOGY A,GRANT MERRILL,10,2027,B,2.96 pts,1,,398,,Yes
8,10/22/24,2,S1,MAT701 / 12,ALGEBRA II A,JASON BLAESING,10,2027,A,3.69 pts,1,,398,,Yes
8,10/22/24,3,S1,SCI601 / 13,BIOLOGY A,GRANT MERRILL,10,2027,B+,3.30 pts,1,,398,,Yes
9,10/29/24,2,S1,MAT701 / 12,ALGEBRA II A,JASON BLAESING,10,2027,A,3.74 pts,2.43,,398,,Yes
9,10/29/24,3,S1,SCI601 / 13,BIOLOGY A,GRANT MERRILL,10,2027,B+,3.28 pts,2.43,,398,,Yes
10,11/5/24,2,S1,MAT701 / 12,ALGEBRA II A,JASON BLAESING,10,2027,A,3.76 pts,2.43,,398,,Yes
10,11/5/24,3,S1,SCI601 / 13,BIOLOGY A,GRANT MERRILL,10,2027,B+,3.28 pts,2.43,,398,,Yes
2,9/10/24,2,S1,ENG601 / 12,SOPH ENG/A,KELLY GREGERSEN,10,2027,A,4.00 pts,0.14,,399,,Yes
2,9/10/24,1,S1,MAT522 / 11,GEOMETRY A,ROCHELLE AITON,10,2027,,,0.14,,399,,Yes
2,9/10/24,6,S1,SCI601 / 16,BIOLOGY A,GRANT MERRILL,10,2027,,,0,,399,,Yes
3,9/17/24,1,S1,MAT522 / 11,GEOMETRY A,ROCHELLE AITON,10,2027,F,0.95 pts,0.14,,399,,Yes
3,9/17/24,2,S1,ENG601 / 12,SOPH ENG/A,KELLY GREGERSEN,10,2027,B,3.04 pts,0.14,,399,,Yes
3,9/17/24,6,S1,SCI601 / 16,BIOLOGY A,GRANT MERRILL,10,2027,F,1.11 pts,0,,399,,Yes
4,9/24/24,1,S1,MAT522 / 11,GEOMETRY A,ROCHELLE AITON,10,2027,F,0.95 pts,0.14,,399,,Yes
4,9/24/24,2,S1,ENG601 / 12,SOPH ENG/A,KELLY GREGERSEN,10,2027,A-,3.42 pts,0.14,,399,,Yes
4,9/24/24,6,S1,SCI601 / 16,BIOLOGY A,GRANT MERRILL,10,2027,F,1.10 pts,0,,399,,Yes
5,10/1/24,1,S1,MAT522 / 11,GEOMETRY A,ROCHELLE AITON,10,2027,F,0.95 pts,0.14,,399,,Yes
5,10/1/24,2,S1,ENG601 / 12,SOPH ENG/A,KELLY GREGERSEN,10,2027,A-,3.42 pts,0.14,,399,,Yes
5,10/1/24,6,S1,SCI601 / 16,BIOLOGY A,GRANT MERRILL,10,2027,F,1.10 pts,0,,399,,Yes
6,10/8/24,1,S1,MAT522 / 11,GEOMETRY A,ROCHELLE AITON,10,2027,F,0.95 pts,0.43,,399,,Yes
6,10/8/24,2,S1,ENG601 / 12,SOPH ENG/A,KELLY GREGERSEN,10,2027,B-,2.72 pts,0.29,,399,,Yes
6,10/8/24,6,S1,SCI601 / 16,BIOLOGY A,GRANT MERRILL,10,2027,F,1.09 pts,0.14,,399,,Yes
7,10/16/24,1,S1,MAT522 / 11,GEOMETRY A,ROCHELLE AITON,10,2027,F,0.95 pts,0.43,,399,,Yes
7,10/16/24,2,S1,ENG601 / 12,SOPH ENG/A,KELLY GREGERSEN,10,2027,B-,2.72 pts,0.29,,399,,Yes
7,10/16/24,6,S1,SCI601 / 16,BIOLOGY A,GRANT MERRILL,10,2027,F,1.09 pts,0.14,,399,,Yes
8,10/22/24,1,S1,MAT522 / 11,GEOMETRY A,ROCHELLE AITON,10,2027,F,0.95 pts,0.43,,399,,Yes
8,10/22/24,1,S1,MAT522 / 11,GEOMETRY A,NINETTE LILIENTHAL,10,2027,F,0.95 pts,0.43,,399,,Yes
8,10/22/24,2,S1,ENG601 / 12,SOPH ENG/A,KELLY GREGERSEN,10,2027,C+,2.50 pts,0.29,,399,,Yes
8,10/22/24,6,S1,SCI601 / 16,BIOLOGY A,GRANT MERRILL,10,2027,F,1.19 pts,0.14,,399,,Yes
9,10/29/24,1,S1,MAT522 / 11,GEOMETRY A,ROCHELLE AITON,10,2027,F,1.62 pts,0.43,,399,,Yes
9,10/29/24,1,S1,MAT522 / 11,GEOMETRY A,NINETTE LILIENTHAL,10,2027,F,1.62 pts,0.43,,399,,Yes
9,10/29/24,2,S1,ENG601 / 12,SOPH ENG/A,KELLY GREGERSEN,10,2027,C+,2.50 pts,0.29,,399,,Yes
9,10/29/24,6,S1,SCI601 / 16,BIOLOGY A,GRANT MERRILL,10,2027,D,1.72 pts,0.14,,399,,Yes
10,11/5/24,1,S1,MAT522 / 11,GEOMETRY A,ROCHELLE AITON,10,2027,F,1.62 pts,0.43,,399,,Yes
10,11/5/24,1,S1,MAT522 / 11,GEOMETRY A,NINETTE LILIENTHAL,10,2027,F,1.62 pts,0.43,,399,,Yes
10,11/5/24,2,S1,ENG601 / 12,SOPH ENG/A,KELLY GREGERSEN,10,2027,C+,2.50 pts,0.29,,399,,Yes
10,11/5/24,6,S1,SCI601 / 16,BIOLOGY A,GRANT MERRILL,10,2027,D,1.71 pts,0.14,,399,,Yes
2,9/10/24,1,S1,MAT704 / 11,PRE-CALC A MAT 153,BRIAN ANDERSON,11,2026,,,0,,400,,Yes
3,9/17/24,1,S1,MAT704 / 11,PRE-CALC A MAT 153,BRIAN ANDERSON,11,2026,A,4.00 pts,0,,400,,Yes
4,9/24/24,1,S1,MAT704 / 11,PRE-CALC A MAT 153,BRIAN ANDERSON,11,2026,B,3.00 pts,0,,400,,Yes
5,10/1/24,1,S1,MAT704 / 11,PRE-CALC A MAT 153,BRIAN ANDERSON,11,2026,B,3.00 pts,0,,400,,Yes
6,10/8/24,1,S1,MAT704 / 11,PRE-CALC A MAT 153,BRIAN ANDERSON,11,2026,B,3.00 pts,0.33,,400,,Yes
7,10/16/24,1,S1,MAT704 / 11,PRE-CALC A MAT 153,BRIAN ANDERSON,11,2026,B,2.91 pts,0.67,,400,,Yes
8,10/22/24,1,S1,MAT704 / 11,PRE-CALC A MAT 153,BRIAN ANDERSON,11,2026,B,3.02 pts,0.67,,400,,Yes
9,10/29/24,1,S1,MAT704 / 11,PRE-CALC A MAT 153,BRIAN ANDERSON,11,2026,B+,3.34 pts,0.67,,400,,Yes
10,11/5/24,1,S1,MAT704 / 11,PRE-CALC A MAT 153,BRIAN ANDERSON,11,2026,B+,3.35 pts,1,,400,,Yes
2,9/10/24,5,S1,ENG601 / 15,SOPH ENG/A,MARCEE SALAS,10,2027,A,4.00 pts,0,,401,,Yes
2,9/10/24,3,S1,SCI601 / 13,BIOLOGY A,GRANT MERRILL,10,2027,A,4.00 pts,0,,401,,Yes
3,9/17/24,3,S1,SCI601 / 13,BIOLOGY A,GRANT MERRILL,10,2027,F,0.99 pts,1,,401,,Yes
3,9/17/24,5,S1,ENG601 / 15,SOPH ENG/A,MARCEE SALAS,10,2027,A,4.00 pts,1,,401,,Yes
4,9/24/24,3,S1,SCI601 / 13,BIOLOGY A,GRANT MERRILL,10,2027,F,0.97 pts,1.29,,401,,Yes
4,9/24/24,5,S1,ENG601 / 15,SOPH ENG/A,MARCEE SALAS,10,2027,C+,2.58 pts,1,,401,,Yes
5,10/1/24,3,S1,SCI601 / 13,BIOLOGY A,GRANT MERRILL,10,2027,F,0.96 pts,1.71,,401,,Yes
5,10/1/24,5,S1,ENG601 / 15,SOPH ENG/A,MARCEE SALAS,10,2027,C+,2.60 pts,1,,401,,Yes
6,10/8/24,3,S1,SCI601 / 13,BIOLOGY A,GRANT MERRILL,10,2027,F,0.96 pts,1.71,,401,,Yes
6,10/8/24,5,S1,ENG601 / 15,SOPH ENG/A,MARCEE SALAS,10,2027,B-,2.89 pts,1,,401,,Yes
7,10/16/24,3,S1,SCI601 / 13,BIOLOGY A,GRANT MERRILL,10,2027,F,0.97 pts,2.57,,401,,Yes
7,10/16/24,5,S1,ENG601 / 15,SOPH ENG/A,MARCEE SALAS,10,2027,B,2.93 pts,1.86,,401,,Yes
8,10/22/24,3,S1,SCI601 / 13,BIOLOGY A,GRANT MERRILL,10,2027,C,2.23 pts,2.71,,401,,Yes
8,10/22/24,5,S1,ENG601 / 15,SOPH ENG/A,MARCEE SALAS,10,2027,C+,2.51 pts,2,,401,,Yes
9,10/29/24,3,S1,SCI601 / 13,BIOLOGY A,GRANT MERRILL,10,2027,C,2.49 pts,3,,401,,Yes
9,10/29/24,5,S1,ENG601 / 15,SOPH ENG/A,MARCEE SALAS,10,2027,C+,2.55 pts,2,,401,,Yes
10,11/5/24,3,S1,SCI601 / 13,BIOLOGY A,GRANT MERRILL,10,2027,C,2.49 pts,3,,401,,Yes
10,11/5/24,5,S1,ENG601 / 15,SOPH ENG/A,MARCEE SALAS,10,2027,C+,2.57 pts,2.57,,401,,Yes
2,9/10/24,5,S1,MAT522 / 15,GEOMETRY A,BRIAN ANDERSON,10,2027,,,0,,402,,Yes
2,9/10/24,3,S1,SCI601 / 13,BIOLOGY A,GRANT MERRILL,10,2027,B+,3.33 pts,0,,402,,Yes
3,9/17/24,3,S1,SCI601 / 13,BIOLOGY A,GRANT MERRILL,10,2027,F,1.14 pts,0,,402,,Yes
3,9/17/24,5,S1,MAT522 / 15,GEOMETRY A,BRIAN ANDERSON,10,2027,F,0.00 pts,0,,402,,Yes
4,9/24/24,3,S1,SCI601 / 13,BIOLOGY A,GRANT MERRILL,10,2027,F,1.15 pts,0.14,,402,,Yes
4,9/24/24,5,S1,MAT522 / 15,GEOMETRY A,BRIAN ANDERSON,10,2027,F,0.95 pts,0.14,,402,,Yes
5,10/1/24,3,S1,SCI601 / 13,BIOLOGY A,GRANT MERRILL,10,2027,F,1.11 pts,0.29,,402,,Yes
5,10/1/24,5,S1,MAT522 / 15,GEOMETRY A,BRIAN ANDERSON,10,2027,F,0.90 pts,0.14,,402,,Yes
6,10/8/24,3,S1,SCI601 / 13,BIOLOGY A,GRANT MERRILL,10,2027,F,1.09 pts,0.29,,402,,Yes
6,10/8/24,5,S1,MAT522 / 15,GEOMETRY A,BRIAN ANDERSON,10,2027,F,0.48 pts,0.29,,402,,Yes
7,10/16/24,3,S1,SCI601 / 13,BIOLOGY A,GRANT MERRILL,10,2027,F,1.09 pts,0.43,,402,,Yes
7,10/16/24,5,S1,MAT522 / 15,GEOMETRY A,BRIAN ANDERSON,10,2027,F,0.48 pts,0.29,,402,,Yes
8,10/22/24,3,S1,SCI601 / 13,BIOLOGY A,GRANT MERRILL,10,2027,F,0.76 pts,1.43,,402,,Yes
8,10/22/24,5,S1,MAT522 / 15,GEOMETRY A,BRIAN ANDERSON,10,2027,F,0.48 pts,1.29,,402,,Yes
9,10/29/24,3,S1,SCI601 / 13,BIOLOGY A,GRANT MERRILL,10,2027,F,0.76 pts,2.43,,402,,Yes
9,10/29/24,5,S1,MAT522 / 15,GEOMETRY A,BRIAN ANDERSON,10,2027,F,0.48 pts,2.29,,402,,Yes
10,11/5/24,3,S1,SCI601 / 13,BIOLOGY A,GRANT MERRILL,10,2027,F,0.76 pts,2.43,,402,,Yes
10,11/5/24,5,S1,MAT522 / 15,GEOMETRY A,BRIAN ANDERSON,10,2027,F,0.48 pts,2.71,,402,,Yes
2,9/10/24,5,S1,ENG601 / 15,SOPH ENG/A,MARCEE SALAS,10,2027,A,4.00 pts,0,,403,,Yes
3,9/17/24,5,S1,ENG601 / 15,SOPH ENG/A,MARCEE SALAS,10,2027,A,4.00 pts,0,,403,,Yes
4,9/24/24,5,S1,ENG601 / 15,SOPH ENG/A,MARCEE SALAS,10,2027,D+,1.88 pts,1,,403,,Yes
5,10/1/24,5,S1,ENG601 / 15,SOPH ENG/A,MARCEE SALAS,10,2027,C,2.30 pts,2,,403,,Yes
6,10/8/24,5,S1,ENG601 / 15,SOPH ENG/A,MARCEE SALAS,10,2027,C-,2.19 pts,3,,403,,Yes
7,10/16/24,5,S1,ENG601 / 15,SOPH ENG/A,MARCEE SALAS,10,2027,C+,2.53 pts,3,,403,,Yes
8,10/22/24,5,S1,ENG601 / 15,SOPH ENG/A,MARCEE SALAS,10,2027,C,2.21 pts,4,,403,,Yes
9,10/29/24,5,S1,ENG601 / 15,SOPH ENG/A,MARCEE SALAS,10,2027,B-,2.81 pts,5,,403,,Yes
10,11/5/24,5,S1,ENG601 / 15,SOPH ENG/A,MARCEE SALAS,10,2027,D+,1.89 pts,5.14,,403,,Yes
2,9/10/24,2,S1,ENG601 / 12,SOPH ENG/A,KELLY GREGERSEN,10,2027,,,0,,404,,Yes
2,9/10/24,3,S1,MAT522 / 13,GEOMETRY A,ROCHELLE AITON,10,2027,,,0,,404,,Yes
3,9/17/24,2,S1,ENG601 / 12,SOPH ENG/A,KELLY GREGERSEN,10,2027,B,3.09 pts,0,,404,,Yes
3,9/17/24,3,S1,MAT522 / 13,GEOMETRY A,ROCHELLE AITON,10,2027,C-,2.05 pts,0,,404,,Yes
3,9/17/24,4,S1,SCI601 / 14,BIOLOGY A,GRANT MERRILL,10,2027,F,1.22 pts,0,,404,,Yes
4,9/24/24,2,S1,ENG601 / 12,SOPH ENG/A,KELLY GREGERSEN,10,2027,C+,2.60 pts,1,,404,,Yes
4,9/24/24,3,S1,MAT522 / 13,GEOMETRY A,ROCHELLE AITON,10,2027,B,3.00 pts,1,,404,,Yes
4,9/24/24,4,S1,SCI601 / 14,BIOLOGY A,GRANT MERRILL,10,2027,C-,2.10 pts,1,,404,,Yes
5,10/1/24,2,S1,ENG601 / 12,SOPH ENG/A,KELLY GREGERSEN,10,2027,C+,2.60 pts,1,,404,,Yes
5,10/1/24,3,S1,MAT522 / 13,GEOMETRY A,ROCHELLE AITON,10,2027,B,3.00 pts,1,,404,,Yes
5,10/1/24,4,S1,SCI601 / 14,BIOLOGY A,GRANT MERRILL,10,2027,C-,2.10 pts,1,,404,,Yes
6,10/8/24,2,S1,ENG601 / 12,SOPH ENG/A,KELLY GREGERSEN,10,2027,C,2.33 pts,1,,404,,Yes
6,10/8/24,3,S1,MAT522 / 13,GEOMETRY A,ROCHELLE AITON,10,2027,B,3.00 pts,1,,404,,Yes
6,10/8/24,4,S1,SCI601 / 14,BIOLOGY A,GRANT MERRILL,10,2027,C-,2.08 pts,1,,404,,Yes
7,10/16/24,2,S1,ENG601 / 12,SOPH ENG/A,KELLY GREGERSEN,10,2027,C,2.33 pts,1,,404,,Yes
7,10/16/24,3,S1,MAT522 / 13,GEOMETRY A,ROCHELLE AITON,10,2027,B,3.00 pts,1,,404,,Yes
7,10/16/24,4,S1,SCI601 / 14,BIOLOGY A,GRANT MERRILL,10,2027,C-,2.08 pts,1,,404,,Yes
8,10/22/24,2,S1,ENG601 / 12,SOPH ENG/A,KELLY GREGERSEN,10,2027,C,2.40 pts,1,,404,,Yes
8,10/22/24,3,S1,MAT522 / 13,GEOMETRY A,ROCHELLE AITON,10,2027,B,2.95 pts,1,,404,,Yes
8,10/22/24,3,S1,MAT522 / 13,GEOMETRY A,NINETTE LILIENTHAL,10,2027,B,2.95 pts,1,,404,,Yes
8,10/22/24,4,S1,SCI601 / 14,BIOLOGY A,GRANT MERRILL,10,2027,D+,1.86 pts,1,,404,,Yes
9,10/29/24,2,S1,ENG601 / 12,SOPH ENG/A,KELLY GREGERSEN,10,2027,C,2.40 pts,1,,404,,Yes
9,10/29/24,3,S1,MAT522 / 13,GEOMETRY A,ROCHELLE AITON,10,2027,C+,2.62 pts,1,,404,,Yes
9,10/29/24,3,S1,MAT522 / 13,GEOMETRY A,NINETTE LILIENTHAL,10,2027,C+,2.62 pts,1,,404,,Yes
9,10/29/24,4,S1,SCI601 / 14,BIOLOGY A,GRANT MERRILL,10,2027,D+,1.83 pts,1,,404,,Yes
10,11/5/24,2,S1,ENG601 / 12,SOPH ENG/A,KELLY GREGERSEN,10,2027,C,2.40 pts,1,,404,,Yes
10,11/5/24,3,S1,MAT522 / 13,GEOMETRY A,ROCHELLE AITON,10,2027,C+,2.62 pts,1,,404,,Yes
10,11/5/24,3,S1,MAT522 / 13,GEOMETRY A,NINETTE LILIENTHAL,10,2027,C+,2.62 pts,1,,404,,Yes
10,11/5/24,4,S1,SCI601 / 14,BIOLOGY A,GRANT MERRILL,10,2027,D+,1.82 pts,1,,404,,Yes
2,9/10/24,5,S1,ENG601 / 15,SOPH ENG/A,MARCEE SALAS,10,2027,A,4.00 pts,0,,405,,Yes
2,9/10/24,3,S1,MAT701 / 13,ALGEBRA II A,JENNIFER REILLY,10,2027,,,0,,405,,Yes
2,9/10/24,6,S1,SCI601 / 16,BIOLOGY A,GRANT MERRILL,10,2027,,,0,,405,,Yes
3,9/17/24,3,S1,MAT701 / 13,ALGEBRA II A,JENNIFER REILLY,10,2027,A,4.00 pts,0,,405,,Yes
3,9/17/24,5,S1,ENG601 / 15,SOPH ENG/A,MARCEE SALAS,10,2027,A,4.00 pts,0,,405,,Yes
3,9/17/24,6,S1,SCI601 / 16,BIOLOGY A,GRANT MERRILL,10,2027,F,1.13 pts,0,,405,,Yes
4,9/24/24,3,S1,MAT701 / 13,ALGEBRA II A,JENNIFER REILLY,10,2027,B,3.05 pts,0,,405,,Yes
4,9/24/24,5,S1,ENG601 / 15,SOPH ENG/A,MARCEE SALAS,10,2027,B-,2.80 pts,0,,405,,Yes
4,9/24/24,6,S1,SCI601 / 16,BIOLOGY A,GRANT MERRILL,10,2027,F,1.16 pts,0,,405,,Yes
5,10/1/24,3,S1,MAT701 / 13,ALGEBRA II A,JENNIFER REILLY,10,2027,A,3.94 pts,0,,405,,Yes
5,10/1/24,5,S1,ENG601 / 15,SOPH ENG/A,MARCEE SALAS,10,2027,B-,2.77 pts,0,,405,,Yes
5,10/1/24,6,S1,SCI601 / 16,BIOLOGY A,GRANT MERRILL,10,2027,F,1.15 pts,0,,405,,Yes
6,10/8/24,3,S1,MAT701 / 13,ALGEBRA II A,JENNIFER REILLY,10,2027,A,3.97 pts,0,,405,,Yes
6,10/8/24,5,S1,ENG601 / 15,SOPH ENG/A,MARCEE SALAS,10,2027,B-,2.78 pts,0,,405,,Yes
6,10/8/24,6,S1,SCI601 / 16,BIOLOGY A,GRANT MERRILL,10,2027,F,1.14 pts,0,,405,,Yes
7,10/16/24,3,S1,MAT701 / 13,ALGEBRA II A,JENNIFER REILLY,10,2027,A,3.87 pts,0,,405,,Yes
7,10/16/24,5,S1,ENG601 / 15,SOPH ENG/A,MARCEE SALAS,10,2027,B-,2.74 pts,0,,405,,Yes
7,10/16/24,6,S1,SCI601 / 16,BIOLOGY A,GRANT MERRILL,10,2027,F,1.14 pts,0.14,,405,,Yes
8,10/22/24,3,S1,MAT701 / 13,ALGEBRA II A,JENNIFER REILLY,10,2027,A,3.89 pts,0,,405,,Yes
8,10/22/24,5,S1,ENG601 / 15,SOPH ENG/A,MARCEE SALAS,10,2027,C+,2.53 pts,0,,405,,Yes
8,10/22/24,6,S1,SCI601 / 16,BIOLOGY A,GRANT MERRILL,10,2027,F,1.24 pts,0.14,,405,,Yes
9,10/29/24,3,S1,MAT701 / 13,ALGEBRA II A,JENNIFER REILLY,10,2027,A,3.63 pts,0,,405,,Yes
9,10/29/24,5,S1,ENG601 / 15,SOPH ENG/A,MARCEE SALAS,10,2027,C+,2.67 pts,0,,405,,Yes
9,10/29/24,6,S1,SCI601 / 16,BIOLOGY A,GRANT MERRILL,10,2027,D+,1.80 pts,0.14,,405,,Yes
10,11/5/24,3,S1,MAT701 / 13,ALGEBRA II A,JENNIFER REILLY,10,2027,A,3.63 pts,0,,405,,Yes
10,11/5/24,5,S1,ENG601 / 15,SOPH ENG/A,MARCEE SALAS,10,2027,B,3.13 pts,0,,405,,Yes
10,11/5/24,6,S1,SCI601 / 16,BIOLOGY A,GRANT MERRILL,10,2027,C-,2.07 pts,0.14,,405,,Yes
2,9/10/24,3,S1,MAT701 / 13,ALGEBRA II A,JENNIFER REILLY,11,2026,,,0.86,,406,,Yes
3,9/17/24,3,S1,MAT701 / 13,ALGEBRA II A,JENNIFER REILLY,11,2026,A,4.00 pts,1,,406,,Yes
4,9/24/24,3,S1,MAT701 / 13,ALGEBRA II A,JENNIFER REILLY,11,2026,F,1.15 pts,1,,406,,Yes
5,10/1/24,3,S1,MAT701 / 13,ALGEBRA II A,JENNIFER REILLY,11,2026,F,1.22 pts,2.14,,406,,Yes
6,10/8/24,3,S1,MAT701 / 13,ALGEBRA II A,JENNIFER REILLY,11,2026,F,0.64 pts,3.29,,406,,Yes
7,10/16/24,3,S1,MAT701 / 13,ALGEBRA II A,JENNIFER REILLY,11,2026,D,1.65 pts,3.29,,406,,Yes
8,10/22/24,3,S1,MAT701 / 13,ALGEBRA II A,JENNIFER REILLY,11,2026,C-,2.11 pts,3.29,,406,,Yes
9,10/29/24,3,S1,MAT701 / 13,ALGEBRA II A,JENNIFER REILLY,11,2026,C,2.31 pts,3.29,,406,,Yes
10,11/5/24,3,S1,MAT701 / 13,ALGEBRA II A,JENNIFER REILLY,11,2026,C,2.34 pts,3.29,,406,,Yes
2,9/10/24,2,S1,ENG601 / 12,SOPH ENG/A,KELLY GREGERSEN,10,2027,A,4.00 pts,2,,407,,Yes
2,9/10/24,1,S1,MAT522 / 11,GEOMETRY A,ROCHELLE AITON,10,2027,,,2,,407,,Yes
3,9/17/24,1,S1,MAT522 / 11,GEOMETRY A,ROCHELLE AITON,10,2027,F,0.00 pts,4,,407,,Yes
3,9/17/24,2,S1,ENG601 / 12,SOPH ENG/A,KELLY GREGERSEN,10,2027,D+,1.87 pts,4,,407,,Yes
3,9/17/24,4,S1,SCI601 / 14,BIOLOGY A,GRANT MERRILL,10,2027,F,0.00 pts,3.86,,407,,Yes
4,9/24/24,1,S1,MAT522 / 11,GEOMETRY A,ROCHELLE AITON,10,2027,F,1.00 pts,5,,407,,Yes
4,9/24/24,2,S1,ENG601 / 12,SOPH ENG/A,KELLY GREGERSEN,10,2027,F,0.99 pts,5,,407,,Yes
4,9/24/24,4,S1,SCI601 / 14,BIOLOGY A,GRANT MERRILL,10,2027,D+,1.82 pts,5,,407,,Yes
5,10/1/24,1,S1,MAT522 / 11,GEOMETRY A,ROCHELLE AITON,10,2027,F,1.00 pts,7,,407,,Yes
5,10/1/24,2,S1,ENG601 / 12,SOPH ENG/A,KELLY GREGERSEN,10,2027,F,0.99 pts,7,,407,,Yes
5,10/1/24,4,S1,SCI601 / 14,BIOLOGY A,GRANT MERRILL,10,2027,D+,1.82 pts,7.43,,407,,Yes
6,10/8/24,1,S1,MAT522 / 11,GEOMETRY A,ROCHELLE AITON,10,2027,F,0.50 pts,12,,407,,Yes
6,10/8/24,2,S1,ENG601 / 12,SOPH ENG/A,KELLY GREGERSEN,10,2027,F,0.51 pts,12,,407,,Yes
6,10/8/24,4,S1,SCI601 / 14,BIOLOGY A,GRANT MERRILL,10,2027,D+,1.82 pts,12.43,,407,,Yes
7,10/16/24,1,S1,MAT522 / 11,GEOMETRY A,ROCHELLE AITON,10,2027,F,0.50 pts,14,,407,,Yes
7,10/16/24,2,S1,ENG601 / 12,SOPH ENG/A,KELLY GREGERSEN,10,2027,F,0.51 pts,14,,407,,Yes
7,10/16/24,4,S1,SCI601 / 14,BIOLOGY A,GRANT MERRILL,10,2027,D+,1.81 pts,14.43,,407,,Yes
8,10/22/24,1,S1,MAT522 / 11,GEOMETRY A,ROCHELLE AITON,10,2027,F,0.50 pts,15,,407,,Yes
8,10/22/24,1,S1,MAT522 / 11,GEOMETRY A,NINETTE LILIENTHAL,10,2027,F,0.50 pts,15,,407,,Yes
8,10/22/24,2,S1,ENG601 / 12,SOPH ENG/A,KELLY GREGERSEN,10,2027,F,0.35 pts,15,,407,,Yes
8,10/22/24,4,S1,SCI601 / 14,BIOLOGY A,GRANT MERRILL,10,2027,F,0.58 pts,15.57,,407,,Yes
9,10/29/24,1,S1,MAT522 / 11,GEOMETRY A,ROCHELLE AITON,10,2027,F,0.50 pts,15,,407,,Yes
9,10/29/24,1,S1,MAT522 / 11,GEOMETRY A,NINETTE LILIENTHAL,10,2027,F,0.50 pts,15,,407,,Yes
9,10/29/24,2,S1,ENG601 / 12,SOPH ENG/A,KELLY GREGERSEN,10,2027,F,0.35 pts,15,,407,,Yes
9,10/29/24,4,S1,SCI601 / 14,BIOLOGY A,GRANT MERRILL,10,2027,F,0.63 pts,15.57,,407,,Yes
10,11/5/24,1,S1,MAT522 / 11,GEOMETRY A,ROCHELLE AITON,10,2027,F,0.50 pts,15.86,,407,,Yes
10,11/5/24,1,S1,MAT522 / 11,GEOMETRY A,NINETTE LILIENTHAL,10,2027,F,0.50 pts,15.86,,407,,Yes
10,11/5/24,2,S1,ENG601 / 12,SOPH ENG/A,KELLY GREGERSEN,10,2027,F,0.35 pts,15.86,,407,,Yes
10,11/5/24,4,S1,SCI601 / 14,BIOLOGY A,GRANT MERRILL,10,2027,F,0.63 pts,16.86,,407,,Yes
2,9/10/24,3,S1,BUS301 / 13,PERSONAL FINANCE A,NICOLE SIMEK,12,2025,,,0.17,,408,,Yes
3,9/17/24,3,S1,BUS301 / 13,PERSONAL FINANCE A,NICOLE SIMEK,12,2025,A,3.85 pts,0.17,,408,,Yes
4,9/24/24,3,S1,BUS301 / 13,PERSONAL FINANCE A,NICOLE SIMEK,12,2025,B+,3.24 pts,1.17,,408,,Yes
5,10/1/24,3,S1,BUS301 / 13,PERSONAL FINANCE A,NICOLE SIMEK,12,2025,B+,3.24 pts,1.17,,408,,Yes
6,10/8/24,3,S1,BUS301 / 13,PERSONAL FINANCE A,NICOLE SIMEK,12,2025,C+,2.67 pts,1.31,,408,,Yes
7,10/16/24,3,S1,BUS301 / 13,PERSONAL FINANCE A,NICOLE SIMEK,12,2025,B-,2.70 pts,1.31,,408,,Yes
8,10/22/24,3,S1,BUS301 / 13,PERSONAL FINANCE A,NICOLE SIMEK,12,2025,B-,2.85 pts,2.31,,408,,Yes
9,10/29/24,3,S1,BUS301 / 13,PERSONAL FINANCE A,NICOLE SIMEK,12,2025,B+,3.20 pts,2.31,,408,,Yes
10,11/5/24,3,S1,BUS301 / 13,PERSONAL FINANCE A,NICOLE SIMEK,12,2025,B+,3.20 pts,2.31,,408,,Yes
2,9/10/24,5,S1,ENG701 / 15,JUNIOR ENG/A,JOHN CARVER,11,2026,,,0,,409,,Yes
2,9/10/24,1,S1,MAT704 / 11,PRE-CALC A MAT 153,BRIAN ANDERSON,11,2026,,,0,,409,,Yes
3,9/17/24,1,S1,MAT704 / 11,PRE-CALC A MAT 153,BRIAN ANDERSON,11,2026,A,4.00 pts,0,,409,,Yes
3,9/17/24,5,S1,ENG701 / 15,JUNIOR ENG/A,JOHN CARVER,11,2026,A,3.95 pts,0,,409,,Yes
4,9/24/24,1,S1,MAT704 / 11,PRE-CALC A MAT 153,BRIAN ANDERSON,11,2026,A,4.00 pts,0,,409,,Yes
4,9/24/24,5,S1,ENG701 / 15,JUNIOR ENG/A,JOHN CARVER,11,2026,A,3.98 pts,0,,409,,Yes
5,10/1/24,1,S1,MAT704 / 11,PRE-CALC A MAT 153,BRIAN ANDERSON,11,2026,A,4.00 pts,0,,409,,Yes
5,10/1/24,5,S1,ENG701 / 15,JUNIOR ENG/A,JOHN CARVER,11,2026,A,3.98 pts,0,,409,,Yes
6,10/8/24,1,S1,MAT704 / 11,PRE-CALC A MAT 153,BRIAN ANDERSON,11,2026,A,4.00 pts,0,,409,,Yes
6,10/8/24,5,S1,ENG701 / 15,JUNIOR ENG/A,JOHN CARVER,11,2026,A,3.99 pts,0,,409,,Yes
7,10/16/24,1,S1,MAT704 / 11,PRE-CALC A MAT 153,BRIAN ANDERSON,11,2026,A,3.88 pts,0,,409,,Yes
7,10/16/24,5,S1,ENG701 / 15,JUNIOR ENG/A,JOHN CARVER,11,2026,A,3.99 pts,0,,409,,Yes
8,10/22/24,1,S1,MAT704 / 11,PRE-CALC A MAT 153,BRIAN ANDERSON,11,2026,B+,3.31 pts,0,,409,,Yes
8,10/22/24,5,S1,ENG701 / 15,JUNIOR ENG/A,JOHN CARVER,11,2026,A,3.96 pts,0,,409,,Yes
9,10/29/24,1,S1,MAT704 / 11,PRE-CALC A MAT 153,BRIAN ANDERSON,11,2026,A,3.95 pts,0,,409,,Yes
9,10/29/24,5,S1,ENG701 / 15,JUNIOR ENG/A,JOHN CARVER,11,2026,A,3.95 pts,0,,409,,Yes
10,11/5/24,1,S1,MAT704 / 11,PRE-CALC A MAT 153,BRIAN ANDERSON,11,2026,A-,3.49 pts,0,,409,,Yes
10,11/5/24,5,S1,ENG701 / 15,JUNIOR ENG/A,JOHN CARVER,11,2026,A,3.95 pts,0,,409,,Yes
2,9/10/24,6,S1,ENG501 / 16,FR ENGLISH/A,DAVID HOLLINGSWORTH,9,2028,A,4.00 pts,1.57,,410,,Yes
3,9/17/24,6,S1,ENG501 / 16,FR ENGLISH/A,DAVID HOLLINGSWORTH,9,2028,A,4.00 pts,2.57,,410,,Yes
4,9/24/24,6,S1,ENG501 / 16,FR ENGLISH/A,DAVID HOLLINGSWORTH,9,2028,A,4.00 pts,3.86,,410,,Yes
5,10/1/24,6,S1,ENG501 / 16,FR ENGLISH/A,DAVID HOLLINGSWORTH,9,2028,C-,2.05 pts,6.14,,410,,Yes
6,10/8/24,6,S1,ENG501 / 16,FR ENGLISH/A,DAVID HOLLINGSWORTH,9,2028,C-,2.02 pts,8.14,,410,,Yes
7,10/16/24,6,S1,ENG501 / 16,FR ENGLISH/A,DAVID HOLLINGSWORTH,9,2028,F,1.33 pts,9.43,,410,,Yes
8,10/22/24,6,S1,ENG501 / 16,FR ENGLISH/A,DAVID HOLLINGSWORTH,9,2028,C+,2.60 pts,9.71,,410,,Yes
9,10/29/24,6,S1,ENG501 / 16,FR ENGLISH/A,DAVID HOLLINGSWORTH,9,2028,D,1.70 pts,10.86,,410,,Yes
10,11/5/24,6,S1,ENG501 / 16,FR ENGLISH/A,DAVID HOLLINGSWORTH,9,2028,C+,2.67 pts,10.86,,410,,Yes
2,9/10/24,1,S1,MAT522 / 11,GEOMETRY A,ROCHELLE AITON,10,2027,,,0,,411,,Yes
3,9/17/24,1,S1,MAT522 / 11,GEOMETRY A,ROCHELLE AITON,10,2027,F,0.95 pts,0,,411,,Yes
4,9/24/24,1,S1,MAT522 / 11,GEOMETRY A,ROCHELLE AITON,10,2027,B-,2.85 pts,0,,411,,Yes
5,10/1/24,1,S1,MAT522 / 11,GEOMETRY A,ROCHELLE AITON,10,2027,B-,2.85 pts,0,,411,,Yes
6,10/8/24,1,S1,MAT522 / 11,GEOMETRY A,ROCHELLE AITON,10,2027,B-,2.76 pts,0,,411,,Yes
7,10/16/24,1,S1,MAT522 / 11,GEOMETRY A,ROCHELLE AITON,10,2027,B-,2.76 pts,0.14,,411,,Yes
8,10/22/24,1,S1,MAT522 / 11,GEOMETRY A,ROCHELLE AITON,10,2027,B-,2.76 pts,0.29,,411,,Yes
8,10/22/24,1,S1,MAT522 / 11,GEOMETRY A,NINETTE LILIENTHAL,10,2027,B-,2.76 pts,0.29,,411,,Yes
9,10/29/24,1,S1,MAT522 / 11,GEOMETRY A,ROCHELLE AITON,10,2027,B-,2.83 pts,0.29,,411,,Yes
9,10/29/24,1,S1,MAT522 / 11,GEOMETRY A,NINETTE LILIENTHAL,10,2027,B-,2.83 pts,0.29,,411,,Yes
10,11/5/24,1,S1,MAT522 / 11,GEOMETRY A,ROCHELLE AITON,10,2027,B-,2.83 pts,0.29,,411,,Yes
10,11/5/24,1,S1,MAT522 / 11,GEOMETRY A,NINETTE LILIENTHAL,10,2027,B-,2.83 pts,0.29,,411,,Yes
2,9/10/24,3,S1,MAT701 / 13,ALGEBRA II A,JENNIFER REILLY,11,2026,,,0,,412,,Yes
3,9/17/24,3,S1,MAT701 / 13,ALGEBRA II A,JENNIFER REILLY,11,2026,A,4.00 pts,0,,412,,Yes
4,9/24/24,3,S1,MAT701 / 13,ALGEBRA II A,JENNIFER REILLY,11,2026,B,3.05 pts,0,,412,,Yes
5,10/1/24,3,S1,MAT701 / 13,ALGEBRA II A,JENNIFER REILLY,11,2026,B,3.10 pts,0.57,,412,,Yes
6,10/8/24,3,S1,MAT701 / 13,ALGEBRA II A,JENNIFER REILLY,11,2026,A-,3.53 pts,0.57,,412,,Yes
7,10/16/24,3,S1,MAT701 / 13,ALGEBRA II A,JENNIFER REILLY,11,2026,A-,3.54 pts,0.57,,412,,Yes
8,10/22/24,3,S1,MAT701 / 13,ALGEBRA II A,JENNIFER REILLY,11,2026,B+,3.36 pts,5.57,,412,,Yes
9,10/29/24,3,S1,MAT701 / 13,ALGEBRA II A,JENNIFER REILLY,11,2026,C+,2.53 pts,5.57,,412,,Yes
10,11/5/24,3,S1,MAT701 / 13,ALGEBRA II A,JENNIFER REILLY,11,2026,C+,2.53 pts,5.57,,412,,Yes
2,9/10/24,3,S1,BUS301 / 13,PERSONAL FINANCE A,NICOLE SIMEK,12,2025,,,0,,413,,Yes
3,9/17/24,3,S1,BUS301 / 13,PERSONAL FINANCE A,NICOLE SIMEK,12,2025,A,3.98 pts,0,,413,,Yes
4,9/24/24,3,S1,BUS301 / 13,PERSONAL FINANCE A,NICOLE SIMEK,12,2025,A,3.99 pts,0.71,,413,,Yes
5,10/1/24,3,S1,BUS301 / 13,PERSONAL FINANCE A,NICOLE SIMEK,12,2025,B-,2.71 pts,2,,413,,Yes
6,10/8/24,3,S1,BUS301 / 13,PERSONAL FINANCE A,NICOLE SIMEK,12,2025,A,3.99 pts,2,,413,,Yes
7,10/16/24,3,S1,BUS301 / 13,PERSONAL FINANCE A,NICOLE SIMEK,12,2025,A,3.99 pts,2,,413,,Yes
8,10/22/24,3,S1,BUS301 / 13,PERSONAL FINANCE A,NICOLE SIMEK,12,2025,A,3.99 pts,3,,413,,Yes
9,10/29/24,3,S1,BUS301 / 13,PERSONAL FINANCE A,NICOLE SIMEK,12,2025,A,3.97 pts,4,,413,,Yes
10,11/5/24,3,S1,BUS301 / 13,PERSONAL FINANCE A,NICOLE SIMEK,12,2025,A,3.97 pts,5,,413,,Yes
2,9/10/24,5,S1,ENG601 / 15,SOPH ENG/A,MARCEE SALAS,10,2027,A,4.00 pts,0,,414,,Yes
2,9/10/24,2,S1,MAT522 / 12,GEOMETRY A,ROCHELLE AITON,10,2027,,,0,,414,,Yes
2,9/10/24,6,S1,SCI601 / 36,BIOLOGY A,WILLIAM BAUR,10,2027,,,0,,414,,Yes
3,9/17/24,2,S1,MAT522 / 12,GEOMETRY A,ROCHELLE AITON,10,2027,B,3.00 pts,0,,414,,Yes
3,9/17/24,5,S1,ENG601 / 15,SOPH ENG/A,MARCEE SALAS,10,2027,A,4.00 pts,0,,414,,Yes
3,9/17/24,6,S1,SCI601 / 36,BIOLOGY A,WILLIAM BAUR,10,2027,B,3.00 pts,0.14,,414,,Yes
4,9/24/24,2,S1,MAT522 / 12,GEOMETRY A,ROCHELLE AITON,10,2027,A,3.95 pts,0,,414,,Yes
4,9/24/24,5,S1,ENG601 / 15,SOPH ENG/A,MARCEE SALAS,10,2027,D+,1.82 pts,0,,414,,Yes
4,9/24/24,6,S1,SCI601 / 36,BIOLOGY A,WILLIAM BAUR,10,2027,B,3.00 pts,0.14,,414,,Yes
5,10/1/24,2,S1,MAT522 / 12,GEOMETRY A,ROCHELLE AITON,10,2027,A,3.95 pts,0,,414,,Yes
5,10/1/24,5,S1,ENG601 / 15,SOPH ENG/A,MARCEE SALAS,10,2027,B-,2.73 pts,0,,414,,Yes
5,10/1/24,6,S1,SCI601 / 36,BIOLOGY A,WILLIAM BAUR,10,2027,A-,3.50 pts,0.14,,414,,Yes
6,10/8/24,2,S1,MAT522 / 12,GEOMETRY A,ROCHELLE AITON,10,2027,C,2.40 pts,2,,414,,Yes
6,10/8/24,5,S1,ENG601 / 15,SOPH ENG/A,MARCEE SALAS,10,2027,B-,2.81 pts,2,,414,,Yes
6,10/8/24,6,S1,SCI601 / 36,BIOLOGY A,WILLIAM BAUR,10,2027,B,3.00 pts,2.14,,414,,Yes
7,10/16/24,2,S1,MAT522 / 12,GEOMETRY A,ROCHELLE AITON,10,2027,C+,2.55 pts,2.43,,414,,Yes
7,10/16/24,5,S1,ENG601 / 15,SOPH ENG/A,MARCEE SALAS,10,2027,B-,2.86 pts,2,,414,,Yes
7,10/16/24,6,S1,SCI601 / 36,BIOLOGY A,WILLIAM BAUR,10,2027,F,1.54 pts,2.14,,414,,Yes
8,10/22/24,2,S1,MAT522 / 12,GEOMETRY A,ROCHELLE AITON,10,2027,C+,2.55 pts,2.43,,414,,Yes
8,10/22/24,2,S1,MAT522 / 12,GEOMETRY A,NINETTE LILIENTHAL,10,2027,C+,2.55 pts,2.43,,414,,Yes
8,10/22/24,5,S1,ENG601 / 15,SOPH ENG/A,MARCEE SALAS,10,2027,C+,2.52 pts,2,,414,,Yes
8,10/22/24,6,S1,SCI601 / 36,BIOLOGY A,WILLIAM BAUR,10,2027,F,1.54 pts,2.14,,414,,Yes
9,10/29/24,2,S1,MAT522 / 12,GEOMETRY A,ROCHELLE AITON,10,2027,C-,2.03 pts,2.43,,414,,Yes
9,10/29/24,2,S1,MAT522 / 12,GEOMETRY A,NINETTE LILIENTHAL,10,2027,C-,2.03 pts,2.43,,414,,Yes
9,10/29/24,5,S1,ENG601 / 15,SOPH ENG/A,MARCEE SALAS,10,2027,B-,2.72 pts,2,,414,,Yes
9,10/29/24,6,S1,SCI601 / 36,BIOLOGY A,WILLIAM BAUR,10,2027,C,2.26 pts,2.14,,414,,Yes
10,11/5/24,2,S1,MAT522 / 12,GEOMETRY A,ROCHELLE AITON,10,2027,C-,2.03 pts,2.43,,414,,Yes
10,11/5/24,2,S1,MAT522 / 12,GEOMETRY A,NINETTE LILIENTHAL,10,2027,C-,2.03 pts,2.43,,414,,Yes
10,11/5/24,5,S1,ENG601 / 15,SOPH ENG/A,MARCEE SALAS,10,2027,B,3.09 pts,2,,414,,Yes
10,11/5/24,6,S1,SCI601 / 36,BIOLOGY A,WILLIAM BAUR,10,2027,B+,3.25 pts,2.14,,414,,Yes
2,9/10/24,2,S1,BUS301 / 12,PERSONAL FINANCE A,NICOLE SIMEK,12,2025,,,0,,415,,Yes
3,9/17/24,2,S1,BUS301 / 12,PERSONAL FINANCE A,NICOLE SIMEK,12,2025,B-,2.89 pts,0,,415,,Yes
4,9/24/24,2,S1,BUS301 / 12,PERSONAL FINANCE A,NICOLE SIMEK,12,2025,B,2.93 pts,0,,415,,Yes
5,10/1/24,2,S1,BUS301 / 12,PERSONAL FINANCE A,NICOLE SIMEK,12,2025,B,2.93 pts,0,,415,,Yes
6,10/8/24,2,S1,BUS301 / 12,PERSONAL FINANCE A,NICOLE SIMEK,12,2025,B,2.91 pts,0,,415,,Yes
7,10/16/24,2,S1,BUS301 / 12,PERSONAL FINANCE A,NICOLE SIMEK,12,2025,C,2.33 pts,4,,415,,Yes
8,10/22/24,2,S1,BUS301 / 12,PERSONAL FINANCE A,NICOLE SIMEK,12,2025,C+,2.65 pts,4,,415,,Yes
9,10/29/24,2,S1,BUS301 / 12,PERSONAL FINANCE A,NICOLE SIMEK,12,2025,C+,2.61 pts,4,,415,,Yes
10,11/5/24,2,S1,BUS301 / 12,PERSONAL FINANCE A,NICOLE SIMEK,12,2025,C+,2.61 pts,4,,415,,Yes
2,9/10/24,2,S1,ENG601 / 12,SOPH ENG/A,KELLY GREGERSEN,10,2027,A,4.00 pts,0.29,,416,,Yes
2,9/10/24,3,S1,MAT522 / 13,GEOMETRY A,ROCHELLE AITON,10,2027,,,0,,416,,Yes
3,9/17/24,2,S1,ENG601 / 12,SOPH ENG/A,KELLY GREGERSEN,10,2027,F,0.17 pts,4.29,,416,,Yes
3,9/17/24,3,S1,MAT522 / 13,GEOMETRY A,ROCHELLE AITON,10,2027,F,0.00 pts,4,,416,,Yes
4,9/24/24,2,S1,ENG601 / 12,SOPH ENG/A,KELLY GREGERSEN,10,2027,F,0.10 pts,6.57,,416,,Yes
4,9/24/24,3,S1,MAT522 / 13,GEOMETRY A,ROCHELLE AITON,10,2027,F,0.00 pts,6,,416,,Yes
5,10/1/24,2,S1,ENG601 / 12,SOPH ENG/A,KELLY GREGERSEN,10,2027,F,0.10 pts,6.57,,416,,Yes
5,10/1/24,3,S1,MAT522 / 13,GEOMETRY A,ROCHELLE AITON,10,2027,F,0.00 pts,6,,416,,Yes
6,10/8/24,2,S1,ENG601 / 12,SOPH ENG/A,KELLY GREGERSEN,10,2027,F,0.10 pts,7.57,,416,,Yes
6,10/8/24,3,S1,MAT522 / 13,GEOMETRY A,ROCHELLE AITON,10,2027,B-,2.85 pts,7,,416,,Yes
7,10/16/24,2,S1,ENG601 / 12,SOPH ENG/A,KELLY GREGERSEN,10,2027,B,2.91 pts,9.57,,416,,Yes
7,10/16/24,3,S1,MAT522 / 13,GEOMETRY A,ROCHELLE AITON,10,2027,B-,2.85 pts,9,,416,,Yes
8,10/22/24,2,S1,ENG601 / 12,SOPH ENG/A,KELLY GREGERSEN,10,2027,B-,2.78 pts,9.57,,416,,Yes
8,10/22/24,3,S1,MAT522 / 13,GEOMETRY A,ROCHELLE AITON,10,2027,B-,2.81 pts,9,,416,,Yes
8,10/22/24,3,S1,MAT522 / 13,GEOMETRY A,NINETTE LILIENTHAL,10,2027,B-,2.81 pts,9,,416,,Yes
9,10/29/24,2,S1,ENG601 / 12,SOPH ENG/A,KELLY GREGERSEN,10,2027,B-,2.78 pts,11.43,,416,,Yes
9,10/29/24,3,S1,MAT522 / 13,GEOMETRY A,ROCHELLE AITON,10,2027,C,2.25 pts,11.43,,416,,Yes
9,10/29/24,3,S1,MAT522 / 13,GEOMETRY A,NINETTE LILIENTHAL,10,2027,C,2.25 pts,11.43,,416,,Yes
10,11/5/24,2,S1,ENG601 / 12,SOPH ENG/A,KELLY GREGERSEN,10,2027,B-,2.78 pts,12.71,,416,,Yes
10,11/5/24,3,S1,MAT522 / 13,GEOMETRY A,ROCHELLE AITON,10,2027,C,2.25 pts,12.71,,416,,Yes
10,11/5/24,3,S1,MAT522 / 13,GEOMETRY A,NINETTE LILIENTHAL,10,2027,C,2.25 pts,12.71,,416,,Yes
2,9/10/24,6,S1,SCI601 / 36,BIOLOGY A,WILLIAM BAUR,10,2027,,,0,,417,,Yes
3,9/17/24,6,S1,SCI601 / 36,BIOLOGY A,WILLIAM BAUR,10,2027,A,4.00 pts,0.86,,417,,Yes
4,9/24/24,6,S1,SCI601 / 36,BIOLOGY A,WILLIAM BAUR,10,2027,A,4.00 pts,0.86,,417,,Yes
5,10/1/24,6,S1,SCI601 / 36,BIOLOGY A,WILLIAM BAUR,10,2027,A,4.00 pts,0.86,,417,,Yes
6,10/8/24,6,S1,SCI601 / 36,BIOLOGY A,WILLIAM BAUR,10,2027,A,3.87 pts,0.86,,417,,Yes
7,10/16/24,6,S1,SCI601 / 36,BIOLOGY A,WILLIAM BAUR,10,2027,D+,1.98 pts,0.86,,417,,Yes
8,10/22/24,6,S1,SCI601 / 36,BIOLOGY A,WILLIAM BAUR,10,2027,D+,1.98 pts,0.86,,417,,Yes
9,10/29/24,6,S1,SCI601 / 36,BIOLOGY A,WILLIAM BAUR,10,2027,D+,1.99 pts,0.86,,417,,Yes
10,11/5/24,6,S1,SCI601 / 36,BIOLOGY A,WILLIAM BAUR,10,2027,D+,1.99 pts,0.86,,417,,Yes
2,9/10/24,2,S1,ENG601 / 12,SOPH ENG/A,KELLY GREGERSEN,10,2027,A,4.00 pts,0,,418,,Yes
2,9/10/24,6,S1,SCI601 / 16,BIOLOGY A,GRANT MERRILL,10,2027,,,0,,418,,Yes
3,9/17/24,2,S1,ENG601 / 12,SOPH ENG/A,KELLY GREGERSEN,10,2027,A,3.83 pts,0,,418,,Yes
3,9/17/24,6,S1,SCI601 / 16,BIOLOGY A,GRANT MERRILL,10,2027,F,1.18 pts,0,,418,,Yes
4,9/24/24,2,S1,ENG601 / 12,SOPH ENG/A,KELLY GREGERSEN,10,2027,C-,2.05 pts,2,,418,,Yes
4,9/24/24,6,S1,SCI601 / 16,BIOLOGY A,GRANT MERRILL,10,2027,F,1.14 pts,2.43,,418,,Yes
5,10/1/24,2,S1,ENG601 / 12,SOPH ENG/A,KELLY GREGERSEN,10,2027,C-,2.05 pts,2,,418,,Yes
5,10/1/24,6,S1,SCI601 / 16,BIOLOGY A,GRANT MERRILL,10,2027,C-,2.02 pts,2.57,,418,,Yes
6,10/8/24,2,S1,ENG601 / 12,SOPH ENG/A,KELLY GREGERSEN,10,2027,B,2.98 pts,4,,418,,Yes
6,10/8/24,6,S1,SCI601 / 16,BIOLOGY A,GRANT MERRILL,10,2027,C-,2.00 pts,4.57,,418,,Yes
7,10/16/24,2,S1,ENG601 / 12,SOPH ENG/A,KELLY GREGERSEN,10,2027,B,3.03 pts,4,,418,,Yes
7,10/16/24,6,S1,SCI601 / 16,BIOLOGY A,GRANT MERRILL,10,2027,C-,2.02 pts,4.57,,418,,Yes
8,10/22/24,2,S1,ENG601 / 12,SOPH ENG/A,KELLY GREGERSEN,10,2027,C-,2.08 pts,4.43,,418,,Yes
8,10/22/24,6,S1,SCI601 / 16,BIOLOGY A,GRANT MERRILL,10,2027,C-,2.11 pts,4.57,,418,,Yes
9,10/29/24,2,S1,ENG601 / 12,SOPH ENG/A,KELLY GREGERSEN,10,2027,C-,2.08 pts,5.14,,418,,Yes
9,10/29/24,6,S1,SCI601 / 16,BIOLOGY A,GRANT MERRILL,10,2027,C,2.38 pts,4.57,,418,,Yes
10,11/5/24,2,S1,ENG601 / 12,SOPH ENG/A,KELLY GREGERSEN,10,2027,A,3.95 pts,5.29,,418,,Yes
10,11/5/24,6,S1,SCI601 / 16,BIOLOGY A,GRANT MERRILL,10,2027,C,2.38 pts,4.57,,418,,Yes
2,9/10/24,3,S1,MAT522 / 13,GEOMETRY A,ROCHELLE AITON,9,2028,,,0,,419,,Yes
3,9/17/24,3,S1,MAT522 / 13,GEOMETRY A,ROCHELLE AITON,9,2028,F,0.95 pts,3,,419,,Yes
4,9/24/24,3,S1,MAT522 / 13,GEOMETRY A,ROCHELLE AITON,9,2028,D+,1.90 pts,3,,419,,Yes
5,10/1/24,3,S1,MAT522 / 13,GEOMETRY A,ROCHELLE AITON,9,2028,D+,1.90 pts,3.86,,419,,Yes
6,10/8/24,3,S1,MAT522 / 13,GEOMETRY A,ROCHELLE AITON,9,2028,F,1.43 pts,4,,419,,Yes
7,10/16/24,3,S1,MAT522 / 13,GEOMETRY A,ROCHELLE AITON,9,2028,F,1.43 pts,6.57,,419,,Yes
8,10/22/24,3,S1,MAT522 / 13,GEOMETRY A,ROCHELLE AITON,9,2028,F,1.45 pts,6.57,,419,,Yes
10,11/5/24,1,S1,ENG701 / 11,JUNIOR ENG/A,JOHN CARVER,11,2026,D,1.72 pts,13.36,,1,,#N/A
10,11/5/24,2,S1,PED500 / 12,WEIGHT TRAINING,SCOTT BOOTHBY,11,2026,D+,1.88 pts,13.21,,1,,#N/A
10,11/5/24,3,S1,MAT701 / 13,ALGEBRA II A,JENNIFER REILLY,11,2026,F,0.70 pts,12.5,Jonathan,1,Active,Yes
10,11/5/24,4,S1,CTE114 / 14,ENGINEERING A,JASON BLAESING,11,2026,C,2.22 pts,11.57,,1,,#N/A
10,11/5/24,5,S1,SOC701 / 15,US HISTORY/A,DAVE HAJEK,11,2026,F,0.05 pts,11.86,,1,,#N/A
10,11/5/24,6,S1,FAR604 / 16,SCENE DESIGN,KELLY GREGERSEN,11,2026,C-,2.02 pts,11.86,,1,,#N/A
10,11/5/24,1,S1,CTA101 / 11,CTA S1,MARK CASTLE,11,2026,,,0,,3,,#N/A
10,11/5/24,2,S1,CTA101 / 11,CTA S1,MARK CASTLE,11,2026,,,0,,3,,#N/A
10,11/5/24,3,S1,CTA101 / 11,CTA S1,MARK CASTLE,11,2026,,,0,,3,,#N/A
10,11/5/24,4,S1,MAT701 / 14,ALGEBRA II A,JENNIFER REILLY,11,2026,C,2.31 pts,1,,3,,#N/A
10,11/5/24,5,S1,ASL503 / 15,AMERICAN SIGN LANGUAGE II/A,TAMI GRANT,11,2026,A,3.88 pts,1,,3,,#N/A
10,11/5/24,6,S1,ENG701 / 16,JUNIOR ENG/A,JOHN CARVER,11,2026,A-,3.57 pts,1.33,,3,,#N/A
10,11/5/24,1,S1,FAR505 / 11,CONCERT CHOIR/A,DAVID DUARTE,10,2027,A,4.00 pts,1.86,,4,,#N/A
10,11/5/24,2,S1,SPA501 / 12,SPANISH 1 A,ROCHELLE AITON,10,2027,A,3.76 pts,1.14,,4,,#N/A
10,11/5/24,3,S1,SOC108 / 13,WORLD HISTORY/A,RYAN ISAACSON,10,2027,C+,2.64 pts,0.71,,4,,#N/A
10,11/5/24,4,S1,SCI601 / 14,BIOLOGY A,GRANT MERRILL,10,2027,F,1.02 pts,2.57,,4,,Yes
10,11/5/24,5,S1,ENG601 / 15,SOPH ENG/A,MARCEE SALAS,10,2027,C,2.26 pts,1.86,,4,,Yes
10,11/5/24,6,S1,MAT522 / 36,GEOMETRY A,ROCHELLE AITON,10,2027,F,1.62 pts,1.86,,4,,#N/A
10,11/5/24,6,S1,MAT522 / 36,GEOMETRY A,NINETTE LILIENTHAL,10,2027,F,1.62 pts,1.86,,4,,#N/A
10,11/5/24,1,S1,VOC705 / 11,DIGITAL PHOTOGRAPHY I,ROSANNA RUFF,11,2026,B,2.97 pts,7.14,,5,,#N/A
10,11/5/24,2,S1,BUS301 / 12,PERSONAL FINANCE A,NICOLE SIMEK,11,2026,C+,2.66 pts,7,,5,,Yes
10,11/5/24,3,S1,SCI503 / 33,PHYSICAL SCIENCE A,WILLIAM BAUR,11,2026,F,1.42 pts,8.14,,5,,#N/A
10,11/5/24,4,S1,SOC701 / 14,US HISTORY/A,DAVE HAJEK,11,2026,D+,1.80 pts,7.71,,5,,Yes
10,11/5/24,5,S1,ENG701 / 15,JUNIOR ENG/A,JOHN CARVER,11,2026,C,2.28 pts,8,,5,,Yes
10,11/5/24,6,S1,PED500 / 16,WEIGHT TRAINING,SCOTT DIZMANG,11,2026,A,3.63 pts,8,,5,,#N/A
10,11/5/24,1,S1,PED513 / 11,TEAM GAMES,SCOTT DIZMANG,10,2027,A-,3.53 pts,1,,6,,#N/A
10,11/5/24,2,S1,MAT522 / 12,GEOMETRY A,ROCHELLE AITON,10,2027,B+,3.22 pts,1,John L,6,Active,Yes
10,11/5/24,2,S1,MAT522 / 12,GEOMETRY A,NINETTE LILIENTHAL,10,2027,B+,3.22 pts,1,John L,6,Active,Yes
10,11/5/24,3,S1,SOC108 / 13,WORLD HISTORY/A,RYAN ISAACSON,10,2027,D+,1.94 pts,1.14,,6,,#N/A
10,11/5/24,4,S1,FAR109 / 14,CERAMICS II,ROBERT YEE,10,2027,A,4.00 pts,1.14,,6,,#N/A
10,11/5/24,5,S1,ENG601 / 15,SOPH ENG/A,MARCEE SALAS,10,2027,F,1.57 pts,1.14,,6,,#N/A
10,11/5/24,6,S1,SCI601 / 36,BIOLOGY A,WILLIAM BAUR,10,2027,F,1.49 pts,1.14,,6,,#N/A
10,11/5/24,1,S1,ENG801 / 11,SENIOR ENG/A,HEATHER CARVER,12,2025,D,1.72 pts,5.43,,7,,#N/A
10,11/5/24,2,S1,BUS301 / 12,PERSONAL FINANCE A,NICOLE SIMEK,12,2025,F,0.84 pts,5.29,,7,,Yes
10,11/5/24,3,S1,ONT400 / 13,ON-TRACK/A,BRIAN ANDERSON,12,2025,A,4.00 pts,4.71,,7,,#N/A
10,11/5/24,4,S1,ENG715 / 14,FILM AS LITERATURE,KELLY GREGERSEN,12,2025,C,2.47 pts,5.29,,7,,#N/A
10,11/5/24,5,S1,CTE100 / 15,MEDICAL CAREERS & TERMINOLOG/A,DONNA SCHATZ,12,2025,D+,1.85 pts,5,,7,,#N/A
10,11/5/24,6,S1,SOC802 / 16,CIVICS,JIM REED,12,2025,D,1.69 pts,5.14,,7,,#N/A
10,11/5/24,1,S1,FAR720 / 11,PANTHER PLAYERS/A,KELLY GREGERSEN,11,2026,A-,3.54 pts,3.57,,46,,#N/A
10,11/5/24,2,S1,SCI609 / 12,CHEMISTRY/A,GRANT MERRILL,11,2026,F,0.91 pts,3.43,,46,,Yes
10,11/5/24,3,S1,MAT701 / 13,ALGEBRA II A,JENNIFER REILLY,11,2026,B-,2.70 pts,3.43,,46,,Yes
10,11/5/24,4,S1,ENG715 / 14,FILM AS LITERATURE,KELLY GREGERSEN,11,2026,A,3.98 pts,3.86,,46,,#N/A
10,11/5/24,5,S1,SOC701 / 15,US HISTORY/A,DAVE HAJEK,11,2026,C+,2.61 pts,3.43,,46,,#N/A
10,11/5/24,6,S1,SPA501 / 16,SPANISH 1 A,ROCHELLE AITON,11,2026,B+,3.32 pts,3.43,,46,,#N/A
10,11/5/24,1,S1,FAR720 / 11,PANTHER PLAYERS/A,KELLY GREGERSEN,12,2025,A,3.99 pts,4.71,,8,,#N/A
10,11/5/24,2,S1,SPS103 / 12,OFFICE ASSISTANT,MARK CASTLE,12,2025,,,3.29,,8,,#N/A
10,11/5/24,3,S1,PED500 / 13,WEIGHT TRAINING,SCOTT BOOTHBY,12,2025,A-,3.49 pts,2.43,,8,,#N/A
10,11/5/24,4,S1,ENG717 / 14,AP LITERATURE/ COMPOSITION A,HEATHER CARVER,12,2025,C-,2.01 pts,3.71,,8,,#N/A
10,11/5/24,5,S1,SOC802 / 15,CIVICS,SCOTT BOOTHBY,12,2025,B,3.03 pts,3.71,,8,,#N/A
10,11/5/24,6,S1,SCI503 / 16,PHYSICAL SCIENCE A,JAMES BENNETT,12,2025,D+,1.89 pts,4,,8,,#N/A
10,11/5/24,1,S1,PED500 / 11,WEIGHT TRAINING,SCOTT BOOTHBY,10,2027,A,3.88 pts,2.71,,9,,#N/A
10,11/5/24,2,S1,SOC108 / 12,WORLD HISTORY/A,DAVID HOLLINGSWORTH,10,2027,B-,2.81 pts,2.71,,9,,#N/A
10,11/5/24,3,S1,SCI601 / 13,BIOLOGY A,GRANT MERRILL,10,2027,C,2.24 pts,1.86,,9,,Yes
10,11/5/24,4,S1,FAR109 / 14,CERAMICS II,ROBERT YEE,10,2027,A-,3.58 pts,1.57,,9,,#N/A
10,11/5/24,5,S1,MAT522 / 15,GEOMETRY A,BRIAN ANDERSON,10,2027,F,1.04 pts,1.57,,9,,Yes
10,11/5/24,6,S1,ENG601 / 16,SOPH ENG/A,MARCEE SALAS,10,2027,C,2.21 pts,1.57,,9,,#N/A
10,11/5/24,1,S1,MAT522 / 11,GEOMETRY A,ROCHELLE AITON,10,2027,D+,1.97 pts,0,,10,,Yes
10,11/5/24,1,S1,MAT522 / 11,GEOMETRY A,NINETTE LILIENTHAL,10,2027,D+,1.97 pts,0,,10,,Yes
10,11/5/24,2,S1,ENG601 / 12,SOPH ENG/A,KELLY GREGERSEN,10,2027,A-,3.50 pts,0,,10,,Yes
10,11/5/24,3,S1,SOC108 / 13,WORLD HISTORY/A,RYAN ISAACSON,10,2027,C,2.23 pts,0,,10,,#N/A
10,11/5/24,4,S1,HFL118 / 14,ADV CULINARY ARTS A,ALEXANDRA YOST,10,2027,C+,2.52 pts,0,,10,,#N/A
10,11/5/24,5,S1,VOC106 / 15,METAL MANUFACTURING & TECH I,DONALD O'BRIEN,10,2027,A,3.98 pts,0,,10,,#N/A
10,11/5/24,6,S1,SCI601 / 16,BIOLOGY A,GRANT MERRILL,10,2027,C+,2.66 pts,0.14,,10,,Yes
10,11/5/24,1,S1,SPA601 / 11,SPANISH II A,ROCHELLE AITON,11,2026,B-,2.83 pts,1,,11,,#N/A
10,11/5/24,2,S1,HFL116 / 12,BAKING PASTRY ARTS I,KAYLA PAYNE,11,2026,A-,3.53 pts,1,,11,,#N/A
10,11/5/24,3,S1,MAT701 / 13,ALGEBRA II A,JENNIFER REILLY,11,2026,C+,2.56 pts,1.57,,11,,Yes
10,11/5/24,4,S1,CTE114 / 14,ENGINEERING A,JASON BLAESING,11,2026,B+,3.27 pts,1.57,,11,,#N/A
10,11/5/24,5,S1,SOC703 / 15,AP US HISTORY A,RYAN ISAACSON,11,2026,A,3.98 pts,1.43,,11,,#N/A
10,11/5/24,6,S1,ENG701 / 16,JUNIOR ENG/A,JOHN CARVER,11,2026,A-,3.41 pts,1,,11,,#N/A
10,11/5/24,1,S1,CTE114 / 11,ENGINEERING A,JASON BLAESING,11,2026,B-,2.79 pts,6,,12,,#N/A
10,11/5/24,2,S1,VOC116 / 12,BASIC CARPENTRY 1,BRENT MANSELL,11,2026,D+,1.93 pts,6,,12,,#N/A
10,11/5/24,3,S1,BUS301 / 13,PERSONAL FINANCE A,NICOLE SIMEK,11,2026,C,2.33 pts,6,,12,,Yes
10,11/5/24,4,S1,SOC701 / 14,US HISTORY/A,DAVE HAJEK,11,2026,C,2.20 pts,6.43,,12,,Yes
10,11/5/24,5,S1,VOC504 / 15,ADV FINE ARTS WOODWORKING I,BRENT MANSELL,11,2026,A,4.00 pts,6.43,,12,,#N/A
10,11/5/24,6,S1,ENG701 / 16,JUNIOR ENG/A,JOHN CARVER,11,2026,C+,2.57 pts,6.43,,12,,#N/A
10,11/5/24,1,S1,MAT522 / 11,GEOMETRY A,ROCHELLE AITON,10,2027,F,1.29 pts,5.43,John L,13,Active,Yes
10,11/5/24,1,S1,MAT522 / 11,GEOMETRY A,NINETTE LILIENTHAL,10,2027,F,1.29 pts,5.43,John L,13,Active,Yes
10,11/5/24,2,S1,ENG601 / 12,SOPH ENG/A,KELLY GREGERSEN,10,2027,D+,1.89 pts,5.14,,13,,Yes
10,11/5/24,3,S1,SCI601 / 33,BIOLOGY A,DONNA SCHATZ,10,2027,D,1.65 pts,5.29,,13,,#N/A
10,11/5/24,4,S1,CTE114 / 14,ENGINEERING A,JASON BLAESING,10,2027,F,1.22 pts,3.43,,13,,#N/A
10,11/5/24,5,S1,HFL113 / 15,INTRO CULINARY ART,ALEXANDRA YOST,10,2027,C+,2.52 pts,5.14,,13,,#N/A
10,11/5/24,6,S1,SOC108 / 36,WORLD HISTORY/A,DAVE HAJEK,10,2027,F,1.23 pts,5.29,,13,,#N/A
10,11/5/24,1,S1,ENG701 / 11,JUNIOR ENG/A,JOHN CARVER,11,2026,B,3.14 pts,2.57,,14,,#N/A
10,11/5/24,2,S1,VOC705 / 12,DIGITAL PHOTOGRAPHY I,ROSANNA RUFF,11,2026,B+,3.22 pts,1.86,,14,,#N/A
10,11/5/24,3,S1,MAT701 / 13,ALGEBRA II A,JENNIFER REILLY,11,2026,F,1.19 pts,2.29,Jonathan,14,Active,Yes
10,11/5/24,4,S1,SCI503 / 14,PHYSICAL SCIENCE A,JAMES BENNETT,11,2026,C-,2.00 pts,2.71,,14,,#N/A
10,11/5/24,5,S1,SOC701 / 15,US HISTORY/A,DAVE HAJEK,11,2026,B-,2.80 pts,2.57,,14,,#N/A
10,11/5/24,6,S1,VOC502 / 16,FINE ARTS WOODWORKING I,BRENT MANSELL,11,2026,A,4.00 pts,2.29,,14,,#N/A
10,11/5/24,1,S1,SPA601 / 11,SPANISH II A,ROCHELLE AITON,10,2027,A-,3.56 pts,0,,15,,#N/A
10,11/5/24,2,S1,ENG601 / 12,SOPH ENG/A,KELLY GREGERSEN,10,2027,F,1.06 pts,0,,15,,Yes
10,11/5/24,3,S1,SOC108 / 13,WORLD HISTORY/A,RYAN ISAACSON,10,2027,B,2.93 pts,0,,15,,#N/A
10,11/5/24,4,S1,SCI601 / 14,BIOLOGY A,GRANT MERRILL,10,2027,D,1.65 pts,0,,15,,Yes
10,11/5/24,5,S1,PED513 / 15,TEAM GAMES,SCOTT DIZMANG,10,2027,B,3.05 pts,0,,15,,#N/A
10,11/5/24,6,S1,MAT522 / 36,GEOMETRY A,ROCHELLE AITON,10,2027,D+,1.93 pts,0.14,,15,,#N/A
10,11/5/24,6,S1,MAT522 / 36,GEOMETRY A,NINETTE LILIENTHAL,10,2027,D+,1.93 pts,0.14,,15,,#N/A
10,11/5/24,1,S1,SOC108 / 11,WORLD HISTORY/A,DAVID HOLLINGSWORTH,10,2027,C,2.45 pts,0.14,,16,,#N/A
10,11/5/24,2,S1,FAR113 / 12,INTRO TO ART AND DESIGN,ROBERT YEE,10,2027,B,3.00 pts,0,,16,,#N/A
10,11/5/24,3,S1,CTE120 / 13,CYBER SECURITY I,ROSANNA RUFF,10,2027,F,1.11 pts,0,,16,,#N/A
10,11/5/24,4,S1,MAT522 / 14,GEOMETRY A,ROCHELLE AITON,10,2027,D+,1.90 pts,0,,16,,Yes
10,11/5/24,4,S1,MAT522 / 14,GEOMETRY A,NINETTE LILIENTHAL,10,2027,D+,1.90 pts,0,,16,,Yes
10,11/5/24,5,S1,SCI503 / 35,PHYSICAL SCIENCE A,WILLIAM BAUR,10,2027,F,0.58 pts,0,,16,,#N/A
10,11/5/24,6,S1,ENG601 / 16,SOPH ENG/A,MARCEE SALAS,10,2027,C,2.26 pts,0,,16,,#N/A
10,11/5/24,1,S1,SOC108 / 11,WORLD HISTORY/A,DAVID HOLLINGSWORTH,10,2027,,4.00 pts,0,,17,,#N/A
10,11/5/24,1,S1,VOC106 / 11,METAL MANUFACTURING & TECH I,DONALD O'BRIEN,10,2027,C,2.22 pts,2.57,,17,,#N/A
10,11/5/24,2,S1,ENG601 / 12,SOPH ENG/A,KELLY GREGERSEN,10,2027,C-,2.03 pts,1.29,,17,,Yes
10,11/5/24,3,S1,SCI601 / 33,BIOLOGY A,DONNA SCHATZ,10,2027,F,1.41 pts,2.43,,17,,#N/A
10,11/5/24,4,S1,MAT522 / 14,GEOMETRY A,ROCHELLE AITON,10,2027,F,0.63 pts,2.29,John L,17,Active,Yes
10,11/5/24,4,S1,MAT522 / 14,GEOMETRY A,NINETTE LILIENTHAL,10,2027,F,0.63 pts,2.29,John L,17,Active,Yes
10,11/5/24,5,S1,PED513 / 15,TEAM GAMES,SCOTT DIZMANG,10,2027,A,3.99 pts,1.71,,17,,#N/A
10,11/5/24,6,S1,VOC620 / 16,METAL CRAFTS & PRODUCTION I,DONALD O'BRIEN,10,2027,,0.00 pts,0,,17,,#N/A
10,11/5/24,6,S1,SOC108 / 36,WORLD HISTORY/A,DAVE HAJEK,10,2027,F,1.01 pts,2.14,,17,,#N/A
10,11/5/24,1,S1,PED101 / 11,PHYSICAL EDUCATION,KATHERINE STURDYVIN-SCOBBA,12,2025,F,1.48 pts,3.29,,18,,#N/A
10,11/5/24,2,S1,BUS301 / 12,PERSONAL FINANCE A,NICOLE SIMEK,12,2025,B-,2.77 pts,1.86,,18,,Yes
10,11/5/24,3,S1,SOC802 / 13,CIVICS,JIM REED,12,2025,F,0.97 pts,1.86,,18,,#N/A
10,11/5/24,4,S1,AACTM1 / 14,ACADEMIC ACHIEVEMENT A,TIMOTHY MOORE,12,2025,A,3.67 pts,3.29,,18,,#N/A
10,11/5/24,5,S1,ONT400 / 15,ON-TRACK/A,ROBERT YEE,12,2025,B,2.90 pts,1.71,,18,,#N/A
10,11/5/24,6,S1,ENG801 / 16,SENIOR ENG/A,HEATHER CARVER,12,2025,C+,2.62 pts,1.71,,18,,#N/A
10,11/5/24,1,S1,PED500 / 11,WEIGHT TRAINING,SCOTT BOOTHBY,9,2028,A,3.94 pts,2,,2,,#N/A
10,11/5/24,2,S1,ASL501 / 12,AMERICAN SIGN LANGUAGE I/A,KYLA RITCHEY,9,2028,A,3.68 pts,2,,2,,#N/A
10,11/5/24,3,S1,MAT520 / 33,ALGEBRA I A,JANET GROVE,9,2028,B-,2.71 pts,2.86,,2,,#N/A
10,11/5/24,4,S1,SCI503 / 14,PHYSICAL SCIENCE A,JAMES BENNETT,9,2028,C+,2.59 pts,4,,2,,#N/A
10,11/5/24,5,S1,HFL113 / 15,INTRO CULINARY ART,ALEXANDRA YOST,9,2028,C,2.27 pts,4.29,,2,,#N/A
10,11/5/24,6,S1,ENG501 / 16,FR ENGLISH/A,DAVID HOLLINGSWORTH,9,2028,C+,2.66 pts,4.29,,2,,Yes
10,11/5/24,1,S1,CTE114 / 11,ENGINEERING A,JASON BLAESING,11,2026,B,3.11 pts,0.57,,19,,#N/A
10,11/5/24,2,S1,FAR113 / 12,INTRO TO ART AND DESIGN,ROBERT YEE,11,2026,F,1.58 pts,0,,19,,#N/A
10,11/5/24,3,S1,FAR605 / 13,INTRO TO THEATRE,KELLY GREGERSEN,11,2026,A,3.68 pts,0,,19,,#N/A
10,11/5/24,4,S1,ENG701 / 14,JUNIOR ENG/A,JOHN CARVER,11,2026,A-,3.56 pts,1.29,,19,,#N/A
10,11/5/24,5,S1,SOC703 / 15,AP US HISTORY A,RYAN ISAACSON,11,2026,C+,2.69 pts,1.29,,19,,#N/A
10,11/5/24,6,S1,MAT701 / 16,ALGEBRA II A,JASON BLAESING,11,2026,D,1.70 pts,1.29,Jonathan,19,Active,Yes
10,11/5/24,1,S1,ENG601 / 11,SOPH ENG/A,MARCEE SALAS,10,2027,B-,2.86 pts,2.86,,20,,#N/A
10,11/5/24,2,S1,MAT522 / 32,GEOMETRY A,BRIAN ANDERSON,10,2027,F,1.19 pts,3,,20,,#N/A
10,11/5/24,3,S1,VOC620 / 13,METAL CRAFTS & PRODUCTION I,DONALD O'BRIEN,10,2027,B+,3.36 pts,2.57,,20,,#N/A
10,11/5/24,4,S1,SCI601 / 14,BIOLOGY A,GRANT MERRILL,10,2027,D+,1.82 pts,1.14,,20,,Yes
10,11/5/24,5,S1,CTE100 / 15,MEDICAL CAREERS & TERMINOLOG/A,DONNA SCHATZ,10,2027,A,3.72 pts,1.43,,20,,#N/A
10,11/5/24,6,S1,SOC108 / 36,WORLD HISTORY/A,DAVE HAJEK,10,2027,F,1.24 pts,1.29,,20,,#N/A
10,11/5/24,1,S1,SOC701 / 11,US HISTORY/A,DAVE HAJEK,11,2026,F,1.26 pts,7.71,,21,,#N/A
10,11/5/24,2,S1,SCI609 / 12,CHEMISTRY/A,GRANT MERRILL,11,2026,F,0.88 pts,6.71,,21,,Yes
10,11/5/24,3,S1,BUS301 / 13,PERSONAL FINANCE A,NICOLE SIMEK,11,2026,B,2.91 pts,7.43,,21,,Yes
10,11/5/24,4,S1,HFL118 / 14,ADV CULINARY ARTS A,ALEXANDRA YOST,11,2026,A,3.72 pts,7.43,,21,,#N/A
10,11/5/24,5,S1,ENG701 / 15,JUNIOR ENG/A,JOHN CARVER,11,2026,B-,2.80 pts,6.86,,21,,Yes
10,11/5/24,6,S1,PED500 / 16,WEIGHT TRAINING,SCOTT DIZMANG,11,2026,A,3.76 pts,7.43,,21,,#N/A
10,11/5/24,1,S1,FAR109 / 11,CERAMICS II,ROBERT YEE,11,2026,B,3.17 pts,0.57,,22,,#N/A
10,11/5/24,2,S1,FAR113 / 12,INTRO TO ART AND DESIGN,ROBERT YEE,11,2026,B+,3.31 pts,0.86,,22,,#N/A
10,11/5/24,3,S1,MAT701 / 13,ALGEBRA II A,JENNIFER REILLY,11,2026,A-,3.51 pts,1.71,,22,,Yes
10,11/5/24,4,S1,SCI503 / 34,PHYSICAL SCIENCE A,WILLIAM BAUR,11,2026,A-,3.43 pts,1.14,,22,,#N/A
10,11/5/24,5,S1,SOC701 / 15,US HISTORY/A,DAVE HAJEK,11,2026,C-,2.07 pts,1.14,,22,,#N/A
10,11/5/24,6,S1,ENG701 / 16,JUNIOR ENG/A,JOHN CARVER,11,2026,A-,3.43 pts,1.29,,22,,#N/A
10,11/5/24,1,S1,SCI503 / 11,PHYSICAL SCIENCE A,JAMES BENNETT,11,2026,C,2.21 pts,14.71,,23,,#N/A
10,11/5/24,2,S1,BUS301 / 12,PERSONAL FINANCE A,NICOLE SIMEK,11,2026,F,0.48 pts,14.14,Doug,23,Active,Yes
10,11/5/24,3,S1,ONT400 / 13,ON-TRACK/A,BRIAN ANDERSON,11,2026,C,2.29 pts,13.71,,23,,#N/A
10,11/5/24,4,S1,SOC701 / 14,US HISTORY/A,DAVE HAJEK,11,2026,F,0.61 pts,13.71,Rebecca,23,Active,Yes
10,11/5/24,5,S1,ENG701 / 15,JUNIOR ENG/A,JOHN CARVER,11,2026,F,1.51 pts,13,,23,,Yes
10,11/5/24,6,S1,VOC620 / 16,METAL CRAFTS & PRODUCTION I,DONALD O'BRIEN,11,2026,,0.00 pts,1.29,,23,,#N/A
10,11/5/24,6,S1,FAR604 / 16,SCENE DESIGN,KELLY GREGERSEN,11,2026,C,2.40 pts,12.71,,23,,#N/A
10,11/5/24,1,S1,MAT704 / 11,PRE-CALC A MAT 153,BRIAN ANDERSON,12,2025,F,1.15 pts,1.5,,24,,Yes
10,11/5/24,2,S1,RUN101 / 12,RUNNING START/A,,12,2025,,,0,,24,,#N/A
10,11/5/24,3,S1,CTE120 / 13,CYBER SECURITY I,ROSANNA RUFF,12,2025,B,3.04 pts,2,,24,,#N/A
10,11/5/24,4,S1,ENG717 / 14,AP LITERATURE/ COMPOSITION A,HEATHER CARVER,12,2025,,0.50 pts,1.25,,24,,#N/A
10,11/5/24,4,S1,RUN101 / 14,RUNNING START/A,,12,2025,,,0,,24,,#N/A
10,11/5/24,5,S1,SOC802 / 15,CIVICS,SCOTT BOOTHBY,12,2025,A,3.60 pts,1,,24,,#N/A
10,11/5/24,6,S1,RUN101 / 16,RUNNING START/A,,12,2025,,,0,,24,,#N/A
10,11/5/24,1,S1,PED513 / 11,TEAM GAMES,SCOTT DIZMANG,9,2028,A,3.76 pts,0,,25,,#N/A
10,11/5/24,2,S1,HFL114 / 12,FAMILY HEALTH,MICHAEL ISOTALO,9,2028,D+,1.88 pts,0,,25,,#N/A
10,11/5/24,3,S1,SCI503 / 33,PHYSICAL SCIENCE A,WILLIAM BAUR,9,2028,D,1.79 pts,0,,25,,#N/A
10,11/5/24,4,S1,VOC300 / 14,SMALL ENGINE REPAIR I,DONALD O'BRIEN,9,2028,C,2.22 pts,0,,25,,#N/A
10,11/5/24,5,S1,MAT520 / 15,ALGEBRA I A,KEVIN REILLY,9,2028,C,2.42 pts,0,,25,,#N/A
10,11/5/24,6,S1,ENG501 / 16,FR ENGLISH/A,DAVID HOLLINGSWORTH,9,2028,D+,1.90 pts,0,,25,,Yes
10,11/5/24,1,S1,SCI503 / 11,PHYSICAL SCIENCE A,JAMES BENNETT,11,2026,F,0.13 pts,13.57,,26,,#N/A
10,11/5/24,2,S1,VOC705 / 12,DIGITAL PHOTOGRAPHY I,ROSANNA RUFF,11,2026,A,3.67 pts,9.57,,26,,#N/A
10,11/5/24,3,S1,ONT400 / 13,ON-TRACK/A,BRIAN ANDERSON,11,2026,B-,2.86 pts,5.71,,26,,#N/A
10,11/5/24,4,S1,SOC701 / 14,US HISTORY/A,DAVE HAJEK,11,2026,F,0.84 pts,9,,26,,Yes
10,11/5/24,5,S1,BUS301 / 15,PERSONAL FINANCE A,NICOLE SIMEK,11,2026,F,1.48 pts,6.86,,26,,#N/A
10,11/5/24,6,S1,ENG701 / 16,JUNIOR ENG/A,JOHN CARVER,11,2026,C-,2.08 pts,9.71,,26,,#N/A
10,11/5/24,1,S1,ASL505 / 11,AMER SIGN III/A,TAMI GRANT,11,2026,A,4.00 pts,1.43,,29,,#N/A
10,11/5/24,2,S1,SCI503 / 32,PHYSICAL SCIENCE A,WILLIAM BAUR,11,2026,C+,2.67 pts,0.86,,29,,#N/A
10,11/5/24,3,S1,ENG719 / 13,AP LANGUAGE/COMPOSITION A,HEATHER CARVER,11,2026,C+,2.62 pts,1.57,,29,,#N/A
10,11/5/24,4,S1,MAT701 / 14,ALGEBRA II A,JENNIFER REILLY,11,2026,B,2.96 pts,2.29,,29,,#N/A
10,11/5/24,5,S1,CTE501 / 15,PROJECT IN LEADERSHIP/A,KYLA RITCHEY,11,2026,A,3.92 pts,0.71,,29,,#N/A
10,11/5/24,6,S1,SOC701 / 16,US HISTORY/A,SCOTT BOOTHBY,11,2026,F,1.25 pts,1.71,,29,,Yes
10,11/5/24,1,S1,PED500 / 11,WEIGHT TRAINING,SCOTT BOOTHBY,12,2025,C,2.39 pts,4.29,,27,,#N/A
10,11/5/24,2,S1,BUS301 / 12,PERSONAL FINANCE A,NICOLE SIMEK,12,2025,D,1.76 pts,4,,27,,Yes
10,11/5/24,3,S1,ONT400 / 13,ON-TRACK/A,BRIAN ANDERSON,12,2025,A,4.00 pts,4,,27,,#N/A
10,11/5/24,4,S1,SOC802 / 14,CIVICS,JIM REED,12,2025,F,0.65 pts,4.86,,27,,#N/A
10,11/5/24,5,S1,CTE100 / 15,MEDICAL CAREERS & TERMINOLOG/A,DONNA SCHATZ,12,2025,F,0.55 pts,4.71,,27,,#N/A
10,11/5/24,6,S1,ENG801 / 16,SENIOR ENG/A,HEATHER CARVER,12,2025,D,1.73 pts,4.43,,27,,#N/A
10,11/5/24,1,S1,ENG601 / 11,SOPH ENG/A,MARCEE SALAS,10,2027,D+,1.95 pts,1.43,,28,,#N/A
10,11/5/24,2,S1,SCI601 / 32,BIOLOGY A,DONNA SCHATZ,10,2027,C,2.44 pts,1.43,,28,,#N/A
10,11/5/24,3,S1,ASL501 / 13,AMERICAN SIGN LANGUAGE I/A,KYLA RITCHEY,10,2027,A,4.00 pts,2,,28,,#N/A
10,11/5/24,4,S1,MAT522 / 14,GEOMETRY A,ROCHELLE AITON,10,2027,F,0.95 pts,1.57,,28,,Yes
10,11/5/24,4,S1,MAT522 / 14,GEOMETRY A,NINETTE LILIENTHAL,10,2027,F,0.95 pts,1.57,,28,,Yes
10,11/5/24,5,S1,CTE222 / 15,MUSIC PROD IA,DAVID DUARTE,10,2027,F,0.19 pts,1.86,,28,,#N/A
10,11/5/24,6,S1,SOC108 / 16,WORLD HISTORY/A,RYAN ISAACSON,10,2027,F,0.92 pts,1.86,,28,,#N/A
10,11/5/24,1,S1,PED513 / 11,TEAM GAMES,SCOTT DIZMANG,12,2025,B-,2.73 pts,3.86,,30,,#N/A
10,11/5/24,2,S1,ASL503 / 12,AMERICAN SIGN LANGUAGE II/A,TAMI GRANT,12,2025,B-,2.73 pts,3.14,,30,,#N/A
10,11/5/24,3,S1,BUS301 / 13,PERSONAL FINANCE A,NICOLE SIMEK,12,2025,B+,3.25 pts,2,,30,,Yes
10,11/5/24,4,S1,SOC802 / 14,CIVICS,JIM REED,12,2025,C,2.32 pts,2.57,,30,,#N/A
10,11/5/24,5,S1,VOC106 / 15,METAL MANUFACTURING & TECH I,DONALD O'BRIEN,12,2025,A,3.74 pts,3.14,,30,,#N/A
10,11/5/24,6,S1,ENG801 / 16,SENIOR ENG/A,HEATHER CARVER,12,2025,C+,2.61 pts,3.14,,30,,#N/A
10,11/5/24,1,S1,PED513 / 11,TEAM GAMES,SCOTT DIZMANG,11,2026,A,3.60 pts,19.34,,31,,#N/A
10,11/5/24,2,S1,MAT520 / 12,ALGEBRA I A,KEVIN REILLY,11,2026,D+,1.93 pts,16.97,,31,,#N/A
10,11/5/24,3,S1,SOC701 / 13,US HISTORY/A,DAVE HAJEK,11,2026,W,0.00 pts,19.14,,31,,#N/A
10,11/5/24,3,S1,ELE403 / 13,LANGUAGE SUPPORT/A,HAYLEY ALVARADO,11,2026,,,0,,31,,Yes
10,11/5/24,4,S1,SCI503 / 34,PHYSICAL SCIENCE A,WILLIAM BAUR,11,2026,,0.00 pts,6.43,,31,,#N/A
10,11/5/24,4,S1,FAR108 / 14,CERAMICS I,ROBERT YEE,11,2026,F,0.00 pts,9.83,,31,,#N/A
10,11/5/24,5,S1,ENG701 / 15,JUNIOR ENG/A,JOHN CARVER,11,2026,W,1.54 pts,16.86,,31,,Yes
10,11/5/24,5,S1,NCR105 / 15,EARLY DISMISSAL,MARK CASTLE,11,2026,,,0,,31,,#N/A
10,11/5/24,6,S1,FAR108 / 16,CERAMICS I,ROBERT YEE,11,2026,,4.00 pts,6.43,,31,,#N/A
10,11/5/24,6,S1,NCR105 / 16,EARLY DISMISSAL,MARK CASTLE,11,2026,,,0,,31,,#N/A
10,11/5/24,6,S1,SCI601 / 36,BIOLOGY A,WILLIAM BAUR,11,2026,W,0.00 pts,12.57,,31,,Yes
10,11/5/24,1,S1,FAR108 / 11,CERAMICS I,ROBERT YEE,10,2027,A-,3.53 pts,1,,32,,#N/A
10,11/5/24,2,S1,SOC108 / 12,WORLD HISTORY/A,DAVID HOLLINGSWORTH,10,2027,F,1.44 pts,1.43,,32,,#N/A
10,11/5/24,3,S1,SCI601 / 33,BIOLOGY A,DONNA SCHATZ,10,2027,B-,2.78 pts,1.43,,32,,#N/A
10,11/5/24,4,S1,MAT522 / 14,GEOMETRY A,ROCHELLE AITON,10,2027,F,1.39 pts,3.43,,32,,Yes
10,11/5/24,4,S1,MAT522 / 14,GEOMETRY A,NINETTE LILIENTHAL,10,2027,F,1.39 pts,3.43,,32,,Yes
10,11/5/24,5,S1,ASL503 / 15,AMERICAN SIGN LANGUAGE II/A,TAMI GRANT,10,2027,C+,2.50 pts,3.43,,32,,#N/A
10,11/5/24,6,S1,ENG601 / 16,SOPH ENG/A,MARCEE SALAS,10,2027,C-,2.19 pts,3.43,,32,,#N/A
10,11/5/24,1,S1,VOC705 / 11,DIGITAL PHOTOGRAPHY I,ROSANNA RUFF,10,2027,C+,2.56 pts,0.71,,33,,#N/A
10,11/5/24,2,S1,MAT522 / 12,GEOMETRY A,ROCHELLE AITON,10,2027,F,1.61 pts,0.29,,33,,Yes
10,11/5/24,2,S1,MAT522 / 12,GEOMETRY A,NINETTE LILIENTHAL,10,2027,F,1.61 pts,0.29,,33,,Yes
10,11/5/24,3,S1,ASL501 / 13,AMERICAN SIGN LANGUAGE I/A,KYLA RITCHEY,10,2027,C,2.36 pts,0.29,,33,,#N/A
10,11/5/24,4,S1,SOC108 / 14,WORLD HISTORY/A,DAVID HOLLINGSWORTH,10,2027,F,1.55 pts,0,,33,,#N/A
10,11/5/24,5,S1,ENG601 / 15,SOPH ENG/A,MARCEE SALAS,10,2027,C-,2.11 pts,0,,33,,Yes
10,11/5/24,6,S1,SCI601 / 36,BIOLOGY A,WILLIAM BAUR,10,2027,F,1.52 pts,0,,33,,Yes
10,11/5/24,1,S1,VOC106 / 11,METAL MANUFACTURING & TECH I,DONALD O'BRIEN,10,2027,B+,3.22 pts,1.86,,34,,#N/A
10,11/5/24,2,S1,ENG601 / 12,SOPH ENG/A,KELLY GREGERSEN,10,2027,F,1.31 pts,1.43,,34,,Yes
10,11/5/24,3,S1,SCI601 / 13,BIOLOGY A,GRANT MERRILL,10,2027,F,0.62 pts,1.57,,34,,Yes
10,11/5/24,4,S1,MAT522 / 14,GEOMETRY A,ROCHELLE AITON,10,2027,F,0.95 pts,1.29,John L,34,Active,Yes
10,11/5/24,4,S1,MAT522 / 14,GEOMETRY A,NINETTE LILIENTHAL,10,2027,F,0.95 pts,1.29,John L,34,Active,Yes
10,11/5/24,5,S1,VOC503 / 15,FINE ARTS WOODS II,BRENT MANSELL,10,2027,C,2.49 pts,1.71,,34,,#N/A
10,11/5/24,6,S1,SOC108 / 16,WORLD HISTORY/A,RYAN ISAACSON,10,2027,C-,2.06 pts,1.86,,34,,#N/A
10,11/5/24,1,S1,ENG801 / 11,SENIOR ENG/A,HEATHER CARVER,12,2025,C+,2.52 pts,2,,35,,#N/A
10,11/5/24,2,S1,SCI609 / 12,CHEMISTRY/A,GRANT MERRILL,12,2025,F,0.97 pts,2.57,,35,,Yes
10,11/5/24,3,S1,SOC802 / 13,CIVICS,JIM REED,12,2025,D+,1.98 pts,2.57,,35,,#N/A
10,11/5/24,4,S1,HFL115 / 14,ADVANCED PASTRY ARTS I,KAYLA PAYNE,12,2025,A,3.76 pts,2.57,,35,,#N/A
10,11/5/24,5,S1,ONT400 / 15,ON-TRACK/A,ROBERT YEE,12,2025,B-,2.88 pts,3,,35,,#N/A
10,11/5/24,6,S1,FAR111 / 16,CERAMICS IV,ROBERT YEE,12,2025,F,1.50 pts,2.86,,35,,#N/A
10,11/5/24,1,S1,CTE114 / 11,ENGINEERING A,JASON BLAESING,11,2026,C+,2.56 pts,7.14,,36,,#N/A
10,11/5/24,2,S1,MAT701 / 12,ALGEBRA II A,JASON BLAESING,11,2026,F,1.07 pts,7,,36,,Yes
10,11/5/24,3,S1,PED500 / 13,WEIGHT TRAINING,SCOTT BOOTHBY,11,2026,B,3.13 pts,7,,36,,#N/A
10,11/5/24,4,S1,ENG701 / 14,JUNIOR ENG/A,JOHN CARVER,11,2026,C-,2.14 pts,7.14,,36,,#N/A
10,11/5/24,5,S1,SOC701 / 15,US HISTORY/A,DAVE HAJEK,11,2026,D,1.65 pts,7,,36,,#N/A
10,11/5/24,6,S1,FAR542 / 16,WIND ENSEMB/A,DAVID DUARTE,11,2026,A,4.00 pts,7,,36,,#N/A
10,11/5/24,1,S1,VOC502 / 11,FINE ARTS WOODWORKING I,BRENT MANSELL,11,2026,A,4.00 pts,1,,37,,#N/A
10,11/5/24,2,S1,SCI503 / 12,PHYSICAL SCIENCE A,JAMES BENNETT,11,2026,C,2.38 pts,1,,37,,#N/A
10,11/5/24,3,S1,ONT400 / 13,ON-TRACK/A,BRIAN ANDERSON,11,2026,A,4.00 pts,1.14,,37,,#N/A
10,11/5/24,4,S1,ENG715 / 14,FILM AS LITERATURE,KELLY GREGERSEN,11,2026,D+,1.98 pts,1,,37,,#N/A
10,11/5/24,5,S1,BUS301 / 15,PERSONAL FINANCE A,NICOLE SIMEK,11,2026,D,1.67 pts,1,,37,,#N/A
10,11/5/24,6,S1,SOC701 / 16,US HISTORY/A,SCOTT BOOTHBY,11,2026,C,2.26 pts,1.14,,37,,Yes
10,11/5/24,1,S1,VOC502 / 11,FINE ARTS WOODWORKING I,BRENT MANSELL,10,2027,A,4.00 pts,4.29,,38,,#N/A
10,11/5/24,2,S1,SCI601 / 32,BIOLOGY A,DONNA SCHATZ,10,2027,C+,2.54 pts,5,,38,,#N/A
10,11/5/24,3,S1,MAT522 / 13,GEOMETRY A,ROCHELLE AITON,10,2027,F,1.62 pts,4.71,,38,,Yes
10,11/5/24,3,S1,MAT522 / 13,GEOMETRY A,NINETTE LILIENTHAL,10,2027,F,1.62 pts,4.71,,38,,Yes
10,11/5/24,4,S1,PED500 / 14,WEIGHT TRAINING,SCOTT DIZMANG,10,2027,A,3.63 pts,4.86,,38,,#N/A
10,11/5/24,5,S1,ENG601 / 15,SOPH ENG/A,MARCEE SALAS,10,2027,C,2.35 pts,5.14,,38,,Yes
10,11/5/24,6,S1,SOC108 / 36,WORLD HISTORY/A,DAVE HAJEK,10,2027,D+,1.80 pts,4.71,,38,,#N/A
10,11/5/24,1,S1,VOC106 / 11,METAL MANUFACTURING & TECH I,DONALD O'BRIEN,10,2027,A-,3.43 pts,1.43,,39,,#N/A
10,11/5/24,2,S1,SOC108 / 12,WORLD HISTORY/A,DAVID HOLLINGSWORTH,10,2027,C,2.32 pts,1.43,,39,,#N/A
10,11/5/24,3,S1,MAT522 / 13,GEOMETRY A,ROCHELLE AITON,10,2027,D+,1.97 pts,1.43,,39,,Yes
10,11/5/24,3,S1,MAT522 / 13,GEOMETRY A,NINETTE LILIENTHAL,10,2027,D+,1.97 pts,1.43,,39,,Yes
10,11/5/24,4,S1,PED500 / 14,WEIGHT TRAINING,SCOTT DIZMANG,10,2027,A-,3.51 pts,1,,39,,#N/A
10,11/5/24,5,S1,ENG601 / 15,SOPH ENG/A,MARCEE SALAS,10,2027,F,1.13 pts,1.14,,39,,Yes
10,11/5/24,6,S1,SCI601 / 36,BIOLOGY A,WILLIAM BAUR,10,2027,F,1.28 pts,1,,39,,Yes
10,11/5/24,1,S1,ENG701 / 11,JUNIOR ENG/A,JOHN CARVER,11,2026,B-,2.79 pts,2.86,,40,,#N/A
10,11/5/24,2,S1,MAT701 / 12,ALGEBRA II A,JASON BLAESING,11,2026,F,1.09 pts,2.86,,40,,Yes
10,11/5/24,3,S1,PED500 / 13,WEIGHT TRAINING,SCOTT BOOTHBY,11,2026,A,3.81 pts,2.86,,40,,#N/A
10,11/5/24,4,S1,SCI503 / 34,PHYSICAL SCIENCE A,WILLIAM BAUR,11,2026,C,2.42 pts,3.43,,40,,#N/A
10,11/5/24,5,S1,SPA601 / 15,SPANISH II A,ROCHELLE AITON,11,2026,D+,1.84 pts,3.43,,40,,#N/A
10,11/5/24,6,S1,SOC701 / 16,US HISTORY/A,SCOTT BOOTHBY,11,2026,C,2.49 pts,3.43,,40,,Yes
10,11/5/24,1,S1,SOC701 / 11,US HISTORY/A,DAVE HAJEK,11,2026,C-,2.07 pts,2.86,,47,,#N/A
10,11/5/24,2,S1,SCI609 / 12,CHEMISTRY/A,GRANT MERRILL,11,2026,F,1.11 pts,2.71,,47,,Yes
10,11/5/24,3,S1,ASL503 / 13,AMERICAN SIGN LANGUAGE II/A,TAMI GRANT,11,2026,B+,3.38 pts,2,,47,,#N/A
10,11/5/24,4,S1,PED500 / 14,WEIGHT TRAINING,SCOTT DIZMANG,11,2026,A,4.00 pts,2,,47,,#N/A
10,11/5/24,5,S1,MAT701 / 35,ALGEBRA II A,JENNIFER REILLY,11,2026,B,3.18 pts,2,,47,,#N/A
10,11/5/24,6,S1,ENG701 / 16,JUNIOR ENG/A,JOHN CARVER,11,2026,B+,3.27 pts,2,,47,,#N/A
10,11/5/24,1,S1,ENG701 / 11,JUNIOR ENG/A,JOHN CARVER,11,2026,C+,2.50 pts,2.86,,41,,#N/A
10,11/5/24,2,S1,HFL116 / 12,BAKING PASTRY ARTS I,KAYLA PAYNE,11,2026,C-,2.14 pts,2.14,,41,,#N/A
10,11/5/24,3,S1,SCI503 / 33,PHYSICAL SCIENCE A,WILLIAM BAUR,11,2026,B-,2.75 pts,1,,41,,#N/A
10,11/5/24,4,S1,SOC701 / 14,US HISTORY/A,DAVE HAJEK,11,2026,D,1.69 pts,2.43,,41,,Yes
10,11/5/24,5,S1,ASL503 / 15,AMERICAN SIGN LANGUAGE II/A,TAMI GRANT,11,2026,A,3.63 pts,2,,41,,#N/A
10,11/5/24,6,S1,MAT701 / 16,ALGEBRA II A,JASON BLAESING,11,2026,D,1.75 pts,2,Jonathan,41,Active,Yes
10,11/5/24,1,S1,FAR606 / 11,ADVANCED ACTING/ A,KELLY GREGERSEN,12,2025,A,4.00 pts,1.29,,42,,#N/A
10,11/5/24,2,S1,SCI609 / 12,CHEMISTRY/A,GRANT MERRILL,12,2025,F,1.37 pts,0.57,,42,,Yes
10,11/5/24,3,S1,ENG801 / 13,SENIOR ENG/A,JOHN CARVER,12,2025,C,2.47 pts,2,,42,,#N/A
10,11/5/24,4,S1,HFL118 / 14,ADV CULINARY ARTS A,ALEXANDRA YOST,12,2025,B,2.98 pts,1.86,,42,,#N/A
10,11/5/24,5,S1,BUS301 / 15,PERSONAL FINANCE A,NICOLE SIMEK,12,2025,C,2.22 pts,1.29,,42,,#N/A
10,11/5/24,6,S1,FAR542 / 16,WIND ENSEMB/A,DAVID DUARTE,12,2025,C+,2.67 pts,1.57,,42,,#N/A
10,11/5/24,1,S1,ENG701 / 11,JUNIOR ENG/A,JOHN CARVER,11,2026,D,1.79 pts,17.14,,43,,#N/A
10,11/5/24,2,S1,SCI503 / 12,PHYSICAL SCIENCE A,JAMES BENNETT,11,2026,F,1.53 pts,15.86,,43,,#N/A
10,11/5/24,3,S1,ASL503 / 13,AMERICAN SIGN LANGUAGE II/A,TAMI GRANT,11,2026,D,1.67 pts,14.43,,43,,#N/A
10,11/5/24,4,S1,SOC701 / 14,US HISTORY/A,DAVE HAJEK,11,2026,F,1.62 pts,16.43,,43,,Yes
10,11/5/24,5,S1,SOC105 / 15,AP PSYCHOLOGY A,JIM REED,11,2026,B-,2.86 pts,14.29,,43,,#N/A
10,11/5/24,6,S1,MAT701 / 16,ALGEBRA II A,JASON BLAESING,11,2026,F,1.26 pts,15.43,,43,,Yes
10,11/5/24,1,S1,MAT522 / 11,GEOMETRY A,ROCHELLE AITON,10,2027,F,0.95 pts,9.57,John L,44,Active,Yes
10,11/5/24,1,S1,MAT522 / 11,GEOMETRY A,NINETTE LILIENTHAL,10,2027,F,0.95 pts,9.57,John L,44,Active,Yes
10,11/5/24,2,S1,HFL116 / 12,BAKING PASTRY ARTS I,KAYLA PAYNE,10,2027,C-,2.06 pts,6.14,,44,,#N/A
10,11/5/24,2,S1,SCI601 / 32,BIOLOGY A,DONNA SCHATZ,10,2027,,0.20 pts,1.86,,44,,#N/A
10,11/5/24,3,S1,HFL116 / 13,BAKING PASTRY ARTS I,KAYLA PAYNE,10,2027,,,2.57,,44,,#N/A
10,11/5/24,3,S1,SCI601 / 33,BIOLOGY A,DONNA SCHATZ,10,2027,F,0.26 pts,7.57,,44,,#N/A
10,11/5/24,4,S1,PED500 / 14,WEIGHT TRAINING,SCOTT DIZMANG,10,2027,C+,2.66 pts,12,,44,,#N/A
10,11/5/24,5,S1,ENG601 / 15,SOPH ENG/A,MARCEE SALAS,10,2027,D,1.65 pts,11.57,,44,,Yes
10,11/5/24,6,S1,SOC108 / 16,WORLD HISTORY/A,RYAN ISAACSON,10,2027,F,1.44 pts,12,,44,,#N/A
10,11/5/24,1,S1,VOC705 / 11,DIGITAL PHOTOGRAPHY I,ROSANNA RUFF,11,2026,A,3.96 pts,2.43,,45,,#N/A
10,11/5/24,2,S1,SCI609 / 12,CHEMISTRY/A,GRANT MERRILL,11,2026,F,1.12 pts,2.29,,45,,Yes
10,11/5/24,3,S1,ENG719 / 13,AP LANGUAGE/COMPOSITION A,HEATHER CARVER,11,2026,B+,3.22 pts,1.86,,45,,#N/A
10,11/5/24,4,S1,PED500 / 14,WEIGHT TRAINING,SCOTT DIZMANG,11,2026,A,3.63 pts,1.86,,45,,#N/A
10,11/5/24,5,S1,SOC703 / 15,AP US HISTORY A,RYAN ISAACSON,11,2026,A,4.00 pts,1.86,,45,,#N/A
10,11/5/24,6,S1,MAT701 / 16,ALGEBRA II A,JASON BLAESING,11,2026,C+,2.56 pts,2,,45,,Yes
8,10/22/24,3,S1,MAT522 / 13,GEOMETRY A,NINETTE LILIENTHAL,9,2028,F,1.45 pts,6.57,,419,,Yes
9,10/29/24,3,S1,MAT522 / 13,GEOMETRY A,ROCHELLE AITON,9,2028,D+,1.93 pts,6.57,,419,,Yes
9,10/29/24,3,S1,MAT522 / 13,GEOMETRY A,NINETTE LILIENTHAL,9,2028,D+,1.93 pts,6.57,,419,,Yes
10,11/5/24,3,S1,MAT522 / 13,GEOMETRY A,ROCHELLE AITON,9,2028,D+,1.93 pts,7.43,,419,,Yes
10,11/5/24,3,S1,MAT522 / 13,GEOMETRY A,NINETTE LILIENTHAL,9,2028,D+,1.93 pts,7.43,,419,,Yes
2,9/10/24,5,S1,MAT522 / 15,GEOMETRY A,BRIAN ANDERSON,9,2028,,,0,,420,,Yes
3,9/17/24,5,S1,MAT522 / 15,GEOMETRY A,BRIAN ANDERSON,9,2028,A,4.00 pts,0,,420,,Yes
4,9/24/24,5,S1,MAT522 / 15,GEOMETRY A,BRIAN ANDERSON,9,2028,B,3.05 pts,0,,420,,Yes
5,10/1/24,5,S1,MAT522 / 15,GEOMETRY A,BRIAN ANDERSON,9,2028,B,3.05 pts,0,,420,,Yes
6,10/8/24,5,S1,MAT522 / 15,GEOMETRY A,BRIAN ANDERSON,9,2028,C-,2.08 pts,0,,420,,Yes
7,10/16/24,5,S1,MAT522 / 15,GEOMETRY A,BRIAN ANDERSON,9,2028,B,3.04 pts,0,,420,,Yes
8,10/22/24,5,S1,MAT522 / 15,GEOMETRY A,BRIAN ANDERSON,9,2028,C+,2.57 pts,0,,420,,Yes
9,10/29/24,5,S1,MAT522 / 15,GEOMETRY A,BRIAN ANDERSON,9,2028,C+,2.57 pts,0,,420,,Yes
10,11/5/24,5,S1,MAT522 / 15,GEOMETRY A,BRIAN ANDERSON,9,2028,C,2.39 pts,0,,420,,Yes
2,9/10/24,5,S1,MAT522 / 15,GEOMETRY A,BRIAN ANDERSON,10,2027,,,0,,421,,Yes
2,9/10/24,6,S1,SCI601 / 16,BIOLOGY A,GRANT MERRILL,10,2027,,,0,,421,,Yes
3,9/17/24,5,S1,MAT522 / 15,GEOMETRY A,BRIAN ANDERSON,10,2027,A,4.00 pts,0,,421,,Yes
3,9/17/24,6,S1,SCI601 / 16,BIOLOGY A,GRANT MERRILL,10,2027,F,1.15 pts,0,,421,,Yes
4,9/24/24,5,S1,MAT522 / 15,GEOMETRY A,BRIAN ANDERSON,10,2027,A,3.90 pts,0,,421,,Yes
4,9/24/24,6,S1,SCI601 / 16,BIOLOGY A,GRANT MERRILL,10,2027,C-,2.05 pts,0,,421,,Yes
5,10/1/24,5,S1,MAT522 / 15,GEOMETRY A,BRIAN ANDERSON,10,2027,A,3.81 pts,0,,421,,Yes
5,10/1/24,6,S1,SCI601 / 16,BIOLOGY A,GRANT MERRILL,10,2027,C-,2.03 pts,0,,421,,Yes
6,10/8/24,5,S1,MAT522 / 15,GEOMETRY A,BRIAN ANDERSON,10,2027,A-,3.45 pts,0,,421,,Yes
6,10/8/24,6,S1,SCI601 / 16,BIOLOGY A,GRANT MERRILL,10,2027,C-,2.02 pts,0,,421,,Yes
7,10/16/24,5,S1,MAT522 / 15,GEOMETRY A,BRIAN ANDERSON,10,2027,A-,3.43 pts,0,,421,,Yes
7,10/16/24,6,S1,SCI601 / 16,BIOLOGY A,GRANT MERRILL,10,2027,C-,2.02 pts,0,,421,,Yes
8,10/22/24,5,S1,MAT522 / 15,GEOMETRY A,BRIAN ANDERSON,10,2027,B,3.19 pts,0,,421,,Yes
8,10/22/24,6,S1,SCI601 / 16,BIOLOGY A,GRANT MERRILL,10,2027,D,1.65 pts,0,,421,,Yes
9,10/29/24,5,S1,MAT522 / 15,GEOMETRY A,BRIAN ANDERSON,10,2027,B,3.19 pts,0,,421,,Yes
9,10/29/24,6,S1,SCI601 / 16,BIOLOGY A,GRANT MERRILL,10,2027,C,2.34 pts,0,,421,,Yes
10,11/5/24,5,S1,MAT522 / 15,GEOMETRY A,BRIAN ANDERSON,10,2027,B-,2.81 pts,0,,421,,Yes
10,11/5/24,6,S1,SCI601 / 16,BIOLOGY A,GRANT MERRILL,10,2027,C,2.33 pts,0,,421,,Yes
2,9/10/24,2,S1,SCI609 / 12,CHEMISTRY/A,GRANT MERRILL,12,2025,F,0.00 pts,4.86,,422,,Yes
3,9/17/24,2,S1,SCI609 / 12,CHEMISTRY/A,GRANT MERRILL,12,2025,F,0.00 pts,9.86,,422,,Yes
4,9/24/24,2,S1,SCI609 / 12,CHEMISTRY/A,GRANT MERRILL,12,2025,,0.00 pts,10.29,,422,,Yes
5,10/1/24,2,S1,SCI609 / 12,CHEMISTRY/A,GRANT MERRILL,12,2025,,0.00 pts,10.29,,422,,Yes
6,10/8/24,2,S1,SCI609 / 12,CHEMISTRY/A,GRANT MERRILL,12,2025,,0.00 pts,10.29,,422,,Yes
7,10/16/24,2,S1,SCI609 / 12,CHEMISTRY/A,GRANT MERRILL,12,2025,,0.00 pts,10.29,,422,,Yes
8,10/22/24,2,S1,SCI609 / 12,CHEMISTRY/A,GRANT MERRILL,12,2025,,0.00 pts,10.29,,422,,Yes
9,10/29/24,2,S1,SCI609 / 12,CHEMISTRY/A,GRANT MERRILL,12,2025,,0.00 pts,10.29,,422,,Yes
10,11/5/24,2,S1,SCI609 / 12,CHEMISTRY/A,GRANT MERRILL,12,2025,,0.00 pts,10.29,,422,,Yes
2,9/10/24,2,S1,SCI609 / 12,CHEMISTRY/A,GRANT MERRILL,12,2025,F,0.00 pts,2,,423,,Yes
3,9/17/24,2,S1,SCI609 / 12,CHEMISTRY/A,GRANT MERRILL,12,2025,F,1.06 pts,3,,423,,Yes
4,9/24/24,2,S1,SCI609 / 12,CHEMISTRY/A,GRANT MERRILL,12,2025,A,3.91 pts,3,,423,,Yes
5,10/1/24,2,S1,SCI609 / 12,CHEMISTRY/A,GRANT MERRILL,12,2025,A,3.91 pts,3,,423,,Yes
6,10/8/24,2,S1,SCI609 / 12,CHEMISTRY/A,GRANT MERRILL,12,2025,C,2.48 pts,3,,423,,Yes
7,10/16/24,2,S1,SCI609 / 12,CHEMISTRY/A,GRANT MERRILL,12,2025,C,2.48 pts,3,,423,,Yes
8,10/22/24,2,S1,SCI609 / 12,CHEMISTRY/A,GRANT MERRILL,12,2025,C+,2.55 pts,3,,423,,Yes
9,10/29/24,2,S1,SCI609 / 12,CHEMISTRY/A,GRANT MERRILL,12,2025,F,1.36 pts,5,,423,,Yes
10,11/5/24,2,S1,SCI609 / 12,CHEMISTRY/A,GRANT MERRILL,12,2025,F,1.36 pts,6,,423,,Yes
3,9/17/24,4,S1,MAT522 / 14,GEOMETRY A,ROCHELLE AITON,10,2027,,,0,,424,,Yes
4,9/24/24,4,S1,MAT522 / 14,GEOMETRY A,ROCHELLE AITON,10,2027,B-,2.85 pts,0,,424,,Yes
5,10/1/24,4,S1,MAT522 / 14,GEOMETRY A,ROCHELLE AITON,10,2027,B-,2.85 pts,0,,424,,Yes
6,10/8/24,4,S1,MAT522 / 14,GEOMETRY A,ROCHELLE AITON,10,2027,F,1.36 pts,0,,424,,Yes
7,10/16/24,4,S1,MAT522 / 14,GEOMETRY A,ROCHELLE AITON,10,2027,F,1.36 pts,1,,424,,Yes
8,10/22/24,4,S1,MAT522 / 14,GEOMETRY A,ROCHELLE AITON,10,2027,F,1.36 pts,1,,424,,Yes
8,10/22/24,4,S1,MAT522 / 14,GEOMETRY A,NINETTE LILIENTHAL,10,2027,F,1.36 pts,1,,424,,Yes
9,10/29/24,4,S1,MAT522 / 14,GEOMETRY A,ROCHELLE AITON,10,2027,F,1.44 pts,1,,424,,Yes
9,10/29/24,4,S1,MAT522 / 14,GEOMETRY A,NINETTE LILIENTHAL,10,2027,F,1.44 pts,1,,424,,Yes
10,11/5/24,4,S1,MAT522 / 14,GEOMETRY A,ROCHELLE AITON,10,2027,F,1.44 pts,1,,424,,Yes
10,11/5/24,4,S1,MAT522 / 14,GEOMETRY A,NINETTE LILIENTHAL,10,2027,F,1.44 pts,1,,424,,Yes
3,9/17/24,4,S1,MAT522 / 14,GEOMETRY A,ROCHELLE AITON,10,2027,,,1,,425,,Yes
4,9/24/24,4,S1,MAT522 / 14,GEOMETRY A,ROCHELLE AITON,10,2027,C-,2.05 pts,1,,425,,Yes
5,10/1/24,4,S1,MAT522 / 14,GEOMETRY A,ROCHELLE AITON,10,2027,C-,2.05 pts,1.43,,425,,Yes
6,10/8/24,4,S1,MAT522 / 14,GEOMETRY A,ROCHELLE AITON,10,2027,F,1.05 pts,1.43,,425,,Yes
7,10/16/24,4,S1,MAT522 / 14,GEOMETRY A,ROCHELLE AITON,10,2027,F,1.05 pts,1.86,,425,,Yes
8,10/22/24,4,S1,MAT522 / 14,GEOMETRY A,ROCHELLE AITON,10,2027,D+,1.95 pts,1.86,,425,,Yes
8,10/22/24,4,S1,MAT522 / 14,GEOMETRY A,NINETTE LILIENTHAL,10,2027,D+,1.95 pts,1.86,,425,,Yes
9,10/29/24,4,S1,MAT522 / 14,GEOMETRY A,ROCHELLE AITON,10,2027,F,1.63 pts,4.29,,425,,Yes
9,10/29/24,4,S1,MAT522 / 14,GEOMETRY A,NINETTE LILIENTHAL,10,2027,F,1.63 pts,4.29,,425,,Yes
10,11/5/24,4,S1,MAT522 / 14,GEOMETRY A,ROCHELLE AITON,10,2027,F,1.63 pts,4.29,,425,,Yes
10,11/5/24,4,S1,MAT522 / 14,GEOMETRY A,NINETTE LILIENTHAL,10,2027,F,1.63 pts,4.29,,425,,Yes
3,9/17/24,4,S1,SCI601 / 14,BIOLOGY A,GRANT MERRILL,12,2025,F,0.94 pts,1.43,,426,,Yes
4,9/24/24,4,S1,SCI601 / 14,BIOLOGY A,GRANT MERRILL,12,2025,A,3.65 pts,2.29,,426,,Yes
5,10/1/24,4,S1,SCI601 / 14,BIOLOGY A,GRANT MERRILL,12,2025,A,3.64 pts,3.57,,426,,Yes
6,10/8/24,4,S1,SCI601 / 14,BIOLOGY A,GRANT MERRILL,12,2025,A,3.63 pts,4.14,,426,,Yes
7,10/16/24,4,S1,SCI601 / 14,BIOLOGY A,GRANT MERRILL,12,2025,A,3.63 pts,5,,426,,Yes
8,10/22/24,4,S1,SCI601 / 14,BIOLOGY A,GRANT MERRILL,12,2025,C,2.46 pts,5.29,,426,,Yes
9,10/29/24,4,S1,SCI601 / 14,BIOLOGY A,GRANT MERRILL,12,2025,A-,3.57 pts,5.43,,426,,Yes
10,11/5/24,4,S1,SCI601 / 14,BIOLOGY A,GRANT MERRILL,12,2025,A-,3.55 pts,6.57,,426,,Yes
3,9/17/24,2,S1,MAT701 / 12,ALGEBRA II A,JASON BLAESING,11,2026,C-,2.00 pts,1.71,,427,,Yes
4,9/24/24,2,S1,MAT701 / 12,ALGEBRA II A,JASON BLAESING,11,2026,B,3.05 pts,3.86,,427,,Yes
5,10/1/24,2,S1,MAT701 / 12,ALGEBRA II A,JASON BLAESING,11,2026,B,2.90 pts,6.43,,427,,Yes
3,9/17/24,4,S1,SCI601 / 14,BIOLOGY A,GRANT MERRILL,10,2027,C+,2.69 pts,0,,428,,Yes
4,9/24/24,4,S1,SCI601 / 14,BIOLOGY A,GRANT MERRILL,10,2027,A,3.88 pts,0,,428,,Yes
5,10/1/24,4,S1,SCI601 / 14,BIOLOGY A,GRANT MERRILL,10,2027,A,3.85 pts,0,,428,,Yes
6,10/8/24,4,S1,SCI601 / 14,BIOLOGY A,GRANT MERRILL,10,2027,A,3.84 pts,0,,428,,Yes
7,10/16/24,4,S1,SCI601 / 14,BIOLOGY A,GRANT MERRILL,10,2027,A,3.84 pts,0,,428,,Yes
8,10/22/24,4,S1,SCI601 / 14,BIOLOGY A,GRANT MERRILL,10,2027,C,2.39 pts,0,,428,,Yes
9,10/29/24,4,S1,SCI601 / 14,BIOLOGY A,GRANT MERRILL,10,2027,B+,3.23 pts,0.43,,428,,Yes
10,11/5/24,4,S1,SCI601 / 14,BIOLOGY A,GRANT MERRILL,10,2027,B+,3.23 pts,0.43,,428,,Yes
3,9/17/24,4,S1,SCI601 / 14,BIOLOGY A,GRANT MERRILL,10,2027,F,1.08 pts,0,,429,,Yes
4,9/24/24,4,S1,SCI601 / 14,BIOLOGY A,GRANT MERRILL,10,2027,D+,1.96 pts,0.43,,429,,Yes
5,10/1/24,4,S1,SCI601 / 14,BIOLOGY A,GRANT MERRILL,10,2027,D+,1.99 pts,1.43,,429,,Yes
6,10/8/24,4,S1,SCI601 / 14,BIOLOGY A,GRANT MERRILL,10,2027,D+,1.99 pts,1.43,,429,,Yes
7,10/16/24,4,S1,SCI601 / 14,BIOLOGY A,GRANT MERRILL,10,2027,D+,1.99 pts,1.43,,429,,Yes
8,10/22/24,4,S1,SCI601 / 14,BIOLOGY A,GRANT MERRILL,10,2027,C,2.32 pts,1.43,,429,,Yes
9,10/29/24,4,S1,SCI601 / 14,BIOLOGY A,GRANT MERRILL,10,2027,C,2.28 pts,1.86,,429,,Yes
10,11/5/24,4,S1,SCI601 / 14,BIOLOGY A,GRANT MERRILL,10,2027,C,2.27 pts,1.86,,429,,Yes
3,9/17/24,4,S1,SOC701 / 14,US HISTORY/A,DAVE HAJEK,11,2026,F,0.00 pts,8.88,,430,,Yes
4,9/24/24,4,S1,SOC701 / 14,US HISTORY/A,DAVE HAJEK,11,2026,F,0.00 pts,11.88,,430,,Yes
3,9/17/24,4,S1,SCI601 / 14,BIOLOGY A,GRANT MERRILL,10,2027,F,1.10 pts,0,,431,,Yes
4,9/24/24,4,S1,SCI601 / 14,BIOLOGY A,GRANT MERRILL,10,2027,A,3.82 pts,1,,431,,Yes
5,10/1/24,4,S1,SCI601 / 14,BIOLOGY A,GRANT MERRILL,10,2027,A,3.83 pts,1.14,,431,,Yes
6,10/8/24,4,S1,SCI601 / 14,BIOLOGY A,GRANT MERRILL,10,2027,A,3.83 pts,1,,431,,Yes
7,10/16/24,4,S1,SCI601 / 14,BIOLOGY A,GRANT MERRILL,10,2027,A,3.86 pts,1,,431,,Yes
8,10/22/24,4,S1,SCI601 / 14,BIOLOGY A,GRANT MERRILL,10,2027,B,2.97 pts,1.86,,431,,Yes
9,10/29/24,4,S1,SCI601 / 14,BIOLOGY A,GRANT MERRILL,10,2027,B+,3.22 pts,1.86,,431,,Yes
10,11/5/24,4,S1,SCI601 / 14,BIOLOGY A,GRANT MERRILL,10,2027,B+,3.20 pts,2,,431,,Yes
3,9/17/24,4,S1,SCI601 / 14,BIOLOGY A,GRANT MERRILL,10,2027,B,3.07 pts,0,,432,,Yes
4,9/24/24,4,S1,SCI601 / 14,BIOLOGY A,GRANT MERRILL,10,2027,A,3.92 pts,0,,432,,Yes
5,10/1/24,4,S1,SCI601 / 14,BIOLOGY A,GRANT MERRILL,10,2027,A,3.92 pts,0,,432,,Yes
6,10/8/24,4,S1,SCI601 / 14,BIOLOGY A,GRANT MERRILL,10,2027,A,3.92 pts,0.71,,432,,Yes
7,10/16/24,4,S1,SCI601 / 14,BIOLOGY A,GRANT MERRILL,10,2027,A,3.92 pts,1.29,,432,,Yes
8,10/22/24,4,S1,SCI601 / 14,BIOLOGY A,GRANT MERRILL,10,2027,B-,2.72 pts,1.29,,432,,Yes
9,10/29/24,4,S1,SCI601 / 14,BIOLOGY A,GRANT MERRILL,10,2027,A,3.60 pts,1.29,,432,,Yes
10,11/5/24,4,S1,SCI601 / 14,BIOLOGY A,GRANT MERRILL,10,2027,A,3.60 pts,1.29,,432,,Yes
3,9/17/24,2,S1,ENG601 / 12,SOPH ENG/A,KELLY GREGERSEN,10,2027,D+,1.90 pts,0.14,,433,,Yes
3,9/17/24,4,S1,SCI601 / 14,BIOLOGY A,GRANT MERRILL,10,2027,F,0.93 pts,0.14,,433,,Yes
4,9/24/24,2,S1,ENG601 / 12,SOPH ENG/A,KELLY GREGERSEN,10,2027,F,1.02 pts,0.29,,433,,Yes
4,9/24/24,4,S1,SCI601 / 14,BIOLOGY A,GRANT MERRILL,10,2027,F,0.93 pts,0.29,,433,,Yes
5,10/1/24,2,S1,ENG601 / 12,SOPH ENG/A,KELLY GREGERSEN,10,2027,F,1.02 pts,0.29,,433,,Yes
5,10/1/24,4,S1,SCI601 / 14,BIOLOGY A,GRANT MERRILL,10,2027,F,0.93 pts,0.29,,433,,Yes
6,10/8/24,2,S1,ENG601 / 12,SOPH ENG/A,KELLY GREGERSEN,10,2027,F,0.56 pts,1.29,,433,,Yes
6,10/8/24,4,S1,SCI601 / 14,BIOLOGY A,GRANT MERRILL,10,2027,F,0.95 pts,1.43,,433,,Yes
7,10/16/24,2,S1,ENG601 / 12,SOPH ENG/A,KELLY GREGERSEN,10,2027,B,3.11 pts,2.14,,433,,Yes
7,10/16/24,4,S1,SCI601 / 14,BIOLOGY A,GRANT MERRILL,10,2027,F,0.95 pts,2.43,,433,,Yes
8,10/22/24,2,S1,ENG601 / 12,SOPH ENG/A,KELLY GREGERSEN,10,2027,F,1.49 pts,5.57,,433,,Yes
8,10/22/24,4,S1,SCI601 / 14,BIOLOGY A,GRANT MERRILL,10,2027,F,0.91 pts,5.86,,433,,Yes
9,10/29/24,2,S1,ENG601 / 12,SOPH ENG/A,KELLY GREGERSEN,10,2027,C,2.44 pts,5.71,,433,,Yes
9,10/29/24,4,S1,SCI601 / 14,BIOLOGY A,GRANT MERRILL,10,2027,F,0.93 pts,6.14,,433,,Yes
10,11/5/24,2,S1,ENG601 / 12,SOPH ENG/A,KELLY GREGERSEN,10,2027,C,2.44 pts,6.43,,433,,Yes
10,11/5/24,4,S1,SCI601 / 14,BIOLOGY A,GRANT MERRILL,10,2027,F,0.92 pts,6.14,,433,,Yes
3,9/17/24,4,S1,MAT522 / 14,GEOMETRY A,ROCHELLE AITON,9,2028,,,0,,434,,Yes
4,9/24/24,4,S1,MAT522 / 14,GEOMETRY A,ROCHELLE AITON,9,2028,B,3.00 pts,0,,434,,Yes
5,10/1/24,4,S1,MAT522 / 14,GEOMETRY A,ROCHELLE AITON,9,2028,B,3.00 pts,0,,434,,Yes
6,10/8/24,4,S1,MAT522 / 14,GEOMETRY A,ROCHELLE AITON,9,2028,C-,2.05 pts,0,,434,,Yes
7,10/16/24,4,S1,MAT522 / 14,GEOMETRY A,ROCHELLE AITON,9,2028,C-,2.05 pts,0,,434,,Yes
8,10/22/24,4,S1,MAT522 / 14,GEOMETRY A,ROCHELLE AITON,9,2028,C-,2.05 pts,2,,434,,Yes
8,10/22/24,4,S1,MAT522 / 14,GEOMETRY A,NINETTE LILIENTHAL,9,2028,C-,2.05 pts,2,,434,,Yes
9,10/29/24,4,S1,MAT522 / 14,GEOMETRY A,ROCHELLE AITON,9,2028,D,1.72 pts,1,,434,,Yes
9,10/29/24,4,S1,MAT522 / 14,GEOMETRY A,NINETTE LILIENTHAL,9,2028,D,1.72 pts,1,,434,,Yes
10,11/5/24,4,S1,MAT522 / 14,GEOMETRY A,ROCHELLE AITON,9,2028,C+,2.67 pts,1,,434,,Yes
10,11/5/24,4,S1,MAT522 / 14,GEOMETRY A,NINETTE LILIENTHAL,9,2028,C+,2.67 pts,1,,434,,Yes
3,9/17/24,3,S1,BUS301 / 13,PERSONAL FINANCE A,NICOLE SIMEK,11,2026,,,0,,435,,Yes
3,9/17/24,6,S1,SCI601 / 16,BIOLOGY A,GRANT MERRILL,11,2026,,,0,,435,,Yes
4,9/24/24,3,S1,BUS301 / 13,PERSONAL FINANCE A,NICOLE SIMEK,11,2026,F,0.50 pts,0,,435,,Yes
4,9/24/24,6,S1,SCI601 / 16,BIOLOGY A,GRANT MERRILL,11,2026,,0.00 pts,0.17,,435,,Yes
5,10/1/24,3,S1,BUS301 / 13,PERSONAL FINANCE A,NICOLE SIMEK,11,2026,F,0.48 pts,0,,435,,Yes
5,10/1/24,6,S1,SCI601 / 16,BIOLOGY A,GRANT MERRILL,11,2026,,0.00 pts,0.17,,435,,Yes
6,10/8/24,3,S1,BUS301 / 13,PERSONAL FINANCE A,NICOLE SIMEK,11,2026,F,0.95 pts,0,,435,,Yes
6,10/8/24,6,S1,SCI601 / 16,BIOLOGY A,GRANT MERRILL,11,2026,,0.00 pts,0.17,,435,,Yes
7,10/16/24,3,S1,BUS301 / 13,PERSONAL FINANCE A,NICOLE SIMEK,11,2026,F,0.95 pts,0,,435,,Yes
7,10/16/24,6,S1,SCI601 / 16,BIOLOGY A,GRANT MERRILL,11,2026,,0.00 pts,0.17,,435,,Yes
8,10/22/24,3,S1,BUS301 / 13,PERSONAL FINANCE A,NICOLE SIMEK,11,2026,F,0.49 pts,0.71,,435,,Yes
8,10/22/24,6,S1,SCI601 / 16,BIOLOGY A,GRANT MERRILL,11,2026,,0.00 pts,0.17,,435,,Yes
9,10/29/24,3,S1,BUS301 / 13,PERSONAL FINANCE A,NICOLE SIMEK,11,2026,F,1.61 pts,0.71,,435,,Yes
9,10/29/24,6,S1,SCI601 / 16,BIOLOGY A,GRANT MERRILL,11,2026,,0.00 pts,0.17,,435,,Yes
10,11/5/24,3,S1,BUS301 / 13,PERSONAL FINANCE A,NICOLE SIMEK,11,2026,F,1.61 pts,0.71,,435,,Yes
10,11/5/24,6,S1,SCI601 / 16,BIOLOGY A,GRANT MERRILL,11,2026,,0.00 pts,0.17,,435,,Yes
3,9/17/24,4,S1,MAT522 / 14,GEOMETRY A,ROCHELLE AITON,10,2027,,,1.29,,436,,Yes
4,9/24/24,4,S1,MAT522 / 14,GEOMETRY A,ROCHELLE AITON,10,2027,F,0.95 pts,4.43,,436,,Yes
5,10/1/24,4,S1,MAT522 / 14,GEOMETRY A,ROCHELLE AITON,10,2027,F,0.95 pts,7.71,,436,,Yes
6,10/8/24,4,S1,MAT522 / 14,GEOMETRY A,ROCHELLE AITON,10,2027,F,0.45 pts,11.43,,436,,Yes
7,10/16/24,4,S1,MAT522 / 14,GEOMETRY A,ROCHELLE AITON,10,2027,F,0.45 pts,15.43,,436,,Yes
8,10/22/24,4,S1,MAT522 / 14,GEOMETRY A,ROCHELLE AITON,10,2027,F,0.45 pts,18,,436,,Yes
8,10/22/24,4,S1,MAT522 / 14,GEOMETRY A,NINETTE LILIENTHAL,10,2027,F,0.45 pts,18,,436,,Yes
3,9/17/24,4,S1,MAT522 / 14,GEOMETRY A,ROCHELLE AITON,10,2027,,,0,,437,,Yes
4,9/24/24,4,S1,MAT522 / 14,GEOMETRY A,ROCHELLE AITON,10,2027,F,1.15 pts,2,,437,,Yes
5,10/1/24,4,S1,MAT522 / 14,GEOMETRY A,ROCHELLE AITON,10,2027,B,3.05 pts,2,,437,,Yes
6,10/8/24,4,S1,MAT522 / 14,GEOMETRY A,ROCHELLE AITON,10,2027,C-,2.00 pts,3.71,,437,,Yes
7,10/16/24,4,S1,MAT522 / 14,GEOMETRY A,ROCHELLE AITON,10,2027,C-,2.00 pts,4.43,,437,,Yes
8,10/22/24,4,S1,MAT522 / 14,GEOMETRY A,ROCHELLE AITON,10,2027,C-,2.00 pts,5.29,,437,,Yes
8,10/22/24,4,S1,MAT522 / 14,GEOMETRY A,NINETTE LILIENTHAL,10,2027,C-,2.00 pts,5.29,,437,,Yes
9,10/29/24,4,S1,MAT522 / 14,GEOMETRY A,ROCHELLE AITON,10,2027,D,1.65 pts,5.29,,437,,Yes
9,10/29/24,4,S1,MAT522 / 14,GEOMETRY A,NINETTE LILIENTHAL,10,2027,D,1.65 pts,5.29,,437,,Yes
10,11/5/24,4,S1,MAT522 / 14,GEOMETRY A,ROCHELLE AITON,10,2027,D,1.65 pts,5.71,,437,,Yes
10,11/5/24,4,S1,MAT522 / 14,GEOMETRY A,NINETTE LILIENTHAL,10,2027,D,1.65 pts,5.71,,437,,Yes
3,9/17/24,4,S1,SOC701 / 14,US HISTORY/A,DAVE HAJEK,11,2026,A,3.80 pts,0,,438,,Yes
4,9/24/24,4,S1,SOC701 / 14,US HISTORY/A,DAVE HAJEK,11,2026,F,0.31 pts,0.43,,438,,Yes
5,10/1/24,4,S1,SOC701 / 14,US HISTORY/A,DAVE HAJEK,11,2026,F,0.71 pts,0.71,,438,,Yes
6,10/8/24,4,S1,SOC701 / 14,US HISTORY/A,DAVE HAJEK,11,2026,C-,2.09 pts,0.71,,438,,Yes
7,10/16/24,4,S1,SOC701 / 14,US HISTORY/A,DAVE HAJEK,11,2026,C-,2.12 pts,0.71,,438,,Yes
8,10/22/24,4,S1,SOC701 / 14,US HISTORY/A,DAVE HAJEK,11,2026,C,2.29 pts,1.71,,438,,Yes
9,10/29/24,4,S1,SOC701 / 14,US HISTORY/A,DAVE HAJEK,11,2026,D+,1.86 pts,2.29,,438,,Yes
10,11/5/24,4,S1,SOC701 / 14,US HISTORY/A,DAVE HAJEK,11,2026,C-,2.04 pts,2.71,,438,,Yes
3,9/17/24,4,S1,SOC701 / 14,US HISTORY/A,DAVE HAJEK,11,2026,D,1.77 pts,0,,439,,Yes
4,9/24/24,4,S1,SOC701 / 14,US HISTORY/A,DAVE HAJEK,11,2026,D+,1.97 pts,1.57,,439,,Yes
5,10/1/24,4,S1,SOC701 / 14,US HISTORY/A,DAVE HAJEK,11,2026,B+,3.34 pts,2.86,,439,,Yes
6,10/8/24,4,S1,SOC701 / 14,US HISTORY/A,DAVE HAJEK,11,2026,B+,3.33 pts,3.29,,439,,Yes
7,10/16/24,4,S1,SOC701 / 14,US HISTORY/A,DAVE HAJEK,11,2026,B+,3.24 pts,4,,439,,Yes
8,10/22/24,4,S1,SOC701 / 14,US HISTORY/A,DAVE HAJEK,11,2026,B,3.13 pts,4.14,,439,,Yes
9,10/29/24,4,S1,SOC701 / 14,US HISTORY/A,DAVE HAJEK,11,2026,C+,2.54 pts,6.14,,439,,Yes
10,11/5/24,4,S1,SOC701 / 14,US HISTORY/A,DAVE HAJEK,11,2026,B,3.12 pts,6.14,,439,,Yes
3,9/17/24,4,S1,MAT522 / 14,GEOMETRY A,ROCHELLE AITON,10,2027,,,0,,440,,Yes
4,9/24/24,4,S1,MAT522 / 14,GEOMETRY A,ROCHELLE AITON,10,2027,A,4.00 pts,0,,440,,Yes
5,10/1/24,4,S1,MAT522 / 14,GEOMETRY A,ROCHELLE AITON,10,2027,A,4.00 pts,0,,440,,Yes
6,10/8/24,4,S1,MAT522 / 14,GEOMETRY A,ROCHELLE AITON,10,2027,A-,3.50 pts,0,,440,,Yes
7,10/16/24,4,S1,MAT522 / 14,GEOMETRY A,ROCHELLE AITON,10,2027,A-,3.50 pts,0,,440,,Yes
8,10/22/24,4,S1,MAT522 / 14,GEOMETRY A,ROCHELLE AITON,10,2027,A-,3.50 pts,0,,440,,Yes
8,10/22/24,4,S1,MAT522 / 14,GEOMETRY A,NINETTE LILIENTHAL,10,2027,A-,3.50 pts,0,,440,,Yes
9,10/29/24,4,S1,MAT522 / 14,GEOMETRY A,ROCHELLE AITON,10,2027,B-,2.70 pts,0,,440,,Yes
9,10/29/24,4,S1,MAT522 / 14,GEOMETRY A,NINETTE LILIENTHAL,10,2027,B-,2.70 pts,0,,440,,Yes
10,11/5/24,4,S1,MAT522 / 14,GEOMETRY A,ROCHELLE AITON,10,2027,B-,2.70 pts,0,,440,,Yes
10,11/5/24,4,S1,MAT522 / 14,GEOMETRY A,NINETTE LILIENTHAL,10,2027,B-,2.70 pts,0,,440,,Yes
3,9/17/24,4,S1,SCI601 / 14,BIOLOGY A,GRANT MERRILL,10,2027,F,1.11 pts,0.14,,441,,Yes
4,9/24/24,4,S1,SCI601 / 14,BIOLOGY A,GRANT MERRILL,10,2027,F,1.11 pts,0.14,,441,,Yes
5,10/1/24,4,S1,SCI601 / 14,BIOLOGY A,GRANT MERRILL,10,2027,D+,1.99 pts,0.14,,441,,Yes
6,10/8/24,4,S1,SCI601 / 14,BIOLOGY A,GRANT MERRILL,10,2027,D+,1.97 pts,0.43,,441,,Yes
7,10/16/24,4,S1,SCI601 / 14,BIOLOGY A,GRANT MERRILL,10,2027,D+,1.98 pts,0.43,,441,,Yes
8,10/22/24,4,S1,SCI601 / 14,BIOLOGY A,GRANT MERRILL,10,2027,F,1.15 pts,0.43,,441,,Yes
9,10/29/24,4,S1,SCI601 / 14,BIOLOGY A,GRANT MERRILL,10,2027,C,2.27 pts,0.43,,441,,Yes
10,11/5/24,4,S1,SCI601 / 14,BIOLOGY A,GRANT MERRILL,10,2027,C,2.26 pts,0.57,,441,,Yes
3,9/17/24,4,S1,SCI601 / 14,BIOLOGY A,GRANT MERRILL,10,2027,F,1.22 pts,0,,442,,Yes
4,9/24/24,4,S1,SCI601 / 14,BIOLOGY A,GRANT MERRILL,10,2027,A,3.93 pts,1,,442,,Yes
5,10/1/24,4,S1,SCI601 / 14,BIOLOGY A,GRANT MERRILL,10,2027,A,3.92 pts,1,,442,,Yes
6,10/8/24,4,S1,SCI601 / 14,BIOLOGY A,GRANT MERRILL,10,2027,A,3.91 pts,1,,442,,Yes
7,10/16/24,4,S1,SCI601 / 14,BIOLOGY A,GRANT MERRILL,10,2027,A,3.90 pts,1,,442,,Yes
8,10/22/24,4,S1,SCI601 / 14,BIOLOGY A,GRANT MERRILL,10,2027,D+,1.89 pts,1,,442,,Yes
9,10/29/24,4,S1,SCI601 / 14,BIOLOGY A,GRANT MERRILL,10,2027,B+,3.31 pts,1,,442,,Yes
10,11/5/24,4,S1,SCI601 / 14,BIOLOGY A,GRANT MERRILL,10,2027,B+,3.30 pts,1,,442,,Yes
3,9/17/24,4,S1,MAT522 / 14,GEOMETRY A,ROCHELLE AITON,10,2027,,,0,,443,,Yes
4,9/24/24,4,S1,MAT522 / 14,GEOMETRY A,ROCHELLE AITON,10,2027,C-,2.05 pts,0,,443,,Yes
5,10/1/24,4,S1,MAT522 / 14,GEOMETRY A,ROCHELLE AITON,10,2027,C-,2.05 pts,0,,443,,Yes
6,10/8/24,4,S1,MAT522 / 14,GEOMETRY A,ROCHELLE AITON,10,2027,C+,2.55 pts,0,,443,,Yes
7,10/16/24,4,S1,MAT522 / 14,GEOMETRY A,ROCHELLE AITON,10,2027,C+,2.55 pts,0,,443,,Yes
8,10/22/24,4,S1,MAT522 / 14,GEOMETRY A,ROCHELLE AITON,10,2027,C+,2.55 pts,1,,443,,Yes
8,10/22/24,4,S1,MAT522 / 14,GEOMETRY A,NINETTE LILIENTHAL,10,2027,C+,2.55 pts,1,,443,,Yes
9,10/29/24,4,S1,MAT522 / 14,GEOMETRY A,ROCHELLE AITON,10,2027,C,2.32 pts,1,,443,,Yes
9,10/29/24,4,S1,MAT522 / 14,GEOMETRY A,NINETTE LILIENTHAL,10,2027,C,2.32 pts,1,,443,,Yes
10,11/5/24,4,S1,MAT522 / 14,GEOMETRY A,ROCHELLE AITON,10,2027,C,2.32 pts,1,,443,,Yes
10,11/5/24,4,S1,MAT522 / 14,GEOMETRY A,NINETTE LILIENTHAL,10,2027,C,2.32 pts,1,,443,,Yes
3,9/17/24,4,S1,MAT522 / 14,GEOMETRY A,ROCHELLE AITON,10,2027,,,0,,444,,Yes
4,9/24/24,4,S1,MAT522 / 14,GEOMETRY A,ROCHELLE AITON,10,2027,A,3.95 pts,0,,444,,Yes
5,10/1/24,4,S1,MAT522 / 14,GEOMETRY A,ROCHELLE AITON,10,2027,A,3.95 pts,0,,444,,Yes
6,10/8/24,4,S1,MAT522 / 14,GEOMETRY A,ROCHELLE AITON,10,2027,B,3.00 pts,0,,444,,Yes
7,10/16/24,4,S1,MAT522 / 14,GEOMETRY A,ROCHELLE AITON,10,2027,B,3.00 pts,0,,444,,Yes
8,10/22/24,4,S1,MAT522 / 14,GEOMETRY A,ROCHELLE AITON,10,2027,A-,3.45 pts,0,,444,,Yes
8,10/22/24,4,S1,MAT522 / 14,GEOMETRY A,NINETTE LILIENTHAL,10,2027,A-,3.45 pts,0,,444,,Yes
9,10/29/24,4,S1,MAT522 / 14,GEOMETRY A,ROCHELLE AITON,10,2027,A,3.63 pts,1.43,,444,,Yes
9,10/29/24,4,S1,MAT522 / 14,GEOMETRY A,NINETTE LILIENTHAL,10,2027,A,3.63 pts,1.43,,444,,Yes
10,11/5/24,4,S1,MAT522 / 14,GEOMETRY A,ROCHELLE AITON,10,2027,A,3.63 pts,2.14,,444,,Yes
10,11/5/24,4,S1,MAT522 / 14,GEOMETRY A,NINETTE LILIENTHAL,10,2027,A,3.63 pts,2.14,,444,,Yes
3,9/17/24,4,S1,SCI601 / 14,BIOLOGY A,GRANT MERRILL,10,2027,B+,3.26 pts,0.71,,445,,Yes
4,9/24/24,4,S1,SCI601 / 14,BIOLOGY A,GRANT MERRILL,10,2027,B,3.02 pts,0.71,,445,,Yes
5,10/1/24,4,S1,SCI601 / 14,BIOLOGY A,GRANT MERRILL,10,2027,B,3.00 pts,0.71,,445,,Yes
6,10/8/24,4,S1,SCI601 / 14,BIOLOGY A,GRANT MERRILL,10,2027,B,2.99 pts,0.71,,445,,Yes
7,10/16/24,4,S1,SCI601 / 14,BIOLOGY A,GRANT MERRILL,10,2027,B,2.98 pts,0.71,,445,,Yes
8,10/22/24,4,S1,SCI601 / 14,BIOLOGY A,GRANT MERRILL,10,2027,C,2.45 pts,0.71,,445,,Yes
9,10/29/24,4,S1,SCI601 / 14,BIOLOGY A,GRANT MERRILL,10,2027,B,2.99 pts,0.71,,445,,Yes
10,11/5/24,4,S1,SCI601 / 14,BIOLOGY A,GRANT MERRILL,10,2027,B,2.99 pts,2.43,,445,,Yes
3,9/17/24,4,S1,MAT522 / 14,GEOMETRY A,ROCHELLE AITON,10,2027,,,2.71,,446,,Yes
4,9/24/24,4,S1,MAT522 / 14,GEOMETRY A,ROCHELLE AITON,10,2027,F,0.95 pts,2.71,,446,,Yes
5,10/1/24,4,S1,MAT522 / 14,GEOMETRY A,ROCHELLE AITON,10,2027,F,0.95 pts,2.71,,446,,Yes
6,10/8/24,4,S1,MAT522 / 14,GEOMETRY A,ROCHELLE AITON,10,2027,F,0.45 pts,3.86,,446,,Yes
7,10/16/24,4,S1,MAT522 / 14,GEOMETRY A,ROCHELLE AITON,10,2027,F,0.45 pts,4.43,,446,,Yes
8,10/22/24,4,S1,MAT522 / 14,GEOMETRY A,ROCHELLE AITON,10,2027,F,0.90 pts,5.43,,446,,Yes
8,10/22/24,4,S1,MAT522 / 14,GEOMETRY A,NINETTE LILIENTHAL,10,2027,F,0.90 pts,5.43,,446,,Yes
9,10/29/24,4,S1,MAT522 / 14,GEOMETRY A,ROCHELLE AITON,10,2027,F,0.95 pts,6.43,,446,,Yes
9,10/29/24,4,S1,MAT522 / 14,GEOMETRY A,NINETTE LILIENTHAL,10,2027,F,0.95 pts,6.43,,446,,Yes
10,11/5/24,4,S1,MAT522 / 14,GEOMETRY A,ROCHELLE AITON,10,2027,F,0.95 pts,7.29,,446,,Yes
10,11/5/24,4,S1,MAT522 / 14,GEOMETRY A,NINETTE LILIENTHAL,10,2027,F,0.95 pts,7.29,,446,,Yes
3,9/17/24,4,S1,MAT522 / 14,GEOMETRY A,ROCHELLE AITON,10,2027,,,10.29,,447,,Yes
4,9/24/24,4,S1,MAT522 / 14,GEOMETRY A,ROCHELLE AITON,10,2027,F,0.00 pts,7.86,,447,,Yes
5,10/1/24,4,S1,MAT522 / 14,GEOMETRY A,ROCHELLE AITON,10,2027,F,0.00 pts,9.43,,447,,Yes
6,10/8/24,4,S1,MAT522 / 14,GEOMETRY A,ROCHELLE AITON,10,2027,F,0.00 pts,11.43,,447,,Yes
7,10/16/24,4,S1,MAT522 / 14,GEOMETRY A,ROCHELLE AITON,10,2027,F,0.00 pts,15,,447,,Yes
8,10/22/24,4,S1,MAT522 / 14,GEOMETRY A,ROCHELLE AITON,10,2027,F,0.00 pts,17.86,,447,,Yes
8,10/22/24,4,S1,MAT522 / 14,GEOMETRY A,NINETTE LILIENTHAL,10,2027,F,0.00 pts,17.86,,447,,Yes
9,10/29/24,4,S1,MAT522 / 14,GEOMETRY A,ROCHELLE AITON,10,2027,F,0.00 pts,18.86,,447,,Yes
9,10/29/24,4,S1,MAT522 / 14,GEOMETRY A,NINETTE LILIENTHAL,10,2027,F,0.00 pts,18.86,,447,,Yes
10,11/5/24,4,S1,MAT522 / 14,GEOMETRY A,ROCHELLE AITON,10,2027,F,0.00 pts,20.71,,447,,Yes
10,11/5/24,4,S1,MAT522 / 14,GEOMETRY A,NINETTE LILIENTHAL,10,2027,F,0.00 pts,20.71,,447,,Yes
3,9/17/24,4,S1,SCI601 / 14,BIOLOGY A,GRANT MERRILL,10,2027,F,1.08 pts,2,,448,,Yes
4,9/24/24,4,S1,SCI601 / 14,BIOLOGY A,GRANT MERRILL,10,2027,F,1.09 pts,2,,448,,Yes
5,10/1/24,4,S1,SCI601 / 14,BIOLOGY A,GRANT MERRILL,10,2027,D+,1.98 pts,2,,448,,Yes
6,10/8/24,4,S1,SCI601 / 14,BIOLOGY A,GRANT MERRILL,10,2027,D+,1.99 pts,2,,448,,Yes
7,10/16/24,4,S1,SCI601 / 14,BIOLOGY A,GRANT MERRILL,10,2027,C-,2.00 pts,3,,448,,Yes
8,10/22/24,4,S1,SCI601 / 14,BIOLOGY A,GRANT MERRILL,10,2027,F,1.18 pts,5.43,,448,,Yes
9,10/29/24,4,S1,SCI601 / 14,BIOLOGY A,GRANT MERRILL,10,2027,C-,2.00 pts,5.43,,448,,Yes
10,11/5/24,4,S1,SCI601 / 14,BIOLOGY A,GRANT MERRILL,10,2027,C-,2.01 pts,5.43,,448,,Yes
3,9/17/24,4,S1,SOC701 / 14,US HISTORY/A,DAVE HAJEK,11,2026,B,2.93 pts,0,,449,,Yes
4,9/24/24,4,S1,SOC701 / 14,US HISTORY/A,DAVE HAJEK,11,2026,C-,2.08 pts,2,,449,,Yes
5,10/1/24,4,S1,SOC701 / 14,US HISTORY/A,DAVE HAJEK,11,2026,C-,2.10 pts,2,,449,,Yes
6,10/8/24,4,S1,SOC701 / 14,US HISTORY/A,DAVE HAJEK,11,2026,C-,2.11 pts,2,,449,,Yes
7,10/16/24,4,S1,SOC701 / 14,US HISTORY/A,DAVE HAJEK,11,2026,C-,2.04 pts,2.33,,449,,Yes
8,10/22/24,4,S1,SOC701 / 14,US HISTORY/A,DAVE HAJEK,11,2026,F,1.59 pts,2.67,,449,,Yes
9,10/29/24,4,S1,SOC701 / 14,US HISTORY/A,DAVE HAJEK,11,2026,F,1.29 pts,2.67,,449,,Yes
10,11/5/24,4,S1,SOC701 / 14,US HISTORY/A,DAVE HAJEK,11,2026,F,1.29 pts,3.67,,449,,Yes
3,9/17/24,4,S1,MAT522 / 14,GEOMETRY A,ROCHELLE AITON,9,2028,,,0,,450,,Yes
4,9/24/24,4,S1,MAT522 / 14,GEOMETRY A,ROCHELLE AITON,9,2028,C-,2.10 pts,0,,450,,Yes
5,10/1/24,4,S1,MAT522 / 14,GEOMETRY A,ROCHELLE AITON,9,2028,C-,2.10 pts,0,,450,,Yes
6,10/8/24,4,S1,MAT522 / 14,GEOMETRY A,ROCHELLE AITON,9,2028,C,2.45 pts,0,,450,,Yes
7,10/16/24,4,S1,MAT522 / 14,GEOMETRY A,ROCHELLE AITON,9,2028,C,2.45 pts,0,,450,,Yes
8,10/22/24,4,S1,MAT522 / 14,GEOMETRY A,ROCHELLE AITON,9,2028,C,2.45 pts,0,,450,,Yes
8,10/22/24,4,S1,MAT522 / 14,GEOMETRY A,NINETTE LILIENTHAL,9,2028,C,2.45 pts,0,,450,,Yes
9,10/29/24,4,S1,MAT522 / 14,GEOMETRY A,ROCHELLE AITON,9,2028,C,2.33 pts,0,,450,,Yes
9,10/29/24,4,S1,MAT522 / 14,GEOMETRY A,NINETTE LILIENTHAL,9,2028,C,2.33 pts,0,,450,,Yes
10,11/5/24,4,S1,MAT522 / 14,GEOMETRY A,ROCHELLE AITON,9,2028,C,2.33 pts,0,,450,,Yes
10,11/5/24,4,S1,MAT522 / 14,GEOMETRY A,NINETTE LILIENTHAL,9,2028,C,2.33 pts,0,,450,,Yes
3,9/17/24,4,S1,SOC701 / 14,US HISTORY/A,DAVE HAJEK,11,2026,C,2.40 pts,2.86,,451,,Yes
4,9/24/24,4,S1,SOC701 / 14,US HISTORY/A,DAVE HAJEK,11,2026,F,0.13 pts,3.71,,451,,Yes
5,10/1/24,4,S1,SOC701 / 14,US HISTORY/A,DAVE HAJEK,11,2026,F,0.14 pts,5.43,,451,,Yes
6,10/8/24,4,S1,SOC701 / 14,US HISTORY/A,DAVE HAJEK,11,2026,F,0.19 pts,6.43,,451,,Yes
7,10/16/24,4,S1,SOC701 / 14,US HISTORY/A,DAVE HAJEK,11,2026,F,0.28 pts,8,,451,,Yes
8,10/22/24,4,S1,SOC701 / 14,US HISTORY/A,DAVE HAJEK,11,2026,F,1.08 pts,8,,451,,Yes
9,10/29/24,4,S1,SOC701 / 14,US HISTORY/A,DAVE HAJEK,11,2026,F,0.88 pts,8,,451,,Yes
10,11/5/24,4,S1,SOC701 / 14,US HISTORY/A,DAVE HAJEK,11,2026,F,0.87 pts,8,,451,,Yes
3,9/17/24,4,S1,MAT522 / 14,GEOMETRY A,ROCHELLE AITON,10,2027,,,0,,452,,Yes
4,9/24/24,4,S1,MAT522 / 14,GEOMETRY A,ROCHELLE AITON,10,2027,C-,2.10 pts,0,,452,,Yes
5,10/1/24,4,S1,MAT522 / 14,GEOMETRY A,ROCHELLE AITON,10,2027,A,4.00 pts,0,,452,,Yes
6,10/8/24,4,S1,MAT522 / 14,GEOMETRY A,ROCHELLE AITON,10,2027,B,3.05 pts,0,,452,,Yes
7,10/16/24,4,S1,MAT522 / 14,GEOMETRY A,ROCHELLE AITON,10,2027,A,3.95 pts,0,,452,,Yes
8,10/22/24,4,S1,MAT522 / 14,GEOMETRY A,ROCHELLE AITON,10,2027,A,3.95 pts,0,,452,,Yes
8,10/22/24,4,S1,MAT522 / 14,GEOMETRY A,NINETTE LILIENTHAL,10,2027,A,3.95 pts,0,,452,,Yes
9,10/29/24,4,S1,MAT522 / 14,GEOMETRY A,ROCHELLE AITON,10,2027,A,3.92 pts,0,,452,,Yes
9,10/29/24,4,S1,MAT522 / 14,GEOMETRY A,NINETTE LILIENTHAL,10,2027,A,3.92 pts,0,,452,,Yes
10,11/5/24,4,S1,MAT522 / 14,GEOMETRY A,ROCHELLE AITON,10,2027,A,3.92 pts,0,,452,,Yes
10,11/5/24,4,S1,MAT522 / 14,GEOMETRY A,NINETTE LILIENTHAL,10,2027,A,3.92 pts,0,,452,,Yes
3,9/17/24,4,S1,SCI601 / 14,BIOLOGY A,GRANT MERRILL,10,2027,F,1.18 pts,0,,453,,Yes
4,9/24/24,4,S1,SCI601 / 14,BIOLOGY A,GRANT MERRILL,10,2027,C-,2.07 pts,0,,453,,Yes
5,10/1/24,4,S1,SCI601 / 14,BIOLOGY A,GRANT MERRILL,10,2027,C-,2.05 pts,0,,453,,Yes
6,10/8/24,4,S1,SCI601 / 14,BIOLOGY A,GRANT MERRILL,10,2027,C-,2.04 pts,0,,453,,Yes
7,10/16/24,4,S1,SCI601 / 14,BIOLOGY A,GRANT MERRILL,10,2027,C-,2.05 pts,0,,453,,Yes
8,10/22/24,4,S1,SCI601 / 14,BIOLOGY A,GRANT MERRILL,10,2027,F,1.51 pts,0,,453,,Yes
9,10/29/24,4,S1,SCI601 / 14,BIOLOGY A,GRANT MERRILL,10,2027,C-,2.04 pts,0,,453,,Yes
10,11/5/24,4,S1,SCI601 / 14,BIOLOGY A,GRANT MERRILL,10,2027,C-,2.05 pts,0,,453,,Yes
3,9/17/24,4,S1,MAT522 / 14,GEOMETRY A,ROCHELLE AITON,10,2027,,,0,,454,,Yes
4,9/24/24,4,S1,MAT522 / 14,GEOMETRY A,ROCHELLE AITON,10,2027,A,4.00 pts,0,,454,,Yes
5,10/1/24,4,S1,MAT522 / 14,GEOMETRY A,ROCHELLE AITON,10,2027,A,4.00 pts,0,,454,,Yes
6,10/8/24,4,S1,MAT522 / 14,GEOMETRY A,ROCHELLE AITON,10,2027,B,2.90 pts,0.57,,454,,Yes
7,10/16/24,4,S1,MAT522 / 14,GEOMETRY A,ROCHELLE AITON,10,2027,B,2.90 pts,0.57,,454,,Yes
8,10/22/24,4,S1,MAT522 / 14,GEOMETRY A,ROCHELLE AITON,10,2027,B,2.90 pts,0.57,,454,,Yes
8,10/22/24,4,S1,MAT522 / 14,GEOMETRY A,NINETTE LILIENTHAL,10,2027,B,2.90 pts,0.57,,454,,Yes
9,10/29/24,4,S1,MAT522 / 14,GEOMETRY A,ROCHELLE AITON,10,2027,C+,2.63 pts,0.57,,454,,Yes
9,10/29/24,4,S1,MAT522 / 14,GEOMETRY A,NINETTE LILIENTHAL,10,2027,C+,2.63 pts,0.57,,454,,Yes
10,11/5/24,4,S1,MAT522 / 14,GEOMETRY A,ROCHELLE AITON,10,2027,C+,2.63 pts,0.57,,454,,Yes
10,11/5/24,4,S1,MAT522 / 14,GEOMETRY A,NINETTE LILIENTHAL,10,2027,C+,2.63 pts,0.57,,454,,Yes
3,9/17/24,4,S1,SCI601 / 14,BIOLOGY A,GRANT MERRILL,10,2027,D,1.75 pts,0,,455,,Yes
4,9/24/24,4,S1,SCI601 / 14,BIOLOGY A,GRANT MERRILL,10,2027,D+,1.97 pts,0.86,,455,,Yes
5,10/1/24,4,S1,SCI601 / 14,BIOLOGY A,GRANT MERRILL,10,2027,D+,1.96 pts,0.86,,455,,Yes
6,10/8/24,4,S1,SCI601 / 14,BIOLOGY A,GRANT MERRILL,10,2027,D+,1.96 pts,0.86,,455,,Yes
7,10/16/24,4,S1,SCI601 / 14,BIOLOGY A,GRANT MERRILL,10,2027,D+,1.96 pts,0.86,,455,,Yes
8,10/22/24,4,S1,SCI601 / 14,BIOLOGY A,GRANT MERRILL,10,2027,D,1.76 pts,0.86,,455,,Yes
9,10/29/24,4,S1,SCI601 / 14,BIOLOGY A,GRANT MERRILL,10,2027,C,2.32 pts,0.86,,455,,Yes
10,11/5/24,4,S1,SCI601 / 14,BIOLOGY A,GRANT MERRILL,10,2027,C,2.32 pts,1,,455,,Yes
3,9/17/24,4,S1,SCI601 / 14,BIOLOGY A,GRANT MERRILL,10,2027,F,1.06 pts,1.14,,456,,Yes
4,9/24/24,4,S1,SCI601 / 14,BIOLOGY A,GRANT MERRILL,10,2027,D+,1.96 pts,2.57,,456,,Yes
5,10/1/24,4,S1,SCI601 / 14,BIOLOGY A,GRANT MERRILL,10,2027,D+,1.96 pts,3,,456,,Yes
6,10/8/24,4,S1,SCI601 / 14,BIOLOGY A,GRANT MERRILL,10,2027,D+,1.95 pts,4.43,,456,,Yes
7,10/16/24,4,S1,SCI601 / 14,BIOLOGY A,GRANT MERRILL,10,2027,D+,1.94 pts,6.57,,456,,Yes
8,10/22/24,4,S1,SCI601 / 14,BIOLOGY A,GRANT MERRILL,10,2027,F,0.70 pts,8.14,,456,,Yes
9,10/29/24,4,S1,SCI601 / 14,BIOLOGY A,GRANT MERRILL,10,2027,F,1.34 pts,10.14,,456,,Yes
10,11/5/24,4,S1,SCI601 / 14,BIOLOGY A,GRANT MERRILL,10,2027,F,1.33 pts,10.29,,456,,Yes
3,9/17/24,4,S1,SCI601 / 14,BIOLOGY A,GRANT MERRILL,10,2027,F,0.00 pts,7,,457,,Yes
4,9/24/24,4,S1,SCI601 / 14,BIOLOGY A,GRANT MERRILL,10,2027,F,0.00 pts,11.43,,457,,Yes
5,10/1/24,4,S1,SCI601 / 14,BIOLOGY A,GRANT MERRILL,10,2027,F,0.00 pts,15.86,,457,,Yes
6,10/8/24,4,S1,SCI601 / 14,BIOLOGY A,GRANT MERRILL,10,2027,F,0.00 pts,20.86,,457,,Yes
7,10/16/24,4,S1,SCI601 / 14,BIOLOGY A,GRANT MERRILL,10,2027,F,0.00 pts,25.86,,457,,Yes
8,10/22/24,4,S1,SCI601 / 14,BIOLOGY A,GRANT MERRILL,10,2027,F,0.00 pts,29.14,,457,,Yes
9,10/29/24,4,S1,SCI601 / 14,BIOLOGY A,GRANT MERRILL,10,2027,F,0.00 pts,34.43,,457,,Yes
10,11/5/24,4,S1,SCI601 / 14,BIOLOGY A,GRANT MERRILL,10,2027,F,0.00 pts,33.71,,457,,Yes
3,9/17/24,4,S1,MAT522 / 14,GEOMETRY A,ROCHELLE AITON,10,2027,,,0,,458,,Yes
4,9/24/24,4,S1,MAT522 / 14,GEOMETRY A,ROCHELLE AITON,10,2027,B,3.00 pts,0,,458,,Yes
5,10/1/24,4,S1,MAT522 / 14,GEOMETRY A,ROCHELLE AITON,10,2027,B,3.00 pts,0,,458,,Yes
6,10/8/24,4,S1,MAT522 / 14,GEOMETRY A,ROCHELLE AITON,10,2027,C,2.45 pts,0,,458,,Yes
7,10/16/24,4,S1,MAT522 / 14,GEOMETRY A,ROCHELLE AITON,10,2027,C,2.45 pts,0,,458,,Yes
8,10/22/24,4,S1,MAT522 / 14,GEOMETRY A,ROCHELLE AITON,10,2027,C,2.45 pts,0,,458,,Yes
8,10/22/24,4,S1,MAT522 / 14,GEOMETRY A,NINETTE LILIENTHAL,10,2027,C,2.45 pts,0,,458,,Yes
9,10/29/24,4,S1,MAT522 / 14,GEOMETRY A,ROCHELLE AITON,10,2027,D+,1.97 pts,0,,458,,Yes
9,10/29/24,4,S1,MAT522 / 14,GEOMETRY A,NINETTE LILIENTHAL,10,2027,D+,1.97 pts,0,,458,,Yes
10,11/5/24,4,S1,MAT522 / 14,GEOMETRY A,ROCHELLE AITON,10,2027,C+,2.60 pts,0,,458,,Yes
10,11/5/24,4,S1,MAT522 / 14,GEOMETRY A,NINETTE LILIENTHAL,10,2027,C+,2.60 pts,0,,458,,Yes
3,9/17/24,4,S1,SOC701 / 14,US HISTORY/A,DAVE HAJEK,11,2026,A,3.83 pts,0,,459,,Yes
4,9/24/24,4,S1,SOC701 / 14,US HISTORY/A,DAVE HAJEK,11,2026,A,3.98 pts,0,,459,,Yes
5,10/1/24,4,S1,SOC701 / 14,US HISTORY/A,DAVE HAJEK,11,2026,A,3.97 pts,0.43,,459,,Yes
6,10/8/24,4,S1,SOC701 / 14,US HISTORY/A,DAVE HAJEK,11,2026,A,3.96 pts,0.43,,459,,Yes
7,10/16/24,4,S1,SOC701 / 14,US HISTORY/A,DAVE HAJEK,11,2026,A,3.88 pts,0.43,,459,,Yes
8,10/22/24,4,S1,SOC701 / 14,US HISTORY/A,DAVE HAJEK,11,2026,A,3.95 pts,0.43,,459,,Yes
9,10/29/24,4,S1,SOC701 / 14,US HISTORY/A,DAVE HAJEK,11,2026,A,3.77 pts,0.43,,459,,Yes
10,11/5/24,4,S1,SOC701 / 14,US HISTORY/A,DAVE HAJEK,11,2026,A,3.79 pts,0.43,,459,,Yes
3,9/17/24,4,S1,MAT522 / 14,GEOMETRY A,ROCHELLE AITON,10,2027,,,0,,460,,Yes
4,9/24/24,4,S1,MAT522 / 14,GEOMETRY A,ROCHELLE AITON,10,2027,B,2.90 pts,0,,460,,Yes
5,10/1/24,4,S1,MAT522 / 14,GEOMETRY A,ROCHELLE AITON,10,2027,B,2.90 pts,0,,460,,Yes
6,10/8/24,4,S1,MAT522 / 14,GEOMETRY A,ROCHELLE AITON,10,2027,B+,3.26 pts,0,,460,,Yes
7,10/16/24,4,S1,MAT522 / 14,GEOMETRY A,ROCHELLE AITON,10,2027,D+,1.90 pts,0,,460,,Yes
8,10/22/24,4,S1,MAT522 / 14,GEOMETRY A,ROCHELLE AITON,10,2027,D+,1.90 pts,0,,460,,Yes
8,10/22/24,4,S1,MAT522 / 14,GEOMETRY A,NINETTE LILIENTHAL,10,2027,D+,1.90 pts,0,,460,,Yes
9,10/29/24,4,S1,MAT522 / 14,GEOMETRY A,ROCHELLE AITON,10,2027,C+,2.62 pts,0,,460,,Yes
9,10/29/24,4,S1,MAT522 / 14,GEOMETRY A,NINETTE LILIENTHAL,10,2027,C+,2.62 pts,0,,460,,Yes
10,11/5/24,4,S1,MAT522 / 14,GEOMETRY A,ROCHELLE AITON,10,2027,C+,2.62 pts,0,,460,,Yes
10,11/5/24,4,S1,MAT522 / 14,GEOMETRY A,NINETTE LILIENTHAL,10,2027,C+,2.62 pts,0,,460,,Yes
4,9/24/24,6,S1,ENG501 / 16,FR ENGLISH/A,DAVID HOLLINGSWORTH,9,2028,,,0,,461,,Yes
5,10/1/24,6,S1,ENG501 / 16,FR ENGLISH/A,DAVID HOLLINGSWORTH,9,2028,D+,1.90 pts,1.43,,461,,Yes
6,10/8/24,6,S1,ENG501 / 16,FR ENGLISH/A,DAVID HOLLINGSWORTH,9,2028,D+,1.90 pts,1.71,,461,,Yes
7,10/16/24,6,S1,ENG501 / 16,FR ENGLISH/A,DAVID HOLLINGSWORTH,9,2028,F,0.95 pts,1.71,,461,,Yes
8,10/22/24,6,S1,ENG501 / 16,FR ENGLISH/A,DAVID HOLLINGSWORTH,9,2028,C+,2.50 pts,2.43,,461,,Yes
9,10/29/24,6,S1,ENG501 / 16,FR ENGLISH/A,DAVID HOLLINGSWORTH,9,2028,D+,1.98 pts,3.43,,461,,Yes
10,11/5/24,6,S1,ENG501 / 16,FR ENGLISH/A,DAVID HOLLINGSWORTH,9,2028,C-,2.15 pts,4.29,,461,,Yes
6,10/8/24,6,S1,SCI601 / 36,BIOLOGY A,WILLIAM BAUR,10,2027,,,0,,462,,Yes
7,10/16/24,6,S1,SCI601 / 36,BIOLOGY A,WILLIAM BAUR,10,2027,A,4.00 pts,0,,462,,Yes
8,10/22/24,6,S1,SCI601 / 36,BIOLOGY A,WILLIAM BAUR,10,2027,A,4.00 pts,1,,462,,Yes
9,10/29/24,6,S1,SCI601 / 36,BIOLOGY A,WILLIAM BAUR,10,2027,A,3.67 pts,1.14,,462,,Yes
10,11/5/24,6,S1,SCI601 / 36,BIOLOGY A,WILLIAM BAUR,10,2027,A,3.67 pts,1.14,,462,,Yes
8,10/22/24,2,S1,MAT522 / 12,GEOMETRY A,ROCHELLE AITON,10,2027,,,0.71,,463,,Yes
8,10/22/24,2,S1,MAT522 / 12,GEOMETRY A,NINETTE LILIENTHAL,10,2027,,,0.71,,463,,Yes
9,10/29/24,2,S1,MAT522 / 12,GEOMETRY A,ROCHELLE AITON,10,2027,,,1.43,,463,,Yes
9,10/29/24,2,S1,MAT522 / 12,GEOMETRY A,NINETTE LILIENTHAL,10,2027,,,1.43,,463,,Yes
10,11/5/24,2,S1,MAT522 / 12,GEOMETRY A,ROCHELLE AITON,10,2027,,,3.14,,463,,Yes
10,11/5/24,2,S1,MAT522 / 12,GEOMETRY A,NINETTE LILIENTHAL,10,2027,,,3.14,,463,,Yes
8,10/22/24,6,S1,ENG501 / 16,FR ENGLISH/A,DAVID HOLLINGSWORTH,9,2028,,,0,,464,,Yes
9,10/29/24,6,S1,ENG501 / 16,FR ENGLISH/A,DAVID HOLLINGSWORTH,9,2028,F,1.50 pts,0,,464,,Yes
10,11/5/24,6,S1,ENG501 / 16,FR ENGLISH/A,DAVID HOLLINGSWORTH,9,2028,C-,2.19 pts,0,,464,,Yes
9,10/29/24,5,S1,ENG701 / 15,JUNIOR ENG/A,JOHN CARVER,11,2026,B,3.00 pts,0,,465,,Yes
10,11/5/24,5,S1,ENG701 / 15,JUNIOR ENG/A,JOHN CARVER,11,2026,,,0.43,,465,,Yes
9,10/29/24,5,S1,ENG701 / 15,JUNIOR ENG/A,JOHN CARVER,11,2026,B,3.00 pts,0,,466,,Yes
10,11/5/24,5,S1,ENG701 / 15,JUNIOR ENG/A,JOHN CARVER,11,2026,,,1.14,,466,,Yes
10,11/5/24,6,S1,SCI601 / 36,BIOLOGY A,WILLIAM BAUR,10,2027,,,0.71,,467,,Yes