Week,Grade Pulled,Period,Semester,Course Code,Course Description,Staff Names,Grade Year,Grad Year,Grade Mark,Grade %,Total Days Absent,Mentor,Student #,Mentor Activity,Mentor Course
11,11/12/24,3,S1,BUS301 / 13,PERSONAL FINANCE A,NICOLE SIMEK,12,2025,A,3.80 pts,0,,200,,Yes
11,11/12/24,3,S1,BUS301 / 13,PERSONAL FINANCE A,NICOLE SIMEK,12,2025,B+,3.25 pts,2.86,,394,,Yes
11,11/12/24,2,S1,BUS301 / 12,PERSONAL FINANCE A,NICOLE SIMEK,12,2025,A,3.79 pts,0.57,,93,,Yes
11,11/12/24,2,S1,BUS301 / 12,PERSONAL FINANCE A,NICOLE SIMEK,12,2025,C+,2.60 pts,5.29,,299,,Yes
11,11/12/24,1,S1,MAT522 / 11,GEOMETRY A,ROCHELLE AITON,10,2027,C,2.48 pts,0.29,,179,,Yes
11,11/12/24,1,S1,MAT522 / 11,GEOMETRY A,NINETTE LILIENTHAL,10,2027,C,2.48 pts,0.29,,179,,Yes
11,11/12/24,3,S1,MAT701 / 13,ALGEBRA II A,JENNIFER REILLY,11,2026,B,3.16 pts,6.29,,271,,Yes
11,11/12/24,6,S1,SOC701 / 16,US HISTORY/A,SCOTT BOOTHBY,11,2026,F,1.39 pts,6,,271,,Yes
11,11/12/24,1,S1,MAT704 / 11,PRE-CALC A MAT 153,BRIAN ANDERSON,11,2026,B+,3.21 pts,2.29,,101,,Yes
11,11/12/24,2,S1,SCI609 / 12,CHEMISTRY/A,GRANT MERRILL,11,2026,A-,3.46 pts,2.29,,101,,Yes
11,11/12/24,4,S1,SOC701 / 14,US HISTORY/A,DAVE HAJEK,11,2026,B+,3.20 pts,1.29,,101,,Yes
11,11/12/24,3,S1,MAT522 / 13,GEOMETRY A,ROCHELLE AITON,9,2028,A,3.93 pts,0,,192,,Yes
11,11/12/24,3,S1,MAT522 / 13,GEOMETRY A,NINETTE LILIENTHAL,9,2028,A,3.93 pts,0,,192,,Yes
11,11/12/24,5,S1,ENG701 / 15,JUNIOR ENG/A,JOHN CARVER,11,2026,F,0.93 pts,31.43,,239,,Yes
11,11/12/24,2,S1,ENG601 / 12,SOPH ENG/A,KELLY GREGERSEN,10,2027,B-,2.72 pts,0,,392,,Yes
11,11/12/24,6,S1,MAT701 / 16,ALGEBRA II A,JASON BLAESING,12,2025,C,2.43 pts,2.29,,49,,Yes
11,11/12/24,2,S1,BUS301 / 12,PERSONAL FINANCE A,NICOLE SIMEK,12,2025,A,3.98 pts,3.43,,176,,Yes
11,11/12/24,2,S1,BUS301 / 12,PERSONAL FINANCE A,NICOLE SIMEK,12,2025,D+,1.91 pts,21.71,,227,,Yes
11,11/12/24,2,S1,BUS301 / 12,PERSONAL FINANCE A,NICOLE SIMEK,12,2025,B+,3.29 pts,19.86,,381,,Yes
11,11/12/24,2,S1,BUS301 / 12,PERSONAL FINANCE A,NICOLE SIMEK,12,2025,W,0.00 pts,8.43,,87,,Yes
11,11/12/24,2,S1,BUS301 / 12,PERSONAL FINANCE A,NICOLE SIMEK,12,2025,A,3.61 pts,2,,233,,Yes
11,11/12/24,3,S1,BUS301 / 13,PERSONAL FINANCE A,NICOLE SIMEK,12,2025,B+,3.27 pts,5.86,,280,,Yes
11,11/12/24,3,S1,BUS301 / 13,PERSONAL FINANCE A,NICOLE SIMEK,12,2025,A,3.92 pts,1,,341,,Yes
11,11/12/24,2,S1,BUS301 / 12,PERSONAL FINANCE A,NICOLE SIMEK,12,2025,B-,2.81 pts,14.14,,201,,Yes
11,11/12/24,2,S1,BUS301 / 12,PERSONAL FINANCE A,NICOLE SIMEK,12,2025,F,0.63 pts,8.43,,362,,Yes
11,11/12/24,2,S1,BUS301 / 12,PERSONAL FINANCE A,NICOLE SIMEK,12,2025,A,3.98 pts,3,,259,,Yes
11,11/12/24,2,S1,SCI609 / 12,CHEMISTRY/A,GRANT MERRILL,12,2025,B,3.15 pts,6,,423,,Yes
11,11/12/24,3,S1,BUS301 / 13,PERSONAL FINANCE A,NICOLE SIMEK,12,2025,C,2.45 pts,2,,305,,Yes
11,11/12/24,6,S1,SCI601 / 36,BIOLOGY A,WILLIAM BAUR,12,2025,B-,2.74 pts,0.86,,188,,Yes
11,11/12/24,1,S1,MAT704 / 11,PRE-CALC A MAT 153,BRIAN ANDERSON,12,2025,F,1.63 pts,3.57,,323,,Yes
11,11/12/24,3,S1,BUS301 / 13,PERSONAL FINANCE A,NICOLE SIMEK,12,2025,A,3.71 pts,3,,323,,Yes
11,11/12/24,2,S1,BUS301 / 12,PERSONAL FINANCE A,NICOLE SIMEK,12,2025,D+,1.96 pts,12.71,,216,,Yes
11,11/12/24,3,S1,BUS301 / 13,PERSONAL FINANCE A,NICOLE SIMEK,12,2025,B+,3.20 pts,2.31,,408,,Yes
11,11/12/24,3,S1,BUS301 / 13,PERSONAL FINANCE A,NICOLE SIMEK,12,2025,A,3.86 pts,0.57,,90,,Yes
11,11/12/24,2,S1,SCI609 / 12,CHEMISTRY/A,GRANT MERRILL,12,2025,C+,2.65 pts,4.67,,82,,Yes
11,11/12/24,3,S1,BUS301 / 13,PERSONAL FINANCE A,NICOLE SIMEK,11,2026,D+,1.90 pts,1.71,,253,,Yes
11,11/12/24,3,S1,MAT701 / 13,ALGEBRA II A,JENNIFER REILLY,11,2026,B-,2.85 pts,0,,115,,Yes
11,11/12/24,4,S1,SOC701 / 14,US HISTORY/A,DAVE HAJEK,11,2026,F,1.53 pts,3.57,,254,,Yes
11,11/12/24,5,S1,ENG701 / 15,JUNIOR ENG/A,JOHN CARVER,11,2026,C+,2.55 pts,3,,254,,Yes
11,11/12/24,2,S1,BUS301 / 12,PERSONAL FINANCE A,NICOLE SIMEK,12,2025,B+,3.37 pts,0.14,,61,,Yes
11,11/12/24,3,S1,BUS301 / 13,PERSONAL FINANCE A,NICOLE SIMEK,12,2025,B,3.05 pts,3.43,,332,,Yes
11,11/12/24,2,S1,SCI609 / 12,CHEMISTRY/A,GRANT MERRILL,12,2025,F,0.51 pts,22,,354,,Yes
11,11/12/24,3,S1,BUS301 / 13,PERSONAL FINANCE A,NICOLE SIMEK,12,2025,C-,2.19 pts,3,,105,,Yes
11,11/12/24,4,S1,MAT522 / 14,GEOMETRY A,ROCHELLE AITON,10,2027,D+,1.89 pts,4.29,,425,,Yes
11,11/12/24,4,S1,MAT522 / 14,GEOMETRY A,NINETTE LILIENTHAL,10,2027,D+,1.89 pts,4.29,,425,,Yes
11,11/12/24,6,S1,MAT701 / 16,ALGEBRA II A,JASON BLAESING,10,2027,A,4.00 pts,0.14,,54,,Yes
11,11/12/24,2,S1,MAT522 / 12,GEOMETRY A,ROCHELLE AITON,10,2027,D+,1.92 pts,1,,338,,Yes
11,11/12/24,2,S1,MAT522 / 12,GEOMETRY A,NINETTE LILIENTHAL,10,2027,D+,1.92 pts,1,,338,,Yes
11,11/12/24,5,S1,ENG601 / 15,SOPH ENG/A,MARCEE SALAS,10,2027,C+,2.68 pts,1,,338,,Yes
11,11/12/24,3,S1,SCI601 / 13,BIOLOGY A,GRANT MERRILL,10,2027,F,1.12 pts,28,,92,,Yes
11,11/12/24,3,S1,MAT522 / 13,GEOMETRY A,ROCHELLE AITON,9,2028,A-,3.59 pts,0.86,,363,,Yes
11,11/12/24,3,S1,MAT522 / 13,GEOMETRY A,NINETTE LILIENTHAL,9,2028,A-,3.59 pts,0.86,,363,,Yes
11,11/12/24,6,S1,ENG501 / 16,FR ENGLISH/A,DAVID HOLLINGSWORTH,9,2028,B,2.90 pts,0,,229,,Yes
11,11/12/24,4,S1,MAT522 / 14,GEOMETRY A,ROCHELLE AITON,10,2027,F,1.52 pts,1,,424,,Yes
11,11/12/24,4,S1,MAT522 / 14,GEOMETRY A,NINETTE LILIENTHAL,10,2027,F,1.52 pts,1,,424,,Yes
11,11/12/24,2,S1,MAT701 / 12,ALGEBRA II A,JASON BLAESING,11,2026,D+,1.88 pts,0,,107,,Yes
11,11/12/24,1,S1,MAT704 / 11,PRE-CALC A MAT 153,BRIAN ANDERSON,11,2026,C,2.37 pts,2,,114,,Yes
11,11/12/24,2,S1,SCI609 / 12,CHEMISTRY/A,GRANT MERRILL,11,2026,C+,2.67 pts,1.29,,114,,Yes
11,11/12/24,2,S1,ENG601 / 12,SOPH ENG/A,KELLY GREGERSEN,10,2027,C-,2.05 pts,6.43,,117,,Yes
11,11/12/24,4,S1,MAT522 / 14,GEOMETRY A,ROCHELLE AITON,10,2027,F,0.89 pts,6,,117,,Yes
11,11/12/24,4,S1,MAT522 / 14,GEOMETRY A,NINETTE LILIENTHAL,10,2027,F,0.89 pts,6,,117,,Yes
11,11/12/24,6,S1,SCI601 / 16,BIOLOGY A,GRANT MERRILL,10,2027,F,1.15 pts,6.29,,117,,Yes
11,11/12/24,3,S1,MAT522 / 13,GEOMETRY A,ROCHELLE AITON,10,2027,C,2.27 pts,7,,118,,Yes
11,11/12/24,3,S1,MAT522 / 13,GEOMETRY A,NINETTE LILIENTHAL,10,2027,C,2.27 pts,7,,118,,Yes
11,11/12/24,5,S1,MAT522 / 15,GEOMETRY A,BRIAN ANDERSON,10,2027,D+,1.99 pts,3.86,,142,,Yes
11,11/12/24,6,S1,SCI601 / 16,BIOLOGY A,GRANT MERRILL,10,2027,C-,2.19 pts,4.29,,142,,Yes
11,11/12/24,2,S1,MAT522 / 12,GEOMETRY A,ROCHELLE AITON,10,2027,C,2.44 pts,3.43,,168,,Yes
11,11/12/24,2,S1,MAT522 / 12,GEOMETRY A,NINETTE LILIENTHAL,10,2027,C,2.44 pts,3.43,,168,,Yes
11,11/12/24,3,S1,MAT701 / 13,ALGEBRA II A,JENNIFER REILLY,11,2026,A,3.74 pts,2,,208,,Yes
11,11/12/24,5,S1,MAT522 / 15,GEOMETRY A,BRIAN ANDERSON,10,2027,C-,2.18 pts,1.29,,244,,Yes
11,11/12/24,2,S1,ENG601 / 12,SOPH ENG/A,KELLY GREGERSEN,10,2027,A,3.62 pts,0.14,,324,,Yes
11,11/12/24,3,S1,MAT522 / 13,GEOMETRY A,ROCHELLE AITON,10,2027,C,2.21 pts,0,,324,,Yes
11,11/12/24,3,S1,MAT522 / 13,GEOMETRY A,NINETTE LILIENTHAL,10,2027,C,2.21 pts,0,,324,,Yes
11,11/12/24,4,S1,MAT522 / 14,GEOMETRY A,ROCHELLE AITON,10,2027,B-,2.70 pts,0,,458,,Yes
11,11/12/24,4,S1,MAT522 / 14,GEOMETRY A,NINETTE LILIENTHAL,10,2027,B-,2.70 pts,0,,458,,Yes
11,11/12/24,2,S1,SCI609 / 12,CHEMISTRY/A,GRANT MERRILL,11,2026,W,0.54 pts,1.57,,131,,Yes
11,11/12/24,5,S1,ENG701 / 15,JUNIOR ENG/A,JOHN CARVER,11,2026,C,2.45 pts,4,,131,,Yes
11,11/12/24,1,S1,MAT522 / 11,GEOMETRY A,ROCHELLE AITON,10,2027,F,0.43 pts,7.71,,248,,Yes
11,11/12/24,1,S1,MAT522 / 11,GEOMETRY A,NINETTE LILIENTHAL,10,2027,F,0.43 pts,7.71,,248,,Yes
11,11/12/24,5,S1,ENG601 / 15,SOPH ENG/A,MARCEE SALAS,10,2027,B,2.94 pts,0,,373,,Yes
11,11/12/24,6,S1,SCI601 / 36,BIOLOGY A,WILLIAM BAUR,10,2027,A,3.73 pts,0,,373,,Yes
11,11/12/24,2,S1,MAT701 / 12,ALGEBRA II A,JASON BLAESING,11,2026,A-,3.42 pts,1,,320,,Yes
11,11/12/24,6,S1,SOC701 / 16,US HISTORY/A,SCOTT BOOTHBY,11,2026,B,3.09 pts,2,,320,,Yes
11,11/12/24,3,S1,MAT701 / 13,ALGEBRA II A,JENNIFER REILLY,11,2026,C,2.35 pts,2.29,,128,,Yes
11,11/12/24,6,S1,MAT701 / 16,ALGEBRA II A,JASON BLAESING,11,2026,A,3.61 pts,7.67,,161,,Yes
11,11/12/24,3,S1,MAT701 / 13,ALGEBRA II A,JENNIFER REILLY,11,2026,A,3.98 pts,6,,191,,Yes
11,11/12/24,6,S1,SOC701 / 16,US HISTORY/A,SCOTT BOOTHBY,11,2026,A,3.70 pts,4.67,,224,,Yes
11,11/12/24,5,S1,ENG701 / 15,JUNIOR ENG/A,JOHN CARVER,11,2026,C+,2.57 pts,4,,255,,Yes
11,11/12/24,6,S1,SOC701 / 16,US HISTORY/A,SCOTT BOOTHBY,11,2026,C,2.45 pts,4.43,,255,,Yes
11,11/12/24,2,S1,MAT701 / 12,ALGEBRA II A,JASON BLAESING,11,2026,B,2.99 pts,3.71,,260,,Yes
11,11/12/24,5,S1,ENG701 / 15,JUNIOR ENG/A,JOHN CARVER,11,2026,A,3.96 pts,3.86,,260,,Yes
11,11/12/24,2,S1,MAT701 / 12,ALGEBRA II A,JASON BLAESING,11,2026,W,0.71 pts,5.29,,344,,Yes
11,11/12/24,5,S1,ENG701 / 15,JUNIOR ENG/A,JOHN CARVER,11,2026,C,2.44 pts,7,,396,,Yes
11,11/12/24,1,S1,MAT704 / 11,PRE-CALC A MAT 153,BRIAN ANDERSON,11,2026,B+,3.35 pts,1,,400,,Yes
11,11/12/24,2,S1,ENG601 / 12,SOPH ENG/A,KELLY GREGERSEN,10,2027,F,1.32 pts,14.43,,416,,Yes
11,11/12/24,3,S1,MAT522 / 13,GEOMETRY A,ROCHELLE AITON,10,2027,D,1.71 pts,14.43,,416,,Yes
11,11/12/24,3,S1,MAT522 / 13,GEOMETRY A,NINETTE LILIENTHAL,10,2027,D,1.71 pts,14.43,,416,,Yes
11,11/12/24,1,S1,MAT522 / 11,GEOMETRY A,ROCHELLE AITON,10,2027,C,2.25 pts,4.71,,318,,Yes
11,11/12/24,1,S1,MAT522 / 11,GEOMETRY A,NINETTE LILIENTHAL,10,2027,C,2.25 pts,4.71,,318,,Yes
11,11/12/24,3,S1,SCI601 / 13,BIOLOGY A,GRANT MERRILL,10,2027,C-,2.06 pts,5.57,,318,,Yes
11,11/12/24,3,S1,BUS301 / 13,PERSONAL FINANCE A,NICOLE SIMEK,11,2026,A,3.61 pts,1,,230,,Yes
11,11/12/24,4,S1,SOC701 / 14,US HISTORY/A,DAVE HAJEK,11,2026,B,3.15 pts,1,,230,,Yes
11,11/12/24,5,S1,ENG701 / 15,JUNIOR ENG/A,JOHN CARVER,11,2026,A,3.94 pts,1,,230,,Yes
11,11/12/24,4,S1,SCI601 / 14,BIOLOGY A,GRANT MERRILL,10,2027,C,2.33 pts,2.57,,429,,Yes
11,11/12/24,2,S1,BUS301 / 12,PERSONAL FINANCE A,NICOLE SIMEK,12,2025,B-,2.79 pts,13.43,,331,,Yes
11,11/12/24,2,S1,ENG601 / 12,SOPH ENG/A,KELLY GREGERSEN,10,2027,A,3.72 pts,0,,102,,Yes
11,11/12/24,3,S1,MAT522 / 13,GEOMETRY A,ROCHELLE AITON,10,2027,B-,2.78 pts,0,,102,,Yes
11,11/12/24,3,S1,MAT522 / 13,GEOMETRY A,NINETTE LILIENTHAL,10,2027,B-,2.78 pts,0,,102,,Yes
11,11/12/24,6,S1,SOC701 / 16,US HISTORY/A,SCOTT BOOTHBY,11,2026,C,2.35 pts,7.29,,134,,Yes
11,11/12/24,6,S1,MAT701 / 16,ALGEBRA II A,JASON BLAESING,11,2026,B,2.92 pts,4.5,,112,,Yes
11,11/12/24,3,S1,MAT701 / 13,ALGEBRA II A,JENNIFER REILLY,11,2026,B+,3.35 pts,10.14,,207,,Yes
11,11/12/24,2,S1,SCI609 / 12,CHEMISTRY/A,GRANT MERRILL,11,2026,C+,2.51 pts,3,,86,,Yes
11,11/12/24,6,S1,SOC701 / 16,US HISTORY/A,SCOTT BOOTHBY,11,2026,A-,3.41 pts,3.86,,86,,Yes
11,11/12/24,2,S1,MAT701 / 12,ALGEBRA II A,JASON BLAESING,11,2026,B-,2.85 pts,7.71,,145,,Yes
11,11/12/24,2,S1,SCI609 / 12,CHEMISTRY/A,GRANT MERRILL,11,2026,C+,2.64 pts,8.71,,242,,Yes
11,11/12/24,3,S1,BUS301 / 13,PERSONAL FINANCE A,NICOLE SIMEK,11,2026,A,3.86 pts,8.29,,242,,Yes
11,11/12/24,1,S1,MAT704 / 11,PRE-CALC A MAT 153,BRIAN ANDERSON,11,2026,B,3.02 pts,0,,151,,Yes
11,11/12/24,2,S1,MAT701 / 12,ALGEBRA II A,JASON BLAESING,11,2026,F,0.00 pts,24.33,,180,,Yes
11,11/12/24,4,S1,SOC701 / 14,US HISTORY/A,DAVE HAJEK,11,2026,D,1.72 pts,2.71,,438,,Yes
11,11/12/24,6,S1,MAT701 / 16,ALGEBRA II A,JASON BLAESING,11,2026,A-,3.42 pts,1.14,,342,,Yes
11,11/12/24,6,S1,MAT701 / 16,ALGEBRA II A,JASON BLAESING,11,2026,D,1.65 pts,5.64,,357,,Yes
11,11/12/24,3,S1,MAT701 / 13,ALGEBRA II A,JENNIFER REILLY,11,2026,C-,2.17 pts,3,,339,,Yes
11,11/12/24,3,S1,MAT701 / 13,ALGEBRA II A,JENNIFER REILLY,11,2026,D+,1.84 pts,4.26,,380,,Yes
11,11/12/24,6,S1,SOC701 / 16,US HISTORY/A,SCOTT BOOTHBY,11,2026,C+,2.56 pts,5.21,,380,,Yes
11,11/12/24,2,S1,SCI609 / 12,CHEMISTRY/A,GRANT MERRILL,11,2026,D+,1.99 pts,6,,282,,Yes
11,11/12/24,3,S1,MAT701 / 13,ALGEBRA II A,JENNIFER REILLY,11,2026,B,3.01 pts,5.86,,282,,Yes
11,11/12/24,4,S1,SOC701 / 14,US HISTORY/A,DAVE HAJEK,11,2026,C,2.20 pts,7.57,,282,,Yes
11,11/12/24,5,S1,ENG701 / 15,JUNIOR ENG/A,JOHN CARVER,11,2026,C+,2.65 pts,7.57,,282,,Yes
11,11/12/24,2,S1,BUS301 / 12,PERSONAL FINANCE A,NICOLE SIMEK,11,2026,A,3.67 pts,3.43,,185,,Yes
11,11/12/24,4,S1,SOC701 / 14,US HISTORY/A,DAVE HAJEK,11,2026,A,3.81 pts,3.29,,185,,Yes
11,11/12/24,3,S1,MAT701 / 13,ALGEBRA II A,JENNIFER REILLY,11,2026,A-,3.43 pts,0.33,,103,,Yes
11,11/12/24,2,S1,MAT701 / 12,ALGEBRA II A,JASON BLAESING,11,2026,C-,2.07 pts,4.29,,85,,Yes
11,11/12/24,6,S1,SOC701 / 16,US HISTORY/A,SCOTT BOOTHBY,11,2026,A,3.72 pts,4.57,,85,,Yes
11,11/12/24,1,S1,MAT704 / 11,PRE-CALC A MAT 153,BRIAN ANDERSON,11,2026,B,3.05 pts,1,,95,,Yes
11,11/12/24,5,S1,ENG701 / 15,JUNIOR ENG/A,JOHN CARVER,11,2026,,3.02 pts,1.43,,58,,Yes
11,11/12/24,6,S1,MAT701 / 16,ALGEBRA II A,JASON BLAESING,11,2026,B-,2.83 pts,1.5,,50,,Yes
11,11/12/24,1,S1,MAT704 / 11,PRE-CALC A MAT 153,BRIAN ANDERSON,11,2026,C,2.21 pts,2,,328,,Yes
11,11/12/24,6,S1,SOC701 / 16,US HISTORY/A,SCOTT BOOTHBY,11,2026,C,2.23 pts,3.43,,275,,Yes
11,11/12/24,1,S1,MAT704 / 11,PRE-CALC A MAT 153,BRIAN ANDERSON,11,2026,A-,3.49 pts,0,,409,,Yes
11,11/12/24,5,S1,ENG701 / 15,JUNIOR ENG/A,JOHN CARVER,11,2026,A,3.96 pts,0,,409,,Yes
11,11/12/24,3,S1,MAT701 / 13,ALGEBRA II A,JENNIFER REILLY,11,2026,C,2.45 pts,5.57,,412,,Yes
11,11/12/24,6,S1,SOC701 / 16,US HISTORY/A,SCOTT BOOTHBY,11,2026,A,3.94 pts,2,,68,,Yes
11,11/12/24,3,S1,BUS301 / 13,PERSONAL FINANCE A,NICOLE SIMEK,11,2026,B,3.14 pts,3,,267,,Yes
11,11/12/24,6,S1,SOC701 / 16,US HISTORY/A,SCOTT BOOTHBY,11,2026,C-,2.07 pts,26.43,,147,,Yes
11,11/12/24,2,S1,BUS301 / 12,PERSONAL FINANCE A,NICOLE SIMEK,12,2025,F,0.86 pts,17.43,,73,,Yes
11,11/12/24,5,S1,ENG701 / 15,JUNIOR ENG/A,JOHN CARVER,11,2026,B,2.92 pts,8.14,,218,,Yes
11,11/12/24,6,S1,SOC701 / 16,US HISTORY/A,SCOTT BOOTHBY,11,2026,C-,2.01 pts,7.43,,218,,Yes
11,11/12/24,6,S1,MAT701 / 16,ALGEBRA II A,JASON BLAESING,11,2026,F,1.22 pts,7.29,,296,,Yes
11,11/12/24,2,S1,SCI609 / 12,CHEMISTRY/A,GRANT MERRILL,11,2026,B,3.18 pts,0,,100,,Yes
11,11/12/24,2,S1,MAT701 / 12,ALGEBRA II A,JASON BLAESING,11,2026,W,0.00 pts,16,,349,,Yes
11,11/12/24,5,S1,ENG701 / 15,JUNIOR ENG/A,JOHN CARVER,11,2026,W,2.27 pts,12,,349,,Yes
11,11/12/24,1,S1,MAT704 / 11,PRE-CALC A MAT 153,BRIAN ANDERSON,11,2026,C,2.36 pts,0.86,,138,,Yes
11,11/12/24,5,S1,ENG701 / 15,JUNIOR ENG/A,JOHN CARVER,11,2026,A,3.66 pts,2,,138,,Yes
11,11/12/24,2,S1,SCI609 / 12,CHEMISTRY/A,GRANT MERRILL,11,2026,C-,2.19 pts,0,,158,,Yes
11,11/12/24,5,S1,ENG701 / 15,JUNIOR ENG/A,JOHN CARVER,11,2026,A,3.96 pts,0.43,,158,,Yes
11,11/12/24,3,S1,MAT701 / 13,ALGEBRA II A,JENNIFER REILLY,11,2026,C,2.28 pts,3.29,,406,,Yes
11,11/12/24,2,S1,MAT701 / 12,ALGEBRA II A,JASON BLAESING,11,2026,B+,3.22 pts,2.14,,262,,Yes
11,11/12/24,6,S1,SOC701 / 16,US HISTORY/A,SCOTT BOOTHBY,11,2026,C+,2.67 pts,2.86,,262,,Yes
11,11/12/24,1,S1,MAT704 / 11,PRE-CALC A MAT 153,BRIAN ANDERSON,11,2026,B,2.95 pts,3,,263,,Yes
11,11/12/24,2,S1,ENG601 / 12,SOPH ENG/A,KELLY GREGERSEN,10,2027,D+,1.98 pts,6,,77,,Yes
11,11/12/24,3,S1,SCI601 / 13,BIOLOGY A,GRANT MERRILL,10,2027,C,2.26 pts,6.43,,77,,Yes
11,11/12/24,3,S1,SCI601 / 13,BIOLOGY A,GRANT MERRILL,10,2027,B+,3.23 pts,0,,126,,Yes
11,11/12/24,5,S1,MAT522 / 15,GEOMETRY A,BRIAN ANDERSON,10,2027,A-,3.50 pts,0.29,,126,,Yes
11,11/12/24,2,S1,ENG601 / 12,SOPH ENG/A,KELLY GREGERSEN,10,2027,F,1.16 pts,6.43,,433,,Yes
11,11/12/24,4,S1,SCI601 / 14,BIOLOGY A,GRANT MERRILL,10,2027,F,1.01 pts,6.14,,433,,Yes
11,11/12/24,6,S1,ENG501 / 16,FR ENGLISH/A,DAVID HOLLINGSWORTH,9,2028,D+,1.91 pts,0.14,,183,,Yes
11,11/12/24,2,S1,MAT522 / 12,GEOMETRY A,ROCHELLE AITON,10,2027,B-,2.89 pts,4.86,,205,,Yes
11,11/12/24,2,S1,MAT522 / 12,GEOMETRY A,NINETTE LILIENTHAL,10,2027,B-,2.89 pts,4.86,,205,,Yes
11,11/12/24,3,S1,SCI601 / 13,BIOLOGY A,GRANT MERRILL,10,2027,B+,3.22 pts,0,,226,,Yes
11,11/12/24,6,S1,MAT701 / 16,ALGEBRA II A,JASON BLAESING,10,2027,A-,3.42 pts,1,,226,,Yes
11,11/12/24,2,S1,MAT701 / 12,ALGEBRA II A,JASON BLAESING,10,2027,A,4.00 pts,1.71,,237,,Yes
11,11/12/24,3,S1,SCI601 / 13,BIOLOGY A,GRANT MERRILL,10,2027,A-,3.58 pts,1.71,,237,,Yes
11,11/12/24,6,S1,ENG501 / 16,FR ENGLISH/A,DAVID HOLLINGSWORTH,9,2028,A,3.65 pts,0.57,,270,,Yes
11,11/12/24,4,S1,MAT522 / 14,GEOMETRY A,ROCHELLE AITON,10,2027,C,2.48 pts,1,,443,,Yes
11,11/12/24,4,S1,MAT522 / 14,GEOMETRY A,NINETTE LILIENTHAL,10,2027,C,2.48 pts,1,,443,,Yes
11,11/12/24,2,S1,MAT522 / 12,GEOMETRY A,ROCHELLE AITON,9,2028,A,3.61 pts,1.43,,393,,Yes
11,11/12/24,2,S1,MAT522 / 12,GEOMETRY A,NINETTE LILIENTHAL,9,2028,A,3.61 pts,1.43,,393,,Yes
11,11/12/24,6,S1,ENG501 / 16,FR ENGLISH/A,DAVID HOLLINGSWORTH,9,2028,C+,2.68 pts,10.43,,397,,Yes
11,11/12/24,3,S1,SCI601 / 13,BIOLOGY A,GRANT MERRILL,10,2027,C,2.43 pts,3,,401,,Yes
11,11/12/24,5,S1,ENG601 / 15,SOPH ENG/A,MARCEE SALAS,10,2027,C+,2.57 pts,2.57,,401,,Yes
11,11/12/24,3,S1,MAT522 / 13,GEOMETRY A,ROCHELLE AITON,9,2028,C-,2.12 pts,7.43,,419,,Yes
11,11/12/24,3,S1,MAT522 / 13,GEOMETRY A,NINETTE LILIENTHAL,9,2028,C-,2.12 pts,7.43,,419,,Yes
11,11/12/24,3,S1,MAT522 / 13,GEOMETRY A,ROCHELLE AITON,10,2027,F,0.75 pts,8.29,,251,,Yes
11,11/12/24,3,S1,MAT522 / 13,GEOMETRY A,NINETTE LILIENTHAL,10,2027,F,0.75 pts,8.29,,251,,Yes
11,11/12/24,4,S1,SCI601 / 14,BIOLOGY A,GRANT MERRILL,10,2027,D,1.79 pts,8.29,,251,,Yes
11,11/12/24,6,S1,SOC701 / 16,US HISTORY/A,SCOTT BOOTHBY,11,2026,D+,1.84 pts,4.71,,356,,Yes
11,11/12/24,3,S1,SCI601 / 13,BIOLOGY A,GRANT MERRILL,10,2027,F,1.36 pts,1,,294,,Yes
11,11/12/24,6,S1,SCI601 / 36,BIOLOGY A,WILLIAM BAUR,10,2027,,,0,,294,,Yes
11,11/12/24,2,S1,MAT522 / 12,GEOMETRY A,ROCHELLE AITON,10,2027,D,1.76 pts,1.29,,84,,Yes
11,11/12/24,2,S1,MAT522 / 12,GEOMETRY A,NINETTE LILIENTHAL,10,2027,D,1.76 pts,1.29,,84,,Yes
11,11/12/24,1,S1,MAT522 / 11,GEOMETRY A,ROCHELLE AITON,10,2027,F,1.02 pts,8.29,,72,,Yes
11,11/12/24,1,S1,MAT522 / 11,GEOMETRY A,NINETTE LILIENTHAL,10,2027,F,1.02 pts,8.29,,72,,Yes
11,11/12/24,5,S1,ENG601 / 15,SOPH ENG/A,MARCEE SALAS,10,2027,B,2.92 pts,6.86,,72,,Yes
11,11/12/24,3,S1,SCI601 / 13,BIOLOGY A,GRANT MERRILL,10,2027,C+,2.61 pts,1.43,,57,,Yes
11,11/12/24,4,S1,MAT522 / 14,GEOMETRY A,ROCHELLE AITON,10,2027,A,3.62 pts,0,,452,,Yes
11,11/12/24,4,S1,MAT522 / 14,GEOMETRY A,NINETTE LILIENTHAL,10,2027,A,3.62 pts,0,,452,,Yes
11,11/12/24,4,S1,MAT522 / 14,GEOMETRY A,ROCHELLE AITON,10,2027,F,0.72 pts,8.29,,446,,Yes
11,11/12/24,4,S1,MAT522 / 14,GEOMETRY A,NINETTE LILIENTHAL,10,2027,F,0.72 pts,8.29,,446,,Yes
11,11/12/24,2,S1,ENG601 / 12,SOPH ENG/A,KELLY GREGERSEN,10,2027,F,0.33 pts,9.29,,309,,Yes
11,11/12/24,4,S1,SCI601 / 14,BIOLOGY A,GRANT MERRILL,10,2027,F,1.51 pts,7.71,,309,,Yes
11,11/12/24,5,S1,MAT522 / 15,GEOMETRY A,BRIAN ANDERSON,10,2027,F,0.01 pts,6.29,,309,,Yes
11,11/12/24,5,S1,MAT522 / 15,GEOMETRY A,BRIAN ANDERSON,10,2027,A,3.81 pts,0,,199,,Yes
11,11/12/24,2,S1,MAT701 / 12,ALGEBRA II A,JASON BLAESING,11,2026,C-,2.08 pts,2,,113,,Yes
11,11/12/24,3,S1,SCI601 / 13,BIOLOGY A,GRANT MERRILL,10,2027,B,3.17 pts,0,,140,,Yes
11,11/12/24,2,S1,MAT522 / 12,GEOMETRY A,ROCHELLE AITON,10,2027,C,2.35 pts,1,,238,,Yes
11,11/12/24,2,S1,MAT522 / 12,GEOMETRY A,NINETTE LILIENTHAL,10,2027,C,2.35 pts,1,,238,,Yes
11,11/12/24,5,S1,ENG601 / 15,SOPH ENG/A,MARCEE SALAS,10,2027,C,2.44 pts,1,,238,,Yes
11,11/12/24,6,S1,SCI601 / 36,BIOLOGY A,WILLIAM BAUR,10,2027,A-,3.50 pts,1,,238,,Yes
11,11/12/24,1,S1,MAT704 / 11,PRE-CALC A MAT 153,BRIAN ANDERSON,11,2026,B+,3.21 pts,5,,292,,Yes
11,11/12/24,4,S1,SCI601 / 14,BIOLOGY A,GRANT MERRILL,10,2027,C-,2.06 pts,0,,453,,Yes
11,11/12/24,2,S1,MAT522 / 12,GEOMETRY A,ROCHELLE AITON,10,2027,C+,2.69 pts,0,,291,,Yes
11,11/12/24,2,S1,MAT522 / 12,GEOMETRY A,NINETTE LILIENTHAL,10,2027,C+,2.69 pts,0,,291,,Yes
11,11/12/24,3,S1,SCI601 / 13,BIOLOGY A,GRANT MERRILL,10,2027,C,2.30 pts,0,,291,,Yes
11,11/12/24,3,S1,SCI601 / 13,BIOLOGY A,GRANT MERRILL,10,2027,F,0.38 pts,16.86,,293,,Yes
11,11/12/24,4,S1,MAT522 / 14,GEOMETRY A,ROCHELLE AITON,10,2027,F,1.49 pts,16.86,,293,,Yes
11,11/12/24,4,S1,MAT522 / 14,GEOMETRY A,NINETTE LILIENTHAL,10,2027,F,1.49 pts,16.86,,293,,Yes
11,11/12/24,5,S1,MAT522 / 15,GEOMETRY A,BRIAN ANDERSON,10,2027,B-,2.81 pts,0,,421,,Yes
11,11/12/24,6,S1,SCI601 / 16,BIOLOGY A,GRANT MERRILL,10,2027,C,2.33 pts,0,,421,,Yes
11,11/12/24,1,S1,MAT704 / 11,PRE-CALC A MAT 153,BRIAN ANDERSON,10,2027,B,3.17 pts,2.14,,304,,Yes
11,11/12/24,2,S1,MAT522 / 12,GEOMETRY A,ROCHELLE AITON,10,2027,D+,1.95 pts,2.43,,414,,Yes
11,11/12/24,2,S1,MAT522 / 12,GEOMETRY A,NINETTE LILIENTHAL,10,2027,D+,1.95 pts,2.43,,414,,Yes
11,11/12/24,5,S1,ENG601 / 15,SOPH ENG/A,MARCEE SALAS,10,2027,B,3.12 pts,2,,414,,Yes
11,11/12/24,6,S1,SCI601 / 36,BIOLOGY A,WILLIAM BAUR,10,2027,B+,3.25 pts,2.14,,414,,Yes
11,11/12/24,1,S1,MAT522 / 11,GEOMETRY A,ROCHELLE AITON,10,2027,A,3.60 pts,0,,389,,Yes
11,11/12/24,1,S1,MAT522 / 11,GEOMETRY A,NINETTE LILIENTHAL,10,2027,A,3.60 pts,0,,389,,Yes
11,11/12/24,3,S1,SCI601 / 13,BIOLOGY A,GRANT MERRILL,10,2027,B-,2.89 pts,0,,389,,Yes
11,11/12/24,1,S1,MAT522 / 11,GEOMETRY A,ROCHELLE AITON,10,2027,B+,3.24 pts,1,,301,,Yes
11,11/12/24,1,S1,MAT522 / 11,GEOMETRY A,NINETTE LILIENTHAL,10,2027,B+,3.24 pts,1,,301,,Yes
11,11/12/24,4,S1,SCI601 / 14,BIOLOGY A,GRANT MERRILL,10,2027,B+,3.22 pts,0.43,,428,,Yes
11,11/12/24,5,S1,MAT522 / 15,GEOMETRY A,BRIAN ANDERSON,10,2027,B+,3.35 pts,0.57,,303,,Yes
11,11/12/24,4,S1,MAT522 / 14,GEOMETRY A,ROCHELLE AITON,10,2027,D+,1.83 pts,12,,221,,Yes
11,11/12/24,4,S1,MAT522 / 14,GEOMETRY A,NINETTE LILIENTHAL,10,2027,D+,1.83 pts,12,,221,,Yes
11,11/12/24,5,S1,ENG601 / 15,SOPH ENG/A,MARCEE SALAS,10,2027,C,2.31 pts,12,,221,,Yes
11,11/12/24,4,S1,MAT522 / 14,GEOMETRY A,ROCHELLE AITON,10,2027,C+,2.62 pts,0,,460,,Yes
11,11/12/24,4,S1,MAT522 / 14,GEOMETRY A,NINETTE LILIENTHAL,10,2027,C+,2.62 pts,0,,460,,Yes
11,11/12/24,1,S1,MAT522 / 11,GEOMETRY A,ROCHELLE AITON,10,2027,D,1.78 pts,5.14,,83,,Yes
11,11/12/24,1,S1,MAT522 / 11,GEOMETRY A,NINETTE LILIENTHAL,10,2027,D,1.78 pts,5.14,,83,,Yes
11,11/12/24,4,S1,SCI601 / 14,BIOLOGY A,GRANT MERRILL,10,2027,C,2.33 pts,1,,455,,Yes
11,11/12/24,2,S1,MAT701 / 12,ALGEBRA II A,JASON BLAESING,10,2027,B+,3.24 pts,0,,109,,Yes
11,11/12/24,3,S1,MAT522 / 13,GEOMETRY A,ROCHELLE AITON,10,2027,B-,2.71 pts,0,,99,,Yes
11,11/12/24,3,S1,MAT522 / 13,GEOMETRY A,NINETTE LILIENTHAL,10,2027,B-,2.71 pts,0,,99,,Yes
11,11/12/24,2,S1,MAT522 / 12,GEOMETRY A,ROCHELLE AITON,10,2027,F,1.55 pts,5.71,,256,,Yes
11,11/12/24,2,S1,MAT522 / 12,GEOMETRY A,NINETTE LILIENTHAL,10,2027,F,1.55 pts,5.71,,256,,Yes
11,11/12/24,6,S1,SCI601 / 16,BIOLOGY A,GRANT MERRILL,10,2027,D+,1.80 pts,7.43,,256,,Yes
11,11/12/24,4,S1,MAT522 / 14,GEOMETRY A,ROCHELLE AITON,10,2027,B+,3.29 pts,0.14,,310,,Yes
11,11/12/24,4,S1,MAT522 / 14,GEOMETRY A,NINETTE LILIENTHAL,10,2027,B+,3.29 pts,0.14,,310,,Yes
11,11/12/24,6,S1,SCI601 / 16,BIOLOGY A,GRANT MERRILL,10,2027,C,2.31 pts,0.29,,310,,Yes
11,11/12/24,6,S1,MAT701 / 16,ALGEBRA II A,JASON BLAESING,10,2027,C+,2.67 pts,1.86,,89,,Yes
11,11/12/24,2,S1,MAT522 / 12,GEOMETRY A,ROCHELLE AITON,10,2027,D+,1.90 pts,3.57,,175,,Yes
11,11/12/24,2,S1,MAT522 / 12,GEOMETRY A,NINETTE LILIENTHAL,10,2027,D+,1.90 pts,3.57,,175,,Yes
11,11/12/24,6,S1,SCI601 / 16,BIOLOGY A,GRANT MERRILL,10,2027,D+,1.80 pts,3.29,,175,,Yes
11,11/12/24,3,S1,SCI601 / 13,BIOLOGY A,GRANT MERRILL,10,2027,B-,2.84 pts,6.14,,372,,Yes
11,11/12/24,5,S1,MAT522 / 15,GEOMETRY A,BRIAN ANDERSON,10,2027,F,1.18 pts,6.86,,372,,Yes
11,11/12/24,5,S1,MAT522 / 15,GEOMETRY A,BRIAN ANDERSON,10,2027,F,1.16 pts,3.71,,390,,Yes
11,11/12/24,2,S1,ENG601 / 12,SOPH ENG/A,KELLY GREGERSEN,10,2027,D,1.76 pts,7,,48,,Yes
11,11/12/24,3,S1,SCI601 / 13,BIOLOGY A,GRANT MERRILL,10,2027,C-,2.02 pts,7,,48,,Yes
11,11/12/24,5,S1,MAT522 / 15,GEOMETRY A,BRIAN ANDERSON,10,2027,C,2.47 pts,7,,48,,Yes
11,11/12/24,3,S1,MAT522 / 13,GEOMETRY A,ROCHELLE AITON,10,2027,C,2.26 pts,1.71,,382,,Yes
11,11/12/24,3,S1,MAT522 / 13,GEOMETRY A,NINETTE LILIENTHAL,10,2027,C,2.26 pts,1.71,,382,,Yes
11,11/12/24,2,S1,SCI609 / 12,CHEMISTRY/A,GRANT MERRILL,11,2026,C+,2.51 pts,1.83,,60,,Yes
11,11/12/24,3,S1,MAT701 / 13,ALGEBRA II A,JENNIFER REILLY,11,2026,A,4.00 pts,1.83,,60,,Yes
11,11/12/24,5,S1,MAT522 / 15,GEOMETRY A,BRIAN ANDERSON,10,2027,F,1.18 pts,4.71,,59,,Yes
11,11/12/24,4,S1,SCI601 / 14,BIOLOGY A,GRANT MERRILL,10,2027,C+,2.65 pts,2,,169,,Yes
11,11/12/24,5,S1,MAT522 / 15,GEOMETRY A,BRIAN ANDERSON,10,2027,F,1.36 pts,2,,169,,Yes
11,11/12/24,4,S1,MAT522 / 14,GEOMETRY A,ROCHELLE AITON,10,2027,C,2.48 pts,0.57,,454,,Yes
11,11/12/24,4,S1,MAT522 / 14,GEOMETRY A,NINETTE LILIENTHAL,10,2027,C,2.48 pts,0.57,,454,,Yes
11,11/12/24,3,S1,SCI601 / 13,BIOLOGY A,GRANT MERRILL,10,2027,F,0.75 pts,2.57,,402,,Yes
11,11/12/24,5,S1,MAT522 / 15,GEOMETRY A,BRIAN ANDERSON,10,2027,F,0.64 pts,3.14,,402,,Yes
11,11/12/24,6,S1,SCI601 / 16,BIOLOGY A,GRANT MERRILL,10,2027,C-,2.09 pts,0.86,,144,,Yes
11,11/12/24,3,S1,MAT522 / 13,GEOMETRY A,ROCHELLE AITON,11,2026,F,1.62 pts,8.57,,214,,Yes
11,11/12/24,3,S1,MAT522 / 13,GEOMETRY A,NINETTE LILIENTHAL,11,2026,F,1.62 pts,8.57,,214,,Yes
11,11/12/24,5,S1,ENG701 / 15,JUNIOR ENG/A,JOHN CARVER,11,2026,D+,1.98 pts,8.29,,214,,Yes
11,11/12/24,3,S1,MAT522 / 13,GEOMETRY A,ROCHELLE AITON,10,2027,F,0.24 pts,14.57,,360,,Yes
11,11/12/24,3,S1,MAT522 / 13,GEOMETRY A,NINETTE LILIENTHAL,10,2027,F,0.24 pts,14.57,,360,,Yes
11,11/12/24,6,S1,SCI601 / 16,BIOLOGY A,GRANT MERRILL,10,2027,F,0.92 pts,15.57,,360,,Yes
11,11/12/24,5,S1,ENG601 / 15,SOPH ENG/A,MARCEE SALAS,10,2027,C-,2.04 pts,2.14,,139,,Yes
11,11/12/24,2,S1,SCI609 / 12,CHEMISTRY/A,GRANT MERRILL,12,2025,,1.04 pts,0,,197,,Yes
11,11/12/24,3,S1,MAT701 / 13,ALGEBRA II A,JENNIFER REILLY,10,2027,B+,3.32 pts,0,,405,,Yes
11,11/12/24,5,S1,ENG601 / 15,SOPH ENG/A,MARCEE SALAS,10,2027,B+,3.20 pts,0,,405,,Yes
11,11/12/24,6,S1,SCI601 / 16,BIOLOGY A,GRANT MERRILL,10,2027,D+,1.98 pts,0.14,,405,,Yes
11,11/12/24,3,S1,SCI601 / 13,BIOLOGY A,GRANT MERRILL,10,2027,C-,2.00 pts,5.86,,333,,Yes
11,11/12/24,5,S1,MAT522 / 15,GEOMETRY A,BRIAN ANDERSON,10,2027,C-,2.16 pts,7.14,,340,,Yes
11,11/12/24,6,S1,SCI601 / 36,BIOLOGY A,WILLIAM BAUR,10,2027,C-,2.01 pts,7.29,,340,,Yes
11,11/12/24,1,S1,MAT522 / 11,GEOMETRY A,ROCHELLE AITON,10,2027,C,2.21 pts,0.86,,132,,Yes
11,11/12/24,1,S1,MAT522 / 11,GEOMETRY A,NINETTE LILIENTHAL,10,2027,C,2.21 pts,0.86,,132,,Yes
11,11/12/24,2,S1,ENG601 / 12,SOPH ENG/A,KELLY GREGERSEN,10,2027,C,2.48 pts,0.86,,132,,Yes
11,11/12/24,3,S1,SCI601 / 13,BIOLOGY A,GRANT MERRILL,10,2027,C-,2.09 pts,0.86,,132,,Yes
11,11/12/24,2,S1,ENG601 / 12,SOPH ENG/A,KELLY GREGERSEN,10,2027,D,1.76 pts,1,,404,,Yes
11,11/12/24,3,S1,MAT522 / 13,GEOMETRY A,ROCHELLE AITON,10,2027,C,2.47 pts,1,,404,,Yes
11,11/12/24,3,S1,MAT522 / 13,GEOMETRY A,NINETTE LILIENTHAL,10,2027,C,2.47 pts,1,,404,,Yes
11,11/12/24,4,S1,SCI601 / 14,BIOLOGY A,GRANT MERRILL,10,2027,D+,1.84 pts,1,,404,,Yes
11,11/12/24,1,S1,MAT522 / 11,GEOMETRY A,ROCHELLE AITON,10,2027,F,0.64 pts,6.43,,273,,Yes
11,11/12/24,1,S1,MAT522 / 11,GEOMETRY A,NINETTE LILIENTHAL,10,2027,F,0.64 pts,6.43,,273,,Yes
11,11/12/24,5,S1,ENG601 / 15,SOPH ENG/A,MARCEE SALAS,10,2027,C+,2.53 pts,5.29,,273,,Yes
11,11/12/24,6,S1,SCI601 / 36,BIOLOGY A,WILLIAM BAUR,10,2027,D,1.74 pts,3.86,,273,,Yes
11,11/12/24,2,S1,MAT701 / 12,ALGEBRA II A,JASON BLAESING,11,2026,C-,2.15 pts,5,,167,,Yes
11,11/12/24,6,S1,SOC701 / 16,US HISTORY/A,SCOTT BOOTHBY,11,2026,F,1.03 pts,4.14,,167,,Yes
11,11/12/24,3,S1,MAT522 / 13,GEOMETRY A,ROCHELLE AITON,10,2027,B-,2.75 pts,2,,236,,Yes
11,11/12/24,3,S1,MAT522 / 13,GEOMETRY A,NINETTE LILIENTHAL,10,2027,B-,2.75 pts,2,,236,,Yes
11,11/12/24,4,S1,SCI601 / 14,BIOLOGY A,GRANT MERRILL,10,2027,B-,2.82 pts,2.29,,236,,Yes
11,11/12/24,5,S1,ENG601 / 15,SOPH ENG/A,MARCEE SALAS,10,2027,C,2.37 pts,2,,236,,Yes
11,11/12/24,2,S1,ENG601 / 12,SOPH ENG/A,KELLY GREGERSEN,10,2027,C-,2.13 pts,3.43,,235,,Yes
11,11/12/24,4,S1,SCI601 / 14,BIOLOGY A,GRANT MERRILL,10,2027,B,2.99 pts,3.43,,445,,Yes
11,11/12/24,1,S1,MAT704 / 11,PRE-CALC A MAT 153,BRIAN ANDERSON,12,2025,C-,2.02 pts,3.14,,325,,Yes
11,11/12/24,2,S1,BUS301 / 12,PERSONAL FINANCE A,NICOLE SIMEK,12,2025,A,3.99 pts,2.29,,325,,Yes
11,11/12/24,3,S1,MAT701 / 13,ALGEBRA II A,JENNIFER REILLY,10,2027,D+,1.97 pts,6,,130,,Yes
11,11/12/24,5,S1,ENG601 / 15,SOPH ENG/A,MARCEE SALAS,10,2027,B,3.06 pts,6,,130,,Yes
11,11/12/24,1,S1,ENG701 / 11,JUNIOR ENG/A,JOHN CARVER,11,2026,F,1.64 pts,16.36,,1,,#N/A
11,11/12/24,2,S1,PED500 / 12,WEIGHT TRAINING,SCOTT BOOTHBY,11,2026,D,1.78 pts,16.21,,1,,#N/A
11,11/12/24,3,S1,MAT701 / 13,ALGEBRA II A,JENNIFER REILLY,11,2026,F,0.57 pts,15.5,,1,Active,Yes
11,11/12/24,4,S1,CTE114 / 14,ENGINEERING A,JASON BLAESING,11,2026,C,2.22 pts,14.57,,1,,#N/A
11,11/12/24,5,S1,SOC701 / 15,US HISTORY/A,DAVE HAJEK,11,2026,F,0.08 pts,14.86,,1,,#N/A
11,11/12/24,6,S1,FAR604 / 16,SCENE DESIGN,KELLY GREGERSEN,11,2026,C-,2.02 pts,14.86,,1,,#N/A
11,11/12/24,1,S1,CTA101 / 11,CTA S1,MARK CASTLE,11,2026,,,0,,3,,#N/A
11,11/12/24,2,S1,CTA101 / 11,CTA S1,MARK CASTLE,11,2026,,,0,,3,,#N/A
11,11/12/24,3,S1,CTA101 / 11,CTA S1,MARK CASTLE,11,2026,,,0,,3,,#N/A
11,11/12/24,4,S1,MAT701 / 14,ALGEBRA II A,JENNIFER REILLY,11,2026,C,2.25 pts,1,,3,,#N/A
11,11/12/24,5,S1,ASL503 / 15,AMERICAN SIGN LANGUAGE II/A,TAMI GRANT,11,2026,A,3.88 pts,1,,3,,#N/A
11,11/12/24,6,S1,ENG701 / 16,JUNIOR ENG/A,JOHN CARVER,11,2026,A-,3.59 pts,1.33,,3,,#N/A
11,11/12/24,1,S1,FAR505 / 11,CONCERT CHOIR/A,DAVID DUARTE,10,2027,A,4.00 pts,2.43,,4,,#N/A
11,11/12/24,2,S1,SPA501 / 12,SPANISH 1 A,ROCHELLE AITON,10,2027,A,3.76 pts,1.14,,4,,#N/A
11,11/12/24,3,S1,SOC108 / 13,WORLD HISTORY/A,RYAN ISAACSON,10,2027,C+,2.66 pts,0.71,,4,,#N/A
11,11/12/24,4,S1,SCI601 / 14,BIOLOGY A,GRANT MERRILL,10,2027,F,1.06 pts,2.86,,4,,Yes
11,11/12/24,5,S1,ENG601 / 15,SOPH ENG/A,MARCEE SALAS,10,2027,C,2.26 pts,1.86,,4,,Yes
11,11/12/24,6,S1,MAT522 / 36,GEOMETRY A,ROCHELLE AITON,10,2027,D+,1.88 pts,2.14,,4,,#N/A
11,11/12/24,6,S1,MAT522 / 36,GEOMETRY A,NINETTE LILIENTHAL,10,2027,D+,1.88 pts,2.14,,4,,#N/A
11,11/12/24,1,S1,VOC705 / 11,DIGITAL PHOTOGRAPHY I,ROSANNA RUFF,11,2026,C,2.48 pts,7.14,,5,,#N/A
11,11/12/24,2,S1,BUS301 / 12,PERSONAL FINANCE A,NICOLE SIMEK,11,2026,C+,2.66 pts,7,,5,,Yes
11,11/12/24,3,S1,SCI503 / 33,PHYSICAL SCIENCE A,WILLIAM BAUR,11,2026,F,1.42 pts,8.14,,5,,#N/A
11,11/12/24,4,S1,SOC701 / 14,US HISTORY/A,DAVE HAJEK,11,2026,D+,1.99 pts,7.71,,5,,Yes
11,11/12/24,5,S1,ENG701 / 15,JUNIOR ENG/A,JOHN CARVER,11,2026,C,2.30 pts,8.29,,5,,Yes
11,11/12/24,6,S1,PED500 / 16,WEIGHT TRAINING,SCOTT DIZMANG,11,2026,A,3.63 pts,8.29,,5,,#N/A
11,11/12/24,1,S1,PED513 / 11,TEAM GAMES,SCOTT DIZMANG,10,2027,A-,3.53 pts,2,,6,,#N/A
11,11/12/24,2,S1,MAT522 / 12,GEOMETRY A,ROCHELLE AITON,10,2027,B,3.16 pts,2,John L,6,Active,Yes
11,11/12/24,2,S1,MAT522 / 12,GEOMETRY A,NINETTE LILIENTHAL,10,2027,B,3.16 pts,2,John L,6,Active,Yes
11,11/12/24,3,S1,SOC108 / 13,WORLD HISTORY/A,RYAN ISAACSON,10,2027,D+,1.92 pts,2.14,,6,,#N/A
11,11/12/24,4,S1,FAR109 / 14,CERAMICS II,ROBERT YEE,10,2027,A,4.00 pts,2.14,,6,,#N/A
11,11/12/24,5,S1,ENG601 / 15,SOPH ENG/A,MARCEE SALAS,10,2027,D,1.75 pts,2.14,,6,,Yes
11,11/12/24,6,S1,SCI601 / 36,BIOLOGY A,WILLIAM BAUR,10,2027,F,1.49 pts,2.14,,6,,Yes
11,11/12/24,1,S1,ENG801 / 11,SENIOR ENG/A,HEATHER CARVER,12,2025,D+,1.89 pts,5.43,,7,,#N/A
11,11/12/24,2,S1,BUS301 / 12,PERSONAL FINANCE A,NICOLE SIMEK,12,2025,F,1.55 pts,5.29,,7,,Yes
11,11/12/24,3,S1,ONT400 / 13,ON-TRACK/A,BRIAN ANDERSON,12,2025,A,4.00 pts,4.71,,7,,#N/A
11,11/12/24,4,S1,ENG715 / 14,FILM AS LITERATURE,KELLY GREGERSEN,12,2025,C,2.45 pts,5.29,,7,,#N/A
11,11/12/24,5,S1,CTE100 / 15,MEDICAL CAREERS & TERMINOLOG/A,DONNA SCHATZ,12,2025,D+,1.85 pts,5,,7,,#N/A
11,11/12/24,6,S1,SOC802 / 16,CIVICS,JIM REED,12,2025,D,1.69 pts,5.14,,7,,#N/A
11,11/12/24,1,S1,FAR720 / 11,PANTHER PLAYERS/A,KELLY GREGERSEN,11,2026,A-,3.54 pts,3.57,,46,,#N/A
11,11/12/24,2,S1,SCI609 / 12,CHEMISTRY/A,GRANT MERRILL,11,2026,C,2.36 pts,3.43,,46,,Yes
11,11/12/24,3,S1,MAT701 / 13,ALGEBRA II A,JENNIFER REILLY,11,2026,C,2.39 pts,3.43,,46,,Yes
11,11/12/24,4,S1,ENG715 / 14,FILM AS LITERATURE,KELLY GREGERSEN,11,2026,A,3.97 pts,3.86,,46,,#N/A
11,11/12/24,5,S1,SOC701 / 15,US HISTORY/A,DAVE HAJEK,11,2026,C+,2.69 pts,3.43,,46,,#N/A
11,11/12/24,6,S1,SPA501 / 16,SPANISH 1 A,ROCHELLE AITON,11,2026,B+,3.32 pts,3.43,,46,,#N/A
11,11/12/24,1,S1,FAR720 / 11,PANTHER PLAYERS/A,KELLY GREGERSEN,12,2025,A,3.99 pts,4.71,,8,,#N/A
11,11/12/24,2,S1,SPS103 / 12,OFFICE ASSISTANT,MARK CASTLE,12,2025,,,3.29,,8,,#N/A
11,11/12/24,3,S1,PED500 / 13,WEIGHT TRAINING,SCOTT BOOTHBY,12,2025,A-,3.49 pts,2.57,,8,,#N/A
11,11/12/24,4,S1,ENG717 / 14,AP LITERATURE/ COMPOSITION A,HEATHER CARVER,12,2025,C-,2.01 pts,3.71,,8,,#N/A
11,11/12/24,5,S1,SOC802 / 15,CIVICS,SCOTT BOOTHBY,12,2025,B+,3.20 pts,3.71,,8,,#N/A
11,11/12/24,6,S1,SCI503 / 16,PHYSICAL SCIENCE A,JAMES BENNETT,12,2025,D+,1.89 pts,4,,8,,#N/A
11,11/12/24,1,S1,PED500 / 11,WEIGHT TRAINING,SCOTT BOOTHBY,10,2027,A,3.67 pts,2.71,,9,,#N/A
11,11/12/24,2,S1,SOC108 / 12,WORLD HISTORY/A,DAVID HOLLINGSWORTH,10,2027,B-,2.82 pts,2.71,,9,,#N/A
11,11/12/24,3,S1,SCI601 / 13,BIOLOGY A,GRANT MERRILL,10,2027,C,2.24 pts,1.86,,9,,Yes
11,11/12/24,4,S1,FAR109 / 14,CERAMICS II,ROBERT YEE,10,2027,A-,3.58 pts,1.57,,9,,#N/A
11,11/12/24,5,S1,MAT522 / 15,GEOMETRY A,BRIAN ANDERSON,10,2027,F,1.04 pts,1.57,,9,,Yes
11,11/12/24,6,S1,ENG601 / 16,SOPH ENG/A,MARCEE SALAS,10,2027,C,2.23 pts,1.57,,9,,#N/A
11,11/12/24,1,S1,MAT522 / 11,GEOMETRY A,ROCHELLE AITON,10,2027,C,2.22 pts,0,John L,10,Active,Yes
11,11/12/24,1,S1,MAT522 / 11,GEOMETRY A,NINETTE LILIENTHAL,10,2027,C,2.22 pts,0,John L,10,Active,Yes
11,11/12/24,2,S1,ENG601 / 12,SOPH ENG/A,KELLY GREGERSEN,10,2027,B-,2.82 pts,0,,10,,Yes
11,11/12/24,3,S1,SOC108 / 13,WORLD HISTORY/A,RYAN ISAACSON,10,2027,C,2.25 pts,0,,10,,#N/A
11,11/12/24,4,S1,HFL118 / 14,ADV CULINARY ARTS A,ALEXANDRA YOST,10,2027,C+,2.52 pts,0,,10,,#N/A
11,11/12/24,5,S1,VOC106 / 15,METAL MANUFACTURING & TECH I,DONALD O'BRIEN,10,2027,A,3.96 pts,0,,10,,#N/A
11,11/12/24,6,S1,SCI601 / 16,BIOLOGY A,GRANT MERRILL,10,2027,C+,2.65 pts,0.14,,10,,Yes
11,11/12/24,1,S1,SPA601 / 11,SPANISH II A,ROCHELLE AITON,11,2026,B-,2.78 pts,1,,11,,#N/A
11,11/12/24,2,S1,HFL116 / 12,BAKING PASTRY ARTS I,KAYLA PAYNE,11,2026,A-,3.59 pts,1,,11,,#N/A
11,11/12/24,3,S1,MAT701 / 13,ALGEBRA II A,JENNIFER REILLY,11,2026,C,2.47 pts,1.57,,11,,Yes
11,11/12/24,4,S1,CTE114 / 14,ENGINEERING A,JASON BLAESING,11,2026,B+,3.27 pts,1.57,,11,,#N/A
11,11/12/24,5,S1,SOC703 / 15,AP US HISTORY A,RYAN ISAACSON,11,2026,A,3.98 pts,1.43,,11,,#N/A
11,11/12/24,6,S1,ENG701 / 16,JUNIOR ENG/A,JOHN CARVER,11,2026,B+,3.38 pts,1,,11,,#N/A
11,11/12/24,1,S1,CTE114 / 11,ENGINEERING A,JASON BLAESING,11,2026,B-,2.79 pts,6,,12,,#N/A
11,11/12/24,2,S1,VOC116 / 12,BASIC CARPENTRY 1,BRENT MANSELL,11,2026,D+,1.93 pts,6,,12,,#N/A
11,11/12/24,3,S1,BUS301 / 13,PERSONAL FINANCE A,NICOLE SIMEK,11,2026,C,2.33 pts,6,,12,,Yes
11,11/12/24,4,S1,SOC701 / 14,US HISTORY/A,DAVE HAJEK,11,2026,D+,1.82 pts,6.43,,12,,Yes
11,11/12/24,5,S1,VOC504 / 15,ADV FINE ARTS WOODWORKING I,BRENT MANSELL,11,2026,A,4.00 pts,6.43,,12,,#N/A
11,11/12/24,6,S1,ENG701 / 16,JUNIOR ENG/A,JOHN CARVER,11,2026,C,2.41 pts,6.43,,12,,#N/A
11,11/12/24,1,S1,MAT522 / 11,GEOMETRY A,ROCHELLE AITON,10,2027,F,1.46 pts,5.43,John L,13,Active,Yes
11,11/12/24,1,S1,MAT522 / 11,GEOMETRY A,NINETTE LILIENTHAL,10,2027,F,1.46 pts,5.43,John L,13,Active,Yes
11,11/12/24,2,S1,ENG601 / 12,SOPH ENG/A,KELLY GREGERSEN,10,2027,F,1.46 pts,5.14,,13,,Yes
11,11/12/24,3,S1,SCI601 / 33,BIOLOGY A,DONNA SCHATZ,10,2027,D,1.65 pts,5.29,,13,,#N/A
11,11/12/24,4,S1,CTE114 / 14,ENGINEERING A,JASON BLAESING,10,2027,F,1.22 pts,3.43,,13,,#N/A
11,11/12/24,5,S1,HFL113 / 15,INTRO CULINARY ART,ALEXANDRA YOST,10,2027,C+,2.51 pts,5.14,,13,,#N/A
11,11/12/24,6,S1,SOC108 / 36,WORLD HISTORY/A,DAVE HAJEK,10,2027,F,1.34 pts,5.29,,13,,#N/A
11,11/12/24,1,S1,ENG701 / 11,JUNIOR ENG/A,JOHN CARVER,11,2026,B,3.12 pts,2.57,,14,,#N/A
11,11/12/24,2,S1,VOC705 / 12,DIGITAL PHOTOGRAPHY I,ROSANNA RUFF,11,2026,C+,2.66 pts,1.86,,14,,#N/A
11,11/12/24,3,S1,MAT701 / 13,ALGEBRA II A,JENNIFER REILLY,11,2026,F,0.97 pts,2.29,Johnathan,14,Active,Yes
11,11/12/24,4,S1,SCI503 / 14,PHYSICAL SCIENCE A,JAMES BENNETT,11,2026,C-,2.03 pts,2.71,,14,,#N/A
11,11/12/24,5,S1,SOC701 / 15,US HISTORY/A,DAVE HAJEK,11,2026,B-,2.84 pts,2.57,,14,,#N/A
11,11/12/24,6,S1,VOC502 / 16,FINE ARTS WOODWORKING I,BRENT MANSELL,11,2026,A,4.00 pts,2.29,,14,,#N/A
11,11/12/24,1,S1,SPA601 / 11,SPANISH II A,ROCHELLE AITON,10,2027,A-,3.58 pts,0,,15,,#N/A
11,11/12/24,2,S1,ENG601 / 12,SOPH ENG/A,KELLY GREGERSEN,10,2027,C-,2.00 pts,0,,15,,Yes
11,11/12/24,3,S1,SOC108 / 13,WORLD HISTORY/A,RYAN ISAACSON,10,2027,B-,2.89 pts,0.43,,15,,#N/A
11,11/12/24,4,S1,SCI601 / 14,BIOLOGY A,GRANT MERRILL,10,2027,D,1.68 pts,0.43,,15,,Yes
11,11/12/24,5,S1,PED513 / 15,TEAM GAMES,SCOTT DIZMANG,10,2027,B,3.05 pts,0,,15,,#N/A
11,11/12/24,6,S1,MAT522 / 36,GEOMETRY A,ROCHELLE AITON,10,2027,C,2.48 pts,0.57,,15,,#N/A
11,11/12/24,6,S1,MAT522 / 36,GEOMETRY A,NINETTE LILIENTHAL,10,2027,C,2.48 pts,0.57,,15,,#N/A
11,11/12/24,1,S1,SOC108 / 11,WORLD HISTORY/A,DAVID HOLLINGSWORTH,10,2027,C,2.46 pts,2.86,,16,,#N/A
11,11/12/24,2,S1,FAR113 / 12,INTRO TO ART AND DESIGN,ROBERT YEE,10,2027,B,3.00 pts,2.71,,16,,#N/A
11,11/12/24,3,S1,CTE120 / 13,CYBER SECURITY I,ROSANNA RUFF,10,2027,F,1.08 pts,2.71,,16,,#N/A
11,11/12/24,4,S1,MAT522 / 14,GEOMETRY A,ROCHELLE AITON,10,2027,F,1.12 pts,2,,16,,Yes
11,11/12/24,4,S1,MAT522 / 14,GEOMETRY A,NINETTE LILIENTHAL,10,2027,F,1.12 pts,2,,16,,Yes
11,11/12/24,5,S1,SCI503 / 35,PHYSICAL SCIENCE A,WILLIAM BAUR,10,2027,F,0.58 pts,2.71,,16,,#N/A
11,11/12/24,6,S1,ENG601 / 16,SOPH ENG/A,MARCEE SALAS,10,2027,C,2.49 pts,2.71,,16,,#N/A
11,11/12/24,1,S1,SOC108 / 11,WORLD HISTORY/A,DAVID HOLLINGSWORTH,10,2027,,4.00 pts,0,,17,,#N/A
11,11/12/24,1,S1,VOC106 / 11,METAL MANUFACTURING & TECH I,DONALD O'BRIEN,10,2027,D+,1.88 pts,2.71,,17,,#N/A
11,11/12/24,2,S1,ENG601 / 12,SOPH ENG/A,KELLY GREGERSEN,10,2027,D+,1.94 pts,1.29,,17,,Yes
11,11/12/24,3,S1,SCI601 / 33,BIOLOGY A,DONNA SCHATZ,10,2027,F,1.41 pts,2.57,,17,,#N/A
11,11/12/24,4,S1,MAT522 / 14,GEOMETRY A,ROCHELLE AITON,10,2027,F,1.20 pts,2.43,John L,17,Active,Yes
11,11/12/24,4,S1,MAT522 / 14,GEOMETRY A,NINETTE LILIENTHAL,10,2027,F,1.20 pts,2.43,John L,17,Active,Yes
11,11/12/24,5,S1,PED513 / 15,TEAM GAMES,SCOTT DIZMANG,10,2027,A,3.99 pts,1.71,,17,,#N/A
11,11/12/24,6,S1,VOC620 / 16,METAL CRAFTS & PRODUCTION I,DONALD O'BRIEN,10,2027,,0.00 pts,0,,17,,#N/A
11,11/12/24,6,S1,SOC108 / 36,WORLD HISTORY/A,DAVE HAJEK,10,2027,F,1.44 pts,2.29,,17,,#N/A
11,11/12/24,1,S1,PED101 / 11,PHYSICAL EDUCATION,KATHERINE STURDYVIN-SCOBBA,12,2025,F,1.48 pts,3.71,,18,,#N/A
11,11/12/24,2,S1,BUS301 / 12,PERSONAL FINANCE A,NICOLE SIMEK,12,2025,B-,2.79 pts,1.86,,18,,Yes
11,11/12/24,3,S1,SOC802 / 13,CIVICS,JIM REED,12,2025,F,0.97 pts,1.86,,18,,#N/A
11,11/12/24,4,S1,AACTM1 / 14,ACADEMIC ACHIEVEMENT A,TIMOTHY MOORE,12,2025,A,3.67 pts,3.71,,18,,#N/A
11,11/12/24,5,S1,ONT400 / 15,ON-TRACK/A,ROBERT YEE,12,2025,B,2.90 pts,2.14,,18,,#N/A
11,11/12/24,6,S1,ENG801 / 16,SENIOR ENG/A,HEATHER CARVER,12,2025,B,3.17 pts,2.14,,18,,#N/A
11,11/12/24,1,S1,PED500 / 11,WEIGHT TRAINING,SCOTT BOOTHBY,9,2028,A,3.94 pts,3,,2,,#N/A
11,11/12/24,2,S1,ASL501 / 12,AMERICAN SIGN LANGUAGE I/A,KYLA RITCHEY,9,2028,A,3.68 pts,3,,2,,#N/A
11,11/12/24,3,S1,MAT520 / 33,ALGEBRA I A,JANET GROVE,9,2028,B,3.01 pts,3.86,,2,,#N/A
11,11/12/24,4,S1,SCI503 / 14,PHYSICAL SCIENCE A,JAMES BENNETT,9,2028,C+,2.56 pts,5.43,,2,,#N/A
11,11/12/24,5,S1,HFL113 / 15,INTRO CULINARY ART,ALEXANDRA YOST,9,2028,C,2.27 pts,5.71,,2,,#N/A
11,11/12/24,6,S1,ENG501 / 16,FR ENGLISH/A,DAVID HOLLINGSWORTH,9,2028,C,2.34 pts,5.71,,2,,Yes
11,11/12/24,1,S1,CTE114 / 11,ENGINEERING A,JASON BLAESING,11,2026,B,3.11 pts,0.57,,19,,#N/A
11,11/12/24,2,S1,FAR113 / 12,INTRO TO ART AND DESIGN,ROBERT YEE,11,2026,A,3.61 pts,0,,19,,#N/A
11,11/12/24,3,S1,FAR605 / 13,INTRO TO THEATRE,KELLY GREGERSEN,11,2026,A,3.68 pts,0,,19,,#N/A
11,11/12/24,4,S1,ENG701 / 14,JUNIOR ENG/A,JOHN CARVER,11,2026,A-,3.56 pts,1.43,,19,,#N/A
11,11/12/24,5,S1,SOC703 / 15,AP US HISTORY A,RYAN ISAACSON,11,2026,B,3.18 pts,1.29,,19,,#N/A
11,11/12/24,6,S1,MAT701 / 16,ALGEBRA II A,JASON BLAESING,11,2026,D,1.76 pts,1.43,Johnathan,19,Active,Yes
11,11/12/24,1,S1,ENG601 / 11,SOPH ENG/A,MARCEE SALAS,10,2027,B-,2.81 pts,3,,20,,#N/A
11,11/12/24,2,S1,MAT522 / 32,GEOMETRY A,BRIAN ANDERSON,10,2027,F,1.19 pts,3,,20,,#N/A
11,11/12/24,3,S1,VOC620 / 13,METAL CRAFTS & PRODUCTION I,DONALD O'BRIEN,10,2027,A-,3.40 pts,2.57,,20,,#N/A
11,11/12/24,4,S1,SCI601 / 14,BIOLOGY A,GRANT MERRILL,10,2027,D+,1.87 pts,1.14,,20,,Yes
11,11/12/24,5,S1,CTE100 / 15,MEDICAL CAREERS & TERMINOLOG/A,DONNA SCHATZ,10,2027,A,3.72 pts,1.43,,20,,#N/A
11,11/12/24,6,S1,SOC108 / 36,WORLD HISTORY/A,DAVE HAJEK,10,2027,F,1.57 pts,1.29,,20,,#N/A
11,11/12/24,1,S1,SOC701 / 11,US HISTORY/A,DAVE HAJEK,11,2026,F,1.11 pts,7.86,,21,,#N/A
11,11/12/24,2,S1,SCI609 / 12,CHEMISTRY/A,GRANT MERRILL,11,2026,F,1.10 pts,6.71,,21,,Yes
11,11/12/24,3,S1,BUS301 / 13,PERSONAL FINANCE A,NICOLE SIMEK,11,2026,B,2.91 pts,7.43,,21,,Yes
11,11/12/24,4,S1,HFL118 / 14,ADV CULINARY ARTS A,ALEXANDRA YOST,11,2026,A,3.72 pts,7.43,,21,,#N/A
11,11/12/24,5,S1,ENG701 / 15,JUNIOR ENG/A,JOHN CARVER,11,2026,B-,2.76 pts,6.86,,21,,Yes
11,11/12/24,6,S1,PED500 / 16,WEIGHT TRAINING,SCOTT DIZMANG,11,2026,A,3.76 pts,7.43,,21,,#N/A
11,11/12/24,1,S1,FAR109 / 11,CERAMICS II,ROBERT YEE,11,2026,B,3.17 pts,0.57,,22,,#N/A
11,11/12/24,2,S1,FAR113 / 12,INTRO TO ART AND DESIGN,ROBERT YEE,11,2026,B+,3.31 pts,0.86,,22,,#N/A
11,11/12/24,3,S1,MAT701 / 13,ALGEBRA II A,JENNIFER REILLY,11,2026,A-,3.42 pts,1.71,,22,,Yes
11,11/12/24,4,S1,SCI503 / 34,PHYSICAL SCIENCE A,WILLIAM BAUR,11,2026,A-,3.43 pts,1.14,,22,,#N/A
11,11/12/24,5,S1,SOC701 / 15,US HISTORY/A,DAVE HAJEK,11,2026,C,2.36 pts,1.14,,22,,#N/A
11,11/12/24,6,S1,ENG701 / 16,JUNIOR ENG/A,JOHN CARVER,11,2026,A-,3.43 pts,1.29,,22,,#N/A
11,11/12/24,1,S1,SCI503 / 11,PHYSICAL SCIENCE A,JAMES BENNETT,11,2026,C,2.27 pts,15.57,,23,,#N/A
11,11/12/24,2,S1,BUS301 / 12,PERSONAL FINANCE A,NICOLE SIMEK,11,2026,F,1.30 pts,15,Doug,23,Active,Yes
11,11/12/24,3,S1,ONT400 / 13,ON-TRACK/A,BRIAN ANDERSON,11,2026,C,2.29 pts,14.57,,23,,#N/A
11,11/12/24,4,S1,SOC701 / 14,US HISTORY/A,DAVE HAJEK,11,2026,F,0.51 pts,14.57,Rebecca,23,Active,Yes
11,11/12/24,5,S1,ENG701 / 15,JUNIOR ENG/A,JOHN CARVER,11,2026,F,1.46 pts,13.86,,23,,Yes
11,11/12/24,6,S1,VOC620 / 16,METAL CRAFTS & PRODUCTION I,DONALD O'BRIEN,11,2026,,0.00 pts,1.29,,23,,#N/A
11,11/12/24,6,S1,FAR604 / 16,SCENE DESIGN,KELLY GREGERSEN,11,2026,C,2.40 pts,13.57,,23,,#N/A
11,11/12/24,1,S1,MAT704 / 11,PRE-CALC A MAT 153,BRIAN ANDERSON,12,2025,F,1.15 pts,1.5,,24,,Yes
11,11/12/24,2,S1,RUN101 / 12,RUNNING START/A,,12,2025,,,0,,24,,#N/A
11,11/12/24,3,S1,CTE120 / 13,CYBER SECURITY I,ROSANNA RUFF,12,2025,A,3.68 pts,2,,24,,#N/A
11,11/12/24,4,S1,ENG717 / 14,AP LITERATURE/ COMPOSITION A,HEATHER CARVER,12,2025,,0.50 pts,1.25,,24,,#N/A
11,11/12/24,4,S1,RUN101 / 14,RUNNING START/A,,12,2025,,,0,,24,,#N/A
11,11/12/24,5,S1,SOC802 / 15,CIVICS,SCOTT BOOTHBY,12,2025,A,3.67 pts,1,,24,,#N/A
11,11/12/24,6,S1,RUN101 / 16,RUNNING START/A,,12,2025,,,0,,24,,#N/A
11,11/12/24,1,S1,PED513 / 11,TEAM GAMES,SCOTT DIZMANG,9,2028,A,3.76 pts,0,,25,,#N/A
11,11/12/24,2,S1,HFL114 / 12,FAMILY HEALTH,MICHAEL ISOTALO,9,2028,D+,1.88 pts,0.86,,25,,#N/A
11,11/12/24,3,S1,SCI503 / 33,PHYSICAL SCIENCE A,WILLIAM BAUR,9,2028,D,1.79 pts,0.86,,25,,#N/A
11,11/12/24,4,S1,VOC300 / 14,SMALL ENGINE REPAIR I,DONALD O'BRIEN,9,2028,B,2.92 pts,0.86,,25,,#N/A
11,11/12/24,5,S1,MAT520 / 15,ALGEBRA I A,KEVIN REILLY,9,2028,B-,2.71 pts,0.86,,25,,#N/A
11,11/12/24,6,S1,ENG501 / 16,FR ENGLISH/A,DAVID HOLLINGSWORTH,9,2028,D,1.70 pts,0.86,,25,,Yes
11,11/12/24,1,S1,SCI503 / 11,PHYSICAL SCIENCE A,JAMES BENNETT,11,2026,F,0.16 pts,15.71,,26,,#N/A
11,11/12/24,2,S1,VOC705 / 12,DIGITAL PHOTOGRAPHY I,ROSANNA RUFF,11,2026,C,2.42 pts,11.71,,26,,#N/A
11,11/12/24,3,S1,ONT400 / 13,ON-TRACK/A,BRIAN ANDERSON,11,2026,B-,2.86 pts,6.71,,26,,#N/A
11,11/12/24,4,S1,SOC701 / 14,US HISTORY/A,DAVE HAJEK,11,2026,F,1.19 pts,10.86,,26,,Yes
11,11/12/24,5,S1,BUS301 / 15,PERSONAL FINANCE A,NICOLE SIMEK,11,2026,F,1.48 pts,8.43,,26,,#N/A
11,11/12/24,6,S1,ENG701 / 16,JUNIOR ENG/A,JOHN CARVER,11,2026,C-,2.02 pts,11.57,,26,,#N/A
11,11/12/24,1,S1,ASL505 / 11,AMER SIGN III/A,TAMI GRANT,11,2026,A,4.00 pts,2.29,,29,,#N/A
11,11/12/24,2,S1,SCI503 / 32,PHYSICAL SCIENCE A,WILLIAM BAUR,11,2026,C+,2.67 pts,1.71,,29,,#N/A
11,11/12/24,3,S1,ENG719 / 13,AP LANGUAGE/COMPOSITION A,HEATHER CARVER,11,2026,B-,2.71 pts,2.43,,29,,#N/A
11,11/12/24,4,S1,MAT701 / 14,ALGEBRA II A,JENNIFER REILLY,11,2026,B-,2.81 pts,3.14,,29,,#N/A
11,11/12/24,5,S1,CTE501 / 15,PROJECT IN LEADERSHIP/A,KYLA RITCHEY,11,2026,A,3.92 pts,1.57,,29,,#N/A
11,11/12/24,6,S1,SOC701 / 16,US HISTORY/A,SCOTT BOOTHBY,11,2026,F,1.27 pts,2.57,,29,,Yes
11,11/12/24,1,S1,PED500 / 11,WEIGHT TRAINING,SCOTT BOOTHBY,12,2025,C,2.34 pts,5.71,,27,,#N/A
11,11/12/24,2,S1,BUS301 / 12,PERSONAL FINANCE A,NICOLE SIMEK,12,2025,D,1.77 pts,5.29,,27,,Yes
11,11/12/24,3,S1,ONT400 / 13,ON-TRACK/A,BRIAN ANDERSON,12,2025,A,4.00 pts,4.86,,27,,#N/A
11,11/12/24,4,S1,SOC802 / 14,CIVICS,JIM REED,12,2025,F,0.65 pts,6.29,,27,,#N/A
11,11/12/24,5,S1,CTE100 / 15,MEDICAL CAREERS & TERMINOLOG/A,DONNA SCHATZ,12,2025,F,0.55 pts,6.14,,27,,#N/A
11,11/12/24,6,S1,ENG801 / 16,SENIOR ENG/A,HEATHER CARVER,12,2025,F,0.96 pts,5.71,,27,,#N/A
11,11/12/24,1,S1,ENG601 / 11,SOPH ENG/A,MARCEE SALAS,10,2027,D+,1.83 pts,3.14,,28,,#N/A
11,11/12/24,2,S1,SCI601 / 32,BIOLOGY A,DONNA SCHATZ,10,2027,C,2.44 pts,3.14,,28,,#N/A
11,11/12/24,3,S1,ASL501 / 13,AMERICAN SIGN LANGUAGE I/A,KYLA RITCHEY,10,2027,A,4.00 pts,4.29,,28,,#N/A
11,11/12/24,4,S1,MAT522 / 14,GEOMETRY A,ROCHELLE AITON,10,2027,F,0.96 pts,3.86,,28,,Yes
11,11/12/24,4,S1,MAT522 / 14,GEOMETRY A,NINETTE LILIENTHAL,10,2027,F,0.96 pts,3.86,,28,,Yes
11,11/12/24,5,S1,CTE222 / 15,MUSIC PROD IA,DAVID DUARTE,10,2027,F,0.19 pts,4.14,,28,,#N/A
11,11/12/24,6,S1,SOC108 / 16,WORLD HISTORY/A,RYAN ISAACSON,10,2027,F,0.75 pts,4.14,,28,,#N/A
11,11/12/24,1,S1,PED513 / 11,TEAM GAMES,SCOTT DIZMANG,12,2025,B-,2.73 pts,3.86,,30,,#N/A
11,11/12/24,2,S1,ASL503 / 12,AMERICAN SIGN LANGUAGE II/A,TAMI GRANT,12,2025,B+,3.23 pts,3.14,,30,,#N/A
11,11/12/24,3,S1,BUS301 / 13,PERSONAL FINANCE A,NICOLE SIMEK,12,2025,B+,3.26 pts,2,,30,,Yes
11,11/12/24,4,S1,SOC802 / 14,CIVICS,JIM REED,12,2025,C,2.32 pts,2.86,,30,,#N/A
11,11/12/24,5,S1,VOC106 / 15,METAL MANUFACTURING & TECH I,DONALD O'BRIEN,12,2025,A,3.96 pts,3.43,,30,,#N/A
11,11/12/24,6,S1,ENG801 / 16,SENIOR ENG/A,HEATHER CARVER,12,2025,C+,2.54 pts,3.14,,30,,#N/A
11,11/12/24,1,S1,PED513 / 11,TEAM GAMES,SCOTT DIZMANG,11,2026,A,3.60 pts,19.34,,31,,#N/A
11,11/12/24,2,S1,MAT520 / 12,ALGEBRA I A,KEVIN REILLY,11,2026,C,2.25 pts,16.97,,31,,#N/A
11,11/12/24,3,S1,SOC701 / 13,US HISTORY/A,DAVE HAJEK,11,2026,W,0.00 pts,19.14,,31,,#N/A
11,11/12/24,3,S1,ELE403 / 13,LANGUAGE SUPPORT/A,HAYLEY ALVARADO,11,2026,,,0,,31,,Yes
11,11/12/24,4,S1,SCI503 / 34,PHYSICAL SCIENCE A,WILLIAM BAUR,11,2026,,0.00 pts,6.43,,31,,#N/A
11,11/12/24,4,S1,FAR108 / 14,CERAMICS I,ROBERT YEE,11,2026,F,0.00 pts,10.03,,31,,#N/A
11,11/12/24,5,S1,ENG701 / 15,JUNIOR ENG/A,JOHN CARVER,11,2026,W,1.54 pts,16.86,,31,,Yes
11,11/12/24,5,S1,NCR105 / 15,EARLY DISMISSAL,MARK CASTLE,11,2026,,,0,,31,,#N/A
11,11/12/24,6,S1,FAR108 / 16,CERAMICS I,ROBERT YEE,11,2026,,4.00 pts,6.43,,31,,#N/A
11,11/12/24,6,S1,NCR105 / 16,EARLY DISMISSAL,MARK CASTLE,11,2026,,,0,,31,,#N/A
11,11/12/24,6,S1,SCI601 / 36,BIOLOGY A,WILLIAM BAUR,11,2026,W,0.00 pts,12.57,,31,,Yes
11,11/12/24,1,S1,FAR108 / 11,CERAMICS I,ROBERT YEE,10,2027,A-,3.59 pts,1.43,,32,,#N/A
11,11/12/24,2,S1,SOC108 / 12,WORLD HISTORY/A,DAVID HOLLINGSWORTH,10,2027,F,1.44 pts,1.86,,32,,#N/A
11,11/12/24,3,S1,SCI601 / 33,BIOLOGY A,DONNA SCHATZ,10,2027,B-,2.78 pts,2,,32,,#N/A
11,11/12/24,4,S1,MAT522 / 14,GEOMETRY A,ROCHELLE AITON,10,2027,D+,1.90 pts,3.43,,32,,Yes
11,11/12/24,4,S1,MAT522 / 14,GEOMETRY A,NINETTE LILIENTHAL,10,2027,D+,1.90 pts,3.43,,32,,Yes
11,11/12/24,5,S1,ASL503 / 15,AMERICAN SIGN LANGUAGE II/A,TAMI GRANT,10,2027,C+,2.50 pts,3.57,,32,,#N/A
11,11/12/24,6,S1,ENG601 / 16,SOPH ENG/A,MARCEE SALAS,10,2027,C-,2.19 pts,3.57,,32,,#N/A
11,11/12/24,1,S1,VOC705 / 11,DIGITAL PHOTOGRAPHY I,ROSANNA RUFF,10,2027,C-,2.19 pts,1,,33,,#N/A
11,11/12/24,2,S1,MAT522 / 12,GEOMETRY A,ROCHELLE AITON,10,2027,F,1.27 pts,0.29,,33,,Yes
11,11/12/24,2,S1,MAT522 / 12,GEOMETRY A,NINETTE LILIENTHAL,10,2027,F,1.27 pts,0.29,,33,,Yes
11,11/12/24,3,S1,ASL501 / 13,AMERICAN SIGN LANGUAGE I/A,KYLA RITCHEY,10,2027,C,2.36 pts,0.29,,33,,#N/A
11,11/12/24,4,S1,SOC108 / 14,WORLD HISTORY/A,DAVID HOLLINGSWORTH,10,2027,C-,2.02 pts,0,,33,,#N/A
11,11/12/24,5,S1,ENG601 / 15,SOPH ENG/A,MARCEE SALAS,10,2027,C,2.34 pts,0,,33,,Yes
11,11/12/24,6,S1,SCI601 / 36,BIOLOGY A,WILLIAM BAUR,10,2027,F,1.52 pts,0,,33,,Yes
11,11/12/24,1,S1,VOC106 / 11,METAL MANUFACTURING & TECH I,DONALD O'BRIEN,10,2027,B+,3.39 pts,1.86,,34,,#N/A
11,11/12/24,2,S1,ENG601 / 12,SOPH ENG/A,KELLY GREGERSEN,10,2027,F,0.79 pts,1.43,,34,,Yes
11,11/12/24,3,S1,SCI601 / 13,BIOLOGY A,GRANT MERRILL,10,2027,F,0.59 pts,1.71,,34,,Yes
11,11/12/24,4,S1,MAT522 / 14,GEOMETRY A,ROCHELLE AITON,10,2027,F,1.20 pts,1.29,John L,34,Active,Yes
11,11/12/24,4,S1,MAT522 / 14,GEOMETRY A,NINETTE LILIENTHAL,10,2027,F,1.20 pts,1.29,John L,34,Active,Yes
11,11/12/24,5,S1,VOC503 / 15,FINE ARTS WOODS II,BRENT MANSELL,10,2027,C,2.49 pts,2,,34,,#N/A
11,11/12/24,6,S1,SOC108 / 16,WORLD HISTORY/A,RYAN ISAACSON,10,2027,D,1.73 pts,2.14,,34,,#N/A
11,11/12/24,1,S1,ENG801 / 11,SENIOR ENG/A,HEATHER CARVER,12,2025,D+,1.87 pts,2,,35,,#N/A
11,11/12/24,2,S1,SCI609 / 12,CHEMISTRY/A,GRANT MERRILL,12,2025,F,0.70 pts,2.57,,35,,Yes
11,11/12/24,3,S1,SOC802 / 13,CIVICS,JIM REED,12,2025,B,2.96 pts,2.71,,35,,#N/A
11,11/12/24,4,S1,HFL115 / 14,ADVANCED PASTRY ARTS I,KAYLA PAYNE,12,2025,A,3.76 pts,2.57,,35,,#N/A
11,11/12/24,5,S1,ONT400 / 15,ON-TRACK/A,ROBERT YEE,12,2025,B-,2.88 pts,3.29,,35,,#N/A
11,11/12/24,6,S1,FAR111 / 16,CERAMICS IV,ROBERT YEE,12,2025,F,1.50 pts,3.14,,35,,#N/A
11,11/12/24,1,S1,CTE114 / 11,ENGINEERING A,JASON BLAESING,11,2026,C+,2.56 pts,7.14,,36,,#N/A
11,11/12/24,2,S1,MAT701 / 12,ALGEBRA II A,JASON BLAESING,11,2026,F,1.06 pts,7,,36,,Yes
11,11/12/24,3,S1,PED500 / 13,WEIGHT TRAINING,SCOTT BOOTHBY,11,2026,B+,3.23 pts,7.14,,36,,#N/A
11,11/12/24,4,S1,ENG701 / 14,JUNIOR ENG/A,JOHN CARVER,11,2026,C-,2.02 pts,7.14,,36,,#N/A
11,11/12/24,5,S1,SOC701 / 15,US HISTORY/A,DAVE HAJEK,11,2026,F,1.42 pts,7,,36,,#N/A
11,11/12/24,6,S1,FAR542 / 16,WIND ENSEMB/A,DAVID DUARTE,11,2026,A,4.00 pts,7,,36,,#N/A
11,11/12/24,1,S1,VOC502 / 11,FINE ARTS WOODWORKING I,BRENT MANSELL,11,2026,A,4.00 pts,2,,37,,#N/A
11,11/12/24,2,S1,SCI503 / 12,PHYSICAL SCIENCE A,JAMES BENNETT,11,2026,C,2.35 pts,2,,37,,#N/A
11,11/12/24,3,S1,ONT400 / 13,ON-TRACK/A,BRIAN ANDERSON,11,2026,A,4.00 pts,2.14,,37,,#N/A
11,11/12/24,4,S1,ENG715 / 14,FILM AS LITERATURE,KELLY GREGERSEN,11,2026,D+,1.99 pts,2,,37,,#N/A
11,11/12/24,5,S1,BUS301 / 15,PERSONAL FINANCE A,NICOLE SIMEK,11,2026,D,1.67 pts,2,,37,,#N/A
11,11/12/24,6,S1,SOC701 / 16,US HISTORY/A,SCOTT BOOTHBY,11,2026,C-,2.10 pts,2.14,,37,,Yes
11,11/12/24,1,S1,VOC502 / 11,FINE ARTS WOODWORKING I,BRENT MANSELL,10,2027,A,4.00 pts,5.14,,38,,#N/A
11,11/12/24,2,S1,SCI601 / 32,BIOLOGY A,DONNA SCHATZ,10,2027,C+,2.54 pts,5.86,,38,,#N/A
11,11/12/24,3,S1,MAT522 / 13,GEOMETRY A,ROCHELLE AITON,10,2027,F,1.23 pts,5.57,,38,,Yes
11,11/12/24,3,S1,MAT522 / 13,GEOMETRY A,NINETTE LILIENTHAL,10,2027,F,1.23 pts,5.57,,38,,Yes
11,11/12/24,4,S1,PED500 / 14,WEIGHT TRAINING,SCOTT DIZMANG,10,2027,A,3.63 pts,5.71,,38,,#N/A
11,11/12/24,5,S1,ENG601 / 15,SOPH ENG/A,MARCEE SALAS,10,2027,C,2.34 pts,6,,38,,Yes
11,11/12/24,6,S1,SOC108 / 36,WORLD HISTORY/A,DAVE HAJEK,10,2027,C-,2.02 pts,5.57,,38,,#N/A
11,11/12/24,1,S1,VOC106 / 11,METAL MANUFACTURING & TECH I,DONALD O'BRIEN,10,2027,B+,3.34 pts,1.57,,39,,#N/A
11,11/12/24,2,S1,SOC108 / 12,WORLD HISTORY/A,DAVID HOLLINGSWORTH,10,2027,C,2.32 pts,1.43,,39,,#N/A
11,11/12/24,3,S1,MAT522 / 13,GEOMETRY A,ROCHELLE AITON,10,2027,D+,1.81 pts,1.43,,39,,Yes
11,11/12/24,3,S1,MAT522 / 13,GEOMETRY A,NINETTE LILIENTHAL,10,2027,D+,1.81 pts,1.43,,39,,Yes
11,11/12/24,4,S1,PED500 / 14,WEIGHT TRAINING,SCOTT DIZMANG,10,2027,A-,3.51 pts,1,,39,,#N/A
11,11/12/24,5,S1,ENG601 / 15,SOPH ENG/A,MARCEE SALAS,10,2027,F,1.29 pts,1.29,,39,,Yes
11,11/12/24,6,S1,SCI601 / 36,BIOLOGY A,WILLIAM BAUR,10,2027,F,1.28 pts,1,,39,,Yes
11,11/12/24,1,S1,ENG701 / 11,JUNIOR ENG/A,JOHN CARVER,11,2026,B-,2.77 pts,2.86,,40,,#N/A
11,11/12/24,2,S1,MAT701 / 12,ALGEBRA II A,JASON BLAESING,11,2026,F,1.07 pts,2.86,,40,,Yes
11,11/12/24,3,S1,PED500 / 13,WEIGHT TRAINING,SCOTT BOOTHBY,11,2026,A,3.83 pts,2.86,,40,,#N/A
11,11/12/24,4,S1,SCI503 / 34,PHYSICAL SCIENCE A,WILLIAM BAUR,11,2026,C,2.42 pts,3.43,,40,,#N/A
11,11/12/24,5,S1,SPA601 / 15,SPANISH II A,ROCHELLE AITON,11,2026,D+,1.87 pts,3.43,,40,,#N/A
11,11/12/24,6,S1,SOC701 / 16,US HISTORY/A,SCOTT BOOTHBY,11,2026,C+,2.51 pts,3.43,,40,,Yes
11,11/12/24,1,S1,SOC701 / 11,US HISTORY/A,DAVE HAJEK,11,2026,C-,2.05 pts,2.86,,47,,#N/A
11,11/12/24,2,S1,SCI609 / 12,CHEMISTRY/A,GRANT MERRILL,11,2026,F,1.11 pts,2.71,,47,,Yes
11,11/12/24,3,S1,ASL503 / 13,AMERICAN SIGN LANGUAGE II/A,TAMI GRANT,11,2026,B+,3.38 pts,2,,47,,#N/A
11,11/12/24,4,S1,PED500 / 14,WEIGHT TRAINING,SCOTT DIZMANG,11,2026,A,4.00 pts,2,,47,,#N/A
11,11/12/24,5,S1,MAT701 / 35,ALGEBRA II A,JENNIFER REILLY,11,2026,B,3.17 pts,2,,47,,#N/A
11,11/12/24,6,S1,ENG701 / 16,JUNIOR ENG/A,JOHN CARVER,11,2026,B+,3.31 pts,2,,47,,#N/A
11,11/12/24,1,S1,ENG701 / 11,JUNIOR ENG/A,JOHN CARVER,11,2026,C+,2.64 pts,3,,41,,#N/A
11,11/12/24,2,S1,HFL116 / 12,BAKING PASTRY ARTS I,KAYLA PAYNE,11,2026,C,2.23 pts,2.14,,41,,#N/A
11,11/12/24,3,S1,SCI503 / 33,PHYSICAL SCIENCE A,WILLIAM BAUR,11,2026,B-,2.75 pts,1,,41,,#N/A
11,11/12/24,4,S1,SOC701 / 14,US HISTORY/A,DAVE HAJEK,11,2026,F,1.43 pts,2.43,,41,,Yes
11,11/12/24,5,S1,ASL503 / 15,AMERICAN SIGN LANGUAGE II/A,TAMI GRANT,11,2026,A,3.63 pts,2,,41,,#N/A
11,11/12/24,6,S1,MAT701 / 16,ALGEBRA II A,JASON BLAESING,11,2026,F,1.62 pts,2.14,Johnathan,41,Active,Yes
11,11/12/24,1,S1,FAR606 / 11,ADVANCED ACTING/ A,KELLY GREGERSEN,12,2025,A,4.00 pts,2,,42,,#N/A
11,11/12/24,2,S1,SCI609 / 12,CHEMISTRY/A,GRANT MERRILL,12,2025,F,0.71 pts,1.29,,42,,Yes
11,11/12/24,3,S1,ENG801 / 13,SENIOR ENG/A,JOHN CARVER,12,2025,C,2.36 pts,2.71,,42,,#N/A
11,11/12/24,4,S1,HFL118 / 14,ADV CULINARY ARTS A,ALEXANDRA YOST,12,2025,B,2.99 pts,2.57,,42,,#N/A
11,11/12/24,5,S1,BUS301 / 15,PERSONAL FINANCE A,NICOLE SIMEK,12,2025,C,2.22 pts,2,,42,,#N/A
11,11/12/24,6,S1,FAR542 / 16,WIND ENSEMB/A,DAVID DUARTE,12,2025,C+,2.67 pts,1.57,,42,,#N/A
11,11/12/24,1,S1,ENG701 / 11,JUNIOR ENG/A,JOHN CARVER,11,2026,D+,1.89 pts,17.29,,43,,#N/A
11,11/12/24,2,S1,SCI503 / 12,PHYSICAL SCIENCE A,JAMES BENNETT,11,2026,F,1.59 pts,16.14,,43,,#N/A
11,11/12/24,3,S1,ASL503 / 13,AMERICAN SIGN LANGUAGE II/A,TAMI GRANT,11,2026,D,1.67 pts,14.43,,43,,#N/A
11,11/12/24,4,S1,SOC701 / 14,US HISTORY/A,DAVE HAJEK,11,2026,C-,2.00 pts,16.57,,43,,Yes
11,11/12/24,5,S1,SOC105 / 15,AP PSYCHOLOGY A,JIM REED,11,2026,B-,2.86 pts,14.29,,43,,#N/A
11,11/12/24,6,S1,MAT701 / 16,ALGEBRA II A,JASON BLAESING,11,2026,F,1.21 pts,15.71,,43,,Yes
11,11/12/24,1,S1,MAT522 / 11,GEOMETRY A,ROCHELLE AITON,10,2027,F,0.97 pts,9.57,John L,44,Active,Yes
11,11/12/24,1,S1,MAT522 / 11,GEOMETRY A,NINETTE LILIENTHAL,10,2027,F,0.97 pts,9.57,,44,Active,Yes
11,11/12/24,2,S1,HFL116 / 12,BAKING PASTRY ARTS I,KAYLA PAYNE,10,2027,C-,2.06 pts,6.14,,44,,#N/A
11,11/12/24,2,S1,SCI601 / 32,BIOLOGY A,DONNA SCHATZ,10,2027,,0.20 pts,1.86,,44,,#N/A
11,11/12/24,3,S1,HFL116 / 13,BAKING PASTRY ARTS I,KAYLA PAYNE,10,2027,,,2.57,,44,,#N/A
11,11/12/24,3,S1,SCI601 / 33,BIOLOGY A,DONNA SCHATZ,10,2027,F,0.26 pts,7.57,,44,,#N/A
11,11/12/24,4,S1,PED500 / 14,WEIGHT TRAINING,SCOTT DIZMANG,10,2027,C+,2.66 pts,12,,44,,#N/A
11,11/12/24,5,S1,ENG601 / 15,SOPH ENG/A,MARCEE SALAS,10,2027,C,2.37 pts,11.71,,44,,Yes
11,11/12/24,6,S1,SOC108 / 16,WORLD HISTORY/A,RYAN ISAACSON,10,2027,F,1.19 pts,12.14,,44,,#N/A
11,11/12/24,1,S1,VOC705 / 11,DIGITAL PHOTOGRAPHY I,ROSANNA RUFF,11,2026,A-,3.50 pts,2.43,,45,,#N/A
11,11/12/24,2,S1,SCI609 / 12,CHEMISTRY/A,GRANT MERRILL,11,2026,F,1.06 pts,2.29,,45,,Yes
11,11/12/24,3,S1,ENG719 / 13,AP LANGUAGE/COMPOSITION A,HEATHER CARVER,11,2026,C,2.46 pts,1.86,,45,,#N/A
11,11/12/24,4,S1,PED500 / 14,WEIGHT TRAINING,SCOTT DIZMANG,11,2026,A,3.63 pts,1.86,,45,,#N/A
11,11/12/24,5,S1,SOC703 / 15,AP US HISTORY A,RYAN ISAACSON,11,2026,A,4.00 pts,1.86,,45,,#N/A
11,11/12/24,6,S1,MAT701 / 16,ALGEBRA II A,JASON BLAESING,11,2026,C,2.26 pts,2,,45,,Yes
11,11/12/24,5,S1,ENG701 / 15,JUNIOR ENG/A,JOHN CARVER,11,2026,A,3.96 pts,0.29,,266,,Yes
11,11/12/24,6,S1,SOC701 / 16,US HISTORY/A,SCOTT BOOTHBY,11,2026,A,3.67 pts,0.71,,266,,Yes
11,11/12/24,2,S1,MAT522 / 12,GEOMETRY A,ROCHELLE AITON,10,2027,C+,2.60 pts,1,,173,,Yes
11,11/12/24,2,S1,MAT522 / 12,GEOMETRY A,NINETTE LILIENTHAL,10,2027,C+,2.60 pts,1,,173,,Yes
11,11/12/24,6,S1,SCI601 / 36,BIOLOGY A,WILLIAM BAUR,10,2027,A,3.75 pts,1.43,,173,,Yes
11,11/12/24,2,S1,ENG601 / 12,SOPH ENG/A,KELLY GREGERSEN,10,2027,F,0.70 pts,3.29,,249,,Yes
11,11/12/24,5,S1,MAT522 / 15,GEOMETRY A,BRIAN ANDERSON,10,2027,F,1.13 pts,1.71,,249,,Yes
11,11/12/24,6,S1,SCI601 / 16,BIOLOGY A,GRANT MERRILL,10,2027,F,1.63 pts,1.86,,249,,Yes
11,11/12/24,1,S1,MAT704 / 11,PRE-CALC A MAT 153,BRIAN ANDERSON,11,2026,C-,2.05 pts,0,,71,,Yes
11,11/12/24,6,S1,SOC701 / 16,US HISTORY/A,SCOTT BOOTHBY,11,2026,A,3.83 pts,0,,71,,Yes
11,11/12/24,2,S1,MAT522 / 12,GEOMETRY A,ROCHELLE AITON,10,2027,C,2.32 pts,2.57,,88,,Yes
11,11/12/24,2,S1,MAT522 / 12,GEOMETRY A,NINETTE LILIENTHAL,10,2027,C,2.32 pts,2.57,,88,,Yes
11,11/12/24,5,S1,ENG601 / 15,SOPH ENG/A,MARCEE SALAS,10,2027,B,2.90 pts,2.29,,88,,Yes
11,11/12/24,6,S1,SCI601 / 16,BIOLOGY A,GRANT MERRILL,10,2027,C-,2.16 pts,2.29,,88,,Yes
11,11/12/24,3,S1,BUS301 / 13,PERSONAL FINANCE A,NICOLE SIMEK,12,2025,A,3.87 pts,2,,367,,Yes
11,11/12/24,6,S1,SCI601 / 36,BIOLOGY A,WILLIAM BAUR,10,2027,D+,1.99 pts,0.86,,417,,Yes
11,11/12/24,2,S1,SCI609 / 12,CHEMISTRY/A,GRANT MERRILL,11,2026,F,1.52 pts,5.86,,55,,Yes
11,11/12/24,6,S1,MAT701 / 16,ALGEBRA II A,JASON BLAESING,11,2026,C-,2.02 pts,6.29,,55,,Yes
11,11/12/24,2,S1,SCI609 / 12,CHEMISTRY/A,GRANT MERRILL,11,2026,B-,2.82 pts,0,,388,,Yes
11,11/12/24,2,S1,SCI609 / 12,CHEMISTRY/A,GRANT MERRILL,11,2026,B,3.14 pts,0,,387,,Yes
11,11/12/24,3,S1,MAT701 / 13,ALGEBRA II A,JENNIFER REILLY,11,2026,A-,3.55 pts,0.43,,387,,Yes
11,11/12/24,3,S1,MAT522 / 13,GEOMETRY A,ROCHELLE AITON,9,2028,B-,2.77 pts,4,,281,,Yes
11,11/12/24,3,S1,MAT522 / 13,GEOMETRY A,NINETTE LILIENTHAL,9,2028,B-,2.77 pts,4,,281,,Yes
11,11/12/24,6,S1,ENG501 / 16,FR ENGLISH/A,DAVID HOLLINGSWORTH,9,2028,A,4.00 pts,4.43,,295,,Yes
11,11/12/24,3,S1,MAT522 / 13,GEOMETRY A,ROCHELLE AITON,9,2028,A,3.81 pts,5.71,,306,,Yes
11,11/12/24,3,S1,MAT522 / 13,GEOMETRY A,NINETTE LILIENTHAL,9,2028,A,3.81 pts,5.71,,306,,Yes
11,11/12/24,6,S1,ENG501 / 16,FR ENGLISH/A,DAVID HOLLINGSWORTH,9,2028,B-,2.87 pts,6.14,,306,,Yes
11,11/12/24,3,S1,MAT522 / 13,GEOMETRY A,ROCHELLE AITON,9,2028,B+,3.34 pts,0,,348,,Yes
11,11/12/24,3,S1,MAT522 / 13,GEOMETRY A,NINETTE LILIENTHAL,9,2028,B+,3.34 pts,0,,348,,Yes
11,11/12/24,2,S1,MAT522 / 12,GEOMETRY A,ROCHELLE AITON,9,2028,W,0.95 pts,2.14,,378,,Yes
11,11/12/24,2,S1,MAT522 / 12,GEOMETRY A,NINETTE LILIENTHAL,9,2028,W,0.95 pts,2.14,,378,,Yes
11,11/12/24,4,S1,MAT522 / 14,GEOMETRY A,ROCHELLE AITON,9,2028,C,2.33 pts,0,,450,,Yes
11,11/12/24,4,S1,MAT522 / 14,GEOMETRY A,NINETTE LILIENTHAL,9,2028,C,2.33 pts,0,,450,,Yes
11,11/12/24,3,S1,MAT522 / 13,GEOMETRY A,ROCHELLE AITON,9,2028,A-,3.40 pts,5.29,,302,,Yes
11,11/12/24,3,S1,MAT522 / 13,GEOMETRY A,NINETTE LILIENTHAL,9,2028,A-,3.40 pts,5.29,,302,,Yes
11,11/12/24,6,S1,ENG501 / 16,FR ENGLISH/A,DAVID HOLLINGSWORTH,9,2028,B,2.98 pts,5.71,,302,,Yes
11,11/12/24,2,S1,MAT522 / 12,GEOMETRY A,ROCHELLE AITON,9,2028,A,3.84 pts,0.43,,228,,Yes
11,11/12/24,2,S1,MAT522 / 12,GEOMETRY A,NINETTE LILIENTHAL,9,2028,A,3.84 pts,0.43,,228,,Yes
11,11/12/24,5,S1,MAT522 / 15,GEOMETRY A,BRIAN ANDERSON,9,2028,B,3.19 pts,2.86,,369,,Yes
11,11/12/24,5,S1,MAT522 / 15,GEOMETRY A,BRIAN ANDERSON,10,2027,B,3.03 pts,3.43,,203,,Yes
11,11/12/24,5,S1,MAT522 / 15,GEOMETRY A,BRIAN ANDERSON,10,2027,B+,3.33 pts,3,,80,,Yes
11,11/12/24,5,S1,MAT522 / 15,GEOMETRY A,BRIAN ANDERSON,10,2027,C+,2.66 pts,7.71,,252,,Yes
11,11/12/24,6,S1,SCI601 / 16,BIOLOGY A,GRANT MERRILL,10,2027,C-,2.01 pts,7.71,,252,,Yes
11,11/12/24,6,S1,SOC701 / 16,US HISTORY/A,SCOTT BOOTHBY,11,2026,F,1.14 pts,20.43,,187,,Yes
11,11/12/24,6,S1,ENG501 / 16,FR ENGLISH/A,DAVID HOLLINGSWORTH,9,2028,A,3.67 pts,0,,111,,Yes
11,11/12/24,1,S1,MAT522 / 11,GEOMETRY A,ROCHELLE AITON,9,2028,A-,3.51 pts,1.29,,219,,Yes
11,11/12/24,1,S1,MAT522 / 11,GEOMETRY A,NINETTE LILIENTHAL,9,2028,A-,3.51 pts,1.29,,219,,Yes
11,11/12/24,6,S1,ENG501 / 16,FR ENGLISH/A,DAVID HOLLINGSWORTH,9,2028,C,2.31 pts,0.14,,464,,Yes
11,11/12/24,6,S1,SOC701 / 16,US HISTORY/A,SCOTT BOOTHBY,11,2026,B+,3.30 pts,2,,250,,Yes
11,11/12/24,6,S1,ENG501 / 16,FR ENGLISH/A,DAVID HOLLINGSWORTH,9,2028,B-,2.83 pts,19,,243,,Yes
11,11/12/24,2,S1,SCI609 / 12,CHEMISTRY/A,GRANT MERRILL,11,2026,F,1.51 pts,4.86,,368,,Yes
11,11/12/24,6,S1,SOC701 / 16,US HISTORY/A,SCOTT BOOTHBY,11,2026,C,2.43 pts,2.29,,368,,Yes
11,11/12/24,4,S1,MAT522 / 14,GEOMETRY A,ROCHELLE AITON,10,2027,B,2.90 pts,3.57,,171,,Yes
11,11/12/24,4,S1,MAT522 / 14,GEOMETRY A,NINETTE LILIENTHAL,10,2027,B,2.90 pts,3.57,,171,,Yes
11,11/12/24,6,S1,SCI601 / 36,BIOLOGY A,WILLIAM BAUR,10,2027,C,2.26 pts,3.71,,171,,Yes
11,11/12/24,6,S1,ENG501 / 16,FR ENGLISH/A,DAVID HOLLINGSWORTH,9,2028,A,3.71 pts,3.71,,285,,Yes
11,11/12/24,3,S1,MAT522 / 13,GEOMETRY A,ROCHELLE AITON,9,2028,B,3.08 pts,1.14,,261,,Yes
11,11/12/24,3,S1,MAT522 / 13,GEOMETRY A,NINETTE LILIENTHAL,9,2028,B,3.08 pts,1.14,,261,,Yes
11,11/12/24,4,S1,MAT522 / 14,GEOMETRY A,ROCHELLE AITON,10,2027,B,3.18 pts,0,,440,,Yes
11,11/12/24,4,S1,MAT522 / 14,GEOMETRY A,NINETTE LILIENTHAL,10,2027,B,3.18 pts,0,,440,,Yes
11,11/12/24,2,S1,MAT522 / 12,GEOMETRY A,ROCHELLE AITON,10,2027,D+,1.98 pts,8.71,,159,,Yes
11,11/12/24,2,S1,MAT522 / 12,GEOMETRY A,NINETTE LILIENTHAL,10,2027,D+,1.98 pts,8.71,,159,,Yes
11,11/12/24,3,S1,SCI601 / 13,BIOLOGY A,GRANT MERRILL,10,2027,F,1.06 pts,8.43,,159,,Yes
11,11/12/24,5,S1,ENG601 / 15,SOPH ENG/A,MARCEE SALAS,10,2027,B+,3.26 pts,8.29,,159,,Yes
11,11/12/24,5,S1,ENG701 / 15,JUNIOR ENG/A,JOHN CARVER,11,2026,B,3.10 pts,4,,91,,Yes
11,11/12/24,2,S1,MAT701 / 12,ALGEBRA II A,JASON BLAESING,11,2026,C,2.39 pts,4.86,,319,,Yes
11,11/12/24,4,S1,SCI601 / 14,BIOLOGY A,GRANT MERRILL,10,2027,B,3.06 pts,2.86,,431,,Yes
11,11/12/24,2,S1,ENG601 / 12,SOPH ENG/A,KELLY GREGERSEN,10,2027,F,0.14 pts,12,,317,,Yes
11,11/12/24,3,S1,MAT522 / 13,GEOMETRY A,ROCHELLE AITON,10,2027,F,0.75 pts,11.43,,317,,Yes
11,11/12/24,3,S1,MAT522 / 13,GEOMETRY A,NINETTE LILIENTHAL,10,2027,F,0.75 pts,11.43,,317,,Yes
11,11/12/24,5,S1,MAT522 / 15,GEOMETRY A,BRIAN ANDERSON,10,2027,A,3.66 pts,0,,359,,Yes
11,11/12/24,1,S1,MAT704 / 11,PRE-CALC A MAT 153,BRIAN ANDERSON,11,2026,,0.00 pts,0.14,,277,,Yes
11,11/12/24,6,S1,SOC701 / 16,US HISTORY/A,SCOTT BOOTHBY,11,2026,C,2.40 pts,5.29,,277,,Yes
11,11/12/24,1,S1,MAT704 / 11,PRE-CALC A MAT 153,BRIAN ANDERSON,12,2025,F,0.85 pts,6,,395,,Yes
11,11/12/24,4,S1,SOC701 / 14,US HISTORY/A,DAVE HAJEK,11,2026,A,3.64 pts,0.43,,459,,Yes
11,11/12/24,5,S1,MAT522 / 15,GEOMETRY A,BRIAN ANDERSON,10,2027,C-,2.05 pts,7,,190,,Yes
11,11/12/24,6,S1,SCI601 / 16,BIOLOGY A,GRANT MERRILL,10,2027,C,2.41 pts,6.43,,190,,Yes
11,11/12/24,2,S1,MAT701 / 12,ALGEBRA II A,JASON BLAESING,11,2026,B,2.96 pts,10.57,,312,,Yes
11,11/12/24,6,S1,SOC701 / 16,US HISTORY/A,SCOTT BOOTHBY,11,2026,C-,2.02 pts,10.71,,312,,Yes
11,11/12/24,1,S1,MAT522 / 11,GEOMETRY A,ROCHELLE AITON,10,2027,D+,1.84 pts,7.43,,53,,Yes
11,11/12/24,1,S1,MAT522 / 11,GEOMETRY A,NINETTE LILIENTHAL,10,2027,D+,1.84 pts,7.43,,53,,Yes
11,11/12/24,4,S1,SCI601 / 14,BIOLOGY A,GRANT MERRILL,10,2027,F,1.14 pts,7.14,,53,,Yes
11,11/12/24,5,S1,MAT522 / 15,GEOMETRY A,BRIAN ANDERSON,10,2027,A-,3.48 pts,7.86,,334,,Yes
11,11/12/24,2,S1,BUS301 / 12,PERSONAL FINANCE A,NICOLE SIMEK,12,2025,B+,3.25 pts,2.69,,240,,Yes
11,11/12/24,6,S1,MAT701 / 16,ALGEBRA II A,JASON BLAESING,11,2026,A,3.62 pts,1,,257,,Yes
11,11/12/24,6,S1,MAT701 / 16,ALGEBRA II A,JASON BLAESING,11,2026,F,1.05 pts,6.33,,258,,Yes
11,11/12/24,4,S1,SCI601 / 14,BIOLOGY A,GRANT MERRILL,10,2027,F,0.00 pts,37,,457,,Yes
11,11/12/24,2,S1,MAT701 / 12,ALGEBRA II A,JASON BLAESING,10,2027,A-,3.41 pts,7.14,,66,,Yes
11,11/12/24,6,S1,MAT701 / 16,ALGEBRA II A,JASON BLAESING,11,2026,B-,2.85 pts,3,,141,,Yes
11,11/12/24,4,S1,MAT522 / 14,GEOMETRY A,ROCHELLE AITON,10,2027,F,1.36 pts,0.14,,170,,Yes
11,11/12/24,4,S1,MAT522 / 14,GEOMETRY A,NINETTE LILIENTHAL,10,2027,F,1.36 pts,0.14,,170,,Yes
11,11/12/24,6,S1,SCI601 / 36,BIOLOGY A,WILLIAM BAUR,10,2027,F,0.77 pts,0.29,,170,,Yes
11,11/12/24,6,S1,MAT701 / 16,ALGEBRA II A,JASON BLAESING,11,2026,C,2.39 pts,0,,225,,Yes
11,11/12/24,4,S1,SCI601 / 14,BIOLOGY A,GRANT MERRILL,10,2027,B+,3.29 pts,1,,442,,Yes
11,11/12/24,6,S1,SCI601 / 16,BIOLOGY A,GRANT MERRILL,10,2027,B+,3.30 pts,2,,287,,Yes
11,11/12/24,3,S1,SCI601 / 13,BIOLOGY A,GRANT MERRILL,10,2027,B+,3.24 pts,1.29,,137,,Yes
11,11/12/24,4,S1,MAT522 / 14,GEOMETRY A,ROCHELLE AITON,10,2027,C,2.35 pts,0.86,,137,,Yes
11,11/12/24,4,S1,MAT522 / 14,GEOMETRY A,NINETTE LILIENTHAL,10,2027,C,2.35 pts,0.86,,137,,Yes
11,11/12/24,3,S1,SCI601 / 13,BIOLOGY A,GRANT MERRILL,10,2027,F,1.50 pts,3,,364,,Yes
11,11/12/24,1,S1,MAT522 / 11,GEOMETRY A,ROCHELLE AITON,9,2028,A,3.68 pts,5,,279,,Yes
11,11/12/24,1,S1,MAT522 / 11,GEOMETRY A,NINETTE LILIENTHAL,9,2028,A,3.68 pts,5,,279,,Yes
11,11/12/24,1,S1,MAT522 / 11,GEOMETRY A,ROCHELLE AITON,10,2027,B,2.96 pts,6.29,,193,,Yes
11,11/12/24,1,S1,MAT522 / 11,GEOMETRY A,NINETTE LILIENTHAL,10,2027,B,2.96 pts,6.29,,193,,Yes
11,11/12/24,5,S1,ENG601 / 15,SOPH ENG/A,MARCEE SALAS,10,2027,C,2.27 pts,6.14,,193,,Yes
11,11/12/24,3,S1,BUS301 / 13,PERSONAL FINANCE A,NICOLE SIMEK,12,2025,W,2.05 pts,0.14,,64,,Yes
11,11/12/24,2,S1,SCI609 / 12,CHEMISTRY/A,GRANT MERRILL,11,2026,F,0.91 pts,7.14,,65,,Yes
11,11/12/24,3,S1,BUS301 / 13,PERSONAL FINANCE A,NICOLE SIMEK,11,2026,B,3.19 pts,7.57,,65,,Yes
11,11/12/24,4,S1,SOC701 / 14,US HISTORY/A,DAVE HAJEK,11,2026,C+,2.53 pts,8,,65,,Yes
11,11/12/24,3,S1,BUS301 / 13,PERSONAL FINANCE A,NICOLE SIMEK,12,2025,A,4.00 pts,1.29,,283,,Yes
11,11/12/24,3,S1,MAT522 / 13,GEOMETRY A,ROCHELLE AITON,9,2028,A-,3.57 pts,0,,284,,Yes
11,11/12/24,3,S1,MAT522 / 13,GEOMETRY A,NINETTE LILIENTHAL,9,2028,A-,3.57 pts,0,,284,,Yes
11,11/12/24,3,S1,MAT522 / 13,GEOMETRY A,ROCHELLE AITON,10,2027,B,3.14 pts,3,,269,,Yes
11,11/12/24,3,S1,MAT522 / 13,GEOMETRY A,NINETTE LILIENTHAL,10,2027,B,3.14 pts,3,,269,,Yes
11,11/12/24,2,S1,ENG601 / 12,SOPH ENG/A,KELLY GREGERSEN,10,2027,B,3.12 pts,2.71,,290,,Yes
11,11/12/24,2,S1,MAT701 / 12,ALGEBRA II A,JASON BLAESING,11,2026,C+,2.67 pts,7.86,,370,,Yes
11,11/12/24,6,S1,ENG501 / 16,FR ENGLISH/A,DAVID HOLLINGSWORTH,9,2028,B+,3.39 pts,9,,98,,Yes
11,11/12/24,2,S1,MAT522 / 12,GEOMETRY A,ROCHELLE AITON,9,2028,B+,3.32 pts,1.29,,311,,Yes
11,11/12/24,2,S1,MAT522 / 12,GEOMETRY A,NINETTE LILIENTHAL,9,2028,B+,3.32 pts,1.29,,311,,Yes
11,11/12/24,6,S1,MAT701 / 16,ALGEBRA II A,JASON BLAESING,11,2026,B+,3.23 pts,5.33,,127,,Yes
11,11/12/24,1,S1,MAT704 / 11,PRE-CALC A MAT 153,BRIAN ANDERSON,12,2025,F,1.18 pts,0.57,,352,,Yes
11,11/12/24,3,S1,MAT701 / 13,ALGEBRA II A,JENNIFER REILLY,10,2027,A,3.99 pts,2.71,,186,,Yes
11,11/12/24,6,S1,SCI601 / 36,BIOLOGY A,WILLIAM BAUR,10,2027,A,3.75 pts,3,,186,,Yes
11,11/12/24,4,S1,MAT522 / 14,GEOMETRY A,ROCHELLE AITON,10,2027,F,1.53 pts,5.71,,437,,Yes
11,11/12/24,4,S1,MAT522 / 14,GEOMETRY A,NINETTE LILIENTHAL,10,2027,F,1.53 pts,5.71,,437,,Yes
11,11/12/24,6,S1,SCI601 / 36,BIOLOGY A,WILLIAM BAUR,12,2025,A,3.75 pts,9.33,,178,,Yes
11,11/12/24,2,S1,BUS301 / 12,PERSONAL FINANCE A,NICOLE SIMEK,12,2025,B,2.97 pts,12.29,,135,,Yes
11,11/12/24,1,S1,MAT522 / 11,GEOMETRY A,ROCHELLE AITON,10,2027,D+,1.98 pts,5.71,,246,,Yes
11,11/12/24,1,S1,MAT522 / 11,GEOMETRY A,NINETTE LILIENTHAL,10,2027,D+,1.98 pts,5.71,,246,,Yes
11,11/12/24,2,S1,MAT701 / 12,ALGEBRA II A,JASON BLAESING,11,2026,C+,2.62 pts,5,,241,,Yes
11,11/12/24,2,S1,BUS301 / 12,PERSONAL FINANCE A,NICOLE SIMEK,12,2025,A,3.64 pts,5.43,,97,,Yes
11,11/12/24,2,S1,BUS301 / 12,PERSONAL FINANCE A,NICOLE SIMEK,12,2025,B-,2.89 pts,5.71,,96,,Yes
11,11/12/24,3,S1,SCI601 / 13,BIOLOGY A,GRANT MERRILL,10,2027,C-,2.13 pts,1.43,,136,,Yes
11,11/12/24,4,S1,MAT522 / 14,GEOMETRY A,ROCHELLE AITON,10,2027,F,0.00 pts,21.57,,447,,Yes
11,11/12/24,4,S1,MAT522 / 14,GEOMETRY A,NINETTE LILIENTHAL,10,2027,F,0.00 pts,21.57,,447,,Yes
11,11/12/24,1,S1,MAT522 / 11,GEOMETRY A,ROCHELLE AITON,10,2027,C,2.47 pts,0.29,,411,,Yes
11,11/12/24,1,S1,MAT522 / 11,GEOMETRY A,NINETTE LILIENTHAL,10,2027,C,2.47 pts,0.29,,411,,Yes
11,11/12/24,3,S1,MAT701 / 13,ALGEBRA II A,JENNIFER REILLY,10,2027,A,3.96 pts,1.29,,153,,Yes
11,11/12/24,2,S1,MAT701 / 12,ALGEBRA II A,JASON BLAESING,11,2026,C,2.23 pts,16.29,,274,,Yes
11,11/12/24,1,S1,MAT522 / 11,GEOMETRY A,ROCHELLE AITON,10,2027,B+,3.33 pts,0,,184,,Yes
11,11/12/24,1,S1,MAT522 / 11,GEOMETRY A,NINETTE LILIENTHAL,10,2027,B+,3.33 pts,0,,184,,Yes
11,11/12/24,4,S1,SCI601 / 14,BIOLOGY A,GRANT MERRILL,10,2027,B,3.03 pts,0,,184,,Yes
11,11/12/24,6,S1,ENG501 / 16,FR ENGLISH/A,DAVID HOLLINGSWORTH,9,2028,C+,2.67 pts,1,,308,,Yes
11,11/12/24,2,S1,MAT522 / 12,GEOMETRY A,ROCHELLE AITON,9,2028,B+,3.22 pts,1.71,,166,,Yes
11,11/12/24,2,S1,MAT522 / 12,GEOMETRY A,NINETTE LILIENTHAL,9,2028,B+,3.22 pts,1.71,,166,,Yes
11,11/12/24,6,S1,ENG501 / 16,FR ENGLISH/A,DAVID HOLLINGSWORTH,9,2028,A,3.98 pts,1.71,,166,,Yes
11,11/12/24,6,S1,ENG501 / 16,FR ENGLISH/A,DAVID HOLLINGSWORTH,9,2028,B+,3.35 pts,3.14,,268,,Yes
11,11/12/24,5,S1,MAT522 / 15,GEOMETRY A,BRIAN ANDERSON,9,2028,B,3.15 pts,0.14,,351,,Yes
11,11/12/24,2,S1,ENG601 / 12,SOPH ENG/A,KELLY GREGERSEN,10,2027,B-,2.79 pts,5.86,,143,,Yes
11,11/12/24,4,S1,MAT522 / 14,GEOMETRY A,ROCHELLE AITON,10,2027,F,0.73 pts,6.71,,143,,Yes
11,11/12/24,4,S1,MAT522 / 14,GEOMETRY A,NINETTE LILIENTHAL,10,2027,F,0.73 pts,6.71,,143,,Yes
11,11/12/24,2,S1,BUS301 / 12,PERSONAL FINANCE A,NICOLE SIMEK,12,2025,F,0.93 pts,7.43,,377,,Yes
11,11/12/24,4,S1,MAT522 / 14,GEOMETRY A,ROCHELLE AITON,10,2027,F,0.65 pts,3,,110,,Yes
11,11/12/24,4,S1,MAT522 / 14,GEOMETRY A,NINETTE LILIENTHAL,10,2027,F,0.65 pts,3,,110,,Yes
11,11/12/24,5,S1,ENG601 / 15,SOPH ENG/A,MARCEE SALAS,10,2027,F,1.48 pts,2.71,,110,,Yes
11,11/12/24,6,S1,SCI601 / 16,BIOLOGY A,GRANT MERRILL,10,2027,F,0.38 pts,3.57,,110,,Yes
11,11/12/24,6,S1,ENG501 / 16,FR ENGLISH/A,DAVID HOLLINGSWORTH,9,2028,C+,2.54 pts,0.14,,196,,Yes
11,11/12/24,4,S1,MAT522 / 14,GEOMETRY A,ROCHELLE AITON,9,2028,B+,3.30 pts,1,,434,,Yes
11,11/12/24,4,S1,MAT522 / 14,GEOMETRY A,NINETTE LILIENTHAL,9,2028,B+,3.30 pts,1,,434,,Yes
11,11/12/24,1,S1,MAT522 / 11,GEOMETRY A,ROCHELLE AITON,10,2027,C,2.47 pts,12,,383,,Yes
11,11/12/24,1,S1,MAT522 / 11,GEOMETRY A,NINETTE LILIENTHAL,10,2027,C,2.47 pts,12,,383,,Yes
11,11/12/24,3,S1,SCI601 / 13,BIOLOGY A,GRANT MERRILL,10,2027,B,3.13 pts,12,,383,,Yes
11,11/12/24,5,S1,ENG601 / 15,SOPH ENG/A,MARCEE SALAS,10,2027,B,2.98 pts,12.29,,383,,Yes
11,11/12/24,2,S1,BUS301 / 12,PERSONAL FINANCE A,NICOLE SIMEK,12,2025,A,4.00 pts,6.14,,104,,Yes
11,11/12/24,2,S1,SCI609 / 12,CHEMISTRY/A,GRANT MERRILL,12,2025,,0.00 pts,10.29,,422,,Yes
11,11/12/24,4,S1,SCI601 / 14,BIOLOGY A,GRANT MERRILL,10,2027,F,1.55 pts,5.14,,374,,Yes
11,11/12/24,5,S1,ENG601 / 15,SOPH ENG/A,MARCEE SALAS,10,2027,C-,2.04 pts,5,,374,,Yes
11,11/12/24,6,S1,MAT701 / 16,ALGEBRA II A,JASON BLAESING,11,2026,B,3.05 pts,1,,119,,Yes
11,11/12/24,3,S1,BUS301 / 13,PERSONAL FINANCE A,NICOLE SIMEK,11,2026,F,1.61 pts,0.71,,435,,Yes
11,11/12/24,6,S1,SCI601 / 16,BIOLOGY A,GRANT MERRILL,11,2026,,0.00 pts,0.17,,435,,Yes
11,11/12/24,3,S1,BUS301 / 13,PERSONAL FINANCE A,NICOLE SIMEK,12,2025,C,2.38 pts,2,,345,,Yes
11,11/12/24,6,S1,MAT701 / 16,ALGEBRA II A,JASON BLAESING,11,2026,A-,3.59 pts,2.57,,316,,Yes
11,11/12/24,6,S1,MAT701 / 16,ALGEBRA II A,JASON BLAESING,11,2026,B+,3.23 pts,4,,313,,Yes
11,11/12/24,6,S1,MAT701 / 16,ALGEBRA II A,JASON BLAESING,11,2026,A-,3.43 pts,3.43,,307,,Yes
11,11/12/24,4,S1,SOC701 / 14,US HISTORY/A,DAVE HAJEK,11,2026,B+,3.36 pts,1,,223,,Yes
11,11/12/24,5,S1,ENG701 / 15,JUNIOR ENG/A,JOHN CARVER,11,2026,A,3.78 pts,1,,223,,Yes
11,11/12/24,3,S1,BUS301 / 13,PERSONAL FINANCE A,NICOLE SIMEK,12,2025,F,1.49 pts,2.71,,365,,Yes
11,11/12/24,1,S1,MAT522 / 11,GEOMETRY A,ROCHELLE AITON,9,2028,B,2.93 pts,4.57,,79,,Yes
11,11/12/24,1,S1,MAT522 / 11,GEOMETRY A,NINETTE LILIENTHAL,9,2028,B,2.93 pts,4.57,,79,,Yes
11,11/12/24,2,S1,ENG601 / 12,SOPH ENG/A,KELLY GREGERSEN,10,2027,D,1.78 pts,8.14,,52,,Yes
11,11/12/24,4,S1,MAT522 / 14,GEOMETRY A,ROCHELLE AITON,10,2027,D+,1.93 pts,7.43,,52,,Yes
11,11/12/24,4,S1,MAT522 / 14,GEOMETRY A,NINETTE LILIENTHAL,10,2027,D+,1.93 pts,7.43,,52,,Yes
11,11/12/24,3,S1,MAT701 / 13,ALGEBRA II A,JENNIFER REILLY,11,2026,F,0.02 pts,28.86,,164,,Yes
11,11/12/24,2,S1,MAT701 / 12,ALGEBRA II A,JASON BLAESING,11,2026,F,1.22 pts,15.57,,121,,Yes
11,11/12/24,3,S1,MAT701 / 13,ALGEBRA II A,JENNIFER REILLY,11,2026,A,3.81 pts,1,,288,,Yes
11,11/12/24,6,S1,SOC701 / 16,US HISTORY/A,SCOTT BOOTHBY,11,2026,A,3.65 pts,1,,288,,Yes
11,11/12/24,3,S1,BUS301 / 13,PERSONAL FINANCE A,NICOLE SIMEK,12,2025,,4.00 pts,0,,213,,Yes
11,11/12/24,6,S1,ENG501 / 16,FR ENGLISH/A,DAVID HOLLINGSWORTH,9,2028,C,2.20 pts,10.29,,212,,Yes
11,11/12/24,2,S1,BUS301 / 12,PERSONAL FINANCE A,NICOLE SIMEK,12,2025,C-,2.04 pts,4,,156,,Yes
11,11/12/24,4,S1,SCI601 / 14,BIOLOGY A,GRANT MERRILL,10,2027,F,0.55 pts,12.81,,120,,Yes
11,11/12/24,5,S1,ENG601 / 15,SOPH ENG/A,MARCEE SALAS,10,2027,C,2.42 pts,11.64,,120,,Yes
11,11/12/24,1,S1,MAT704 / 11,PRE-CALC A MAT 153,BRIAN ANDERSON,12,2025,B,3.15 pts,2,,265,,Yes
11,11/12/24,6,S1,MAT701 / 16,ALGEBRA II A,JASON BLAESING,11,2026,D+,1.86 pts,7.57,,361,,Yes
11,11/12/24,3,S1,MAT522 / 13,GEOMETRY A,ROCHELLE AITON,10,2027,F,0.00 pts,21.57,,160,,Yes
11,11/12/24,3,S1,MAT522 / 13,GEOMETRY A,NINETTE LILIENTHAL,10,2027,F,0.00 pts,21.57,,160,,Yes
11,11/12/24,1,S1,MAT522 / 11,GEOMETRY A,ROCHELLE AITON,10,2027,B,3.12 pts,5.29,,386,,Yes
11,11/12/24,1,S1,MAT522 / 11,GEOMETRY A,NINETTE LILIENTHAL,10,2027,B,3.12 pts,5.29,,386,,Yes
11,11/12/24,3,S1,SCI601 / 13,BIOLOGY A,GRANT MERRILL,10,2027,C+,2.68 pts,3.71,,386,,Yes
11,11/12/24,3,S1,MAT522 / 13,GEOMETRY A,ROCHELLE AITON,10,2027,F,1.31 pts,14.71,,67,,Yes
11,11/12/24,3,S1,MAT522 / 13,GEOMETRY A,NINETTE LILIENTHAL,10,2027,F,1.31 pts,14.71,,67,,Yes
11,11/12/24,4,S1,SCI601 / 14,BIOLOGY A,GRANT MERRILL,10,2027,F,1.07 pts,14.43,,67,,Yes
11,11/12/24,4,S1,SOC701 / 14,US HISTORY/A,DAVE HAJEK,11,2026,F,0.75 pts,8,,451,,Yes
11,11/12/24,2,S1,SCI609 / 12,CHEMISTRY/A,GRANT MERRILL,11,2026,C,2.36 pts,0.43,,297,,Yes
11,11/12/24,2,S1,BUS301 / 12,PERSONAL FINANCE A,NICOLE SIMEK,12,2025,B-,2.87 pts,5.43,,322,,Yes
11,11/12/24,2,S1,BUS301 / 12,PERSONAL FINANCE A,NICOLE SIMEK,12,2025,F,0.26 pts,12.71,,321,,Yes
11,11/12/24,2,S1,MAT522 / 12,GEOMETRY A,ROCHELLE AITON,10,2027,F,0.00 pts,4,,463,,Yes
11,11/12/24,2,S1,MAT522 / 12,GEOMETRY A,NINETTE LILIENTHAL,10,2027,F,0.00 pts,4,,463,,Yes
11,11/12/24,3,S1,BUS301 / 13,PERSONAL FINANCE A,NICOLE SIMEK,11,2026,F,0.86 pts,14.14,,276,,Yes
11,11/12/24,5,S1,ENG701 / 15,JUNIOR ENG/A,JOHN CARVER,11,2026,B-,2.85 pts,11.14,,276,,Yes
11,11/12/24,3,S1,MAT701 / 13,ALGEBRA II A,JENNIFER REILLY,11,2026,F,0.59 pts,22.71,,81,,Yes
11,11/12/24,1,S1,MAT704 / 11,PRE-CALC A MAT 153,BRIAN ANDERSON,12,2025,F,1.33 pts,1,,51,,Yes
11,11/12/24,6,S1,ENG501 / 16,FR ENGLISH/A,DAVID HOLLINGSWORTH,9,2028,A,4.00 pts,1.14,,217,,Yes
11,11/12/24,3,S1,MAT701 / 13,ALGEBRA II A,JENNIFER REILLY,10,2027,B,2.95 pts,3.29,,353,,Yes
11,11/12/24,5,S1,ENG601 / 15,SOPH ENG/A,MARCEE SALAS,10,2027,A-,3.40 pts,2.86,,353,,Yes
11,11/12/24,6,S1,SCI601 / 36,BIOLOGY A,WILLIAM BAUR,10,2027,A-,3.48 pts,3.14,,353,,Yes
11,11/12/24,3,S1,SCI601 / 13,BIOLOGY A,GRANT MERRILL,10,2027,,3.22 pts,0,,125,,Yes
11,11/12/24,5,S1,ENG601 / 15,SOPH ENG/A,MARCEE SALAS,10,2027,,4.00 pts,0,,125,,Yes
11,11/12/24,6,S1,MAT701 / 16,ALGEBRA II A,JASON BLAESING,10,2027,,4.00 pts,0,,125,,Yes
11,11/12/24,6,S1,SCI601 / 16,BIOLOGY A,GRANT MERRILL,10,2027,B+,3.35 pts,0,,125,,Yes
11,11/12/24,3,S1,MAT701 / 13,ALGEBRA II A,JENNIFER REILLY,10,2027,A-,3.43 pts,0.86,,247,,Yes
11,11/12/24,6,S1,SOC701 / 16,US HISTORY/A,SCOTT BOOTHBY,11,2026,C+,2.58 pts,14.43,,74,,Yes
11,11/12/24,6,S1,MAT701 / 16,ALGEBRA II A,JASON BLAESING,10,2027,B+,3.21 pts,2,,384,,Yes
11,11/12/24,6,S1,ENG501 / 16,FR ENGLISH/A,DAVID HOLLINGSWORTH,9,2028,D+,1.99 pts,1,,346,,Yes
11,11/12/24,1,S1,MAT522 / 11,GEOMETRY A,ROCHELLE AITON,10,2027,F,0.50 pts,15.86,,407,,Yes
11,11/12/24,1,S1,MAT522 / 11,GEOMETRY A,NINETTE LILIENTHAL,10,2027,F,0.50 pts,15.86,,407,,Yes
11,11/12/24,2,S1,ENG601 / 12,SOPH ENG/A,KELLY GREGERSEN,10,2027,F,0.19 pts,16,,407,,Yes
11,11/12/24,4,S1,SCI601 / 14,BIOLOGY A,GRANT MERRILL,10,2027,F,0.75 pts,16.86,,407,,Yes
11,11/12/24,5,S1,ENG601 / 15,SOPH ENG/A,MARCEE SALAS,10,2027,C-,2.06 pts,4,,108,,Yes
11,11/12/24,2,S1,MAT522 / 12,GEOMETRY A,ROCHELLE AITON,10,2027,D+,1.89 pts,16.86,,272,,Yes
11,11/12/24,2,S1,MAT522 / 12,GEOMETRY A,NINETTE LILIENTHAL,10,2027,D+,1.89 pts,16.86,,272,,Yes
11,11/12/24,4,S1,SOC701 / 14,US HISTORY/A,DAVE HAJEK,11,2026,F,1.13 pts,3.67,,449,,Yes
11,11/12/24,5,S1,ENG601 / 15,SOPH ENG/A,MARCEE SALAS,10,2027,B-,2.70 pts,0.29,,330,,Yes
11,11/12/24,6,S1,SCI601 / 36,BIOLOGY A,WILLIAM BAUR,10,2027,C,2.26 pts,0,,330,,Yes
11,11/12/24,1,S1,MAT522 / 11,GEOMETRY A,ROCHELLE AITON,10,2027,C+,2.66 pts,0.14,,162,,Yes
11,11/12/24,1,S1,MAT522 / 11,GEOMETRY A,NINETTE LILIENTHAL,10,2027,C+,2.66 pts,0.14,,162,,Yes
11,11/12/24,2,S1,ENG601 / 12,SOPH ENG/A,KELLY GREGERSEN,10,2027,B,3.15 pts,0.14,,162,,Yes
11,11/12/24,6,S1,SCI601 / 36,BIOLOGY A,WILLIAM BAUR,10,2027,A-,3.51 pts,0.14,,162,,Yes
11,11/12/24,5,S1,ENG601 / 15,SOPH ENG/A,MARCEE SALAS,10,2027,C+,2.53 pts,5.43,,371,,Yes
11,11/12/24,2,S1,BUS301 / 12,PERSONAL FINANCE A,NICOLE SIMEK,12,2025,B+,3.24 pts,3.86,,195,,Yes
11,11/12/24,2,S1,ENG601 / 12,SOPH ENG/A,KELLY GREGERSEN,10,2027,F,1.45 pts,3.14,,347,,Yes
11,11/12/24,4,S1,SCI601 / 14,BIOLOGY A,GRANT MERRILL,10,2027,B-,2.72 pts,2.86,,347,,Yes
11,11/12/24,3,S1,MAT522 / 13,GEOMETRY A,ROCHELLE AITON,9,2028,C-,2.09 pts,0.29,,211,,Yes
11,11/12/24,3,S1,MAT522 / 13,GEOMETRY A,NINETTE LILIENTHAL,9,2028,C-,2.09 pts,0.29,,211,,Yes
11,11/12/24,2,S1,MAT522 / 12,GEOMETRY A,ROCHELLE AITON,11,2026,F,0.89 pts,11,,343,,Yes
11,11/12/24,2,S1,MAT522 / 12,GEOMETRY A,NINETTE LILIENTHAL,11,2026,F,0.89 pts,11,,343,,Yes
11,11/12/24,4,S1,SOC701 / 14,US HISTORY/A,DAVE HAJEK,11,2026,F,1.20 pts,8.71,,343,,Yes
11,11/12/24,5,S1,MAT522 / 15,GEOMETRY A,BRIAN ANDERSON,10,2027,C+,2.68 pts,0,,165,,Yes
11,11/12/24,6,S1,SCI601 / 36,BIOLOGY A,WILLIAM BAUR,10,2027,A-,3.51 pts,0,,165,,Yes
11,11/12/24,6,S1,SCI601 / 36,BIOLOGY A,WILLIAM BAUR,10,2027,A,3.67 pts,2.43,,462,,Yes
11,11/12/24,2,S1,BUS301 / 12,PERSONAL FINANCE A,NICOLE SIMEK,12,2025,B,3.08 pts,4,,415,,Yes
11,11/12/24,4,S1,SCI601 / 14,BIOLOGY A,GRANT MERRILL,10,2027,A-,3.58 pts,1.43,,432,,Yes
11,11/12/24,3,S1,MAT522 / 13,GEOMETRY A,ROCHELLE AITON,10,2027,A,3.67 pts,1,,204,,Yes
11,11/12/24,3,S1,MAT522 / 13,GEOMETRY A,NINETTE LILIENTHAL,10,2027,A,3.67 pts,1,,204,,Yes
11,11/12/24,5,S1,ENG601 / 15,SOPH ENG/A,MARCEE SALAS,10,2027,C,2.39 pts,1,,204,,Yes
11,11/12/24,6,S1,SCI601 / 16,BIOLOGY A,GRANT MERRILL,10,2027,B-,2.85 pts,1,,204,,Yes
11,11/12/24,6,S1,ENG501 / 16,FR ENGLISH/A,DAVID HOLLINGSWORTH,9,2028,A,4.00 pts,0.14,,62,,Yes
11,11/12/24,5,S1,MAT522 / 15,GEOMETRY A,BRIAN ANDERSON,9,2028,C+,2.50 pts,1,,154,,Yes
11,11/12/24,3,S1,SCI601 / 13,BIOLOGY A,GRANT MERRILL,10,2027,C+,2.63 pts,0.71,,155,,Yes
11,11/12/24,4,S1,MAT522 / 14,GEOMETRY A,ROCHELLE AITON,10,2027,B,2.99 pts,0,,155,,Yes
11,11/12/24,4,S1,MAT522 / 14,GEOMETRY A,NINETTE LILIENTHAL,10,2027,B,2.99 pts,0,,155,,Yes
11,11/12/24,6,S1,MAT701 / 16,ALGEBRA II A,JASON BLAESING,11,2026,A-,3.43 pts,4.5,,278,,Yes
11,11/12/24,2,S1,MAT522 / 12,GEOMETRY A,ROCHELLE AITON,10,2027,C+,2.57 pts,2.14,,215,,Yes
11,11/12/24,2,S1,MAT522 / 12,GEOMETRY A,NINETTE LILIENTHAL,10,2027,C+,2.57 pts,2.14,,215,,Yes
11,11/12/24,6,S1,SCI601 / 16,BIOLOGY A,GRANT MERRILL,10,2027,C,2.27 pts,3,,215,,Yes
11,11/12/24,6,S1,SCI601 / 36,BIOLOGY A,WILLIAM BAUR,10,2027,A,3.74 pts,1.14,,337,,Yes
11,11/12/24,4,S1,SOC701 / 14,US HISTORY/A,DAVE HAJEK,11,2026,A,3.99 pts,1.33,,336,,Yes
11,11/12/24,5,S1,ENG701 / 15,JUNIOR ENG/A,JOHN CARVER,11,2026,A,3.95 pts,1,,336,,Yes
11,11/12/24,6,S1,MAT701 / 16,ALGEBRA II A,JASON BLAESING,11,2026,A,3.62 pts,1,,336,,Yes
11,11/12/24,6,S1,SOC701 / 16,US HISTORY/A,SCOTT BOOTHBY,11,2026,A,3.80 pts,3.86,,210,,Yes
11,11/12/24,4,S1,MAT522 / 14,GEOMETRY A,ROCHELLE AITON,10,2027,A,3.63 pts,2.71,,444,,Yes
11,11/12/24,4,S1,MAT522 / 14,GEOMETRY A,NINETTE LILIENTHAL,10,2027,A,3.63 pts,2.71,,444,,Yes
11,11/12/24,4,S1,SCI601 / 14,BIOLOGY A,GRANT MERRILL,10,2027,C-,2.04 pts,5.43,,448,,Yes
11,11/12/24,5,S1,MAT522 / 15,GEOMETRY A,BRIAN ANDERSON,10,2027,F,0.34 pts,4.29,,194,,Yes
11,11/12/24,4,S1,SOC701 / 14,US HISTORY/A,DAVE HAJEK,11,2026,C,2.38 pts,2,,298,,Yes
11,11/12/24,5,S1,ENG701 / 15,JUNIOR ENG/A,JOHN CARVER,11,2026,A,3.65 pts,2.14,,298,,Yes
11,11/12/24,6,S1,ENG501 / 16,FR ENGLISH/A,DAVID HOLLINGSWORTH,9,2028,A,3.72 pts,0.57,,181,,Yes
11,11/12/24,2,S1,MAT522 / 12,GEOMETRY A,ROCHELLE AITON,10,2027,C+,2.53 pts,0,,206,,Yes
11,11/12/24,2,S1,MAT522 / 12,GEOMETRY A,NINETTE LILIENTHAL,10,2027,C+,2.53 pts,0,,206,,Yes
11,11/12/24,6,S1,SCI601 / 36,BIOLOGY A,WILLIAM BAUR,10,2027,C-,2.03 pts,0,,206,,Yes
11,11/12/24,2,S1,ENG601 / 12,SOPH ENG/A,KELLY GREGERSEN,10,2027,C,2.36 pts,6.29,,418,,Yes
11,11/12/24,6,S1,SCI601 / 16,BIOLOGY A,GRANT MERRILL,10,2027,C,2.37 pts,5.57,,418,,Yes
11,11/12/24,1,S1,MAT522 / 11,GEOMETRY A,ROCHELLE AITON,10,2027,F,1.28 pts,9.71,,116,,Yes
11,11/12/24,1,S1,MAT522 / 11,GEOMETRY A,NINETTE LILIENTHAL,10,2027,F,1.28 pts,9.71,,116,,Yes
11,11/12/24,2,S1,ENG601 / 12,SOPH ENG/A,KELLY GREGERSEN,10,2027,F,0.69 pts,9.71,,116,,Yes
11,11/12/24,3,S1,BUS301 / 13,PERSONAL FINANCE A,NICOLE SIMEK,11,2026,F,1.46 pts,2.14,,209,,Yes
11,11/12/24,2,S1,MAT701 / 12,ALGEBRA II A,JASON BLAESING,11,2026,B,3.02 pts,3.71,,222,,Yes
11,11/12/24,5,S1,ENG701 / 15,JUNIOR ENG/A,JOHN CARVER,11,2026,A-,3.59 pts,3.71,,222,,Yes
11,11/12/24,3,S1,SCI601 / 13,BIOLOGY A,GRANT MERRILL,10,2027,F,1.13 pts,6.71,,391,,Yes
11,11/12/24,3,S1,MAT522 / 13,GEOMETRY A,ROCHELLE AITON,10,2027,A,3.78 pts,0,,264,,Yes
11,11/12/24,3,S1,MAT522 / 13,GEOMETRY A,NINETTE LILIENTHAL,10,2027,A,3.78 pts,0,,264,,Yes
11,11/12/24,3,S1,MAT701 / 13,ALGEBRA II A,JENNIFER REILLY,11,2026,F,1.07 pts,10.57,,177,,Yes
11,11/12/24,5,S1,ENG701 / 15,JUNIOR ENG/A,JOHN CARVER,11,2026,C-,2.14 pts,10,,177,,Yes
11,11/12/24,6,S1,SOC701 / 16,US HISTORY/A,SCOTT BOOTHBY,11,2026,C,2.24 pts,11,,177,,Yes
11,11/12/24,3,S1,BUS301 / 13,PERSONAL FINANCE A,NICOLE SIMEK,11,2026,F,0.58 pts,20.71,,300,,Yes
11,11/12/24,5,S1,ENG701 / 15,JUNIOR ENG/A,JOHN CARVER,11,2026,D,1.66 pts,14.57,,300,,Yes
11,11/12/24,2,S1,MAT701 / 12,ALGEBRA II A,JASON BLAESING,11,2026,C,2.47 pts,0.14,,56,,Yes
11,11/12/24,5,S1,ENG701 / 15,JUNIOR ENG/A,JOHN CARVER,11,2026,B,2.97 pts,0.57,,56,,Yes
11,11/12/24,4,S1,SCI601 / 14,BIOLOGY A,GRANT MERRILL,10,2027,D,1.76 pts,4.29,,198,,Yes
11,11/12/24,5,S1,MAT522 / 15,GEOMETRY A,BRIAN ANDERSON,10,2027,F,1.51 pts,4,,198,,Yes
11,11/12/24,2,S1,SCI609 / 12,CHEMISTRY/A,GRANT MERRILL,11,2026,D,1.70 pts,1.86,,150,,Yes
11,11/12/24,1,S1,MAT522 / 11,GEOMETRY A,ROCHELLE AITON,10,2027,F,0.24 pts,0.86,,94,,Yes
11,11/12/24,1,S1,MAT522 / 11,GEOMETRY A,NINETTE LILIENTHAL,10,2027,F,0.24 pts,0.86,,94,,Yes
11,11/12/24,2,S1,ENG601 / 12,SOPH ENG/A,KELLY GREGERSEN,10,2027,F,0.02 pts,0.86,,94,,Yes
11,11/12/24,6,S1,SCI601 / 36,BIOLOGY A,WILLIAM BAUR,10,2027,A,4.00 pts,0,,133,,Yes
11,11/12/24,2,S1,SCI609 / 12,CHEMISTRY/A,GRANT MERRILL,11,2026,,0.00 pts,8.29,,75,,Yes
11,11/12/24,3,S1,BUS301 / 13,PERSONAL FINANCE A,NICOLE SIMEK,11,2026,,0.00 pts,8.86,,75,,Yes
11,11/12/24,4,S1,SOC701 / 14,US HISTORY/A,DAVE HAJEK,11,2026,,0.00 pts,8.43,,75,,Yes
11,11/12/24,3,S1,MAT522 / 13,GEOMETRY A,ROCHELLE AITON,9,2028,B,2.97 pts,3.71,,76,,Yes
11,11/12/24,3,S1,MAT522 / 13,GEOMETRY A,NINETTE LILIENTHAL,9,2028,B,2.97 pts,3.71,,76,,Yes
11,11/12/24,3,S1,MAT701 / 13,ALGEBRA II A,JENNIFER REILLY,12,2025,A-,3.41 pts,0,,149,,Yes
11,11/12/24,4,S1,SCI601 / 14,BIOLOGY A,GRANT MERRILL,12,2025,A-,3.40 pts,7,,426,,Yes
11,11/12/24,5,S1,ENG601 / 15,SOPH ENG/A,MARCEE SALAS,10,2027,C+,2.60 pts,5.14,,403,,Yes
11,11/12/24,2,S1,MAT701 / 12,ALGEBRA II A,JASON BLAESING,11,2026,C-,2.19 pts,3.29,,78,,Yes
11,11/12/24,1,S1,MAT522 / 11,GEOMETRY A,ROCHELLE AITON,10,2027,F,0.97 pts,0.86,,122,,Yes
11,11/12/24,1,S1,MAT522 / 11,GEOMETRY A,NINETTE LILIENTHAL,10,2027,F,0.97 pts,0.86,,122,,Yes
11,11/12/24,2,S1,ENG601 / 12,SOPH ENG/A,KELLY GREGERSEN,10,2027,F,1.08 pts,0.71,,122,,Yes
11,11/12/24,2,S1,MAT701 / 12,ALGEBRA II A,JASON BLAESING,11,2026,A-,3.43 pts,3.5,,124,,Yes
11,11/12/24,2,S1,SCI609 / 12,CHEMISTRY/A,GRANT MERRILL,11,2026,A,3.63 pts,0,,315,,Yes
11,11/12/24,6,S1,MAT701 / 16,ALGEBRA II A,JASON BLAESING,11,2026,B+,3.21 pts,1,,314,,Yes
11,11/12/24,2,S1,BUS301 / 12,PERSONAL FINANCE A,NICOLE SIMEK,11,2026,B+,3.29 pts,0,,327,,Yes
11,11/12/24,5,S1,ENG701 / 15,JUNIOR ENG/A,JOHN CARVER,11,2026,A,3.70 pts,0,,327,,Yes
11,11/12/24,6,S1,SOC701 / 16,US HISTORY/A,SCOTT BOOTHBY,11,2026,B,3.19 pts,0.14,,327,,Yes
11,11/12/24,6,S1,ENG501 / 16,FR ENGLISH/A,DAVID HOLLINGSWORTH,9,2028,C,2.38 pts,5.86,,289,,Yes
11,11/12/24,2,S1,BUS301 / 12,PERSONAL FINANCE A,NICOLE SIMEK,12,2025,F,1.27 pts,6.86,,385,,Yes
11,11/12/24,5,S1,ENG701 / 15,JUNIOR ENG/A,JOHN CARVER,12,2025,B,2.93 pts,6.14,,385,,Yes
11,11/12/24,1,S1,MAT522 / 11,GEOMETRY A,ROCHELLE AITON,9,2028,B,3.13 pts,5.14,,69,,Yes
11,11/12/24,1,S1,MAT522 / 11,GEOMETRY A,NINETTE LILIENTHAL,9,2028,B,3.13 pts,5.14,,69,,Yes
11,11/12/24,4,S1,SOC701 / 14,US HISTORY/A,DAVE HAJEK,11,2026,C+,2.62 pts,6.14,,439,,Yes
11,11/12/24,6,S1,ENG501 / 16,FR ENGLISH/A,DAVID HOLLINGSWORTH,9,2028,C-,2.19 pts,14.71,,410,,Yes
11,11/12/24,2,S1,MAT522 / 12,GEOMETRY A,ROCHELLE AITON,10,2027,D,1.71 pts,3.86,,146,,Yes
11,11/12/24,2,S1,MAT522 / 12,GEOMETRY A,NINETTE LILIENTHAL,10,2027,D,1.71 pts,3.86,,146,,Yes
11,11/12/24,6,S1,SCI601 / 16,BIOLOGY A,GRANT MERRILL,10,2027,C+,2.52 pts,4.43,,146,,Yes
11,11/12/24,2,S1,MAT522 / 12,GEOMETRY A,ROCHELLE AITON,9,2028,A,3.76 pts,0,,231,,Yes
11,11/12/24,2,S1,MAT522 / 12,GEOMETRY A,NINETTE LILIENTHAL,9,2028,A,3.76 pts,0,,231,,Yes
11,11/12/24,2,S1,MAT701 / 12,ALGEBRA II A,JASON BLAESING,11,2026,F,1.64 pts,0.86,,152,,Yes
11,11/12/24,4,S1,MAT522 / 14,GEOMETRY A,ROCHELLE AITON,10,2027,B,3.09 pts,0,,202,,Yes
11,11/12/24,4,S1,MAT522 / 14,GEOMETRY A,NINETTE LILIENTHAL,10,2027,B,3.09 pts,0,,202,,Yes
11,11/12/24,6,S1,SCI601 / 16,BIOLOGY A,GRANT MERRILL,10,2027,C-,2.06 pts,0,,202,,Yes
11,11/12/24,6,S1,MAT701 / 16,ALGEBRA II A,JASON BLAESING,11,2026,D+,1.82 pts,2.86,,379,,Yes
11,11/12/24,1,S1,MAT522 / 11,GEOMETRY A,ROCHELLE AITON,10,2027,B-,2.83 pts,2,,335,,Yes
11,11/12/24,1,S1,MAT522 / 11,GEOMETRY A,NINETTE LILIENTHAL,10,2027,B-,2.83 pts,2,,335,,Yes
11,11/12/24,6,S1,SCI601 / 16,BIOLOGY A,GRANT MERRILL,10,2027,F,1.63 pts,1,,375,,Yes
11,11/12/24,6,S1,SOC701 / 16,US HISTORY/A,SCOTT BOOTHBY,11,2026,C,2.24 pts,1,,376,,Yes
11,11/12/24,1,S1,MAT522 / 11,GEOMETRY A,ROCHELLE AITON,10,2027,D+,1.95 pts,0.43,,399,,Yes
11,11/12/24,1,S1,MAT522 / 11,GEOMETRY A,NINETTE LILIENTHAL,10,2027,D+,1.95 pts,0.43,,399,,Yes
11,11/12/24,2,S1,ENG601 / 12,SOPH ENG/A,KELLY GREGERSEN,10,2027,B,3.13 pts,0.43,,399,,Yes
11,11/12/24,6,S1,SCI601 / 16,BIOLOGY A,GRANT MERRILL,10,2027,D,1.67 pts,0.29,,399,,Yes
11,11/12/24,4,S1,SCI601 / 14,BIOLOGY A,GRANT MERRILL,10,2027,C,2.21 pts,0.57,,441,,Yes
11,11/12/24,6,S1,SCI601 / 36,BIOLOGY A,WILLIAM BAUR,10,2027,B,2.97 pts,0.86,,174,,Yes
11,11/12/24,5,S1,MAT522 / 15,GEOMETRY A,BRIAN ANDERSON,10,2027,F,1.14 pts,5.71,,63,,Yes
11,11/12/24,3,S1,BUS301 / 13,PERSONAL FINANCE A,NICOLE SIMEK,12,2025,A,4.00 pts,6,,413,,Yes
11,11/12/24,6,S1,ENG501 / 16,FR ENGLISH/A,DAVID HOLLINGSWORTH,9,2028,D+,1.89 pts,2.29,,245,,Yes
11,11/12/24,3,S1,MAT701 / 13,ALGEBRA II A,JENNIFER REILLY,11,2026,B,3.05 pts,1,,172,,Yes
11,11/12/24,3,S1,MAT522 / 13,GEOMETRY A,ROCHELLE AITON,9,2028,C,2.47 pts,3.71,,358,,Yes
11,11/12/24,3,S1,MAT522 / 13,GEOMETRY A,NINETTE LILIENTHAL,9,2028,C,2.47 pts,3.71,,358,,Yes
11,11/12/24,6,S1,ENG501 / 16,FR ENGLISH/A,DAVID HOLLINGSWORTH,9,2028,A,3.75 pts,0,,189,,Yes
11,11/12/24,5,S1,MAT522 / 15,GEOMETRY A,BRIAN ANDERSON,9,2028,C,2.39 pts,0,,420,,Yes
11,11/12/24,4,S1,SCI601 / 14,BIOLOGY A,GRANT MERRILL,10,2027,F,1.28 pts,14.29,,456,,Yes
11,11/12/24,3,S1,MAT522 / 13,GEOMETRY A,ROCHELLE AITON,9,2028,,,0,,70,,Yes
11,11/12/24,3,S1,MAT522 / 13,GEOMETRY A,NINETTE LILIENTHAL,9,2028,,,0,,70,,Yes
11,11/12/24,5,S1,MAT522 / 15,GEOMETRY A,BRIAN ANDERSON,10,2027,C-,2.18 pts,2,,163,,Yes
11,11/12/24,6,S1,ENG501 / 16,FR ENGLISH/A,DAVID HOLLINGSWORTH,9,2028,B,3.01 pts,3.86,,366,,Yes
11,11/12/24,6,S1,ENG501 / 16,FR ENGLISH/A,DAVID HOLLINGSWORTH,9,2028,C-,2.07 pts,18.57,,129,,Yes
11,11/12/24,6,S1,SCI601 / 36,BIOLOGY A,WILLIAM BAUR,10,2027,,,3.71,,467,,Yes
11,11/12/24,2,S1,MAT522 / 12,GEOMETRY A,ROCHELLE AITON,10,2027,C+,2.68 pts,10.57,,220,,Yes
11,11/12/24,2,S1,MAT522 / 12,GEOMETRY A,NINETTE LILIENTHAL,10,2027,C+,2.68 pts,10.57,,220,,Yes
11,11/12/24,3,S1,SCI601 / 13,BIOLOGY A,GRANT MERRILL,10,2027,D+,1.85 pts,10.71,,220,,Yes
11,11/12/24,3,S1,BUS301 / 13,PERSONAL FINANCE A,NICOLE SIMEK,12,2025,A,4.00 pts,0,,326,,Yes
11,11/12/24,5,S1,ENG701 / 15,JUNIOR ENG/A,JOHN CARVER,11,2026,B,3.17 pts,3.33,,148,,Yes
11,11/12/24,6,S1,MAT701 / 16,ALGEBRA II A,JASON BLAESING,11,2026,B+,3.24 pts,3,,148,,Yes
11,11/12/24,1,S1,MAT704 / 11,PRE-CALC A MAT 153,BRIAN ANDERSON,11,2026,C-,2.15 pts,1.29,,350,,Yes
11,11/12/24,2,S1,SCI609 / 12,CHEMISTRY/A,GRANT MERRILL,11,2026,B+,3.24 pts,1.43,,350,,Yes
11,11/12/24,4,S1,SOC701 / 14,US HISTORY/A,DAVE HAJEK,11,2026,B,3.18 pts,1.71,,350,,Yes
11,11/12/24,5,S1,ENG701 / 15,JUNIOR ENG/A,JOHN CARVER,11,2026,B,3.01 pts,1.71,,350,,Yes
11,11/12/24,2,S1,MAT701 / 12,ALGEBRA II A,JASON BLAESING,10,2027,A,3.62 pts,2.43,,398,,Yes
11,11/12/24,3,S1,SCI601 / 13,BIOLOGY A,GRANT MERRILL,10,2027,B+,3.27 pts,2.43,,398,,Yes
11,11/12/24,4,S1,SOC701 / 14,US HISTORY/A,DAVE HAJEK,11,2026,F,1.03 pts,4.71,,286,,Yes
11,11/12/24,5,S1,ENG701 / 15,JUNIOR ENG/A,JOHN CARVER,11,2026,,2.37 pts,3.86,,286,,Yes
11,11/12/24,6,S1,ENG501 / 16,FR ENGLISH/A,DAVID HOLLINGSWORTH,9,2028,D+,1.89 pts,5.14,,461,,Yes
11,11/12/24,5,S1,ENG701 / 15,JUNIOR ENG/A,JOHN CARVER,11,2026,F,1.15 pts,2.14,,466,,Yes
11,11/12/24,5,S1,ENG701 / 15,JUNIOR ENG/A,JOHN CARVER,11,2026,F,1.05 pts,3.86,,465,,Yes
12,11/21/24,3,S1,BUS301 / 13,PERSONAL FINANCE A,NICOLE SIMEK,12,2025,A,3.81 pts,0,,200,,Yes
12,11/21/24,3,S1,BUS301 / 13,PERSONAL FINANCE A,NICOLE SIMEK,12,2025,C,2.24 pts,2.86,,394,,Yes
12,11/21/24,2,S1,BUS301 / 12,PERSONAL FINANCE A,NICOLE SIMEK,12,2025,A,3.79 pts,0.57,,93,,Yes
12,11/21/24,2,S1,BUS301 / 12,PERSONAL FINANCE A,NICOLE SIMEK,12,2025,C-,2.03 pts,6.57,,299,,Yes
12,11/21/24,1,S1,MAT522 / 11,GEOMETRY A,ROCHELLE AITON,10,2027,C,2.39 pts,0.29,,179,,Yes
12,11/21/24,1,S1,MAT522 / 11,GEOMETRY A,NINETTE LILIENTHAL,10,2027,C,2.39 pts,0.29,,179,,Yes
12,11/21/24,3,S1,MAT701 / 13,ALGEBRA II A,JENNIFER REILLY,11,2026,B,3.13 pts,6.29,,271,,Yes
12,11/21/24,6,S1,SOC701 / 16,US HISTORY/A,SCOTT BOOTHBY,11,2026,F,1.63 pts,6.43,,271,,Yes
12,11/21/24,1,S1,MAT704 / 11,PRE-CALC A MAT 153,BRIAN ANDERSON,11,2026,B+,3.20 pts,2.29,,101,,Yes
12,11/21/24,2,S1,SCI609 / 12,CHEMISTRY/A,GRANT MERRILL,11,2026,A,3.78 pts,2.29,,101,,Yes
12,11/21/24,4,S1,SOC701 / 14,US HISTORY/A,DAVE HAJEK,11,2026,B+,3.20 pts,1.29,,101,,Yes
12,11/21/24,3,S1,MAT522 / 13,GEOMETRY A,ROCHELLE AITON,9,2028,A,3.87 pts,0,,192,,Yes
12,11/21/24,3,S1,MAT522 / 13,GEOMETRY A,NINETTE LILIENTHAL,9,2028,A,3.87 pts,0,,192,,Yes
12,11/21/24,5,S1,ENG701 / 15,JUNIOR ENG/A,JOHN CARVER,11,2026,F,0.88 pts,35.86,,239,,Yes
12,11/21/24,2,S1,ENG601 / 12,SOPH ENG/A,KELLY GREGERSEN,10,2027,B-,2.72 pts,0,,392,,Yes
12,11/21/24,6,S1,MAT701 / 16,ALGEBRA II A,JASON BLAESING,12,2025,C+,2.52 pts,3.14,,49,,Yes
12,11/21/24,2,S1,BUS301 / 12,PERSONAL FINANCE A,NICOLE SIMEK,12,2025,A,3.99 pts,3.86,,176,,Yes
12,11/21/24,2,S1,BUS301 / 12,PERSONAL FINANCE A,NICOLE SIMEK,12,2025,D+,1.86 pts,21.71,,227,,Yes
12,11/21/24,2,S1,BUS301 / 12,PERSONAL FINANCE A,NICOLE SIMEK,12,2025,B+,3.23 pts,21.14,,381,,Yes
12,11/21/24,2,S1,BUS301 / 12,PERSONAL FINANCE A,NICOLE SIMEK,12,2025,W,0.00 pts,8.43,,87,,Yes
12,11/21/24,2,S1,BUS301 / 12,PERSONAL FINANCE A,NICOLE SIMEK,12,2025,A-,3.45 pts,2.29,,233,,Yes
12,11/21/24,3,S1,BUS301 / 13,PERSONAL FINANCE A,NICOLE SIMEK,12,2025,B+,3.22 pts,5.86,,280,,Yes
12,11/21/24,3,S1,BUS301 / 13,PERSONAL FINANCE A,NICOLE SIMEK,12,2025,A,3.83 pts,1,,341,,Yes
12,11/21/24,2,S1,BUS301 / 12,PERSONAL FINANCE A,NICOLE SIMEK,12,2025,C-,2.18 pts,17,,201,,Yes
12,11/21/24,2,S1,BUS301 / 12,PERSONAL FINANCE A,NICOLE SIMEK,12,2025,F,1.10 pts,8.43,,362,,Yes
12,11/21/24,2,S1,BUS301 / 12,PERSONAL FINANCE A,NICOLE SIMEK,12,2025,A,3.84 pts,3.57,,259,,Yes
12,11/21/24,2,S1,SCI609 / 12,CHEMISTRY/A,GRANT MERRILL,12,2025,B,2.94 pts,7,,423,,Yes
12,11/21/24,3,S1,BUS301 / 13,PERSONAL FINANCE A,NICOLE SIMEK,12,2025,C-,2.10 pts,2.14,,305,,Yes
12,11/21/24,6,S1,SCI601 / 36,BIOLOGY A,WILLIAM BAUR,12,2025,B-,2.74 pts,0.86,,188,,Yes
12,11/21/24,1,S1,MAT704 / 11,PRE-CALC A MAT 153,BRIAN ANDERSON,12,2025,F,1.59 pts,4.29,,323,,Yes
12,11/21/24,3,S1,BUS301 / 13,PERSONAL FINANCE A,NICOLE SIMEK,12,2025,A,3.60 pts,3.71,,323,,Yes
12,11/21/24,2,S1,BUS301 / 12,PERSONAL FINANCE A,NICOLE SIMEK,12,2025,F,1.29 pts,14.14,,216,,Yes
12,11/21/24,3,S1,BUS301 / 13,PERSONAL FINANCE A,NICOLE SIMEK,12,2025,B,3.14 pts,2.31,,408,,Yes
12,11/21/24,3,S1,BUS301 / 13,PERSONAL FINANCE A,NICOLE SIMEK,12,2025,A,3.79 pts,0.57,,90,,Yes
12,11/21/24,2,S1,SCI609 / 12,CHEMISTRY/A,GRANT MERRILL,12,2025,B,2.97 pts,5,,82,,Yes
12,11/21/24,3,S1,BUS301 / 13,PERSONAL FINANCE A,NICOLE SIMEK,11,2026,F,1.41 pts,1.71,,253,,Yes
12,11/21/24,3,S1,MAT701 / 13,ALGEBRA II A,JENNIFER REILLY,11,2026,B,3.04 pts,0,,115,,Yes
12,11/21/24,4,S1,SOC701 / 14,US HISTORY/A,DAVE HAJEK,11,2026,F,1.53 pts,5,,254,,Yes
12,11/21/24,5,S1,ENG701 / 15,JUNIOR ENG/A,JOHN CARVER,11,2026,C+,2.57 pts,4.43,,254,,Yes
12,11/21/24,2,S1,BUS301 / 12,PERSONAL FINANCE A,NICOLE SIMEK,12,2025,B-,2.74 pts,1.86,,61,,Yes
12,11/21/24,3,S1,BUS301 / 13,PERSONAL FINANCE A,NICOLE SIMEK,12,2025,C+,2.65 pts,3.43,,332,,Yes
12,11/21/24,2,S1,SCI609 / 12,CHEMISTRY/A,GRANT MERRILL,12,2025,F,0.51 pts,23.29,,354,,Yes
12,11/21/24,3,S1,BUS301 / 13,PERSONAL FINANCE A,NICOLE SIMEK,12,2025,D+,1.85 pts,3,,105,,Yes
12,11/21/24,4,S1,MAT522 / 14,GEOMETRY A,ROCHELLE AITON,10,2027,D+,1.87 pts,4.29,,425,,Yes
12,11/21/24,4,S1,MAT522 / 14,GEOMETRY A,NINETTE LILIENTHAL,10,2027,D+,1.87 pts,4.29,,425,,Yes
12,11/21/24,6,S1,MAT701 / 16,ALGEBRA II A,JASON BLAESING,10,2027,A,4.00 pts,0.14,,54,,Yes
12,11/21/24,2,S1,MAT522 / 12,GEOMETRY A,ROCHELLE AITON,10,2027,D+,1.91 pts,1,,338,,Yes
12,11/21/24,2,S1,MAT522 / 12,GEOMETRY A,NINETTE LILIENTHAL,10,2027,D+,1.91 pts,1,,338,,Yes
12,11/21/24,5,S1,ENG601 / 15,SOPH ENG/A,MARCEE SALAS,10,2027,C+,2.66 pts,1,,338,,Yes
12,11/21/24,3,S1,SCI601 / 13,BIOLOGY A,GRANT MERRILL,10,2027,F,1.19 pts,30.57,,92,,Yes
12,11/21/24,3,S1,MAT522 / 13,GEOMETRY A,ROCHELLE AITON,9,2028,A-,3.48 pts,0.86,,363,,Yes
12,11/21/24,3,S1,MAT522 / 13,GEOMETRY A,NINETTE LILIENTHAL,9,2028,A-,3.48 pts,0.86,,363,,Yes
12,11/21/24,6,S1,ENG501 / 16,FR ENGLISH/A,DAVID HOLLINGSWORTH,9,2028,B,3.08 pts,0,,229,,Yes
12,11/21/24,4,S1,MAT522 / 14,GEOMETRY A,ROCHELLE AITON,10,2027,C-,2.09 pts,1,,424,,Yes
12,11/21/24,4,S1,MAT522 / 14,GEOMETRY A,NINETTE LILIENTHAL,10,2027,C-,2.09 pts,1,,424,,Yes
12,11/21/24,2,S1,MAT701 / 12,ALGEBRA II A,JASON BLAESING,11,2026,C-,2.07 pts,0,,107,,Yes
12,11/21/24,1,S1,MAT704 / 11,PRE-CALC A MAT 153,BRIAN ANDERSON,11,2026,C,2.42 pts,2,,114,,Yes
12,11/21/24,2,S1,SCI609 / 12,CHEMISTRY/A,GRANT MERRILL,11,2026,B-,2.83 pts,1.29,,114,,Yes
12,11/21/24,2,S1,ENG601 / 12,SOPH ENG/A,KELLY GREGERSEN,10,2027,C-,2.06 pts,8.86,,117,,Yes
12,11/21/24,4,S1,MAT522 / 14,GEOMETRY A,ROCHELLE AITON,10,2027,F,0.87 pts,8.43,,117,,Yes
12,11/21/24,4,S1,MAT522 / 14,GEOMETRY A,NINETTE LILIENTHAL,10,2027,F,0.87 pts,8.43,,117,,Yes
12,11/21/24,6,S1,SCI601 / 16,BIOLOGY A,GRANT MERRILL,10,2027,F,1.15 pts,8.71,,117,,Yes
12,11/21/24,3,S1,MAT522 / 13,GEOMETRY A,ROCHELLE AITON,10,2027,B,3.12 pts,7,,118,,Yes
12,11/21/24,3,S1,MAT522 / 13,GEOMETRY A,NINETTE LILIENTHAL,10,2027,B,3.12 pts,7,,118,,Yes
12,11/21/24,5,S1,MAT522 / 15,GEOMETRY A,BRIAN ANDERSON,10,2027,C,2.22 pts,3.86,,142,,Yes
12,11/21/24,6,S1,SCI601 / 16,BIOLOGY A,GRANT MERRILL,10,2027,C-,2.19 pts,4.29,,142,,Yes
12,11/21/24,2,S1,MAT522 / 12,GEOMETRY A,ROCHELLE AITON,10,2027,C,2.30 pts,3.43,,168,,Yes
12,11/21/24,2,S1,MAT522 / 12,GEOMETRY A,NINETTE LILIENTHAL,10,2027,C,2.30 pts,3.43,,168,,Yes
12,11/21/24,3,S1,MAT701 / 13,ALGEBRA II A,JENNIFER REILLY,11,2026,A,3.78 pts,2,,208,,Yes
12,11/21/24,5,S1,MAT522 / 15,GEOMETRY A,BRIAN ANDERSON,10,2027,C,2.37 pts,1.29,,244,,Yes
12,11/21/24,2,S1,ENG601 / 12,SOPH ENG/A,KELLY GREGERSEN,10,2027,A,3.62 pts,0.14,,324,,Yes
12,11/21/24,3,S1,MAT522 / 13,GEOMETRY A,ROCHELLE AITON,10,2027,C+,2.50 pts,0,,324,,Yes
12,11/21/24,3,S1,MAT522 / 13,GEOMETRY A,NINETTE LILIENTHAL,10,2027,C+,2.50 pts,0,,324,,Yes
12,11/21/24,4,S1,MAT522 / 14,GEOMETRY A,ROCHELLE AITON,10,2027,B-,2.72 pts,0.14,,458,,Yes
12,11/21/24,4,S1,MAT522 / 14,GEOMETRY A,NINETTE LILIENTHAL,10,2027,B-,2.72 pts,0.14,,458,,Yes
12,11/21/24,2,S1,SCI609 / 12,CHEMISTRY/A,GRANT MERRILL,11,2026,W,0.54 pts,1.57,,131,,Yes
12,11/21/24,5,S1,ENG701 / 15,JUNIOR ENG/A,JOHN CARVER,11,2026,C,2.49 pts,5.86,,131,,Yes
12,11/21/24,1,S1,MAT522 / 11,GEOMETRY A,ROCHELLE AITON,10,2027,F,0.83 pts,8,,248,,Yes
12,11/21/24,1,S1,MAT522 / 11,GEOMETRY A,NINETTE LILIENTHAL,10,2027,F,0.83 pts,8,,248,,Yes
12,11/21/24,5,S1,ENG601 / 15,SOPH ENG/A,MARCEE SALAS,10,2027,B-,2.88 pts,0,,373,,Yes
12,11/21/24,6,S1,SCI601 / 36,BIOLOGY A,WILLIAM BAUR,10,2027,A,3.73 pts,0,,373,,Yes
12,11/21/24,2,S1,MAT701 / 12,ALGEBRA II A,JASON BLAESING,11,2026,A,3.83 pts,1,,320,,Yes
12,11/21/24,6,S1,SOC701 / 16,US HISTORY/A,SCOTT BOOTHBY,11,2026,B,3.07 pts,2,,320,,Yes
12,11/21/24,3,S1,MAT701 / 13,ALGEBRA II A,JENNIFER REILLY,11,2026,C+,2.59 pts,4.29,,128,,Yes
12,11/21/24,6,S1,MAT701 / 16,ALGEBRA II A,JASON BLAESING,11,2026,A,3.68 pts,7.67,,161,,Yes
12,11/21/24,3,S1,MAT701 / 13,ALGEBRA II A,JENNIFER REILLY,11,2026,A,3.98 pts,6.67,,191,,Yes
12,11/21/24,6,S1,SOC701 / 16,US HISTORY/A,SCOTT BOOTHBY,11,2026,A,3.65 pts,4.67,,224,,Yes
12,11/21/24,5,S1,ENG701 / 15,JUNIOR ENG/A,JOHN CARVER,11,2026,B-,2.72 pts,5.29,,255,,Yes
12,11/21/24,6,S1,SOC701 / 16,US HISTORY/A,SCOTT BOOTHBY,11,2026,C,2.38 pts,5.71,,255,,Yes
12,11/21/24,2,S1,MAT701 / 12,ALGEBRA II A,JASON BLAESING,11,2026,B,2.99 pts,3.71,,260,,Yes
12,11/21/24,5,S1,ENG701 / 15,JUNIOR ENG/A,JOHN CARVER,11,2026,A,3.96 pts,4,,260,,Yes
12,11/21/24,2,S1,MAT701 / 12,ALGEBRA II A,JASON BLAESING,11,2026,W,0.71 pts,5.29,,344,,Yes
12,11/21/24,5,S1,ENG701 / 15,JUNIOR ENG/A,JOHN CARVER,11,2026,C+,2.50 pts,8,,396,,Yes
12,11/21/24,1,S1,MAT704 / 11,PRE-CALC A MAT 153,BRIAN ANDERSON,11,2026,B+,3.27 pts,1,,400,,Yes
12,11/21/24,2,S1,ENG601 / 12,SOPH ENG/A,KELLY GREGERSEN,10,2027,F,1.40 pts,14.43,,416,,Yes
12,11/21/24,3,S1,MAT522 / 13,GEOMETRY A,ROCHELLE AITON,10,2027,D,1.73 pts,14.43,,416,,Yes
12,11/21/24,3,S1,MAT522 / 13,GEOMETRY A,NINETTE LILIENTHAL,10,2027,D,1.73 pts,14.43,,416,,Yes
12,11/21/24,1,S1,MAT522 / 11,GEOMETRY A,ROCHELLE AITON,10,2027,C-,2.18 pts,4.71,,318,,Yes
12,11/21/24,1,S1,MAT522 / 11,GEOMETRY A,NINETTE LILIENTHAL,10,2027,C-,2.18 pts,4.71,,318,,Yes
12,11/21/24,3,S1,SCI601 / 13,BIOLOGY A,GRANT MERRILL,10,2027,C-,2.06 pts,5.57,,318,,Yes
12,11/21/24,3,S1,BUS301 / 13,PERSONAL FINANCE A,NICOLE SIMEK,11,2026,A-,3.45 pts,1.86,,230,,Yes
12,11/21/24,4,S1,SOC701 / 14,US HISTORY/A,DAVE HAJEK,11,2026,B,3.15 pts,1.86,,230,,Yes
12,11/21/24,5,S1,ENG701 / 15,JUNIOR ENG/A,JOHN CARVER,11,2026,A,3.92 pts,1.86,,230,,Yes
12,11/21/24,4,S1,SCI601 / 14,BIOLOGY A,GRANT MERRILL,10,2027,C,2.24 pts,4.71,,429,,Yes
12,11/21/24,2,S1,BUS301 / 12,PERSONAL FINANCE A,NICOLE SIMEK,12,2025,C-,2.10 pts,16.14,,331,,Yes
12,11/21/24,2,S1,ENG601 / 12,SOPH ENG/A,KELLY GREGERSEN,10,2027,A,3.72 pts,0,,102,,Yes
12,11/21/24,3,S1,MAT522 / 13,GEOMETRY A,ROCHELLE AITON,10,2027,B,3.03 pts,0,,102,,Yes
12,11/21/24,3,S1,MAT522 / 13,GEOMETRY A,NINETTE LILIENTHAL,10,2027,B,3.03 pts,0,,102,,Yes
12,11/21/24,6,S1,SOC701 / 16,US HISTORY/A,SCOTT BOOTHBY,11,2026,C,2.34 pts,9.29,,134,,Yes
12,11/21/24,6,S1,MAT701 / 16,ALGEBRA II A,JASON BLAESING,11,2026,C,2.45 pts,5,,112,,Yes
12,11/21/24,3,S1,MAT701 / 13,ALGEBRA II A,JENNIFER REILLY,11,2026,A-,3.45 pts,11.14,,207,,Yes
12,11/21/24,2,S1,SCI609 / 12,CHEMISTRY/A,GRANT MERRILL,11,2026,C+,2.51 pts,3,,86,,Yes
12,11/21/24,6,S1,SOC701 / 16,US HISTORY/A,SCOTT BOOTHBY,11,2026,A-,3.43 pts,3.86,,86,,Yes
12,11/21/24,2,S1,MAT701 / 12,ALGEBRA II A,JASON BLAESING,11,2026,C,2.40 pts,9.71,,145,,Yes
12,11/21/24,2,S1,SCI609 / 12,CHEMISTRY/A,GRANT MERRILL,11,2026,B-,2.80 pts,9.43,,242,,Yes
12,11/21/24,3,S1,BUS301 / 13,PERSONAL FINANCE A,NICOLE SIMEK,11,2026,A,4.00 pts,9,,242,,Yes
12,11/21/24,1,S1,MAT704 / 11,PRE-CALC A MAT 153,BRIAN ANDERSON,11,2026,B,3.01 pts,0,,151,,Yes
12,11/21/24,2,S1,MAT701 / 12,ALGEBRA II A,JASON BLAESING,11,2026,F,0.00 pts,27,,180,,Yes
12,11/21/24,4,S1,SOC701 / 14,US HISTORY/A,DAVE HAJEK,11,2026,D,1.72 pts,4.86,,438,,Yes
12,11/21/24,6,S1,MAT701 / 16,ALGEBRA II A,JASON BLAESING,11,2026,B+,3.35 pts,1.14,,342,,Yes
12,11/21/24,6,S1,MAT701 / 16,ALGEBRA II A,JASON BLAESING,11,2026,B-,2.82 pts,6.07,,357,,Yes
12,11/21/24,3,S1,MAT701 / 13,ALGEBRA II A,JENNIFER REILLY,11,2026,C,2.46 pts,3,,339,,Yes
12,11/21/24,3,S1,MAT701 / 13,ALGEBRA II A,JENNIFER REILLY,11,2026,D+,1.86 pts,4.76,,380,,Yes
12,11/21/24,6,S1,SOC701 / 16,US HISTORY/A,SCOTT BOOTHBY,11,2026,C+,2.57 pts,5.21,,380,,Yes
12,11/21/24,2,S1,SCI609 / 12,CHEMISTRY/A,GRANT MERRILL,11,2026,C,2.31 pts,6,,282,,Yes
12,11/21/24,3,S1,MAT701 / 13,ALGEBRA II A,JENNIFER REILLY,11,2026,A-,3.49 pts,5.86,,282,,Yes
12,11/21/24,4,S1,SOC701 / 14,US HISTORY/A,DAVE HAJEK,11,2026,C,2.20 pts,7.57,,282,,Yes
12,11/21/24,5,S1,ENG701 / 15,JUNIOR ENG/A,JOHN CARVER,11,2026,B,3.00 pts,7.57,,282,,Yes
12,11/21/24,2,S1,BUS301 / 12,PERSONAL FINANCE A,NICOLE SIMEK,11,2026,A,3.68 pts,5.43,,185,,Yes
12,11/21/24,4,S1,SOC701 / 14,US HISTORY/A,DAVE HAJEK,11,2026,A,3.81 pts,5.29,,185,,Yes
12,11/21/24,3,S1,MAT701 / 13,ALGEBRA II A,JENNIFER REILLY,11,2026,A-,3.52 pts,0.67,,103,,Yes
12,11/21/24,2,S1,MAT701 / 12,ALGEBRA II A,JASON BLAESING,11,2026,C,2.23 pts,4.29,,85,,Yes
12,11/21/24,6,S1,SOC701 / 16,US HISTORY/A,SCOTT BOOTHBY,11,2026,A,3.67 pts,4.57,,85,,Yes
12,11/21/24,1,S1,MAT704 / 11,PRE-CALC A MAT 153,BRIAN ANDERSON,11,2026,B,3.05 pts,1,,95,,Yes
12,11/21/24,6,S1,MAT701 / 16,ALGEBRA II A,JASON BLAESING,11,2026,B-,2.70 pts,2.5,,50,,Yes
12,11/21/24,1,S1,MAT704 / 11,PRE-CALC A MAT 153,BRIAN ANDERSON,11,2026,C,2.22 pts,1,,328,,Yes
12,11/21/24,6,S1,SOC701 / 16,US HISTORY/A,SCOTT BOOTHBY,11,2026,C,2.24 pts,3.43,,275,,Yes
12,11/21/24,1,S1,MAT704 / 11,PRE-CALC A MAT 153,BRIAN ANDERSON,11,2026,A-,3.43 pts,0,,409,,Yes
12,11/21/24,5,S1,ENG701 / 15,JUNIOR ENG/A,JOHN CARVER,11,2026,A,3.96 pts,0,,409,,Yes
12,11/21/24,3,S1,MAT701 / 13,ALGEBRA II A,JENNIFER REILLY,11,2026,B-,2.86 pts,5.57,,412,,Yes
12,11/21/24,6,S1,SOC701 / 16,US HISTORY/A,SCOTT BOOTHBY,11,2026,A,3.94 pts,2,,68,,Yes
12,11/21/24,3,S1,BUS301 / 13,PERSONAL FINANCE A,NICOLE SIMEK,11,2026,C+,2.65 pts,4,,267,,Yes
12,11/21/24,6,S1,SOC701 / 16,US HISTORY/A,SCOTT BOOTHBY,11,2026,C-,2.08 pts,27.14,,147,,Yes
12,11/21/24,2,S1,BUS301 / 12,PERSONAL FINANCE A,NICOLE SIMEK,12,2025,F,0.86 pts,19.86,,73,,Yes
12,11/21/24,5,S1,ENG701 / 15,JUNIOR ENG/A,JOHN CARVER,11,2026,B,3.02 pts,9.86,,218,,Yes
12,11/21/24,6,S1,SOC701 / 16,US HISTORY/A,SCOTT BOOTHBY,11,2026,D+,1.95 pts,9.14,,218,,Yes
12,11/21/24,6,S1,MAT701 / 16,ALGEBRA II A,JASON BLAESING,11,2026,F,1.03 pts,9.57,,296,,Yes
12,11/21/24,2,S1,SCI609 / 12,CHEMISTRY/A,GRANT MERRILL,11,2026,A,3.72 pts,0,,100,,Yes
12,11/21/24,2,S1,MAT701 / 12,ALGEBRA II A,JASON BLAESING,11,2026,W,0.00 pts,16,,349,,Yes
12,11/21/24,5,S1,ENG701 / 15,JUNIOR ENG/A,JOHN CARVER,11,2026,W,2.27 pts,12,,349,,Yes
12,11/21/24,1,S1,MAT704 / 11,PRE-CALC A MAT 153,BRIAN ANDERSON,11,2026,C,2.30 pts,0.86,,138,,Yes
12,11/21/24,5,S1,ENG701 / 15,JUNIOR ENG/A,JOHN CARVER,11,2026,A,3.60 pts,2.71,,138,,Yes
12,11/21/24,2,S1,SCI609 / 12,CHEMISTRY/A,GRANT MERRILL,11,2026,C-,2.19 pts,0,,158,,Yes
12,11/21/24,5,S1,ENG701 / 15,JUNIOR ENG/A,JOHN CARVER,11,2026,A,3.96 pts,0.43,,158,,Yes
12,11/21/24,3,S1,MAT701 / 13,ALGEBRA II A,JENNIFER REILLY,11,2026,C+,2.56 pts,3.29,,406,,Yes
12,11/21/24,2,S1,MAT701 / 12,ALGEBRA II A,JASON BLAESING,11,2026,B+,3.34 pts,2.29,,262,,Yes
12,11/21/24,6,S1,SOC701 / 16,US HISTORY/A,SCOTT BOOTHBY,11,2026,C+,2.63 pts,3,,262,,Yes
12,11/21/24,1,S1,MAT704 / 11,PRE-CALC A MAT 153,BRIAN ANDERSON,11,2026,B-,2.88 pts,3.5,,263,,Yes
12,11/21/24,2,S1,ENG601 / 12,SOPH ENG/A,KELLY GREGERSEN,10,2027,B,3.09 pts,6,,77,,Yes
12,11/21/24,3,S1,SCI601 / 13,BIOLOGY A,GRANT MERRILL,10,2027,C,2.32 pts,6.43,,77,,Yes
12,11/21/24,3,S1,SCI601 / 13,BIOLOGY A,GRANT MERRILL,10,2027,B+,3.25 pts,0,,126,,Yes
12,11/21/24,5,S1,MAT522 / 15,GEOMETRY A,BRIAN ANDERSON,10,2027,A,3.61 pts,0.29,,126,,Yes
12,11/21/24,2,S1,ENG601 / 12,SOPH ENG/A,KELLY GREGERSEN,10,2027,C,2.47 pts,7.29,,433,,Yes
12,11/21/24,4,S1,SCI601 / 14,BIOLOGY A,GRANT MERRILL,10,2027,F,0.96 pts,7,,433,,Yes
12,11/21/24,6,S1,ENG501 / 16,FR ENGLISH/A,DAVID HOLLINGSWORTH,9,2028,C-,2.08 pts,0.14,,183,,Yes
12,11/21/24,2,S1,MAT522 / 12,GEOMETRY A,ROCHELLE AITON,10,2027,C+,2.69 pts,4.86,,205,,Yes
12,11/21/24,2,S1,MAT522 / 12,GEOMETRY A,NINETTE LILIENTHAL,10,2027,C+,2.69 pts,4.86,,205,,Yes
12,11/21/24,3,S1,SCI601 / 13,BIOLOGY A,GRANT MERRILL,10,2027,B+,3.25 pts,0,,226,,Yes
12,11/21/24,6,S1,MAT701 / 16,ALGEBRA II A,JASON BLAESING,10,2027,A,3.67 pts,1,,226,,Yes
12,11/21/24,2,S1,MAT701 / 12,ALGEBRA II A,JASON BLAESING,10,2027,A,3.99 pts,1.71,,237,,Yes
12,11/21/24,3,S1,SCI601 / 13,BIOLOGY A,GRANT MERRILL,10,2027,A,3.60 pts,1.71,,237,,Yes
12,11/21/24,6,S1,ENG501 / 16,FR ENGLISH/A,DAVID HOLLINGSWORTH,9,2028,A,3.73 pts,0.57,,270,,Yes
12,11/21/24,4,S1,MAT522 / 14,GEOMETRY A,ROCHELLE AITON,10,2027,C+,2.53 pts,1,,443,,Yes
12,11/21/24,4,S1,MAT522 / 14,GEOMETRY A,NINETTE LILIENTHAL,10,2027,C+,2.53 pts,1,,443,,Yes
12,11/21/24,2,S1,MAT522 / 12,GEOMETRY A,ROCHELLE AITON,9,2028,A-,3.49 pts,1.43,,393,,Yes
12,11/21/24,2,S1,MAT522 / 12,GEOMETRY A,NINETTE LILIENTHAL,9,2028,A-,3.49 pts,1.43,,393,,Yes
12,11/21/24,6,S1,ENG501 / 16,FR ENGLISH/A,DAVID HOLLINGSWORTH,9,2028,,2.30 pts,4.29,,397,,Yes
12,11/21/24,3,S1,SCI601 / 13,BIOLOGY A,GRANT MERRILL,10,2027,C,2.48 pts,3.86,,401,,Yes
12,11/21/24,5,S1,ENG601 / 15,SOPH ENG/A,MARCEE SALAS,10,2027,C,2.48 pts,3.43,,401,,Yes
12,11/21/24,3,S1,MAT522 / 13,GEOMETRY A,ROCHELLE AITON,9,2028,C+,2.53 pts,10.86,,419,,Yes
12,11/21/24,3,S1,MAT522 / 13,GEOMETRY A,NINETTE LILIENTHAL,9,2028,C+,2.53 pts,10.86,,419,,Yes
12,11/21/24,3,S1,MAT522 / 13,GEOMETRY A,ROCHELLE AITON,10,2027,F,0.73 pts,8.29,,251,,Yes
12,11/21/24,3,S1,MAT522 / 13,GEOMETRY A,NINETTE LILIENTHAL,10,2027,F,0.73 pts,8.29,,251,,Yes
12,11/21/24,4,S1,SCI601 / 14,BIOLOGY A,GRANT MERRILL,10,2027,D,1.79 pts,8.57,,251,,Yes
12,11/21/24,6,S1,SOC701 / 16,US HISTORY/A,SCOTT BOOTHBY,11,2026,D+,1.87 pts,5.57,,356,,Yes
12,11/21/24,3,S1,SCI601 / 13,BIOLOGY A,GRANT MERRILL,10,2027,C-,2.00 pts,1,,294,,Yes
12,11/21/24,6,S1,SCI601 / 36,BIOLOGY A,WILLIAM BAUR,10,2027,,,0,,294,,Yes
12,11/21/24,2,S1,MAT522 / 12,GEOMETRY A,ROCHELLE AITON,10,2027,C-,2.07 pts,1.29,,84,,Yes
12,11/21/24,2,S1,MAT522 / 12,GEOMETRY A,NINETTE LILIENTHAL,10,2027,C-,2.07 pts,1.29,,84,,Yes
12,11/21/24,1,S1,MAT522 / 11,GEOMETRY A,ROCHELLE AITON,10,2027,F,0.98 pts,10.29,,72,,Yes
12,11/21/24,1,S1,MAT522 / 11,GEOMETRY A,NINETTE LILIENTHAL,10,2027,F,0.98 pts,10.29,,72,,Yes
12,11/21/24,5,S1,ENG601 / 15,SOPH ENG/A,MARCEE SALAS,10,2027,B-,2.87 pts,9.14,,72,,Yes
12,11/21/24,3,S1,SCI601 / 13,BIOLOGY A,GRANT MERRILL,10,2027,C+,2.61 pts,1.43,,57,,Yes
12,11/21/24,4,S1,MAT522 / 14,GEOMETRY A,ROCHELLE AITON,10,2027,A,3.87 pts,0,,452,,Yes
12,11/21/24,4,S1,MAT522 / 14,GEOMETRY A,NINETTE LILIENTHAL,10,2027,A,3.87 pts,0,,452,,Yes
12,11/21/24,4,S1,MAT522 / 14,GEOMETRY A,ROCHELLE AITON,10,2027,F,0.70 pts,9.14,,446,,Yes
12,11/21/24,4,S1,MAT522 / 14,GEOMETRY A,NINETTE LILIENTHAL,10,2027,F,0.70 pts,9.14,,446,,Yes
12,11/21/24,2,S1,ENG601 / 12,SOPH ENG/A,KELLY GREGERSEN,10,2027,F,0.34 pts,11.43,,309,,Yes
12,11/21/24,4,S1,SCI601 / 14,BIOLOGY A,GRANT MERRILL,10,2027,F,1.52 pts,9.86,,309,,Yes
12,11/21/24,5,S1,MAT522 / 15,GEOMETRY A,BRIAN ANDERSON,10,2027,F,0.01 pts,7.57,,309,,Yes
12,11/21/24,5,S1,MAT522 / 15,GEOMETRY A,BRIAN ANDERSON,10,2027,B+,3.35 pts,0,,199,,Yes
12,11/21/24,2,S1,MAT701 / 12,ALGEBRA II A,JASON BLAESING,11,2026,C,2.24 pts,2,,113,,Yes
12,11/21/24,3,S1,SCI601 / 13,BIOLOGY A,GRANT MERRILL,10,2027,B,3.17 pts,0,,140,,Yes
12,11/21/24,2,S1,MAT522 / 12,GEOMETRY A,ROCHELLE AITON,10,2027,C,2.27 pts,1,,238,,Yes
12,11/21/24,2,S1,MAT522 / 12,GEOMETRY A,NINETTE LILIENTHAL,10,2027,C,2.27 pts,1,,238,,Yes
12,11/21/24,5,S1,ENG601 / 15,SOPH ENG/A,MARCEE SALAS,10,2027,C,2.30 pts,1,,238,,Yes
12,11/21/24,6,S1,SCI601 / 36,BIOLOGY A,WILLIAM BAUR,10,2027,A-,3.50 pts,1,,238,,Yes
12,11/21/24,1,S1,MAT704 / 11,PRE-CALC A MAT 153,BRIAN ANDERSON,11,2026,B,3.13 pts,8,,292,,Yes
12,11/21/24,4,S1,SCI601 / 14,BIOLOGY A,GRANT MERRILL,10,2027,C-,2.03 pts,0,,453,,Yes
12,11/21/24,2,S1,MAT522 / 12,GEOMETRY A,ROCHELLE AITON,10,2027,C+,2.57 pts,0,,291,,Yes
12,11/21/24,2,S1,MAT522 / 12,GEOMETRY A,NINETTE LILIENTHAL,10,2027,C+,2.57 pts,0,,291,,Yes
12,11/21/24,3,S1,SCI601 / 13,BIOLOGY A,GRANT MERRILL,10,2027,C,2.31 pts,0,,291,,Yes
12,11/21/24,3,S1,SCI601 / 13,BIOLOGY A,GRANT MERRILL,10,2027,F,0.39 pts,18.71,,293,,Yes
12,11/21/24,4,S1,MAT522 / 14,GEOMETRY A,ROCHELLE AITON,10,2027,D,1.65 pts,18.71,,293,,Yes
12,11/21/24,4,S1,MAT522 / 14,GEOMETRY A,NINETTE LILIENTHAL,10,2027,D,1.65 pts,18.71,,293,,Yes
12,11/21/24,5,S1,MAT522 / 15,GEOMETRY A,BRIAN ANDERSON,10,2027,B-,2.84 pts,0,,421,,Yes
12,11/21/24,6,S1,SCI601 / 16,BIOLOGY A,GRANT MERRILL,10,2027,C,2.35 pts,0,,421,,Yes
12,11/21/24,1,S1,MAT704 / 11,PRE-CALC A MAT 153,BRIAN ANDERSON,10,2027,B,3.09 pts,2.14,,304,,Yes
12,11/21/24,2,S1,MAT522 / 12,GEOMETRY A,ROCHELLE AITON,10,2027,D+,1.97 pts,2.43,,414,,Yes
12,11/21/24,2,S1,MAT522 / 12,GEOMETRY A,NINETTE LILIENTHAL,10,2027,D+,1.97 pts,2.43,,414,,Yes
12,11/21/24,5,S1,ENG601 / 15,SOPH ENG/A,MARCEE SALAS,10,2027,B,2.95 pts,2,,414,,Yes
12,11/21/24,6,S1,SCI601 / 36,BIOLOGY A,WILLIAM BAUR,10,2027,B+,3.25 pts,2.14,,414,,Yes
12,11/21/24,1,S1,MAT522 / 11,GEOMETRY A,ROCHELLE AITON,10,2027,A-,3.47 pts,0,,389,,Yes
12,11/21/24,1,S1,MAT522 / 11,GEOMETRY A,NINETTE LILIENTHAL,10,2027,A-,3.47 pts,0,,389,,Yes
12,11/21/24,3,S1,SCI601 / 13,BIOLOGY A,GRANT MERRILL,10,2027,B-,2.89 pts,0,,389,,Yes
12,11/21/24,1,S1,MAT522 / 11,GEOMETRY A,ROCHELLE AITON,10,2027,B+,3.29 pts,1,,301,,Yes
12,11/21/24,1,S1,MAT522 / 11,GEOMETRY A,NINETTE LILIENTHAL,10,2027,B+,3.29 pts,1,,301,,Yes
12,11/21/24,4,S1,SCI601 / 14,BIOLOGY A,GRANT MERRILL,10,2027,B+,3.23 pts,0.43,,428,,Yes
12,11/21/24,5,S1,MAT522 / 15,GEOMETRY A,BRIAN ANDERSON,10,2027,A,3.75 pts,0.57,,303,,Yes
12,11/21/24,4,S1,MAT522 / 14,GEOMETRY A,ROCHELLE AITON,10,2027,D+,1.82 pts,13,,221,,Yes
12,11/21/24,4,S1,MAT522 / 14,GEOMETRY A,NINETTE LILIENTHAL,10,2027,D+,1.82 pts,13,,221,,Yes
12,11/21/24,5,S1,ENG601 / 15,SOPH ENG/A,MARCEE SALAS,10,2027,C,2.22 pts,13,,221,,Yes
12,11/21/24,4,S1,MAT522 / 14,GEOMETRY A,ROCHELLE AITON,10,2027,C+,2.64 pts,0,,460,,Yes
12,11/21/24,4,S1,MAT522 / 14,GEOMETRY A,NINETTE LILIENTHAL,10,2027,C+,2.64 pts,0,,460,,Yes
12,11/21/24,1,S1,MAT522 / 11,GEOMETRY A,ROCHELLE AITON,10,2027,F,1.58 pts,5.14,,83,,Yes
12,11/21/24,1,S1,MAT522 / 11,GEOMETRY A,NINETTE LILIENTHAL,10,2027,F,1.58 pts,5.14,,83,,Yes
12,11/21/24,4,S1,SCI601 / 14,BIOLOGY A,GRANT MERRILL,10,2027,C,2.31 pts,1,,455,,Yes
12,11/21/24,2,S1,MAT701 / 12,ALGEBRA II A,JASON BLAESING,10,2027,B,3.04 pts,0,,109,,Yes
12,11/21/24,3,S1,MAT522 / 13,GEOMETRY A,ROCHELLE AITON,10,2027,B-,2.71 pts,0,,99,,Yes
12,11/21/24,3,S1,MAT522 / 13,GEOMETRY A,NINETTE LILIENTHAL,10,2027,B-,2.71 pts,0,,99,,Yes
12,11/21/24,2,S1,MAT522 / 12,GEOMETRY A,ROCHELLE AITON,10,2027,F,1.62 pts,6.71,,256,,Yes
12,11/21/24,2,S1,MAT522 / 12,GEOMETRY A,NINETTE LILIENTHAL,10,2027,F,1.62 pts,6.71,,256,,Yes
12,11/21/24,6,S1,SCI601 / 16,BIOLOGY A,GRANT MERRILL,10,2027,D,1.79 pts,8.57,,256,,Yes
12,11/21/24,4,S1,MAT522 / 14,GEOMETRY A,ROCHELLE AITON,10,2027,B+,3.23 pts,0.14,,310,,Yes
12,11/21/24,4,S1,MAT522 / 14,GEOMETRY A,NINETTE LILIENTHAL,10,2027,B+,3.23 pts,0.14,,310,,Yes
12,11/21/24,6,S1,SCI601 / 16,BIOLOGY A,GRANT MERRILL,10,2027,C,2.34 pts,0.29,,310,,Yes
12,11/21/24,6,S1,MAT701 / 16,ALGEBRA II A,JASON BLAESING,10,2027,B-,2.88 pts,1.86,,89,,Yes
12,11/21/24,2,S1,MAT522 / 12,GEOMETRY A,ROCHELLE AITON,10,2027,F,1.59 pts,3.57,,175,,Yes
12,11/21/24,2,S1,MAT522 / 12,GEOMETRY A,NINETTE LILIENTHAL,10,2027,F,1.59 pts,3.57,,175,,Yes
12,11/21/24,6,S1,SCI601 / 16,BIOLOGY A,GRANT MERRILL,10,2027,C+,2.63 pts,3.29,,175,,Yes
12,11/21/24,3,S1,SCI601 / 13,BIOLOGY A,GRANT MERRILL,10,2027,B-,2.84 pts,6.14,,372,,Yes
12,11/21/24,5,S1,MAT522 / 15,GEOMETRY A,BRIAN ANDERSON,10,2027,F,1.36 pts,7.29,,372,,Yes
12,11/21/24,5,S1,MAT522 / 15,GEOMETRY A,BRIAN ANDERSON,10,2027,D+,1.83 pts,5.86,,390,,Yes
12,11/21/24,2,S1,ENG601 / 12,SOPH ENG/A,KELLY GREGERSEN,10,2027,D,1.76 pts,9,,48,,Yes
12,11/21/24,3,S1,SCI601 / 13,BIOLOGY A,GRANT MERRILL,10,2027,C-,2.02 pts,9,,48,,Yes
12,11/21/24,5,S1,MAT522 / 15,GEOMETRY A,BRIAN ANDERSON,10,2027,C,2.43 pts,9,,48,,Yes
12,11/21/24,3,S1,MAT522 / 13,GEOMETRY A,ROCHELLE AITON,10,2027,C,2.36 pts,3.71,,382,,Yes
12,11/21/24,3,S1,MAT522 / 13,GEOMETRY A,NINETTE LILIENTHAL,10,2027,C,2.36 pts,3.71,,382,,Yes
12,11/21/24,2,S1,SCI609 / 12,CHEMISTRY/A,GRANT MERRILL,11,2026,C+,2.51 pts,1.83,,60,,Yes
12,11/21/24,3,S1,MAT701 / 13,ALGEBRA II A,JENNIFER REILLY,11,2026,A,3.99 pts,1.83,,60,,Yes
12,11/21/24,5,S1,MAT522 / 15,GEOMETRY A,BRIAN ANDERSON,10,2027,F,1.60 pts,5,,59,,Yes
12,11/21/24,4,S1,SCI601 / 14,BIOLOGY A,GRANT MERRILL,10,2027,C+,2.58 pts,2,,169,,Yes
12,11/21/24,5,S1,MAT522 / 15,GEOMETRY A,BRIAN ANDERSON,10,2027,C-,2.00 pts,2,,169,,Yes
12,11/21/24,4,S1,MAT522 / 14,GEOMETRY A,ROCHELLE AITON,10,2027,B-,2.75 pts,0.57,,454,,Yes
12,11/21/24,4,S1,MAT522 / 14,GEOMETRY A,NINETTE LILIENTHAL,10,2027,B-,2.75 pts,0.57,,454,,Yes
12,11/21/24,3,S1,SCI601 / 13,BIOLOGY A,GRANT MERRILL,10,2027,F,0.76 pts,2.86,,402,,Yes
12,11/21/24,5,S1,MAT522 / 15,GEOMETRY A,BRIAN ANDERSON,10,2027,F,0.72 pts,3.43,,402,,Yes
12,11/21/24,6,S1,SCI601 / 16,BIOLOGY A,GRANT MERRILL,10,2027,C-,2.12 pts,0.86,,144,,Yes
12,11/21/24,3,S1,MAT522 / 13,GEOMETRY A,ROCHELLE AITON,11,2026,D,1.66 pts,8.57,,214,,Yes
12,11/21/24,3,S1,MAT522 / 13,GEOMETRY A,NINETTE LILIENTHAL,11,2026,D,1.66 pts,8.57,,214,,Yes
12,11/21/24,5,S1,ENG701 / 15,JUNIOR ENG/A,JOHN CARVER,11,2026,C,2.40 pts,8.29,,214,,Yes
12,11/21/24,3,S1,MAT522 / 13,GEOMETRY A,ROCHELLE AITON,10,2027,F,0.24 pts,17.86,,360,,Yes
12,11/21/24,3,S1,MAT522 / 13,GEOMETRY A,NINETTE LILIENTHAL,10,2027,F,0.24 pts,17.86,,360,,Yes
12,11/21/24,6,S1,SCI601 / 16,BIOLOGY A,GRANT MERRILL,10,2027,F,0.92 pts,19.57,,360,,Yes
12,11/21/24,5,S1,ENG601 / 15,SOPH ENG/A,MARCEE SALAS,10,2027,D+,1.99 pts,2.14,,139,,Yes
12,11/21/24,2,S1,SCI609 / 12,CHEMISTRY/A,GRANT MERRILL,12,2025,,1.04 pts,0,,197,,Yes
12,11/21/24,3,S1,MAT701 / 13,ALGEBRA II A,JENNIFER REILLY,10,2027,B,3.10 pts,0,,405,,Yes
12,11/21/24,5,S1,ENG601 / 15,SOPH ENG/A,MARCEE SALAS,10,2027,B,3.14 pts,0,,405,,Yes
12,11/21/24,6,S1,SCI601 / 16,BIOLOGY A,GRANT MERRILL,10,2027,D+,1.98 pts,0.14,,405,,Yes
12,11/21/24,3,S1,SCI601 / 13,BIOLOGY A,GRANT MERRILL,10,2027,C-,2.00 pts,6.71,,333,,Yes
12,11/21/24,5,S1,MAT522 / 15,GEOMETRY A,BRIAN ANDERSON,10,2027,C,2.35 pts,8.57,,340,,Yes
12,11/21/24,6,S1,SCI601 / 36,BIOLOGY A,WILLIAM BAUR,10,2027,C-,2.01 pts,8.71,,340,,Yes
12,11/21/24,1,S1,MAT522 / 11,GEOMETRY A,ROCHELLE AITON,10,2027,C-,2.10 pts,0.86,,132,,Yes
12,11/21/24,1,S1,MAT522 / 11,GEOMETRY A,NINETTE LILIENTHAL,10,2027,C-,2.10 pts,0.86,,132,,Yes
12,11/21/24,2,S1,ENG601 / 12,SOPH ENG/A,KELLY GREGERSEN,10,2027,C,2.49 pts,0.86,,132,,Yes
12,11/21/24,3,S1,SCI601 / 13,BIOLOGY A,GRANT MERRILL,10,2027,C-,2.09 pts,0.86,,132,,Yes
12,11/21/24,2,S1,ENG601 / 12,SOPH ENG/A,KELLY GREGERSEN,10,2027,D,1.77 pts,1,,404,,Yes
12,11/21/24,3,S1,MAT522 / 13,GEOMETRY A,ROCHELLE AITON,10,2027,C+,2.52 pts,1.57,,404,,Yes
12,11/21/24,3,S1,MAT522 / 13,GEOMETRY A,NINETTE LILIENTHAL,10,2027,C+,2.52 pts,1.57,,404,,Yes
12,11/21/24,4,S1,SCI601 / 14,BIOLOGY A,GRANT MERRILL,10,2027,D+,1.82 pts,1.57,,404,,Yes
12,11/21/24,1,S1,MAT522 / 11,GEOMETRY A,ROCHELLE AITON,10,2027,F,0.87 pts,7.71,,273,,Yes
12,11/21/24,1,S1,MAT522 / 11,GEOMETRY A,NINETTE LILIENTHAL,10,2027,F,0.87 pts,7.71,,273,,Yes
12,11/21/24,5,S1,ENG601 / 15,SOPH ENG/A,MARCEE SALAS,10,2027,C,2.41 pts,6.29,,273,,Yes
12,11/21/24,6,S1,SCI601 / 36,BIOLOGY A,WILLIAM BAUR,10,2027,D,1.74 pts,4.86,,273,,Yes
12,11/21/24,2,S1,MAT701 / 12,ALGEBRA II A,JASON BLAESING,11,2026,B,3.08 pts,5,,167,,Yes
12,11/21/24,6,S1,SOC701 / 16,US HISTORY/A,SCOTT BOOTHBY,11,2026,F,1.00 pts,4.43,,167,,Yes
12,11/21/24,3,S1,MAT522 / 13,GEOMETRY A,ROCHELLE AITON,10,2027,C,2.36 pts,2,,236,,Yes
12,11/21/24,3,S1,MAT522 / 13,GEOMETRY A,NINETTE LILIENTHAL,10,2027,C,2.36 pts,2,,236,,Yes
12,11/21/24,4,S1,SCI601 / 14,BIOLOGY A,GRANT MERRILL,10,2027,B-,2.82 pts,2.29,,236,,Yes
12,11/21/24,5,S1,ENG601 / 15,SOPH ENG/A,MARCEE SALAS,10,2027,C,2.28 pts,2,,236,,Yes
12,11/21/24,2,S1,ENG601 / 12,SOPH ENG/A,KELLY GREGERSEN,10,2027,C-,2.13 pts,3.43,,235,,Yes
12,11/21/24,4,S1,SCI601 / 14,BIOLOGY A,GRANT MERRILL,10,2027,B,2.97 pts,5.43,,445,,Yes
12,11/21/24,1,S1,MAT704 / 11,PRE-CALC A MAT 153,BRIAN ANDERSON,12,2025,D+,1.97 pts,3.14,,325,,Yes
12,11/21/24,2,S1,BUS301 / 12,PERSONAL FINANCE A,NICOLE SIMEK,12,2025,A,3.99 pts,2.29,,325,,Yes
12,11/21/24,3,S1,MAT701 / 13,ALGEBRA II A,JENNIFER REILLY,10,2027,C,2.46 pts,6,,130,,Yes
12,11/21/24,5,S1,ENG601 / 15,SOPH ENG/A,MARCEE SALAS,10,2027,B,3.02 pts,6,,130,,Yes
12,11/21/24,5,S1,ENG701 / 15,JUNIOR ENG/A,JOHN CARVER,11,2026,A,3.84 pts,1,,266,,Yes
12,11/21/24,6,S1,SOC701 / 16,US HISTORY/A,SCOTT BOOTHBY,11,2026,A,3.68 pts,1.43,,266,,Yes
12,11/21/24,2,S1,MAT522 / 12,GEOMETRY A,ROCHELLE AITON,10,2027,B-,2.70 pts,1,,173,,Yes
12,11/21/24,2,S1,MAT522 / 12,GEOMETRY A,NINETTE LILIENTHAL,10,2027,B-,2.70 pts,1,,173,,Yes
12,11/21/24,6,S1,SCI601 / 36,BIOLOGY A,WILLIAM BAUR,10,2027,A,3.75 pts,1.43,,173,,Yes
12,11/21/24,2,S1,ENG601 / 12,SOPH ENG/A,KELLY GREGERSEN,10,2027,F,0.71 pts,5.29,,249,,Yes
12,11/21/24,5,S1,MAT522 / 15,GEOMETRY A,BRIAN ANDERSON,10,2027,F,1.11 pts,3.57,,249,,Yes
12,11/21/24,6,S1,SCI601 / 16,BIOLOGY A,GRANT MERRILL,10,2027,F,1.63 pts,3.57,,249,,Yes
12,11/21/24,1,S1,MAT704 / 11,PRE-CALC A MAT 153,BRIAN ANDERSON,11,2026,C-,2.00 pts,0,,71,,Yes
12,11/21/24,6,S1,SOC701 / 16,US HISTORY/A,SCOTT BOOTHBY,11,2026,A,3.83 pts,0,,71,,Yes
12,11/21/24,2,S1,MAT522 / 12,GEOMETRY A,ROCHELLE AITON,10,2027,C,2.49 pts,2.57,,88,,Yes
12,11/21/24,2,S1,MAT522 / 12,GEOMETRY A,NINETTE LILIENTHAL,10,2027,C,2.49 pts,2.57,,88,,Yes
12,11/21/24,5,S1,ENG601 / 15,SOPH ENG/A,MARCEE SALAS,10,2027,B-,2.77 pts,2.29,,88,,Yes
12,11/21/24,6,S1,SCI601 / 16,BIOLOGY A,GRANT MERRILL,10,2027,C-,2.16 pts,2.29,,88,,Yes
12,11/21/24,3,S1,BUS301 / 13,PERSONAL FINANCE A,NICOLE SIMEK,12,2025,A,3.76 pts,2.29,,367,,Yes
12,11/21/24,6,S1,SCI601 / 36,BIOLOGY A,WILLIAM BAUR,10,2027,D+,1.99 pts,0.86,,417,,Yes
12,11/21/24,2,S1,SCI609 / 12,CHEMISTRY/A,GRANT MERRILL,11,2026,F,1.52 pts,6.71,,55,,Yes
12,11/21/24,6,S1,MAT701 / 16,ALGEBRA II A,JASON BLAESING,11,2026,C-,2.02 pts,7.86,,55,,Yes
12,11/21/24,2,S1,SCI609 / 12,CHEMISTRY/A,GRANT MERRILL,11,2026,B-,2.82 pts,0,,388,,Yes
12,11/21/24,2,S1,SCI609 / 12,CHEMISTRY/A,GRANT MERRILL,11,2026,B,3.14 pts,0,,387,,Yes
12,11/21/24,3,S1,MAT701 / 13,ALGEBRA II A,JENNIFER REILLY,11,2026,A,3.63 pts,0.43,,387,,Yes
12,11/21/24,3,S1,MAT522 / 13,GEOMETRY A,ROCHELLE AITON,9,2028,B,2.98 pts,4,,281,,Yes
12,11/21/24,3,S1,MAT522 / 13,GEOMETRY A,NINETTE LILIENTHAL,9,2028,B,2.98 pts,4,,281,,Yes
12,11/21/24,6,S1,ENG501 / 16,FR ENGLISH/A,DAVID HOLLINGSWORTH,9,2028,A,4.00 pts,4.43,,295,,Yes
12,11/21/24,3,S1,MAT522 / 13,GEOMETRY A,ROCHELLE AITON,9,2028,A-,3.58 pts,5.71,,306,,Yes
12,11/21/24,3,S1,MAT522 / 13,GEOMETRY A,NINETTE LILIENTHAL,9,2028,A-,3.58 pts,5.71,,306,,Yes
12,11/21/24,6,S1,ENG501 / 16,FR ENGLISH/A,DAVID HOLLINGSWORTH,9,2028,B,2.91 pts,6.29,,306,,Yes
12,11/21/24,3,S1,MAT522 / 13,GEOMETRY A,ROCHELLE AITON,9,2028,B+,3.27 pts,0,,348,,Yes
12,11/21/24,3,S1,MAT522 / 13,GEOMETRY A,NINETTE LILIENTHAL,9,2028,B+,3.27 pts,0,,348,,Yes
12,11/21/24,2,S1,MAT522 / 12,GEOMETRY A,ROCHELLE AITON,9,2028,W,0.95 pts,2.14,,378,,Yes
12,11/21/24,2,S1,MAT522 / 12,GEOMETRY A,NINETTE LILIENTHAL,9,2028,W,0.95 pts,2.14,,378,,Yes
12,11/21/24,4,S1,MAT522 / 14,GEOMETRY A,ROCHELLE AITON,9,2028,C+,2.66 pts,0,,450,,Yes
12,11/21/24,4,S1,MAT522 / 14,GEOMETRY A,NINETTE LILIENTHAL,9,2028,C+,2.66 pts,0,,450,,Yes
12,11/21/24,3,S1,MAT522 / 13,GEOMETRY A,ROCHELLE AITON,9,2028,B+,3.31 pts,9.29,,302,,Yes
12,11/21/24,3,S1,MAT522 / 13,GEOMETRY A,NINETTE LILIENTHAL,9,2028,B+,3.31 pts,9.29,,302,,Yes
12,11/21/24,6,S1,ENG501 / 16,FR ENGLISH/A,DAVID HOLLINGSWORTH,9,2028,C+,2.51 pts,9.71,,302,,Yes
12,11/21/24,2,S1,MAT522 / 12,GEOMETRY A,ROCHELLE AITON,9,2028,A,3.67 pts,0.43,,228,,Yes
12,11/21/24,2,S1,MAT522 / 12,GEOMETRY A,NINETTE LILIENTHAL,9,2028,A,3.67 pts,0.43,,228,,Yes
12,11/21/24,5,S1,MAT522 / 15,GEOMETRY A,BRIAN ANDERSON,9,2028,A-,3.40 pts,2.86,,369,,Yes
12,11/21/24,5,S1,MAT522 / 15,GEOMETRY A,BRIAN ANDERSON,10,2027,B,3.02 pts,4.29,,203,,Yes
12,11/21/24,1,S1,ENG701 / 11,JUNIOR ENG/A,JOHN CARVER,11,2026,D,1.76 pts,18.21,,1,,#N/A
12,11/21/24,2,S1,PED500 / 12,WEIGHT TRAINING,SCOTT BOOTHBY,11,2026,C-,2.00 pts,16.93,,1,,#N/A
12,11/21/24,3,S1,MAT701 / 13,ALGEBRA II A,JENNIFER REILLY,11,2026,F,0.63 pts,17.07,,1,Active,Yes
12,11/21/24,4,S1,CTE114 / 14,ENGINEERING A,JASON BLAESING,11,2026,F,1.57 pts,16.43,,1,,#N/A
12,11/21/24,5,S1,SOC701 / 15,US HISTORY/A,DAVE HAJEK,11,2026,F,0.08 pts,16.71,,1,,#N/A
12,11/21/24,6,S1,FAR604 / 16,SCENE DESIGN,KELLY GREGERSEN,11,2026,C-,2.02 pts,16.57,,1,,#N/A
12,11/21/24,1,S1,CTA101 / 11,CTA S1,MARK CASTLE,11,2026,,,0,,3,,#N/A
12,11/21/24,2,S1,CTA101 / 11,CTA S1,MARK CASTLE,11,2026,,,0,,3,,#N/A
12,11/21/24,3,S1,CTA101 / 11,CTA S1,MARK CASTLE,11,2026,,,0,,3,,#N/A
12,11/21/24,4,S1,MAT701 / 14,ALGEBRA II A,JENNIFER REILLY,11,2026,C,2.22 pts,1,,3,,#N/A
12,11/21/24,5,S1,ASL503 / 15,AMERICAN SIGN LANGUAGE II/A,TAMI GRANT,11,2026,A,3.92 pts,1,,3,,#N/A
12,11/21/24,6,S1,ENG701 / 16,JUNIOR ENG/A,JOHN CARVER,11,2026,A-,3.45 pts,1.33,,3,,#N/A
12,11/21/24,1,S1,FAR505 / 11,CONCERT CHOIR/A,DAVID DUARTE,10,2027,A,4.00 pts,3.57,,4,,#N/A
12,11/21/24,2,S1,SPA501 / 12,SPANISH 1 A,ROCHELLE AITON,10,2027,A,3.77 pts,2,,4,,#N/A
12,11/21/24,3,S1,SOC108 / 13,WORLD HISTORY/A,RYAN ISAACSON,10,2027,B-,2.70 pts,1.57,,4,,#N/A
12,11/21/24,4,S1,SCI601 / 14,BIOLOGY A,GRANT MERRILL,10,2027,F,1.01 pts,3.71,,4,,Yes
12,11/21/24,5,S1,ENG601 / 15,SOPH ENG/A,MARCEE SALAS,10,2027,C,2.28 pts,2.86,,4,,Yes
12,11/21/24,6,S1,MAT522 / 36,GEOMETRY A,ROCHELLE AITON,10,2027,C-,2.05 pts,3,,4,,#N/A
12,11/21/24,6,S1,MAT522 / 36,GEOMETRY A,NINETTE LILIENTHAL,10,2027,C-,2.05 pts,3,,4,,#N/A
12,11/21/24,1,S1,VOC705 / 11,DIGITAL PHOTOGRAPHY I,ROSANNA RUFF,11,2026,C,2.48 pts,7.14,,5,,#N/A
12,11/21/24,2,S1,BUS301 / 12,PERSONAL FINANCE A,NICOLE SIMEK,11,2026,C,2.30 pts,7,,5,,Yes
12,11/21/24,3,S1,SCI503 / 33,PHYSICAL SCIENCE A,WILLIAM BAUR,11,2026,F,1.42 pts,8.14,,5,,#N/A
12,11/21/24,4,S1,SOC701 / 14,US HISTORY/A,DAVE HAJEK,11,2026,D+,1.99 pts,7.71,,5,,Yes
12,11/21/24,5,S1,ENG701 / 15,JUNIOR ENG/A,JOHN CARVER,11,2026,C,2.40 pts,8.57,,5,,Yes
12,11/21/24,6,S1,PED500 / 16,WEIGHT TRAINING,SCOTT DIZMANG,11,2026,A,3.63 pts,8.71,,5,,#N/A
12,11/21/24,1,S1,PED513 / 11,TEAM GAMES,SCOTT DIZMANG,10,2027,A-,3.53 pts,2,,6,,#N/A
12,11/21/24,2,S1,MAT522 / 12,GEOMETRY A,ROCHELLE AITON,10,2027,B,2.91 pts,2,John L,6,Active,Yes
12,11/21/24,2,S1,MAT522 / 12,GEOMETRY A,NINETTE LILIENTHAL,10,2027,B,2.91 pts,2,John L,6,Active,Yes
12,11/21/24,3,S1,SOC108 / 13,WORLD HISTORY/A,RYAN ISAACSON,10,2027,D+,1.96 pts,2.14,,6,,#N/A
12,11/21/24,4,S1,FAR109 / 14,CERAMICS II,ROBERT YEE,10,2027,A,4.00 pts,2.14,,6,,#N/A
12,11/21/24,5,S1,ENG601 / 15,SOPH ENG/A,MARCEE SALAS,10,2027,F,1.64 pts,2.14,,6,,Yes
12,11/21/24,6,S1,SCI601 / 36,BIOLOGY A,WILLIAM BAUR,10,2027,F,1.49 pts,2.14,,6,,Yes
12,11/21/24,1,S1,ENG801 / 11,SENIOR ENG/A,HEATHER CARVER,12,2025,D+,1.89 pts,7.29,,7,,#N/A
12,11/21/24,2,S1,BUS301 / 12,PERSONAL FINANCE A,NICOLE SIMEK,12,2025,F,1.20 pts,7.14,,7,,Yes
12,11/21/24,3,S1,ONT400 / 13,ON-TRACK/A,BRIAN ANDERSON,12,2025,A,4.00 pts,6.57,,7,,#N/A
12,11/21/24,4,S1,ENG715 / 14,FILM AS LITERATURE,KELLY GREGERSEN,12,2025,C,2.45 pts,7.14,,7,,#N/A
12,11/21/24,5,S1,CTE100 / 15,MEDICAL CAREERS & TERMINOLOG/A,DONNA SCHATZ,12,2025,D+,1.85 pts,6.86,,7,,#N/A
12,11/21/24,6,S1,SOC802 / 16,CIVICS,JIM REED,12,2025,F,0.58 pts,7.14,,7,,#N/A
12,11/21/24,1,S1,FAR720 / 11,PANTHER PLAYERS/A,KELLY GREGERSEN,11,2026,A,3.81 pts,3.57,,46,,#N/A
12,11/21/24,2,S1,SCI609 / 12,CHEMISTRY/A,GRANT MERRILL,11,2026,C,2.36 pts,3.43,,46,,Yes
12,11/21/24,3,S1,MAT701 / 13,ALGEBRA II A,JENNIFER REILLY,11,2026,C+,2.66 pts,3.43,,46,,Yes
12,11/21/24,4,S1,ENG715 / 14,FILM AS LITERATURE,KELLY GREGERSEN,11,2026,A,3.97 pts,3.86,,46,,#N/A
12,11/21/24,5,S1,SOC701 / 15,US HISTORY/A,DAVE HAJEK,11,2026,C+,2.69 pts,3.43,,46,,#N/A
12,11/21/24,6,S1,SPA501 / 16,SPANISH 1 A,ROCHELLE AITON,11,2026,A-,3.49 pts,3.43,,46,,#N/A
12,11/21/24,1,S1,FAR720 / 11,PANTHER PLAYERS/A,KELLY GREGERSEN,12,2025,A,3.61 pts,4.71,,8,,#N/A
12,11/21/24,2,S1,SPS103 / 12,OFFICE ASSISTANT,MARK CASTLE,12,2025,,,3.29,,8,,#N/A
12,11/21/24,3,S1,PED500 / 13,WEIGHT TRAINING,SCOTT BOOTHBY,12,2025,A-,3.54 pts,2.57,,8,,#N/A
12,11/21/24,4,S1,ENG717 / 14,AP LITERATURE/ COMPOSITION A,HEATHER CARVER,12,2025,C-,2.01 pts,3.71,,8,,#N/A
12,11/21/24,5,S1,SOC802 / 15,CIVICS,SCOTT BOOTHBY,12,2025,B,3.18 pts,3.71,,8,,#N/A
12,11/21/24,6,S1,SCI503 / 16,PHYSICAL SCIENCE A,JAMES BENNETT,12,2025,D+,1.89 pts,4,,8,,#N/A
12,11/21/24,1,S1,PED500 / 11,WEIGHT TRAINING,SCOTT BOOTHBY,10,2027,A,3.70 pts,2.71,,9,,#N/A
12,11/21/24,2,S1,SOC108 / 12,WORLD HISTORY/A,DAVID HOLLINGSWORTH,10,2027,D+,1.96 pts,2.71,,9,,#N/A
12,11/21/24,3,S1,SCI601 / 13,BIOLOGY A,GRANT MERRILL,10,2027,C,2.27 pts,1.86,,9,,Yes
12,11/21/24,4,S1,FAR109 / 14,CERAMICS II,ROBERT YEE,10,2027,A-,3.58 pts,1.57,,9,,#N/A
12,11/21/24,5,S1,MAT522 / 15,GEOMETRY A,BRIAN ANDERSON,10,2027,F,1.05 pts,1.57,,9,,Yes
12,11/21/24,6,S1,ENG601 / 16,SOPH ENG/A,MARCEE SALAS,10,2027,C-,2.15 pts,1.57,,9,,#N/A
12,11/21/24,1,S1,MAT522 / 11,GEOMETRY A,ROCHELLE AITON,10,2027,C,2.35 pts,0,John L,10,Active,Yes
12,11/21/24,1,S1,MAT522 / 11,GEOMETRY A,NINETTE LILIENTHAL,10,2027,C,2.35 pts,0,John L,10,Active,Yes
12,11/21/24,2,S1,ENG601 / 12,SOPH ENG/A,KELLY GREGERSEN,10,2027,B-,2.82 pts,0,,10,,Yes
12,11/21/24,3,S1,SOC108 / 13,WORLD HISTORY/A,RYAN ISAACSON,10,2027,C,2.21 pts,0,,10,,#N/A
12,11/21/24,4,S1,HFL118 / 14,ADV CULINARY ARTS A,ALEXANDRA YOST,10,2027,C+,2.52 pts,0,,10,,#N/A
12,11/21/24,5,S1,VOC106 / 15,METAL MANUFACTURING & TECH I,DONALD O'BRIEN,10,2027,A,3.96 pts,0.14,,10,,#N/A
12,11/21/24,6,S1,SCI601 / 16,BIOLOGY A,GRANT MERRILL,10,2027,C+,2.66 pts,0.14,,10,,Yes
12,11/21/24,1,S1,SPA601 / 11,SPANISH II A,ROCHELLE AITON,11,2026,C+,2.62 pts,1,,11,,#N/A
12,11/21/24,2,S1,HFL116 / 12,BAKING PASTRY ARTS I,KAYLA PAYNE,11,2026,A,3.60 pts,1.14,,11,,#N/A
12,11/21/24,3,S1,MAT701 / 13,ALGEBRA II A,JENNIFER REILLY,11,2026,B-,2.87 pts,1.57,,11,,Yes
12,11/21/24,4,S1,CTE114 / 14,ENGINEERING A,JASON BLAESING,11,2026,B+,3.25 pts,1.57,,11,,#N/A
12,11/21/24,5,S1,SOC703 / 15,AP US HISTORY A,RYAN ISAACSON,11,2026,A,3.98 pts,1.43,,11,,#N/A
12,11/21/24,6,S1,ENG701 / 16,JUNIOR ENG/A,JOHN CARVER,11,2026,A-,3.50 pts,1,,11,,#N/A
12,11/21/24,1,S1,CTE114 / 11,ENGINEERING A,JASON BLAESING,11,2026,D+,1.97 pts,6,,12,,#N/A
12,11/21/24,2,S1,VOC116 / 12,BASIC CARPENTRY 1,BRENT MANSELL,11,2026,D+,1.93 pts,6,,12,,#N/A
12,11/21/24,3,S1,BUS301 / 13,PERSONAL FINANCE A,NICOLE SIMEK,11,2026,D,1.66 pts,6,,12,,Yes
12,11/21/24,4,S1,SOC701 / 14,US HISTORY/A,DAVE HAJEK,11,2026,D+,1.85 pts,6.43,,12,,Yes
12,11/21/24,5,S1,VOC504 / 15,ADV FINE ARTS WOODWORKING I,BRENT MANSELL,11,2026,A,4.00 pts,6.43,,12,,#N/A
12,11/21/24,6,S1,ENG701 / 16,JUNIOR ENG/A,JOHN CARVER,11,2026,C+,2.69 pts,6.43,,12,,#N/A
12,11/21/24,1,S1,MAT522 / 11,GEOMETRY A,ROCHELLE AITON,10,2027,D+,1.92 pts,5.43,John L,13,Active,Yes
12,11/21/24,1,S1,MAT522 / 11,GEOMETRY A,NINETTE LILIENTHAL,10,2027,D+,1.92 pts,5.43,John L,13,Active,Yes
12,11/21/24,2,S1,ENG601 / 12,SOPH ENG/A,KELLY GREGERSEN,10,2027,F,1.47 pts,5.14,,13,,Yes
12,11/21/24,3,S1,SCI601 / 33,BIOLOGY A,DONNA SCHATZ,10,2027,C-,2.01 pts,5.29,,13,,#N/A
12,11/21/24,4,S1,CTE114 / 14,ENGINEERING A,JASON BLAESING,10,2027,F,0.95 pts,3.43,,13,,#N/A
12,11/21/24,5,S1,HFL113 / 15,INTRO CULINARY ART,ALEXANDRA YOST,10,2027,C+,2.51 pts,5.14,,13,,#N/A
12,11/21/24,6,S1,SOC108 / 36,WORLD HISTORY/A,DAVE HAJEK,10,2027,F,1.34 pts,5.29,,13,,#N/A
12,11/21/24,1,S1,ENG701 / 11,JUNIOR ENG/A,JOHN CARVER,11,2026,B,3.02 pts,2.57,,14,,#N/A
12,11/21/24,2,S1,VOC705 / 12,DIGITAL PHOTOGRAPHY I,ROSANNA RUFF,11,2026,C+,2.67 pts,1.86,,14,,#N/A
12,11/21/24,3,S1,MAT701 / 13,ALGEBRA II A,JENNIFER REILLY,11,2026,F,1.15 pts,2.29,Larry,14,Active,Yes
12,11/21/24,4,S1,SCI503 / 14,PHYSICAL SCIENCE A,JAMES BENNETT,11,2026,C-,2.04 pts,2.71,,14,,#N/A
12,11/21/24,5,S1,SOC701 / 15,US HISTORY/A,DAVE HAJEK,11,2026,B-,2.84 pts,2.57,,14,,#N/A
12,11/21/24,6,S1,VOC502 / 16,FINE ARTS WOODWORKING I,BRENT MANSELL,11,2026,A,4.00 pts,2.29,,14,,#N/A
12,11/21/24,1,S1,SPA601 / 11,SPANISH II A,ROCHELLE AITON,10,2027,B+,3.28 pts,0,,15,,#N/A
12,11/21/24,2,S1,ENG601 / 12,SOPH ENG/A,KELLY GREGERSEN,10,2027,D+,1.99 pts,0,,15,,Yes
12,11/21/24,3,S1,SOC108 / 13,WORLD HISTORY/A,RYAN ISAACSON,10,2027,B,2.97 pts,0.43,,15,,#N/A
12,11/21/24,4,S1,SCI601 / 14,BIOLOGY A,GRANT MERRILL,10,2027,F,1.62 pts,0.43,,15,,Yes
12,11/21/24,5,S1,PED513 / 15,TEAM GAMES,SCOTT DIZMANG,10,2027,B,3.05 pts,0,,15,,#N/A
12,11/21/24,6,S1,MAT522 / 36,GEOMETRY A,ROCHELLE AITON,10,2027,C,2.34 pts,0.57,,15,,#N/A
12,11/21/24,6,S1,MAT522 / 36,GEOMETRY A,NINETTE LILIENTHAL,10,2027,C,2.34 pts,0.57,,15,,#N/A
12,11/21/24,1,S1,SOC108 / 11,WORLD HISTORY/A,DAVID HOLLINGSWORTH,10,2027,F,1.62 pts,3,,16,,#N/A
12,11/21/24,2,S1,FAR113 / 12,INTRO TO ART AND DESIGN,ROBERT YEE,10,2027,B,3.00 pts,2.86,,16,,#N/A
12,11/21/24,3,S1,CTE120 / 13,CYBER SECURITY I,ROSANNA RUFF,10,2027,F,1.08 pts,2.86,,16,,#N/A
12,11/21/24,4,S1,MAT522 / 14,GEOMETRY A,ROCHELLE AITON,10,2027,F,1.07 pts,2.86,,16,,Yes
12,11/21/24,4,S1,MAT522 / 14,GEOMETRY A,NINETTE LILIENTHAL,10,2027,F,1.07 pts,2.86,,16,,Yes
12,11/21/24,5,S1,SCI503 / 35,PHYSICAL SCIENCE A,WILLIAM BAUR,10,2027,F,0.58 pts,2.86,,16,,#N/A
12,11/21/24,6,S1,ENG601 / 16,SOPH ENG/A,MARCEE SALAS,10,2027,C,2.24 pts,2.86,,16,,#N/A
12,11/21/24,1,S1,SOC108 / 11,WORLD HISTORY/A,DAVID HOLLINGSWORTH,10,2027,,4.00 pts,0,,17,,#N/A
12,11/21/24,1,S1,VOC106 / 11,METAL MANUFACTURING & TECH I,DONALD O'BRIEN,10,2027,D+,1.88 pts,3.86,,17,,#N/A
12,11/21/24,2,S1,ENG601 / 12,SOPH ENG/A,KELLY GREGERSEN,10,2027,D+,1.93 pts,2.43,,17,,Yes
12,11/21/24,3,S1,SCI601 / 33,BIOLOGY A,DONNA SCHATZ,10,2027,F,1.37 pts,4,,17,,#N/A
12,11/21/24,4,S1,MAT522 / 14,GEOMETRY A,ROCHELLE AITON,10,2027,F,1.54 pts,3.71,John L,17,Active,Yes
12,11/21/24,4,S1,MAT522 / 14,GEOMETRY A,NINETTE LILIENTHAL,10,2027,F,1.54 pts,3.71,John L,17,Active,Yes
12,11/21/24,5,S1,PED513 / 15,TEAM GAMES,SCOTT DIZMANG,10,2027,A,3.99 pts,2.71,,17,,#N/A
12,11/21/24,6,S1,VOC620 / 16,METAL CRAFTS & PRODUCTION I,DONALD O'BRIEN,10,2027,,0.00 pts,0,,17,,#N/A
12,11/21/24,6,S1,SOC108 / 36,WORLD HISTORY/A,DAVE HAJEK,10,2027,F,1.44 pts,3.29,,17,,#N/A
12,11/21/24,1,S1,PED101 / 11,PHYSICAL EDUCATION,KATHERINE STURDYVIN-SCOBBA,12,2025,F,1.48 pts,3.86,,18,,#N/A
12,11/21/24,2,S1,BUS301 / 12,PERSONAL FINANCE A,NICOLE SIMEK,12,2025,C-,2.10 pts,1.86,,18,,Yes
12,11/21/24,3,S1,SOC802 / 13,CIVICS,JIM REED,12,2025,C+,2.63 pts,1.86,,18,,#N/A
12,11/21/24,4,S1,AACTM1 / 14,ACADEMIC ACHIEVEMENT A,TIMOTHY MOORE,12,2025,A,3.67 pts,3.86,,18,,#N/A
12,11/21/24,5,S1,ONT400 / 15,ON-TRACK/A,ROBERT YEE,12,2025,B,2.90 pts,2.14,,18,,#N/A
12,11/21/24,6,S1,ENG801 / 16,SENIOR ENG/A,HEATHER CARVER,12,2025,B,3.18 pts,2.14,,18,,#N/A
12,11/21/24,1,S1,PED500 / 11,WEIGHT TRAINING,SCOTT BOOTHBY,9,2028,A,3.95 pts,4,,2,,#N/A
12,11/21/24,2,S1,ASL501 / 12,AMERICAN SIGN LANGUAGE I/A,KYLA RITCHEY,9,2028,A-,3.57 pts,4,,2,,#N/A
12,11/21/24,3,S1,MAT520 / 33,ALGEBRA I A,JANET GROVE,9,2028,B,3.01 pts,4.86,,2,,#N/A
12,11/21/24,4,S1,SCI503 / 14,PHYSICAL SCIENCE A,JAMES BENNETT,9,2028,C+,2.57 pts,6.43,,2,,#N/A
12,11/21/24,5,S1,HFL113 / 15,INTRO CULINARY ART,ALEXANDRA YOST,9,2028,C,2.27 pts,6.71,,2,,#N/A
12,11/21/24,6,S1,ENG501 / 16,FR ENGLISH/A,DAVID HOLLINGSWORTH,9,2028,C-,2.03 pts,6.71,,2,,Yes
12,11/21/24,1,S1,CTE114 / 11,ENGINEERING A,JASON BLAESING,11,2026,C-,2.16 pts,0.57,,19,,#N/A
12,11/21/24,2,S1,FAR113 / 12,INTRO TO ART AND DESIGN,ROBERT YEE,11,2026,A,3.61 pts,0,,19,,#N/A
12,11/21/24,3,S1,FAR605 / 13,INTRO TO THEATRE,KELLY GREGERSEN,11,2026,A,3.68 pts,0,,19,,#N/A
12,11/21/24,4,S1,ENG701 / 14,JUNIOR ENG/A,JOHN CARVER,11,2026,A,3.60 pts,1.43,,19,,#N/A
12,11/21/24,5,S1,SOC703 / 15,AP US HISTORY A,RYAN ISAACSON,11,2026,B,3.18 pts,1.29,,19,,#N/A
12,11/21/24,6,S1,MAT701 / 16,ALGEBRA II A,JASON BLAESING,11,2026,C,2.27 pts,1.43,Larry,19,Active,Yes
12,11/21/24,1,S1,ENG601 / 11,SOPH ENG/A,MARCEE SALAS,10,2027,B-,2.81 pts,3,,20,,#N/A
12,11/21/24,2,S1,MAT522 / 32,GEOMETRY A,BRIAN ANDERSON,10,2027,D,1.70 pts,3,,20,,#N/A
12,11/21/24,3,S1,VOC620 / 13,METAL CRAFTS & PRODUCTION I,DONALD O'BRIEN,10,2027,A-,3.40 pts,2.57,,20,,#N/A
12,11/21/24,4,S1,SCI601 / 14,BIOLOGY A,GRANT MERRILL,10,2027,D+,1.85 pts,1.14,,20,,Yes
12,11/21/24,5,S1,CTE100 / 15,MEDICAL CAREERS & TERMINOLOG/A,DONNA SCHATZ,10,2027,A,3.72 pts,1.43,,20,,#N/A
12,11/21/24,6,S1,SOC108 / 36,WORLD HISTORY/A,DAVE HAJEK,10,2027,F,1.57 pts,1.29,,20,,#N/A
12,11/21/24,1,S1,SOC701 / 11,US HISTORY/A,DAVE HAJEK,11,2026,F,1.11 pts,7.86,,21,,#N/A
12,11/21/24,2,S1,SCI609 / 12,CHEMISTRY/A,GRANT MERRILL,11,2026,F,1.10 pts,6.71,,21,,Yes
12,11/21/24,3,S1,BUS301 / 13,PERSONAL FINANCE A,NICOLE SIMEK,11,2026,B,2.93 pts,7.43,,21,,Yes
12,11/21/24,4,S1,HFL118 / 14,ADV CULINARY ARTS A,ALEXANDRA YOST,11,2026,A,3.72 pts,7.43,,21,,#N/A
12,11/21/24,5,S1,ENG701 / 15,JUNIOR ENG/A,JOHN CARVER,11,2026,B,3.00 pts,6.86,,21,,Yes
12,11/21/24,6,S1,PED500 / 16,WEIGHT TRAINING,SCOTT DIZMANG,11,2026,A,3.76 pts,7.43,,21,,#N/A
12,11/21/24,1,S1,FAR109 / 11,CERAMICS II,ROBERT YEE,11,2026,B,3.17 pts,1.57,,22,,#N/A
12,11/21/24,2,S1,FAR113 / 12,INTRO TO ART AND DESIGN,ROBERT YEE,11,2026,B+,3.31 pts,1.86,,22,,#N/A
12,11/21/24,3,S1,MAT701 / 13,ALGEBRA II A,JENNIFER REILLY,11,2026,B+,3.35 pts,2.71,,22,,Yes
12,11/21/24,4,S1,SCI503 / 34,PHYSICAL SCIENCE A,WILLIAM BAUR,11,2026,A-,3.43 pts,2.14,,22,,#N/A
12,11/21/24,5,S1,SOC701 / 15,US HISTORY/A,DAVE HAJEK,11,2026,C,2.36 pts,2.14,,22,,#N/A
12,11/21/24,6,S1,ENG701 / 16,JUNIOR ENG/A,JOHN CARVER,11,2026,B+,3.27 pts,2.43,,22,,#N/A
12,11/21/24,1,S1,SCI503 / 11,PHYSICAL SCIENCE A,JAMES BENNETT,11,2026,C,2.25 pts,16.43,,23,,#N/A
12,11/21/24,2,S1,BUS301 / 12,PERSONAL FINANCE A,NICOLE SIMEK,11,2026,F,0.80 pts,15.29,Doug,23,Active,Yes
12,11/21/24,3,S1,ONT400 / 13,ON-TRACK/A,BRIAN ANDERSON,11,2026,C,2.22 pts,14.57,,23,,#N/A
12,11/21/24,4,S1,SOC701 / 14,US HISTORY/A,DAVE HAJEK,11,2026,F,0.51 pts,15.43,Rebecca,23,Active,Yes
12,11/21/24,5,S1,ENG701 / 15,JUNIOR ENG/A,JOHN CARVER,11,2026,F,1.50 pts,14.14,Linda,23,Active,Yes
12,11/21/24,6,S1,VOC620 / 16,METAL CRAFTS & PRODUCTION I,DONALD O'BRIEN,11,2026,,0.00 pts,1.29,,23,,#N/A
12,11/21/24,6,S1,FAR604 / 16,SCENE DESIGN,KELLY GREGERSEN,11,2026,C,2.40 pts,13.57,,23,,#N/A
12,11/21/24,1,S1,MAT704 / 11,PRE-CALC A MAT 153,BRIAN ANDERSON,12,2025,F,1.12 pts,2,,24,,Yes
12,11/21/24,2,S1,RUN101 / 12,RUNNING START/A,,12,2025,,,0,,24,,#N/A
12,11/21/24,3,S1,CTE120 / 13,CYBER SECURITY I,ROSANNA RUFF,12,2025,A,3.68 pts,2.5,,24,,#N/A
12,11/21/24,4,S1,ENG717 / 14,AP LITERATURE/ COMPOSITION A,HEATHER CARVER,12,2025,,0.50 pts,1.25,,24,,#N/A
12,11/21/24,4,S1,RUN101 / 14,RUNNING START/A,,12,2025,,,0,,24,,#N/A
12,11/21/24,5,S1,SOC802 / 15,CIVICS,SCOTT BOOTHBY,12,2025,A,3.61 pts,1,,24,,#N/A
12,11/21/24,6,S1,RUN101 / 16,RUNNING START/A,,12,2025,,,0,,24,,#N/A
12,11/21/24,1,S1,PED513 / 11,TEAM GAMES,SCOTT DIZMANG,9,2028,A,3.76 pts,1,,25,,#N/A
12,11/21/24,2,S1,HFL114 / 12,FAMILY HEALTH,MICHAEL ISOTALO,9,2028,D,1.78 pts,1.86,,25,,#N/A
12,11/21/24,3,S1,SCI503 / 33,PHYSICAL SCIENCE A,WILLIAM BAUR,9,2028,D,1.79 pts,1.86,,25,,#N/A
12,11/21/24,4,S1,VOC300 / 14,SMALL ENGINE REPAIR I,DONALD O'BRIEN,9,2028,B,2.92 pts,1.86,,25,,#N/A
12,11/21/24,5,S1,MAT520 / 15,ALGEBRA I A,KEVIN REILLY,9,2028,B-,2.70 pts,1.86,,25,,#N/A
12,11/21/24,6,S1,ENG501 / 16,FR ENGLISH/A,DAVID HOLLINGSWORTH,9,2028,F,1.44 pts,1.86,,25,,Yes
12,11/21/24,1,S1,SCI503 / 11,PHYSICAL SCIENCE A,JAMES BENNETT,11,2026,F,0.15 pts,18.43,,26,,#N/A
12,11/21/24,2,S1,VOC705 / 12,DIGITAL PHOTOGRAPHY I,ROSANNA RUFF,11,2026,C,2.41 pts,14.43,,26,,#N/A
12,11/21/24,3,S1,ONT400 / 13,ON-TRACK/A,BRIAN ANDERSON,11,2026,B-,2.86 pts,7.57,,26,,#N/A
12,11/21/24,4,S1,SOC701 / 14,US HISTORY/A,DAVE HAJEK,11,2026,F,1.19 pts,12.86,,26,,Yes
12,11/21/24,5,S1,BUS301 / 15,PERSONAL FINANCE A,NICOLE SIMEK,11,2026,F,0.98 pts,10.43,,26,,#N/A
12,11/21/24,6,S1,ENG701 / 16,JUNIOR ENG/A,JOHN CARVER,11,2026,D+,1.92 pts,14,,26,,#N/A
12,11/21/24,1,S1,ASL505 / 11,AMER SIGN III/A,TAMI GRANT,11,2026,A,4.00 pts,2.43,,29,,#N/A
12,11/21/24,2,S1,SCI503 / 32,PHYSICAL SCIENCE A,WILLIAM BAUR,11,2026,C+,2.67 pts,1.71,,29,,#N/A
12,11/21/24,3,S1,ENG719 / 13,AP LANGUAGE/COMPOSITION A,HEATHER CARVER,11,2026,B-,2.71 pts,2.57,,29,,#N/A
12,11/21/24,4,S1,MAT701 / 14,ALGEBRA II A,JENNIFER REILLY,11,2026,B,3.00 pts,3.43,,29,,#N/A
12,11/21/24,5,S1,CTE501 / 15,PROJECT IN LEADERSHIP/A,KYLA RITCHEY,11,2026,A,3.92 pts,1.71,,29,,#N/A
12,11/21/24,6,S1,SOC701 / 16,US HISTORY/A,SCOTT BOOTHBY,11,2026,F,1.23 pts,2.86,,29,,Yes
12,11/21/24,1,S1,PED500 / 11,WEIGHT TRAINING,SCOTT BOOTHBY,12,2025,C,2.31 pts,5.71,,27,,#N/A
12,11/21/24,2,S1,BUS301 / 12,PERSONAL FINANCE A,NICOLE SIMEK,12,2025,F,1.10 pts,5.29,,27,,Yes
12,11/21/24,3,S1,ONT400 / 13,ON-TRACK/A,BRIAN ANDERSON,12,2025,A,4.00 pts,4.86,,27,,#N/A
12,11/21/24,4,S1,SOC802 / 14,CIVICS,JIM REED,12,2025,F,0.23 pts,6.29,,27,,#N/A
12,11/21/24,5,S1,CTE100 / 15,MEDICAL CAREERS & TERMINOLOG/A,DONNA SCHATZ,12,2025,F,0.55 pts,6,,27,,#N/A
12,11/21/24,6,S1,ENG801 / 16,SENIOR ENG/A,HEATHER CARVER,12,2025,F,0.97 pts,5.71,,27,,#N/A
12,11/21/24,1,S1,ENG601 / 11,SOPH ENG/A,MARCEE SALAS,10,2027,C-,2.06 pts,3.14,,28,,#N/A
12,11/21/24,2,S1,SCI601 / 32,BIOLOGY A,DONNA SCHATZ,10,2027,C,2.46 pts,3.29,,28,,#N/A
12,11/21/24,3,S1,ASL501 / 13,AMERICAN SIGN LANGUAGE I/A,KYLA RITCHEY,10,2027,A,4.00 pts,4.43,,28,,#N/A
12,11/21/24,4,S1,MAT522 / 14,GEOMETRY A,ROCHELLE AITON,10,2027,F,1.14 pts,3.86,,28,,Yes
12,11/21/24,4,S1,MAT522 / 14,GEOMETRY A,NINETTE LILIENTHAL,10,2027,F,1.14 pts,3.86,,28,,Yes
12,11/21/24,5,S1,CTE222 / 15,MUSIC PROD IA,DAVID DUARTE,10,2027,F,0.19 pts,4.43,,28,,#N/A
12,11/21/24,6,S1,SOC108 / 16,WORLD HISTORY/A,RYAN ISAACSON,10,2027,F,0.75 pts,4.57,,28,,#N/A
12,11/21/24,1,S1,PED513 / 11,TEAM GAMES,SCOTT DIZMANG,12,2025,B-,2.73 pts,4.86,,30,,#N/A
12,11/21/24,2,S1,ASL503 / 12,AMERICAN SIGN LANGUAGE II/A,TAMI GRANT,12,2025,B+,3.33 pts,3.57,,30,,#N/A
12,11/21/24,3,S1,BUS301 / 13,PERSONAL FINANCE A,NICOLE SIMEK,12,2025,B-,2.89 pts,2.57,,30,,Yes
12,11/21/24,4,S1,SOC802 / 14,CIVICS,JIM REED,12,2025,A-,3.42 pts,3.43,,30,,#N/A
12,11/21/24,5,S1,VOC106 / 15,METAL MANUFACTURING & TECH I,DONALD O'BRIEN,12,2025,A,3.96 pts,4.29,,30,,#N/A
12,11/21/24,6,S1,ENG801 / 16,SENIOR ENG/A,HEATHER CARVER,12,2025,C+,2.57 pts,4,,30,,#N/A
12,11/21/24,1,S1,PED513 / 11,TEAM GAMES,SCOTT DIZMANG,11,2026,A,3.60 pts,21.74,,31,,#N/A
12,11/21/24,2,S1,MAT520 / 12,ALGEBRA I A,KEVIN REILLY,11,2026,C,2.24 pts,19.17,,31,,#N/A
12,11/21/24,3,S1,SOC701 / 13,US HISTORY/A,DAVE HAJEK,11,2026,W,0.00 pts,19.14,,31,,#N/A
12,11/21/24,3,S1,ELE403 / 13,LANGUAGE SUPPORT/A,HAYLEY ALVARADO,11,2026,,,1.6,Pat,31,Active,Yes
12,11/21/24,4,S1,SCI503 / 34,PHYSICAL SCIENCE A,WILLIAM BAUR,11,2026,,0.00 pts,6.43,,31,,#N/A
12,11/21/24,4,S1,FAR108 / 14,CERAMICS I,ROBERT YEE,11,2026,A-,3.58 pts,12.23,,31,,#N/A
12,11/21/24,5,S1,ENG701 / 15,JUNIOR ENG/A,JOHN CARVER,11,2026,W,1.54 pts,16.86,,31,,Yes
12,11/21/24,5,S1,NCR105 / 15,EARLY DISMISSAL,MARK CASTLE,11,2026,,,0,,31,,#N/A
12,11/21/24,6,S1,FAR108 / 16,CERAMICS I,ROBERT YEE,11,2026,,4.00 pts,6.43,,31,,#N/A
12,11/21/24,6,S1,NCR105 / 16,EARLY DISMISSAL,MARK CASTLE,11,2026,,,0,,31,,#N/A
12,11/21/24,6,S1,SCI601 / 36,BIOLOGY A,WILLIAM BAUR,11,2026,W,0.00 pts,12.57,,31,,Yes
12,11/21/24,1,S1,FAR108 / 11,CERAMICS I,ROBERT YEE,10,2027,A-,3.42 pts,2.29,,32,,#N/A
12,11/21/24,2,S1,SOC108 / 12,WORLD HISTORY/A,DAVID HOLLINGSWORTH,10,2027,D+,1.84 pts,2.71,,32,,#N/A
12,11/21/24,3,S1,SCI601 / 33,BIOLOGY A,DONNA SCHATZ,10,2027,C,2.43 pts,2.86,,32,,#N/A
12,11/21/24,4,S1,MAT522 / 14,GEOMETRY A,ROCHELLE AITON,10,2027,C,2.28 pts,4.29,,32,,Yes
12,11/21/24,4,S1,MAT522 / 14,GEOMETRY A,NINETTE LILIENTHAL,10,2027,C,2.28 pts,4.29,,32,,Yes
12,11/21/24,5,S1,ASL503 / 15,AMERICAN SIGN LANGUAGE II/A,TAMI GRANT,10,2027,B-,2.75 pts,4.43,,32,,#N/A
12,11/21/24,6,S1,ENG601 / 16,SOPH ENG/A,MARCEE SALAS,10,2027,C-,2.07 pts,4.43,,32,,#N/A
12,11/21/24,1,S1,VOC705 / 11,DIGITAL PHOTOGRAPHY I,ROSANNA RUFF,10,2027,C-,2.19 pts,1.43,,33,,#N/A
12,11/21/24,2,S1,MAT522 / 12,GEOMETRY A,ROCHELLE AITON,10,2027,F,1.40 pts,0.57,,33,,Yes
12,11/21/24,2,S1,MAT522 / 12,GEOMETRY A,NINETTE LILIENTHAL,10,2027,F,1.40 pts,0.57,,33,,Yes
12,11/21/24,3,S1,ASL501 / 13,AMERICAN SIGN LANGUAGE I/A,KYLA RITCHEY,10,2027,F,1.09 pts,0.57,,33,,#N/A
12,11/21/24,4,S1,SOC108 / 14,WORLD HISTORY/A,DAVID HOLLINGSWORTH,10,2027,C-,2.04 pts,0,,33,,#N/A
12,11/21/24,5,S1,ENG601 / 15,SOPH ENG/A,MARCEE SALAS,10,2027,C,2.23 pts,0,,33,,Yes
12,11/21/24,6,S1,SCI601 / 36,BIOLOGY A,WILLIAM BAUR,10,2027,C-,2.01 pts,0,,33,,Yes
12,11/21/24,1,S1,VOC106 / 11,METAL MANUFACTURING & TECH I,DONALD O'BRIEN,10,2027,B+,3.39 pts,2.29,,34,,#N/A
12,11/21/24,2,S1,ENG601 / 12,SOPH ENG/A,KELLY GREGERSEN,10,2027,F,0.79 pts,1.57,,34,,Yes
12,11/21/24,3,S1,SCI601 / 13,BIOLOGY A,GRANT MERRILL,10,2027,F,0.59 pts,2.43,,34,,Yes
12,11/21/24,4,S1,MAT522 / 14,GEOMETRY A,ROCHELLE AITON,10,2027,F,1.54 pts,1.71,John L,34,Active,Yes
12,11/21/24,4,S1,MAT522 / 14,GEOMETRY A,NINETTE LILIENTHAL,10,2027,F,1.54 pts,1.71,John L,34,Active,Yes
12,11/21/24,5,S1,VOC503 / 15,FINE ARTS WOODS II,BRENT MANSELL,10,2027,C,2.49 pts,2,,34,,#N/A
12,11/21/24,6,S1,SOC108 / 16,WORLD HISTORY/A,RYAN ISAACSON,10,2027,D,1.73 pts,2.43,,34,,#N/A
12,11/21/24,1,S1,ENG801 / 11,SENIOR ENG/A,HEATHER CARVER,12,2025,D+,1.88 pts,2,,35,,#N/A
12,11/21/24,2,S1,SCI609 / 12,CHEMISTRY/A,GRANT MERRILL,12,2025,F,0.73 pts,2.57,,35,,Yes
12,11/21/24,3,S1,SOC802 / 13,CIVICS,JIM REED,12,2025,D+,1.99 pts,2.71,,35,,#N/A
12,11/21/24,4,S1,HFL115 / 14,ADVANCED PASTRY ARTS I,KAYLA PAYNE,12,2025,A-,3.46 pts,2.57,,35,,#N/A
12,11/21/24,5,S1,ONT400 / 15,ON-TRACK/A,ROBERT YEE,12,2025,B-,2.88 pts,3.57,,35,,#N/A
12,11/21/24,6,S1,FAR111 / 16,CERAMICS IV,ROBERT YEE,12,2025,F,1.50 pts,3.43,,35,,#N/A
12,11/21/24,1,S1,CTE114 / 11,ENGINEERING A,JASON BLAESING,11,2026,D+,1.84 pts,7.14,,36,,#N/A
12,11/21/24,2,S1,MAT701 / 12,ALGEBRA II A,JASON BLAESING,11,2026,F,1.22 pts,7,,36,,Yes
12,11/21/24,3,S1,PED500 / 13,WEIGHT TRAINING,SCOTT BOOTHBY,11,2026,B+,3.20 pts,7.14,,36,,#N/A
12,11/21/24,4,S1,ENG701 / 14,JUNIOR ENG/A,JOHN CARVER,11,2026,C-,2.13 pts,7.14,,36,,#N/A
12,11/21/24,5,S1,SOC701 / 15,US HISTORY/A,DAVE HAJEK,11,2026,F,1.42 pts,7,,36,,#N/A
12,11/21/24,6,S1,FAR542 / 16,WIND ENSEMB/A,DAVID DUARTE,11,2026,A,4.00 pts,7,,36,,#N/A
12,11/21/24,1,S1,VOC502 / 11,FINE ARTS WOODWORKING I,BRENT MANSELL,11,2026,A,4.00 pts,2,,37,,#N/A
12,11/21/24,2,S1,SCI503 / 12,PHYSICAL SCIENCE A,JAMES BENNETT,11,2026,C,2.34 pts,2,,37,,#N/A
12,11/21/24,3,S1,ONT400 / 13,ON-TRACK/A,BRIAN ANDERSON,11,2026,A,4.00 pts,2.14,,37,,#N/A
12,11/21/24,4,S1,ENG715 / 14,FILM AS LITERATURE,KELLY GREGERSEN,11,2026,D+,1.99 pts,2,,37,,#N/A
12,11/21/24,5,S1,BUS301 / 15,PERSONAL FINANCE A,NICOLE SIMEK,11,2026,F,1.35 pts,2,,37,,#N/A
12,11/21/24,6,S1,SOC701 / 16,US HISTORY/A,SCOTT BOOTHBY,11,2026,C-,2.04 pts,2.14,,37,,Yes
12,11/21/24,1,S1,VOC502 / 11,FINE ARTS WOODWORKING I,BRENT MANSELL,10,2027,A,4.00 pts,6.57,,38,,#N/A
12,11/21/24,2,S1,SCI601 / 32,BIOLOGY A,DONNA SCHATZ,10,2027,C+,2.64 pts,7.29,,38,,#N/A
12,11/21/24,3,S1,MAT522 / 13,GEOMETRY A,ROCHELLE AITON,10,2027,F,1.35 pts,7,,38,,Yes
12,11/21/24,3,S1,MAT522 / 13,GEOMETRY A,NINETTE LILIENTHAL,10,2027,F,1.35 pts,7,,38,,Yes
12,11/21/24,4,S1,PED500 / 14,WEIGHT TRAINING,SCOTT DIZMANG,10,2027,A,3.63 pts,7.14,,38,,#N/A
12,11/21/24,5,S1,ENG601 / 15,SOPH ENG/A,MARCEE SALAS,10,2027,C-,2.19 pts,7.43,,38,,Yes
12,11/21/24,6,S1,SOC108 / 36,WORLD HISTORY/A,DAVE HAJEK,10,2027,C-,2.02 pts,6.43,,38,,#N/A
12,11/21/24,1,S1,VOC106 / 11,METAL MANUFACTURING & TECH I,DONALD O'BRIEN,10,2027,B+,3.34 pts,1.57,,39,,#N/A
12,11/21/24,2,S1,SOC108 / 12,WORLD HISTORY/A,DAVID HOLLINGSWORTH,10,2027,D,1.66 pts,1.43,,39,,#N/A
12,11/21/24,3,S1,MAT522 / 13,GEOMETRY A,ROCHELLE AITON,10,2027,D+,1.81 pts,1.43,,39,,Yes
12,11/21/24,3,S1,MAT522 / 13,GEOMETRY A,NINETTE LILIENTHAL,10,2027,D+,1.81 pts,1.43,,39,,Yes
12,11/21/24,4,S1,PED500 / 14,WEIGHT TRAINING,SCOTT DIZMANG,10,2027,A-,3.51 pts,1,,39,,#N/A
12,11/21/24,5,S1,ENG601 / 15,SOPH ENG/A,MARCEE SALAS,10,2027,F,1.24 pts,1.29,,39,,Yes
12,11/21/24,6,S1,SCI601 / 36,BIOLOGY A,WILLIAM BAUR,10,2027,D,1.77 pts,1,,39,,Yes
12,11/21/24,1,S1,ENG701 / 11,JUNIOR ENG/A,JOHN CARVER,11,2026,B-,2.83 pts,4,,40,,#N/A
12,11/21/24,2,S1,MAT701 / 12,ALGEBRA II A,JASON BLAESING,11,2026,F,1.54 pts,3.86,,40,,Yes
12,11/21/24,3,S1,PED500 / 13,WEIGHT TRAINING,SCOTT BOOTHBY,11,2026,A,3.85 pts,3.86,,40,,#N/A
12,11/21/24,4,S1,SCI503 / 34,PHYSICAL SCIENCE A,WILLIAM BAUR,11,2026,C,2.42 pts,4.86,,40,,#N/A
12,11/21/24,5,S1,SPA601 / 15,SPANISH II A,ROCHELLE AITON,11,2026,D+,1.88 pts,4.86,,40,,#N/A
12,11/21/24,6,S1,SOC701 / 16,US HISTORY/A,SCOTT BOOTHBY,11,2026,C,2.47 pts,5,,40,,Yes
12,11/21/24,1,S1,SOC701 / 11,US HISTORY/A,DAVE HAJEK,11,2026,C-,2.05 pts,3,,47,,#N/A
12,11/21/24,2,S1,SCI609 / 12,CHEMISTRY/A,GRANT MERRILL,11,2026,F,1.11 pts,2.71,,47,,Yes
12,11/21/24,3,S1,ASL503 / 13,AMERICAN SIGN LANGUAGE II/A,TAMI GRANT,11,2026,B+,3.33 pts,2,,47,,#N/A
12,11/21/24,4,S1,PED500 / 14,WEIGHT TRAINING,SCOTT DIZMANG,11,2026,A,4.00 pts,2,,47,,#N/A
12,11/21/24,5,S1,MAT701 / 35,ALGEBRA II A,JENNIFER REILLY,11,2026,B+,3.31 pts,2,,47,,#N/A
12,11/21/24,6,S1,ENG701 / 16,JUNIOR ENG/A,JOHN CARVER,11,2026,B+,3.32 pts,2,,47,,#N/A
12,11/21/24,1,S1,ENG701 / 11,JUNIOR ENG/A,JOHN CARVER,11,2026,C+,2.58 pts,3,,41,,#N/A
12,11/21/24,2,S1,HFL116 / 12,BAKING PASTRY ARTS I,KAYLA PAYNE,11,2026,C-,2.17 pts,2.14,,41,,#N/A
12,11/21/24,3,S1,SCI503 / 33,PHYSICAL SCIENCE A,WILLIAM BAUR,11,2026,B-,2.75 pts,1,,41,,#N/A
12,11/21/24,4,S1,SOC701 / 14,US HISTORY/A,DAVE HAJEK,11,2026,F,1.43 pts,2.43,,41,,Yes
12,11/21/24,5,S1,ASL503 / 15,AMERICAN SIGN LANGUAGE II/A,TAMI GRANT,11,2026,A-,3.50 pts,2,,41,,#N/A
12,11/21/24,6,S1,MAT701 / 16,ALGEBRA II A,JASON BLAESING,11,2026,C-,2.16 pts,2.14,Johnathan,41,Active,Yes
12,11/21/24,1,S1,FAR606 / 11,ADVANCED ACTING/ A,KELLY GREGERSEN,12,2025,A,3.81 pts,2.14,,42,,#N/A
12,11/21/24,2,S1,SCI609 / 12,CHEMISTRY/A,GRANT MERRILL,12,2025,F,0.71 pts,1.43,,42,,Yes
12,11/21/24,3,S1,ENG801 / 13,SENIOR ENG/A,JOHN CARVER,12,2025,C,2.46 pts,2.86,,42,,#N/A
12,11/21/24,4,S1,HFL118 / 14,ADV CULINARY ARTS A,ALEXANDRA YOST,12,2025,B,2.99 pts,2.71,,42,,#N/A
12,11/21/24,5,S1,BUS301 / 15,PERSONAL FINANCE A,NICOLE SIMEK,12,2025,C-,2.02 pts,2.14,,42,,#N/A
12,11/21/24,6,S1,FAR542 / 16,WIND ENSEMB/A,DAVID DUARTE,12,2025,A,3.93 pts,2.43,,42,,#N/A
12,11/21/24,1,S1,ENG701 / 11,JUNIOR ENG/A,JOHN CARVER,11,2026,C-,2.03 pts,19,,43,,#N/A
12,11/21/24,2,S1,SCI503 / 12,PHYSICAL SCIENCE A,JAMES BENNETT,11,2026,C+,2.51 pts,17.57,,43,,#N/A
12,11/21/24,3,S1,ASL503 / 13,AMERICAN SIGN LANGUAGE II/A,TAMI GRANT,11,2026,F,1.58 pts,14.43,,43,,#N/A
12,11/21/24,4,S1,SOC701 / 14,US HISTORY/A,DAVE HAJEK,11,2026,C-,2.00 pts,18.29,,43,,Yes
12,11/21/24,5,S1,SOC105 / 15,AP PSYCHOLOGY A,JIM REED,11,2026,F,1.03 pts,14.29,,43,,#N/A
12,11/21/24,6,S1,MAT701 / 16,ALGEBRA II A,JASON BLAESING,11,2026,D,1.66 pts,17.43,,43,,Yes
12,11/21/24,1,S1,MAT522 / 11,GEOMETRY A,ROCHELLE AITON,10,2027,F,1.53 pts,11,,44,,Yes
12,11/21/24,1,S1,MAT522 / 11,GEOMETRY A,NINETTE LILIENTHAL,10,2027,F,1.53 pts,11,,44,,Yes
12,11/21/24,2,S1,HFL116 / 12,BAKING PASTRY ARTS I,KAYLA PAYNE,10,2027,C-,2.11 pts,7,,44,,#N/A
12,11/21/24,2,S1,SCI601 / 32,BIOLOGY A,DONNA SCHATZ,10,2027,,0.20 pts,1.86,,44,,#N/A
12,11/21/24,3,S1,HFL116 / 13,BAKING PASTRY ARTS I,KAYLA PAYNE,10,2027,,,2.57,,44,,#N/A
12,11/21/24,3,S1,SCI601 / 33,BIOLOGY A,DONNA SCHATZ,10,2027,F,0.44 pts,8.71,,44,,#N/A
12,11/21/24,4,S1,PED500 / 14,WEIGHT TRAINING,SCOTT DIZMANG,10,2027,C+,2.66 pts,13.29,,44,,#N/A
12,11/21/24,5,S1,ENG601 / 15,SOPH ENG/A,MARCEE SALAS,10,2027,C,2.26 pts,12.57,,44,,Yes
12,11/21/24,6,S1,SOC108 / 16,WORLD HISTORY/A,RYAN ISAACSON,10,2027,F,1.19 pts,13.57,,44,,#N/A
12,11/21/24,1,S1,VOC705 / 11,DIGITAL PHOTOGRAPHY I,ROSANNA RUFF,11,2026,A-,3.50 pts,2.43,,45,,#N/A
12,11/21/24,2,S1,SCI609 / 12,CHEMISTRY/A,GRANT MERRILL,11,2026,F,1.22 pts,2.29,,45,,Yes
12,11/21/24,3,S1,ENG719 / 13,AP LANGUAGE/COMPOSITION A,HEATHER CARVER,11,2026,B,2.93 pts,1.86,,45,,#N/A
12,11/21/24,4,S1,PED500 / 14,WEIGHT TRAINING,SCOTT DIZMANG,11,2026,A,3.63 pts,1.86,,45,,#N/A
12,11/21/24,5,S1,SOC703 / 15,AP US HISTORY A,RYAN ISAACSON,11,2026,A,4.00 pts,1.86,,45,,#N/A
12,11/21/24,6,S1,MAT701 / 16,ALGEBRA II A,JASON BLAESING,11,2026,C+,2.54 pts,2,,45,,Yes
12,11/21/24,5,S1,MAT522 / 15,GEOMETRY A,BRIAN ANDERSON,10,2027,A-,3.49 pts,3,,80,,Yes
12,11/21/24,5,S1,MAT522 / 15,GEOMETRY A,BRIAN ANDERSON,10,2027,B,3.00 pts,7.71,,252,,Yes
12,11/21/24,6,S1,SCI601 / 16,BIOLOGY A,GRANT MERRILL,10,2027,C-,2.06 pts,7.71,,252,,Yes
12,11/21/24,6,S1,SOC701 / 16,US HISTORY/A,SCOTT BOOTHBY,11,2026,F,1.17 pts,21.43,,187,,Yes
12,11/21/24,6,S1,ENG501 / 16,FR ENGLISH/A,DAVID HOLLINGSWORTH,9,2028,A,3.76 pts,0,,111,,Yes
12,11/21/24,1,S1,MAT522 / 11,GEOMETRY A,ROCHELLE AITON,9,2028,A-,3.40 pts,1.29,,219,,Yes
12,11/21/24,1,S1,MAT522 / 11,GEOMETRY A,NINETTE LILIENTHAL,9,2028,A-,3.40 pts,1.29,,219,,Yes
12,11/21/24,6,S1,ENG501 / 16,FR ENGLISH/A,DAVID HOLLINGSWORTH,9,2028,C+,2.51 pts,0.14,,464,,Yes
12,11/21/24,6,S1,SOC701 / 16,US HISTORY/A,SCOTT BOOTHBY,11,2026,B+,3.24 pts,2,,250,,Yes
12,11/21/24,6,S1,ENG501 / 16,FR ENGLISH/A,DAVID HOLLINGSWORTH,9,2028,B,2.97 pts,20.71,,243,,Yes
12,11/21/24,2,S1,SCI609 / 12,CHEMISTRY/A,GRANT MERRILL,11,2026,F,1.51 pts,5.71,,368,,Yes
12,11/21/24,6,S1,SOC701 / 16,US HISTORY/A,SCOTT BOOTHBY,11,2026,C,2.45 pts,2.29,,368,,Yes
12,11/21/24,4,S1,MAT522 / 14,GEOMETRY A,ROCHELLE AITON,10,2027,B-,2.83 pts,4.86,,171,,Yes
12,11/21/24,4,S1,MAT522 / 14,GEOMETRY A,NINETTE LILIENTHAL,10,2027,B-,2.83 pts,4.86,,171,,Yes
12,11/21/24,6,S1,SCI601 / 36,BIOLOGY A,WILLIAM BAUR,10,2027,C,2.26 pts,5.29,,171,,Yes
12,11/21/24,6,S1,ENG501 / 16,FR ENGLISH/A,DAVID HOLLINGSWORTH,9,2028,A,3.73 pts,5.14,,285,,Yes
12,11/21/24,3,S1,MAT522 / 13,GEOMETRY A,ROCHELLE AITON,9,2028,B,3.03 pts,2,,261,,Yes
12,11/21/24,3,S1,MAT522 / 13,GEOMETRY A,NINETTE LILIENTHAL,9,2028,B,3.03 pts,2,,261,,Yes
12,11/21/24,4,S1,MAT522 / 14,GEOMETRY A,ROCHELLE AITON,10,2027,B+,3.33 pts,0,,440,,Yes
12,11/21/24,4,S1,MAT522 / 14,GEOMETRY A,NINETTE LILIENTHAL,10,2027,B+,3.33 pts,0,,440,,Yes
12,11/21/24,2,S1,MAT522 / 12,GEOMETRY A,ROCHELLE AITON,10,2027,D+,1.99 pts,8.71,,159,,Yes
12,11/21/24,2,S1,MAT522 / 12,GEOMETRY A,NINETTE LILIENTHAL,10,2027,D+,1.99 pts,8.71,,159,,Yes
12,11/21/24,3,S1,SCI601 / 13,BIOLOGY A,GRANT MERRILL,10,2027,F,1.06 pts,8.43,,159,,Yes
12,11/21/24,5,S1,ENG601 / 15,SOPH ENG/A,MARCEE SALAS,10,2027,B,3.12 pts,8.29,,159,,Yes
12,11/21/24,5,S1,ENG701 / 15,JUNIOR ENG/A,JOHN CARVER,11,2026,B,3.04 pts,6,,91,,Yes
12,11/21/24,2,S1,MAT701 / 12,ALGEBRA II A,JASON BLAESING,11,2026,B,3.12 pts,4.86,,319,,Yes
12,11/21/24,4,S1,SCI601 / 14,BIOLOGY A,GRANT MERRILL,10,2027,B,3.08 pts,2.86,,431,,Yes
12,11/21/24,2,S1,ENG601 / 12,SOPH ENG/A,KELLY GREGERSEN,10,2027,F,0.79 pts,12.29,,317,,Yes
12,11/21/24,3,S1,MAT522 / 13,GEOMETRY A,ROCHELLE AITON,10,2027,F,0.78 pts,11.57,,317,,Yes
12,11/21/24,3,S1,MAT522 / 13,GEOMETRY A,NINETTE LILIENTHAL,10,2027,F,0.78 pts,11.57,,317,,Yes
12,11/21/24,5,S1,MAT522 / 15,GEOMETRY A,BRIAN ANDERSON,10,2027,A,3.73 pts,0,,359,,Yes
12,11/21/24,1,S1,MAT704 / 11,PRE-CALC A MAT 153,BRIAN ANDERSON,11,2026,,0.00 pts,0.14,,277,,Yes
12,11/21/24,6,S1,SOC701 / 16,US HISTORY/A,SCOTT BOOTHBY,11,2026,C,2.42 pts,5.29,,277,,Yes
12,11/21/24,1,S1,MAT704 / 11,PRE-CALC A MAT 153,BRIAN ANDERSON,12,2025,F,0.83 pts,7.5,,395,,Yes
12,11/21/24,4,S1,SOC701 / 14,US HISTORY/A,DAVE HAJEK,11,2026,A,3.64 pts,1.14,,459,,Yes
12,11/21/24,5,S1,MAT522 / 15,GEOMETRY A,BRIAN ANDERSON,10,2027,C-,2.03 pts,7,,190,,Yes
12,11/21/24,6,S1,SCI601 / 16,BIOLOGY A,GRANT MERRILL,10,2027,C,2.41 pts,6.43,,190,,Yes
12,11/21/24,2,S1,MAT701 / 12,ALGEBRA II A,JASON BLAESING,11,2026,C,2.41 pts,11.86,,312,,Yes
12,11/21/24,6,S1,SOC701 / 16,US HISTORY/A,SCOTT BOOTHBY,11,2026,D+,1.99 pts,11.71,,312,,Yes
12,11/21/24,1,S1,MAT522 / 11,GEOMETRY A,ROCHELLE AITON,10,2027,D+,1.81 pts,8.71,,53,,Yes
12,11/21/24,1,S1,MAT522 / 11,GEOMETRY A,NINETTE LILIENTHAL,10,2027,D+,1.81 pts,8.71,,53,,Yes
12,11/21/24,4,S1,SCI601 / 14,BIOLOGY A,GRANT MERRILL,10,2027,F,1.07 pts,8.14,,53,,Yes
12,11/21/24,5,S1,MAT522 / 15,GEOMETRY A,BRIAN ANDERSON,10,2027,B,3.10 pts,7.86,,334,,Yes
12,11/21/24,2,S1,BUS301 / 12,PERSONAL FINANCE A,NICOLE SIMEK,12,2025,C+,2.55 pts,5.52,,240,,Yes
12,11/21/24,6,S1,MAT701 / 16,ALGEBRA II A,JASON BLAESING,11,2026,A,3.84 pts,1,,257,,Yes
12,11/21/24,6,S1,MAT701 / 16,ALGEBRA II A,JASON BLAESING,11,2026,D,1.68 pts,6.33,,258,,Yes
12,11/21/24,4,S1,SCI601 / 14,BIOLOGY A,GRANT MERRILL,10,2027,F,0.00 pts,41.14,,457,,Yes
12,11/21/24,2,S1,MAT701 / 12,ALGEBRA II A,JASON BLAESING,10,2027,A,3.83 pts,8.14,,66,,Yes
12,11/21/24,6,S1,MAT701 / 16,ALGEBRA II A,JASON BLAESING,11,2026,B,3.03 pts,3,,141,,Yes
12,11/21/24,4,S1,MAT522 / 14,GEOMETRY A,ROCHELLE AITON,10,2027,D+,1.95 pts,0.14,,170,,Yes
12,11/21/24,4,S1,MAT522 / 14,GEOMETRY A,NINETTE LILIENTHAL,10,2027,D+,1.95 pts,0.14,,170,,Yes
12,11/21/24,6,S1,SCI601 / 36,BIOLOGY A,WILLIAM BAUR,10,2027,F,0.77 pts,0.29,,170,,Yes
12,11/21/24,6,S1,MAT701 / 16,ALGEBRA II A,JASON BLAESING,11,2026,C,2.48 pts,1,,225,,Yes
12,11/21/24,4,S1,SCI601 / 14,BIOLOGY A,GRANT MERRILL,10,2027,B+,3.24 pts,6.29,,442,,Yes
12,11/21/24,6,S1,SCI601 / 16,BIOLOGY A,GRANT MERRILL,10,2027,B+,3.31 pts,2,,287,,Yes
12,11/21/24,3,S1,SCI601 / 13,BIOLOGY A,GRANT MERRILL,10,2027,B+,3.26 pts,1.43,,137,,Yes
12,11/21/24,4,S1,MAT522 / 14,GEOMETRY A,ROCHELLE AITON,10,2027,C+,2.68 pts,1,,137,,Yes
12,11/21/24,4,S1,MAT522 / 14,GEOMETRY A,NINETTE LILIENTHAL,10,2027,C+,2.68 pts,1,,137,,Yes
12,11/21/24,3,S1,SCI601 / 13,BIOLOGY A,GRANT MERRILL,10,2027,F,1.54 pts,3,,364,,Yes
12,11/21/24,1,S1,MAT522 / 11,GEOMETRY A,ROCHELLE AITON,9,2028,A-,3.50 pts,5,,279,,Yes
12,11/21/24,1,S1,MAT522 / 11,GEOMETRY A,NINETTE LILIENTHAL,9,2028,A-,3.50 pts,5,,279,,Yes
12,11/21/24,1,S1,MAT522 / 11,GEOMETRY A,ROCHELLE AITON,10,2027,C+,2.69 pts,6.29,,193,,Yes
12,11/21/24,1,S1,MAT522 / 11,GEOMETRY A,NINETTE LILIENTHAL,10,2027,C+,2.69 pts,6.29,,193,,Yes
12,11/21/24,5,S1,ENG601 / 15,SOPH ENG/A,MARCEE SALAS,10,2027,C-,2.19 pts,6.14,,193,,Yes
12,11/21/24,3,S1,BUS301 / 13,PERSONAL FINANCE A,NICOLE SIMEK,12,2025,W,2.05 pts,0.14,,64,,Yes
12,11/21/24,2,S1,SCI609 / 12,CHEMISTRY/A,GRANT MERRILL,11,2026,F,0.91 pts,10.29,,65,,Yes
12,11/21/24,3,S1,BUS301 / 13,PERSONAL FINANCE A,NICOLE SIMEK,11,2026,C+,2.64 pts,10.71,,65,,Yes
12,11/21/24,4,S1,SOC701 / 14,US HISTORY/A,DAVE HAJEK,11,2026,C+,2.53 pts,11.14,,65,,Yes
12,11/21/24,3,S1,BUS301 / 13,PERSONAL FINANCE A,NICOLE SIMEK,12,2025,A,4.00 pts,1.29,,283,,Yes
12,11/21/24,3,S1,MAT522 / 13,GEOMETRY A,ROCHELLE AITON,9,2028,A-,3.42 pts,0,,284,,Yes
12,11/21/24,3,S1,MAT522 / 13,GEOMETRY A,NINETTE LILIENTHAL,9,2028,A-,3.42 pts,0,,284,,Yes
12,11/21/24,3,S1,MAT522 / 13,GEOMETRY A,ROCHELLE AITON,10,2027,B,3.05 pts,3,,269,,Yes
12,11/21/24,3,S1,MAT522 / 13,GEOMETRY A,NINETTE LILIENTHAL,10,2027,B,3.05 pts,3,,269,,Yes
12,11/21/24,2,S1,ENG601 / 12,SOPH ENG/A,KELLY GREGERSEN,10,2027,B,3.12 pts,3,,290,,Yes
12,11/21/24,2,S1,MAT701 / 12,ALGEBRA II A,JASON BLAESING,11,2026,B-,2.72 pts,7.86,,370,,Yes
12,11/21/24,6,S1,ENG501 / 16,FR ENGLISH/A,DAVID HOLLINGSWORTH,9,2028,A-,3.51 pts,10.86,,98,,Yes
12,11/21/24,2,S1,MAT522 / 12,GEOMETRY A,ROCHELLE AITON,9,2028,B,3.07 pts,1.29,,311,,Yes
12,11/21/24,2,S1,MAT522 / 12,GEOMETRY A,NINETTE LILIENTHAL,9,2028,B,3.07 pts,1.29,,311,,Yes
12,11/21/24,6,S1,MAT701 / 16,ALGEBRA II A,JASON BLAESING,11,2026,B+,3.36 pts,5.33,,127,,Yes
12,11/21/24,1,S1,MAT704 / 11,PRE-CALC A MAT 153,BRIAN ANDERSON,12,2025,F,1.18 pts,1.57,,352,,Yes
12,11/21/24,3,S1,MAT701 / 13,ALGEBRA II A,JENNIFER REILLY,10,2027,A,3.99 pts,2.71,,186,,Yes
12,11/21/24,6,S1,SCI601 / 36,BIOLOGY A,WILLIAM BAUR,10,2027,A,3.75 pts,3,,186,,Yes
12,11/21/24,4,S1,MAT522 / 14,GEOMETRY A,ROCHELLE AITON,10,2027,D+,1.82 pts,5.71,,437,,Yes
12,11/21/24,4,S1,MAT522 / 14,GEOMETRY A,NINETTE LILIENTHAL,10,2027,D+,1.82 pts,5.71,,437,,Yes
12,11/21/24,6,S1,SCI601 / 36,BIOLOGY A,WILLIAM BAUR,12,2025,A,3.75 pts,12.33,,178,,Yes
12,11/21/24,2,S1,BUS301 / 12,PERSONAL FINANCE A,NICOLE SIMEK,12,2025,B,2.99 pts,12.29,,135,,Yes
12,11/21/24,1,S1,MAT522 / 11,GEOMETRY A,ROCHELLE AITON,10,2027,D+,1.91 pts,6,,246,,Yes
12,11/21/24,1,S1,MAT522 / 11,GEOMETRY A,NINETTE LILIENTHAL,10,2027,D+,1.91 pts,6,,246,,Yes
12,11/21/24,2,S1,MAT701 / 12,ALGEBRA II A,JASON BLAESING,11,2026,B-,2.83 pts,5,,241,,Yes
12,11/21/24,2,S1,BUS301 / 12,PERSONAL FINANCE A,NICOLE SIMEK,12,2025,B+,3.32 pts,5.43,,97,,Yes
12,11/21/24,2,S1,BUS301 / 12,PERSONAL FINANCE A,NICOLE SIMEK,12,2025,B,2.90 pts,6.71,,96,,Yes
12,11/21/24,3,S1,SCI601 / 13,BIOLOGY A,GRANT MERRILL,10,2027,C-,2.13 pts,1.43,,136,,Yes
12,11/21/24,4,S1,MAT522 / 14,GEOMETRY A,ROCHELLE AITON,10,2027,F,0.00 pts,24.57,,447,,Yes
12,11/21/24,4,S1,MAT522 / 14,GEOMETRY A,NINETTE LILIENTHAL,10,2027,F,0.00 pts,24.57,,447,,Yes
12,11/21/24,1,S1,MAT522 / 11,GEOMETRY A,ROCHELLE AITON,10,2027,C-,2.07 pts,0.29,,411,,Yes
12,11/21/24,1,S1,MAT522 / 11,GEOMETRY A,NINETTE LILIENTHAL,10,2027,C-,2.07 pts,0.29,,411,,Yes
12,11/21/24,3,S1,MAT701 / 13,ALGEBRA II A,JENNIFER REILLY,10,2027,A,3.96 pts,1.71,,153,,Yes
12,11/21/24,2,S1,MAT701 / 12,ALGEBRA II A,JASON BLAESING,11,2026,D+,1.89 pts,19.14,,274,,Yes
12,11/21/24,1,S1,MAT522 / 11,GEOMETRY A,ROCHELLE AITON,10,2027,B,3.14 pts,0,,184,,Yes
12,11/21/24,1,S1,MAT522 / 11,GEOMETRY A,NINETTE LILIENTHAL,10,2027,B,3.14 pts,0,,184,,Yes
12,11/21/24,4,S1,SCI601 / 14,BIOLOGY A,GRANT MERRILL,10,2027,B,3.09 pts,0,,184,,Yes
12,11/21/24,6,S1,ENG501 / 16,FR ENGLISH/A,DAVID HOLLINGSWORTH,9,2028,B-,2.73 pts,1,,308,,Yes
12,11/21/24,2,S1,MAT522 / 12,GEOMETRY A,ROCHELLE AITON,9,2028,B+,3.33 pts,1.71,,166,,Yes
12,11/21/24,2,S1,MAT522 / 12,GEOMETRY A,NINETTE LILIENTHAL,9,2028,B+,3.33 pts,1.71,,166,,Yes
12,11/21/24,6,S1,ENG501 / 16,FR ENGLISH/A,DAVID HOLLINGSWORTH,9,2028,A,3.99 pts,1.71,,166,,Yes
12,11/21/24,6,S1,ENG501 / 16,FR ENGLISH/A,DAVID HOLLINGSWORTH,9,2028,B+,3.36 pts,3.14,,268,,Yes
12,11/21/24,5,S1,MAT522 / 15,GEOMETRY A,BRIAN ANDERSON,9,2028,B,3.10 pts,0.14,,351,,Yes
12,11/21/24,2,S1,ENG601 / 12,SOPH ENG/A,KELLY GREGERSEN,10,2027,B-,2.79 pts,5.86,,143,,Yes
12,11/21/24,4,S1,MAT522 / 14,GEOMETRY A,ROCHELLE AITON,10,2027,F,0.96 pts,6.71,,143,,Yes
12,11/21/24,4,S1,MAT522 / 14,GEOMETRY A,NINETTE LILIENTHAL,10,2027,F,0.96 pts,6.71,,143,,Yes
12,11/21/24,2,S1,BUS301 / 12,PERSONAL FINANCE A,NICOLE SIMEK,12,2025,F,0.75 pts,8.43,,377,,Yes
12,11/21/24,4,S1,MAT522 / 14,GEOMETRY A,ROCHELLE AITON,10,2027,F,0.70 pts,3,,110,,Yes
12,11/21/24,4,S1,MAT522 / 14,GEOMETRY A,NINETTE LILIENTHAL,10,2027,F,0.70 pts,3,,110,,Yes
12,11/21/24,5,S1,ENG601 / 15,SOPH ENG/A,MARCEE SALAS,10,2027,F,1.40 pts,3,,110,,Yes
12,11/21/24,6,S1,SCI601 / 16,BIOLOGY A,GRANT MERRILL,10,2027,F,0.38 pts,3.86,,110,,Yes
12,11/21/24,6,S1,ENG501 / 16,FR ENGLISH/A,DAVID HOLLINGSWORTH,9,2028,B,3.10 pts,0.14,,196,,Yes
12,11/21/24,4,S1,MAT522 / 14,GEOMETRY A,ROCHELLE AITON,9,2028,B+,3.24 pts,1,,434,,Yes
12,11/21/24,4,S1,MAT522 / 14,GEOMETRY A,NINETTE LILIENTHAL,9,2028,B+,3.24 pts,1,,434,,Yes
12,11/21/24,1,S1,MAT522 / 11,GEOMETRY A,ROCHELLE AITON,10,2027,B-,2.71 pts,13.29,,383,,Yes
12,11/21/24,1,S1,MAT522 / 11,GEOMETRY A,NINETTE LILIENTHAL,10,2027,B-,2.71 pts,13.29,,383,,Yes
12,11/21/24,3,S1,SCI601 / 13,BIOLOGY A,GRANT MERRILL,10,2027,B,3.13 pts,13,,383,,Yes
12,11/21/24,5,S1,ENG601 / 15,SOPH ENG/A,MARCEE SALAS,10,2027,B,2.90 pts,13.57,,383,,Yes
12,11/21/24,2,S1,BUS301 / 12,PERSONAL FINANCE A,NICOLE SIMEK,12,2025,B,2.94 pts,6.71,,104,,Yes
12,11/21/24,2,S1,SCI609 / 12,CHEMISTRY/A,GRANT MERRILL,12,2025,,0.00 pts,10.29,,422,,Yes
12,11/21/24,4,S1,SCI601 / 14,BIOLOGY A,GRANT MERRILL,10,2027,F,1.49 pts,5.14,,374,,Yes
12,11/21/24,5,S1,ENG601 / 15,SOPH ENG/A,MARCEE SALAS,10,2027,D+,1.88 pts,5,,374,,Yes
12,11/21/24,6,S1,MAT701 / 16,ALGEBRA II A,JASON BLAESING,11,2026,B+,3.36 pts,1,,119,,Yes
12,11/21/24,3,S1,BUS301 / 13,PERSONAL FINANCE A,NICOLE SIMEK,11,2026,F,1.11 pts,0.71,,435,,Yes
12,11/21/24,6,S1,SCI601 / 16,BIOLOGY A,GRANT MERRILL,11,2026,,0.00 pts,0.17,,435,,Yes
12,11/21/24,3,S1,BUS301 / 13,PERSONAL FINANCE A,NICOLE SIMEK,12,2025,C-,2.18 pts,2,,345,,Yes
12,11/21/24,6,S1,MAT701 / 16,ALGEBRA II A,JASON BLAESING,11,2026,B+,3.34 pts,3.86,,316,,Yes
12,11/21/24,6,S1,MAT701 / 16,ALGEBRA II A,JASON BLAESING,11,2026,A-,3.52 pts,4,,313,,Yes
12,11/21/24,6,S1,MAT701 / 16,ALGEBRA II A,JASON BLAESING,11,2026,A-,3.52 pts,4.43,,307,,Yes
12,11/21/24,4,S1,SOC701 / 14,US HISTORY/A,DAVE HAJEK,11,2026,A,3.98 pts,1,,223,,Yes
12,11/21/24,5,S1,ENG701 / 15,JUNIOR ENG/A,JOHN CARVER,11,2026,A,3.76 pts,1,,223,,Yes
12,11/21/24,3,S1,BUS301 / 13,PERSONAL FINANCE A,NICOLE SIMEK,12,2025,C,2.27 pts,3.71,,365,,Yes
12,11/21/24,1,S1,MAT522 / 11,GEOMETRY A,ROCHELLE AITON,9,2028,B-,2.82 pts,7.43,,79,,Yes
12,11/21/24,1,S1,MAT522 / 11,GEOMETRY A,NINETTE LILIENTHAL,9,2028,B-,2.82 pts,7.43,,79,,Yes
12,11/21/24,2,S1,ENG601 / 12,SOPH ENG/A,KELLY GREGERSEN,10,2027,D,1.78 pts,8.14,,52,,Yes
12,11/21/24,4,S1,MAT522 / 14,GEOMETRY A,ROCHELLE AITON,10,2027,C,2.31 pts,7.43,,52,,Yes
12,11/21/24,4,S1,MAT522 / 14,GEOMETRY A,NINETTE LILIENTHAL,10,2027,C,2.31 pts,7.43,,52,,Yes
12,11/21/24,3,S1,MAT701 / 13,ALGEBRA II A,JENNIFER REILLY,11,2026,F,0.97 pts,31.57,,164,,Yes
12,11/21/24,2,S1,MAT701 / 12,ALGEBRA II A,JASON BLAESING,11,2026,D,1.67 pts,16.86,,121,,Yes
12,11/21/24,3,S1,MAT701 / 13,ALGEBRA II A,JENNIFER REILLY,11,2026,A,3.84 pts,2,,288,,Yes
12,11/21/24,6,S1,SOC701 / 16,US HISTORY/A,SCOTT BOOTHBY,11,2026,A,3.62 pts,2,,288,,Yes
12,11/21/24,3,S1,BUS301 / 13,PERSONAL FINANCE A,NICOLE SIMEK,12,2025,,4.00 pts,0,,213,,Yes
12,11/21/24,6,S1,ENG501 / 16,FR ENGLISH/A,DAVID HOLLINGSWORTH,9,2028,C,2.40 pts,10.29,,212,,Yes
12,11/21/24,2,S1,BUS301 / 12,PERSONAL FINANCE A,NICOLE SIMEK,12,2025,D+,1.85 pts,4,,156,,Yes
12,11/21/24,4,S1,SCI601 / 14,BIOLOGY A,GRANT MERRILL,10,2027,F,0.55 pts,15.95,,120,,Yes
12,11/21/24,5,S1,ENG601 / 15,SOPH ENG/A,MARCEE SALAS,10,2027,C,2.32 pts,14.64,,120,,Yes
12,11/21/24,1,S1,MAT704 / 11,PRE-CALC A MAT 153,BRIAN ANDERSON,12,2025,B,3.08 pts,2,,265,,Yes
12,11/21/24,6,S1,MAT701 / 16,ALGEBRA II A,JASON BLAESING,11,2026,D+,1.88 pts,7.57,,361,,Yes
12,11/21/24,3,S1,MAT522 / 13,GEOMETRY A,ROCHELLE AITON,10,2027,F,0.00 pts,24.57,,160,,Yes
12,11/21/24,3,S1,MAT522 / 13,GEOMETRY A,NINETTE LILIENTHAL,10,2027,F,0.00 pts,24.57,,160,,Yes
12,11/21/24,1,S1,MAT522 / 11,GEOMETRY A,ROCHELLE AITON,10,2027,B,3.03 pts,5.43,,386,,Yes
12,11/21/24,1,S1,MAT522 / 11,GEOMETRY A,NINETTE LILIENTHAL,10,2027,B,3.03 pts,5.43,,386,,Yes
12,11/21/24,3,S1,SCI601 / 13,BIOLOGY A,GRANT MERRILL,10,2027,B-,2.76 pts,3.71,,386,,Yes
12,11/21/24,3,S1,MAT522 / 13,GEOMETRY A,ROCHELLE AITON,10,2027,F,1.60 pts,16.43,,67,,Yes
12,11/21/24,3,S1,MAT522 / 13,GEOMETRY A,NINETTE LILIENTHAL,10,2027,F,1.60 pts,16.43,,67,,Yes
12,11/21/24,4,S1,SCI601 / 14,BIOLOGY A,GRANT MERRILL,10,2027,F,1.06 pts,16.14,,67,,Yes
12,11/21/24,4,S1,SOC701 / 14,US HISTORY/A,DAVE HAJEK,11,2026,F,0.75 pts,9,,451,,Yes
12,11/21/24,2,S1,SCI609 / 12,CHEMISTRY/A,GRANT MERRILL,11,2026,C,2.36 pts,0.43,,297,,Yes
12,11/21/24,2,S1,BUS301 / 12,PERSONAL FINANCE A,NICOLE SIMEK,12,2025,C+,2.65 pts,5.43,,322,,Yes
12,11/21/24,2,S1,BUS301 / 12,PERSONAL FINANCE A,NICOLE SIMEK,12,2025,F,0.26 pts,14,,321,,Yes
12,11/21/24,2,S1,MAT522 / 12,GEOMETRY A,ROCHELLE AITON,10,2027,F,0.00 pts,6.86,,463,,Yes
12,11/21/24,2,S1,MAT522 / 12,GEOMETRY A,NINETTE LILIENTHAL,10,2027,F,0.00 pts,6.86,,463,,Yes
12,11/21/24,3,S1,BUS301 / 13,PERSONAL FINANCE A,NICOLE SIMEK,11,2026,F,0.57 pts,14.43,,276,,Yes
12,11/21/24,5,S1,ENG701 / 15,JUNIOR ENG/A,JOHN CARVER,11,2026,B-,2.83 pts,11.57,,276,,Yes
12,11/21/24,3,S1,MAT701 / 13,ALGEBRA II A,JENNIFER REILLY,11,2026,F,0.49 pts,26.71,,81,,Yes
12,11/21/24,1,S1,MAT704 / 11,PRE-CALC A MAT 153,BRIAN ANDERSON,12,2025,F,1.35 pts,2,,51,,Yes
12,11/21/24,6,S1,ENG501 / 16,FR ENGLISH/A,DAVID HOLLINGSWORTH,9,2028,A,3.98 pts,1.14,,217,,Yes
12,11/21/24,3,S1,MAT701 / 13,ALGEBRA II A,JENNIFER REILLY,10,2027,B,2.97 pts,3.29,,353,,Yes
12,11/21/24,5,S1,ENG601 / 15,SOPH ENG/A,MARCEE SALAS,10,2027,B+,3.26 pts,2.86,,353,,Yes
12,11/21/24,6,S1,SCI601 / 36,BIOLOGY A,WILLIAM BAUR,10,2027,A-,3.48 pts,3,,353,,Yes
12,11/21/24,3,S1,SCI601 / 13,BIOLOGY A,GRANT MERRILL,10,2027,,3.22 pts,0,,125,,Yes
12,11/21/24,5,S1,ENG601 / 15,SOPH ENG/A,MARCEE SALAS,10,2027,,4.00 pts,0,,125,,Yes
12,11/21/24,6,S1,MAT701 / 16,ALGEBRA II A,JASON BLAESING,10,2027,,4.00 pts,0,,125,,Yes
12,11/21/24,6,S1,SCI601 / 16,BIOLOGY A,GRANT MERRILL,10,2027,B+,3.35 pts,0,,125,,Yes
12,11/21/24,3,S1,MAT701 / 13,ALGEBRA II A,JENNIFER REILLY,10,2027,A-,3.52 pts,0.86,,247,,Yes
12,11/21/24,6,S1,SOC701 / 16,US HISTORY/A,SCOTT BOOTHBY,11,2026,C+,2.51 pts,17.29,,74,,Yes
12,11/21/24,6,S1,MAT701 / 16,ALGEBRA II A,JASON BLAESING,10,2027,A,3.66 pts,2,,384,,Yes
12,11/21/24,6,S1,ENG501 / 16,FR ENGLISH/A,DAVID HOLLINGSWORTH,9,2028,C-,2.10 pts,1,,346,,Yes
12,11/21/24,1,S1,MAT522 / 11,GEOMETRY A,ROCHELLE AITON,10,2027,F,0.47 pts,19.71,,407,,Yes
12,11/21/24,1,S1,MAT522 / 11,GEOMETRY A,NINETTE LILIENTHAL,10,2027,F,0.47 pts,19.71,,407,,Yes
12,11/21/24,2,S1,ENG601 / 12,SOPH ENG/A,KELLY GREGERSEN,10,2027,F,0.19 pts,19.86,,407,,Yes
12,11/21/24,4,S1,SCI601 / 14,BIOLOGY A,GRANT MERRILL,10,2027,F,0.66 pts,20.71,,407,,Yes
12,11/21/24,5,S1,ENG601 / 15,SOPH ENG/A,MARCEE SALAS,10,2027,C-,2.07 pts,4,,108,,Yes
12,11/21/24,2,S1,MAT522 / 12,GEOMETRY A,ROCHELLE AITON,10,2027,D+,1.87 pts,18.71,,272,,Yes
12,11/21/24,2,S1,MAT522 / 12,GEOMETRY A,NINETTE LILIENTHAL,10,2027,D+,1.87 pts,18.71,,272,,Yes
12,11/21/24,4,S1,SOC701 / 14,US HISTORY/A,DAVE HAJEK,11,2026,F,1.13 pts,5.67,,449,,Yes
12,11/21/24,5,S1,ENG601 / 15,SOPH ENG/A,MARCEE SALAS,10,2027,C+,2.69 pts,0.29,,330,,Yes
12,11/21/24,6,S1,SCI601 / 36,BIOLOGY A,WILLIAM BAUR,10,2027,C,2.26 pts,0,,330,,Yes
12,11/21/24,1,S1,MAT522 / 11,GEOMETRY A,ROCHELLE AITON,10,2027,B-,2.86 pts,0.14,,162,,Yes
12,11/21/24,1,S1,MAT522 / 11,GEOMETRY A,NINETTE LILIENTHAL,10,2027,B-,2.86 pts,0.14,,162,,Yes
12,11/21/24,2,S1,ENG601 / 12,SOPH ENG/A,KELLY GREGERSEN,10,2027,B,3.15 pts,0.14,,162,,Yes
12,11/21/24,6,S1,SCI601 / 36,BIOLOGY A,WILLIAM BAUR,10,2027,A-,3.51 pts,0.14,,162,,Yes
12,11/21/24,5,S1,ENG601 / 15,SOPH ENG/A,MARCEE SALAS,10,2027,C,2.37 pts,5.43,,371,,Yes
12,11/21/24,2,S1,BUS301 / 12,PERSONAL FINANCE A,NICOLE SIMEK,12,2025,C+,2.63 pts,4.57,,195,,Yes
12,11/21/24,2,S1,ENG601 / 12,SOPH ENG/A,KELLY GREGERSEN,10,2027,D+,1.86 pts,3.14,,347,,Yes
12,11/21/24,4,S1,SCI601 / 14,BIOLOGY A,GRANT MERRILL,10,2027,B-,2.75 pts,2.86,,347,,Yes
12,11/21/24,3,S1,MAT522 / 13,GEOMETRY A,ROCHELLE AITON,9,2028,C,2.22 pts,0.29,,211,,Yes
12,11/21/24,3,S1,MAT522 / 13,GEOMETRY A,NINETTE LILIENTHAL,9,2028,C,2.22 pts,0.29,,211,,Yes
12,11/21/24,2,S1,MAT522 / 12,GEOMETRY A,ROCHELLE AITON,11,2026,F,1.48 pts,12.57,,343,,Yes
12,11/21/24,2,S1,MAT522 / 12,GEOMETRY A,NINETTE LILIENTHAL,11,2026,F,1.48 pts,12.57,,343,,Yes
12,11/21/24,4,S1,SOC701 / 14,US HISTORY/A,DAVE HAJEK,11,2026,F,1.20 pts,10.43,,343,,Yes
12,11/21/24,5,S1,MAT522 / 15,GEOMETRY A,BRIAN ANDERSON,10,2027,C+,2.52 pts,0,,165,,Yes
12,11/21/24,6,S1,SCI601 / 36,BIOLOGY A,WILLIAM BAUR,10,2027,A-,3.51 pts,0,,165,,Yes
12,11/21/24,6,S1,SCI601 / 36,BIOLOGY A,WILLIAM BAUR,10,2027,A,3.67 pts,2.43,,462,,Yes
12,11/21/24,2,S1,BUS301 / 12,PERSONAL FINANCE A,NICOLE SIMEK,12,2025,B-,2.87 pts,4,,415,,Yes
12,11/21/24,4,S1,SCI601 / 14,BIOLOGY A,GRANT MERRILL,10,2027,A-,3.50 pts,5.43,,432,,Yes
12,11/21/24,3,S1,MAT522 / 13,GEOMETRY A,ROCHELLE AITON,10,2027,A,3.72 pts,1,,204,,Yes
12,11/21/24,3,S1,MAT522 / 13,GEOMETRY A,NINETTE LILIENTHAL,10,2027,A,3.72 pts,1,,204,,Yes
12,11/21/24,5,S1,ENG601 / 15,SOPH ENG/A,MARCEE SALAS,10,2027,C,2.34 pts,1,,204,,Yes
12,11/21/24,6,S1,SCI601 / 16,BIOLOGY A,GRANT MERRILL,10,2027,B-,2.89 pts,1,,204,,Yes
12,11/21/24,6,S1,ENG501 / 16,FR ENGLISH/A,DAVID HOLLINGSWORTH,9,2028,A,4.00 pts,0.14,,62,,Yes
12,11/21/24,5,S1,MAT522 / 15,GEOMETRY A,BRIAN ANDERSON,9,2028,B-,2.88 pts,1,,154,,Yes
12,11/21/24,3,S1,SCI601 / 13,BIOLOGY A,GRANT MERRILL,10,2027,C+,2.63 pts,1.14,,155,,Yes
12,11/21/24,4,S1,MAT522 / 14,GEOMETRY A,ROCHELLE AITON,10,2027,B,3.18 pts,0.86,,155,,Yes
12,11/21/24,4,S1,MAT522 / 14,GEOMETRY A,NINETTE LILIENTHAL,10,2027,B,3.18 pts,0.86,,155,,Yes
12,11/21/24,6,S1,MAT701 / 16,ALGEBRA II A,JASON BLAESING,11,2026,B+,3.36 pts,4.5,,278,,Yes
12,11/21/24,2,S1,MAT522 / 12,GEOMETRY A,ROCHELLE AITON,10,2027,B-,2.73 pts,3.14,,215,,Yes
12,11/21/24,2,S1,MAT522 / 12,GEOMETRY A,NINETTE LILIENTHAL,10,2027,B-,2.73 pts,3.14,,215,,Yes
12,11/21/24,6,S1,SCI601 / 16,BIOLOGY A,GRANT MERRILL,10,2027,C,2.31 pts,4,,215,,Yes
12,11/21/24,6,S1,SCI601 / 36,BIOLOGY A,WILLIAM BAUR,10,2027,A,3.74 pts,1.14,,337,,Yes
12,11/21/24,4,S1,SOC701 / 14,US HISTORY/A,DAVE HAJEK,11,2026,A,3.99 pts,1.33,,336,,Yes
12,11/21/24,5,S1,ENG701 / 15,JUNIOR ENG/A,JOHN CARVER,11,2026,A,3.95 pts,1,,336,,Yes
12,11/21/24,6,S1,MAT701 / 16,ALGEBRA II A,JASON BLAESING,11,2026,A,3.84 pts,1,,336,,Yes
12,11/21/24,6,S1,SOC701 / 16,US HISTORY/A,SCOTT BOOTHBY,11,2026,A,3.81 pts,3.86,,210,,Yes
12,11/21/24,4,S1,MAT522 / 14,GEOMETRY A,ROCHELLE AITON,10,2027,A-,3.46 pts,2.71,,444,,Yes
12,11/21/24,4,S1,MAT522 / 14,GEOMETRY A,NINETTE LILIENTHAL,10,2027,A-,3.46 pts,2.71,,444,,Yes
12,11/21/24,4,S1,SCI601 / 14,BIOLOGY A,GRANT MERRILL,10,2027,C-,2.03 pts,5.43,,448,,Yes
12,11/21/24,5,S1,MAT522 / 15,GEOMETRY A,BRIAN ANDERSON,10,2027,F,0.26 pts,5.14,,194,,Yes
12,11/21/24,4,S1,SOC701 / 14,US HISTORY/A,DAVE HAJEK,11,2026,C,2.38 pts,2,,298,,Yes
12,11/21/24,5,S1,ENG701 / 15,JUNIOR ENG/A,JOHN CARVER,11,2026,A,3.63 pts,2.14,,298,,Yes
12,11/21/24,6,S1,ENG501 / 16,FR ENGLISH/A,DAVID HOLLINGSWORTH,9,2028,A,3.64 pts,0.57,,181,,Yes
12,11/21/24,2,S1,MAT522 / 12,GEOMETRY A,ROCHELLE AITON,10,2027,B-,2.79 pts,0,,206,,Yes
12,11/21/24,2,S1,MAT522 / 12,GEOMETRY A,NINETTE LILIENTHAL,10,2027,B-,2.79 pts,0,,206,,Yes
12,11/21/24,6,S1,SCI601 / 36,BIOLOGY A,WILLIAM BAUR,10,2027,C-,2.03 pts,0,,206,,Yes
12,11/21/24,2,S1,ENG601 / 12,SOPH ENG/A,KELLY GREGERSEN,10,2027,B+,3.25 pts,6.29,,418,,Yes
12,11/21/24,6,S1,SCI601 / 16,BIOLOGY A,GRANT MERRILL,10,2027,C,2.37 pts,5.57,,418,,Yes
12,11/21/24,1,S1,MAT522 / 11,GEOMETRY A,ROCHELLE AITON,10,2027,F,1.42 pts,9.86,,116,,Yes
12,11/21/24,1,S1,MAT522 / 11,GEOMETRY A,NINETTE LILIENTHAL,10,2027,F,1.42 pts,9.86,,116,,Yes
12,11/21/24,2,S1,ENG601 / 12,SOPH ENG/A,KELLY GREGERSEN,10,2027,F,0.68 pts,9.86,,116,,Yes
12,11/21/24,3,S1,BUS301 / 13,PERSONAL FINANCE A,NICOLE SIMEK,11,2026,F,0.78 pts,2.14,,209,,Yes
12,11/21/24,2,S1,MAT701 / 12,ALGEBRA II A,JASON BLAESING,11,2026,B+,3.33 pts,4.71,,222,,Yes
12,11/21/24,5,S1,ENG701 / 15,JUNIOR ENG/A,JOHN CARVER,11,2026,A,3.61 pts,4.71,,222,,Yes
12,11/21/24,3,S1,SCI601 / 13,BIOLOGY A,GRANT MERRILL,10,2027,F,1.13 pts,8.14,,391,,Yes
12,11/21/24,3,S1,MAT522 / 13,GEOMETRY A,ROCHELLE AITON,10,2027,A,3.61 pts,0,,264,,Yes
12,11/21/24,3,S1,MAT522 / 13,GEOMETRY A,NINETTE LILIENTHAL,10,2027,A,3.61 pts,0,,264,,Yes
12,11/21/24,3,S1,MAT701 / 13,ALGEBRA II A,JENNIFER REILLY,11,2026,D+,1.84 pts,12.43,,177,,Yes
12,11/21/24,5,S1,ENG701 / 15,JUNIOR ENG/A,JOHN CARVER,11,2026,C,2.38 pts,11.86,,177,,Yes
12,11/21/24,6,S1,SOC701 / 16,US HISTORY/A,SCOTT BOOTHBY,11,2026,C,2.24 pts,12.86,,177,,Yes
12,11/21/24,3,S1,BUS301 / 13,PERSONAL FINANCE A,NICOLE SIMEK,11,2026,F,0.39 pts,24.43,,300,,Yes
12,11/21/24,5,S1,ENG701 / 15,JUNIOR ENG/A,JOHN CARVER,11,2026,D,1.79 pts,17.71,,300,,Yes
12,11/21/24,2,S1,MAT701 / 12,ALGEBRA II A,JASON BLAESING,11,2026,B+,3.34 pts,0.14,,56,,Yes
12,11/21/24,5,S1,ENG701 / 15,JUNIOR ENG/A,JOHN CARVER,11,2026,B-,2.83 pts,0.71,,56,,Yes
12,11/21/24,4,S1,SCI601 / 14,BIOLOGY A,GRANT MERRILL,10,2027,D,1.70 pts,4.29,,198,,Yes
12,11/21/24,5,S1,MAT522 / 15,GEOMETRY A,BRIAN ANDERSON,10,2027,C+,2.64 pts,4,,198,,Yes
12,11/21/24,2,S1,SCI609 / 12,CHEMISTRY/A,GRANT MERRILL,11,2026,D,1.70 pts,2.71,,150,,Yes
12,11/21/24,1,S1,MAT522 / 11,GEOMETRY A,ROCHELLE AITON,10,2027,F,0.76 pts,0.86,,94,,Yes
12,11/21/24,1,S1,MAT522 / 11,GEOMETRY A,NINETTE LILIENTHAL,10,2027,F,0.76 pts,0.86,,94,,Yes
12,11/21/24,2,S1,ENG601 / 12,SOPH ENG/A,KELLY GREGERSEN,10,2027,F,0.02 pts,0.86,,94,,Yes
12,11/21/24,6,S1,SCI601 / 36,BIOLOGY A,WILLIAM BAUR,10,2027,A,4.00 pts,0,,133,,Yes
12,11/21/24,2,S1,SCI609 / 12,CHEMISTRY/A,GRANT MERRILL,11,2026,,0.00 pts,8.29,,75,,Yes
12,11/21/24,3,S1,BUS301 / 13,PERSONAL FINANCE A,NICOLE SIMEK,11,2026,,0.00 pts,8.86,,75,,Yes
12,11/21/24,4,S1,SOC701 / 14,US HISTORY/A,DAVE HAJEK,11,2026,,0.00 pts,8.43,,75,,Yes
12,11/21/24,3,S1,MAT522 / 13,GEOMETRY A,ROCHELLE AITON,9,2028,B-,2.73 pts,3.71,,76,,Yes
12,11/21/24,3,S1,MAT522 / 13,GEOMETRY A,NINETTE LILIENTHAL,9,2028,B-,2.73 pts,3.71,,76,,Yes
12,11/21/24,3,S1,MAT701 / 13,ALGEBRA II A,JENNIFER REILLY,12,2025,A-,3.50 pts,0,,149,,Yes
12,11/21/24,4,S1,SCI601 / 14,BIOLOGY A,GRANT MERRILL,12,2025,A-,3.40 pts,9.86,,426,,Yes
12,11/21/24,5,S1,ENG601 / 15,SOPH ENG/A,MARCEE SALAS,10,2027,C+,2.55 pts,5.14,,403,,Yes
12,11/21/24,2,S1,MAT701 / 12,ALGEBRA II A,JASON BLAESING,11,2026,C,2.33 pts,3.43,,78,,Yes
12,11/21/24,1,S1,MAT522 / 11,GEOMETRY A,ROCHELLE AITON,10,2027,F,0.94 pts,3.29,,122,,Yes
12,11/21/24,1,S1,MAT522 / 11,GEOMETRY A,NINETTE LILIENTHAL,10,2027,F,0.94 pts,3.29,,122,,Yes
12,11/21/24,2,S1,ENG601 / 12,SOPH ENG/A,KELLY GREGERSEN,10,2027,F,1.07 pts,3.14,,122,,Yes
12,11/21/24,2,S1,MAT701 / 12,ALGEBRA II A,JASON BLAESING,11,2026,A,3.67 pts,3.5,,124,,Yes
12,11/21/24,2,S1,SCI609 / 12,CHEMISTRY/A,GRANT MERRILL,11,2026,A,3.63 pts,0,,315,,Yes
12,11/21/24,6,S1,MAT701 / 16,ALGEBRA II A,JASON BLAESING,11,2026,B+,3.34 pts,2.57,,314,,Yes
12,11/21/24,2,S1,BUS301 / 12,PERSONAL FINANCE A,NICOLE SIMEK,11,2026,B+,3.30 pts,0,,327,,Yes
12,11/21/24,5,S1,ENG701 / 15,JUNIOR ENG/A,JOHN CARVER,11,2026,A,3.69 pts,0,,327,,Yes
12,11/21/24,6,S1,SOC701 / 16,US HISTORY/A,SCOTT BOOTHBY,11,2026,B+,3.22 pts,0.14,,327,,Yes
12,11/21/24,6,S1,ENG501 / 16,FR ENGLISH/A,DAVID HOLLINGSWORTH,9,2028,C,2.48 pts,6.29,,289,,Yes
12,11/21/24,2,S1,BUS301 / 12,PERSONAL FINANCE A,NICOLE SIMEK,12,2025,C-,2.09 pts,7.86,,385,,Yes
12,11/21/24,5,S1,ENG701 / 15,JUNIOR ENG/A,JOHN CARVER,12,2025,B+,3.27 pts,7.14,,385,,Yes
12,11/21/24,1,S1,MAT522 / 11,GEOMETRY A,ROCHELLE AITON,9,2028,B,3.07 pts,5.14,,69,,Yes
12,11/21/24,1,S1,MAT522 / 11,GEOMETRY A,NINETTE LILIENTHAL,9,2028,B,3.07 pts,5.14,,69,,Yes
12,11/21/24,4,S1,SOC701 / 14,US HISTORY/A,DAVE HAJEK,11,2026,C+,2.62 pts,6.29,,439,,Yes
12,11/21/24,6,S1,ENG501 / 16,FR ENGLISH/A,DAVID HOLLINGSWORTH,9,2028,C,2.49 pts,17.86,,410,,Yes
12,11/21/24,2,S1,MAT522 / 12,GEOMETRY A,ROCHELLE AITON,10,2027,D+,1.94 pts,4.71,,146,,Yes
12,11/21/24,2,S1,MAT522 / 12,GEOMETRY A,NINETTE LILIENTHAL,10,2027,D+,1.94 pts,4.71,,146,,Yes
12,11/21/24,6,S1,SCI601 / 16,BIOLOGY A,GRANT MERRILL,10,2027,C+,2.57 pts,5.57,,146,,Yes
12,11/21/24,2,S1,MAT522 / 12,GEOMETRY A,ROCHELLE AITON,9,2028,A,3.77 pts,1,,231,,Yes
12,11/21/24,2,S1,MAT522 / 12,GEOMETRY A,NINETTE LILIENTHAL,9,2028,A,3.77 pts,1,,231,,Yes
12,11/21/24,2,S1,MAT701 / 12,ALGEBRA II A,JASON BLAESING,11,2026,C,2.34 pts,0.86,,152,,Yes
12,11/21/24,4,S1,MAT522 / 14,GEOMETRY A,ROCHELLE AITON,10,2027,B-,2.82 pts,0,,202,,Yes
12,11/21/24,4,S1,MAT522 / 14,GEOMETRY A,NINETTE LILIENTHAL,10,2027,B-,2.82 pts,0,,202,,Yes
12,11/21/24,6,S1,SCI601 / 16,BIOLOGY A,GRANT MERRILL,10,2027,C-,2.10 pts,0,,202,,Yes
12,11/21/24,6,S1,MAT701 / 16,ALGEBRA II A,JASON BLAESING,11,2026,C-,2.01 pts,3,,379,,Yes
12,11/21/24,1,S1,MAT522 / 11,GEOMETRY A,ROCHELLE AITON,10,2027,B-,2.80 pts,3,,335,,Yes
12,11/21/24,1,S1,MAT522 / 11,GEOMETRY A,NINETTE LILIENTHAL,10,2027,B-,2.80 pts,3,,335,,Yes
12,11/21/24,6,S1,SCI601 / 16,BIOLOGY A,GRANT MERRILL,10,2027,D,1.67 pts,1,,375,,Yes
12,11/21/24,6,S1,SOC701 / 16,US HISTORY/A,SCOTT BOOTHBY,11,2026,C,2.24 pts,1,,376,,Yes
12,11/21/24,1,S1,MAT522 / 11,GEOMETRY A,ROCHELLE AITON,10,2027,D,1.73 pts,0.43,,399,,Yes
12,11/21/24,1,S1,MAT522 / 11,GEOMETRY A,NINETTE LILIENTHAL,10,2027,D,1.73 pts,0.43,,399,,Yes
12,11/21/24,2,S1,ENG601 / 12,SOPH ENG/A,KELLY GREGERSEN,10,2027,B,3.12 pts,0.43,,399,,Yes
12,11/21/24,6,S1,SCI601 / 16,BIOLOGY A,GRANT MERRILL,10,2027,D,1.72 pts,0.43,,399,,Yes
12,11/21/24,4,S1,SCI601 / 14,BIOLOGY A,GRANT MERRILL,10,2027,C,2.20 pts,0.71,,441,,Yes
12,11/21/24,6,S1,SCI601 / 36,BIOLOGY A,WILLIAM BAUR,10,2027,B,2.97 pts,0.86,,174,,Yes
12,11/21/24,5,S1,MAT522 / 15,GEOMETRY A,BRIAN ANDERSON,10,2027,F,1.09 pts,7.86,,63,,Yes
12,11/21/24,3,S1,BUS301 / 13,PERSONAL FINANCE A,NICOLE SIMEK,12,2025,A,4.00 pts,6,,413,,Yes
12,11/21/24,6,S1,ENG501 / 16,FR ENGLISH/A,DAVID HOLLINGSWORTH,9,2028,D+,1.91 pts,2.43,,245,,Yes
12,11/21/24,3,S1,MAT701 / 13,ALGEBRA II A,JENNIFER REILLY,11,2026,B,3.04 pts,2,,172,,Yes
12,11/21/24,3,S1,MAT522 / 13,GEOMETRY A,ROCHELLE AITON,9,2028,B-,2.71 pts,3.71,,358,,Yes
12,11/21/24,3,S1,MAT522 / 13,GEOMETRY A,NINETTE LILIENTHAL,9,2028,B-,2.71 pts,3.71,,358,,Yes
12,11/21/24,6,S1,ENG501 / 16,FR ENGLISH/A,DAVID HOLLINGSWORTH,9,2028,A,3.82 pts,0,,189,,Yes
12,11/21/24,5,S1,MAT522 / 15,GEOMETRY A,BRIAN ANDERSON,9,2028,B,3.00 pts,0,,420,,Yes
12,11/21/24,4,S1,SCI601 / 14,BIOLOGY A,GRANT MERRILL,10,2027,F,1.28 pts,16.14,,456,,Yes
12,11/21/24,3,S1,MAT522 / 13,GEOMETRY A,ROCHELLE AITON,9,2028,,,0,,70,,Yes
12,11/21/24,3,S1,MAT522 / 13,GEOMETRY A,NINETTE LILIENTHAL,9,2028,,,0,,70,,Yes
12,11/21/24,5,S1,MAT522 / 15,GEOMETRY A,BRIAN ANDERSON,10,2027,C-,2.15 pts,2,,163,,Yes
12,11/21/24,6,S1,ENG501 / 16,FR ENGLISH/A,DAVID HOLLINGSWORTH,9,2028,B,3.17 pts,3.86,,366,,Yes
12,11/21/24,6,S1,ENG501 / 16,FR ENGLISH/A,DAVID HOLLINGSWORTH,9,2028,D+,1.99 pts,23.43,,129,,Yes
12,11/21/24,6,S1,SCI601 / 36,BIOLOGY A,WILLIAM BAUR,10,2027,,,7,,467,,Yes
12,11/21/24,2,S1,MAT522 / 12,GEOMETRY A,ROCHELLE AITON,10,2027,B,2.93 pts,12.43,,220,,Yes
12,11/21/24,2,S1,MAT522 / 12,GEOMETRY A,NINETTE LILIENTHAL,10,2027,B,2.93 pts,12.43,,220,,Yes
12,11/21/24,3,S1,SCI601 / 13,BIOLOGY A,GRANT MERRILL,10,2027,D+,1.87 pts,12.57,,220,,Yes
12,11/21/24,3,S1,BUS301 / 13,PERSONAL FINANCE A,NICOLE SIMEK,12,2025,A,4.00 pts,0,,326,,Yes
12,11/21/24,5,S1,ENG701 / 15,JUNIOR ENG/A,JOHN CARVER,11,2026,B+,3.36 pts,3.33,,148,,Yes
12,11/21/24,6,S1,MAT701 / 16,ALGEBRA II A,JASON BLAESING,11,2026,B+,3.20 pts,3,,148,,Yes
12,11/21/24,1,S1,MAT704 / 11,PRE-CALC A MAT 153,BRIAN ANDERSON,11,2026,C-,2.09 pts,2.29,,350,,Yes
12,11/21/24,2,S1,SCI609 / 12,CHEMISTRY/A,GRANT MERRILL,11,2026,C+,2.53 pts,2.43,,350,,Yes
12,11/21/24,4,S1,SOC701 / 14,US HISTORY/A,DAVE HAJEK,11,2026,B,3.18 pts,2.71,,350,,Yes
12,11/21/24,5,S1,ENG701 / 15,JUNIOR ENG/A,JOHN CARVER,11,2026,B+,3.28 pts,2.71,,350,,Yes
12,11/21/24,2,S1,MAT701 / 12,ALGEBRA II A,JASON BLAESING,10,2027,A,3.84 pts,2.57,,398,,Yes
12,11/21/24,3,S1,SCI601 / 13,BIOLOGY A,GRANT MERRILL,10,2027,B+,3.27 pts,2.43,,398,,Yes
12,11/21/24,4,S1,SOC701 / 14,US HISTORY/A,DAVE HAJEK,11,2026,F,1.03 pts,4.71,,286,,Yes
12,11/21/24,5,S1,ENG701 / 15,JUNIOR ENG/A,JOHN CARVER,11,2026,,2.37 pts,3.86,,286,,Yes
12,11/21/24,6,S1,ENG501 / 16,FR ENGLISH/A,DAVID HOLLINGSWORTH,9,2028,C,2.21 pts,5.14,,461,,Yes
12,11/21/24,5,S1,ENG701 / 15,JUNIOR ENG/A,JOHN CARVER,11,2026,C-,2.00 pts,3.86,,466,,Yes
12,11/21/24,5,S1,ENG701 / 15,JUNIOR ENG/A,JOHN CARVER,11,2026,C-,2.00 pts,6.57,,465,,Yes
13,11/26/24,3,S1,BUS301 / 13,PERSONAL FINANCE A,NICOLE SIMEK,12,2025,A,3.81 pts,0,,200,,Yes
13,11/26/24,3,S1,BUS301 / 13,PERSONAL FINANCE A,NICOLE SIMEK,12,2025,C,2.39 pts,2.86,,394,,Yes
13,11/26/24,2,S1,BUS301 / 12,PERSONAL FINANCE A,NICOLE SIMEK,12,2025,B,3.15 pts,5.57,,93,,Yes
13,11/26/24,2,S1,BUS301 / 12,PERSONAL FINANCE A,NICOLE SIMEK,12,2025,D+,1.86 pts,8.14,,299,,Yes
13,11/26/24,1,S1,MAT522 / 11,GEOMETRY A,ROCHELLE AITON,10,2027,C+,2.58 pts,0.43,,179,,Yes
13,11/26/24,1,S1,MAT522 / 11,GEOMETRY A,NINETTE LILIENTHAL,10,2027,C+,2.58 pts,0.43,,179,,Yes
13,11/26/24,3,S1,MAT701 / 13,ALGEBRA II A,JENNIFER REILLY,11,2026,B,3.09 pts,7.14,,271,,Yes
13,11/26/24,6,S1,SOC701 / 16,US HISTORY/A,SCOTT BOOTHBY,11,2026,D,1.69 pts,7.29,,271,,Yes
13,11/26/24,1,S1,MAT704 / 11,PRE-CALC A MAT 153,BRIAN ANDERSON,11,2026,A-,3.57 pts,2.29,,101,,Yes
13,11/26/24,2,S1,SCI609 / 12,CHEMISTRY/A,GRANT MERRILL,11,2026,A,3.68 pts,2.29,,101,,Yes
13,11/26/24,4,S1,SOC701 / 14,US HISTORY/A,DAVE HAJEK,11,2026,B,3.19 pts,1.29,,101,,Yes
13,11/26/24,3,S1,MAT522 / 13,GEOMETRY A,ROCHELLE AITON,9,2028,A,3.72 pts,0,,192,,Yes
13,11/26/24,3,S1,MAT522 / 13,GEOMETRY A,NINETTE LILIENTHAL,9,2028,A,3.72 pts,0,,192,,Yes
13,11/26/24,5,S1,ENG701 / 15,JUNIOR ENG/A,JOHN CARVER,11,2026,F,0.87 pts,40.14,,239,,Yes
13,11/26/24,2,S1,ENG601 / 12,SOPH ENG/A,KELLY GREGERSEN,10,2027,B-,2.84 pts,0,,392,,Yes
13,11/26/24,6,S1,MAT701 / 16,ALGEBRA II A,JASON BLAESING,12,2025,C+,2.60 pts,3.29,,49,,Yes
13,11/26/24,2,S1,BUS301 / 12,PERSONAL FINANCE A,NICOLE SIMEK,12,2025,A,3.99 pts,4.29,,176,,Yes
13,11/26/24,2,S1,BUS301 / 12,PERSONAL FINANCE A,NICOLE SIMEK,12,2025,D+,1.85 pts,21.71,,227,,Yes
13,11/26/24,2,S1,BUS301 / 12,PERSONAL FINANCE A,NICOLE SIMEK,12,2025,B-,2.81 pts,24.71,,381,,Yes
13,11/26/24,2,S1,BUS301 / 12,PERSONAL FINANCE A,NICOLE SIMEK,12,2025,W,0.00 pts,8.43,,87,,Yes
13,11/26/24,2,S1,BUS301 / 12,PERSONAL FINANCE A,NICOLE SIMEK,12,2025,A-,3.51 pts,3,,233,,Yes
13,11/26/24,3,S1,BUS301 / 13,PERSONAL FINANCE A,NICOLE SIMEK,12,2025,B+,3.23 pts,6.86,,280,,Yes
13,11/26/24,3,S1,BUS301 / 13,PERSONAL FINANCE A,NICOLE SIMEK,12,2025,A,3.66 pts,1.86,,341,,Yes
13,11/26/24,2,S1,BUS301 / 12,PERSONAL FINANCE A,NICOLE SIMEK,12,2025,C,2.39 pts,17.29,,201,,Yes
13,11/26/24,2,S1,BUS301 / 12,PERSONAL FINANCE A,NICOLE SIMEK,12,2025,F,1.44 pts,8.43,,362,,Yes
13,11/26/24,2,S1,BUS301 / 12,PERSONAL FINANCE A,NICOLE SIMEK,12,2025,A,3.85 pts,4,,259,,Yes
13,11/26/24,2,S1,SCI609 / 12,CHEMISTRY/A,GRANT MERRILL,12,2025,B-,2.82 pts,9,,423,,Yes
13,11/26/24,3,S1,BUS301 / 13,PERSONAL FINANCE A,NICOLE SIMEK,12,2025,D,1.78 pts,3.29,,305,,Yes
13,11/26/24,6,S1,SCI601 / 36,BIOLOGY A,WILLIAM BAUR,12,2025,B-,2.76 pts,1.71,,188,,Yes
13,11/26/24,1,S1,MAT704 / 11,PRE-CALC A MAT 153,BRIAN ANDERSON,12,2025,D+,1.94 pts,4.43,,323,,Yes
13,11/26/24,3,S1,BUS301 / 13,PERSONAL FINANCE A,NICOLE SIMEK,12,2025,A,3.61 pts,3.71,,323,,Yes
13,11/26/24,2,S1,BUS301 / 12,PERSONAL FINANCE A,NICOLE SIMEK,12,2025,F,1.40 pts,15.29,,216,,Yes
13,11/26/24,3,S1,BUS301 / 13,PERSONAL FINANCE A,NICOLE SIMEK,12,2025,B,2.98 pts,3.31,,408,,Yes
13,11/26/24,3,S1,BUS301 / 13,PERSONAL FINANCE A,NICOLE SIMEK,12,2025,A,3.87 pts,0.57,,90,,Yes
13,11/26/24,2,S1,SCI609 / 12,CHEMISTRY/A,GRANT MERRILL,12,2025,B,2.93 pts,5,,82,,Yes
13,11/26/24,3,S1,BUS301 / 13,PERSONAL FINANCE A,NICOLE SIMEK,11,2026,F,1.36 pts,1.71,,253,,Yes
13,11/26/24,3,S1,MAT701 / 13,ALGEBRA II A,JENNIFER REILLY,11,2026,B,2.90 pts,0,,115,,Yes
13,11/26/24,4,S1,SOC701 / 14,US HISTORY/A,DAVE HAJEK,11,2026,F,1.35 pts,5,,254,,Yes
13,11/26/24,5,S1,ENG701 / 15,JUNIOR ENG/A,JOHN CARVER,11,2026,B-,2.80 pts,4.43,,254,,Yes
13,11/26/24,2,S1,BUS301 / 12,PERSONAL FINANCE A,NICOLE SIMEK,12,2025,B-,2.83 pts,2,,61,,Yes
13,11/26/24,3,S1,BUS301 / 13,PERSONAL FINANCE A,NICOLE SIMEK,12,2025,C+,2.53 pts,3.86,,332,,Yes
13,11/26/24,2,S1,SCI609 / 12,CHEMISTRY/A,GRANT MERRILL,12,2025,F,0.52 pts,26.29,,354,,Yes
13,11/26/24,3,S1,BUS301 / 13,PERSONAL FINANCE A,NICOLE SIMEK,12,2025,F,1.53 pts,3.86,,105,,Yes
13,11/26/24,4,S1,MAT522 / 14,GEOMETRY A,ROCHELLE AITON,10,2027,C-,2.06 pts,4.29,,425,,Yes
13,11/26/24,4,S1,MAT522 / 14,GEOMETRY A,NINETTE LILIENTHAL,10,2027,C-,2.06 pts,4.29,,425,,Yes
13,11/26/24,6,S1,MAT701 / 16,ALGEBRA II A,JASON BLAESING,10,2027,A,4.00 pts,0.14,,54,,Yes
13,11/26/24,2,S1,MAT522 / 12,GEOMETRY A,ROCHELLE AITON,10,2027,D+,1.93 pts,1,,338,,Yes
13,11/26/24,2,S1,MAT522 / 12,GEOMETRY A,NINETTE LILIENTHAL,10,2027,D+,1.93 pts,1,,338,,Yes
13,11/26/24,5,S1,ENG601 / 15,SOPH ENG/A,MARCEE SALAS,10,2027,B-,2.78 pts,1,,338,,Yes
13,11/26/24,3,S1,SCI601 / 13,BIOLOGY A,GRANT MERRILL,10,2027,F,0.65 pts,33.43,,92,,Yes
13,11/26/24,3,S1,MAT522 / 13,GEOMETRY A,ROCHELLE AITON,9,2028,A-,3.48 pts,0.86,,363,,Yes
13,11/26/24,3,S1,MAT522 / 13,GEOMETRY A,NINETTE LILIENTHAL,9,2028,A-,3.48 pts,0.86,,363,,Yes
13,11/26/24,6,S1,ENG501 / 16,FR ENGLISH/A,DAVID HOLLINGSWORTH,9,2028,B,3.11 pts,2,,229,,Yes
13,11/26/24,4,S1,MAT522 / 14,GEOMETRY A,ROCHELLE AITON,10,2027,D+,1.83 pts,1.57,,424,,Yes
13,11/26/24,4,S1,MAT522 / 14,GEOMETRY A,NINETTE LILIENTHAL,10,2027,D+,1.83 pts,1.57,,424,,Yes
13,11/26/24,2,S1,MAT701 / 12,ALGEBRA II A,JASON BLAESING,11,2026,C,2.21 pts,0,,107,,Yes
13,11/26/24,1,S1,MAT704 / 11,PRE-CALC A MAT 153,BRIAN ANDERSON,11,2026,B,2.93 pts,2,,114,,Yes
13,11/26/24,2,S1,SCI609 / 12,CHEMISTRY/A,GRANT MERRILL,11,2026,B-,2.72 pts,1.29,,114,,Yes
13,11/26/24,2,S1,ENG601 / 12,SOPH ENG/A,KELLY GREGERSEN,10,2027,D+,1.85 pts,10,,117,,Yes
13,11/26/24,4,S1,MAT522 / 14,GEOMETRY A,ROCHELLE AITON,10,2027,F,0.87 pts,9.57,,117,,Yes
13,11/26/24,4,S1,MAT522 / 14,GEOMETRY A,NINETTE LILIENTHAL,10,2027,F,0.87 pts,9.57,,117,,Yes
13,11/26/24,6,S1,SCI601 / 16,BIOLOGY A,GRANT MERRILL,10,2027,F,0.63 pts,9.71,,117,,Yes
13,11/26/24,3,S1,MAT522 / 13,GEOMETRY A,ROCHELLE AITON,10,2027,B,3.06 pts,7,,118,,Yes
13,11/26/24,3,S1,MAT522 / 13,GEOMETRY A,NINETTE LILIENTHAL,10,2027,B,3.06 pts,7,,118,,Yes
13,11/26/24,5,S1,MAT522 / 15,GEOMETRY A,BRIAN ANDERSON,10,2027,C,2.23 pts,4.29,,142,,Yes
13,11/26/24,6,S1,SCI601 / 16,BIOLOGY A,GRANT MERRILL,10,2027,F,1.19 pts,4.71,,142,,Yes
13,11/26/24,2,S1,MAT522 / 12,GEOMETRY A,ROCHELLE AITON,10,2027,C,2.30 pts,3.43,,168,,Yes
13,11/26/24,2,S1,MAT522 / 12,GEOMETRY A,NINETTE LILIENTHAL,10,2027,C,2.30 pts,3.43,,168,,Yes
13,11/26/24,3,S1,MAT701 / 13,ALGEBRA II A,JENNIFER REILLY,11,2026,A,3.81 pts,2,,208,,Yes
13,11/26/24,5,S1,MAT522 / 15,GEOMETRY A,BRIAN ANDERSON,10,2027,C,2.38 pts,1.29,,244,,Yes
13,11/26/24,2,S1,ENG601 / 12,SOPH ENG/A,KELLY GREGERSEN,10,2027,A,3.66 pts,0.14,,324,,Yes
13,11/26/24,3,S1,MAT522 / 13,GEOMETRY A,ROCHELLE AITON,10,2027,C+,2.50 pts,0,,324,,Yes
13,11/26/24,3,S1,MAT522 / 13,GEOMETRY A,NINETTE LILIENTHAL,10,2027,C+,2.50 pts,0,,324,,Yes
13,11/26/24,4,S1,MAT522 / 14,GEOMETRY A,ROCHELLE AITON,10,2027,B-,2.73 pts,1,,458,,Yes
13,11/26/24,4,S1,MAT522 / 14,GEOMETRY A,NINETTE LILIENTHAL,10,2027,B-,2.73 pts,1,,458,,Yes
13,11/26/24,2,S1,SCI609 / 12,CHEMISTRY/A,GRANT MERRILL,11,2026,W,0.54 pts,1.57,,131,,Yes
13,11/26/24,5,S1,ENG701 / 15,JUNIOR ENG/A,JOHN CARVER,11,2026,C,2.33 pts,6,,131,,Yes
13,11/26/24,1,S1,MAT522 / 11,GEOMETRY A,ROCHELLE AITON,10,2027,F,1.02 pts,10.29,,248,,Yes
13,11/26/24,1,S1,MAT522 / 11,GEOMETRY A,NINETTE LILIENTHAL,10,2027,F,1.02 pts,10.29,,248,,Yes
13,11/26/24,5,S1,ENG601 / 15,SOPH ENG/A,MARCEE SALAS,10,2027,B,3.00 pts,0,,373,,Yes
13,11/26/24,6,S1,SCI601 / 36,BIOLOGY A,WILLIAM BAUR,10,2027,A,3.66 pts,0,,373,,Yes
13,11/26/24,2,S1,MAT701 / 12,ALGEBRA II A,JASON BLAESING,11,2026,A,3.85 pts,1,,320,,Yes
13,11/26/24,6,S1,SOC701 / 16,US HISTORY/A,SCOTT BOOTHBY,11,2026,B,3.02 pts,2.57,,320,,Yes
13,11/26/24,3,S1,MAT701 / 13,ALGEBRA II A,JENNIFER REILLY,11,2026,C+,2.63 pts,4.57,,128,,Yes
13,11/26/24,6,S1,MAT701 / 16,ALGEBRA II A,JASON BLAESING,11,2026,A,3.72 pts,7.67,,161,,Yes
13,11/26/24,3,S1,MAT701 / 13,ALGEBRA II A,JENNIFER REILLY,11,2026,A,3.95 pts,7.67,,191,,Yes
13,11/26/24,6,S1,SOC701 / 16,US HISTORY/A,SCOTT BOOTHBY,11,2026,A,3.70 pts,4.67,,224,,Yes
13,11/26/24,5,S1,ENG701 / 15,JUNIOR ENG/A,JOHN CARVER,11,2026,B,3.03 pts,5.29,,255,,Yes
13,11/26/24,6,S1,SOC701 / 16,US HISTORY/A,SCOTT BOOTHBY,11,2026,C,2.28 pts,5.71,,255,,Yes
13,11/26/24,2,S1,MAT701 / 12,ALGEBRA II A,JASON BLAESING,11,2026,B,3.12 pts,3.71,,260,,Yes
13,11/26/24,5,S1,ENG701 / 15,JUNIOR ENG/A,JOHN CARVER,11,2026,A,3.93 pts,4,,260,,Yes
13,11/26/24,2,S1,MAT701 / 12,ALGEBRA II A,JASON BLAESING,11,2026,W,0.71 pts,5.29,,344,,Yes
13,11/26/24,5,S1,ENG701 / 15,JUNIOR ENG/A,JOHN CARVER,11,2026,C,2.33 pts,9,,396,,Yes
13,11/26/24,1,S1,MAT704 / 11,PRE-CALC A MAT 153,BRIAN ANDERSON,11,2026,A-,3.55 pts,1.33,,400,,Yes
13,11/26/24,2,S1,ENG601 / 12,SOPH ENG/A,KELLY GREGERSEN,10,2027,F,1.27 pts,16.43,,416,,Yes
13,11/26/24,3,S1,MAT522 / 13,GEOMETRY A,ROCHELLE AITON,10,2027,D,1.73 pts,16.43,,416,,Yes
13,11/26/24,3,S1,MAT522 / 13,GEOMETRY A,NINETTE LILIENTHAL,10,2027,D,1.73 pts,16.43,,416,,Yes
13,11/26/24,1,S1,MAT522 / 11,GEOMETRY A,ROCHELLE AITON,10,2027,C-,2.17 pts,4.71,,318,,Yes
13,11/26/24,1,S1,MAT522 / 11,GEOMETRY A,NINETTE LILIENTHAL,10,2027,C-,2.17 pts,4.71,,318,,Yes
13,11/26/24,3,S1,SCI601 / 13,BIOLOGY A,GRANT MERRILL,10,2027,F,1.13 pts,6.43,,318,,Yes
13,11/26/24,3,S1,BUS301 / 13,PERSONAL FINANCE A,NICOLE SIMEK,11,2026,A-,3.40 pts,2.71,,230,,Yes
13,11/26/24,4,S1,SOC701 / 14,US HISTORY/A,DAVE HAJEK,11,2026,B,3.12 pts,2.71,,230,,Yes
13,11/26/24,5,S1,ENG701 / 15,JUNIOR ENG/A,JOHN CARVER,11,2026,A,3.89 pts,2.71,,230,,Yes
13,11/26/24,4,S1,SCI601 / 14,BIOLOGY A,GRANT MERRILL,10,2027,C+,2.56 pts,4.71,,429,,Yes
13,11/26/24,2,S1,BUS301 / 12,PERSONAL FINANCE A,NICOLE SIMEK,12,2025,C,2.31 pts,17.29,,331,,Yes
13,11/26/24,2,S1,ENG601 / 12,SOPH ENG/A,KELLY GREGERSEN,10,2027,A,3.76 pts,0,,102,,Yes
13,11/26/24,3,S1,MAT522 / 13,GEOMETRY A,ROCHELLE AITON,10,2027,B+,3.28 pts,0,,102,,Yes
13,11/26/24,3,S1,MAT522 / 13,GEOMETRY A,NINETTE LILIENTHAL,10,2027,B+,3.28 pts,0,,102,,Yes
13,11/26/24,6,S1,SOC701 / 16,US HISTORY/A,SCOTT BOOTHBY,11,2026,C,2.27 pts,11,,134,,Yes
13,11/26/24,6,S1,MAT701 / 16,ALGEBRA II A,JASON BLAESING,11,2026,B+,3.21 pts,5.5,,112,,Yes
13,11/26/24,3,S1,MAT701 / 13,ALGEBRA II A,JENNIFER REILLY,11,2026,B+,3.37 pts,12.14,,207,,Yes
13,11/26/24,2,S1,SCI609 / 12,CHEMISTRY/A,GRANT MERRILL,11,2026,C+,2.68 pts,3.86,,86,,Yes
13,11/26/24,6,S1,SOC701 / 16,US HISTORY/A,SCOTT BOOTHBY,11,2026,B+,3.33 pts,4.71,,86,,Yes
13,11/26/24,2,S1,MAT701 / 12,ALGEBRA II A,JASON BLAESING,11,2026,C+,2.63 pts,10.86,,145,,Yes
13,11/26/24,2,S1,SCI609 / 12,CHEMISTRY/A,GRANT MERRILL,11,2026,B,2.92 pts,9.71,,242,,Yes
13,11/26/24,3,S1,BUS301 / 13,PERSONAL FINANCE A,NICOLE SIMEK,11,2026,A,4.00 pts,9.29,,242,,Yes
13,11/26/24,1,S1,MAT704 / 11,PRE-CALC A MAT 153,BRIAN ANDERSON,11,2026,B,3.00 pts,0,,151,,Yes
13,11/26/24,2,S1,MAT701 / 12,ALGEBRA II A,JASON BLAESING,11,2026,F,0.00 pts,29.67,,180,,Yes
13,11/26/24,4,S1,SOC701 / 14,US HISTORY/A,DAVE HAJEK,11,2026,D+,1.90 pts,6.29,,438,,Yes
13,11/26/24,6,S1,MAT701 / 16,ALGEBRA II A,JASON BLAESING,11,2026,A-,3.44 pts,1.14,,342,,Yes
13,11/26/24,6,S1,MAT701 / 16,ALGEBRA II A,JASON BLAESING,11,2026,C+,2.69 pts,6.07,,357,,Yes
13,11/26/24,3,S1,MAT701 / 13,ALGEBRA II A,JENNIFER REILLY,11,2026,C,2.25 pts,4,,339,,Yes
13,11/26/24,3,S1,MAT701 / 13,ALGEBRA II A,JENNIFER REILLY,11,2026,C,2.44 pts,4.76,,380,,Yes
13,11/26/24,6,S1,SOC701 / 16,US HISTORY/A,SCOTT BOOTHBY,11,2026,B,2.90 pts,5.38,,380,,Yes
13,11/26/24,2,S1,SCI609 / 12,CHEMISTRY/A,GRANT MERRILL,11,2026,C,2.42 pts,6,,282,,Yes
13,11/26/24,3,S1,MAT701 / 13,ALGEBRA II A,JENNIFER REILLY,11,2026,A-,3.57 pts,5.86,,282,,Yes
13,11/26/24,4,S1,SOC701 / 14,US HISTORY/A,DAVE HAJEK,11,2026,C-,2.11 pts,8.43,,282,,Yes
13,11/26/24,5,S1,ENG701 / 15,JUNIOR ENG/A,JOHN CARVER,11,2026,B,2.97 pts,8.43,,282,,Yes
13,11/26/24,2,S1,BUS301 / 12,PERSONAL FINANCE A,NICOLE SIMEK,11,2026,A,3.67 pts,7.43,,185,,Yes
13,11/26/24,4,S1,SOC701 / 14,US HISTORY/A,DAVE HAJEK,11,2026,A,3.66 pts,7.29,,185,,Yes
13,11/26/24,3,S1,MAT701 / 13,ALGEBRA II A,JENNIFER REILLY,11,2026,A-,3.45 pts,1.33,,103,,Yes
13,11/26/24,2,S1,MAT701 / 12,ALGEBRA II A,JASON BLAESING,11,2026,C,2.21 pts,4.29,,85,,Yes
13,11/26/24,6,S1,SOC701 / 16,US HISTORY/A,SCOTT BOOTHBY,11,2026,A,3.74 pts,4.57,,85,,Yes
13,11/26/24,1,S1,MAT704 / 11,PRE-CALC A MAT 153,BRIAN ANDERSON,11,2026,B+,3.24 pts,1.5,,95,,Yes
13,11/26/24,6,S1,MAT701 / 16,ALGEBRA II A,JASON BLAESING,11,2026,B-,2.88 pts,2.5,,50,,Yes
13,11/26/24,1,S1,MAT704 / 11,PRE-CALC A MAT 153,BRIAN ANDERSON,11,2026,B-,2.85 pts,1,,328,,Yes
13,11/26/24,6,S1,SOC701 / 16,US HISTORY/A,SCOTT BOOTHBY,11,2026,C,2.40 pts,3.43,,275,,Yes
13,11/26/24,1,S1,MAT704 / 11,PRE-CALC A MAT 153,BRIAN ANDERSON,11,2026,A-,3.55 pts,0,,409,,Yes
13,11/26/24,5,S1,ENG701 / 15,JUNIOR ENG/A,JOHN CARVER,11,2026,A,3.96 pts,0,,409,,Yes
13,11/26/24,3,S1,MAT701 / 13,ALGEBRA II A,JENNIFER REILLY,11,2026,B-,2.75 pts,6.14,,412,,Yes
13,11/26/24,6,S1,SOC701 / 16,US HISTORY/A,SCOTT BOOTHBY,11,2026,A,3.95 pts,2,,68,,Yes
13,11/26/24,3,S1,BUS301 / 13,PERSONAL FINANCE A,NICOLE SIMEK,11,2026,C+,2.64 pts,4,,267,,Yes
13,11/26/24,6,S1,SOC701 / 16,US HISTORY/A,SCOTT BOOTHBY,11,2026,F,1.63 pts,27.14,,147,,Yes
13,11/26/24,2,S1,BUS301 / 12,PERSONAL FINANCE A,NICOLE SIMEK,12,2025,F,0.85 pts,22,,73,,Yes
13,11/26/24,5,S1,ENG701 / 15,JUNIOR ENG/A,JOHN CARVER,11,2026,B+,3.20 pts,10.86,,218,,Yes
13,11/26/24,6,S1,SOC701 / 16,US HISTORY/A,SCOTT BOOTHBY,11,2026,F,1.55 pts,10.14,,218,,Yes
13,11/26/24,6,S1,MAT701 / 16,ALGEBRA II A,JASON BLAESING,11,2026,F,1.60 pts,10.71,,296,,Yes
13,11/26/24,2,S1,SCI609 / 12,CHEMISTRY/A,GRANT MERRILL,11,2026,A,3.77 pts,0,,100,,Yes
13,11/26/24,2,S1,MAT701 / 12,ALGEBRA II A,JASON BLAESING,11,2026,W,0.00 pts,16,,349,,Yes
13,11/26/24,5,S1,ENG701 / 15,JUNIOR ENG/A,JOHN CARVER,11,2026,W,2.27 pts,12,,349,,Yes
13,11/26/24,1,S1,MAT704 / 11,PRE-CALC A MAT 153,BRIAN ANDERSON,11,2026,C,2.21 pts,0.86,,138,,Yes
13,11/26/24,5,S1,ENG701 / 15,JUNIOR ENG/A,JOHN CARVER,11,2026,A,3.63 pts,2.71,,138,,Yes
13,11/26/24,2,S1,SCI609 / 12,CHEMISTRY/A,GRANT MERRILL,11,2026,C,2.46 pts,0,,158,,Yes
13,11/26/24,5,S1,ENG701 / 15,JUNIOR ENG/A,JOHN CARVER,11,2026,A,3.92 pts,0.43,,158,,Yes
13,11/26/24,3,S1,MAT701 / 13,ALGEBRA II A,JENNIFER REILLY,11,2026,C,2.48 pts,3.29,,406,,Yes
13,11/26/24,2,S1,MAT701 / 12,ALGEBRA II A,JASON BLAESING,11,2026,A-,3.44 pts,3.14,,262,,Yes
13,11/26/24,6,S1,SOC701 / 16,US HISTORY/A,SCOTT BOOTHBY,11,2026,C+,2.68 pts,3.86,,262,,Yes
13,11/26/24,1,S1,MAT704 / 11,PRE-CALC A MAT 153,BRIAN ANDERSON,11,2026,B-,2.87 pts,4,,263,,Yes
13,11/26/24,2,S1,ENG601 / 12,SOPH ENG/A,KELLY GREGERSEN,10,2027,B,3.18 pts,6.29,,77,,Yes
13,11/26/24,3,S1,SCI601 / 13,BIOLOGY A,GRANT MERRILL,10,2027,C+,2.62 pts,6.71,,77,,Yes
13,11/26/24,3,S1,SCI601 / 13,BIOLOGY A,GRANT MERRILL,10,2027,B+,3.35 pts,0,,126,,Yes
13,11/26/24,5,S1,MAT522 / 15,GEOMETRY A,BRIAN ANDERSON,10,2027,A,3.61 pts,0.29,,126,,Yes
13,11/26/24,2,S1,ENG601 / 12,SOPH ENG/A,KELLY GREGERSEN,10,2027,C,2.47 pts,7.71,,433,,Yes
13,11/26/24,4,S1,SCI601 / 14,BIOLOGY A,GRANT MERRILL,10,2027,F,0.50 pts,7.14,,433,,Yes
13,11/26/24,6,S1,ENG501 / 16,FR ENGLISH/A,DAVID HOLLINGSWORTH,9,2028,B-,2.78 pts,0.14,,183,,Yes
13,11/26/24,2,S1,MAT522 / 12,GEOMETRY A,ROCHELLE AITON,10,2027,C+,2.69 pts,4.86,,205,,Yes
13,11/26/24,2,S1,MAT522 / 12,GEOMETRY A,NINETTE LILIENTHAL,10,2027,C+,2.69 pts,4.86,,205,,Yes
13,11/26/24,3,S1,SCI601 / 13,BIOLOGY A,GRANT MERRILL,10,2027,C,2.45 pts,0,,226,,Yes
13,11/26/24,6,S1,MAT701 / 16,ALGEBRA II A,JASON BLAESING,10,2027,A,3.72 pts,1,,226,,Yes
13,11/26/24,2,S1,MAT701 / 12,ALGEBRA II A,JASON BLAESING,10,2027,A,3.99 pts,1.71,,237,,Yes
13,11/26/24,3,S1,SCI601 / 13,BIOLOGY A,GRANT MERRILL,10,2027,C+,2.64 pts,1.71,,237,,Yes
13,11/26/24,6,S1,ENG501 / 16,FR ENGLISH/A,DAVID HOLLINGSWORTH,9,2028,A,3.71 pts,1.14,,270,,Yes
13,11/26/24,4,S1,MAT522 / 14,GEOMETRY A,ROCHELLE AITON,10,2027,C+,2.53 pts,1,,443,,Yes
13,11/26/24,4,S1,MAT522 / 14,GEOMETRY A,NINETTE LILIENTHAL,10,2027,C+,2.53 pts,1,,443,,Yes
13,11/26/24,2,S1,MAT522 / 12,GEOMETRY A,ROCHELLE AITON,9,2028,A,3.68 pts,2.43,,393,,Yes
13,11/26/24,2,S1,MAT522 / 12,GEOMETRY A,NINETTE LILIENTHAL,9,2028,A,3.68 pts,2.43,,393,,Yes
13,11/26/24,6,S1,ENG501 / 16,FR ENGLISH/A,DAVID HOLLINGSWORTH,9,2028,,2.29 pts,4.29,,397,,Yes
13,11/26/24,3,S1,SCI601 / 13,BIOLOGY A,GRANT MERRILL,10,2027,C-,2.03 pts,3.86,,401,,Yes
13,11/26/24,5,S1,ENG601 / 15,SOPH ENG/A,MARCEE SALAS,10,2027,C+,2.60 pts,3.43,,401,,Yes
13,11/26/24,3,S1,MAT522 / 13,GEOMETRY A,ROCHELLE AITON,9,2028,C+,2.53 pts,16.86,,419,,Yes
13,11/26/24,3,S1,MAT522 / 13,GEOMETRY A,NINETTE LILIENTHAL,9,2028,C+,2.53 pts,16.86,,419,,Yes
13,11/26/24,3,S1,MAT522 / 13,GEOMETRY A,ROCHELLE AITON,10,2027,F,0.73 pts,8.29,,251,,Yes
13,11/26/24,3,S1,MAT522 / 13,GEOMETRY A,NINETTE LILIENTHAL,10,2027,F,0.73 pts,8.29,,251,,Yes
13,11/26/24,4,S1,SCI601 / 14,BIOLOGY A,GRANT MERRILL,10,2027,F,0.98 pts,8.57,,251,,Yes
13,11/26/24,6,S1,SOC701 / 16,US HISTORY/A,SCOTT BOOTHBY,11,2026,D+,1.93 pts,5.57,,356,,Yes
13,11/26/24,3,S1,SCI601 / 13,BIOLOGY A,GRANT MERRILL,10,2027,F,1.55 pts,1,,294,,Yes
13,11/26/24,6,S1,SCI601 / 36,BIOLOGY A,WILLIAM BAUR,10,2027,,,0,,294,,Yes
13,11/26/24,2,S1,MAT522 / 12,GEOMETRY A,ROCHELLE AITON,10,2027,C-,2.17 pts,2,,84,,Yes
13,11/26/24,2,S1,MAT522 / 12,GEOMETRY A,NINETTE LILIENTHAL,10,2027,C-,2.17 pts,2,,84,,Yes
13,11/26/24,1,S1,MAT522 / 11,GEOMETRY A,ROCHELLE AITON,10,2027,F,0.98 pts,10.29,,72,,Yes
13,11/26/24,1,S1,MAT522 / 11,GEOMETRY A,NINETTE LILIENTHAL,10,2027,F,0.98 pts,10.29,,72,,Yes
13,11/26/24,5,S1,ENG601 / 15,SOPH ENG/A,MARCEE SALAS,10,2027,B,2.99 pts,8.86,,72,,Yes
13,11/26/24,3,S1,SCI601 / 13,BIOLOGY A,GRANT MERRILL,10,2027,B-,2.81 pts,1.43,,57,,Yes
13,11/26/24,4,S1,MAT522 / 14,GEOMETRY A,ROCHELLE AITON,10,2027,A,3.90 pts,0,,452,,Yes
13,11/26/24,4,S1,MAT522 / 14,GEOMETRY A,NINETTE LILIENTHAL,10,2027,A,3.90 pts,0,,452,,Yes
13,11/26/24,4,S1,MAT522 / 14,GEOMETRY A,ROCHELLE AITON,10,2027,F,0.70 pts,11,,446,,Yes
13,11/26/24,4,S1,MAT522 / 14,GEOMETRY A,NINETTE LILIENTHAL,10,2027,F,0.70 pts,11,,446,,Yes
13,11/26/24,2,S1,ENG601 / 12,SOPH ENG/A,KELLY GREGERSEN,10,2027,F,0.36 pts,13.43,,309,,Yes
13,11/26/24,4,S1,SCI601 / 14,BIOLOGY A,GRANT MERRILL,10,2027,F,0.84 pts,11.29,,309,,Yes
13,11/26/24,5,S1,MAT522 / 15,GEOMETRY A,BRIAN ANDERSON,10,2027,F,0.01 pts,8.29,,309,,Yes
13,11/26/24,5,S1,MAT522 / 15,GEOMETRY A,BRIAN ANDERSON,10,2027,B+,3.35 pts,0,,199,,Yes
13,11/26/24,2,S1,MAT701 / 12,ALGEBRA II A,JASON BLAESING,11,2026,C,2.49 pts,2,,113,,Yes
13,11/26/24,3,S1,SCI601 / 13,BIOLOGY A,GRANT MERRILL,10,2027,A-,3.54 pts,0.86,,140,,Yes
13,11/26/24,2,S1,MAT522 / 12,GEOMETRY A,ROCHELLE AITON,10,2027,C,2.46 pts,1,,238,,Yes
13,11/26/24,2,S1,MAT522 / 12,GEOMETRY A,NINETTE LILIENTHAL,10,2027,C,2.46 pts,1,,238,,Yes
13,11/26/24,5,S1,ENG601 / 15,SOPH ENG/A,MARCEE SALAS,10,2027,C+,2.54 pts,1,,238,,Yes
13,11/26/24,6,S1,SCI601 / 36,BIOLOGY A,WILLIAM BAUR,10,2027,A-,3.50 pts,1,,238,,Yes
13,11/26/24,1,S1,MAT704 / 11,PRE-CALC A MAT 153,BRIAN ANDERSON,11,2026,B,3.09 pts,8,,292,,Yes
13,11/26/24,4,S1,SCI601 / 14,BIOLOGY A,GRANT MERRILL,10,2027,C,2.48 pts,1,,453,,Yes
13,11/26/24,2,S1,MAT522 / 12,GEOMETRY A,ROCHELLE AITON,10,2027,B,2.95 pts,0,,291,,Yes
13,11/26/24,2,S1,MAT522 / 12,GEOMETRY A,NINETTE LILIENTHAL,10,2027,B,2.95 pts,0,,291,,Yes
13,11/26/24,3,S1,SCI601 / 13,BIOLOGY A,GRANT MERRILL,10,2027,D,1.73 pts,0,,291,,Yes
13,11/26/24,3,S1,SCI601 / 13,BIOLOGY A,GRANT MERRILL,10,2027,F,0.20 pts,20.43,,293,,Yes
13,11/26/24,4,S1,MAT522 / 14,GEOMETRY A,ROCHELLE AITON,10,2027,D,1.65 pts,19.71,,293,,Yes
13,11/26/24,4,S1,MAT522 / 14,GEOMETRY A,NINETTE LILIENTHAL,10,2027,D,1.65 pts,19.71,,293,,Yes
13,11/26/24,5,S1,MAT522 / 15,GEOMETRY A,BRIAN ANDERSON,10,2027,B-,2.85 pts,0,,421,,Yes
13,11/26/24,6,S1,SCI601 / 16,BIOLOGY A,GRANT MERRILL,10,2027,F,1.28 pts,0,,421,,Yes
13,11/26/24,1,S1,MAT704 / 11,PRE-CALC A MAT 153,BRIAN ANDERSON,10,2027,B,3.17 pts,2.14,,304,,Yes
13,11/26/24,2,S1,MAT522 / 12,GEOMETRY A,ROCHELLE AITON,10,2027,C-,2.16 pts,2.43,,414,,Yes
13,11/26/24,2,S1,MAT522 / 12,GEOMETRY A,NINETTE LILIENTHAL,10,2027,C-,2.16 pts,2.43,,414,,Yes
13,11/26/24,5,S1,ENG601 / 15,SOPH ENG/A,MARCEE SALAS,10,2027,B-,2.89 pts,2,,414,,Yes
13,11/26/24,6,S1,SCI601 / 36,BIOLOGY A,WILLIAM BAUR,10,2027,B+,3.23 pts,2.14,,414,,Yes
13,11/26/24,1,S1,MAT522 / 11,GEOMETRY A,ROCHELLE AITON,10,2027,A,3.66 pts,0,,389,,Yes
13,11/26/24,1,S1,MAT522 / 11,GEOMETRY A,NINETTE LILIENTHAL,10,2027,A,3.66 pts,0,,389,,Yes
13,11/26/24,3,S1,SCI601 / 13,BIOLOGY A,GRANT MERRILL,10,2027,B,3.17 pts,0,,389,,Yes
13,11/26/24,1,S1,MAT522 / 11,GEOMETRY A,ROCHELLE AITON,10,2027,B+,3.29 pts,1,,301,,Yes
13,11/26/24,1,S1,MAT522 / 11,GEOMETRY A,NINETTE LILIENTHAL,10,2027,B+,3.29 pts,1,,301,,Yes
13,11/26/24,4,S1,SCI601 / 14,BIOLOGY A,GRANT MERRILL,10,2027,C,2.44 pts,0.43,,428,,Yes
13,11/26/24,5,S1,MAT522 / 15,GEOMETRY A,BRIAN ANDERSON,10,2027,A,3.74 pts,0.57,,303,,Yes
13,11/26/24,4,S1,MAT522 / 14,GEOMETRY A,ROCHELLE AITON,10,2027,D+,1.82 pts,14,,221,,Yes
13,11/26/24,4,S1,MAT522 / 14,GEOMETRY A,NINETTE LILIENTHAL,10,2027,D+,1.82 pts,14,,221,,Yes
13,11/26/24,5,S1,ENG601 / 15,SOPH ENG/A,MARCEE SALAS,10,2027,C,2.22 pts,14,,221,,Yes
13,11/26/24,4,S1,MAT522 / 14,GEOMETRY A,ROCHELLE AITON,10,2027,B-,2.77 pts,0,,460,,Yes
13,11/26/24,4,S1,MAT522 / 14,GEOMETRY A,NINETTE LILIENTHAL,10,2027,B-,2.77 pts,0,,460,,Yes
13,11/26/24,1,S1,MAT522 / 11,GEOMETRY A,ROCHELLE AITON,10,2027,F,1.58 pts,5.14,,83,,Yes
13,11/26/24,1,S1,MAT522 / 11,GEOMETRY A,NINETTE LILIENTHAL,10,2027,F,1.58 pts,5.14,,83,,Yes
13,11/26/24,4,S1,SCI601 / 14,BIOLOGY A,GRANT MERRILL,10,2027,D,1.70 pts,1,,455,,Yes
13,11/26/24,2,S1,MAT701 / 12,ALGEBRA II A,JASON BLAESING,10,2027,B,3.17 pts,0,,109,,Yes
13,11/26/24,3,S1,MAT522 / 13,GEOMETRY A,ROCHELLE AITON,10,2027,B-,2.71 pts,0,,99,,Yes
13,11/26/24,3,S1,MAT522 / 13,GEOMETRY A,NINETTE LILIENTHAL,10,2027,B-,2.71 pts,0,,99,,Yes
13,11/26/24,2,S1,MAT522 / 12,GEOMETRY A,ROCHELLE AITON,10,2027,F,1.62 pts,7.71,,256,,Yes
13,11/26/24,2,S1,MAT522 / 12,GEOMETRY A,NINETTE LILIENTHAL,10,2027,F,1.62 pts,7.71,,256,,Yes
13,11/26/24,6,S1,SCI601 / 16,BIOLOGY A,GRANT MERRILL,10,2027,F,0.98 pts,10,,256,,Yes
13,11/26/24,4,S1,MAT522 / 14,GEOMETRY A,ROCHELLE AITON,10,2027,A-,3.42 pts,0.14,,310,,Yes
13,11/26/24,4,S1,MAT522 / 14,GEOMETRY A,NINETTE LILIENTHAL,10,2027,A-,3.42 pts,0.14,,310,,Yes
13,11/26/24,6,S1,SCI601 / 16,BIOLOGY A,GRANT MERRILL,10,2027,F,1.29 pts,0.29,,310,,Yes
13,11/26/24,6,S1,MAT701 / 16,ALGEBRA II A,JASON BLAESING,10,2027,B,3.05 pts,1.86,,89,,Yes
13,11/26/24,2,S1,MAT522 / 12,GEOMETRY A,ROCHELLE AITON,10,2027,F,1.59 pts,3.57,,175,,Yes
13,11/26/24,2,S1,MAT522 / 12,GEOMETRY A,NINETTE LILIENTHAL,10,2027,F,1.59 pts,3.57,,175,,Yes
13,11/26/24,6,S1,SCI601 / 16,BIOLOGY A,GRANT MERRILL,10,2027,F,1.44 pts,3.29,,175,,Yes
13,11/26/24,3,S1,SCI601 / 13,BIOLOGY A,GRANT MERRILL,10,2027,F,1.53 pts,6.14,,372,,Yes
13,11/26/24,5,S1,MAT522 / 15,GEOMETRY A,BRIAN ANDERSON,10,2027,F,1.63 pts,7.29,,372,,Yes
13,11/26/24,5,S1,MAT522 / 15,GEOMETRY A,BRIAN ANDERSON,10,2027,D+,1.84 pts,7.29,,390,,Yes
13,11/26/24,2,S1,ENG601 / 12,SOPH ENG/A,KELLY GREGERSEN,10,2027,F,1.61 pts,10.86,,48,,Yes
13,11/26/24,3,S1,SCI601 / 13,BIOLOGY A,GRANT MERRILL,10,2027,F,1.09 pts,10.86,,48,,Yes
13,11/26/24,5,S1,MAT522 / 15,GEOMETRY A,BRIAN ANDERSON,10,2027,C,2.43 pts,10.86,,48,,Yes
13,11/26/24,3,S1,MAT522 / 13,GEOMETRY A,ROCHELLE AITON,10,2027,C,2.36 pts,3.71,,382,,Yes
13,11/26/24,3,S1,MAT522 / 13,GEOMETRY A,NINETTE LILIENTHAL,10,2027,C,2.36 pts,3.71,,382,,Yes
13,11/26/24,2,S1,SCI609 / 12,CHEMISTRY/A,GRANT MERRILL,11,2026,C+,2.57 pts,1.83,,60,,Yes
13,11/26/24,3,S1,MAT701 / 13,ALGEBRA II A,JENNIFER REILLY,11,2026,A,3.99 pts,1.83,,60,,Yes
13,11/26/24,5,S1,MAT522 / 15,GEOMETRY A,BRIAN ANDERSON,10,2027,F,1.60 pts,5,,59,,Yes
13,11/26/24,4,S1,SCI601 / 14,BIOLOGY A,GRANT MERRILL,10,2027,C-,2.10 pts,4,,169,,Yes
13,11/26/24,5,S1,MAT522 / 15,GEOMETRY A,BRIAN ANDERSON,10,2027,D+,1.99 pts,4,,169,,Yes
13,11/26/24,4,S1,MAT522 / 14,GEOMETRY A,ROCHELLE AITON,10,2027,B-,2.75 pts,0.57,,454,,Yes
13,11/26/24,4,S1,MAT522 / 14,GEOMETRY A,NINETTE LILIENTHAL,10,2027,B-,2.75 pts,0.57,,454,,Yes
13,11/26/24,3,S1,SCI601 / 13,BIOLOGY A,GRANT MERRILL,10,2027,F,0.41 pts,4,,402,,Yes
13,11/26/24,5,S1,MAT522 / 15,GEOMETRY A,BRIAN ANDERSON,10,2027,F,0.75 pts,4.43,,402,,Yes
13,11/26/24,6,S1,SCI601 / 16,BIOLOGY A,GRANT MERRILL,10,2027,D+,1.83 pts,1.71,,144,,Yes
13,11/26/24,3,S1,MAT522 / 13,GEOMETRY A,ROCHELLE AITON,11,2026,D+,1.86 pts,8.57,,214,,Yes
13,11/26/24,3,S1,MAT522 / 13,GEOMETRY A,NINETTE LILIENTHAL,11,2026,D+,1.86 pts,8.57,,214,,Yes
13,11/26/24,5,S1,ENG701 / 15,JUNIOR ENG/A,JOHN CARVER,11,2026,C,2.28 pts,8.86,,214,,Yes
13,11/26/24,3,S1,MAT522 / 13,GEOMETRY A,ROCHELLE AITON,10,2027,F,0.24 pts,21.14,,360,,Yes
13,11/26/24,3,S1,MAT522 / 13,GEOMETRY A,NINETTE LILIENTHAL,10,2027,F,0.24 pts,21.14,,360,,Yes
13,11/26/24,6,S1,SCI601 / 16,BIOLOGY A,GRANT MERRILL,10,2027,F,0.50 pts,23.29,,360,,Yes
13,11/26/24,5,S1,ENG601 / 15,SOPH ENG/A,MARCEE SALAS,10,2027,C-,2.11 pts,3.29,,139,,Yes
13,11/26/24,2,S1,SCI609 / 12,CHEMISTRY/A,GRANT MERRILL,12,2025,,1.04 pts,0,,197,,Yes
13,11/26/24,3,S1,MAT701 / 13,ALGEBRA II A,JENNIFER REILLY,10,2027,B,2.93 pts,0,,405,,Yes
13,11/26/24,5,S1,ENG601 / 15,SOPH ENG/A,MARCEE SALAS,10,2027,B-,2.79 pts,0,,405,,Yes
13,11/26/24,6,S1,SCI601 / 16,BIOLOGY A,GRANT MERRILL,10,2027,F,1.09 pts,0.14,,405,,Yes
13,11/26/24,3,S1,SCI601 / 13,BIOLOGY A,GRANT MERRILL,10,2027,F,1.10 pts,7.86,,333,,Yes
13,11/26/24,5,S1,MAT522 / 15,GEOMETRY A,BRIAN ANDERSON,10,2027,C,2.36 pts,10.14,,340,,Yes
13,11/26/24,6,S1,SCI601 / 36,BIOLOGY A,WILLIAM BAUR,10,2027,D+,1.99 pts,10.29,,340,,Yes
13,11/26/24,1,S1,MAT522 / 11,GEOMETRY A,ROCHELLE AITON,10,2027,C-,2.10 pts,0.86,,132,,Yes
13,11/26/24,1,S1,MAT522 / 11,GEOMETRY A,NINETTE LILIENTHAL,10,2027,C-,2.10 pts,0.86,,132,,Yes
13,11/26/24,2,S1,ENG601 / 12,SOPH ENG/A,KELLY GREGERSEN,10,2027,C,2.36 pts,0.86,,132,,Yes
13,11/26/24,3,S1,SCI601 / 13,BIOLOGY A,GRANT MERRILL,10,2027,F,1.13 pts,0.86,,132,,Yes
13,11/26/24,2,S1,ENG601 / 12,SOPH ENG/A,KELLY GREGERSEN,10,2027,D+,1.81 pts,1,,404,,Yes
13,11/26/24,3,S1,MAT522 / 13,GEOMETRY A,ROCHELLE AITON,10,2027,B-,2.71 pts,1.57,,404,,Yes
13,11/26/24,3,S1,MAT522 / 13,GEOMETRY A,NINETTE LILIENTHAL,10,2027,B-,2.71 pts,1.57,,404,,Yes
13,11/26/24,4,S1,SCI601 / 14,BIOLOGY A,GRANT MERRILL,10,2027,C,2.34 pts,1.57,,404,,Yes
13,11/26/24,1,S1,MAT522 / 11,GEOMETRY A,ROCHELLE AITON,10,2027,F,0.87 pts,8.71,,273,,Yes
13,11/26/24,1,S1,MAT522 / 11,GEOMETRY A,NINETTE LILIENTHAL,10,2027,F,0.87 pts,8.71,,273,,Yes
13,11/26/24,5,S1,ENG601 / 15,SOPH ENG/A,MARCEE SALAS,10,2027,F,1.58 pts,7.14,,273,,Yes
13,11/26/24,6,S1,SCI601 / 36,BIOLOGY A,WILLIAM BAUR,10,2027,D,1.73 pts,5.71,,273,,Yes
13,11/26/24,2,S1,MAT701 / 12,ALGEBRA II A,JASON BLAESING,11,2026,B,3.19 pts,6.14,,167,,Yes
13,11/26/24,6,S1,SOC701 / 16,US HISTORY/A,SCOTT BOOTHBY,11,2026,F,0.79 pts,4.71,,167,,Yes
13,11/26/24,3,S1,MAT522 / 13,GEOMETRY A,ROCHELLE AITON,10,2027,C,2.36 pts,2,,236,,Yes
13,11/26/24,3,S1,MAT522 / 13,GEOMETRY A,NINETTE LILIENTHAL,10,2027,C,2.36 pts,2,,236,,Yes
13,11/26/24,4,S1,SCI601 / 14,BIOLOGY A,GRANT MERRILL,10,2027,D+,1.99 pts,2.29,,236,,Yes
13,11/26/24,5,S1,ENG601 / 15,SOPH ENG/A,MARCEE SALAS,10,2027,C+,2.51 pts,2,,236,,Yes
13,11/26/24,2,S1,ENG601 / 12,SOPH ENG/A,KELLY GREGERSEN,10,2027,B-,2.76 pts,3.43,,235,,Yes
13,11/26/24,4,S1,SCI601 / 14,BIOLOGY A,GRANT MERRILL,10,2027,F,1.61 pts,6.29,,445,,Yes
13,11/26/24,1,S1,MAT704 / 11,PRE-CALC A MAT 153,BRIAN ANDERSON,12,2025,C,2.30 pts,4,,325,,Yes
13,11/26/24,2,S1,BUS301 / 12,PERSONAL FINANCE A,NICOLE SIMEK,12,2025,A,3.99 pts,3.14,,325,,Yes
13,11/26/24,3,S1,MAT701 / 13,ALGEBRA II A,JENNIFER REILLY,10,2027,C+,2.51 pts,6.71,,130,,Yes
13,11/26/24,5,S1,ENG601 / 15,SOPH ENG/A,MARCEE SALAS,10,2027,B,3.14 pts,6.71,,130,,Yes
13,11/26/24,5,S1,ENG701 / 15,JUNIOR ENG/A,JOHN CARVER,11,2026,A,3.99 pts,1,,266,,Yes
13,11/26/24,6,S1,SOC701 / 16,US HISTORY/A,SCOTT BOOTHBY,11,2026,A,3.75 pts,1.43,,266,,Yes
13,11/26/24,2,S1,MAT522 / 12,GEOMETRY A,ROCHELLE AITON,10,2027,B-,2.70 pts,1,,173,,Yes
13,11/26/24,2,S1,MAT522 / 12,GEOMETRY A,NINETTE LILIENTHAL,10,2027,B-,2.70 pts,1,,173,,Yes
13,11/26/24,6,S1,SCI601 / 36,BIOLOGY A,WILLIAM BAUR,10,2027,A,3.76 pts,1.43,,173,,Yes
13,11/26/24,2,S1,ENG601 / 12,SOPH ENG/A,KELLY GREGERSEN,10,2027,F,0.60 pts,8.14,,249,,Yes
13,11/26/24,5,S1,MAT522 / 15,GEOMETRY A,BRIAN ANDERSON,10,2027,F,1.11 pts,5.29,,249,,Yes
13,11/26/24,6,S1,SCI601 / 16,BIOLOGY A,GRANT MERRILL,10,2027,F,0.89 pts,6,,249,,Yes
13,11/26/24,1,S1,MAT704 / 11,PRE-CALC A MAT 153,BRIAN ANDERSON,11,2026,C,2.31 pts,0,,71,,Yes
13,11/26/24,6,S1,SOC701 / 16,US HISTORY/A,SCOTT BOOTHBY,11,2026,B,3.02 pts,0,,71,,Yes
13,11/26/24,2,S1,MAT522 / 12,GEOMETRY A,ROCHELLE AITON,10,2027,C,2.49 pts,3.57,,88,,Yes
13,11/26/24,2,S1,MAT522 / 12,GEOMETRY A,NINETTE LILIENTHAL,10,2027,C,2.49 pts,3.57,,88,,Yes
13,11/26/24,5,S1,ENG601 / 15,SOPH ENG/A,MARCEE SALAS,10,2027,B-,2.77 pts,3.29,,88,,Yes
13,11/26/24,6,S1,SCI601 / 16,BIOLOGY A,GRANT MERRILL,10,2027,F,1.15 pts,3.29,,88,,Yes
13,11/26/24,3,S1,BUS301 / 13,PERSONAL FINANCE A,NICOLE SIMEK,12,2025,A,3.76 pts,2.29,,367,,Yes
13,11/26/24,6,S1,SCI601 / 36,BIOLOGY A,WILLIAM BAUR,10,2027,D+,1.94 pts,0.86,,417,,Yes
13,11/26/24,2,S1,SCI609 / 12,CHEMISTRY/A,GRANT MERRILL,11,2026,F,1.53 pts,10.86,,55,,Yes
13,11/26/24,6,S1,MAT701 / 16,ALGEBRA II A,JASON BLAESING,11,2026,D,1.73 pts,11.29,,55,,Yes
13,11/26/24,2,S1,SCI609 / 12,CHEMISTRY/A,GRANT MERRILL,11,2026,B-,2.83 pts,0,,388,,Yes
13,11/26/24,2,S1,SCI609 / 12,CHEMISTRY/A,GRANT MERRILL,11,2026,B,3.10 pts,1,,387,,Yes
13,11/26/24,3,S1,MAT701 / 13,ALGEBRA II A,JENNIFER REILLY,11,2026,A,3.65 pts,1.43,,387,,Yes
13,11/26/24,3,S1,MAT522 / 13,GEOMETRY A,ROCHELLE AITON,9,2028,A,3.68 pts,4,,281,,Yes
13,11/26/24,3,S1,MAT522 / 13,GEOMETRY A,NINETTE LILIENTHAL,9,2028,A,3.68 pts,4,,281,,Yes
13,11/26/24,6,S1,ENG501 / 16,FR ENGLISH/A,DAVID HOLLINGSWORTH,9,2028,A,4.00 pts,4.43,,295,,Yes
13,11/26/24,3,S1,MAT522 / 13,GEOMETRY A,ROCHELLE AITON,9,2028,A-,3.58 pts,7.71,,306,,Yes
13,11/26/24,3,S1,MAT522 / 13,GEOMETRY A,NINETTE LILIENTHAL,9,2028,A-,3.58 pts,7.71,,306,,Yes
13,11/26/24,6,S1,ENG501 / 16,FR ENGLISH/A,DAVID HOLLINGSWORTH,9,2028,B,2.90 pts,8.29,,306,,Yes
13,11/26/24,3,S1,MAT522 / 13,GEOMETRY A,ROCHELLE AITON,9,2028,A,3.72 pts,0,,348,,Yes
13,11/26/24,3,S1,MAT522 / 13,GEOMETRY A,NINETTE LILIENTHAL,9,2028,A,3.72 pts,0,,348,,Yes
13,11/26/24,2,S1,MAT522 / 12,GEOMETRY A,ROCHELLE AITON,9,2028,W,0.95 pts,2.14,,378,,Yes
13,11/26/24,2,S1,MAT522 / 12,GEOMETRY A,NINETTE LILIENTHAL,9,2028,W,0.95 pts,2.14,,378,,Yes
13,11/26/24,4,S1,MAT522 / 14,GEOMETRY A,ROCHELLE AITON,9,2028,B-,2.85 pts,0.86,,450,,Yes
13,11/26/24,4,S1,MAT522 / 14,GEOMETRY A,NINETTE LILIENTHAL,9,2028,B-,2.85 pts,0.86,,450,,Yes
13,11/26/24,3,S1,MAT522 / 13,GEOMETRY A,ROCHELLE AITON,9,2028,A-,3.44 pts,9.29,,302,,Yes
13,11/26/24,3,S1,MAT522 / 13,GEOMETRY A,NINETTE LILIENTHAL,9,2028,A-,3.44 pts,9.29,,302,,Yes
13,11/26/24,6,S1,ENG501 / 16,FR ENGLISH/A,DAVID HOLLINGSWORTH,9,2028,A-,3.54 pts,9.86,,302,,Yes
13,11/26/24,2,S1,MAT522 / 12,GEOMETRY A,ROCHELLE AITON,9,2028,A,3.86 pts,0.43,,228,,Yes
13,11/26/24,2,S1,MAT522 / 12,GEOMETRY A,NINETTE LILIENTHAL,9,2028,A,3.86 pts,0.43,,228,,Yes
13,11/26/24,5,S1,MAT522 / 15,GEOMETRY A,BRIAN ANDERSON,9,2028,B+,3.39 pts,3.57,,369,,Yes
13,11/26/24,5,S1,MAT522 / 15,GEOMETRY A,BRIAN ANDERSON,10,2027,B+,3.25 pts,4.71,,203,,Yes
13,11/26/24,5,S1,MAT522 / 15,GEOMETRY A,BRIAN ANDERSON,10,2027,A-,3.48 pts,3.71,,80,,Yes
13,11/26/24,5,S1,MAT522 / 15,GEOMETRY A,BRIAN ANDERSON,10,2027,B,2.98 pts,8.71,,252,,Yes
13,11/26/24,6,S1,SCI601 / 16,BIOLOGY A,GRANT MERRILL,10,2027,D+,1.81 pts,8.71,,252,,Yes
13,11/26/24,6,S1,SOC701 / 16,US HISTORY/A,SCOTT BOOTHBY,11,2026,F,0.91 pts,21.43,,187,,Yes
13,11/26/24,6,S1,ENG501 / 16,FR ENGLISH/A,DAVID HOLLINGSWORTH,9,2028,A,3.76 pts,0,,111,,Yes
13,11/26/24,1,S1,MAT522 / 11,GEOMETRY A,ROCHELLE AITON,9,2028,A-,3.59 pts,1.29,,219,,Yes
13,11/26/24,1,S1,MAT522 / 11,GEOMETRY A,NINETTE LILIENTHAL,9,2028,A-,3.59 pts,1.29,,219,,Yes
13,11/26/24,6,S1,ENG501 / 16,FR ENGLISH/A,DAVID HOLLINGSWORTH,9,2028,C,2.42 pts,0.14,,464,,Yes
13,11/26/24,6,S1,SOC701 / 16,US HISTORY/A,SCOTT BOOTHBY,11,2026,B,3.19 pts,4,,250,,Yes
13,11/26/24,6,S1,ENG501 / 16,FR ENGLISH/A,DAVID HOLLINGSWORTH,9,2028,B,2.97 pts,22.29,,243,,Yes
13,11/26/24,2,S1,SCI609 / 12,CHEMISTRY/A,GRANT MERRILL,11,2026,D,1.71 pts,7.14,,368,,Yes
13,11/26/24,6,S1,SOC701 / 16,US HISTORY/A,SCOTT BOOTHBY,11,2026,D+,1.93 pts,3.29,,368,,Yes
13,11/26/24,4,S1,MAT522 / 14,GEOMETRY A,ROCHELLE AITON,10,2027,C+,2.67 pts,4.86,,171,,Yes
13,11/26/24,4,S1,MAT522 / 14,GEOMETRY A,NINETTE LILIENTHAL,10,2027,C+,2.67 pts,4.86,,171,,Yes
13,11/26/24,6,S1,SCI601 / 36,BIOLOGY A,WILLIAM BAUR,10,2027,C,2.24 pts,5.57,,171,,Yes
13,11/26/24,6,S1,ENG501 / 16,FR ENGLISH/A,DAVID HOLLINGSWORTH,9,2028,A,3.72 pts,5.14,,285,,Yes
13,11/26/24,3,S1,MAT522 / 13,GEOMETRY A,ROCHELLE AITON,9,2028,B,3.03 pts,2,,261,,Yes
13,11/26/24,3,S1,MAT522 / 13,GEOMETRY A,NINETTE LILIENTHAL,9,2028,B,3.03 pts,2,,261,,Yes
13,11/26/24,4,S1,MAT522 / 14,GEOMETRY A,ROCHELLE AITON,10,2027,A-,3.45 pts,0.29,,440,,Yes
13,11/26/24,4,S1,MAT522 / 14,GEOMETRY A,NINETTE LILIENTHAL,10,2027,A-,3.45 pts,0.29,,440,,Yes
13,11/26/24,2,S1,MAT522 / 12,GEOMETRY A,ROCHELLE AITON,10,2027,D+,1.99 pts,8.71,,159,,Yes
13,11/26/24,2,S1,MAT522 / 12,GEOMETRY A,NINETTE LILIENTHAL,10,2027,D+,1.99 pts,8.71,,159,,Yes
13,11/26/24,3,S1,SCI601 / 13,BIOLOGY A,GRANT MERRILL,10,2027,F,0.58 pts,8.43,,159,,Yes
13,11/26/24,5,S1,ENG601 / 15,SOPH ENG/A,MARCEE SALAS,10,2027,B,3.12 pts,8.29,,159,,Yes
13,11/26/24,5,S1,ENG701 / 15,JUNIOR ENG/A,JOHN CARVER,11,2026,B,2.90 pts,6.71,,91,,Yes
13,11/26/24,2,S1,MAT701 / 12,ALGEBRA II A,JASON BLAESING,11,2026,B+,3.25 pts,5.29,,319,,Yes
13,11/26/24,4,S1,SCI601 / 14,BIOLOGY A,GRANT MERRILL,10,2027,B,3.04 pts,3,,431,,Yes
13,11/26/24,2,S1,ENG601 / 12,SOPH ENG/A,KELLY GREGERSEN,10,2027,F,0.65 pts,12.29,,317,,Yes
13,11/26/24,3,S1,MAT522 / 13,GEOMETRY A,ROCHELLE AITON,10,2027,C-,2.05 pts,11.86,,317,,Yes
13,11/26/24,3,S1,MAT522 / 13,GEOMETRY A,NINETTE LILIENTHAL,10,2027,C-,2.05 pts,11.86,,317,,Yes
13,11/26/24,5,S1,MAT522 / 15,GEOMETRY A,BRIAN ANDERSON,10,2027,A,3.75 pts,0,,359,,Yes
13,11/26/24,1,S1,MAT704 / 11,PRE-CALC A MAT 153,BRIAN ANDERSON,11,2026,,0.00 pts,0.14,,277,,Yes
13,11/26/24,6,S1,SOC701 / 16,US HISTORY/A,SCOTT BOOTHBY,11,2026,C+,2.56 pts,5.71,,277,,Yes
13,11/26/24,1,S1,MAT704 / 11,PRE-CALC A MAT 153,BRIAN ANDERSON,12,2025,F,1.50 pts,8,,395,,Yes
13,11/26/24,4,S1,SOC701 / 14,US HISTORY/A,DAVE HAJEK,11,2026,A,3.65 pts,1.14,,459,,Yes
13,11/26/24,5,S1,MAT522 / 15,GEOMETRY A,BRIAN ANDERSON,10,2027,C+,2.54 pts,7,,190,,Yes
13,11/26/24,6,S1,SCI601 / 16,BIOLOGY A,GRANT MERRILL,10,2027,C,2.25 pts,6.43,,190,,Yes
13,11/26/24,1,S1,ENG701 / 11,JUNIOR ENG/A,JOHN CARVER,11,2026,D,1.66 pts,20.79,,1,,#N/A
13,11/26/24,2,S1,PED500 / 12,WEIGHT TRAINING,SCOTT BOOTHBY,11,2026,C-,2.00 pts,18.64,,1,,#N/A
13,11/26/24,3,S1,MAT701 / 13,ALGEBRA II A,JENNIFER REILLY,11,2026,F,0.81 pts,18.5,,1,,Yes
13,11/26/24,4,S1,CTE114 / 14,ENGINEERING A,JASON BLAESING,11,2026,F,1.56 pts,19,,1,,#N/A
13,11/26/24,5,S1,SOC701 / 15,US HISTORY/A,DAVE HAJEK,11,2026,F,0.07 pts,19.29,,1,,#N/A
13,11/26/24,6,S1,FAR604 / 16,SCENE DESIGN,KELLY GREGERSEN,11,2026,C-,2.02 pts,19.14,,1,,#N/A
13,11/26/24,1,S1,CTA101 / 11,CTA S1,MARK CASTLE,11,2026,,,0,,3,,#N/A
13,11/26/24,2,S1,CTA101 / 11,CTA S1,MARK CASTLE,11,2026,,,0,,3,,#N/A
13,11/26/24,3,S1,CTA101 / 11,CTA S1,MARK CASTLE,11,2026,,,0,,3,,#N/A
13,11/26/24,4,S1,MAT701 / 14,ALGEBRA II A,JENNIFER REILLY,11,2026,C,2.20 pts,1,,3,,#N/A
13,11/26/24,5,S1,ASL503 / 15,AMERICAN SIGN LANGUAGE II/A,TAMI GRANT,11,2026,A,3.92 pts,1,,3,,#N/A
13,11/26/24,6,S1,ENG701 / 16,JUNIOR ENG/A,JOHN CARVER,11,2026,A-,3.52 pts,1.33,,3,,#N/A
13,11/26/24,1,S1,FAR505 / 11,CONCERT CHOIR/A,DAVID DUARTE,10,2027,A,3.95 pts,4.14,,4,,#N/A
13,11/26/24,2,S1,SPA501 / 12,SPANISH 1 A,ROCHELLE AITON,10,2027,A,3.77 pts,2.57,,4,,#N/A
13,11/26/24,3,S1,SOC108 / 13,WORLD HISTORY/A,RYAN ISAACSON,10,2027,B,2.93 pts,2.43,,4,,#N/A
13,11/26/24,4,S1,SCI601 / 14,BIOLOGY A,GRANT MERRILL,10,2027,D,1.70 pts,4.57,,4,,Yes
13,11/26/24,5,S1,ENG601 / 15,SOPH ENG/A,MARCEE SALAS,10,2027,C-,2.17 pts,2.86,,4,,Yes
13,11/26/24,6,S1,MAT522 / 36,GEOMETRY A,ROCHELLE AITON,10,2027,C-,2.05 pts,3,,4,,#N/A
13,11/26/24,6,S1,MAT522 / 36,GEOMETRY A,NINETTE LILIENTHAL,10,2027,C-,2.05 pts,3,,4,,#N/A
13,11/26/24,1,S1,VOC705 / 11,DIGITAL PHOTOGRAPHY I,ROSANNA RUFF,11,2026,C,2.48 pts,8,,5,,#N/A
13,11/26/24,2,S1,BUS301 / 12,PERSONAL FINANCE A,NICOLE SIMEK,11,2026,C,2.31 pts,7.86,,5,,Yes
13,11/26/24,3,S1,SCI503 / 33,PHYSICAL SCIENCE A,WILLIAM BAUR,11,2026,C,2.21 pts,9,,5,,#N/A
13,11/26/24,4,S1,SOC701 / 14,US HISTORY/A,DAVE HAJEK,11,2026,D+,1.90 pts,8.57,,5,,Yes
13,11/26/24,5,S1,ENG701 / 15,JUNIOR ENG/A,JOHN CARVER,11,2026,C,2.34 pts,9.43,,5,,Yes
13,11/26/24,6,S1,PED500 / 16,WEIGHT TRAINING,SCOTT DIZMANG,11,2026,A,3.61 pts,9.57,,5,,#N/A
13,11/26/24,1,S1,PED513 / 11,TEAM GAMES,SCOTT DIZMANG,10,2027,A-,3.53 pts,2,,6,,#N/A
13,11/26/24,2,S1,MAT522 / 12,GEOMETRY A,ROCHELLE AITON,10,2027,B,3.09 pts,2,John L,6,Active,Yes
13,11/26/24,2,S1,MAT522 / 12,GEOMETRY A,NINETTE LILIENTHAL,10,2027,B,3.09 pts,2,John L,6,Active,Yes
13,11/26/24,3,S1,SOC108 / 13,WORLD HISTORY/A,RYAN ISAACSON,10,2027,C,2.20 pts,2.14,,6,,#N/A
13,11/26/24,4,S1,FAR109 / 14,CERAMICS II,ROBERT YEE,10,2027,A,4.00 pts,2.14,,6,,#N/A
13,11/26/24,5,S1,ENG601 / 15,SOPH ENG/A,MARCEE SALAS,10,2027,F,1.41 pts,2.14,,6,,Yes
13,11/26/24,6,S1,SCI601 / 36,BIOLOGY A,WILLIAM BAUR,10,2027,F,1.54 pts,2.14,,6,,Yes
13,11/26/24,1,S1,ENG801 / 11,SENIOR ENG/A,HEATHER CARVER,12,2025,D,1.74 pts,8.29,,7,,#N/A
13,11/26/24,2,S1,BUS301 / 12,PERSONAL FINANCE A,NICOLE SIMEK,12,2025,F,1.31 pts,8.14,,7,,Yes
13,11/26/24,3,S1,ONT400 / 13,ON-TRACK/A,BRIAN ANDERSON,12,2025,A,4.00 pts,7.57,,7,,#N/A
13,11/26/24,4,S1,ENG715 / 14,FILM AS LITERATURE,KELLY GREGERSEN,12,2025,F,1.29 pts,8.14,,7,,#N/A
13,11/26/24,5,S1,CTE100 / 15,MEDICAL CAREERS & TERMINOLOG/A,DONNA SCHATZ,12,2025,D+,1.85 pts,7.86,,7,,#N/A
13,11/26/24,6,S1,SOC802 / 16,CIVICS,JIM REED,12,2025,F,0.60 pts,8.14,,7,,#N/A
13,11/26/24,1,S1,FAR720 / 11,PANTHER PLAYERS/A,KELLY GREGERSEN,11,2026,A,3.81 pts,6.29,,46,,#N/A
13,11/26/24,2,S1,SCI609 / 12,CHEMISTRY/A,GRANT MERRILL,11,2026,C,2.36 pts,6.14,,46,,Yes
13,11/26/24,3,S1,MAT701 / 13,ALGEBRA II A,JENNIFER REILLY,11,2026,C+,2.55 pts,5.43,,46,,Yes
13,11/26/24,4,S1,ENG715 / 14,FILM AS LITERATURE,KELLY GREGERSEN,11,2026,C+,2.56 pts,6.57,,46,,#N/A
13,11/26/24,5,S1,SOC701 / 15,US HISTORY/A,DAVE HAJEK,11,2026,C+,2.63 pts,6.14,,46,,#N/A
13,11/26/24,6,S1,SPA501 / 16,SPANISH 1 A,ROCHELLE AITON,11,2026,A-,3.49 pts,6.14,,46,,#N/A
13,11/26/24,1,S1,FAR720 / 11,PANTHER PLAYERS/A,KELLY GREGERSEN,12,2025,A,3.61 pts,4.86,,8,,#N/A
13,11/26/24,2,S1,SPS103 / 12,OFFICE ASSISTANT,MARK CASTLE,12,2025,,,4.14,,8,,#N/A
13,11/26/24,3,S1,PED500 / 13,WEIGHT TRAINING,SCOTT BOOTHBY,12,2025,A-,3.58 pts,3.57,,8,,#N/A
13,11/26/24,4,S1,ENG717 / 14,AP LITERATURE/ COMPOSITION A,HEATHER CARVER,12,2025,C+,2.63 pts,4.57,,8,,#N/A
13,11/26/24,5,S1,SOC802 / 15,CIVICS,SCOTT BOOTHBY,12,2025,C,2.48 pts,4.57,,8,,#N/A
13,11/26/24,6,S1,SCI503 / 16,PHYSICAL SCIENCE A,JAMES BENNETT,12,2025,D,1.77 pts,4.86,,8,,#N/A
13,11/26/24,1,S1,PED500 / 11,WEIGHT TRAINING,SCOTT BOOTHBY,10,2027,A,3.73 pts,2.71,,9,,#N/A
13,11/26/24,2,S1,SOC108 / 12,WORLD HISTORY/A,DAVID HOLLINGSWORTH,10,2027,C,2.24 pts,2.71,,9,,#N/A
13,11/26/24,3,S1,SCI601 / 13,BIOLOGY A,GRANT MERRILL,10,2027,D+,1.91 pts,1.86,,9,,Yes
13,11/26/24,4,S1,FAR109 / 14,CERAMICS II,ROBERT YEE,10,2027,A-,3.58 pts,1.57,,9,,#N/A
13,11/26/24,5,S1,MAT522 / 15,GEOMETRY A,BRIAN ANDERSON,10,2027,F,1.07 pts,1.57,,9,,Yes
13,11/26/24,6,S1,ENG601 / 16,SOPH ENG/A,MARCEE SALAS,10,2027,C,2.38 pts,1.57,,9,,#N/A
13,11/26/24,1,S1,MAT522 / 11,GEOMETRY A,ROCHELLE AITON,10,2027,B-,2.73 pts,0,John L,10,Active,Yes
13,11/26/24,1,S1,MAT522 / 11,GEOMETRY A,NINETTE LILIENTHAL,10,2027,B-,2.73 pts,0,John L,10,Active,Yes
13,11/26/24,2,S1,ENG601 / 12,SOPH ENG/A,KELLY GREGERSEN,10,2027,B-,2.86 pts,0,,10,,Yes
13,11/26/24,3,S1,SOC108 / 13,WORLD HISTORY/A,RYAN ISAACSON,10,2027,C+,2.58 pts,0,,10,,#N/A
13,11/26/24,4,S1,HFL118 / 14,ADV CULINARY ARTS A,ALEXANDRA YOST,10,2027,C+,2.52 pts,0,,10,,#N/A
13,11/26/24,5,S1,VOC106 / 15,METAL MANUFACTURING & TECH I,DONALD O'BRIEN,10,2027,A,3.97 pts,0.14,,10,,#N/A
13,11/26/24,6,S1,SCI601 / 16,BIOLOGY A,GRANT MERRILL,10,2027,D+,1.90 pts,0.14,,10,,Yes
13,11/26/24,1,S1,SPA601 / 11,SPANISH II A,ROCHELLE AITON,11,2026,C+,2.61 pts,2,,11,,#N/A
13,11/26/24,2,S1,HFL116 / 12,BAKING PASTRY ARTS I,KAYLA PAYNE,11,2026,A,3.60 pts,2.14,,11,,#N/A
13,11/26/24,3,S1,MAT701 / 13,ALGEBRA II A,JENNIFER REILLY,11,2026,B,3.02 pts,2.57,,11,,Yes
13,11/26/24,4,S1,CTE114 / 14,ENGINEERING A,JASON BLAESING,11,2026,B+,3.36 pts,2.57,,11,,#N/A
13,11/26/24,5,S1,SOC703 / 15,AP US HISTORY A,RYAN ISAACSON,11,2026,A,3.98 pts,2.43,,11,,#N/A
13,11/26/24,6,S1,ENG701 / 16,JUNIOR ENG/A,JOHN CARVER,11,2026,B,3.17 pts,2,,11,,#N/A
13,11/26/24,1,S1,CTE114 / 11,ENGINEERING A,JASON BLAESING,11,2026,D+,1.96 pts,6,,12,,#N/A
13,11/26/24,2,S1,VOC116 / 12,BASIC CARPENTRY 1,BRENT MANSELL,11,2026,D+,1.87 pts,6,,12,,#N/A
13,11/26/24,3,S1,BUS301 / 13,PERSONAL FINANCE A,NICOLE SIMEK,11,2026,D,1.78 pts,6,,12,,Yes
13,11/26/24,4,S1,SOC701 / 14,US HISTORY/A,DAVE HAJEK,11,2026,F,1.60 pts,6.43,,12,,Yes
13,11/26/24,5,S1,VOC504 / 15,ADV FINE ARTS WOODWORKING I,BRENT MANSELL,11,2026,A,4.00 pts,6.43,,12,,#N/A
13,11/26/24,6,S1,ENG701 / 16,JUNIOR ENG/A,JOHN CARVER,11,2026,C,2.45 pts,6.43,,12,,#N/A
13,11/26/24,1,S1,MAT522 / 11,GEOMETRY A,ROCHELLE AITON,10,2027,D+,1.92 pts,5.43,John L,13,Active,Yes
13,11/26/24,1,S1,MAT522 / 11,GEOMETRY A,NINETTE LILIENTHAL,10,2027,D+,1.92 pts,5.43,John L,13,Active,Yes
13,11/26/24,2,S1,ENG601 / 12,SOPH ENG/A,KELLY GREGERSEN,10,2027,F,1.47 pts,5.14,,13,,Yes
13,11/26/24,3,S1,SCI601 / 33,BIOLOGY A,DONNA SCHATZ,10,2027,D,1.77 pts,5.29,,13,,#N/A
13,11/26/24,4,S1,CTE114 / 14,ENGINEERING A,JASON BLAESING,10,2027,F,0.94 pts,3.43,,13,,#N/A
13,11/26/24,5,S1,HFL113 / 15,INTRO CULINARY ART,ALEXANDRA YOST,10,2027,C+,2.51 pts,5.14,,13,,#N/A
13,11/26/24,6,S1,SOC108 / 36,WORLD HISTORY/A,DAVE HAJEK,10,2027,F,1.34 pts,5.29,,13,,#N/A
13,11/26/24,1,S1,ENG701 / 11,JUNIOR ENG/A,JOHN CARVER,11,2026,B,3.01 pts,2.57,,14,,#N/A
13,11/26/24,2,S1,VOC705 / 12,DIGITAL PHOTOGRAPHY I,ROSANNA RUFF,11,2026,C+,2.66 pts,2,,14,,#N/A
13,11/26/24,3,S1,MAT701 / 13,ALGEBRA II A,JENNIFER REILLY,11,2026,F,1.26 pts,2.29,Larry,14,Active,Yes
13,11/26/24,4,S1,SCI503 / 14,PHYSICAL SCIENCE A,JAMES BENNETT,11,2026,D,1.72 pts,2.86,,14,,#N/A
13,11/26/24,5,S1,SOC701 / 15,US HISTORY/A,DAVE HAJEK,11,2026,B-,2.80 pts,2.57,,14,,#N/A
13,11/26/24,6,S1,VOC502 / 16,FINE ARTS WOODWORKING I,BRENT MANSELL,11,2026,A,4.00 pts,2.29,,14,,#N/A
13,11/26/24,1,S1,SPA601 / 11,SPANISH II A,ROCHELLE AITON,10,2027,A-,3.47 pts,0,,15,,#N/A
13,11/26/24,2,S1,ENG601 / 12,SOPH ENG/A,KELLY GREGERSEN,10,2027,C-,2.19 pts,0,,15,,Yes
13,11/26/24,3,S1,SOC108 / 13,WORLD HISTORY/A,RYAN ISAACSON,10,2027,B,3.01 pts,0.43,,15,,#N/A
13,11/26/24,4,S1,SCI601 / 14,BIOLOGY A,GRANT MERRILL,10,2027,F,1.33 pts,0.57,,15,,Yes
13,11/26/24,5,S1,PED513 / 15,TEAM GAMES,SCOTT DIZMANG,10,2027,B,3.05 pts,0,,15,,#N/A
13,11/26/24,6,S1,MAT522 / 36,GEOMETRY A,ROCHELLE AITON,10,2027,C-,2.15 pts,0.57,,15,,#N/A
13,11/26/24,6,S1,MAT522 / 36,GEOMETRY A,NINETTE LILIENTHAL,10,2027,C-,2.15 pts,0.57,,15,,#N/A
13,11/26/24,1,S1,SOC108 / 11,WORLD HISTORY/A,DAVID HOLLINGSWORTH,10,2027,F,1.27 pts,3,,16,,#N/A
13,11/26/24,2,S1,FAR113 / 12,INTRO TO ART AND DESIGN,ROBERT YEE,10,2027,B,3.00 pts,2.86,,16,,#N/A
13,11/26/24,3,S1,CTE120 / 13,CYBER SECURITY I,ROSANNA RUFF,10,2027,F,1.08 pts,2.86,,16,,#N/A
13,11/26/24,4,S1,MAT522 / 14,GEOMETRY A,ROCHELLE AITON,10,2027,F,1.36 pts,2.86,,16,,Yes
13,11/26/24,4,S1,MAT522 / 14,GEOMETRY A,NINETTE LILIENTHAL,10,2027,F,1.36 pts,2.86,,16,,Yes
13,11/26/24,5,S1,SCI503 / 35,PHYSICAL SCIENCE A,WILLIAM BAUR,10,2027,C-,2.00 pts,2.86,,16,,#N/A
13,11/26/24,6,S1,ENG601 / 16,SOPH ENG/A,MARCEE SALAS,10,2027,C,2.44 pts,2.86,,16,,#N/A
13,11/26/24,1,S1,SOC108 / 11,WORLD HISTORY/A,DAVID HOLLINGSWORTH,10,2027,,4.00 pts,0,,17,,#N/A
13,11/26/24,1,S1,VOC106 / 11,METAL MANUFACTURING & TECH I,DONALD O'BRIEN,10,2027,C,2.39 pts,4.29,,17,,#N/A
13,11/26/24,2,S1,ENG601 / 12,SOPH ENG/A,KELLY GREGERSEN,10,2027,D+,1.94 pts,2.43,,17,,Yes
13,11/26/24,3,S1,SCI601 / 33,BIOLOGY A,DONNA SCHATZ,10,2027,F,1.15 pts,4,,17,,#N/A
13,11/26/24,4,S1,MAT522 / 14,GEOMETRY A,ROCHELLE AITON,10,2027,F,1.54 pts,4.14,John L,17,Active,Yes
13,11/26/24,4,S1,MAT522 / 14,GEOMETRY A,NINETTE LILIENTHAL,10,2027,F,1.54 pts,4.14,John L,17,Active,Yes
13,11/26/24,5,S1,PED513 / 15,TEAM GAMES,SCOTT DIZMANG,10,2027,A,3.98 pts,3.14,,17,,#N/A
13,11/26/24,6,S1,VOC620 / 16,METAL CRAFTS & PRODUCTION I,DONALD O'BRIEN,10,2027,,0.00 pts,0,,17,,#N/A
13,11/26/24,6,S1,SOC108 / 36,WORLD HISTORY/A,DAVE HAJEK,10,2027,F,1.44 pts,3.71,,17,,#N/A
13,11/26/24,1,S1,PED101 / 11,PHYSICAL EDUCATION,KATHERINE STURDYVIN-SCOBBA,12,2025,F,1.48 pts,3.86,,18,,#N/A
13,11/26/24,2,S1,BUS301 / 12,PERSONAL FINANCE A,NICOLE SIMEK,12,2025,C,2.21 pts,1.86,,18,,Yes
13,11/26/24,3,S1,SOC802 / 13,CIVICS,JIM REED,12,2025,C+,2.62 pts,1.86,,18,,#N/A
13,11/26/24,4,S1,AACTM1 / 14,ACADEMIC ACHIEVEMENT A,TIMOTHY MOORE,12,2025,A,3.60 pts,3.86,,18,,#N/A
13,11/26/24,5,S1,ONT400 / 15,ON-TRACK/A,ROBERT YEE,12,2025,B,2.90 pts,2.14,,18,,#N/A
13,11/26/24,6,S1,ENG801 / 16,SENIOR ENG/A,HEATHER CARVER,12,2025,B,3.03 pts,2.14,,18,,#N/A
13,11/26/24,1,S1,PED500 / 11,WEIGHT TRAINING,SCOTT BOOTHBY,9,2028,A,3.95 pts,4,,2,,#N/A
13,11/26/24,2,S1,ASL501 / 12,AMERICAN SIGN LANGUAGE I/A,KYLA RITCHEY,9,2028,A-,3.57 pts,4,,2,,#N/A
13,11/26/24,3,S1,MAT520 / 33,ALGEBRA I A,JANET GROVE,9,2028,B,3.01 pts,4.86,,2,,#N/A
13,11/26/24,4,S1,SCI503 / 14,PHYSICAL SCIENCE A,JAMES BENNETT,9,2028,C-,2.08 pts,6.43,,2,,#N/A
13,11/26/24,5,S1,HFL113 / 15,INTRO CULINARY ART,ALEXANDRA YOST,9,2028,C,2.27 pts,6.71,,2,,#N/A
13,11/26/24,6,S1,ENG501 / 16,FR ENGLISH/A,DAVID HOLLINGSWORTH,9,2028,C-,2.01 pts,6.86,,2,,Yes
13,11/26/24,1,S1,CTE114 / 11,ENGINEERING A,JASON BLAESING,11,2026,C-,2.15 pts,1.57,,19,,#N/A
13,11/26/24,2,S1,FAR113 / 12,INTRO TO ART AND DESIGN,ROBERT YEE,11,2026,A,3.61 pts,1,,19,,#N/A
13,11/26/24,3,S1,FAR605 / 13,INTRO TO THEATRE,KELLY GREGERSEN,11,2026,A,3.61 pts,1,,19,,#N/A
13,11/26/24,4,S1,ENG701 / 14,JUNIOR ENG/A,JOHN CARVER,11,2026,A-,3.53 pts,2.43,,19,,#N/A
13,11/26/24,5,S1,SOC703 / 15,AP US HISTORY A,RYAN ISAACSON,11,2026,B,3.19 pts,2.29,,19,,#N/A
13,11/26/24,6,S1,MAT701 / 16,ALGEBRA II A,JASON BLAESING,11,2026,C+,2.53 pts,2.43,Larry,19,Active,Yes
13,11/26/24,1,S1,ENG601 / 11,SOPH ENG/A,MARCEE SALAS,10,2027,B,3.04 pts,3,,20,,#N/A
13,11/26/24,2,S1,MAT522 / 32,GEOMETRY A,BRIAN ANDERSON,10,2027,D,1.69 pts,3,,20,,#N/A
13,11/26/24,3,S1,VOC620 / 13,METAL CRAFTS & PRODUCTION I,DONALD O'BRIEN,10,2027,B+,3.30 pts,2.57,,20,,#N/A
13,11/26/24,4,S1,SCI601 / 14,BIOLOGY A,GRANT MERRILL,10,2027,F,0.99 pts,1.14,,20,,Yes
13,11/26/24,5,S1,CTE100 / 15,MEDICAL CAREERS & TERMINOLOG/A,DONNA SCHATZ,10,2027,A,3.72 pts,1.43,,20,,#N/A
13,11/26/24,6,S1,SOC108 / 36,WORLD HISTORY/A,DAVE HAJEK,10,2027,F,1.57 pts,1.29,,20,,#N/A
13,11/26/24,1,S1,SOC701 / 11,US HISTORY/A,DAVE HAJEK,11,2026,F,1.25 pts,8,,21,,#N/A
13,11/26/24,2,S1,SCI609 / 12,CHEMISTRY/A,GRANT MERRILL,11,2026,F,1.49 pts,6.71,,21,,Yes
13,11/26/24,3,S1,BUS301 / 13,PERSONAL FINANCE A,NICOLE SIMEK,11,2026,B-,2.81 pts,7.43,,21,,Yes
13,11/26/24,4,S1,HFL118 / 14,ADV CULINARY ARTS A,ALEXANDRA YOST,11,2026,A,3.72 pts,7.43,,21,,#N/A
13,11/26/24,5,S1,ENG701 / 15,JUNIOR ENG/A,JOHN CARVER,11,2026,B,2.90 pts,6.86,,21,,Yes
13,11/26/24,6,S1,PED500 / 16,WEIGHT TRAINING,SCOTT DIZMANG,11,2026,A,3.81 pts,7.43,,21,,#N/A
13,11/26/24,1,S1,FAR109 / 11,CERAMICS II,ROBERT YEE,11,2026,B,3.17 pts,2.57,,22,,#N/A
13,11/26/24,2,S1,FAR113 / 12,INTRO TO ART AND DESIGN,ROBERT YEE,11,2026,B+,3.31 pts,2.86,,22,,#N/A
13,11/26/24,3,S1,MAT701 / 13,ALGEBRA II A,JENNIFER REILLY,11,2026,B,2.90 pts,3.71,,22,,Yes
13,11/26/24,4,S1,SCI503 / 34,PHYSICAL SCIENCE A,WILLIAM BAUR,11,2026,A-,3.43 pts,3.14,,22,,#N/A
13,11/26/24,5,S1,SOC701 / 15,US HISTORY/A,DAVE HAJEK,11,2026,C,2.25 pts,3.43,,22,,#N/A
13,11/26/24,6,S1,ENG701 / 16,JUNIOR ENG/A,JOHN CARVER,11,2026,B+,3.22 pts,3.71,,22,,#N/A
13,11/26/24,1,S1,SCI503 / 11,PHYSICAL SCIENCE A,JAMES BENNETT,11,2026,F,1.54 pts,18,,23,,#N/A
13,11/26/24,2,S1,BUS301 / 12,PERSONAL FINANCE A,NICOLE SIMEK,11,2026,F,0.85 pts,16.57,,23,,Yes
13,11/26/24,3,S1,ONT400 / 13,ON-TRACK/A,BRIAN ANDERSON,11,2026,C-,2.00 pts,15.57,,23,,#N/A
13,11/26/24,4,S1,SOC701 / 14,US HISTORY/A,DAVE HAJEK,11,2026,F,0.44 pts,16.71,,23,,Yes
13,11/26/24,5,S1,ENG701 / 15,JUNIOR ENG/A,JOHN CARVER,11,2026,F,1.39 pts,15.14,,23,,Yes
13,11/26/24,6,S1,VOC620 / 16,METAL CRAFTS & PRODUCTION I,DONALD O'BRIEN,11,2026,,0.00 pts,1.29,,23,,#N/A
13,11/26/24,6,S1,FAR604 / 16,SCENE DESIGN,KELLY GREGERSEN,11,2026,C,2.40 pts,14.43,,23,,#N/A
13,11/26/24,1,S1,MAT704 / 11,PRE-CALC A MAT 153,BRIAN ANDERSON,12,2025,C-,2.10 pts,2.5,,24,,Yes
13,11/26/24,2,S1,RUN101 / 12,RUNNING START/A,,12,2025,,,0,,24,,#N/A
13,11/26/24,3,S1,CTE120 / 13,CYBER SECURITY I,ROSANNA RUFF,12,2025,A,3.68 pts,3,,24,,#N/A
13,11/26/24,4,S1,ENG717 / 14,AP LITERATURE/ COMPOSITION A,HEATHER CARVER,12,2025,,0.50 pts,1.25,,24,,#N/A
13,11/26/24,4,S1,RUN101 / 14,RUNNING START/A,,12,2025,,,0,,24,,#N/A
13,11/26/24,5,S1,SOC802 / 15,CIVICS,SCOTT BOOTHBY,12,2025,A,3.70 pts,2,,24,,#N/A
13,11/26/24,6,S1,RUN101 / 16,RUNNING START/A,,12,2025,,,0,,24,,#N/A
13,11/26/24,1,S1,PED513 / 11,TEAM GAMES,SCOTT DIZMANG,9,2028,A,3.64 pts,1,,25,,#N/A
13,11/26/24,2,S1,HFL114 / 12,FAMILY HEALTH,MICHAEL ISOTALO,9,2028,C,2.33 pts,1.86,,25,,#N/A
13,11/26/24,3,S1,SCI503 / 33,PHYSICAL SCIENCE A,WILLIAM BAUR,9,2028,D,1.79 pts,1.86,,25,,#N/A
13,11/26/24,4,S1,VOC300 / 14,SMALL ENGINE REPAIR I,DONALD O'BRIEN,9,2028,B-,2.89 pts,1.86,,25,,#N/A
13,11/26/24,5,S1,MAT520 / 15,ALGEBRA I A,KEVIN REILLY,9,2028,C-,2.01 pts,2,,25,,#N/A
13,11/26/24,6,S1,ENG501 / 16,FR ENGLISH/A,DAVID HOLLINGSWORTH,9,2028,D,1.76 pts,2,,25,,Yes
13,11/26/24,1,S1,SCI503 / 11,PHYSICAL SCIENCE A,JAMES BENNETT,11,2026,F,0.10 pts,20.71,,26,,#N/A
13,11/26/24,2,S1,VOC705 / 12,DIGITAL PHOTOGRAPHY I,ROSANNA RUFF,11,2026,C-,2.19 pts,16.29,,26,,#N/A
13,11/26/24,3,S1,ONT400 / 13,ON-TRACK/A,BRIAN ANDERSON,11,2026,C+,2.67 pts,8,,26,,#N/A
13,11/26/24,4,S1,SOC701 / 14,US HISTORY/A,DAVE HAJEK,11,2026,F,1.15 pts,14.71,,26,,Yes
13,11/26/24,5,S1,BUS301 / 15,PERSONAL FINANCE A,NICOLE SIMEK,11,2026,F,0.99 pts,11.14,,26,,#N/A
13,11/26/24,6,S1,ENG701 / 16,JUNIOR ENG/A,JOHN CARVER,11,2026,D+,1.84 pts,16.29,,26,,#N/A
13,11/26/24,1,S1,ASL505 / 11,AMER SIGN III/A,TAMI GRANT,11,2026,B+,3.20 pts,2.43,,29,,#N/A
13,11/26/24,2,S1,SCI503 / 32,PHYSICAL SCIENCE A,WILLIAM BAUR,11,2026,B,3.03 pts,1.71,,29,,#N/A
13,11/26/24,3,S1,ENG719 / 13,AP LANGUAGE/COMPOSITION A,HEATHER CARVER,11,2026,B-,2.71 pts,2.57,,29,,#N/A
13,11/26/24,4,S1,MAT701 / 14,ALGEBRA II A,JENNIFER REILLY,11,2026,C+,2.59 pts,3.71,,29,,#N/A
13,11/26/24,5,S1,CTE501 / 15,PROJECT IN LEADERSHIP/A,KYLA RITCHEY,11,2026,A,3.92 pts,1.71,,29,,#N/A
13,11/26/24,6,S1,SOC701 / 16,US HISTORY/A,SCOTT BOOTHBY,11,2026,F,1.38 pts,3.29,Melanie,29,Active,Yes
13,11/26/24,1,S1,PED500 / 11,WEIGHT TRAINING,SCOTT BOOTHBY,12,2025,C,2.28 pts,5.71,,27,,#N/A
13,11/26/24,2,S1,BUS301 / 12,PERSONAL FINANCE A,NICOLE SIMEK,12,2025,F,0.99 pts,5.29,,27,,Yes
13,11/26/24,3,S1,ONT400 / 13,ON-TRACK/A,BRIAN ANDERSON,12,2025,A,4.00 pts,4.86,,27,,#N/A
13,11/26/24,4,S1,SOC802 / 14,CIVICS,JIM REED,12,2025,F,0.23 pts,7.29,,27,,#N/A
13,11/26/24,5,S1,CTE100 / 15,MEDICAL CAREERS & TERMINOLOG/A,DONNA SCHATZ,12,2025,F,0.55 pts,7,,27,,#N/A
13,11/26/24,6,S1,ENG801 / 16,SENIOR ENG/A,HEATHER CARVER,12,2025,D,1.74 pts,6.71,,27,,#N/A
13,11/26/24,1,S1,ENG601 / 11,SOPH ENG/A,MARCEE SALAS,10,2027,C-,2.18 pts,3.14,,28,,#N/A
13,11/26/24,2,S1,SCI601 / 32,BIOLOGY A,DONNA SCHATZ,10,2027,D,1.65 pts,3.29,,28,,#N/A
13,11/26/24,3,S1,ASL501 / 13,AMERICAN SIGN LANGUAGE I/A,KYLA RITCHEY,10,2027,A,4.00 pts,4.43,,28,,#N/A
13,11/26/24,4,S1,MAT522 / 14,GEOMETRY A,ROCHELLE AITON,10,2027,F,1.14 pts,3.86,,28,,Yes
13,11/26/24,4,S1,MAT522 / 14,GEOMETRY A,NINETTE LILIENTHAL,10,2027,F,1.14 pts,3.86,,28,,Yes
13,11/26/24,5,S1,CTE222 / 15,MUSIC PROD IA,DAVID DUARTE,10,2027,F,0.10 pts,4.43,,28,,#N/A
13,11/26/24,6,S1,SOC108 / 16,WORLD HISTORY/A,RYAN ISAACSON,10,2027,F,0.65 pts,4.57,,28,,#N/A
13,11/26/24,1,S1,PED513 / 11,TEAM GAMES,SCOTT DIZMANG,12,2025,B-,2.81 pts,4.86,,30,,#N/A
13,11/26/24,2,S1,ASL503 / 12,AMERICAN SIGN LANGUAGE II/A,TAMI GRANT,12,2025,B+,3.33 pts,3.57,,30,,#N/A
13,11/26/24,3,S1,BUS301 / 13,PERSONAL FINANCE A,NICOLE SIMEK,12,2025,B,3.01 pts,2.57,,30,,Yes
13,11/26/24,4,S1,SOC802 / 14,CIVICS,JIM REED,12,2025,A-,3.41 pts,3.43,,30,,#N/A
13,11/26/24,5,S1,VOC106 / 15,METAL MANUFACTURING & TECH I,DONALD O'BRIEN,12,2025,B,3.19 pts,4.29,,30,,#N/A
13,11/26/24,6,S1,ENG801 / 16,SENIOR ENG/A,HEATHER CARVER,12,2025,C+,2.57 pts,4,,30,,#N/A
13,11/26/24,1,S1,PED513 / 11,TEAM GAMES,SCOTT DIZMANG,11,2026,B,3.17 pts,23.74,,31,,#N/A
13,11/26/24,2,S1,MAT520 / 12,ALGEBRA I A,KEVIN REILLY,11,2026,D+,1.94 pts,20.97,,31,,#N/A
13,11/26/24,3,S1,SOC701 / 13,US HISTORY/A,DAVE HAJEK,11,2026,W,0.00 pts,19.14,,31,,#N/A
13,11/26/24,3,S1,ELE403 / 13,LANGUAGE SUPPORT/A,HAYLEY ALVARADO,11,2026,,,3.4,,31,,Yes
13,11/26/24,4,S1,SCI503 / 34,PHYSICAL SCIENCE A,WILLIAM BAUR,11,2026,,0.00 pts,6.43,,31,,#N/A
13,11/26/24,4,S1,FAR108 / 14,CERAMICS I,ROBERT YEE,11,2026,A-,3.58 pts,14.23,,31,,#N/A
13,11/26/24,5,S1,ENG701 / 15,JUNIOR ENG/A,JOHN CARVER,11,2026,W,1.54 pts,16.86,,31,,Yes
13,11/26/24,5,S1,NCR105 / 15,EARLY DISMISSAL,MARK CASTLE,11,2026,,,0,,31,,#N/A
13,11/26/24,6,S1,FAR108 / 16,CERAMICS I,ROBERT YEE,11,2026,,4.00 pts,6.43,,31,,#N/A
13,11/26/24,6,S1,NCR105 / 16,EARLY DISMISSAL,MARK CASTLE,11,2026,,,0,,31,,#N/A
13,11/26/24,6,S1,SCI601 / 36,BIOLOGY A,WILLIAM BAUR,11,2026,W,0.00 pts,12.57,,31,,Yes
13,11/26/24,1,S1,FAR108 / 11,CERAMICS I,ROBERT YEE,10,2027,B+,3.34 pts,2.29,,32,,#N/A
13,11/26/24,2,S1,SOC108 / 12,WORLD HISTORY/A,DAVID HOLLINGSWORTH,10,2027,D+,1.99 pts,2.71,,32,,#N/A
13,11/26/24,3,S1,SCI601 / 33,BIOLOGY A,DONNA SCHATZ,10,2027,C+,2.52 pts,2.86,,32,,#N/A
13,11/26/24,4,S1,MAT522 / 14,GEOMETRY A,ROCHELLE AITON,10,2027,C,2.28 pts,4.29,,32,,Yes
13,11/26/24,4,S1,MAT522 / 14,GEOMETRY A,NINETTE LILIENTHAL,10,2027,C,2.28 pts,4.29,,32,,Yes
13,11/26/24,5,S1,ASL503 / 15,AMERICAN SIGN LANGUAGE II/A,TAMI GRANT,10,2027,B-,2.75 pts,4.43,,32,,#N/A
13,11/26/24,6,S1,ENG601 / 16,SOPH ENG/A,MARCEE SALAS,10,2027,C-,2.13 pts,4.43,,32,,#N/A
13,11/26/24,1,S1,VOC705 / 11,DIGITAL PHOTOGRAPHY I,ROSANNA RUFF,10,2027,C-,2.19 pts,1.57,,33,,#N/A
13,11/26/24,2,S1,MAT522 / 12,GEOMETRY A,ROCHELLE AITON,10,2027,F,1.50 pts,0.71,,33,,Yes
13,11/26/24,2,S1,MAT522 / 12,GEOMETRY A,NINETTE LILIENTHAL,10,2027,F,1.50 pts,0.71,,33,,Yes
13,11/26/24,3,S1,ASL501 / 13,AMERICAN SIGN LANGUAGE I/A,KYLA RITCHEY,10,2027,F,1.09 pts,0.57,,33,,#N/A
13,11/26/24,4,S1,SOC108 / 14,WORLD HISTORY/A,DAVID HOLLINGSWORTH,10,2027,F,1.56 pts,0,,33,,#N/A
13,11/26/24,5,S1,ENG601 / 15,SOPH ENG/A,MARCEE SALAS,10,2027,F,1.64 pts,0,,33,,Yes
13,11/26/24,6,S1,SCI601 / 36,BIOLOGY A,WILLIAM BAUR,10,2027,C-,2.06 pts,0,,33,,Yes
13,11/26/24,1,S1,VOC106 / 11,METAL MANUFACTURING & TECH I,DONALD O'BRIEN,10,2027,C+,2.56 pts,2.43,,34,,#N/A
13,11/26/24,2,S1,ENG601 / 12,SOPH ENG/A,KELLY GREGERSEN,10,2027,F,0.68 pts,1.57,,34,,Yes
13,11/26/24,3,S1,SCI601 / 13,BIOLOGY A,GRANT MERRILL,10,2027,F,0.33 pts,2.43,,34,,Yes
13,11/26/24,4,S1,MAT522 / 14,GEOMETRY A,ROCHELLE AITON,10,2027,F,1.54 pts,1.86,John L,34,Active,Yes
13,11/26/24,4,S1,MAT522 / 14,GEOMETRY A,NINETTE LILIENTHAL,10,2027,F,1.54 pts,1.86,John L,34,Active,Yes
13,11/26/24,5,S1,VOC503 / 15,FINE ARTS WOODS II,BRENT MANSELL,10,2027,C,2.49 pts,2.14,,34,,#N/A
13,11/26/24,6,S1,SOC108 / 16,WORLD HISTORY/A,RYAN ISAACSON,10,2027,C,2.21 pts,2.43,,34,,#N/A
13,11/26/24,1,S1,ENG801 / 11,SENIOR ENG/A,HEATHER CARVER,12,2025,D,1.72 pts,2,,35,,#N/A
13,11/26/24,2,S1,SCI609 / 12,CHEMISTRY/A,GRANT MERRILL,12,2025,F,0.94 pts,2.57,,35,,Yes
13,11/26/24,3,S1,SOC802 / 13,CIVICS,JIM REED,12,2025,C-,2.01 pts,2.71,,35,,#N/A
13,11/26/24,4,S1,HFL115 / 14,ADVANCED PASTRY ARTS I,KAYLA PAYNE,12,2025,A-,3.46 pts,2.57,,35,,#N/A
13,11/26/24,5,S1,ONT400 / 15,ON-TRACK/A,ROBERT YEE,12,2025,B-,2.88 pts,3.57,,35,,#N/A
13,11/26/24,6,S1,FAR111 / 16,CERAMICS IV,ROBERT YEE,12,2025,F,1.50 pts,3.43,,35,,#N/A
13,11/26/24,1,S1,CTE114 / 11,ENGINEERING A,JASON BLAESING,11,2026,C-,2.04 pts,7.14,,36,,#N/A
13,11/26/24,2,S1,MAT701 / 12,ALGEBRA II A,JASON BLAESING,11,2026,F,1.20 pts,7,,36,,Yes
13,11/26/24,3,S1,PED500 / 13,WEIGHT TRAINING,SCOTT BOOTHBY,11,2026,B+,3.28 pts,7.14,,36,,#N/A
13,11/26/24,4,S1,ENG701 / 14,JUNIOR ENG/A,JOHN CARVER,11,2026,C-,2.08 pts,7.14,,36,,#N/A
13,11/26/24,5,S1,SOC701 / 15,US HISTORY/A,DAVE HAJEK,11,2026,F,1.39 pts,7,,36,,#N/A
13,11/26/24,6,S1,FAR542 / 16,WIND ENSEMB/A,DAVID DUARTE,11,2026,A,4.00 pts,7,,36,,#N/A
13,11/26/24,1,S1,VOC502 / 11,FINE ARTS WOODWORKING I,BRENT MANSELL,11,2026,A,4.00 pts,3,,37,,#N/A
13,11/26/24,2,S1,SCI503 / 12,PHYSICAL SCIENCE A,JAMES BENNETT,11,2026,C,2.23 pts,3,,37,,#N/A
13,11/26/24,3,S1,ONT400 / 13,ON-TRACK/A,BRIAN ANDERSON,11,2026,A,4.00 pts,3.14,,37,,#N/A
13,11/26/24,4,S1,ENG715 / 14,FILM AS LITERATURE,KELLY GREGERSEN,11,2026,C,2.25 pts,3,,37,,#N/A
13,11/26/24,5,S1,BUS301 / 15,PERSONAL FINANCE A,NICOLE SIMEK,11,2026,F,1.35 pts,3,,37,,#N/A
13,11/26/24,6,S1,SOC701 / 16,US HISTORY/A,SCOTT BOOTHBY,11,2026,C-,2.01 pts,3.14,,37,,Yes
13,11/26/24,1,S1,VOC502 / 11,FINE ARTS WOODWORKING I,BRENT MANSELL,10,2027,A,4.00 pts,8,,38,,#N/A
13,11/26/24,2,S1,SCI601 / 32,BIOLOGY A,DONNA SCHATZ,10,2027,C,2.20 pts,8.71,,38,,#N/A
13,11/26/24,3,S1,MAT522 / 13,GEOMETRY A,ROCHELLE AITON,10,2027,F,1.35 pts,8.14,,38,,Yes
13,11/26/24,3,S1,MAT522 / 13,GEOMETRY A,NINETTE LILIENTHAL,10,2027,F,1.35 pts,8.14,,38,,Yes
13,11/26/24,4,S1,PED500 / 14,WEIGHT TRAINING,SCOTT DIZMANG,10,2027,A,3.71 pts,8.29,,38,,#N/A
13,11/26/24,5,S1,ENG601 / 15,SOPH ENG/A,MARCEE SALAS,10,2027,D+,1.95 pts,8.57,,38,,Yes
13,11/26/24,6,S1,SOC108 / 36,WORLD HISTORY/A,DAVE HAJEK,10,2027,C-,2.02 pts,7.57,,38,,#N/A
13,11/26/24,1,S1,VOC106 / 11,METAL MANUFACTURING & TECH I,DONALD O'BRIEN,10,2027,B,3.01 pts,1.57,,39,,#N/A
13,11/26/24,2,S1,SOC108 / 12,WORLD HISTORY/A,DAVID HOLLINGSWORTH,10,2027,C,2.38 pts,1.43,,39,,#N/A
13,11/26/24,3,S1,MAT522 / 13,GEOMETRY A,ROCHELLE AITON,10,2027,C-,2.02 pts,1.57,,39,,Yes
13,11/26/24,3,S1,MAT522 / 13,GEOMETRY A,NINETTE LILIENTHAL,10,2027,C-,2.02 pts,1.57,,39,,Yes
13,11/26/24,4,S1,PED500 / 14,WEIGHT TRAINING,SCOTT DIZMANG,10,2027,A,3.61 pts,1,,39,,#N/A
13,11/26/24,5,S1,ENG601 / 15,SOPH ENG/A,MARCEE SALAS,10,2027,F,1.12 pts,1.29,,39,,Yes
13,11/26/24,6,S1,SCI601 / 36,BIOLOGY A,WILLIAM BAUR,10,2027,D,1.78 pts,1,,39,,Yes
13,11/26/24,1,S1,ENG701 / 11,JUNIOR ENG/A,JOHN CARVER,11,2026,C+,2.65 pts,4,,40,,#N/A
13,11/26/24,2,S1,MAT701 / 12,ALGEBRA II A,JASON BLAESING,11,2026,F,1.48 pts,3.86,,40,,Yes
13,11/26/24,3,S1,PED500 / 13,WEIGHT TRAINING,SCOTT BOOTHBY,11,2026,A,3.86 pts,3.86,,40,,#N/A
13,11/26/24,4,S1,SCI503 / 34,PHYSICAL SCIENCE A,WILLIAM BAUR,11,2026,C,2.44 pts,4.86,,40,,#N/A
13,11/26/24,5,S1,SPA601 / 15,SPANISH II A,ROCHELLE AITON,11,2026,D+,1.91 pts,4.86,,40,,#N/A
13,11/26/24,6,S1,SOC701 / 16,US HISTORY/A,SCOTT BOOTHBY,11,2026,B-,2.80 pts,5,,40,,Yes
13,11/26/24,1,S1,SOC701 / 11,US HISTORY/A,DAVE HAJEK,11,2026,D+,1.99 pts,3,,47,,#N/A
13,11/26/24,2,S1,SCI609 / 12,CHEMISTRY/A,GRANT MERRILL,11,2026,F,1.27 pts,2.71,,47,,Yes
13,11/26/24,3,S1,ASL503 / 13,AMERICAN SIGN LANGUAGE II/A,TAMI GRANT,11,2026,B+,3.33 pts,2,,47,,#N/A
13,11/26/24,4,S1,PED500 / 14,WEIGHT TRAINING,SCOTT DIZMANG,11,2026,A,4.00 pts,2,,47,,#N/A
13,11/26/24,5,S1,MAT701 / 35,ALGEBRA II A,JENNIFER REILLY,11,2026,B+,3.29 pts,2,,47,,#N/A
13,11/26/24,6,S1,ENG701 / 16,JUNIOR ENG/A,JOHN CARVER,11,2026,B+,3.27 pts,2,,47,,#N/A
13,11/26/24,1,S1,ENG701 / 11,JUNIOR ENG/A,JOHN CARVER,11,2026,B-,2.83 pts,3,,41,,#N/A
13,11/26/24,2,S1,HFL116 / 12,BAKING PASTRY ARTS I,KAYLA PAYNE,11,2026,C-,2.17 pts,2.14,,41,,#N/A
13,11/26/24,3,S1,SCI503 / 33,PHYSICAL SCIENCE A,WILLIAM BAUR,11,2026,B,2.94 pts,1,,41,,#N/A
13,11/26/24,4,S1,SOC701 / 14,US HISTORY/A,DAVE HAJEK,11,2026,F,1.39 pts,2.43,,41,,Yes
13,11/26/24,5,S1,ASL503 / 15,AMERICAN SIGN LANGUAGE II/A,TAMI GRANT,11,2026,A-,3.50 pts,2,,41,,#N/A
13,11/26/24,6,S1,MAT701 / 16,ALGEBRA II A,JASON BLAESING,11,2026,C-,2.02 pts,2.14,Larry,41,Active,Yes
13,11/26/24,1,S1,FAR606 / 11,ADVANCED ACTING/ A,KELLY GREGERSEN,12,2025,A,3.81 pts,2.14,,42,,#N/A
13,11/26/24,2,S1,SCI609 / 12,CHEMISTRY/A,GRANT MERRILL,12,2025,F,0.77 pts,1.43,,42,,Yes
13,11/26/24,3,S1,ENG801 / 13,SENIOR ENG/A,JOHN CARVER,12,2025,C,2.38 pts,3.29,,42,,#N/A
13,11/26/24,4,S1,HFL118 / 14,ADV CULINARY ARTS A,ALEXANDRA YOST,12,2025,B,2.99 pts,3.14,,42,,#N/A
13,11/26/24,5,S1,BUS301 / 15,PERSONAL FINANCE A,NICOLE SIMEK,12,2025,D+,1.98 pts,2.57,,42,,#N/A
13,11/26/24,6,S1,FAR542 / 16,WIND ENSEMB/A,DAVID DUARTE,12,2025,A,3.99 pts,2.43,,42,,#N/A
13,11/26/24,1,S1,ENG701 / 11,JUNIOR ENG/A,JOHN CARVER,11,2026,C-,2.07 pts,20.71,,43,,#N/A
13,11/26/24,2,S1,SCI503 / 12,PHYSICAL SCIENCE A,JAMES BENNETT,11,2026,C+,2.67 pts,19.14,,43,,#N/A
13,11/26/24,3,S1,ASL503 / 13,AMERICAN SIGN LANGUAGE II/A,TAMI GRANT,11,2026,F,1.58 pts,15.29,,43,,#N/A
13,11/26/24,4,S1,SOC701 / 14,US HISTORY/A,DAVE HAJEK,11,2026,D+,1.92 pts,20,,43,,Yes
13,11/26/24,5,S1,SOC105 / 15,AP PSYCHOLOGY A,JIM REED,11,2026,F,1.02 pts,15.86,,43,,#N/A
13,11/26/24,6,S1,MAT701 / 16,ALGEBRA II A,JASON BLAESING,11,2026,F,1.57 pts,19.14,,43,,Yes
13,11/26/24,1,S1,MAT522 / 11,GEOMETRY A,ROCHELLE AITON,10,2027,F,1.53 pts,12.29,,44,,Yes
13,11/26/24,1,S1,MAT522 / 11,GEOMETRY A,NINETTE LILIENTHAL,10,2027,F,1.53 pts,12.29,,44,,Yes
13,11/26/24,2,S1,HFL116 / 12,BAKING PASTRY ARTS I,KAYLA PAYNE,10,2027,C-,2.11 pts,7.86,,44,,#N/A
13,11/26/24,2,S1,SCI601 / 32,BIOLOGY A,DONNA SCHATZ,10,2027,,0.20 pts,1.86,,44,,#N/A
13,11/26/24,3,S1,HFL116 / 13,BAKING PASTRY ARTS I,KAYLA PAYNE,10,2027,,,2.57,,44,,#N/A
13,11/26/24,3,S1,SCI601 / 33,BIOLOGY A,DONNA SCHATZ,10,2027,F,0.40 pts,9.57,,44,,#N/A
13,11/26/24,4,S1,PED500 / 14,WEIGHT TRAINING,SCOTT DIZMANG,10,2027,B-,2.73 pts,14.14,,44,,#N/A
13,11/26/24,5,S1,ENG601 / 15,SOPH ENG/A,MARCEE SALAS,10,2027,F,1.60 pts,13.43,,44,,Yes
13,11/26/24,6,S1,SOC108 / 16,WORLD HISTORY/A,RYAN ISAACSON,10,2027,F,1.02 pts,14.86,,44,,#N/A
13,11/26/24,1,S1,VOC705 / 11,DIGITAL PHOTOGRAPHY I,ROSANNA RUFF,11,2026,B+,3.29 pts,2.43,,45,,#N/A
13,11/26/24,2,S1,SCI609 / 12,CHEMISTRY/A,GRANT MERRILL,11,2026,D+,1.97 pts,2.29,,45,,Yes
13,11/26/24,3,S1,ENG719 / 13,AP LANGUAGE/COMPOSITION A,HEATHER CARVER,11,2026,A-,3.41 pts,1.86,,45,,#N/A
13,11/26/24,4,S1,PED500 / 14,WEIGHT TRAINING,SCOTT DIZMANG,11,2026,A,3.71 pts,1.86,,45,,#N/A
13,11/26/24,5,S1,SOC703 / 15,AP US HISTORY A,RYAN ISAACSON,11,2026,A,4.00 pts,1.86,,45,,#N/A
13,11/26/24,6,S1,MAT701 / 16,ALGEBRA II A,JASON BLAESING,11,2026,C+,2.61 pts,2,,45,,Yes
13,11/26/24,2,S1,MAT701 / 12,ALGEBRA II A,JASON BLAESING,11,2026,B+,3.27 pts,14.86,,312,,Yes
13,11/26/24,6,S1,SOC701 / 16,US HISTORY/A,SCOTT BOOTHBY,11,2026,C,2.40 pts,14.71,,312,,Yes
13,11/26/24,1,S1,MAT522 / 11,GEOMETRY A,ROCHELLE AITON,10,2027,D+,1.81 pts,10.71,,53,,Yes
13,11/26/24,1,S1,MAT522 / 11,GEOMETRY A,NINETTE LILIENTHAL,10,2027,D+,1.81 pts,10.71,,53,,Yes
13,11/26/24,4,S1,SCI601 / 14,BIOLOGY A,GRANT MERRILL,10,2027,F,0.58 pts,10.14,,53,,Yes
13,11/26/24,5,S1,MAT522 / 15,GEOMETRY A,BRIAN ANDERSON,10,2027,B,3.11 pts,10,,334,,Yes
13,11/26/24,2,S1,BUS301 / 12,PERSONAL FINANCE A,NICOLE SIMEK,12,2025,C+,2.65 pts,6.69,,240,,Yes
13,11/26/24,6,S1,MAT701 / 16,ALGEBRA II A,JASON BLAESING,11,2026,A,3.86 pts,1,,257,,Yes
13,11/26/24,6,S1,MAT701 / 16,ALGEBRA II A,JASON BLAESING,11,2026,F,1.60 pts,6.67,,258,,Yes
13,11/26/24,4,S1,SCI601 / 14,BIOLOGY A,GRANT MERRILL,10,2027,F,0.00 pts,45.43,,457,,Yes
13,11/26/24,2,S1,MAT701 / 12,ALGEBRA II A,JASON BLAESING,10,2027,A,3.85 pts,8.43,,66,,Yes
13,11/26/24,6,S1,MAT701 / 16,ALGEBRA II A,JASON BLAESING,11,2026,B,3.03 pts,4,,141,,Yes
13,11/26/24,4,S1,MAT522 / 14,GEOMETRY A,ROCHELLE AITON,10,2027,C,2.47 pts,0.14,,170,,Yes
13,11/26/24,4,S1,MAT522 / 14,GEOMETRY A,NINETTE LILIENTHAL,10,2027,C,2.47 pts,0.14,,170,,Yes
13,11/26/24,6,S1,SCI601 / 36,BIOLOGY A,WILLIAM BAUR,10,2027,D+,1.96 pts,0.29,,170,,Yes
13,11/26/24,6,S1,MAT701 / 16,ALGEBRA II A,JASON BLAESING,11,2026,C,2.40 pts,1,,225,,Yes
13,11/26/24,4,S1,SCI601 / 14,BIOLOGY A,GRANT MERRILL,10,2027,D,1.78 pts,6.29,,442,,Yes
13,11/26/24,6,S1,SCI601 / 16,BIOLOGY A,GRANT MERRILL,10,2027,B-,2.71 pts,2,,287,,Yes
13,11/26/24,3,S1,SCI601 / 13,BIOLOGY A,GRANT MERRILL,10,2027,C,2.46 pts,1.43,,137,,Yes
13,11/26/24,4,S1,MAT522 / 14,GEOMETRY A,ROCHELLE AITON,10,2027,B-,2.75 pts,1,,137,,Yes
13,11/26/24,4,S1,MAT522 / 14,GEOMETRY A,NINETTE LILIENTHAL,10,2027,B-,2.75 pts,1,,137,,Yes
13,11/26/24,3,S1,SCI601 / 13,BIOLOGY A,GRANT MERRILL,10,2027,F,1.52 pts,3,,364,,Yes
13,11/26/24,1,S1,MAT522 / 11,GEOMETRY A,ROCHELLE AITON,9,2028,A-,3.50 pts,5,,279,,Yes
13,11/26/24,1,S1,MAT522 / 11,GEOMETRY A,NINETTE LILIENTHAL,9,2028,A-,3.50 pts,5,,279,,Yes
13,11/26/24,1,S1,MAT522 / 11,GEOMETRY A,ROCHELLE AITON,10,2027,C+,2.69 pts,6.29,,193,,Yes
13,11/26/24,1,S1,MAT522 / 11,GEOMETRY A,NINETTE LILIENTHAL,10,2027,C+,2.69 pts,6.29,,193,,Yes
13,11/26/24,5,S1,ENG601 / 15,SOPH ENG/A,MARCEE SALAS,10,2027,D+,1.98 pts,6.57,,193,,Yes
13,11/26/24,3,S1,BUS301 / 13,PERSONAL FINANCE A,NICOLE SIMEK,12,2025,W,2.05 pts,0.14,,64,,Yes
13,11/26/24,2,S1,SCI609 / 12,CHEMISTRY/A,GRANT MERRILL,11,2026,F,1.17 pts,11.86,,65,,Yes
13,11/26/24,3,S1,BUS301 / 13,PERSONAL FINANCE A,NICOLE SIMEK,11,2026,B,3.08 pts,12,,65,,Yes
13,11/26/24,4,S1,SOC701 / 14,US HISTORY/A,DAVE HAJEK,11,2026,C+,2.51 pts,12.71,,65,,Yes
13,11/26/24,3,S1,BUS301 / 13,PERSONAL FINANCE A,NICOLE SIMEK,12,2025,A,4.00 pts,1.29,,283,,Yes
13,11/26/24,3,S1,MAT522 / 13,GEOMETRY A,ROCHELLE AITON,9,2028,A,3.61 pts,0,,284,,Yes
13,11/26/24,3,S1,MAT522 / 13,GEOMETRY A,NINETTE LILIENTHAL,9,2028,A,3.61 pts,0,,284,,Yes
13,11/26/24,3,S1,MAT522 / 13,GEOMETRY A,ROCHELLE AITON,10,2027,B,3.05 pts,4,,269,,Yes
13,11/26/24,3,S1,MAT522 / 13,GEOMETRY A,NINETTE LILIENTHAL,10,2027,B,3.05 pts,4,,269,,Yes
13,11/26/24,2,S1,ENG601 / 12,SOPH ENG/A,KELLY GREGERSEN,10,2027,B,3.19 pts,3.43,,290,,Yes
13,11/26/24,2,S1,MAT701 / 12,ALGEBRA II A,JASON BLAESING,11,2026,B+,3.32 pts,7.86,,370,,Yes
13,11/26/24,6,S1,ENG501 / 16,FR ENGLISH/A,DAVID HOLLINGSWORTH,9,2028,A-,3.48 pts,13.14,,98,,Yes
13,11/26/24,2,S1,MAT522 / 12,GEOMETRY A,ROCHELLE AITON,9,2028,A-,3.45 pts,1.29,,311,,Yes
13,11/26/24,2,S1,MAT522 / 12,GEOMETRY A,NINETTE LILIENTHAL,9,2028,A-,3.45 pts,1.29,,311,,Yes
13,11/26/24,6,S1,MAT701 / 16,ALGEBRA II A,JASON BLAESING,11,2026,A-,3.45 pts,5.33,,127,,Yes
13,11/26/24,1,S1,MAT704 / 11,PRE-CALC A MAT 153,BRIAN ANDERSON,12,2025,D,1.74 pts,1.57,,352,,Yes
13,11/26/24,3,S1,MAT701 / 13,ALGEBRA II A,JENNIFER REILLY,10,2027,A-,3.44 pts,4.29,,186,,Yes
13,11/26/24,6,S1,SCI601 / 36,BIOLOGY A,WILLIAM BAUR,10,2027,A,3.73 pts,3.86,,186,,Yes
13,11/26/24,4,S1,MAT522 / 14,GEOMETRY A,ROCHELLE AITON,10,2027,D+,1.82 pts,6.43,,437,,Yes
13,11/26/24,4,S1,MAT522 / 14,GEOMETRY A,NINETTE LILIENTHAL,10,2027,D+,1.82 pts,6.43,,437,,Yes
13,11/26/24,6,S1,SCI601 / 36,BIOLOGY A,WILLIAM BAUR,12,2025,A,3.68 pts,17.33,,178,,Yes
13,11/26/24,2,S1,BUS301 / 12,PERSONAL FINANCE A,NICOLE SIMEK,12,2025,B,2.99 pts,12.29,,135,,Yes
13,11/26/24,1,S1,MAT522 / 11,GEOMETRY A,ROCHELLE AITON,10,2027,D+,1.91 pts,7,,246,,Yes
13,11/26/24,1,S1,MAT522 / 11,GEOMETRY A,NINETTE LILIENTHAL,10,2027,D+,1.91 pts,7,,246,,Yes
13,11/26/24,2,S1,MAT701 / 12,ALGEBRA II A,JASON BLAESING,11,2026,B,3.01 pts,5,,241,,Yes
13,11/26/24,2,S1,BUS301 / 12,PERSONAL FINANCE A,NICOLE SIMEK,12,2025,B+,3.23 pts,9.43,,97,,Yes
13,11/26/24,2,S1,BUS301 / 12,PERSONAL FINANCE A,NICOLE SIMEK,12,2025,B,2.91 pts,7.71,,96,,Yes
13,11/26/24,3,S1,SCI601 / 13,BIOLOGY A,GRANT MERRILL,10,2027,F,1.16 pts,2.57,,136,,Yes
13,11/26/24,4,S1,MAT522 / 14,GEOMETRY A,ROCHELLE AITON,10,2027,F,0.00 pts,26.71,,447,,Yes
13,11/26/24,4,S1,MAT522 / 14,GEOMETRY A,NINETTE LILIENTHAL,10,2027,F,0.00 pts,26.71,,447,,Yes
13,11/26/24,1,S1,MAT522 / 11,GEOMETRY A,ROCHELLE AITON,10,2027,C,2.24 pts,0.29,,411,,Yes
13,11/26/24,1,S1,MAT522 / 11,GEOMETRY A,NINETTE LILIENTHAL,10,2027,C,2.24 pts,0.29,,411,,Yes
13,11/26/24,3,S1,MAT701 / 13,ALGEBRA II A,JENNIFER REILLY,10,2027,A,3.96 pts,1.71,,153,,Yes
13,11/26/24,2,S1,MAT701 / 12,ALGEBRA II A,JASON BLAESING,11,2026,F,1.62 pts,21.86,,274,,Yes
13,11/26/24,1,S1,MAT522 / 11,GEOMETRY A,ROCHELLE AITON,10,2027,A-,3.52 pts,0,,184,,Yes
13,11/26/24,1,S1,MAT522 / 11,GEOMETRY A,NINETTE LILIENTHAL,10,2027,A-,3.52 pts,0,,184,,Yes
13,11/26/24,4,S1,SCI601 / 14,BIOLOGY A,GRANT MERRILL,10,2027,B,3.04 pts,0,,184,,Yes
13,11/26/24,6,S1,ENG501 / 16,FR ENGLISH/A,DAVID HOLLINGSWORTH,9,2028,B-,2.73 pts,1,,308,,Yes
13,11/26/24,2,S1,MAT522 / 12,GEOMETRY A,ROCHELLE AITON,9,2028,B+,3.33 pts,1.71,,166,,Yes
13,11/26/24,2,S1,MAT522 / 12,GEOMETRY A,NINETTE LILIENTHAL,9,2028,B+,3.33 pts,1.71,,166,,Yes
13,11/26/24,6,S1,ENG501 / 16,FR ENGLISH/A,DAVID HOLLINGSWORTH,9,2028,A,3.99 pts,1.71,,166,,Yes
13,11/26/24,6,S1,ENG501 / 16,FR ENGLISH/A,DAVID HOLLINGSWORTH,9,2028,B+,3.36 pts,3.14,,268,,Yes
13,11/26/24,5,S1,MAT522 / 15,GEOMETRY A,BRIAN ANDERSON,9,2028,B,3.12 pts,0.14,,351,,Yes
13,11/26/24,2,S1,ENG601 / 12,SOPH ENG/A,KELLY GREGERSEN,10,2027,B-,2.87 pts,5.86,,143,,Yes
13,11/26/24,4,S1,MAT522 / 14,GEOMETRY A,ROCHELLE AITON,10,2027,F,0.96 pts,7.43,,143,,Yes
13,11/26/24,4,S1,MAT522 / 14,GEOMETRY A,NINETTE LILIENTHAL,10,2027,F,0.96 pts,7.43,,143,,Yes
13,11/26/24,2,S1,BUS301 / 12,PERSONAL FINANCE A,NICOLE SIMEK,12,2025,F,0.59 pts,9.43,,377,,Yes
13,11/26/24,4,S1,MAT522 / 14,GEOMETRY A,ROCHELLE AITON,10,2027,F,0.70 pts,3,,110,,Yes
13,11/26/24,4,S1,MAT522 / 14,GEOMETRY A,NINETTE LILIENTHAL,10,2027,F,0.70 pts,3,,110,,Yes
13,11/26/24,5,S1,ENG601 / 15,SOPH ENG/A,MARCEE SALAS,10,2027,F,1.05 pts,3.29,,110,,Yes
13,11/26/24,6,S1,SCI601 / 16,BIOLOGY A,GRANT MERRILL,10,2027,F,0.20 pts,4,,110,,Yes
13,11/26/24,6,S1,ENG501 / 16,FR ENGLISH/A,DAVID HOLLINGSWORTH,9,2028,B,3.11 pts,2.14,,196,,Yes
13,11/26/24,4,S1,MAT522 / 14,GEOMETRY A,ROCHELLE AITON,9,2028,A-,3.43 pts,1.86,,434,,Yes
13,11/26/24,4,S1,MAT522 / 14,GEOMETRY A,NINETTE LILIENTHAL,9,2028,A-,3.43 pts,1.86,,434,,Yes
13,11/26/24,1,S1,MAT522 / 11,GEOMETRY A,ROCHELLE AITON,10,2027,B-,2.71 pts,15.14,,383,,Yes
13,11/26/24,1,S1,MAT522 / 11,GEOMETRY A,NINETTE LILIENTHAL,10,2027,B-,2.71 pts,15.14,,383,,Yes
13,11/26/24,3,S1,SCI601 / 13,BIOLOGY A,GRANT MERRILL,10,2027,C,2.39 pts,14.86,,383,,Yes
13,11/26/24,5,S1,ENG601 / 15,SOPH ENG/A,MARCEE SALAS,10,2027,B,3.02 pts,15.43,,383,,Yes
13,11/26/24,2,S1,BUS301 / 12,PERSONAL FINANCE A,NICOLE SIMEK,12,2025,A,3.86 pts,7.86,,104,,Yes
13,11/26/24,2,S1,SCI609 / 12,CHEMISTRY/A,GRANT MERRILL,12,2025,,0.00 pts,10.29,,422,,Yes
13,11/26/24,4,S1,SCI601 / 14,BIOLOGY A,GRANT MERRILL,10,2027,F,0.80 pts,5.14,,374,,Yes
13,11/26/24,5,S1,ENG601 / 15,SOPH ENG/A,MARCEE SALAS,10,2027,F,1.64 pts,5,,374,,Yes
13,11/26/24,6,S1,MAT701 / 16,ALGEBRA II A,JASON BLAESING,11,2026,B+,3.31 pts,1,,119,,Yes
13,11/26/24,3,S1,BUS301 / 13,PERSONAL FINANCE A,NICOLE SIMEK,11,2026,F,0.84 pts,2.29,,435,,Yes
13,11/26/24,6,S1,SCI601 / 16,BIOLOGY A,GRANT MERRILL,11,2026,,0.00 pts,0.17,,435,,Yes
13,11/26/24,3,S1,BUS301 / 13,PERSONAL FINANCE A,NICOLE SIMEK,12,2025,C-,2.13 pts,2,,345,,Yes
13,11/26/24,6,S1,MAT701 / 16,ALGEBRA II A,JASON BLAESING,11,2026,A-,3.41 pts,5.71,,316,,Yes
13,11/26/24,6,S1,MAT701 / 16,ALGEBRA II A,JASON BLAESING,11,2026,A-,3.58 pts,4,,313,,Yes
13,11/26/24,6,S1,MAT701 / 16,ALGEBRA II A,JASON BLAESING,11,2026,A-,3.59 pts,4.86,,307,,Yes
13,11/26/24,4,S1,SOC701 / 14,US HISTORY/A,DAVE HAJEK,11,2026,A,3.85 pts,1,,223,,Yes
13,11/26/24,5,S1,ENG701 / 15,JUNIOR ENG/A,JOHN CARVER,11,2026,A,3.88 pts,1,,223,,Yes
13,11/26/24,3,S1,BUS301 / 13,PERSONAL FINANCE A,NICOLE SIMEK,12,2025,C-,2.05 pts,3.71,,365,,Yes
13,11/26/24,1,S1,MAT522 / 11,GEOMETRY A,ROCHELLE AITON,9,2028,C+,2.66 pts,7.43,,79,,Yes
13,11/26/24,1,S1,MAT522 / 11,GEOMETRY A,NINETTE LILIENTHAL,9,2028,C+,2.66 pts,7.43,,79,,Yes
13,11/26/24,2,S1,ENG601 / 12,SOPH ENG/A,KELLY GREGERSEN,10,2027,C,2.25 pts,9.14,,52,,Yes
13,11/26/24,4,S1,MAT522 / 14,GEOMETRY A,ROCHELLE AITON,10,2027,C,2.31 pts,8.57,,52,,Yes
13,11/26/24,4,S1,MAT522 / 14,GEOMETRY A,NINETTE LILIENTHAL,10,2027,C,2.31 pts,8.57,,52,,Yes
13,11/26/24,3,S1,MAT701 / 13,ALGEBRA II A,JENNIFER REILLY,11,2026,F,0.96 pts,33.57,,164,,Yes
13,11/26/24,2,S1,MAT701 / 12,ALGEBRA II A,JASON BLAESING,11,2026,F,1.58 pts,19.71,,121,,Yes
13,11/26/24,3,S1,MAT701 / 13,ALGEBRA II A,JENNIFER REILLY,11,2026,A,3.73 pts,2,,288,,Yes
13,11/26/24,6,S1,SOC701 / 16,US HISTORY/A,SCOTT BOOTHBY,11,2026,A-,3.48 pts,2,,288,,Yes
13,11/26/24,3,S1,BUS301 / 13,PERSONAL FINANCE A,NICOLE SIMEK,12,2025,,4.00 pts,0,,213,,Yes
13,11/26/24,6,S1,ENG501 / 16,FR ENGLISH/A,DAVID HOLLINGSWORTH,9,2028,B-,2.76 pts,11.57,,212,,Yes
13,11/26/24,2,S1,BUS301 / 12,PERSONAL FINANCE A,NICOLE SIMEK,12,2025,D,1.79 pts,4,,156,,Yes
13,11/26/24,4,S1,SCI601 / 14,BIOLOGY A,GRANT MERRILL,10,2027,F,0.30 pts,16.67,,120,,Yes
13,11/26/24,5,S1,ENG601 / 15,SOPH ENG/A,MARCEE SALAS,10,2027,F,1.60 pts,14.64,,120,,Yes
13,11/26/24,1,S1,MAT704 / 11,PRE-CALC A MAT 153,BRIAN ANDERSON,12,2025,A,3.84 pts,2,,265,,Yes
13,11/26/24,6,S1,MAT701 / 16,ALGEBRA II A,JASON BLAESING,11,2026,C-,2.19 pts,7.57,,361,,Yes
13,11/26/24,3,S1,MAT522 / 13,GEOMETRY A,ROCHELLE AITON,10,2027,F,0.00 pts,26.71,,160,,Yes
13,11/26/24,3,S1,MAT522 / 13,GEOMETRY A,NINETTE LILIENTHAL,10,2027,F,0.00 pts,26.71,,160,,Yes
13,11/26/24,1,S1,MAT522 / 11,GEOMETRY A,ROCHELLE AITON,10,2027,B+,3.22 pts,6.29,,386,,Yes
13,11/26/24,1,S1,MAT522 / 11,GEOMETRY A,NINETTE LILIENTHAL,10,2027,B+,3.22 pts,6.29,,386,,Yes
13,11/26/24,3,S1,SCI601 / 13,BIOLOGY A,GRANT MERRILL,10,2027,F,1.51 pts,4.57,,386,,Yes
13,11/26/24,3,S1,MAT522 / 13,GEOMETRY A,ROCHELLE AITON,10,2027,F,1.60 pts,17.29,,67,,Yes
13,11/26/24,3,S1,MAT522 / 13,GEOMETRY A,NINETTE LILIENTHAL,10,2027,F,1.60 pts,17.29,,67,,Yes
13,11/26/24,4,S1,SCI601 / 14,BIOLOGY A,GRANT MERRILL,10,2027,F,0.57 pts,17,,67,,Yes
13,11/26/24,4,S1,SOC701 / 14,US HISTORY/A,DAVE HAJEK,11,2026,F,1.01 pts,9,,451,,Yes
13,11/26/24,2,S1,SCI609 / 12,CHEMISTRY/A,GRANT MERRILL,11,2026,C+,2.62 pts,0.43,,297,,Yes
13,11/26/24,2,S1,BUS301 / 12,PERSONAL FINANCE A,NICOLE SIMEK,12,2025,C+,2.50 pts,7.29,,322,,Yes
13,11/26/24,2,S1,BUS301 / 12,PERSONAL FINANCE A,NICOLE SIMEK,12,2025,F,0.26 pts,17.86,,321,,Yes
13,11/26/24,2,S1,MAT522 / 12,GEOMETRY A,ROCHELLE AITON,10,2027,F,0.00 pts,9,,463,,Yes
13,11/26/24,2,S1,MAT522 / 12,GEOMETRY A,NINETTE LILIENTHAL,10,2027,F,0.00 pts,9,,463,,Yes
13,11/26/24,3,S1,BUS301 / 13,PERSONAL FINANCE A,NICOLE SIMEK,11,2026,F,0.59 pts,15.29,,276,,Yes
13,11/26/24,5,S1,ENG701 / 15,JUNIOR ENG/A,JOHN CARVER,11,2026,B,3.09 pts,12.43,,276,,Yes
13,11/26/24,3,S1,MAT701 / 13,ALGEBRA II A,JENNIFER REILLY,11,2026,F,0.42 pts,30.43,,81,,Yes
13,11/26/24,1,S1,MAT704 / 11,PRE-CALC A MAT 153,BRIAN ANDERSON,12,2025,D,1.77 pts,2,,51,,Yes
13,11/26/24,6,S1,ENG501 / 16,FR ENGLISH/A,DAVID HOLLINGSWORTH,9,2028,A,3.94 pts,1.14,,217,,Yes
13,11/26/24,3,S1,MAT701 / 13,ALGEBRA II A,JENNIFER REILLY,10,2027,B,3.10 pts,3.29,,353,,Yes
13,11/26/24,5,S1,ENG601 / 15,SOPH ENG/A,MARCEE SALAS,10,2027,B+,3.26 pts,2.86,,353,,Yes
13,11/26/24,6,S1,SCI601 / 36,BIOLOGY A,WILLIAM BAUR,10,2027,A-,3.47 pts,3,,353,,Yes
13,11/26/24,3,S1,SCI601 / 13,BIOLOGY A,GRANT MERRILL,10,2027,,3.22 pts,0,,125,,Yes
13,11/26/24,5,S1,ENG601 / 15,SOPH ENG/A,MARCEE SALAS,10,2027,,4.00 pts,0,,125,,Yes
13,11/26/24,6,S1,MAT701 / 16,ALGEBRA II A,JASON BLAESING,10,2027,,4.00 pts,0,,125,,Yes
13,11/26/24,6,S1,SCI601 / 16,BIOLOGY A,GRANT MERRILL,10,2027,C,2.28 pts,0,,125,,Yes
13,11/26/24,3,S1,MAT701 / 13,ALGEBRA II A,JENNIFER REILLY,10,2027,A-,3.59 pts,0.86,,247,,Yes
13,11/26/24,6,S1,SOC701 / 16,US HISTORY/A,SCOTT BOOTHBY,11,2026,D+,1.94 pts,21.57,,74,,Yes
13,11/26/24,6,S1,MAT701 / 16,ALGEBRA II A,JASON BLAESING,10,2027,A,3.70 pts,2,,384,,Yes
13,11/26/24,6,S1,ENG501 / 16,FR ENGLISH/A,DAVID HOLLINGSWORTH,9,2028,C-,2.12 pts,2,,346,,Yes
13,11/26/24,1,S1,MAT522 / 11,GEOMETRY A,ROCHELLE AITON,10,2027,F,0.47 pts,19.71,,407,,Yes
13,11/26/24,1,S1,MAT522 / 11,GEOMETRY A,NINETTE LILIENTHAL,10,2027,F,0.47 pts,19.71,,407,,Yes
13,11/26/24,2,S1,ENG601 / 12,SOPH ENG/A,KELLY GREGERSEN,10,2027,F,0.20 pts,19.86,,407,,Yes
13,11/26/24,4,S1,SCI601 / 14,BIOLOGY A,GRANT MERRILL,10,2027,F,0.35 pts,21.14,,407,,Yes
13,11/26/24,5,S1,ENG601 / 15,SOPH ENG/A,MARCEE SALAS,10,2027,C,2.30 pts,4,,108,,Yes
13,11/26/24,2,S1,MAT522 / 12,GEOMETRY A,ROCHELLE AITON,10,2027,D+,1.87 pts,19.86,,272,,Yes
13,11/26/24,2,S1,MAT522 / 12,GEOMETRY A,NINETTE LILIENTHAL,10,2027,D+,1.87 pts,19.86,,272,,Yes
13,11/26/24,4,S1,SOC701 / 14,US HISTORY/A,DAVE HAJEK,11,2026,F,1.01 pts,6.67,,449,,Yes
13,11/26/24,5,S1,ENG601 / 15,SOPH ENG/A,MARCEE SALAS,10,2027,C+,2.69 pts,0.29,,330,,Yes
13,11/26/24,6,S1,SCI601 / 36,BIOLOGY A,WILLIAM BAUR,10,2027,B-,2.71 pts,0,,330,,Yes
13,11/26/24,1,S1,MAT522 / 11,GEOMETRY A,ROCHELLE AITON,10,2027,B-,2.86 pts,0.14,,162,,Yes
13,11/26/24,1,S1,MAT522 / 11,GEOMETRY A,NINETTE LILIENTHAL,10,2027,B-,2.86 pts,0.14,,162,,Yes
13,11/26/24,2,S1,ENG601 / 12,SOPH ENG/A,KELLY GREGERSEN,10,2027,B,3.11 pts,0.14,,162,,Yes
13,11/26/24,6,S1,SCI601 / 36,BIOLOGY A,WILLIAM BAUR,10,2027,A-,3.44 pts,0.14,,162,,Yes
13,11/26/24,5,S1,ENG601 / 15,SOPH ENG/A,MARCEE SALAS,10,2027,C,2.46 pts,5.43,,371,,Yes
13,11/26/24,2,S1,BUS301 / 12,PERSONAL FINANCE A,NICOLE SIMEK,12,2025,C+,2.62 pts,5.57,,195,,Yes
13,11/26/24,2,S1,ENG601 / 12,SOPH ENG/A,KELLY GREGERSEN,10,2027,B-,2.88 pts,3.14,,347,,Yes
13,11/26/24,4,S1,SCI601 / 14,BIOLOGY A,GRANT MERRILL,10,2027,B-,2.86 pts,2.86,,347,,Yes
13,11/26/24,3,S1,MAT522 / 13,GEOMETRY A,ROCHELLE AITON,9,2028,C,2.22 pts,3.71,,211,,Yes
13,11/26/24,3,S1,MAT522 / 13,GEOMETRY A,NINETTE LILIENTHAL,9,2028,C,2.22 pts,3.71,,211,,Yes
13,11/26/24,2,S1,MAT522 / 12,GEOMETRY A,ROCHELLE AITON,11,2026,F,1.48 pts,17.43,,343,,Yes
13,11/26/24,2,S1,MAT522 / 12,GEOMETRY A,NINETTE LILIENTHAL,11,2026,F,1.48 pts,17.43,,343,,Yes
13,11/26/24,4,S1,SOC701 / 14,US HISTORY/A,DAVE HAJEK,11,2026,F,1.17 pts,14.71,,343,,Yes
13,11/26/24,5,S1,MAT522 / 15,GEOMETRY A,BRIAN ANDERSON,10,2027,B-,2.76 pts,1.71,,165,,Yes
13,11/26/24,6,S1,SCI601 / 36,BIOLOGY A,WILLIAM BAUR,10,2027,A-,3.52 pts,1.71,,165,,Yes
13,11/26/24,6,S1,SCI601 / 36,BIOLOGY A,WILLIAM BAUR,10,2027,A-,3.56 pts,4,,462,,Yes
13,11/26/24,2,S1,BUS301 / 12,PERSONAL FINANCE A,NICOLE SIMEK,12,2025,B,2.93 pts,4.86,,415,,Yes
13,11/26/24,4,S1,SCI601 / 14,BIOLOGY A,GRANT MERRILL,10,2027,D+,1.93 pts,5.43,,432,,Yes
13,11/26/24,3,S1,MAT522 / 13,GEOMETRY A,ROCHELLE AITON,10,2027,A,3.72 pts,1,,204,,Yes
13,11/26/24,3,S1,MAT522 / 13,GEOMETRY A,NINETTE LILIENTHAL,10,2027,A,3.72 pts,1,,204,,Yes
13,11/26/24,5,S1,ENG601 / 15,SOPH ENG/A,MARCEE SALAS,10,2027,C,2.46 pts,1,,204,,Yes
13,11/26/24,6,S1,SCI601 / 16,BIOLOGY A,GRANT MERRILL,10,2027,B,2.94 pts,1,,204,,Yes
13,11/26/24,6,S1,ENG501 / 16,FR ENGLISH/A,DAVID HOLLINGSWORTH,9,2028,A,4.00 pts,0.29,,62,,Yes
13,11/26/24,5,S1,MAT522 / 15,GEOMETRY A,BRIAN ANDERSON,9,2028,B-,2.88 pts,1,,154,,Yes
13,11/26/24,3,S1,SCI601 / 13,BIOLOGY A,GRANT MERRILL,10,2027,C,2.37 pts,1.14,,155,,Yes
13,11/26/24,4,S1,MAT522 / 14,GEOMETRY A,ROCHELLE AITON,10,2027,B,3.18 pts,0.86,,155,,Yes
13,11/26/24,4,S1,MAT522 / 14,GEOMETRY A,NINETTE LILIENTHAL,10,2027,B,3.18 pts,0.86,,155,,Yes
13,11/26/24,6,S1,MAT701 / 16,ALGEBRA II A,JASON BLAESING,11,2026,A-,3.45 pts,4.5,,278,,Yes
13,11/26/24,2,S1,MAT522 / 12,GEOMETRY A,ROCHELLE AITON,10,2027,B-,2.73 pts,5.14,,215,,Yes
13,11/26/24,2,S1,MAT522 / 12,GEOMETRY A,NINETTE LILIENTHAL,10,2027,B-,2.73 pts,5.14,,215,,Yes
13,11/26/24,6,S1,SCI601 / 16,BIOLOGY A,GRANT MERRILL,10,2027,C+,2.61 pts,6.43,,215,,Yes
13,11/26/24,6,S1,SCI601 / 36,BIOLOGY A,WILLIAM BAUR,10,2027,A,3.70 pts,2,,337,,Yes
13,11/26/24,4,S1,SOC701 / 14,US HISTORY/A,DAVE HAJEK,11,2026,A,3.86 pts,1.33,,336,,Yes
13,11/26/24,5,S1,ENG701 / 15,JUNIOR ENG/A,JOHN CARVER,11,2026,A,3.95 pts,1,,336,,Yes
13,11/26/24,6,S1,MAT701 / 16,ALGEBRA II A,JASON BLAESING,11,2026,A,3.86 pts,1,,336,,Yes
13,11/26/24,6,S1,SOC701 / 16,US HISTORY/A,SCOTT BOOTHBY,11,2026,A,3.64 pts,3.86,,210,,Yes
13,11/26/24,4,S1,MAT522 / 14,GEOMETRY A,ROCHELLE AITON,10,2027,A-,3.56 pts,2.71,,444,,Yes
13,11/26/24,4,S1,MAT522 / 14,GEOMETRY A,NINETTE LILIENTHAL,10,2027,A-,3.56 pts,2.71,,444,,Yes
13,11/26/24,4,S1,SCI601 / 14,BIOLOGY A,GRANT MERRILL,10,2027,F,1.09 pts,5.43,,448,,Yes
13,11/26/24,5,S1,MAT522 / 15,GEOMETRY A,BRIAN ANDERSON,10,2027,F,0.28 pts,5.71,,194,,Yes
13,11/26/24,4,S1,SOC701 / 14,US HISTORY/A,DAVE HAJEK,11,2026,C-,2.08 pts,2,,298,,Yes
13,11/26/24,5,S1,ENG701 / 15,JUNIOR ENG/A,JOHN CARVER,11,2026,A,3.66 pts,2.14,,298,,Yes
13,11/26/24,6,S1,ENG501 / 16,FR ENGLISH/A,DAVID HOLLINGSWORTH,9,2028,A,3.63 pts,0.57,,181,,Yes
13,11/26/24,2,S1,MAT522 / 12,GEOMETRY A,ROCHELLE AITON,10,2027,B+,3.36 pts,0,,206,,Yes
13,11/26/24,2,S1,MAT522 / 12,GEOMETRY A,NINETTE LILIENTHAL,10,2027,B+,3.36 pts,0,,206,,Yes
13,11/26/24,6,S1,SCI601 / 36,BIOLOGY A,WILLIAM BAUR,10,2027,C-,2.08 pts,0.29,,206,,Yes
13,11/26/24,2,S1,ENG601 / 12,SOPH ENG/A,KELLY GREGERSEN,10,2027,B+,3.24 pts,8.29,,418,,Yes
13,11/26/24,6,S1,SCI601 / 16,BIOLOGY A,GRANT MERRILL,10,2027,F,1.27 pts,7.57,,418,,Yes
13,11/26/24,1,S1,MAT522 / 11,GEOMETRY A,ROCHELLE AITON,10,2027,F,1.42 pts,9.86,,116,,Yes
13,11/26/24,1,S1,MAT522 / 11,GEOMETRY A,NINETTE LILIENTHAL,10,2027,F,1.42 pts,9.86,,116,,Yes
13,11/26/24,2,S1,ENG601 / 12,SOPH ENG/A,KELLY GREGERSEN,10,2027,F,0.91 pts,10,,116,,Yes
13,11/26/24,3,S1,BUS301 / 13,PERSONAL FINANCE A,NICOLE SIMEK,11,2026,F,0.89 pts,2.14,,209,,Yes
13,11/26/24,2,S1,MAT701 / 12,ALGEBRA II A,JASON BLAESING,11,2026,A-,3.43 pts,4.71,,222,,Yes
13,11/26/24,5,S1,ENG701 / 15,JUNIOR ENG/A,JOHN CARVER,11,2026,A,3.76 pts,4.71,,222,,Yes
13,11/26/24,3,S1,SCI601 / 13,BIOLOGY A,GRANT MERRILL,10,2027,F,0.61 pts,8.14,,391,,Yes
13,11/26/24,3,S1,MAT522 / 13,GEOMETRY A,ROCHELLE AITON,10,2027,A,3.61 pts,0,,264,,Yes
13,11/26/24,3,S1,MAT522 / 13,GEOMETRY A,NINETTE LILIENTHAL,10,2027,A,3.61 pts,0,,264,,Yes
13,11/26/24,3,S1,MAT701 / 13,ALGEBRA II A,JENNIFER REILLY,11,2026,C-,2.00 pts,13.57,,177,,Yes
13,11/26/24,5,S1,ENG701 / 15,JUNIOR ENG/A,JOHN CARVER,11,2026,C,2.24 pts,13.43,,177,,Yes
13,11/26/24,6,S1,SOC701 / 16,US HISTORY/A,SCOTT BOOTHBY,11,2026,D+,1.94 pts,14.43,,177,,Yes
13,11/26/24,3,S1,BUS301 / 13,PERSONAL FINANCE A,NICOLE SIMEK,11,2026,F,0.39 pts,27.71,,300,,Yes
13,11/26/24,5,S1,ENG701 / 15,JUNIOR ENG/A,JOHN CARVER,11,2026,D,1.66 pts,20,,300,,Yes
13,11/26/24,2,S1,MAT701 / 12,ALGEBRA II A,JASON BLAESING,11,2026,A-,3.44 pts,0.14,,56,,Yes
13,11/26/24,5,S1,ENG701 / 15,JUNIOR ENG/A,JOHN CARVER,11,2026,B,2.91 pts,0.71,,56,,Yes
13,11/26/24,4,S1,SCI601 / 14,BIOLOGY A,GRANT MERRILL,10,2027,C,2.28 pts,4.57,,198,,Yes
13,11/26/24,5,S1,MAT522 / 15,GEOMETRY A,BRIAN ANDERSON,10,2027,C+,2.61 pts,4,,198,,Yes
13,11/26/24,2,S1,SCI609 / 12,CHEMISTRY/A,GRANT MERRILL,11,2026,D,1.76 pts,2.71,,150,,Yes
13,11/26/24,1,S1,MAT522 / 11,GEOMETRY A,ROCHELLE AITON,10,2027,F,0.76 pts,0.86,,94,,Yes
13,11/26/24,1,S1,MAT522 / 11,GEOMETRY A,NINETTE LILIENTHAL,10,2027,F,0.76 pts,0.86,,94,,Yes
13,11/26/24,2,S1,ENG601 / 12,SOPH ENG/A,KELLY GREGERSEN,10,2027,F,0.06 pts,1.57,,94,,Yes
13,11/26/24,6,S1,SCI601 / 36,BIOLOGY A,WILLIAM BAUR,10,2027,A,4.00 pts,0,,133,,Yes
13,11/26/24,2,S1,SCI609 / 12,CHEMISTRY/A,GRANT MERRILL,11,2026,,0.00 pts,8.29,,75,,Yes
13,11/26/24,3,S1,BUS301 / 13,PERSONAL FINANCE A,NICOLE SIMEK,11,2026,,0.00 pts,8.86,,75,,Yes
13,11/26/24,4,S1,SOC701 / 14,US HISTORY/A,DAVE HAJEK,11,2026,,0.00 pts,8.43,,75,,Yes
13,11/26/24,3,S1,MAT522 / 13,GEOMETRY A,ROCHELLE AITON,9,2028,B-,2.73 pts,4.71,,76,,Yes
13,11/26/24,3,S1,MAT522 / 13,GEOMETRY A,NINETTE LILIENTHAL,9,2028,B-,2.73 pts,4.71,,76,,Yes
13,11/26/24,3,S1,MAT701 / 13,ALGEBRA II A,JENNIFER REILLY,12,2025,A-,3.57 pts,0,,149,,Yes
13,11/26/24,4,S1,SCI601 / 14,BIOLOGY A,GRANT MERRILL,12,2025,B-,2.77 pts,10.43,,426,,Yes
13,11/26/24,5,S1,ENG601 / 15,SOPH ENG/A,MARCEE SALAS,10,2027,C+,2.67 pts,5.14,,403,,Yes
13,11/26/24,2,S1,MAT701 / 12,ALGEBRA II A,JASON BLAESING,11,2026,C+,2.55 pts,4.29,,78,,Yes
13,11/26/24,1,S1,MAT522 / 11,GEOMETRY A,ROCHELLE AITON,10,2027,F,0.94 pts,4.29,,122,,Yes
13,11/26/24,1,S1,MAT522 / 11,GEOMETRY A,NINETTE LILIENTHAL,10,2027,F,0.94 pts,4.29,,122,,Yes
13,11/26/24,2,S1,ENG601 / 12,SOPH ENG/A,KELLY GREGERSEN,10,2027,F,0.93 pts,4.14,,122,,Yes
13,11/26/24,2,S1,MAT701 / 12,ALGEBRA II A,JASON BLAESING,11,2026,A,3.72 pts,4.5,,124,,Yes
13,11/26/24,2,S1,SCI609 / 12,CHEMISTRY/A,GRANT MERRILL,11,2026,A-,3.58 pts,0.29,,315,,Yes
13,11/26/24,6,S1,MAT701 / 16,ALGEBRA II A,JASON BLAESING,11,2026,B+,3.29 pts,2.57,,314,,Yes
13,11/26/24,2,S1,BUS301 / 12,PERSONAL FINANCE A,NICOLE SIMEK,11,2026,B+,3.30 pts,0,,327,,Yes
13,11/26/24,5,S1,ENG701 / 15,JUNIOR ENG/A,JOHN CARVER,11,2026,A,3.70 pts,0,,327,,Yes
13,11/26/24,6,S1,SOC701 / 16,US HISTORY/A,SCOTT BOOTHBY,11,2026,B+,3.39 pts,0.14,,327,,Yes
13,11/26/24,6,S1,ENG501 / 16,FR ENGLISH/A,DAVID HOLLINGSWORTH,9,2028,B,2.98 pts,6.71,,289,,Yes
13,11/26/24,2,S1,BUS301 / 12,PERSONAL FINANCE A,NICOLE SIMEK,12,2025,D+,1.98 pts,8.57,,385,,Yes
13,11/26/24,5,S1,ENG701 / 15,JUNIOR ENG/A,JOHN CARVER,12,2025,B,3.16 pts,7.86,,385,,Yes
13,11/26/24,1,S1,MAT522 / 11,GEOMETRY A,ROCHELLE AITON,9,2028,B,3.17 pts,5.29,,69,,Yes
13,11/26/24,1,S1,MAT522 / 11,GEOMETRY A,NINETTE LILIENTHAL,9,2028,B,3.17 pts,5.29,,69,,Yes
13,11/26/24,4,S1,SOC701 / 14,US HISTORY/A,DAVE HAJEK,11,2026,C+,2.65 pts,6.43,,439,,Yes
13,11/26/24,6,S1,ENG501 / 16,FR ENGLISH/A,DAVID HOLLINGSWORTH,9,2028,C,2.49 pts,19.29,,410,,Yes
13,11/26/24,2,S1,MAT522 / 12,GEOMETRY A,ROCHELLE AITON,10,2027,D+,1.94 pts,5.57,,146,,Yes
13,11/26/24,2,S1,MAT522 / 12,GEOMETRY A,NINETTE LILIENTHAL,10,2027,D+,1.94 pts,5.57,,146,,Yes
13,11/26/24,6,S1,SCI601 / 16,BIOLOGY A,GRANT MERRILL,10,2027,F,1.40 pts,6.57,,146,,Yes
13,11/26/24,2,S1,MAT522 / 12,GEOMETRY A,ROCHELLE AITON,9,2028,A,3.77 pts,1,,231,,Yes
13,11/26/24,2,S1,MAT522 / 12,GEOMETRY A,NINETTE LILIENTHAL,9,2028,A,3.77 pts,1,,231,,Yes
13,11/26/24,2,S1,MAT701 / 12,ALGEBRA II A,JASON BLAESING,11,2026,C,2.31 pts,0.86,,152,,Yes
13,11/26/24,4,S1,MAT522 / 14,GEOMETRY A,ROCHELLE AITON,10,2027,B-,2.82 pts,0,,202,,Yes
13,11/26/24,4,S1,MAT522 / 14,GEOMETRY A,NINETTE LILIENTHAL,10,2027,B-,2.82 pts,0,,202,,Yes
13,11/26/24,6,S1,SCI601 / 16,BIOLOGY A,GRANT MERRILL,10,2027,F,1.14 pts,0,,202,,Yes
13,11/26/24,6,S1,MAT701 / 16,ALGEBRA II A,JASON BLAESING,11,2026,D+,1.89 pts,3,,379,,Yes
13,11/26/24,1,S1,MAT522 / 11,GEOMETRY A,ROCHELLE AITON,10,2027,B-,2.86 pts,3,,335,,Yes
13,11/26/24,1,S1,MAT522 / 11,GEOMETRY A,NINETTE LILIENTHAL,10,2027,B-,2.86 pts,3,,335,,Yes
13,11/26/24,6,S1,SCI601 / 16,BIOLOGY A,GRANT MERRILL,10,2027,D+,1.81 pts,1,,375,,Yes
13,11/26/24,6,S1,SOC701 / 16,US HISTORY/A,SCOTT BOOTHBY,11,2026,C,2.41 pts,1,,376,,Yes
13,11/26/24,1,S1,MAT522 / 11,GEOMETRY A,ROCHELLE AITON,10,2027,D,1.73 pts,1.43,,399,,Yes
13,11/26/24,1,S1,MAT522 / 11,GEOMETRY A,NINETTE LILIENTHAL,10,2027,D,1.73 pts,1.43,,399,,Yes
13,11/26/24,2,S1,ENG601 / 12,SOPH ENG/A,KELLY GREGERSEN,10,2027,B-,2.82 pts,1.43,,399,,Yes
13,11/26/24,6,S1,SCI601 / 16,BIOLOGY A,GRANT MERRILL,10,2027,D+,1.84 pts,1.43,,399,,Yes
13,11/26/24,4,S1,SCI601 / 14,BIOLOGY A,GRANT MERRILL,10,2027,C+,2.56 pts,0.71,,441,,Yes
13,11/26/24,6,S1,SCI601 / 36,BIOLOGY A,WILLIAM BAUR,10,2027,B,2.90 pts,0.86,,174,,Yes
13,11/26/24,5,S1,MAT522 / 15,GEOMETRY A,BRIAN ANDERSON,10,2027,F,1.09 pts,10,,63,,Yes
13,11/26/24,3,S1,BUS301 / 13,PERSONAL FINANCE A,NICOLE SIMEK,12,2025,A,4.00 pts,6.86,,413,,Yes
13,11/26/24,6,S1,ENG501 / 16,FR ENGLISH/A,DAVID HOLLINGSWORTH,9,2028,D+,1.94 pts,2.57,,245,,Yes
13,11/26/24,3,S1,MAT701 / 13,ALGEBRA II A,JENNIFER REILLY,11,2026,B,3.04 pts,2,,172,,Yes
13,11/26/24,3,S1,MAT522 / 13,GEOMETRY A,ROCHELLE AITON,9,2028,B-,2.71 pts,3.71,,358,,Yes
13,11/26/24,3,S1,MAT522 / 13,GEOMETRY A,NINETTE LILIENTHAL,9,2028,B-,2.71 pts,3.71,,358,,Yes
13,11/26/24,6,S1,ENG501 / 16,FR ENGLISH/A,DAVID HOLLINGSWORTH,9,2028,A,3.82 pts,0,,189,,Yes
13,11/26/24,5,S1,MAT522 / 15,GEOMETRY A,BRIAN ANDERSON,9,2028,B,3.02 pts,0,,420,,Yes
13,11/26/24,4,S1,SCI601 / 14,BIOLOGY A,GRANT MERRILL,10,2027,F,0.70 pts,17.57,,456,,Yes
13,11/26/24,3,S1,MAT522 / 13,GEOMETRY A,ROCHELLE AITON,9,2028,,,0,,70,,Yes
13,11/26/24,3,S1,MAT522 / 13,GEOMETRY A,NINETTE LILIENTHAL,9,2028,,,0,,70,,Yes
13,11/26/24,5,S1,MAT522 / 15,GEOMETRY A,BRIAN ANDERSON,10,2027,C-,2.15 pts,2,,163,,Yes
13,11/26/24,6,S1,ENG501 / 16,FR ENGLISH/A,DAVID HOLLINGSWORTH,9,2028,B,3.16 pts,4.57,,366,,Yes
13,11/26/24,6,S1,ENG501 / 16,FR ENGLISH/A,DAVID HOLLINGSWORTH,9,2028,C,2.33 pts,26,,129,,Yes
13,11/26/24,6,S1,SCI601 / 36,BIOLOGY A,WILLIAM BAUR,10,2027,,,9.14,,467,,Yes
13,11/26/24,2,S1,MAT522 / 12,GEOMETRY A,ROCHELLE AITON,10,2027,B,2.93 pts,13.57,,220,,Yes
13,11/26/24,2,S1,MAT522 / 12,GEOMETRY A,NINETTE LILIENTHAL,10,2027,B,2.93 pts,13.57,,220,,Yes
13,11/26/24,3,S1,SCI601 / 13,BIOLOGY A,GRANT MERRILL,10,2027,C,2.36 pts,13.71,,220,,Yes
13,11/26/24,3,S1,BUS301 / 13,PERSONAL FINANCE A,NICOLE SIMEK,12,2025,A,4.00 pts,0.14,,326,,Yes
13,11/26/24,5,S1,ENG701 / 15,JUNIOR ENG/A,JOHN CARVER,11,2026,A-,3.53 pts,3.33,,148,,Yes
13,11/26/24,6,S1,MAT701 / 16,ALGEBRA II A,JASON BLAESING,11,2026,B+,3.31 pts,3,,148,,Yes
13,11/26/24,1,S1,MAT704 / 11,PRE-CALC A MAT 153,BRIAN ANDERSON,11,2026,C+,2.52 pts,2.29,,350,,Yes
13,11/26/24,2,S1,SCI609 / 12,CHEMISTRY/A,GRANT MERRILL,11,2026,C+,2.59 pts,2.43,,350,,Yes
13,11/26/24,4,S1,SOC701 / 14,US HISTORY/A,DAVE HAJEK,11,2026,B,3.15 pts,2.71,,350,,Yes
13,11/26/24,5,S1,ENG701 / 15,JUNIOR ENG/A,JOHN CARVER,11,2026,A-,3.52 pts,2.71,,350,,Yes
13,11/26/24,2,S1,MAT701 / 12,ALGEBRA II A,JASON BLAESING,10,2027,A,3.87 pts,2.57,,398,,Yes
13,11/26/24,3,S1,SCI601 / 13,BIOLOGY A,GRANT MERRILL,10,2027,B+,3.37 pts,2.43,,398,,Yes
13,11/26/24,4,S1,SOC701 / 14,US HISTORY/A,DAVE HAJEK,11,2026,F,1.10 pts,5.14,,286,,Yes
13,11/26/24,5,S1,ENG701 / 15,JUNIOR ENG/A,JOHN CARVER,11,2026,,2.37 pts,3.86,,286,,Yes
13,11/26/24,6,S1,ENG501 / 16,FR ENGLISH/A,DAVID HOLLINGSWORTH,9,2028,C,2.21 pts,6.14,,461,,Yes
13,11/26/24,5,S1,ENG701 / 15,JUNIOR ENG/A,JOHN CARVER,11,2026,C-,2.00 pts,6.57,,466,,Yes
13,11/26/24,5,S1,ENG701 / 15,JUNIOR ENG/A,JOHN CARVER,11,2026,C-,2.00 pts,9.29,,465,,Yes
14,12/4/24,3,S1,BUS301 / 13,PERSONAL FINANCE A,NICOLE SIMEK,12,2025,A,3.80 pts,0,,200,,Yes
14,12/4/24,3,S1,BUS301 / 13,PERSONAL FINANCE A,NICOLE SIMEK,12,2025,C,2.45 pts,3.71,,394,,Yes
14,12/4/24,2,S1,BUS301 / 12,PERSONAL FINANCE A,NICOLE SIMEK,12,2025,B,3.13 pts,5.57,,93,,Yes
14,12/4/24,2,S1,BUS301 / 12,PERSONAL FINANCE A,NICOLE SIMEK,12,2025,D+,1.89 pts,8.57,,299,,Yes
14,12/4/24,1,S1,MAT522 / 11,GEOMETRY A,ROCHELLE AITON,10,2027,C+,2.58 pts,0.43,,179,,Yes
14,12/4/24,1,S1,MAT522 / 11,GEOMETRY A,NINETTE LILIENTHAL,10,2027,C+,2.58 pts,0.43,,179,,Yes
14,12/4/24,3,S1,MAT701 / 13,ALGEBRA II A,JENNIFER REILLY,11,2026,B,3.09 pts,7.14,,271,,Yes
14,12/4/24,6,S1,SOC701 / 16,US HISTORY/A,SCOTT BOOTHBY,11,2026,F,1.57 pts,7.29,,271,,Yes
14,12/4/24,1,S1,MAT704 / 11,PRE-CALC A MAT 153,BRIAN ANDERSON,11,2026,A-,3.54 pts,2.29,,101,,Yes
14,12/4/24,2,S1,SCI609 / 12,CHEMISTRY/A,GRANT MERRILL,11,2026,A,3.80 pts,2.29,,101,,Yes
14,12/4/24,4,S1,SOC701 / 14,US HISTORY/A,DAVE HAJEK,11,2026,A-,3.43 pts,1.29,,101,,Yes
14,12/4/24,3,S1,MAT522 / 13,GEOMETRY A,ROCHELLE AITON,9,2028,A,3.72 pts,0,,192,,Yes
14,12/4/24,3,S1,MAT522 / 13,GEOMETRY A,NINETTE LILIENTHAL,9,2028,A,3.72 pts,0,,192,,Yes
14,12/4/24,5,S1,ENG701 / 15,JUNIOR ENG/A,JOHN CARVER,11,2026,F,0.87 pts,41.86,,239,,Yes
14,12/4/24,2,S1,ENG601 / 12,SOPH ENG/A,KELLY GREGERSEN,10,2027,B-,2.84 pts,0,,392,,Yes
14,12/4/24,6,S1,MAT701 / 16,ALGEBRA II A,JASON BLAESING,12,2025,C+,2.58 pts,4.29,,49,,Yes
14,12/4/24,2,S1,BUS301 / 12,PERSONAL FINANCE A,NICOLE SIMEK,12,2025,A,3.99 pts,4.29,,176,,Yes
14,12/4/24,2,S1,BUS301 / 12,PERSONAL FINANCE A,NICOLE SIMEK,12,2025,D+,1.88 pts,23.57,,227,,Yes
14,12/4/24,2,S1,BUS301 / 12,PERSONAL FINANCE A,NICOLE SIMEK,12,2025,B-,2.86 pts,25,,381,,Yes
14,12/4/24,2,S1,BUS301 / 12,PERSONAL FINANCE A,NICOLE SIMEK,12,2025,A-,3.50 pts,3,,233,,Yes
14,12/4/24,3,S1,BUS301 / 13,PERSONAL FINANCE A,NICOLE SIMEK,12,2025,B+,3.28 pts,7.71,,280,,Yes
14,12/4/24,3,S1,BUS301 / 13,PERSONAL FINANCE A,NICOLE SIMEK,12,2025,A,3.75 pts,1.86,,341,,Yes
14,12/4/24,2,S1,BUS301 / 12,PERSONAL FINANCE A,NICOLE SIMEK,12,2025,C,2.36 pts,17.29,,201,,Yes
14,12/4/24,2,S1,BUS301 / 12,PERSONAL FINANCE A,NICOLE SIMEK,12,2025,F,1.40 pts,8.43,,362,,Yes
14,12/4/24,2,S1,BUS301 / 12,PERSONAL FINANCE A,NICOLE SIMEK,12,2025,A,3.94 pts,4,,259,,Yes
14,12/4/24,2,S1,SCI609 / 12,CHEMISTRY/A,GRANT MERRILL,12,2025,B-,2.82 pts,10,,423,,Yes
14,12/4/24,3,S1,BUS301 / 13,PERSONAL FINANCE A,NICOLE SIMEK,12,2025,D+,1.81 pts,3.29,,305,,Yes
14,12/4/24,6,S1,SCI601 / 36,BIOLOGY A,WILLIAM BAUR,12,2025,C+,2.64 pts,1.86,,188,,Yes
14,12/4/24,1,S1,MAT704 / 11,PRE-CALC A MAT 153,BRIAN ANDERSON,12,2025,D+,1.94 pts,4.43,,323,,Yes
14,12/4/24,3,S1,BUS301 / 13,PERSONAL FINANCE A,NICOLE SIMEK,12,2025,A,3.70 pts,3.71,,323,,Yes
14,12/4/24,2,S1,BUS301 / 12,PERSONAL FINANCE A,NICOLE SIMEK,12,2025,F,1.42 pts,15.43,,216,,Yes
14,12/4/24,3,S1,BUS301 / 13,PERSONAL FINANCE A,NICOLE SIMEK,12,2025,B,3.03 pts,3.31,,408,,Yes
14,12/4/24,3,S1,BUS301 / 13,PERSONAL FINANCE A,NICOLE SIMEK,12,2025,A,3.87 pts,0.57,,90,,Yes
14,12/4/24,2,S1,SCI609 / 12,CHEMISTRY/A,GRANT MERRILL,12,2025,B,3.05 pts,5,,82,,Yes
14,12/4/24,3,S1,BUS301 / 13,PERSONAL FINANCE A,NICOLE SIMEK,11,2026,F,1.35 pts,1.71,,253,,Yes
14,12/4/24,3,S1,MAT701 / 13,ALGEBRA II A,JENNIFER REILLY,11,2026,B,3.03 pts,0,,115,,Yes
14,12/4/24,4,S1,SOC701 / 14,US HISTORY/A,DAVE HAJEK,11,2026,F,1.17 pts,5.86,,254,,Yes
14,12/4/24,5,S1,ENG701 / 15,JUNIOR ENG/A,JOHN CARVER,11,2026,B-,2.75 pts,5.29,,254,,Yes
14,12/4/24,2,S1,BUS301 / 12,PERSONAL FINANCE A,NICOLE SIMEK,12,2025,B-,2.82 pts,2,,61,,Yes
14,12/4/24,3,S1,BUS301 / 13,PERSONAL FINANCE A,NICOLE SIMEK,12,2025,C+,2.58 pts,3.86,,332,,Yes
14,12/4/24,2,S1,SCI609 / 12,CHEMISTRY/A,GRANT MERRILL,12,2025,F,1.07 pts,27.86,,354,,Yes
14,12/4/24,3,S1,BUS301 / 13,PERSONAL FINANCE A,NICOLE SIMEK,12,2025,F,1.55 pts,3.86,,105,,Yes
14,12/4/24,4,S1,MAT522 / 14,GEOMETRY A,ROCHELLE AITON,10,2027,C-,2.06 pts,4.29,,425,,Yes
14,12/4/24,4,S1,MAT522 / 14,GEOMETRY A,NINETTE LILIENTHAL,10,2027,C-,2.06 pts,4.29,,425,,Yes
14,12/4/24,6,S1,MAT701 / 16,ALGEBRA II A,JASON BLAESING,10,2027,A,3.99 pts,0.14,,54,,Yes
14,12/4/24,2,S1,MAT522 / 12,GEOMETRY A,ROCHELLE AITON,10,2027,D+,1.93 pts,1,,338,,Yes
14,12/4/24,2,S1,MAT522 / 12,GEOMETRY A,NINETTE LILIENTHAL,10,2027,D+,1.93 pts,1,,338,,Yes
14,12/4/24,5,S1,ENG601 / 15,SOPH ENG/A,MARCEE SALAS,10,2027,B-,2.78 pts,1,,338,,Yes
14,12/4/24,3,S1,SCI601 / 13,BIOLOGY A,GRANT MERRILL,10,2027,F,0.65 pts,35,,92,,Yes
14,12/4/24,3,S1,MAT522 / 13,GEOMETRY A,ROCHELLE AITON,9,2028,A-,3.48 pts,0.86,,363,,Yes
14,12/4/24,3,S1,MAT522 / 13,GEOMETRY A,NINETTE LILIENTHAL,9,2028,A-,3.48 pts,0.86,,363,,Yes
14,12/4/24,6,S1,ENG501 / 16,FR ENGLISH/A,DAVID HOLLINGSWORTH,9,2028,C-,2.10 pts,2,,229,,Yes
14,12/4/24,4,S1,MAT522 / 14,GEOMETRY A,ROCHELLE AITON,10,2027,D+,1.83 pts,1.57,,424,,Yes
14,12/4/24,4,S1,MAT522 / 14,GEOMETRY A,NINETTE LILIENTHAL,10,2027,D+,1.83 pts,1.57,,424,,Yes
14,12/4/24,2,S1,MAT701 / 12,ALGEBRA II A,JASON BLAESING,11,2026,C,2.21 pts,0,,107,,Yes
14,12/4/24,1,S1,MAT704 / 11,PRE-CALC A MAT 153,BRIAN ANDERSON,11,2026,B-,2.88 pts,2,,114,,Yes
14,12/4/24,2,S1,SCI609 / 12,CHEMISTRY/A,GRANT MERRILL,11,2026,B,2.94 pts,1.29,,114,,Yes
14,12/4/24,2,S1,ENG601 / 12,SOPH ENG/A,KELLY GREGERSEN,10,2027,D+,1.84 pts,10,,117,,Yes
14,12/4/24,4,S1,MAT522 / 14,GEOMETRY A,ROCHELLE AITON,10,2027,F,0.87 pts,9.57,,117,,Yes
14,12/4/24,4,S1,MAT522 / 14,GEOMETRY A,NINETTE LILIENTHAL,10,2027,F,0.87 pts,9.57,,117,,Yes
14,12/4/24,6,S1,SCI601 / 16,BIOLOGY A,GRANT MERRILL,10,2027,F,0.63 pts,9.71,,117,,Yes
14,12/4/24,3,S1,MAT522 / 13,GEOMETRY A,ROCHELLE AITON,10,2027,B,3.06 pts,7,,118,,Yes
14,12/4/24,3,S1,MAT522 / 13,GEOMETRY A,NINETTE LILIENTHAL,10,2027,B,3.06 pts,7,,118,,Yes
14,12/4/24,5,S1,MAT522 / 15,GEOMETRY A,BRIAN ANDERSON,10,2027,D+,1.99 pts,4.29,,142,,Yes
14,12/4/24,6,S1,SCI601 / 16,BIOLOGY A,GRANT MERRILL,10,2027,F,1.19 pts,4.71,,142,,Yes
14,12/4/24,2,S1,MAT522 / 12,GEOMETRY A,ROCHELLE AITON,10,2027,C,2.30 pts,3.43,,168,,Yes
14,12/4/24,2,S1,MAT522 / 12,GEOMETRY A,NINETTE LILIENTHAL,10,2027,C,2.30 pts,3.43,,168,,Yes
14,12/4/24,3,S1,MAT701 / 13,ALGEBRA II A,JENNIFER REILLY,11,2026,A,3.81 pts,2,,208,,Yes
14,12/4/24,5,S1,MAT522 / 15,GEOMETRY A,BRIAN ANDERSON,10,2027,B-,2.70 pts,1.29,,244,,Yes
14,12/4/24,2,S1,ENG601 / 12,SOPH ENG/A,KELLY GREGERSEN,10,2027,A,3.66 pts,0.14,,324,,Yes
14,12/4/24,3,S1,MAT522 / 13,GEOMETRY A,ROCHELLE AITON,10,2027,C+,2.50 pts,0,,324,,Yes
14,12/4/24,3,S1,MAT522 / 13,GEOMETRY A,NINETTE LILIENTHAL,10,2027,C+,2.50 pts,0,,324,,Yes
14,12/4/24,4,S1,MAT522 / 14,GEOMETRY A,ROCHELLE AITON,10,2027,B-,2.73 pts,2,,458,,Yes
14,12/4/24,4,S1,MAT522 / 14,GEOMETRY A,NINETTE LILIENTHAL,10,2027,B-,2.73 pts,2,,458,,Yes
14,12/4/24,5,S1,ENG701 / 15,JUNIOR ENG/A,JOHN CARVER,11,2026,C,2.33 pts,6,,131,,Yes
14,12/4/24,1,S1,MAT522 / 11,GEOMETRY A,ROCHELLE AITON,10,2027,F,1.02 pts,10.71,,248,,Yes
14,12/4/24,1,S1,MAT522 / 11,GEOMETRY A,NINETTE LILIENTHAL,10,2027,F,1.02 pts,10.71,,248,,Yes
14,12/4/24,5,S1,ENG601 / 15,SOPH ENG/A,MARCEE SALAS,10,2027,B,3.00 pts,0,,373,,Yes
14,12/4/24,6,S1,SCI601 / 36,BIOLOGY A,WILLIAM BAUR,10,2027,A,3.66 pts,0,,373,,Yes
14,12/4/24,2,S1,MAT701 / 12,ALGEBRA II A,JASON BLAESING,11,2026,A,3.84 pts,1,,320,,Yes
14,12/4/24,6,S1,SOC701 / 16,US HISTORY/A,SCOTT BOOTHBY,11,2026,C,2.48 pts,3,,320,,Yes
14,12/4/24,3,S1,MAT701 / 13,ALGEBRA II A,JENNIFER REILLY,11,2026,B-,2.76 pts,4.57,,128,,Yes
14,12/4/24,6,S1,MAT701 / 16,ALGEBRA II A,JASON BLAESING,11,2026,A,3.70 pts,8.67,,161,,Yes
14,12/4/24,3,S1,MAT701 / 13,ALGEBRA II A,JENNIFER REILLY,11,2026,A,3.95 pts,8.33,,191,,Yes
14,12/4/24,6,S1,SOC701 / 16,US HISTORY/A,SCOTT BOOTHBY,11,2026,A,3.75 pts,5.67,,224,,Yes
14,12/4/24,5,S1,ENG701 / 15,JUNIOR ENG/A,JOHN CARVER,11,2026,B,3.03 pts,6.14,,255,,Yes
14,12/4/24,6,S1,SOC701 / 16,US HISTORY/A,SCOTT BOOTHBY,11,2026,D+,1.88 pts,6.57,,255,,Yes
14,12/4/24,2,S1,MAT701 / 12,ALGEBRA II A,JASON BLAESING,11,2026,B,3.11 pts,3.71,,260,,Yes
14,12/4/24,5,S1,ENG701 / 15,JUNIOR ENG/A,JOHN CARVER,11,2026,A,3.93 pts,4,,260,,Yes
14,12/4/24,5,S1,ENG701 / 15,JUNIOR ENG/A,JOHN CARVER,11,2026,C,2.33 pts,9,,396,,Yes
14,12/4/24,1,S1,MAT704 / 11,PRE-CALC A MAT 153,BRIAN ANDERSON,11,2026,A-,3.55 pts,1.33,,400,,Yes
14,12/4/24,2,S1,ENG601 / 12,SOPH ENG/A,KELLY GREGERSEN,10,2027,F,1.59 pts,16.43,,416,,Yes
14,12/4/24,3,S1,MAT522 / 13,GEOMETRY A,ROCHELLE AITON,10,2027,D,1.73 pts,16.43,,416,,Yes
14,12/4/24,3,S1,MAT522 / 13,GEOMETRY A,NINETTE LILIENTHAL,10,2027,D,1.73 pts,16.43,,416,,Yes
14,12/4/24,1,S1,MAT522 / 11,GEOMETRY A,ROCHELLE AITON,10,2027,C-,2.17 pts,4.71,,318,,Yes
14,12/4/24,1,S1,MAT522 / 11,GEOMETRY A,NINETTE LILIENTHAL,10,2027,C-,2.17 pts,4.71,,318,,Yes
14,12/4/24,3,S1,SCI601 / 13,BIOLOGY A,GRANT MERRILL,10,2027,F,1.13 pts,6.43,,318,,Yes
14,12/4/24,3,S1,BUS301 / 13,PERSONAL FINANCE A,NICOLE SIMEK,11,2026,B+,3.39 pts,2.71,,230,,Yes
14,12/4/24,4,S1,SOC701 / 14,US HISTORY/A,DAVE HAJEK,11,2026,B,3.07 pts,2.71,,230,,Yes
14,12/4/24,5,S1,ENG701 / 15,JUNIOR ENG/A,JOHN CARVER,11,2026,A,3.92 pts,2.71,,230,,Yes
14,12/4/24,4,S1,SCI601 / 14,BIOLOGY A,GRANT MERRILL,10,2027,C+,2.57 pts,5.57,,429,,Yes
14,12/4/24,2,S1,BUS301 / 12,PERSONAL FINANCE A,NICOLE SIMEK,12,2025,C,2.35 pts,17.43,,331,,Yes
14,12/4/24,2,S1,ENG601 / 12,SOPH ENG/A,KELLY GREGERSEN,10,2027,A,3.76 pts,0,,102,,Yes
14,12/4/24,3,S1,MAT522 / 13,GEOMETRY A,ROCHELLE AITON,10,2027,B+,3.28 pts,0,,102,,Yes
14,12/4/24,3,S1,MAT522 / 13,GEOMETRY A,NINETTE LILIENTHAL,10,2027,B+,3.28 pts,0,,102,,Yes
14,12/4/24,6,S1,SOC701 / 16,US HISTORY/A,SCOTT BOOTHBY,11,2026,C,2.22 pts,11,,134,,Yes
14,12/4/24,6,S1,MAT701 / 16,ALGEBRA II A,JASON BLAESING,11,2026,B,3.19 pts,6,,112,,Yes
14,12/4/24,3,S1,MAT701 / 13,ALGEBRA II A,JENNIFER REILLY,11,2026,B+,3.37 pts,12.14,,207,,Yes
14,12/4/24,2,S1,SCI609 / 12,CHEMISTRY/A,GRANT MERRILL,11,2026,C+,2.68 pts,4.71,,86,,Yes
14,12/4/24,6,S1,SOC701 / 16,US HISTORY/A,SCOTT BOOTHBY,11,2026,B-,2.75 pts,5.57,,86,,Yes
14,12/4/24,2,S1,MAT701 / 12,ALGEBRA II A,JASON BLAESING,11,2026,B-,2.89 pts,11.57,,145,,Yes
14,12/4/24,2,S1,SCI609 / 12,CHEMISTRY/A,GRANT MERRILL,11,2026,B,2.93 pts,9.71,,242,,Yes
14,12/4/24,3,S1,BUS301 / 13,PERSONAL FINANCE A,NICOLE SIMEK,11,2026,A,4.00 pts,9.29,,242,,Yes
14,12/4/24,1,S1,MAT704 / 11,PRE-CALC A MAT 153,BRIAN ANDERSON,11,2026,B,2.97 pts,0,,151,,Yes
14,12/4/24,2,S1,MAT701 / 12,ALGEBRA II A,JASON BLAESING,11,2026,F,0.00 pts,31,,180,,Yes
14,12/4/24,4,S1,SOC701 / 14,US HISTORY/A,DAVE HAJEK,11,2026,D,1.78 pts,7,,438,,Yes
14,12/4/24,6,S1,MAT701 / 16,ALGEBRA II A,JASON BLAESING,11,2026,A-,3.43 pts,1.14,,342,,Yes
14,12/4/24,6,S1,MAT701 / 16,ALGEBRA II A,JASON BLAESING,11,2026,C+,2.67 pts,6.07,,357,,Yes
14,12/4/24,3,S1,MAT701 / 13,ALGEBRA II A,JENNIFER REILLY,11,2026,C,2.25 pts,4.86,,339,,Yes
14,12/4/24,3,S1,MAT701 / 13,ALGEBRA II A,JENNIFER REILLY,11,2026,C+,2.58 pts,4.76,,380,,Yes
14,12/4/24,6,S1,SOC701 / 16,US HISTORY/A,SCOTT BOOTHBY,11,2026,C,2.39 pts,5.55,,380,,Yes
14,12/4/24,2,S1,SCI609 / 12,CHEMISTRY/A,GRANT MERRILL,11,2026,C,2.43 pts,6,,282,,Yes
14,12/4/24,3,S1,MAT701 / 13,ALGEBRA II A,JENNIFER REILLY,11,2026,A-,3.57 pts,5.86,,282,,Yes
14,12/4/24,4,S1,SOC701 / 14,US HISTORY/A,DAVE HAJEK,11,2026,C,2.22 pts,8.43,,282,,Yes
14,12/4/24,5,S1,ENG701 / 15,JUNIOR ENG/A,JOHN CARVER,11,2026,B,2.97 pts,8.43,,282,,Yes
14,12/4/24,2,S1,BUS301 / 12,PERSONAL FINANCE A,NICOLE SIMEK,11,2026,A,3.67 pts,7.43,,185,,Yes
14,12/4/24,4,S1,SOC701 / 14,US HISTORY/A,DAVE HAJEK,11,2026,B+,3.22 pts,7.29,,185,,Yes
14,12/4/24,3,S1,MAT701 / 13,ALGEBRA II A,JENNIFER REILLY,11,2026,A-,3.59 pts,1.33,,103,,Yes
14,12/4/24,2,S1,MAT701 / 12,ALGEBRA II A,JASON BLAESING,11,2026,C-,2.19 pts,4.29,,85,,Yes
14,12/4/24,6,S1,SOC701 / 16,US HISTORY/A,SCOTT BOOTHBY,11,2026,A,3.61 pts,4.57,,85,,Yes
14,12/4/24,1,S1,MAT704 / 11,PRE-CALC A MAT 153,BRIAN ANDERSON,11,2026,B+,3.20 pts,2,,95,,Yes
14,12/4/24,6,S1,MAT701 / 16,ALGEBRA II A,JASON BLAESING,11,2026,B-,2.86 pts,2.5,,50,,Yes
14,12/4/24,1,S1,MAT704 / 11,PRE-CALC A MAT 153,BRIAN ANDERSON,11,2026,B-,2.82 pts,1,,328,,Yes
14,12/4/24,6,S1,SOC701 / 16,US HISTORY/A,SCOTT BOOTHBY,11,2026,D+,1.98 pts,3.6,,275,,Yes
14,12/4/24,1,S1,MAT704 / 11,PRE-CALC A MAT 153,BRIAN ANDERSON,11,2026,A,3.86 pts,0,,409,,Yes
14,12/4/24,5,S1,ENG701 / 15,JUNIOR ENG/A,JOHN CARVER,11,2026,A,4.00 pts,0,,409,,Yes
14,12/4/24,3,S1,MAT701 / 13,ALGEBRA II A,JENNIFER REILLY,11,2026,B-,2.75 pts,6.14,,412,,Yes
14,12/4/24,6,S1,SOC701 / 16,US HISTORY/A,SCOTT BOOTHBY,11,2026,A,3.96 pts,2,,68,,Yes
14,12/4/24,3,S1,BUS301 / 13,PERSONAL FINANCE A,NICOLE SIMEK,11,2026,C+,2.65 pts,4,,267,,Yes
14,12/4/24,6,S1,SOC701 / 16,US HISTORY/A,SCOTT BOOTHBY,11,2026,C-,2.05 pts,27.71,,147,,Yes
14,12/4/24,2,S1,BUS301 / 12,PERSONAL FINANCE A,NICOLE SIMEK,12,2025,F,0.87 pts,22.86,,73,,Yes
14,12/4/24,5,S1,ENG701 / 15,JUNIOR ENG/A,JOHN CARVER,11,2026,B+,3.20 pts,10.86,,218,,Yes
14,12/4/24,6,S1,SOC701 / 16,US HISTORY/A,SCOTT BOOTHBY,11,2026,D+,1.81 pts,10.14,,218,,Yes
14,12/4/24,6,S1,MAT701 / 16,ALGEBRA II A,JASON BLAESING,11,2026,F,1.58 pts,10.86,,296,,Yes
14,12/4/24,2,S1,SCI609 / 12,CHEMISTRY/A,GRANT MERRILL,11,2026,A,3.77 pts,0,,100,,Yes
14,12/4/24,1,S1,MAT704 / 11,PRE-CALC A MAT 153,BRIAN ANDERSON,11,2026,C,2.21 pts,0.86,,138,,Yes
14,12/4/24,5,S1,ENG701 / 15,JUNIOR ENG/A,JOHN CARVER,11,2026,A,3.63 pts,2.71,,138,,Yes
14,12/4/24,2,S1,SCI609 / 12,CHEMISTRY/A,GRANT MERRILL,11,2026,C,2.46 pts,0,,158,,Yes
14,12/4/24,5,S1,ENG701 / 15,JUNIOR ENG/A,JOHN CARVER,11,2026,A,3.92 pts,0.43,,158,,Yes
14,12/4/24,3,S1,MAT701 / 13,ALGEBRA II A,JENNIFER REILLY,11,2026,C,2.48 pts,3.29,,406,,Yes
14,12/4/24,2,S1,MAT701 / 12,ALGEBRA II A,JASON BLAESING,11,2026,A-,3.41 pts,4.29,,262,,Yes
14,12/4/24,6,S1,SOC701 / 16,US HISTORY/A,SCOTT BOOTHBY,11,2026,C,2.20 pts,5,,262,,Yes
14,12/4/24,1,S1,MAT704 / 11,PRE-CALC A MAT 153,BRIAN ANDERSON,11,2026,B-,2.87 pts,5.5,,263,,Yes
14,12/4/24,2,S1,ENG601 / 12,SOPH ENG/A,KELLY GREGERSEN,10,2027,B,3.17 pts,6.29,,77,,Yes
14,12/4/24,3,S1,SCI601 / 13,BIOLOGY A,GRANT MERRILL,10,2027,C+,2.62 pts,6.71,,77,,Yes
14,12/4/24,3,S1,SCI601 / 13,BIOLOGY A,GRANT MERRILL,10,2027,B+,3.35 pts,0,,126,,Yes
14,12/4/24,5,S1,MAT522 / 15,GEOMETRY A,BRIAN ANDERSON,10,2027,A,3.69 pts,0.29,,126,,Yes
14,12/4/24,2,S1,ENG601 / 12,SOPH ENG/A,KELLY GREGERSEN,10,2027,C,2.47 pts,7.71,,433,,Yes
14,12/4/24,4,S1,SCI601 / 14,BIOLOGY A,GRANT MERRILL,10,2027,F,0.50 pts,7.14,,433,,Yes
14,12/4/24,6,S1,ENG501 / 16,FR ENGLISH/A,DAVID HOLLINGSWORTH,9,2028,B-,2.85 pts,0.14,,183,,Yes
14,12/4/24,2,S1,MAT522 / 12,GEOMETRY A,ROCHELLE AITON,10,2027,C+,2.69 pts,4.86,,205,,Yes
14,12/4/24,2,S1,MAT522 / 12,GEOMETRY A,NINETTE LILIENTHAL,10,2027,C+,2.69 pts,4.86,,205,,Yes
14,12/4/24,3,S1,SCI601 / 13,BIOLOGY A,GRANT MERRILL,10,2027,C,2.44 pts,0,,226,,Yes
14,12/4/24,6,S1,MAT701 / 16,ALGEBRA II A,JASON BLAESING,10,2027,A,3.69 pts,1,,226,,Yes
14,12/4/24,2,S1,MAT701 / 12,ALGEBRA II A,JASON BLAESING,10,2027,A,3.98 pts,1.71,,237,,Yes
14,12/4/24,3,S1,SCI601 / 13,BIOLOGY A,GRANT MERRILL,10,2027,C+,2.64 pts,1.71,,237,,Yes
14,12/4/24,6,S1,ENG501 / 16,FR ENGLISH/A,DAVID HOLLINGSWORTH,9,2028,A-,3.48 pts,1.14,,270,,Yes
14,12/4/24,4,S1,MAT522 / 14,GEOMETRY A,ROCHELLE AITON,10,2027,C+,2.53 pts,1,,443,,Yes
14,12/4/24,4,S1,MAT522 / 14,GEOMETRY A,NINETTE LILIENTHAL,10,2027,C+,2.53 pts,1,,443,,Yes
14,12/4/24,2,S1,MAT522 / 12,GEOMETRY A,ROCHELLE AITON,9,2028,A,3.68 pts,3.43,,393,,Yes
14,12/4/24,2,S1,MAT522 / 12,GEOMETRY A,NINETTE LILIENTHAL,9,2028,A,3.68 pts,3.43,,393,,Yes
14,12/4/24,3,S1,SCI601 / 13,BIOLOGY A,GRANT MERRILL,10,2027,C-,2.03 pts,4.86,,401,,Yes
14,12/4/24,5,S1,ENG601 / 15,SOPH ENG/A,MARCEE SALAS,10,2027,C+,2.60 pts,4.43,,401,,Yes
14,12/4/24,3,S1,MAT522 / 13,GEOMETRY A,ROCHELLE AITON,9,2028,C+,2.53 pts,21.86,,419,,Yes
14,12/4/24,3,S1,MAT522 / 13,GEOMETRY A,NINETTE LILIENTHAL,9,2028,C+,2.53 pts,21.86,,419,,Yes
14,12/4/24,3,S1,MAT522 / 13,GEOMETRY A,ROCHELLE AITON,10,2027,F,0.73 pts,8.29,,251,,Yes
14,12/4/24,3,S1,MAT522 / 13,GEOMETRY A,NINETTE LILIENTHAL,10,2027,F,0.73 pts,8.29,,251,,Yes
14,12/4/24,4,S1,SCI601 / 14,BIOLOGY A,GRANT MERRILL,10,2027,F,0.98 pts,8.57,,251,,Yes
14,12/4/24,6,S1,SOC701 / 16,US HISTORY/A,SCOTT BOOTHBY,11,2026,C-,2.12 pts,5.57,,356,,Yes
14,12/4/24,3,S1,SCI601 / 13,BIOLOGY A,GRANT MERRILL,10,2027,F,1.55 pts,1,,294,,Yes
14,12/4/24,2,S1,MAT522 / 12,GEOMETRY A,ROCHELLE AITON,10,2027,C-,2.17 pts,2,,84,,Yes
14,12/4/24,2,S1,MAT522 / 12,GEOMETRY A,NINETTE LILIENTHAL,10,2027,C-,2.17 pts,2,,84,,Yes
14,12/4/24,1,S1,MAT522 / 11,GEOMETRY A,ROCHELLE AITON,10,2027,F,0.98 pts,10.29,,72,,Yes
14,12/4/24,1,S1,MAT522 / 11,GEOMETRY A,NINETTE LILIENTHAL,10,2027,F,0.98 pts,10.29,,72,,Yes
14,12/4/24,5,S1,ENG601 / 15,SOPH ENG/A,MARCEE SALAS,10,2027,B,2.99 pts,8.86,,72,,Yes
14,12/4/24,3,S1,SCI601 / 13,BIOLOGY A,GRANT MERRILL,10,2027,B-,2.81 pts,2.43,,57,,Yes
14,12/4/24,4,S1,MAT522 / 14,GEOMETRY A,ROCHELLE AITON,10,2027,A,3.90 pts,0,,452,,Yes
14,12/4/24,4,S1,MAT522 / 14,GEOMETRY A,NINETTE LILIENTHAL,10,2027,A,3.90 pts,0,,452,,Yes
14,12/4/24,4,S1,MAT522 / 14,GEOMETRY A,ROCHELLE AITON,10,2027,F,0.70 pts,11,,446,,Yes
14,12/4/24,4,S1,MAT522 / 14,GEOMETRY A,NINETTE LILIENTHAL,10,2027,F,0.70 pts,11,,446,,Yes
14,12/4/24,2,S1,ENG601 / 12,SOPH ENG/A,KELLY GREGERSEN,10,2027,F,0.35 pts,14.14,,309,,Yes
14,12/4/24,4,S1,SCI601 / 14,BIOLOGY A,GRANT MERRILL,10,2027,F,0.84 pts,12,,309,,Yes
14,12/4/24,5,S1,MAT522 / 15,GEOMETRY A,BRIAN ANDERSON,10,2027,F,0.01 pts,9,,309,,Yes
14,12/4/24,5,S1,MAT522 / 15,GEOMETRY A,BRIAN ANDERSON,10,2027,B+,3.35 pts,0,,199,,Yes
14,12/4/24,2,S1,MAT701 / 12,ALGEBRA II A,JASON BLAESING,11,2026,C,2.47 pts,3,,113,,Yes
14,12/4/24,3,S1,SCI601 / 13,BIOLOGY A,GRANT MERRILL,10,2027,A-,3.54 pts,0.86,,140,,Yes
14,12/4/24,2,S1,MAT522 / 12,GEOMETRY A,ROCHELLE AITON,10,2027,C,2.46 pts,1,,238,,Yes
14,12/4/24,2,S1,MAT522 / 12,GEOMETRY A,NINETTE LILIENTHAL,10,2027,C,2.46 pts,1,,238,,Yes
14,12/4/24,5,S1,ENG601 / 15,SOPH ENG/A,MARCEE SALAS,10,2027,C+,2.54 pts,1,,238,,Yes
14,12/4/24,6,S1,SCI601 / 36,BIOLOGY A,WILLIAM BAUR,10,2027,A-,3.50 pts,1,,238,,Yes
14,12/4/24,1,S1,MAT704 / 11,PRE-CALC A MAT 153,BRIAN ANDERSON,11,2026,B,3.09 pts,8,,292,,Yes
14,12/4/24,4,S1,SCI601 / 14,BIOLOGY A,GRANT MERRILL,10,2027,C,2.48 pts,1,,453,,Yes
14,12/4/24,2,S1,MAT522 / 12,GEOMETRY A,ROCHELLE AITON,10,2027,B,2.95 pts,0,,291,,Yes
14,12/4/24,2,S1,MAT522 / 12,GEOMETRY A,NINETTE LILIENTHAL,10,2027,B,2.95 pts,0,,291,,Yes
14,12/4/24,3,S1,SCI601 / 13,BIOLOGY A,GRANT MERRILL,10,2027,D,1.73 pts,0,,291,,Yes
14,12/4/24,3,S1,SCI601 / 13,BIOLOGY A,GRANT MERRILL,10,2027,F,0.20 pts,21.71,,293,,Yes
14,12/4/24,4,S1,MAT522 / 14,GEOMETRY A,ROCHELLE AITON,10,2027,D,1.65 pts,21.71,,293,,Yes
14,12/4/24,4,S1,MAT522 / 14,GEOMETRY A,NINETTE LILIENTHAL,10,2027,D,1.65 pts,21.71,,293,,Yes
14,12/4/24,5,S1,MAT522 / 15,GEOMETRY A,BRIAN ANDERSON,10,2027,B-,2.88 pts,0,,421,,Yes
14,12/4/24,6,S1,SCI601 / 16,BIOLOGY A,GRANT MERRILL,10,2027,D+,1.86 pts,0,,421,,Yes
14,12/4/24,1,S1,MAT704 / 11,PRE-CALC A MAT 153,BRIAN ANDERSON,10,2027,B,3.18 pts,2.14,,304,,Yes
14,12/4/24,2,S1,MAT522 / 12,GEOMETRY A,ROCHELLE AITON,10,2027,C-,2.16 pts,2.86,,414,,Yes
14,12/4/24,2,S1,MAT522 / 12,GEOMETRY A,NINETTE LILIENTHAL,10,2027,C-,2.16 pts,2.86,,414,,Yes
14,12/4/24,5,S1,ENG601 / 15,SOPH ENG/A,MARCEE SALAS,10,2027,B-,2.89 pts,2,,414,,Yes
14,12/4/24,6,S1,SCI601 / 36,BIOLOGY A,WILLIAM BAUR,10,2027,B+,3.23 pts,2.14,,414,,Yes
14,12/4/24,1,S1,MAT522 / 11,GEOMETRY A,ROCHELLE AITON,10,2027,A,3.66 pts,0,,389,,Yes
14,12/4/24,1,S1,MAT522 / 11,GEOMETRY A,NINETTE LILIENTHAL,10,2027,A,3.66 pts,0,,389,,Yes
14,12/4/24,3,S1,SCI601 / 13,BIOLOGY A,GRANT MERRILL,10,2027,B,3.17 pts,0,,389,,Yes
14,12/4/24,1,S1,MAT522 / 11,GEOMETRY A,ROCHELLE AITON,10,2027,B+,3.29 pts,1,,301,,Yes
14,12/4/24,1,S1,MAT522 / 11,GEOMETRY A,NINETTE LILIENTHAL,10,2027,B+,3.29 pts,1,,301,,Yes
14,12/4/24,4,S1,SCI601 / 14,BIOLOGY A,GRANT MERRILL,10,2027,A-,3.43 pts,0.43,,428,,Yes
14,12/4/24,5,S1,MAT522 / 15,GEOMETRY A,BRIAN ANDERSON,10,2027,A,3.79 pts,0.57,,303,,Yes
14,12/4/24,4,S1,MAT522 / 14,GEOMETRY A,ROCHELLE AITON,10,2027,D+,1.82 pts,14,,221,,Yes
14,12/4/24,4,S1,MAT522 / 14,GEOMETRY A,NINETTE LILIENTHAL,10,2027,D+,1.82 pts,14,,221,,Yes
14,12/4/24,5,S1,ENG601 / 15,SOPH ENG/A,MARCEE SALAS,10,2027,C,2.22 pts,14,,221,,Yes
14,12/4/24,4,S1,MAT522 / 14,GEOMETRY A,ROCHELLE AITON,10,2027,B-,2.77 pts,0,,460,,Yes
14,12/4/24,4,S1,MAT522 / 14,GEOMETRY A,NINETTE LILIENTHAL,10,2027,B-,2.77 pts,0,,460,,Yes
14,12/4/24,1,S1,MAT522 / 11,GEOMETRY A,ROCHELLE AITON,10,2027,F,1.58 pts,5.14,,83,,Yes
14,12/4/24,1,S1,MAT522 / 11,GEOMETRY A,NINETTE LILIENTHAL,10,2027,F,1.58 pts,5.14,,83,,Yes
14,12/4/24,4,S1,SCI601 / 14,BIOLOGY A,GRANT MERRILL,10,2027,D,1.70 pts,1,,455,,Yes
14,12/4/24,2,S1,MAT701 / 12,ALGEBRA II A,JASON BLAESING,10,2027,B,3.17 pts,0,,109,,Yes
14,12/4/24,3,S1,MAT522 / 13,GEOMETRY A,ROCHELLE AITON,10,2027,B-,2.71 pts,0,,99,,Yes
14,12/4/24,3,S1,MAT522 / 13,GEOMETRY A,NINETTE LILIENTHAL,10,2027,B-,2.71 pts,0,,99,,Yes
14,12/4/24,2,S1,MAT522 / 12,GEOMETRY A,ROCHELLE AITON,10,2027,F,1.62 pts,8.71,,256,,Yes
14,12/4/24,2,S1,MAT522 / 12,GEOMETRY A,NINETTE LILIENTHAL,10,2027,F,1.62 pts,8.71,,256,,Yes
14,12/4/24,6,S1,SCI601 / 16,BIOLOGY A,GRANT MERRILL,10,2027,D,1.75 pts,11,,256,,Yes
14,12/4/24,4,S1,MAT522 / 14,GEOMETRY A,ROCHELLE AITON,10,2027,A-,3.42 pts,2,,310,,Yes
14,12/4/24,4,S1,MAT522 / 14,GEOMETRY A,NINETTE LILIENTHAL,10,2027,A-,3.42 pts,2,,310,,Yes
14,12/4/24,6,S1,SCI601 / 16,BIOLOGY A,GRANT MERRILL,10,2027,B,3.10 pts,2.14,,310,,Yes
14,12/4/24,6,S1,MAT701 / 16,ALGEBRA II A,JASON BLAESING,10,2027,B,3.06 pts,1.86,,89,,Yes
14,12/4/24,2,S1,MAT522 / 12,GEOMETRY A,ROCHELLE AITON,10,2027,F,1.59 pts,4.57,,175,,Yes
14,12/4/24,2,S1,MAT522 / 12,GEOMETRY A,NINETTE LILIENTHAL,10,2027,F,1.59 pts,4.57,,175,,Yes
14,12/4/24,6,S1,SCI601 / 16,BIOLOGY A,GRANT MERRILL,10,2027,F,1.44 pts,4.29,,175,,Yes
14,12/4/24,3,S1,SCI601 / 13,BIOLOGY A,GRANT MERRILL,10,2027,F,1.54 pts,7,,372,,Yes
14,12/4/24,5,S1,MAT522 / 15,GEOMETRY A,BRIAN ANDERSON,10,2027,D+,1.90 pts,8.14,,372,,Yes
14,12/4/24,5,S1,MAT522 / 15,GEOMETRY A,BRIAN ANDERSON,10,2027,D+,1.83 pts,7.43,,390,,Yes
14,12/4/24,2,S1,ENG601 / 12,SOPH ENG/A,KELLY GREGERSEN,10,2027,D+,1.93 pts,10.86,,48,,Yes
14,12/4/24,3,S1,SCI601 / 13,BIOLOGY A,GRANT MERRILL,10,2027,F,1.09 pts,10.86,,48,,Yes
14,12/4/24,5,S1,MAT522 / 15,GEOMETRY A,BRIAN ANDERSON,10,2027,C,2.43 pts,10.86,,48,,Yes
14,12/4/24,3,S1,MAT522 / 13,GEOMETRY A,ROCHELLE AITON,10,2027,C,2.36 pts,3.71,,382,,Yes
14,12/4/24,3,S1,MAT522 / 13,GEOMETRY A,NINETTE LILIENTHAL,10,2027,C,2.36 pts,3.71,,382,,Yes
14,12/4/24,2,S1,SCI609 / 12,CHEMISTRY/A,GRANT MERRILL,11,2026,C+,2.56 pts,2.33,,60,,Yes
14,12/4/24,3,S1,MAT701 / 13,ALGEBRA II A,JENNIFER REILLY,11,2026,A,3.99 pts,2.33,,60,,Yes
14,12/4/24,5,S1,MAT522 / 15,GEOMETRY A,BRIAN ANDERSON,10,2027,F,1.48 pts,5,,59,,Yes
14,12/4/24,4,S1,SCI601 / 14,BIOLOGY A,GRANT MERRILL,10,2027,C-,2.10 pts,4,,169,,Yes
14,12/4/24,5,S1,MAT522 / 15,GEOMETRY A,BRIAN ANDERSON,10,2027,D+,1.99 pts,4,,169,,Yes
14,12/4/24,4,S1,MAT522 / 14,GEOMETRY A,ROCHELLE AITON,10,2027,B-,2.75 pts,0.57,,454,,Yes
14,12/4/24,4,S1,MAT522 / 14,GEOMETRY A,NINETTE LILIENTHAL,10,2027,B-,2.75 pts,0.57,,454,,Yes
14,12/4/24,3,S1,SCI601 / 13,BIOLOGY A,GRANT MERRILL,10,2027,F,0.41 pts,4,,402,,Yes
14,12/4/24,5,S1,MAT522 / 15,GEOMETRY A,BRIAN ANDERSON,10,2027,F,0.79 pts,4.43,,402,,Yes
14,12/4/24,6,S1,SCI601 / 16,BIOLOGY A,GRANT MERRILL,10,2027,D+,1.83 pts,1.71,,144,,Yes
14,12/4/24,3,S1,MAT522 / 13,GEOMETRY A,ROCHELLE AITON,11,2026,D+,1.86 pts,9.57,,214,,Yes
14,12/4/24,3,S1,MAT522 / 13,GEOMETRY A,NINETTE LILIENTHAL,11,2026,D+,1.86 pts,9.57,,214,,Yes
14,12/4/24,5,S1,ENG701 / 15,JUNIOR ENG/A,JOHN CARVER,11,2026,C,2.28 pts,9.86,,214,,Yes
14,12/4/24,3,S1,MAT522 / 13,GEOMETRY A,ROCHELLE AITON,10,2027,F,0.24 pts,22.86,,360,,Yes
14,12/4/24,3,S1,MAT522 / 13,GEOMETRY A,NINETTE LILIENTHAL,10,2027,F,0.24 pts,22.86,,360,,Yes
14,12/4/24,6,S1,SCI601 / 16,BIOLOGY A,GRANT MERRILL,10,2027,F,0.50 pts,25,,360,,Yes
14,12/4/24,5,S1,ENG601 / 15,SOPH ENG/A,MARCEE SALAS,10,2027,C-,2.11 pts,3.86,,139,,Yes
14,12/4/24,3,S1,MAT701 / 13,ALGEBRA II A,JENNIFER REILLY,10,2027,B+,3.20 pts,0,,405,,Yes
14,12/4/24,5,S1,ENG601 / 15,SOPH ENG/A,MARCEE SALAS,10,2027,B-,2.79 pts,0,,405,,Yes
14,12/4/24,6,S1,SCI601 / 16,BIOLOGY A,GRANT MERRILL,10,2027,D+,1.87 pts,0.14,,405,,Yes
14,12/4/24,3,S1,SCI601 / 13,BIOLOGY A,GRANT MERRILL,10,2027,F,1.10 pts,7.86,,333,,Yes
14,12/4/24,5,S1,MAT522 / 15,GEOMETRY A,BRIAN ANDERSON,10,2027,C,2.48 pts,11,,340,,Yes
14,12/4/24,6,S1,SCI601 / 36,BIOLOGY A,WILLIAM BAUR,10,2027,C-,2.11 pts,11.14,,340,,Yes
14,12/4/24,1,S1,MAT522 / 11,GEOMETRY A,ROCHELLE AITON,10,2027,C-,2.10 pts,0.86,,132,,Yes
14,12/4/24,1,S1,MAT522 / 11,GEOMETRY A,NINETTE LILIENTHAL,10,2027,C-,2.10 pts,0.86,,132,,Yes
14,12/4/24,2,S1,ENG601 / 12,SOPH ENG/A,KELLY GREGERSEN,10,2027,C,2.36 pts,0.86,,132,,Yes
14,12/4/24,3,S1,SCI601 / 13,BIOLOGY A,GRANT MERRILL,10,2027,F,1.13 pts,0.86,,132,,Yes
14,12/4/24,2,S1,ENG601 / 12,SOPH ENG/A,KELLY GREGERSEN,10,2027,D+,1.80 pts,1,,404,,Yes
14,12/4/24,3,S1,MAT522 / 13,GEOMETRY A,ROCHELLE AITON,10,2027,B-,2.71 pts,1.57,,404,,Yes
14,12/4/24,3,S1,MAT522 / 13,GEOMETRY A,NINETTE LILIENTHAL,10,2027,B-,2.71 pts,1.57,,404,,Yes
14,12/4/24,4,S1,SCI601 / 14,BIOLOGY A,GRANT MERRILL,10,2027,C,2.35 pts,2,,404,,Yes
14,12/4/24,1,S1,MAT522 / 11,GEOMETRY A,ROCHELLE AITON,10,2027,F,0.87 pts,9.86,,273,,Yes
14,12/4/24,1,S1,MAT522 / 11,GEOMETRY A,NINETTE LILIENTHAL,10,2027,F,0.87 pts,9.86,,273,,Yes
14,12/4/24,5,S1,ENG601 / 15,SOPH ENG/A,MARCEE SALAS,10,2027,F,1.58 pts,8.29,,273,,Yes
14,12/4/24,6,S1,SCI601 / 36,BIOLOGY A,WILLIAM BAUR,10,2027,D,1.73 pts,6.86,,273,,Yes
14,12/4/24,2,S1,MAT701 / 12,ALGEBRA II A,JASON BLAESING,11,2026,B,3.16 pts,6,,167,,Yes
14,12/4/24,6,S1,SOC701 / 16,US HISTORY/A,SCOTT BOOTHBY,11,2026,F,0.65 pts,4.71,,167,,Yes
14,12/4/24,3,S1,MAT522 / 13,GEOMETRY A,ROCHELLE AITON,10,2027,C,2.36 pts,2,,236,,Yes
14,12/4/24,3,S1,MAT522 / 13,GEOMETRY A,NINETTE LILIENTHAL,10,2027,C,2.36 pts,2,,236,,Yes
14,12/4/24,4,S1,SCI601 / 14,BIOLOGY A,GRANT MERRILL,10,2027,D+,1.99 pts,2.29,,236,,Yes
14,12/4/24,5,S1,ENG601 / 15,SOPH ENG/A,MARCEE SALAS,10,2027,C+,2.51 pts,2,,236,,Yes
14,12/4/24,2,S1,ENG601 / 12,SOPH ENG/A,KELLY GREGERSEN,10,2027,B-,2.76 pts,3.43,,235,,Yes
14,12/4/24,4,S1,SCI601 / 14,BIOLOGY A,GRANT MERRILL,10,2027,F,1.61 pts,6.29,,445,,Yes
14,12/4/24,1,S1,MAT704 / 11,PRE-CALC A MAT 153,BRIAN ANDERSON,12,2025,C,2.30 pts,5,,325,,Yes
14,12/4/24,2,S1,BUS301 / 12,PERSONAL FINANCE A,NICOLE SIMEK,12,2025,A,3.99 pts,4.14,,325,,Yes
14,12/4/24,3,S1,MAT701 / 13,ALGEBRA II A,JENNIFER REILLY,10,2027,C+,2.51 pts,6.71,,130,,Yes
14,12/4/24,5,S1,ENG601 / 15,SOPH ENG/A,MARCEE SALAS,10,2027,B,3.14 pts,6.71,,130,,Yes
14,12/4/24,5,S1,ENG701 / 15,JUNIOR ENG/A,JOHN CARVER,11,2026,A,4.00 pts,1,,266,,Yes
14,12/4/24,6,S1,SOC701 / 16,US HISTORY/A,SCOTT BOOTHBY,11,2026,A,3.62 pts,1.43,,266,,Yes
14,12/4/24,2,S1,MAT522 / 12,GEOMETRY A,ROCHELLE AITON,10,2027,B-,2.70 pts,1,,173,,Yes
14,12/4/24,2,S1,MAT522 / 12,GEOMETRY A,NINETTE LILIENTHAL,10,2027,B-,2.70 pts,1,,173,,Yes
14,12/4/24,6,S1,SCI601 / 36,BIOLOGY A,WILLIAM BAUR,10,2027,A,3.76 pts,1.43,,173,,Yes
14,12/4/24,2,S1,ENG601 / 12,SOPH ENG/A,KELLY GREGERSEN,10,2027,F,0.60 pts,8.14,,249,,Yes
14,12/4/24,5,S1,MAT522 / 15,GEOMETRY A,BRIAN ANDERSON,10,2027,F,0.84 pts,5.43,,249,,Yes
14,12/4/24,6,S1,SCI601 / 16,BIOLOGY A,GRANT MERRILL,10,2027,F,0.89 pts,6.14,,249,,Yes
14,12/4/24,1,S1,MAT704 / 11,PRE-CALC A MAT 153,BRIAN ANDERSON,11,2026,C,2.29 pts,0,,71,,Yes
14,12/4/24,6,S1,SOC701 / 16,US HISTORY/A,SCOTT BOOTHBY,11,2026,B,3.02 pts,0,,71,,Yes
14,12/4/24,2,S1,MAT522 / 12,GEOMETRY A,ROCHELLE AITON,10,2027,C,2.49 pts,3.57,,88,,Yes
14,12/4/24,2,S1,MAT522 / 12,GEOMETRY A,NINETTE LILIENTHAL,10,2027,C,2.49 pts,3.57,,88,,Yes
14,12/4/24,5,S1,ENG601 / 15,SOPH ENG/A,MARCEE SALAS,10,2027,B-,2.77 pts,3.29,,88,,Yes
14,12/4/24,6,S1,SCI601 / 16,BIOLOGY A,GRANT MERRILL,10,2027,D+,1.83 pts,3.29,,88,,Yes
14,12/4/24,3,S1,BUS301 / 13,PERSONAL FINANCE A,NICOLE SIMEK,12,2025,A,3.85 pts,2.29,,367,,Yes
14,12/4/24,6,S1,SCI601 / 36,BIOLOGY A,WILLIAM BAUR,10,2027,D+,1.94 pts,1.29,,417,,Yes
14,12/4/24,2,S1,SCI609 / 12,CHEMISTRY/A,GRANT MERRILL,11,2026,D,1.74 pts,10.86,,55,,Yes
14,12/4/24,6,S1,MAT701 / 16,ALGEBRA II A,JASON BLAESING,11,2026,D,1.74 pts,11.29,,55,,Yes
14,12/4/24,2,S1,SCI609 / 12,CHEMISTRY/A,GRANT MERRILL,11,2026,B-,2.82 pts,0,,388,,Yes
14,12/4/24,2,S1,SCI609 / 12,CHEMISTRY/A,GRANT MERRILL,11,2026,B,3.10 pts,1,,387,,Yes
14,12/4/24,3,S1,MAT701 / 13,ALGEBRA II A,JENNIFER REILLY,11,2026,A,3.65 pts,1.43,,387,,Yes
14,12/4/24,3,S1,MAT522 / 13,GEOMETRY A,ROCHELLE AITON,9,2028,A,3.68 pts,4,,281,,Yes
14,12/4/24,3,S1,MAT522 / 13,GEOMETRY A,NINETTE LILIENTHAL,9,2028,A,3.68 pts,4,,281,,Yes
14,12/4/24,6,S1,ENG501 / 16,FR ENGLISH/A,DAVID HOLLINGSWORTH,9,2028,A,4.00 pts,4.86,,295,,Yes
14,12/4/24,3,S1,MAT522 / 13,GEOMETRY A,ROCHELLE AITON,9,2028,A-,3.58 pts,7.71,,306,,Yes
14,12/4/24,3,S1,MAT522 / 13,GEOMETRY A,NINETTE LILIENTHAL,9,2028,A-,3.58 pts,7.71,,306,,Yes
14,12/4/24,6,S1,ENG501 / 16,FR ENGLISH/A,DAVID HOLLINGSWORTH,9,2028,A-,3.57 pts,8.29,,306,,Yes
14,12/4/24,3,S1,MAT522 / 13,GEOMETRY A,ROCHELLE AITON,9,2028,A,3.72 pts,0,,348,,Yes
14,12/4/24,3,S1,MAT522 / 13,GEOMETRY A,NINETTE LILIENTHAL,9,2028,A,3.72 pts,0,,348,,Yes
14,12/4/24,4,S1,MAT522 / 14,GEOMETRY A,ROCHELLE AITON,9,2028,B-,2.85 pts,1.71,,450,,Yes
14,12/4/24,4,S1,MAT522 / 14,GEOMETRY A,NINETTE LILIENTHAL,9,2028,B-,2.85 pts,1.71,,450,,Yes
14,12/4/24,3,S1,MAT522 / 13,GEOMETRY A,ROCHELLE AITON,9,2028,A-,3.44 pts,10.14,,302,,Yes
14,12/4/24,3,S1,MAT522 / 13,GEOMETRY A,NINETTE LILIENTHAL,9,2028,A-,3.44 pts,10.14,,302,,Yes
14,12/4/24,6,S1,ENG501 / 16,FR ENGLISH/A,DAVID HOLLINGSWORTH,9,2028,A,3.69 pts,10.71,,302,,Yes
14,12/4/24,2,S1,MAT522 / 12,GEOMETRY A,ROCHELLE AITON,9,2028,A,3.86 pts,0.43,,228,,Yes
14,12/4/24,2,S1,MAT522 / 12,GEOMETRY A,NINETTE LILIENTHAL,9,2028,A,3.86 pts,0.43,,228,,Yes
14,12/4/24,5,S1,MAT522 / 15,GEOMETRY A,BRIAN ANDERSON,9,2028,A-,3.51 pts,3.57,,369,,Yes
14,12/4/24,5,S1,MAT522 / 15,GEOMETRY A,BRIAN ANDERSON,10,2027,B+,3.20 pts,4.71,,203,,Yes
14,12/4/24,5,S1,MAT522 / 15,GEOMETRY A,BRIAN ANDERSON,10,2027,A-,3.48 pts,4.71,,80,,Yes
14,12/4/24,5,S1,MAT522 / 15,GEOMETRY A,BRIAN ANDERSON,10,2027,B,2.98 pts,8.71,,252,,Yes
14,12/4/24,6,S1,SCI601 / 16,BIOLOGY A,GRANT MERRILL,10,2027,D+,1.81 pts,8.71,,252,,Yes
14,12/4/24,6,S1,SOC701 / 16,US HISTORY/A,SCOTT BOOTHBY,11,2026,F,0.75 pts,21.57,,187,,Yes
14,12/4/24,6,S1,ENG501 / 16,FR ENGLISH/A,DAVID HOLLINGSWORTH,9,2028,A,3.83 pts,0,,111,,Yes
14,12/4/24,1,S1,MAT522 / 11,GEOMETRY A,ROCHELLE AITON,9,2028,A-,3.59 pts,1.29,,219,,Yes
14,12/4/24,1,S1,MAT522 / 11,GEOMETRY A,NINETTE LILIENTHAL,9,2028,A-,3.59 pts,1.29,,219,,Yes
14,12/4/24,6,S1,ENG501 / 16,FR ENGLISH/A,DAVID HOLLINGSWORTH,9,2028,D,1.68 pts,1,,464,,Yes
14,12/4/24,6,S1,SOC701 / 16,US HISTORY/A,SCOTT BOOTHBY,11,2026,B,3.16 pts,4,,250,,Yes
14,12/4/24,6,S1,ENG501 / 16,FR ENGLISH/A,DAVID HOLLINGSWORTH,9,2028,C-,2.01 pts,23.57,,243,,Yes
14,12/4/24,2,S1,SCI609 / 12,CHEMISTRY/A,GRANT MERRILL,11,2026,D,1.71 pts,7.43,,368,,Yes
14,12/4/24,6,S1,SOC701 / 16,US HISTORY/A,SCOTT BOOTHBY,11,2026,C-,2.12 pts,3.29,,368,,Yes
14,12/4/24,4,S1,MAT522 / 14,GEOMETRY A,ROCHELLE AITON,10,2027,C+,2.67 pts,6,,171,,Yes
14,12/4/24,4,S1,MAT522 / 14,GEOMETRY A,NINETTE LILIENTHAL,10,2027,C+,2.67 pts,6,,171,,Yes
14,12/4/24,6,S1,SCI601 / 36,BIOLOGY A,WILLIAM BAUR,10,2027,C,2.24 pts,6.43,,171,,Yes
14,12/4/24,6,S1,ENG501 / 16,FR ENGLISH/A,DAVID HOLLINGSWORTH,9,2028,A-,3.49 pts,5.14,,285,,Yes
14,12/4/24,3,S1,MAT522 / 13,GEOMETRY A,ROCHELLE AITON,9,2028,B,3.03 pts,4,,261,,Yes
14,12/4/24,3,S1,MAT522 / 13,GEOMETRY A,NINETTE LILIENTHAL,9,2028,B,3.03 pts,4,,261,,Yes
14,12/4/24,4,S1,MAT522 / 14,GEOMETRY A,ROCHELLE AITON,10,2027,A-,3.45 pts,0.29,,440,,Yes
14,12/4/24,4,S1,MAT522 / 14,GEOMETRY A,NINETTE LILIENTHAL,10,2027,A-,3.45 pts,0.29,,440,,Yes
14,12/4/24,2,S1,MAT522 / 12,GEOMETRY A,ROCHELLE AITON,10,2027,D+,1.99 pts,8.71,,159,,Yes
14,12/4/24,2,S1,MAT522 / 12,GEOMETRY A,NINETTE LILIENTHAL,10,2027,D+,1.99 pts,8.71,,159,,Yes
14,12/4/24,3,S1,SCI601 / 13,BIOLOGY A,GRANT MERRILL,10,2027,F,0.58 pts,8.43,,159,,Yes
14,12/4/24,5,S1,ENG601 / 15,SOPH ENG/A,MARCEE SALAS,10,2027,B,3.12 pts,8.29,,159,,Yes
14,12/4/24,5,S1,ENG701 / 15,JUNIOR ENG/A,JOHN CARVER,11,2026,B,2.90 pts,8,,91,,Yes
14,12/4/24,2,S1,MAT701 / 12,ALGEBRA II A,JASON BLAESING,11,2026,B+,3.23 pts,5.29,,319,,Yes
14,12/4/24,4,S1,SCI601 / 14,BIOLOGY A,GRANT MERRILL,10,2027,B,3.04 pts,3,,431,,Yes
14,12/4/24,2,S1,ENG601 / 12,SOPH ENG/A,KELLY GREGERSEN,10,2027,F,0.64 pts,12.29,,317,,Yes
14,12/4/24,3,S1,MAT522 / 13,GEOMETRY A,ROCHELLE AITON,10,2027,C-,2.05 pts,11.86,,317,,Yes
14,12/4/24,3,S1,MAT522 / 13,GEOMETRY A,NINETTE LILIENTHAL,10,2027,C-,2.05 pts,11.86,,317,,Yes
14,12/4/24,5,S1,MAT522 / 15,GEOMETRY A,BRIAN ANDERSON,10,2027,A,3.79 pts,0,,359,,Yes
14,12/4/24,6,S1,SOC701 / 16,US HISTORY/A,SCOTT BOOTHBY,11,2026,C+,2.64 pts,5.71,,277,,Yes
14,12/4/24,1,S1,MAT704 / 11,PRE-CALC A MAT 153,BRIAN ANDERSON,12,2025,F,1.50 pts,8,,395,,Yes
14,12/4/24,4,S1,SOC701 / 14,US HISTORY/A,DAVE HAJEK,11,2026,B+,3.36 pts,1.14,,459,,Yes
14,12/4/24,5,S1,MAT522 / 15,GEOMETRY A,BRIAN ANDERSON,10,2027,C,2.43 pts,7,,190,,Yes
14,12/4/24,6,S1,SCI601 / 16,BIOLOGY A,GRANT MERRILL,10,2027,C,2.25 pts,6.43,,190,,Yes
14,12/4/24,2,S1,MAT701 / 12,ALGEBRA II A,JASON BLAESING,11,2026,B+,3.25 pts,15.57,,312,,Yes
14,12/4/24,6,S1,SOC701 / 16,US HISTORY/A,SCOTT BOOTHBY,11,2026,C+,2.51 pts,14.71,,312,,Yes
14,12/4/24,1,S1,MAT522 / 11,GEOMETRY A,ROCHELLE AITON,10,2027,D+,1.81 pts,10.71,,53,,Yes
14,12/4/24,1,S1,MAT522 / 11,GEOMETRY A,NINETTE LILIENTHAL,10,2027,D+,1.81 pts,10.71,,53,,Yes
14,12/4/24,4,S1,SCI601 / 14,BIOLOGY A,GRANT MERRILL,10,2027,D+,1.81 pts,10.14,,53,,Yes
14,12/4/24,5,S1,MAT522 / 15,GEOMETRY A,BRIAN ANDERSON,10,2027,B,3.10 pts,11.57,,334,,Yes
14,12/4/24,2,S1,BUS301 / 12,PERSONAL FINANCE A,NICOLE SIMEK,12,2025,B-,2.70 pts,6.69,,240,,Yes
14,12/4/24,6,S1,MAT701 / 16,ALGEBRA II A,JASON BLAESING,11,2026,A,3.86 pts,1,,257,,Yes
14,12/4/24,6,S1,MAT701 / 16,ALGEBRA II A,JASON BLAESING,11,2026,F,1.61 pts,6.67,,258,,Yes
14,12/4/24,4,S1,SCI601 / 14,BIOLOGY A,GRANT MERRILL,10,2027,F,0.00 pts,47.43,,457,,Yes
14,12/4/24,2,S1,MAT701 / 12,ALGEBRA II A,JASON BLAESING,10,2027,A,3.85 pts,9.29,,66,,Yes
14,12/4/24,6,S1,MAT701 / 16,ALGEBRA II A,JASON BLAESING,11,2026,B,3.03 pts,4,,141,,Yes
14,12/4/24,4,S1,MAT522 / 14,GEOMETRY A,ROCHELLE AITON,10,2027,C,2.47 pts,0.14,,170,,Yes
14,12/4/24,4,S1,MAT522 / 14,GEOMETRY A,NINETTE LILIENTHAL,10,2027,C,2.47 pts,0.14,,170,,Yes
14,12/4/24,6,S1,SCI601 / 36,BIOLOGY A,WILLIAM BAUR,10,2027,D+,1.84 pts,0.29,,170,,Yes
14,12/4/24,6,S1,MAT701 / 16,ALGEBRA II A,JASON BLAESING,11,2026,C,2.40 pts,1,,225,,Yes
14,12/4/24,4,S1,SCI601 / 14,BIOLOGY A,GRANT MERRILL,10,2027,B,3.00 pts,6.29,,442,,Yes
14,12/4/24,6,S1,SCI601 / 16,BIOLOGY A,GRANT MERRILL,10,2027,B-,2.71 pts,2.14,,287,,Yes
14,12/4/24,3,S1,SCI601 / 13,BIOLOGY A,GRANT MERRILL,10,2027,B,3.00 pts,1.43,,137,,Yes
14,12/4/24,4,S1,MAT522 / 14,GEOMETRY A,ROCHELLE AITON,10,2027,B-,2.75 pts,1,,137,,Yes
14,12/4/24,4,S1,MAT522 / 14,GEOMETRY A,NINETTE LILIENTHAL,10,2027,B-,2.75 pts,1,,137,,Yes
14,12/4/24,3,S1,SCI601 / 13,BIOLOGY A,GRANT MERRILL,10,2027,F,1.52 pts,3,,364,,Yes
14,12/4/24,1,S1,MAT522 / 11,GEOMETRY A,ROCHELLE AITON,9,2028,A-,3.50 pts,5,,279,,Yes
14,12/4/24,1,S1,MAT522 / 11,GEOMETRY A,NINETTE LILIENTHAL,9,2028,A-,3.50 pts,5,,279,,Yes
14,12/4/24,1,S1,MAT522 / 11,GEOMETRY A,ROCHELLE AITON,10,2027,C+,2.69 pts,7.43,,193,,Yes
14,12/4/24,1,S1,MAT522 / 11,GEOMETRY A,NINETTE LILIENTHAL,10,2027,C+,2.69 pts,7.43,,193,,Yes
14,12/4/24,5,S1,ENG601 / 15,SOPH ENG/A,MARCEE SALAS,10,2027,D+,1.98 pts,7.57,,193,,Yes
14,12/4/24,2,S1,SCI609 / 12,CHEMISTRY/A,GRANT MERRILL,11,2026,F,1.17 pts,12.43,,65,,Yes
14,12/4/24,3,S1,BUS301 / 13,PERSONAL FINANCE A,NICOLE SIMEK,11,2026,B,3.06 pts,12.57,,65,,Yes
14,12/4/24,4,S1,SOC701 / 14,US HISTORY/A,DAVE HAJEK,11,2026,C,2.41 pts,13.29,,65,,Yes
14,12/4/24,3,S1,BUS301 / 13,PERSONAL FINANCE A,NICOLE SIMEK,12,2025,A,4.00 pts,1.29,,283,,Yes
14,12/4/24,3,S1,MAT522 / 13,GEOMETRY A,ROCHELLE AITON,9,2028,A,3.61 pts,0.43,,284,,Yes
14,12/4/24,3,S1,MAT522 / 13,GEOMETRY A,NINETTE LILIENTHAL,9,2028,A,3.61 pts,0.43,,284,,Yes
14,12/4/24,3,S1,MAT522 / 13,GEOMETRY A,ROCHELLE AITON,10,2027,B,3.05 pts,4,,269,,Yes
14,12/4/24,3,S1,MAT522 / 13,GEOMETRY A,NINETTE LILIENTHAL,10,2027,B,3.05 pts,4,,269,,Yes
14,12/4/24,2,S1,ENG601 / 12,SOPH ENG/A,KELLY GREGERSEN,10,2027,B,3.18 pts,3.43,,290,,Yes
14,12/4/24,2,S1,MAT701 / 12,ALGEBRA II A,JASON BLAESING,11,2026,B+,3.32 pts,7.86,,370,,Yes
14,12/4/24,6,S1,ENG501 / 16,FR ENGLISH/A,DAVID HOLLINGSWORTH,9,2028,C,2.35 pts,14.43,,98,,Yes
14,12/4/24,2,S1,MAT522 / 12,GEOMETRY A,ROCHELLE AITON,9,2028,A-,3.45 pts,1.57,,311,,Yes
14,12/4/24,2,S1,MAT522 / 12,GEOMETRY A,NINETTE LILIENTHAL,9,2028,A-,3.45 pts,1.57,,311,,Yes
14,12/4/24,1,S1,ENG701 / 11,JUNIOR ENG/A,JOHN CARVER,11,2026,D,1.67 pts,21.5,,1,,#N/A
14,12/4/24,2,S1,PED500 / 12,WEIGHT TRAINING,SCOTT BOOTHBY,11,2026,D+,1.83 pts,19.36,,1,,#N/A
14,12/4/24,3,S1,MAT701 / 13,ALGEBRA II A,JENNIFER REILLY,11,2026,F,0.81 pts,19.21,,1,,Yes
14,12/4/24,4,S1,CTE114 / 14,ENGINEERING A,JASON BLAESING,11,2026,F,1.56 pts,19.71,,1,,#N/A
14,12/4/24,5,S1,SOC701 / 15,US HISTORY/A,DAVE HAJEK,11,2026,F,0.07 pts,19.57,,1,,#N/A
14,12/4/24,6,S1,FAR604 / 16,SCENE DESIGN,KELLY GREGERSEN,11,2026,C-,2.10 pts,19.14,,1,,#N/A
14,12/4/24,1,S1,CTA101 / 11,CTA S1,MARK CASTLE,11,2026,,,0,,3,,#N/A
14,12/4/24,2,S1,CTA101 / 11,CTA S1,MARK CASTLE,11,2026,,,0,,3,,#N/A
14,12/4/24,3,S1,CTA101 / 11,CTA S1,MARK CASTLE,11,2026,,,0,,3,,#N/A
14,12/4/24,4,S1,MAT701 / 14,ALGEBRA II A,JENNIFER REILLY,11,2026,C,2.20 pts,2,,3,,#N/A
14,12/4/24,5,S1,ASL503 / 15,AMERICAN SIGN LANGUAGE II/A,TAMI GRANT,11,2026,A,3.92 pts,2,,3,,#N/A
14,12/4/24,6,S1,ENG701 / 16,JUNIOR ENG/A,JOHN CARVER,11,2026,A-,3.52 pts,2.33,,3,,#N/A
14,12/4/24,1,S1,FAR505 / 11,CONCERT CHOIR/A,DAVID DUARTE,10,2027,A,3.95 pts,5.29,,4,,#N/A
14,12/4/24,2,S1,SPA501 / 12,SPANISH 1 A,ROCHELLE AITON,10,2027,A,3.77 pts,3.57,,4,,#N/A
14,12/4/24,3,S1,SOC108 / 13,WORLD HISTORY/A,RYAN ISAACSON,10,2027,C,2.45 pts,3.43,,4,,#N/A
14,12/4/24,4,S1,SCI601 / 14,BIOLOGY A,GRANT MERRILL,10,2027,D,1.70 pts,5.57,,4,,Yes
14,12/4/24,5,S1,ENG601 / 15,SOPH ENG/A,MARCEE SALAS,10,2027,C-,2.17 pts,3.86,,4,,Yes
14,12/4/24,6,S1,MAT522 / 36,GEOMETRY A,ROCHELLE AITON,10,2027,C-,2.05 pts,4,,4,,#N/A
14,12/4/24,6,S1,MAT522 / 36,GEOMETRY A,NINETTE LILIENTHAL,10,2027,C-,2.05 pts,4,,4,,#N/A
14,12/4/24,1,S1,VOC705 / 11,DIGITAL PHOTOGRAPHY I,ROSANNA RUFF,11,2026,C,2.48 pts,8,,5,,#N/A
14,12/4/24,2,S1,BUS301 / 12,PERSONAL FINANCE A,NICOLE SIMEK,11,2026,C,2.34 pts,7.86,,5,,Yes
14,12/4/24,3,S1,SCI503 / 33,PHYSICAL SCIENCE A,WILLIAM BAUR,11,2026,C,2.33 pts,9,,5,,#N/A
14,12/4/24,4,S1,SOC701 / 14,US HISTORY/A,DAVE HAJEK,11,2026,F,1.63 pts,8.57,,5,,Yes
14,12/4/24,5,S1,ENG701 / 15,JUNIOR ENG/A,JOHN CARVER,11,2026,C,2.34 pts,9.43,,5,,Yes
14,12/4/24,6,S1,PED500 / 16,WEIGHT TRAINING,SCOTT DIZMANG,11,2026,A,3.61 pts,9.71,,5,,#N/A
14,12/4/24,1,S1,PED513 / 11,TEAM GAMES,SCOTT DIZMANG,10,2027,A-,3.53 pts,2,,6,,#N/A
14,12/4/24,2,S1,MAT522 / 12,GEOMETRY A,ROCHELLE AITON,10,2027,B,3.09 pts,2,John L,6,Active,Yes
14,12/4/24,2,S1,MAT522 / 12,GEOMETRY A,NINETTE LILIENTHAL,10,2027,B,3.09 pts,2,John L,6,Active,Yes
14,12/4/24,3,S1,SOC108 / 13,WORLD HISTORY/A,RYAN ISAACSON,10,2027,C-,2.17 pts,2.14,,6,,#N/A
14,12/4/24,4,S1,FAR109 / 14,CERAMICS II,ROBERT YEE,10,2027,A,4.00 pts,2.14,,6,,#N/A
14,12/4/24,5,S1,ENG601 / 15,SOPH ENG/A,MARCEE SALAS,10,2027,F,1.41 pts,2.14,,6,,Yes
14,12/4/24,6,S1,SCI601 / 36,BIOLOGY A,WILLIAM BAUR,10,2027,F,1.42 pts,2.14,,6,,Yes
14,12/4/24,1,S1,ENG801 / 11,SENIOR ENG/A,HEATHER CARVER,12,2025,C-,2.06 pts,8.29,,7,,#N/A
14,12/4/24,2,S1,BUS301 / 12,PERSONAL FINANCE A,NICOLE SIMEK,12,2025,F,1.33 pts,8.14,,7,,Yes
14,12/4/24,3,S1,ONT400 / 13,ON-TRACK/A,BRIAN ANDERSON,12,2025,A,4.00 pts,7.57,,7,,#N/A
14,12/4/24,4,S1,ENG715 / 14,FILM AS LITERATURE,KELLY GREGERSEN,12,2025,C-,2.00 pts,8.14,,7,,#N/A
14,12/4/24,5,S1,CTE100 / 15,MEDICAL CAREERS & TERMINOLOG/A,DONNA SCHATZ,12,2025,D+,1.85 pts,7.86,,7,,#N/A
14,12/4/24,6,S1,SOC802 / 16,CIVICS,JIM REED,12,2025,F,0.60 pts,8.14,,7,,#N/A
14,12/4/24,1,S1,FAR720 / 11,PANTHER PLAYERS/A,KELLY GREGERSEN,11,2026,A,3.81 pts,6.29,,46,,#N/A
14,12/4/24,2,S1,SCI609 / 12,CHEMISTRY/A,GRANT MERRILL,11,2026,C+,2.57 pts,6.14,,46,,Yes
14,12/4/24,3,S1,MAT701 / 13,ALGEBRA II A,JENNIFER REILLY,11,2026,C+,2.55 pts,5.43,,46,,Yes
14,12/4/24,4,S1,ENG715 / 14,FILM AS LITERATURE,KELLY GREGERSEN,11,2026,B,3.05 pts,6.57,,46,,#N/A
14,12/4/24,5,S1,SOC701 / 15,US HISTORY/A,DAVE HAJEK,11,2026,C,2.29 pts,6.14,,46,,#N/A
14,12/4/24,6,S1,SPA501 / 16,SPANISH 1 A,ROCHELLE AITON,11,2026,A-,3.49 pts,6.14,,46,,#N/A
14,12/4/24,1,S1,FAR720 / 11,PANTHER PLAYERS/A,KELLY GREGERSEN,12,2025,A,3.61 pts,4.86,,8,,#N/A
14,12/4/24,2,S1,SPS103 / 12,OFFICE ASSISTANT,MARK CASTLE,12,2025,,,4.14,,8,,#N/A
14,12/4/24,3,S1,PED500 / 13,WEIGHT TRAINING,SCOTT BOOTHBY,12,2025,A,3.62 pts,3.57,,8,,#N/A
14,12/4/24,4,S1,ENG717 / 14,AP LITERATURE/ COMPOSITION A,HEATHER CARVER,12,2025,C+,2.63 pts,4.57,,8,,#N/A
14,12/4/24,5,S1,SOC802 / 15,CIVICS,SCOTT BOOTHBY,12,2025,C,2.48 pts,4.57,,8,,#N/A
14,12/4/24,6,S1,SCI503 / 16,PHYSICAL SCIENCE A,JAMES BENNETT,12,2025,D+,1.80 pts,4.86,,8,,#N/A
14,12/4/24,1,S1,PED500 / 11,WEIGHT TRAINING,SCOTT BOOTHBY,10,2027,A-,3.50 pts,2.71,,9,,#N/A
14,12/4/24,2,S1,SOC108 / 12,WORLD HISTORY/A,DAVID HOLLINGSWORTH,10,2027,C,2.24 pts,2.71,,9,,#N/A
14,12/4/24,3,S1,SCI601 / 13,BIOLOGY A,GRANT MERRILL,10,2027,D+,1.91 pts,1.86,,9,,Yes
14,12/4/24,4,S1,FAR109 / 14,CERAMICS II,ROBERT YEE,10,2027,A-,3.58 pts,1.57,,9,,#N/A
14,12/4/24,5,S1,MAT522 / 15,GEOMETRY A,BRIAN ANDERSON,10,2027,F,1.25 pts,1.57,Tom C,9,Active,Yes
14,12/4/24,6,S1,ENG601 / 16,SOPH ENG/A,MARCEE SALAS,10,2027,C,2.38 pts,1.57,,9,,#N/A
14,12/4/24,1,S1,MAT522 / 11,GEOMETRY A,ROCHELLE AITON,10,2027,B-,2.73 pts,0,John L,10,Active,Yes
14,12/4/24,1,S1,MAT522 / 11,GEOMETRY A,NINETTE LILIENTHAL,10,2027,B-,2.73 pts,0,John L,10,Active,Yes
14,12/4/24,2,S1,ENG601 / 12,SOPH ENG/A,KELLY GREGERSEN,10,2027,B-,2.85 pts,0,,10,,Yes
14,12/4/24,3,S1,SOC108 / 13,WORLD HISTORY/A,RYAN ISAACSON,10,2027,C+,2.65 pts,0,,10,,#N/A
14,12/4/24,4,S1,HFL118 / 14,ADV CULINARY ARTS A,ALEXANDRA YOST,10,2027,C+,2.52 pts,0,,10,,#N/A
14,12/4/24,5,S1,VOC106 / 15,METAL MANUFACTURING & TECH I,DONALD O'BRIEN,10,2027,A,3.97 pts,0.14,,10,,#N/A
14,12/4/24,6,S1,SCI601 / 16,BIOLOGY A,GRANT MERRILL,10,2027,D+,1.90 pts,0.14,,10,,Yes
14,12/4/24,1,S1,SPA601 / 11,SPANISH II A,ROCHELLE AITON,11,2026,C+,2.61 pts,2,,11,,#N/A
14,12/4/24,2,S1,HFL116 / 12,BAKING PASTRY ARTS I,KAYLA PAYNE,11,2026,A,3.60 pts,2.14,,11,,#N/A
14,12/4/24,3,S1,MAT701 / 13,ALGEBRA II A,JENNIFER REILLY,11,2026,B,3.02 pts,2.57,,11,,Yes
14,12/4/24,4,S1,CTE114 / 14,ENGINEERING A,JASON BLAESING,11,2026,B+,3.36 pts,2.57,,11,,#N/A
14,12/4/24,5,S1,SOC703 / 15,AP US HISTORY A,RYAN ISAACSON,11,2026,A,3.99 pts,2.43,,11,,#N/A
14,12/4/24,6,S1,ENG701 / 16,JUNIOR ENG/A,JOHN CARVER,11,2026,B,3.17 pts,2,,11,,#N/A
14,12/4/24,1,S1,CTE114 / 11,ENGINEERING A,JASON BLAESING,11,2026,C-,2.06 pts,6,,12,,#N/A
14,12/4/24,2,S1,VOC116 / 12,BASIC CARPENTRY 1,BRENT MANSELL,11,2026,D+,1.87 pts,6,,12,,#N/A
14,12/4/24,3,S1,BUS301 / 13,PERSONAL FINANCE A,NICOLE SIMEK,11,2026,D+,1.80 pts,6,,12,,Yes
14,12/4/24,4,S1,SOC701 / 14,US HISTORY/A,DAVE HAJEK,11,2026,F,1.47 pts,6.43,,12,,Yes
14,12/4/24,5,S1,VOC504 / 15,ADV FINE ARTS WOODWORKING I,BRENT MANSELL,11,2026,A,4.00 pts,6.43,,12,,#N/A
14,12/4/24,6,S1,ENG701 / 16,JUNIOR ENG/A,JOHN CARVER,11,2026,C,2.45 pts,6.43,,12,,#N/A
14,12/4/24,1,S1,MAT522 / 11,GEOMETRY A,ROCHELLE AITON,10,2027,D+,1.92 pts,5.43,John L,13,Active,Yes
14,12/4/24,1,S1,MAT522 / 11,GEOMETRY A,NINETTE LILIENTHAL,10,2027,D+,1.92 pts,5.43,John L,13,Active,Yes
14,12/4/24,2,S1,ENG601 / 12,SOPH ENG/A,KELLY GREGERSEN,10,2027,F,1.47 pts,5.14,,13,,Yes
14,12/4/24,3,S1,SCI601 / 33,BIOLOGY A,DONNA SCHATZ,10,2027,D,1.77 pts,5.29,,13,,#N/A
14,12/4/24,4,S1,CTE114 / 14,ENGINEERING A,JASON BLAESING,10,2027,D+,1.95 pts,3.43,,13,,#N/A
14,12/4/24,5,S1,HFL113 / 15,INTRO CULINARY ART,ALEXANDRA YOST,10,2027,C+,2.51 pts,5.14,,13,,#N/A
14,12/4/24,6,S1,SOC108 / 36,WORLD HISTORY/A,DAVE HAJEK,10,2027,F,1.03 pts,5.29,,13,,#N/A
14,12/4/24,1,S1,ENG701 / 11,JUNIOR ENG/A,JOHN CARVER,11,2026,B,3.06 pts,2.57,,14,,#N/A
14,12/4/24,2,S1,VOC705 / 12,DIGITAL PHOTOGRAPHY I,ROSANNA RUFF,11,2026,C+,2.66 pts,2,,14,,#N/A
14,12/4/24,3,S1,MAT701 / 13,ALGEBRA II A,JENNIFER REILLY,11,2026,F,1.26 pts,2.29,Larry,14,Active,Yes
14,12/4/24,4,S1,SCI503 / 14,PHYSICAL SCIENCE A,JAMES BENNETT,11,2026,D,1.70 pts,2.86,,14,,#N/A
14,12/4/24,5,S1,SOC701 / 15,US HISTORY/A,DAVE HAJEK,11,2026,B-,2.80 pts,2.57,,14,,#N/A
14,12/4/24,6,S1,VOC502 / 16,FINE ARTS WOODWORKING I,BRENT MANSELL,11,2026,A,4.00 pts,2.29,,14,,#N/A
14,12/4/24,1,S1,SPA601 / 11,SPANISH II A,ROCHELLE AITON,10,2027,A-,3.47 pts,0,,15,,#N/A
14,12/4/24,2,S1,ENG601 / 12,SOPH ENG/A,KELLY GREGERSEN,10,2027,C-,2.18 pts,0,,15,,Yes
14,12/4/24,3,S1,SOC108 / 13,WORLD HISTORY/A,RYAN ISAACSON,10,2027,B,3.17 pts,0.43,,15,,#N/A
14,12/4/24,4,S1,SCI601 / 14,BIOLOGY A,GRANT MERRILL,10,2027,F,1.33 pts,0.57,,15,,Yes
14,12/4/24,5,S1,PED513 / 15,TEAM GAMES,SCOTT DIZMANG,10,2027,B,3.05 pts,0,,15,,#N/A
14,12/4/24,6,S1,MAT522 / 36,GEOMETRY A,ROCHELLE AITON,10,2027,C-,2.15 pts,0.57,,15,,#N/A
14,12/4/24,6,S1,MAT522 / 36,GEOMETRY A,NINETTE LILIENTHAL,10,2027,C-,2.15 pts,0.57,,15,,#N/A
14,12/4/24,1,S1,SOC108 / 11,WORLD HISTORY/A,DAVID HOLLINGSWORTH,10,2027,F,1.43 pts,3,,16,,#N/A
14,12/4/24,2,S1,FAR113 / 12,INTRO TO ART AND DESIGN,ROBERT YEE,10,2027,B,3.00 pts,2.86,,16,,#N/A
14,12/4/24,3,S1,CTE120 / 13,CYBER SECURITY I,ROSANNA RUFF,10,2027,F,1.08 pts,2.86,,16,,#N/A
14,12/4/24,4,S1,MAT522 / 14,GEOMETRY A,ROCHELLE AITON,10,2027,F,1.36 pts,2.86,,16,,Yes
14,12/4/24,4,S1,MAT522 / 14,GEOMETRY A,NINETTE LILIENTHAL,10,2027,F,1.36 pts,2.86,,16,,Yes
14,12/4/24,5,S1,SCI503 / 35,PHYSICAL SCIENCE A,WILLIAM BAUR,10,2027,C-,2.00 pts,2.86,,16,,#N/A
14,12/4/24,6,S1,ENG601 / 16,SOPH ENG/A,MARCEE SALAS,10,2027,C,2.44 pts,2.86,,16,,#N/A
14,12/4/24,1,S1,VOC106 / 11,METAL MANUFACTURING & TECH I,DONALD O'BRIEN,10,2027,C,2.39 pts,4.71,,17,,#N/A
14,12/4/24,2,S1,ENG601 / 12,SOPH ENG/A,KELLY GREGERSEN,10,2027,D+,1.93 pts,2.86,,17,,Yes
14,12/4/24,3,S1,SCI601 / 33,BIOLOGY A,DONNA SCHATZ,10,2027,F,1.15 pts,4.43,,17,,#N/A
14,12/4/24,4,S1,MAT522 / 14,GEOMETRY A,ROCHELLE AITON,10,2027,F,1.54 pts,4.14,John L,17,Active,Yes
14,12/4/24,4,S1,MAT522 / 14,GEOMETRY A,NINETTE LILIENTHAL,10,2027,F,1.54 pts,4.14,John L,17,Active,Yes
14,12/4/24,5,S1,PED513 / 15,TEAM GAMES,SCOTT DIZMANG,10,2027,A,3.98 pts,3.14,,17,,#N/A
14,12/4/24,6,S1,SOC108 / 36,WORLD HISTORY/A,DAVE HAJEK,10,2027,F,1.28 pts,3.71,,17,,#N/A
14,12/4/24,1,S1,PED101 / 11,PHYSICAL EDUCATION,KATHERINE STURDYVIN-SCOBBA,12,2025,F,1.48 pts,4,,18,,#N/A
14,12/4/24,2,S1,BUS301 / 12,PERSONAL FINANCE A,NICOLE SIMEK,12,2025,C,2.25 pts,2,,18,,Yes
14,12/4/24,3,S1,SOC802 / 13,CIVICS,JIM REED,12,2025,C+,2.62 pts,1.86,,18,,#N/A
14,12/4/24,4,S1,AACTM1 / 14,ACADEMIC ACHIEVEMENT A,TIMOTHY MOORE,12,2025,A,3.60 pts,4,,18,,#N/A
14,12/4/24,5,S1,ONT400 / 15,ON-TRACK/A,ROBERT YEE,12,2025,B,2.90 pts,2.14,,18,,#N/A
14,12/4/24,6,S1,ENG801 / 16,SENIOR ENG/A,HEATHER CARVER,12,2025,B,3.04 pts,2.14,,18,,#N/A
14,12/4/24,1,S1,PED500 / 11,WEIGHT TRAINING,SCOTT BOOTHBY,9,2028,A,3.96 pts,4,,2,,#N/A
14,12/4/24,2,S1,ASL501 / 12,AMERICAN SIGN LANGUAGE I/A,KYLA RITCHEY,9,2028,A-,3.57 pts,4,,2,,#N/A
14,12/4/24,3,S1,MAT520 / 33,ALGEBRA I A,JANET GROVE,9,2028,B-,2.85 pts,4.86,,2,,#N/A
14,12/4/24,4,S1,SCI503 / 14,PHYSICAL SCIENCE A,JAMES BENNETT,9,2028,C-,2.04 pts,6.43,,2,,#N/A
14,12/4/24,5,S1,HFL113 / 15,INTRO CULINARY ART,ALEXANDRA YOST,9,2028,C,2.27 pts,6.71,,2,,#N/A
14,12/4/24,6,S1,ENG501 / 16,FR ENGLISH/A,DAVID HOLLINGSWORTH,9,2028,C+,2.65 pts,6.86,,2,,Yes
14,12/4/24,1,S1,CTE114 / 11,ENGINEERING A,JASON BLAESING,11,2026,C-,2.15 pts,1.57,,19,,#N/A
14,12/4/24,2,S1,FAR113 / 12,INTRO TO ART AND DESIGN,ROBERT YEE,11,2026,A,3.61 pts,1,,19,,#N/A
14,12/4/24,3,S1,FAR605 / 13,INTRO TO THEATRE,KELLY GREGERSEN,11,2026,A,3.61 pts,1,,19,,#N/A
14,12/4/24,4,S1,ENG701 / 14,JUNIOR ENG/A,JOHN CARVER,11,2026,A,3.64 pts,2.43,,19,,#N/A
14,12/4/24,5,S1,SOC703 / 15,AP US HISTORY A,RYAN ISAACSON,11,2026,B+,3.38 pts,2.29,,19,,#N/A
14,12/4/24,6,S1,MAT701 / 16,ALGEBRA II A,JASON BLAESING,11,2026,C+,2.52 pts,2.57,Larry,19,Active,Yes
14,12/4/24,1,S1,ENG601 / 11,SOPH ENG/A,MARCEE SALAS,10,2027,B,3.04 pts,3.14,,20,,#N/A
14,12/4/24,2,S1,MAT522 / 32,GEOMETRY A,BRIAN ANDERSON,10,2027,D+,1.94 pts,3,,20,,#N/A
14,12/4/24,3,S1,VOC620 / 13,METAL CRAFTS & PRODUCTION I,DONALD O'BRIEN,10,2027,B+,3.38 pts,2.57,,20,,#N/A
14,12/4/24,4,S1,SCI601 / 14,BIOLOGY A,GRANT MERRILL,10,2027,D+,1.89 pts,1.14,,20,,Yes
14,12/4/24,5,S1,CTE100 / 15,MEDICAL CAREERS & TERMINOLOG/A,DONNA SCHATZ,10,2027,A,3.72 pts,1.43,,20,,#N/A
14,12/4/24,6,S1,SOC108 / 36,WORLD HISTORY/A,DAVE HAJEK,10,2027,C-,2.04 pts,1.29,,20,,#N/A
14,12/4/24,1,S1,SOC701 / 11,US HISTORY/A,DAVE HAJEK,11,2026,F,1.08 pts,8.14,,21,,#N/A
14,12/4/24,2,S1,SCI609 / 12,CHEMISTRY/A,GRANT MERRILL,11,2026,F,1.48 pts,6.71,Jay,21,Active,Yes
14,12/4/24,3,S1,BUS301 / 13,PERSONAL FINANCE A,NICOLE SIMEK,11,2026,B-,2.79 pts,7.43,,21,,Yes
14,12/4/24,4,S1,HFL118 / 14,ADV CULINARY ARTS A,ALEXANDRA YOST,11,2026,A,3.72 pts,7.43,,21,,#N/A
14,12/4/24,5,S1,ENG701 / 15,JUNIOR ENG/A,JOHN CARVER,11,2026,B,3.14 pts,6.86,,21,,Yes
14,12/4/24,6,S1,PED500 / 16,WEIGHT TRAINING,SCOTT DIZMANG,11,2026,A,3.81 pts,7.43,,21,,#N/A
14,12/4/24,1,S1,FAR109 / 11,CERAMICS II,ROBERT YEE,11,2026,B,3.17 pts,2.57,,22,,#N/A
14,12/4/24,2,S1,FAR113 / 12,INTRO TO ART AND DESIGN,ROBERT YEE,11,2026,B+,3.31 pts,2.86,,22,,#N/A
14,12/4/24,3,S1,MAT701 / 13,ALGEBRA II A,JENNIFER REILLY,11,2026,B,3.17 pts,3.71,,22,,Yes
14,12/4/24,4,S1,SCI503 / 34,PHYSICAL SCIENCE A,WILLIAM BAUR,11,2026,B+,3.20 pts,3.14,,22,,#N/A
14,12/4/24,5,S1,SOC701 / 15,US HISTORY/A,DAVE HAJEK,11,2026,C,2.45 pts,3.43,,22,,#N/A
14,12/4/24,6,S1,ENG701 / 16,JUNIOR ENG/A,JOHN CARVER,11,2026,B+,3.25 pts,3.71,,22,,#N/A
14,12/4/24,1,S1,SCI503 / 11,PHYSICAL SCIENCE A,JAMES BENNETT,11,2026,F,1.51 pts,19.86,,23,,#N/A
14,12/4/24,2,S1,BUS301 / 12,PERSONAL FINANCE A,NICOLE SIMEK,11,2026,F,0.86 pts,18.43,,23,,Yes
14,12/4/24,3,S1,ONT400 / 13,ON-TRACK/A,BRIAN ANDERSON,11,2026,C-,2.00 pts,17.43,,23,,#N/A
14,12/4/24,4,S1,SOC701 / 14,US HISTORY/A,DAVE HAJEK,11,2026,F,0.39 pts,18.57,,23,,Yes
14,12/4/24,5,S1,ENG701 / 15,JUNIOR ENG/A,JOHN CARVER,11,2026,F,1.39 pts,17,,23,,Yes
14,12/4/24,6,S1,FAR604 / 16,SCENE DESIGN,KELLY GREGERSEN,11,2026,C-,2.03 pts,16.29,,23,,#N/A
14,12/4/24,1,S1,MAT704 / 11,PRE-CALC A MAT 153,BRIAN ANDERSON,12,2025,C-,2.07 pts,2.5,,24,,Yes
14,12/4/24,2,S1,RUN101 / 12,RUNNING START/A,,12,2025,,,0,,24,,#N/A
14,12/4/24,3,S1,CTE120 / 13,CYBER SECURITY I,ROSANNA RUFF,12,2025,A,3.68 pts,3,,24,,#N/A
14,12/4/24,4,S1,RUN101 / 14,RUNNING START/A,,12,2025,,,0,,24,,#N/A
14,12/4/24,5,S1,SOC802 / 15,CIVICS,SCOTT BOOTHBY,12,2025,A,3.70 pts,2,,24,,#N/A
14,12/4/24,6,S1,RUN101 / 16,RUNNING START/A,,12,2025,,,0,,24,,#N/A
14,12/4/24,1,S1,PED513 / 11,TEAM GAMES,SCOTT DIZMANG,9,2028,A,3.64 pts,1,,25,,#N/A
14,12/4/24,2,S1,HFL114 / 12,FAMILY HEALTH,MICHAEL ISOTALO,9,2028,C,2.33 pts,1.86,,25,,#N/A
14,12/4/24,2,S1,HFL114 / 12,FAMILY HEALTH,THOMAS KESSINGER,9,2028,C,2.33 pts,1.86,,25,,#N/A
14,12/4/24,3,S1,SCI503 / 33,PHYSICAL SCIENCE A,WILLIAM BAUR,9,2028,D,1.66 pts,1.86,,25,,#N/A
14,12/4/24,4,S1,VOC300 / 14,SMALL ENGINE REPAIR I,DONALD O'BRIEN,9,2028,C,2.47 pts,1.86,,25,,#N/A
14,12/4/24,5,S1,MAT520 / 15,ALGEBRA I A,KEVIN REILLY,9,2028,C,2.32 pts,2,,25,,#N/A
14,12/4/24,6,S1,ENG501 / 16,FR ENGLISH/A,DAVID HOLLINGSWORTH,9,2028,F,1.19 pts,2,,25,,Yes
14,12/4/24,1,S1,SCI503 / 11,PHYSICAL SCIENCE A,JAMES BENNETT,11,2026,F,0.10 pts,21.57,,26,,#N/A
14,12/4/24,2,S1,VOC705 / 12,DIGITAL PHOTOGRAPHY I,ROSANNA RUFF,11,2026,C-,2.18 pts,16.57,,26,,#N/A
14,12/4/24,3,S1,ONT400 / 13,ON-TRACK/A,BRIAN ANDERSON,11,2026,B-,2.80 pts,8.57,,26,,#N/A
14,12/4/24,4,S1,SOC701 / 14,US HISTORY/A,DAVE HAJEK,11,2026,F,1.07 pts,15,,26,,Yes
14,12/4/24,5,S1,BUS301 / 15,PERSONAL FINANCE A,NICOLE SIMEK,11,2026,F,1.00 pts,11.71,,26,,#N/A
14,12/4/24,6,S1,ENG701 / 16,JUNIOR ENG/A,JOHN CARVER,11,2026,D+,1.84 pts,16.86,,26,,#N/A
14,12/4/24,1,S1,ASL505 / 11,AMER SIGN III/A,TAMI GRANT,11,2026,B+,3.20 pts,2.43,,29,,#N/A
14,12/4/24,2,S1,SCI503 / 32,PHYSICAL SCIENCE A,WILLIAM BAUR,11,2026,B,3.03 pts,1.71,,29,,#N/A
14,12/4/24,3,S1,ENG719 / 13,AP LANGUAGE/COMPOSITION A,HEATHER CARVER,11,2026,B-,2.71 pts,2.57,,29,,#N/A
14,12/4/24,4,S1,MAT701 / 14,ALGEBRA II A,JENNIFER REILLY,11,2026,B,3.13 pts,3.71,,29,,#N/A
14,12/4/24,5,S1,CTE501 / 15,PROJECT IN LEADERSHIP/A,KYLA RITCHEY,11,2026,A,3.92 pts,1.71,,29,,#N/A
14,12/4/24,6,S1,SOC701 / 16,US HISTORY/A,SCOTT BOOTHBY,11,2026,D,1.67 pts,3.29,Melanie,29,Active,Yes
14,12/4/24,1,S1,PED500 / 11,WEIGHT TRAINING,SCOTT BOOTHBY,12,2025,C,2.26 pts,5.71,,27,,#N/A
14,12/4/24,2,S1,BUS301 / 12,PERSONAL FINANCE A,NICOLE SIMEK,12,2025,F,1.01 pts,5.29,,27,,Yes
14,12/4/24,3,S1,ONT400 / 13,ON-TRACK/A,BRIAN ANDERSON,12,2025,A,4.00 pts,4.86,,27,,#N/A
14,12/4/24,4,S1,SOC802 / 14,CIVICS,JIM REED,12,2025,F,0.23 pts,7.43,,27,,#N/A
14,12/4/24,5,S1,CTE100 / 15,MEDICAL CAREERS & TERMINOLOG/A,DONNA SCHATZ,12,2025,F,0.55 pts,7,,27,,#N/A
14,12/4/24,6,S1,ENG801 / 16,SENIOR ENG/A,HEATHER CARVER,12,2025,D,1.75 pts,6.71,,27,,#N/A
14,12/4/24,1,S1,ENG601 / 11,SOPH ENG/A,MARCEE SALAS,10,2027,C-,2.18 pts,3.14,,28,,#N/A
14,12/4/24,2,S1,SCI601 / 32,BIOLOGY A,DONNA SCHATZ,10,2027,D,1.65 pts,3.29,,28,,#N/A
14,12/4/24,3,S1,ASL501 / 13,AMERICAN SIGN LANGUAGE I/A,KYLA RITCHEY,10,2027,A,4.00 pts,4.43,,28,,#N/A
14,12/4/24,4,S1,MAT522 / 14,GEOMETRY A,ROCHELLE AITON,10,2027,F,1.14 pts,3.86,,28,,Yes
14,12/4/24,4,S1,MAT522 / 14,GEOMETRY A,NINETTE LILIENTHAL,10,2027,F,1.14 pts,3.86,,28,,Yes
14,12/4/24,5,S1,CTE222 / 15,MUSIC PROD IA,DAVID DUARTE,10,2027,F,0.10 pts,4.43,,28,,#N/A
14,12/4/24,6,S1,SOC108 / 16,WORLD HISTORY/A,RYAN ISAACSON,10,2027,F,0.55 pts,4.57,,28,,#N/A
14,12/4/24,1,S1,PED513 / 11,TEAM GAMES,SCOTT DIZMANG,12,2025,B-,2.81 pts,5.86,,30,,#N/A
14,12/4/24,2,S1,ASL503 / 12,AMERICAN SIGN LANGUAGE II/A,TAMI GRANT,12,2025,B+,3.33 pts,4.57,,30,,#N/A
14,12/4/24,3,S1,BUS301 / 13,PERSONAL FINANCE A,NICOLE SIMEK,12,2025,B,3.06 pts,3.57,,30,,Yes
14,12/4/24,4,S1,SOC802 / 14,CIVICS,JIM REED,12,2025,A-,3.41 pts,4.43,,30,,#N/A
14,12/4/24,5,S1,VOC106 / 15,METAL MANUFACTURING & TECH I,DONALD O'BRIEN,12,2025,B,3.19 pts,5.29,,30,,#N/A
14,12/4/24,6,S1,ENG801 / 16,SENIOR ENG/A,HEATHER CARVER,12,2025,B-,2.88 pts,5.14,,30,,#N/A
14,12/4/24,1,S1,PED513 / 11,TEAM GAMES,SCOTT DIZMANG,11,2026,B,3.17 pts,24.94,,31,,#N/A
14,12/4/24,2,S1,MAT520 / 12,ALGEBRA I A,KEVIN REILLY,11,2026,C,2.23 pts,21.77,,31,,#N/A
14,12/4/24,3,S1,ELE403 / 13,LANGUAGE SUPPORT/A,HAYLEY ALVARADO,11,2026,,,4.2,,31,,Yes
14,12/4/24,4,S1,FAR108 / 14,CERAMICS I,ROBERT YEE,11,2026,A-,3.58 pts,15.43,,31,,#N/A
14,12/4/24,5,S1,NCR105 / 15,EARLY DISMISSAL,MARK CASTLE,11,2026,,,0,,31,,#N/A
14,12/4/24,6,S1,NCR105 / 16,EARLY DISMISSAL,MARK CASTLE,11,2026,,,0,,31,,#N/A
14,12/4/24,1,S1,FAR108 / 11,CERAMICS I,ROBERT YEE,10,2027,B+,3.34 pts,2.29,,32,,#N/A
14,12/4/24,2,S1,SOC108 / 12,WORLD HISTORY/A,DAVID HOLLINGSWORTH,10,2027,C-,2.03 pts,2.71,,32,,#N/A
14,12/4/24,3,S1,SCI601 / 33,BIOLOGY A,DONNA SCHATZ,10,2027,C+,2.52 pts,2.86,,32,,#N/A
14,12/4/24,4,S1,MAT522 / 14,GEOMETRY A,ROCHELLE AITON,10,2027,C,2.28 pts,4.29,,32,,Yes
14,12/4/24,4,S1,MAT522 / 14,GEOMETRY A,NINETTE LILIENTHAL,10,2027,C,2.28 pts,4.29,,32,,Yes
14,12/4/24,5,S1,ASL503 / 15,AMERICAN SIGN LANGUAGE II/A,TAMI GRANT,10,2027,B-,2.75 pts,4.43,,32,,#N/A
14,12/4/24,6,S1,ENG601 / 16,SOPH ENG/A,MARCEE SALAS,10,2027,C-,2.13 pts,4.43,,32,,#N/A
14,12/4/24,1,S1,VOC705 / 11,DIGITAL PHOTOGRAPHY I,ROSANNA RUFF,10,2027,C-,2.19 pts,1.57,,33,,#N/A
14,12/4/24,2,S1,MAT522 / 12,GEOMETRY A,ROCHELLE AITON,10,2027,F,1.50 pts,0.71,,33,,Yes
14,12/4/24,2,S1,MAT522 / 12,GEOMETRY A,NINETTE LILIENTHAL,10,2027,F,1.50 pts,0.71,,33,,Yes
14,12/4/24,3,S1,ASL501 / 13,AMERICAN SIGN LANGUAGE I/A,KYLA RITCHEY,10,2027,F,1.09 pts,0.57,,33,,#N/A
14,12/4/24,4,S1,SOC108 / 14,WORLD HISTORY/A,DAVID HOLLINGSWORTH,10,2027,F,1.56 pts,0,,33,,#N/A
14,12/4/24,5,S1,ENG601 / 15,SOPH ENG/A,MARCEE SALAS,10,2027,F,1.64 pts,0,,33,,Yes
14,12/4/24,6,S1,SCI601 / 36,BIOLOGY A,WILLIAM BAUR,10,2027,C-,2.06 pts,0,,33,,Yes
14,12/4/24,1,S1,VOC106 / 11,METAL MANUFACTURING & TECH I,DONALD O'BRIEN,10,2027,C+,2.64 pts,2.43,,34,,#N/A
14,12/4/24,2,S1,ENG601 / 12,SOPH ENG/A,KELLY GREGERSEN,10,2027,F,0.68 pts,1.57,Cindy,34,Active,Yes
14,12/4/24,3,S1,SCI601 / 13,BIOLOGY A,GRANT MERRILL,10,2027,F,0.33 pts,2.57,,34,,Yes
14,12/4/24,4,S1,MAT522 / 14,GEOMETRY A,ROCHELLE AITON,10,2027,F,1.54 pts,1.86,John L,34,Active,Yes
14,12/4/24,4,S1,MAT522 / 14,GEOMETRY A,NINETTE LILIENTHAL,10,2027,F,1.54 pts,1.86,John L,34,Active,Yes
14,12/4/24,5,S1,VOC503 / 15,FINE ARTS WOODS II,BRENT MANSELL,10,2027,C,2.49 pts,2.14,,34,,#N/A
14,12/4/24,6,S1,SOC108 / 16,WORLD HISTORY/A,RYAN ISAACSON,10,2027,C-,2.02 pts,2.43,,34,,#N/A
14,12/4/24,1,S1,ENG801 / 11,SENIOR ENG/A,HEATHER CARVER,12,2025,C,2.35 pts,3,,35,,#N/A
14,12/4/24,2,S1,SCI609 / 12,CHEMISTRY/A,GRANT MERRILL,12,2025,F,0.94 pts,3.57,,35,,Yes
14,12/4/24,3,S1,SOC802 / 13,CIVICS,JIM REED,12,2025,C-,2.01 pts,3.71,,35,,#N/A
14,12/4/24,4,S1,HFL115 / 14,ADVANCED PASTRY ARTS I,KAYLA PAYNE,12,2025,A-,3.46 pts,3.57,,35,,#N/A
14,12/4/24,5,S1,ONT400 / 15,ON-TRACK/A,ROBERT YEE,12,2025,B-,2.88 pts,4.57,,35,,#N/A
14,12/4/24,6,S1,FAR111 / 16,CERAMICS IV,ROBERT YEE,12,2025,F,1.50 pts,4.43,,35,,#N/A
14,12/4/24,1,S1,CTE114 / 11,ENGINEERING A,JASON BLAESING,11,2026,C-,2.04 pts,7.14,,36,,#N/A
14,12/4/24,2,S1,MAT701 / 12,ALGEBRA II A,JASON BLAESING,11,2026,F,1.20 pts,7,,36,,Yes
14,12/4/24,3,S1,PED500 / 13,WEIGHT TRAINING,SCOTT BOOTHBY,11,2026,B+,3.34 pts,7.14,,36,,#N/A
14,12/4/24,4,S1,ENG701 / 14,JUNIOR ENG/A,JOHN CARVER,11,2026,C-,2.08 pts,7.14,,36,,#N/A
14,12/4/24,5,S1,SOC701 / 15,US HISTORY/A,DAVE HAJEK,11,2026,F,1.62 pts,7,,36,,#N/A
14,12/4/24,6,S1,FAR542 / 16,WIND ENSEMB/A,DAVID DUARTE,11,2026,A,4.00 pts,7,,36,,#N/A
14,12/4/24,1,S1,VOC502 / 11,FINE ARTS WOODWORKING I,BRENT MANSELL,11,2026,B,3.03 pts,3.86,,37,,#N/A
14,12/4/24,2,S1,SCI503 / 12,PHYSICAL SCIENCE A,JAMES BENNETT,11,2026,C,2.26 pts,3.86,,37,,#N/A
14,12/4/24,3,S1,ONT400 / 13,ON-TRACK/A,BRIAN ANDERSON,11,2026,A,4.00 pts,4,,37,,#N/A
14,12/4/24,4,S1,ENG715 / 14,FILM AS LITERATURE,KELLY GREGERSEN,11,2026,C,2.25 pts,3.86,,37,,#N/A
14,12/4/24,5,S1,BUS301 / 15,PERSONAL FINANCE A,NICOLE SIMEK,11,2026,F,1.48 pts,3.86,,37,,#N/A
14,12/4/24,6,S1,SOC701 / 16,US HISTORY/A,SCOTT BOOTHBY,11,2026,C-,2.01 pts,4,,37,,Yes
14,12/4/24,1,S1,VOC502 / 11,FINE ARTS WOODWORKING I,BRENT MANSELL,10,2027,A,4.00 pts,8,,38,,#N/A
14,12/4/24,2,S1,SCI601 / 32,BIOLOGY A,DONNA SCHATZ,10,2027,C,2.20 pts,8.71,,38,,#N/A
14,12/4/24,3,S1,MAT522 / 13,GEOMETRY A,ROCHELLE AITON,10,2027,F,1.35 pts,8.14,,38,,Yes
14,12/4/24,3,S1,MAT522 / 13,GEOMETRY A,NINETTE LILIENTHAL,10,2027,F,1.35 pts,8.14,,38,,Yes
14,12/4/24,4,S1,PED500 / 14,WEIGHT TRAINING,SCOTT DIZMANG,10,2027,A,3.71 pts,8.29,,38,,#N/A
14,12/4/24,5,S1,ENG601 / 15,SOPH ENG/A,MARCEE SALAS,10,2027,D+,1.95 pts,8.57,,38,,Yes
14,12/4/24,6,S1,SOC108 / 36,WORLD HISTORY/A,DAVE HAJEK,10,2027,F,1.49 pts,7.57,,38,,#N/A
14,12/4/24,1,S1,VOC106 / 11,METAL MANUFACTURING & TECH I,DONALD O'BRIEN,10,2027,B,3.19 pts,1.57,,39,,#N/A
14,12/4/24,2,S1,SOC108 / 12,WORLD HISTORY/A,DAVID HOLLINGSWORTH,10,2027,C,2.38 pts,1.43,,39,,#N/A
14,12/4/24,3,S1,MAT522 / 13,GEOMETRY A,ROCHELLE AITON,10,2027,C-,2.02 pts,1.57,,39,,Yes
14,12/4/24,3,S1,MAT522 / 13,GEOMETRY A,NINETTE LILIENTHAL,10,2027,C-,2.02 pts,1.57,,39,,Yes
14,12/4/24,4,S1,PED500 / 14,WEIGHT TRAINING,SCOTT DIZMANG,10,2027,A,3.61 pts,1,,39,,#N/A
14,12/4/24,5,S1,ENG601 / 15,SOPH ENG/A,MARCEE SALAS,10,2027,F,1.12 pts,1.29,,39,,Yes
14,12/4/24,6,S1,SCI601 / 36,BIOLOGY A,WILLIAM BAUR,10,2027,D,1.78 pts,1,,39,,Yes
14,12/4/24,1,S1,ENG701 / 11,JUNIOR ENG/A,JOHN CARVER,11,2026,B-,2.78 pts,4,,40,,#N/A
14,12/4/24,2,S1,MAT701 / 12,ALGEBRA II A,JASON BLAESING,11,2026,F,1.49 pts,3.86,,40,,Yes
14,12/4/24,3,S1,PED500 / 13,WEIGHT TRAINING,SCOTT BOOTHBY,11,2026,A,3.88 pts,3.86,,40,,#N/A
14,12/4/24,4,S1,SCI503 / 34,PHYSICAL SCIENCE A,WILLIAM BAUR,11,2026,C,2.21 pts,4.86,,40,,#N/A
14,12/4/24,5,S1,SPA601 / 15,SPANISH II A,ROCHELLE AITON,11,2026,D+,1.91 pts,4.86,,40,,#N/A
14,12/4/24,6,S1,SOC701 / 16,US HISTORY/A,SCOTT BOOTHBY,11,2026,B-,2.84 pts,5,,40,,Yes
14,12/4/24,1,S1,SOC701 / 11,US HISTORY/A,DAVE HAJEK,11,2026,C-,2.05 pts,3,,47,,#N/A
14,12/4/24,2,S1,SCI609 / 12,CHEMISTRY/A,GRANT MERRILL,11,2026,F,1.42 pts,2.71,,47,,Yes
14,12/4/24,3,S1,ASL503 / 13,AMERICAN SIGN LANGUAGE II/A,TAMI GRANT,11,2026,B+,3.33 pts,2,,47,,#N/A
14,12/4/24,4,S1,PED500 / 14,WEIGHT TRAINING,SCOTT DIZMANG,11,2026,A,4.00 pts,2,,47,,#N/A
14,12/4/24,5,S1,MAT701 / 35,ALGEBRA II A,JENNIFER REILLY,11,2026,B+,3.39 pts,2,,47,,#N/A
14,12/4/24,6,S1,ENG701 / 16,JUNIOR ENG/A,JOHN CARVER,11,2026,B+,3.38 pts,2,,47,,#N/A
14,12/4/24,1,S1,ENG701 / 11,JUNIOR ENG/A,JOHN CARVER,11,2026,B-,2.83 pts,3.14,,41,,#N/A
14,12/4/24,2,S1,HFL116 / 12,BAKING PASTRY ARTS I,KAYLA PAYNE,11,2026,C-,2.17 pts,2.14,,41,,#N/A
14,12/4/24,3,S1,SCI503 / 33,PHYSICAL SCIENCE A,WILLIAM BAUR,11,2026,C,2.47 pts,1,,41,,#N/A
14,12/4/24,4,S1,SOC701 / 14,US HISTORY/A,DAVE HAJEK,11,2026,D+,1.96 pts,2.43,,41,,Yes
14,12/4/24,5,S1,ASL503 / 15,AMERICAN SIGN LANGUAGE II/A,TAMI GRANT,11,2026,A-,3.50 pts,2.14,,41,,#N/A
14,12/4/24,6,S1,MAT701 / 16,ALGEBRA II A,JASON BLAESING,11,2026,C,2.27 pts,2.14,Larry,41,Active,Yes
14,12/4/24,1,S1,FAR606 / 11,ADVANCED ACTING/ A,KELLY GREGERSEN,12,2025,A,3.81 pts,2.14,,42,,#N/A
14,12/4/24,2,S1,SCI609 / 12,CHEMISTRY/A,GRANT MERRILL,12,2025,F,0.77 pts,1.43,,42,,Yes
14,12/4/24,3,S1,ENG801 / 13,SENIOR ENG/A,JOHN CARVER,12,2025,B-,2.72 pts,3.29,,42,,#N/A
14,12/4/24,4,S1,HFL118 / 14,ADV CULINARY ARTS A,ALEXANDRA YOST,12,2025,B,2.99 pts,3.14,,42,,#N/A
14,12/4/24,5,S1,BUS301 / 15,PERSONAL FINANCE A,NICOLE SIMEK,12,2025,C-,2.01 pts,2.57,,42,,#N/A
14,12/4/24,6,S1,FAR542 / 16,WIND ENSEMB/A,DAVID DUARTE,12,2025,A,3.99 pts,2.57,,42,,#N/A
14,12/4/24,1,S1,ENG701 / 11,JUNIOR ENG/A,JOHN CARVER,11,2026,C,2.38 pts,21.57,,43,,#N/A
14,12/4/24,2,S1,SCI503 / 12,PHYSICAL SCIENCE A,JAMES BENNETT,11,2026,C+,2.69 pts,20,,43,,#N/A
14,12/4/24,3,S1,ASL503 / 13,AMERICAN SIGN LANGUAGE II/A,TAMI GRANT,11,2026,F,1.58 pts,16.14,,43,,#N/A
14,12/4/24,4,S1,SOC701 / 14,US HISTORY/A,DAVE HAJEK,11,2026,F,1.64 pts,20.86,,43,,Yes
14,12/4/24,5,S1,SOC105 / 15,AP PSYCHOLOGY A,JIM REED,11,2026,F,1.10 pts,16.71,,43,,#N/A
14,12/4/24,6,S1,MAT701 / 16,ALGEBRA II A,JASON BLAESING,11,2026,F,1.56 pts,20,,43,,Yes
14,12/4/24,1,S1,MAT522 / 11,GEOMETRY A,ROCHELLE AITON,10,2027,F,1.53 pts,13.14,,44,,Yes
14,12/4/24,1,S1,MAT522 / 11,GEOMETRY A,NINETTE LILIENTHAL,10,2027,F,1.53 pts,13.14,,44,,Yes
14,12/4/24,2,S1,HFL116 / 12,BAKING PASTRY ARTS I,KAYLA PAYNE,10,2027,C-,2.11 pts,8.71,,44,,#N/A
14,12/4/24,3,S1,SCI601 / 33,BIOLOGY A,DONNA SCHATZ,10,2027,F,0.40 pts,10.43,,44,,#N/A
14,12/4/24,4,S1,PED500 / 14,WEIGHT TRAINING,SCOTT DIZMANG,10,2027,B-,2.73 pts,15,,44,,#N/A
14,12/4/24,5,S1,ENG601 / 15,SOPH ENG/A,MARCEE SALAS,10,2027,F,1.60 pts,14.29,,44,,Yes
14,12/4/24,6,S1,SOC108 / 16,WORLD HISTORY/A,RYAN ISAACSON,10,2027,F,0.96 pts,15.71,,44,,#N/A
14,12/4/24,1,S1,VOC705 / 11,DIGITAL PHOTOGRAPHY I,ROSANNA RUFF,11,2026,B+,3.29 pts,2.43,,45,,#N/A
14,12/4/24,2,S1,SCI609 / 12,CHEMISTRY/A,GRANT MERRILL,11,2026,D+,1.97 pts,2.29,,45,,Yes
14,12/4/24,3,S1,ENG719 / 13,AP LANGUAGE/COMPOSITION A,HEATHER CARVER,11,2026,A-,3.41 pts,1.86,,45,,#N/A
14,12/4/24,4,S1,PED500 / 14,WEIGHT TRAINING,SCOTT DIZMANG,11,2026,A,3.71 pts,1.86,,45,,#N/A
14,12/4/24,5,S1,SOC703 / 15,AP US HISTORY A,RYAN ISAACSON,11,2026,A,4.00 pts,1.86,,45,,#N/A
14,12/4/24,6,S1,MAT701 / 16,ALGEBRA II A,JASON BLAESING,11,2026,C+,2.59 pts,2,,45,,Yes
14,12/4/24,6,S1,MAT701 / 16,ALGEBRA II A,JASON BLAESING,11,2026,A-,3.43 pts,6.33,,127,,Yes
14,12/4/24,1,S1,MAT704 / 11,PRE-CALC A MAT 153,BRIAN ANDERSON,12,2025,D,1.73 pts,1.57,,352,,Yes
14,12/4/24,3,S1,MAT701 / 13,ALGEBRA II A,JENNIFER REILLY,10,2027,A-,3.44 pts,5.14,,186,,Yes
14,12/4/24,6,S1,SCI601 / 36,BIOLOGY A,WILLIAM BAUR,10,2027,A,3.73 pts,4.71,,186,,Yes
14,12/4/24,4,S1,MAT522 / 14,GEOMETRY A,ROCHELLE AITON,10,2027,D+,1.82 pts,8.29,,437,,Yes
14,12/4/24,4,S1,MAT522 / 14,GEOMETRY A,NINETTE LILIENTHAL,10,2027,D+,1.82 pts,8.29,,437,,Yes
14,12/4/24,6,S1,SCI601 / 36,BIOLOGY A,WILLIAM BAUR,12,2025,A-,3.44 pts,17.33,,178,,Yes
14,12/4/24,2,S1,BUS301 / 12,PERSONAL FINANCE A,NICOLE SIMEK,12,2025,B,2.97 pts,12.29,,135,,Yes
14,12/4/24,1,S1,MAT522 / 11,GEOMETRY A,ROCHELLE AITON,10,2027,D+,1.91 pts,7,,246,,Yes
14,12/4/24,1,S1,MAT522 / 11,GEOMETRY A,NINETTE LILIENTHAL,10,2027,D+,1.91 pts,7,,246,,Yes
14,12/4/24,2,S1,MAT701 / 12,ALGEBRA II A,JASON BLAESING,11,2026,B,3.01 pts,5.14,,241,,Yes
14,12/4/24,2,S1,BUS301 / 12,PERSONAL FINANCE A,NICOLE SIMEK,12,2025,B+,3.31 pts,9.57,,97,,Yes
14,12/4/24,2,S1,BUS301 / 12,PERSONAL FINANCE A,NICOLE SIMEK,12,2025,B-,2.89 pts,8.57,,96,,Yes
14,12/4/24,3,S1,SCI601 / 13,BIOLOGY A,GRANT MERRILL,10,2027,F,1.16 pts,2.57,,136,,Yes
14,12/4/24,4,S1,MAT522 / 14,GEOMETRY A,ROCHELLE AITON,10,2027,F,0.00 pts,26.71,,447,,Yes
14,12/4/24,4,S1,MAT522 / 14,GEOMETRY A,NINETTE LILIENTHAL,10,2027,F,0.00 pts,26.71,,447,,Yes
14,12/4/24,1,S1,MAT522 / 11,GEOMETRY A,ROCHELLE AITON,10,2027,C,2.24 pts,0.43,,411,,Yes
14,12/4/24,1,S1,MAT522 / 11,GEOMETRY A,NINETTE LILIENTHAL,10,2027,C,2.24 pts,0.43,,411,,Yes
14,12/4/24,3,S1,MAT701 / 13,ALGEBRA II A,JENNIFER REILLY,10,2027,A,3.96 pts,1.71,,153,,Yes
14,12/4/24,2,S1,MAT701 / 12,ALGEBRA II A,JASON BLAESING,11,2026,C-,2.14 pts,22.29,,274,,Yes
14,12/4/24,1,S1,MAT522 / 11,GEOMETRY A,ROCHELLE AITON,10,2027,A-,3.52 pts,0,,184,,Yes
14,12/4/24,1,S1,MAT522 / 11,GEOMETRY A,NINETTE LILIENTHAL,10,2027,A-,3.52 pts,0,,184,,Yes
14,12/4/24,4,S1,SCI601 / 14,BIOLOGY A,GRANT MERRILL,10,2027,A-,3.49 pts,0,,184,,Yes
14,12/4/24,6,S1,ENG501 / 16,FR ENGLISH/A,DAVID HOLLINGSWORTH,9,2028,D+,1.85 pts,1,,308,,Yes
14,12/4/24,2,S1,MAT522 / 12,GEOMETRY A,ROCHELLE AITON,9,2028,B+,3.33 pts,1.71,,166,,Yes
14,12/4/24,2,S1,MAT522 / 12,GEOMETRY A,NINETTE LILIENTHAL,9,2028,B+,3.33 pts,1.71,,166,,Yes
14,12/4/24,6,S1,ENG501 / 16,FR ENGLISH/A,DAVID HOLLINGSWORTH,9,2028,A,4.00 pts,1.71,,166,,Yes
14,12/4/24,6,S1,ENG501 / 16,FR ENGLISH/A,DAVID HOLLINGSWORTH,9,2028,B+,3.24 pts,3.14,,268,,Yes
14,12/4/24,5,S1,MAT522 / 15,GEOMETRY A,BRIAN ANDERSON,9,2028,B,3.09 pts,1.86,,351,,Yes
14,12/4/24,2,S1,ENG601 / 12,SOPH ENG/A,KELLY GREGERSEN,10,2027,B-,2.87 pts,5.86,,143,,Yes
14,12/4/24,4,S1,MAT522 / 14,GEOMETRY A,ROCHELLE AITON,10,2027,F,0.96 pts,7.43,,143,,Yes
14,12/4/24,4,S1,MAT522 / 14,GEOMETRY A,NINETTE LILIENTHAL,10,2027,F,0.96 pts,7.43,,143,,Yes
14,12/4/24,2,S1,BUS301 / 12,PERSONAL FINANCE A,NICOLE SIMEK,12,2025,F,0.60 pts,9.43,,377,,Yes
14,12/4/24,4,S1,MAT522 / 14,GEOMETRY A,ROCHELLE AITON,10,2027,F,0.70 pts,3,,110,,Yes
14,12/4/24,4,S1,MAT522 / 14,GEOMETRY A,NINETTE LILIENTHAL,10,2027,F,0.70 pts,3,,110,,Yes
14,12/4/24,5,S1,ENG601 / 15,SOPH ENG/A,MARCEE SALAS,10,2027,F,1.05 pts,3.57,,110,,Yes
14,12/4/24,6,S1,SCI601 / 16,BIOLOGY A,GRANT MERRILL,10,2027,F,0.20 pts,4.57,,110,,Yes
14,12/4/24,6,S1,ENG501 / 16,FR ENGLISH/A,DAVID HOLLINGSWORTH,9,2028,C-,2.10 pts,2.14,,196,,Yes
14,12/4/24,4,S1,MAT522 / 14,GEOMETRY A,ROCHELLE AITON,9,2028,A-,3.43 pts,1.86,,434,,Yes
14,12/4/24,4,S1,MAT522 / 14,GEOMETRY A,NINETTE LILIENTHAL,9,2028,A-,3.43 pts,1.86,,434,,Yes
14,12/4/24,1,S1,MAT522 / 11,GEOMETRY A,ROCHELLE AITON,10,2027,B-,2.71 pts,16.14,,383,,Yes
14,12/4/24,1,S1,MAT522 / 11,GEOMETRY A,NINETTE LILIENTHAL,10,2027,B-,2.71 pts,16.14,,383,,Yes
14,12/4/24,3,S1,SCI601 / 13,BIOLOGY A,GRANT MERRILL,10,2027,C,2.39 pts,15.86,,383,,Yes
14,12/4/24,5,S1,ENG601 / 15,SOPH ENG/A,MARCEE SALAS,10,2027,B,3.02 pts,16.43,,383,,Yes
14,12/4/24,2,S1,BUS301 / 12,PERSONAL FINANCE A,NICOLE SIMEK,12,2025,A,3.95 pts,7.86,,104,,Yes
14,12/4/24,4,S1,SCI601 / 14,BIOLOGY A,GRANT MERRILL,10,2027,F,0.80 pts,5.14,,374,,Yes
14,12/4/24,5,S1,ENG601 / 15,SOPH ENG/A,MARCEE SALAS,10,2027,F,1.64 pts,5,,374,,Yes
14,12/4/24,6,S1,MAT701 / 16,ALGEBRA II A,JASON BLAESING,11,2026,B+,3.30 pts,1,,119,,Yes
14,12/4/24,3,S1,BUS301 / 13,PERSONAL FINANCE A,NICOLE SIMEK,11,2026,F,0.86 pts,2.29,,435,,Yes
14,12/4/24,3,S1,BUS301 / 13,PERSONAL FINANCE A,NICOLE SIMEK,12,2025,C-,2.16 pts,2,,345,,Yes
14,12/4/24,6,S1,MAT701 / 16,ALGEBRA II A,JASON BLAESING,11,2026,A-,3.41 pts,6.57,,316,,Yes
14,12/4/24,6,S1,MAT701 / 16,ALGEBRA II A,JASON BLAESING,11,2026,A-,3.57 pts,5,,313,,Yes
14,12/4/24,6,S1,MAT701 / 16,ALGEBRA II A,JASON BLAESING,11,2026,A-,3.59 pts,4.86,,307,,Yes
14,12/4/24,4,S1,SOC701 / 14,US HISTORY/A,DAVE HAJEK,11,2026,A,3.83 pts,1,,223,,Yes
14,12/4/24,5,S1,ENG701 / 15,JUNIOR ENG/A,JOHN CARVER,11,2026,A,3.88 pts,1,,223,,Yes
14,12/4/24,3,S1,BUS301 / 13,PERSONAL FINANCE A,NICOLE SIMEK,12,2025,C-,2.08 pts,3.71,,365,,Yes
14,12/4/24,1,S1,MAT522 / 11,GEOMETRY A,ROCHELLE AITON,9,2028,C+,2.66 pts,7.43,,79,,Yes
14,12/4/24,1,S1,MAT522 / 11,GEOMETRY A,NINETTE LILIENTHAL,9,2028,C+,2.66 pts,7.43,,79,,Yes
14,12/4/24,2,S1,ENG601 / 12,SOPH ENG/A,KELLY GREGERSEN,10,2027,C,2.24 pts,9.14,,52,,Yes
14,12/4/24,4,S1,MAT522 / 14,GEOMETRY A,ROCHELLE AITON,10,2027,C,2.31 pts,8.57,,52,,Yes
14,12/4/24,4,S1,MAT522 / 14,GEOMETRY A,NINETTE LILIENTHAL,10,2027,C,2.31 pts,8.57,,52,,Yes
14,12/4/24,3,S1,MAT701 / 13,ALGEBRA II A,JENNIFER REILLY,11,2026,F,1.24 pts,35.43,,164,,Yes
14,12/4/24,2,S1,MAT701 / 12,ALGEBRA II A,JASON BLAESING,11,2026,F,1.57 pts,21,,121,,Yes
14,12/4/24,3,S1,MAT701 / 13,ALGEBRA II A,JENNIFER REILLY,11,2026,A,3.73 pts,2,,288,,Yes
14,12/4/24,6,S1,SOC701 / 16,US HISTORY/A,SCOTT BOOTHBY,11,2026,A-,3.57 pts,2,,288,,Yes
14,12/4/24,6,S1,ENG501 / 16,FR ENGLISH/A,DAVID HOLLINGSWORTH,9,2028,C+,2.51 pts,12.57,,212,,Yes
14,12/4/24,2,S1,BUS301 / 12,PERSONAL FINANCE A,NICOLE SIMEK,12,2025,D+,1.82 pts,4,,156,,Yes
14,12/4/24,4,S1,SCI601 / 14,BIOLOGY A,GRANT MERRILL,10,2027,D,1.66 pts,16.67,,120,,Yes
14,12/4/24,5,S1,ENG601 / 15,SOPH ENG/A,MARCEE SALAS,10,2027,F,1.60 pts,14.64,,120,,Yes
14,12/4/24,1,S1,MAT704 / 11,PRE-CALC A MAT 153,BRIAN ANDERSON,12,2025,A,3.84 pts,2,,265,,Yes
14,12/4/24,6,S1,MAT701 / 16,ALGEBRA II A,JASON BLAESING,11,2026,C-,2.19 pts,7.57,,361,,Yes
14,12/4/24,3,S1,MAT522 / 13,GEOMETRY A,ROCHELLE AITON,10,2027,F,0.00 pts,28.57,,160,,Yes
14,12/4/24,3,S1,MAT522 / 13,GEOMETRY A,NINETTE LILIENTHAL,10,2027,F,0.00 pts,28.57,,160,,Yes
14,12/4/24,1,S1,MAT522 / 11,GEOMETRY A,ROCHELLE AITON,10,2027,B+,3.22 pts,7.14,,386,,Yes
14,12/4/24,1,S1,MAT522 / 11,GEOMETRY A,NINETTE LILIENTHAL,10,2027,B+,3.22 pts,7.14,,386,,Yes
14,12/4/24,3,S1,SCI601 / 13,BIOLOGY A,GRANT MERRILL,10,2027,D+,1.96 pts,5.43,,386,,Yes
14,12/4/24,3,S1,MAT522 / 13,GEOMETRY A,ROCHELLE AITON,10,2027,F,1.60 pts,17.29,,67,,Yes
14,12/4/24,3,S1,MAT522 / 13,GEOMETRY A,NINETTE LILIENTHAL,10,2027,F,1.60 pts,17.29,,67,,Yes
14,12/4/24,4,S1,SCI601 / 14,BIOLOGY A,GRANT MERRILL,10,2027,F,0.57 pts,17,,67,,Yes
14,12/4/24,4,S1,SOC701 / 14,US HISTORY/A,DAVE HAJEK,11,2026,F,0.96 pts,9,,451,,Yes
14,12/4/24,2,S1,SCI609 / 12,CHEMISTRY/A,GRANT MERRILL,11,2026,C+,2.62 pts,1.43,,297,,Yes
14,12/4/24,2,S1,BUS301 / 12,PERSONAL FINANCE A,NICOLE SIMEK,12,2025,C+,2.55 pts,23.43,,322,,Yes
14,12/4/24,2,S1,BUS301 / 12,PERSONAL FINANCE A,NICOLE SIMEK,12,2025,F,0.26 pts,34,,321,,Yes
14,12/4/24,2,S1,MAT522 / 12,GEOMETRY A,ROCHELLE AITON,10,2027,F,0.00 pts,9,,463,,Yes
14,12/4/24,2,S1,MAT522 / 12,GEOMETRY A,NINETTE LILIENTHAL,10,2027,F,0.00 pts,9,,463,,Yes
14,12/4/24,3,S1,BUS301 / 13,PERSONAL FINANCE A,NICOLE SIMEK,11,2026,F,0.60 pts,15.71,,276,,Yes
14,12/4/24,5,S1,ENG701 / 15,JUNIOR ENG/A,JOHN CARVER,11,2026,B,3.09 pts,12.86,,276,,Yes
14,12/4/24,3,S1,MAT701 / 13,ALGEBRA II A,JENNIFER REILLY,11,2026,F,0.42 pts,32,,81,,Yes
14,12/4/24,1,S1,MAT704 / 11,PRE-CALC A MAT 153,BRIAN ANDERSON,12,2025,D,1.76 pts,2,,51,,Yes
14,12/4/24,6,S1,ENG501 / 16,FR ENGLISH/A,DAVID HOLLINGSWORTH,9,2028,A,3.96 pts,1.14,,217,,Yes
14,12/4/24,3,S1,MAT701 / 13,ALGEBRA II A,JENNIFER REILLY,10,2027,B,3.10 pts,4.14,,353,,Yes
14,12/4/24,5,S1,ENG601 / 15,SOPH ENG/A,MARCEE SALAS,10,2027,B+,3.26 pts,3.71,,353,,Yes
14,12/4/24,6,S1,SCI601 / 36,BIOLOGY A,WILLIAM BAUR,10,2027,A-,3.59 pts,3.86,,353,,Yes
14,12/4/24,6,S1,SCI601 / 16,BIOLOGY A,GRANT MERRILL,10,2027,C+,2.60 pts,0,,125,,Yes
14,12/4/24,3,S1,MAT701 / 13,ALGEBRA II A,JENNIFER REILLY,10,2027,A-,3.59 pts,0.86,,247,,Yes
14,12/4/24,6,S1,SOC701 / 16,US HISTORY/A,SCOTT BOOTHBY,11,2026,F,1.59 pts,23.29,,74,,Yes
14,12/4/24,6,S1,MAT701 / 16,ALGEBRA II A,JASON BLAESING,10,2027,A,3.69 pts,2,,384,,Yes
14,12/4/24,6,S1,ENG501 / 16,FR ENGLISH/A,DAVID HOLLINGSWORTH,9,2028,C-,2.08 pts,4.43,,346,,Yes
14,12/4/24,1,S1,MAT522 / 11,GEOMETRY A,ROCHELLE AITON,10,2027,F,0.47 pts,21.57,,407,,Yes
14,12/4/24,1,S1,MAT522 / 11,GEOMETRY A,NINETTE LILIENTHAL,10,2027,F,0.47 pts,21.57,,407,,Yes
14,12/4/24,2,S1,ENG601 / 12,SOPH ENG/A,KELLY GREGERSEN,10,2027,F,0.19 pts,21.71,,407,,Yes
14,12/4/24,4,S1,SCI601 / 14,BIOLOGY A,GRANT MERRILL,10,2027,F,0.34 pts,23,,407,,Yes
14,12/4/24,5,S1,ENG601 / 15,SOPH ENG/A,MARCEE SALAS,10,2027,C,2.30 pts,4,,108,,Yes
14,12/4/24,2,S1,MAT522 / 12,GEOMETRY A,ROCHELLE AITON,10,2027,D+,1.87 pts,20.86,,272,,Yes
14,12/4/24,2,S1,MAT522 / 12,GEOMETRY A,NINETTE LILIENTHAL,10,2027,D+,1.87 pts,20.86,,272,,Yes
14,12/4/24,4,S1,SOC701 / 14,US HISTORY/A,DAVE HAJEK,11,2026,F,0.89 pts,6.67,,449,,Yes
14,12/4/24,5,S1,ENG601 / 15,SOPH ENG/A,MARCEE SALAS,10,2027,C+,2.69 pts,0.29,,330,,Yes
14,12/4/24,6,S1,SCI601 / 36,BIOLOGY A,WILLIAM BAUR,10,2027,B-,2.71 pts,0,,330,,Yes
14,12/4/24,1,S1,MAT522 / 11,GEOMETRY A,ROCHELLE AITON,10,2027,B-,2.86 pts,0.14,,162,,Yes
14,12/4/24,1,S1,MAT522 / 11,GEOMETRY A,NINETTE LILIENTHAL,10,2027,B-,2.86 pts,0.14,,162,,Yes
14,12/4/24,2,S1,ENG601 / 12,SOPH ENG/A,KELLY GREGERSEN,10,2027,B,3.10 pts,0.14,,162,,Yes
14,12/4/24,6,S1,SCI601 / 36,BIOLOGY A,WILLIAM BAUR,10,2027,A-,3.44 pts,0.14,,162,,Yes
14,12/4/24,5,S1,ENG601 / 15,SOPH ENG/A,MARCEE SALAS,10,2027,C,2.46 pts,5.43,,371,,Yes
14,12/4/24,2,S1,BUS301 / 12,PERSONAL FINANCE A,NICOLE SIMEK,12,2025,C+,2.59 pts,5.57,,195,,Yes
14,12/4/24,2,S1,ENG601 / 12,SOPH ENG/A,KELLY GREGERSEN,10,2027,B-,2.87 pts,3.14,,347,,Yes
14,12/4/24,4,S1,SCI601 / 14,BIOLOGY A,GRANT MERRILL,10,2027,B-,2.86 pts,2.86,,347,,Yes
14,12/4/24,3,S1,MAT522 / 13,GEOMETRY A,ROCHELLE AITON,9,2028,C,2.22 pts,3.71,,211,,Yes
14,12/4/24,3,S1,MAT522 / 13,GEOMETRY A,NINETTE LILIENTHAL,9,2028,C,2.22 pts,3.71,,211,,Yes
14,12/4/24,2,S1,MAT522 / 12,GEOMETRY A,ROCHELLE AITON,11,2026,F,1.48 pts,18,,343,,Yes
14,12/4/24,2,S1,MAT522 / 12,GEOMETRY A,NINETTE LILIENTHAL,11,2026,F,1.48 pts,18,,343,,Yes
14,12/4/24,4,S1,SOC701 / 14,US HISTORY/A,DAVE HAJEK,11,2026,F,1.00 pts,14.86,,343,,Yes
14,12/4/24,5,S1,MAT522 / 15,GEOMETRY A,BRIAN ANDERSON,10,2027,B-,2.76 pts,1.71,,165,,Yes
14,12/4/24,6,S1,SCI601 / 36,BIOLOGY A,WILLIAM BAUR,10,2027,A-,3.52 pts,1.71,,165,,Yes
14,12/4/24,6,S1,SCI601 / 36,BIOLOGY A,WILLIAM BAUR,10,2027,A-,3.56 pts,4.71,,462,,Yes
14,12/4/24,2,S1,BUS301 / 12,PERSONAL FINANCE A,NICOLE SIMEK,12,2025,B,2.97 pts,4.86,,415,,Yes
14,12/4/24,4,S1,SCI601 / 14,BIOLOGY A,GRANT MERRILL,10,2027,A-,3.42 pts,5.43,,432,,Yes
14,12/4/24,3,S1,MAT522 / 13,GEOMETRY A,ROCHELLE AITON,10,2027,A,3.72 pts,1,,204,,Yes
14,12/4/24,3,S1,MAT522 / 13,GEOMETRY A,NINETTE LILIENTHAL,10,2027,A,3.72 pts,1,,204,,Yes
14,12/4/24,5,S1,ENG601 / 15,SOPH ENG/A,MARCEE SALAS,10,2027,C,2.46 pts,1,,204,,Yes
14,12/4/24,6,S1,SCI601 / 16,BIOLOGY A,GRANT MERRILL,10,2027,B,2.93 pts,1,,204,,Yes
14,12/4/24,6,S1,ENG501 / 16,FR ENGLISH/A,DAVID HOLLINGSWORTH,9,2028,A,4.00 pts,0.29,,62,,Yes
14,12/4/24,5,S1,MAT522 / 15,GEOMETRY A,BRIAN ANDERSON,9,2028,B-,2.71 pts,1,,154,,Yes
14,12/4/24,3,S1,SCI601 / 13,BIOLOGY A,GRANT MERRILL,10,2027,C,2.38 pts,1.14,,155,,Yes
14,12/4/24,4,S1,MAT522 / 14,GEOMETRY A,ROCHELLE AITON,10,2027,B,3.18 pts,0.86,,155,,Yes
14,12/4/24,4,S1,MAT522 / 14,GEOMETRY A,NINETTE LILIENTHAL,10,2027,B,3.18 pts,0.86,,155,,Yes
14,12/4/24,6,S1,MAT701 / 16,ALGEBRA II A,JASON BLAESING,11,2026,A-,3.44 pts,4.5,,278,,Yes
14,12/4/24,2,S1,MAT522 / 12,GEOMETRY A,ROCHELLE AITON,10,2027,B-,2.73 pts,5.14,,215,,Yes
14,12/4/24,2,S1,MAT522 / 12,GEOMETRY A,NINETTE LILIENTHAL,10,2027,B-,2.73 pts,5.14,,215,,Yes
14,12/4/24,6,S1,SCI601 / 16,BIOLOGY A,GRANT MERRILL,10,2027,C+,2.61 pts,7,,215,,Yes
14,12/4/24,6,S1,SCI601 / 36,BIOLOGY A,WILLIAM BAUR,10,2027,A,3.70 pts,2,,337,,Yes
14,12/4/24,4,S1,SOC701 / 14,US HISTORY/A,DAVE HAJEK,11,2026,A-,3.45 pts,1.33,,336,,Yes
14,12/4/24,5,S1,ENG701 / 15,JUNIOR ENG/A,JOHN CARVER,11,2026,A,3.98 pts,1,,336,,Yes
14,12/4/24,6,S1,MAT701 / 16,ALGEBRA II A,JASON BLAESING,11,2026,A,3.84 pts,1,,336,,Yes
14,12/4/24,6,S1,SOC701 / 16,US HISTORY/A,SCOTT BOOTHBY,11,2026,A-,3.52 pts,3.86,,210,,Yes
14,12/4/24,4,S1,MAT522 / 14,GEOMETRY A,ROCHELLE AITON,10,2027,A-,3.56 pts,2.71,,444,,Yes
14,12/4/24,4,S1,MAT522 / 14,GEOMETRY A,NINETTE LILIENTHAL,10,2027,A-,3.56 pts,2.71,,444,,Yes
14,12/4/24,4,S1,SCI601 / 14,BIOLOGY A,GRANT MERRILL,10,2027,C,2.45 pts,5.43,,448,,Yes
14,12/4/24,5,S1,MAT522 / 15,GEOMETRY A,BRIAN ANDERSON,10,2027,F,0.61 pts,5.71,,194,,Yes
14,12/4/24,4,S1,SOC701 / 14,US HISTORY/A,DAVE HAJEK,11,2026,C+,2.69 pts,2,,298,,Yes
14,12/4/24,5,S1,ENG701 / 15,JUNIOR ENG/A,JOHN CARVER,11,2026,A,3.69 pts,2.14,,298,,Yes
14,12/4/24,6,S1,ENG501 / 16,FR ENGLISH/A,DAVID HOLLINGSWORTH,9,2028,C,2.46 pts,0.57,,181,,Yes
14,12/4/24,2,S1,MAT522 / 12,GEOMETRY A,ROCHELLE AITON,10,2027,B+,3.36 pts,0,,206,,Yes
14,12/4/24,2,S1,MAT522 / 12,GEOMETRY A,NINETTE LILIENTHAL,10,2027,B+,3.36 pts,0,,206,,Yes
14,12/4/24,6,S1,SCI601 / 36,BIOLOGY A,WILLIAM BAUR,10,2027,C+,2.56 pts,0.29,,206,,Yes
14,12/4/24,2,S1,ENG601 / 12,SOPH ENG/A,KELLY GREGERSEN,10,2027,B+,3.24 pts,8.29,,418,,Yes
14,12/4/24,6,S1,SCI601 / 16,BIOLOGY A,GRANT MERRILL,10,2027,B-,2.85 pts,7.57,,418,,Yes
14,12/4/24,1,S1,MAT522 / 11,GEOMETRY A,ROCHELLE AITON,10,2027,F,1.42 pts,9.86,,116,,Yes
14,12/4/24,1,S1,MAT522 / 11,GEOMETRY A,NINETTE LILIENTHAL,10,2027,F,1.42 pts,9.86,,116,,Yes
14,12/4/24,2,S1,ENG601 / 12,SOPH ENG/A,KELLY GREGERSEN,10,2027,F,0.91 pts,10,,116,,Yes
14,12/4/24,3,S1,BUS301 / 13,PERSONAL FINANCE A,NICOLE SIMEK,11,2026,F,0.90 pts,2.14,,209,,Yes
14,12/4/24,2,S1,MAT701 / 12,ALGEBRA II A,JASON BLAESING,11,2026,A-,3.40 pts,4.71,,222,,Yes
14,12/4/24,5,S1,ENG701 / 15,JUNIOR ENG/A,JOHN CARVER,11,2026,A,3.76 pts,4.71,,222,,Yes
14,12/4/24,3,S1,SCI601 / 13,BIOLOGY A,GRANT MERRILL,10,2027,F,0.61 pts,10.14,,391,,Yes
14,12/4/24,3,S1,MAT522 / 13,GEOMETRY A,ROCHELLE AITON,10,2027,A,3.61 pts,0.71,,264,,Yes
14,12/4/24,3,S1,MAT522 / 13,GEOMETRY A,NINETTE LILIENTHAL,10,2027,A,3.61 pts,0.71,,264,,Yes
14,12/4/24,3,S1,MAT701 / 13,ALGEBRA II A,JENNIFER REILLY,11,2026,C-,2.00 pts,15.14,,177,,Yes
14,12/4/24,5,S1,ENG701 / 15,JUNIOR ENG/A,JOHN CARVER,11,2026,C,2.24 pts,15,,177,,Yes
14,12/4/24,6,S1,SOC701 / 16,US HISTORY/A,SCOTT BOOTHBY,11,2026,F,1.60 pts,15.29,,177,,Yes
14,12/4/24,3,S1,BUS301 / 13,PERSONAL FINANCE A,NICOLE SIMEK,11,2026,F,0.40 pts,28.86,,300,,Yes
14,12/4/24,5,S1,ENG701 / 15,JUNIOR ENG/A,JOHN CARVER,11,2026,D,1.66 pts,20.71,,300,,Yes
14,12/4/24,2,S1,MAT701 / 12,ALGEBRA II A,JASON BLAESING,11,2026,A-,3.41 pts,0.29,,56,,Yes
14,12/4/24,5,S1,ENG701 / 15,JUNIOR ENG/A,JOHN CARVER,11,2026,B,2.91 pts,0.71,,56,,Yes
14,12/4/24,4,S1,SCI601 / 14,BIOLOGY A,GRANT MERRILL,10,2027,C,2.28 pts,4.57,,198,,Yes
14,12/4/24,5,S1,MAT522 / 15,GEOMETRY A,BRIAN ANDERSON,10,2027,C,2.49 pts,4,,198,,Yes
14,12/4/24,2,S1,SCI609 / 12,CHEMISTRY/A,GRANT MERRILL,11,2026,D,1.75 pts,2.71,,150,,Yes
14,12/4/24,1,S1,MAT522 / 11,GEOMETRY A,ROCHELLE AITON,10,2027,F,0.76 pts,1.71,,94,,Yes
14,12/4/24,1,S1,MAT522 / 11,GEOMETRY A,NINETTE LILIENTHAL,10,2027,F,0.76 pts,1.71,,94,,Yes
14,12/4/24,2,S1,ENG601 / 12,SOPH ENG/A,KELLY GREGERSEN,10,2027,F,0.06 pts,1.71,,94,,Yes
14,12/4/24,6,S1,SCI601 / 36,BIOLOGY A,WILLIAM BAUR,10,2027,A,4.00 pts,0.14,,133,,Yes
14,12/4/24,3,S1,MAT522 / 13,GEOMETRY A,ROCHELLE AITON,9,2028,B-,2.73 pts,4.71,,76,,Yes
14,12/4/24,3,S1,MAT522 / 13,GEOMETRY A,NINETTE LILIENTHAL,9,2028,B-,2.73 pts,4.71,,76,,Yes
14,12/4/24,3,S1,MAT701 / 13,ALGEBRA II A,JENNIFER REILLY,12,2025,A-,3.57 pts,0,,149,,Yes
14,12/4/24,4,S1,SCI601 / 14,BIOLOGY A,GRANT MERRILL,12,2025,B-,2.77 pts,10.57,,426,,Yes
14,12/4/24,5,S1,ENG601 / 15,SOPH ENG/A,MARCEE SALAS,10,2027,C+,2.67 pts,5.14,,403,,Yes
14,12/4/24,2,S1,MAT701 / 12,ALGEBRA II A,JASON BLAESING,11,2026,C+,2.53 pts,6.14,,78,,Yes
14,12/4/24,1,S1,MAT522 / 11,GEOMETRY A,ROCHELLE AITON,10,2027,F,0.94 pts,4.29,,122,,Yes
14,12/4/24,1,S1,MAT522 / 11,GEOMETRY A,NINETTE LILIENTHAL,10,2027,F,0.94 pts,4.29,,122,,Yes
14,12/4/24,2,S1,ENG601 / 12,SOPH ENG/A,KELLY GREGERSEN,10,2027,F,0.93 pts,4.14,,122,,Yes
14,12/4/24,2,S1,MAT701 / 12,ALGEBRA II A,JASON BLAESING,11,2026,A,3.71 pts,5.5,,124,,Yes
14,12/4/24,2,S1,SCI609 / 12,CHEMISTRY/A,GRANT MERRILL,11,2026,A-,3.58 pts,0.29,,315,,Yes
14,12/4/24,6,S1,MAT701 / 16,ALGEBRA II A,JASON BLAESING,11,2026,B+,3.27 pts,2.57,,314,,Yes
14,12/4/24,2,S1,BUS301 / 12,PERSONAL FINANCE A,NICOLE SIMEK,11,2026,B+,3.29 pts,0,,327,,Yes
14,12/4/24,5,S1,ENG701 / 15,JUNIOR ENG/A,JOHN CARVER,11,2026,A,3.70 pts,0,,327,,Yes
14,12/4/24,6,S1,SOC701 / 16,US HISTORY/A,SCOTT BOOTHBY,11,2026,B+,3.32 pts,0.14,,327,,Yes
14,12/4/24,6,S1,ENG501 / 16,FR ENGLISH/A,DAVID HOLLINGSWORTH,9,2028,C-,2.02 pts,7.71,,289,,Yes
14,12/4/24,2,S1,BUS301 / 12,PERSONAL FINANCE A,NICOLE SIMEK,12,2025,C-,2.01 pts,8.57,,385,,Yes
14,12/4/24,5,S1,ENG701 / 15,JUNIOR ENG/A,JOHN CARVER,12,2025,A-,3.55 pts,7.86,,385,,Yes
14,12/4/24,1,S1,MAT522 / 11,GEOMETRY A,ROCHELLE AITON,9,2028,B,3.17 pts,5.29,,69,,Yes
14,12/4/24,1,S1,MAT522 / 11,GEOMETRY A,NINETTE LILIENTHAL,9,2028,B,3.17 pts,5.29,,69,,Yes
14,12/4/24,4,S1,SOC701 / 14,US HISTORY/A,DAVE HAJEK,11,2026,C+,2.57 pts,7.43,,439,,Yes
14,12/4/24,6,S1,ENG501 / 16,FR ENGLISH/A,DAVID HOLLINGSWORTH,9,2028,D,1.68 pts,20.43,,410,,Yes
14,12/4/24,2,S1,MAT522 / 12,GEOMETRY A,ROCHELLE AITON,10,2027,D+,1.94 pts,5.57,,146,,Yes
14,12/4/24,2,S1,MAT522 / 12,GEOMETRY A,NINETTE LILIENTHAL,10,2027,D+,1.94 pts,5.57,,146,,Yes
14,12/4/24,6,S1,SCI601 / 16,BIOLOGY A,GRANT MERRILL,10,2027,C-,2.07 pts,6.57,,146,,Yes
14,12/4/24,2,S1,MAT522 / 12,GEOMETRY A,ROCHELLE AITON,9,2028,A,3.77 pts,1,,231,,Yes
14,12/4/24,2,S1,MAT522 / 12,GEOMETRY A,NINETTE LILIENTHAL,9,2028,A,3.77 pts,1,,231,,Yes
14,12/4/24,2,S1,MAT701 / 12,ALGEBRA II A,JASON BLAESING,11,2026,C,2.29 pts,1.71,,152,,Yes
14,12/4/24,4,S1,MAT522 / 14,GEOMETRY A,ROCHELLE AITON,10,2027,B-,2.82 pts,0,,202,,Yes
14,12/4/24,4,S1,MAT522 / 14,GEOMETRY A,NINETTE LILIENTHAL,10,2027,B-,2.82 pts,0,,202,,Yes
14,12/4/24,6,S1,SCI601 / 16,BIOLOGY A,GRANT MERRILL,10,2027,C,2.49 pts,0,,202,,Yes
14,12/4/24,6,S1,MAT701 / 16,ALGEBRA II A,JASON BLAESING,11,2026,D+,1.88 pts,3,,379,,Yes
14,12/4/24,1,S1,MAT522 / 11,GEOMETRY A,ROCHELLE AITON,10,2027,B-,2.86 pts,3,,335,,Yes
14,12/4/24,1,S1,MAT522 / 11,GEOMETRY A,NINETTE LILIENTHAL,10,2027,B-,2.86 pts,3,,335,,Yes
14,12/4/24,6,S1,SCI601 / 16,BIOLOGY A,GRANT MERRILL,10,2027,D+,1.80 pts,1,,375,,Yes
14,12/4/24,6,S1,SOC701 / 16,US HISTORY/A,SCOTT BOOTHBY,11,2026,C+,2.69 pts,1,,376,,Yes
14,12/4/24,1,S1,MAT522 / 11,GEOMETRY A,ROCHELLE AITON,10,2027,D,1.73 pts,1.43,,399,,Yes
14,12/4/24,1,S1,MAT522 / 11,GEOMETRY A,NINETTE LILIENTHAL,10,2027,D,1.73 pts,1.43,,399,,Yes
14,12/4/24,2,S1,ENG601 / 12,SOPH ENG/A,KELLY GREGERSEN,10,2027,B-,2.82 pts,1.43,,399,,Yes
14,12/4/24,6,S1,SCI601 / 16,BIOLOGY A,GRANT MERRILL,10,2027,D+,1.84 pts,1.43,,399,,Yes
14,12/4/24,4,S1,SCI601 / 14,BIOLOGY A,GRANT MERRILL,10,2027,C+,2.56 pts,0.71,,441,,Yes
14,12/4/24,6,S1,SCI601 / 36,BIOLOGY A,WILLIAM BAUR,10,2027,B,3.02 pts,0.86,,174,,Yes
14,12/4/24,5,S1,MAT522 / 15,GEOMETRY A,BRIAN ANDERSON,10,2027,F,1.07 pts,10.43,,63,,Yes
14,12/4/24,3,S1,BUS301 / 13,PERSONAL FINANCE A,NICOLE SIMEK,12,2025,A,4.00 pts,8,,413,,Yes
14,12/4/24,6,S1,ENG501 / 16,FR ENGLISH/A,DAVID HOLLINGSWORTH,9,2028,D+,1.96 pts,2.57,,245,,Yes
14,12/4/24,3,S1,MAT701 / 13,ALGEBRA II A,JENNIFER REILLY,11,2026,B,3.18 pts,2,,172,,Yes
14,12/4/24,3,S1,MAT522 / 13,GEOMETRY A,ROCHELLE AITON,9,2028,B-,2.71 pts,3.71,,358,,Yes
14,12/4/24,3,S1,MAT522 / 13,GEOMETRY A,NINETTE LILIENTHAL,9,2028,B-,2.71 pts,3.71,,358,,Yes
14,12/4/24,6,S1,ENG501 / 16,FR ENGLISH/A,DAVID HOLLINGSWORTH,9,2028,A,3.88 pts,0,,189,,Yes
14,12/4/24,5,S1,MAT522 / 15,GEOMETRY A,BRIAN ANDERSON,9,2028,C,2.43 pts,0,,420,,Yes
14,12/4/24,4,S1,SCI601 / 14,BIOLOGY A,GRANT MERRILL,10,2027,F,0.70 pts,17.57,,456,,Yes
14,12/4/24,5,S1,MAT522 / 15,GEOMETRY A,BRIAN ANDERSON,10,2027,C,2.31 pts,2,,163,,Yes
14,12/4/24,6,S1,ENG501 / 16,FR ENGLISH/A,DAVID HOLLINGSWORTH,9,2028,C-,2.14 pts,5.43,,366,,Yes
14,12/4/24,6,S1,ENG501 / 16,FR ENGLISH/A,DAVID HOLLINGSWORTH,9,2028,B-,2.87 pts,26.71,,129,,Yes
14,12/4/24,6,S1,SCI601 / 36,BIOLOGY A,WILLIAM BAUR,10,2027,,,11,,467,,Yes
14,12/4/24,2,S1,MAT522 / 12,GEOMETRY A,ROCHELLE AITON,10,2027,B,2.93 pts,13.57,,220,,Yes
14,12/4/24,2,S1,MAT522 / 12,GEOMETRY A,NINETTE LILIENTHAL,10,2027,B,2.93 pts,13.57,,220,,Yes
14,12/4/24,3,S1,SCI601 / 13,BIOLOGY A,GRANT MERRILL,10,2027,C,2.36 pts,13.71,,220,,Yes
14,12/4/24,3,S1,BUS301 / 13,PERSONAL FINANCE A,NICOLE SIMEK,12,2025,A,4.00 pts,0.14,,326,,Yes
14,12/4/24,5,S1,ENG701 / 15,JUNIOR ENG/A,JOHN CARVER,11,2026,A-,3.49 pts,3.33,,148,,Yes
14,12/4/24,6,S1,MAT701 / 16,ALGEBRA II A,JASON BLAESING,11,2026,B+,3.32 pts,3,,148,,Yes
14,12/4/24,1,S1,MAT704 / 11,PRE-CALC A MAT 153,BRIAN ANDERSON,11,2026,C,2.48 pts,2.29,,350,,Yes
14,12/4/24,2,S1,SCI609 / 12,CHEMISTRY/A,GRANT MERRILL,11,2026,C+,2.59 pts,2.43,,350,,Yes
14,12/4/24,4,S1,SOC701 / 14,US HISTORY/A,DAVE HAJEK,11,2026,B,2.92 pts,2.71,,350,,Yes
14,12/4/24,5,S1,ENG701 / 15,JUNIOR ENG/A,JOHN CARVER,11,2026,A-,3.49 pts,2.71,,350,,Yes
14,12/4/24,2,S1,MAT701 / 12,ALGEBRA II A,JASON BLAESING,10,2027,A,3.85 pts,2.57,,398,,Yes
14,12/4/24,3,S1,SCI601 / 13,BIOLOGY A,GRANT MERRILL,10,2027,B+,3.37 pts,2.43,,398,,Yes
14,12/4/24,4,S1,SOC701 / 14,US HISTORY/A,DAVE HAJEK,11,2026,F,1.45 pts,5.57,,286,,Yes
14,12/4/24,6,S1,ENG501 / 16,FR ENGLISH/A,DAVID HOLLINGSWORTH,9,2028,D,1.75 pts,6.14,,461,,Yes
14,12/4/24,5,S1,ENG701 / 15,JUNIOR ENG/A,JOHN CARVER,11,2026,C-,2.00 pts,7.43,,466,,Yes
14,12/4/24,5,S1,ENG701 / 15,JUNIOR ENG/A,JOHN CARVER,11,2026,C-,2.00 pts,10.14,,465,,Yes
15,12/10/24,3,S1,BUS301 / 13,PERSONAL FINANCE A,NICOLE SIMEK,12,2025,A,3.80 pts,0,,200,,Yes
15,12/10/24,3,S1,BUS301 / 13,PERSONAL FINANCE A,NICOLE SIMEK,12,2025,C,2.46 pts,5.57,,394,,Yes
15,12/10/24,2,S1,BUS301 / 12,PERSONAL FINANCE A,NICOLE SIMEK,12,2025,B,3.13 pts,5.57,,93,,Yes
15,12/10/24,2,S1,BUS301 / 12,PERSONAL FINANCE A,NICOLE SIMEK,12,2025,D+,1.89 pts,9,,299,,Yes
15,12/10/24,1,S1,MAT522 / 11,GEOMETRY A,ROCHELLE AITON,10,2027,C+,2.65 pts,0.43,,179,,Yes
15,12/10/24,1,S1,MAT522 / 11,GEOMETRY A,NINETTE LILIENTHAL,10,2027,C+,2.65 pts,0.43,,179,,Yes
15,12/10/24,3,S1,MAT701 / 13,ALGEBRA II A,JENNIFER REILLY,11,2026,B,3.09 pts,7.14,,271,,Yes
15,12/10/24,6,S1,SOC701 / 16,US HISTORY/A,SCOTT BOOTHBY,11,2026,F,1.55 pts,7.29,,271,,Yes
15,12/10/24,1,S1,MAT704 / 11,PRE-CALC A MAT 153,BRIAN ANDERSON,11,2026,A,3.65 pts,4.57,,101,,Yes
15,12/10/24,2,S1,SCI609 / 12,CHEMISTRY/A,GRANT MERRILL,11,2026,A,3.80 pts,4.57,,101,,Yes
15,12/10/24,4,S1,SOC701 / 14,US HISTORY/A,DAVE HAJEK,11,2026,A-,3.43 pts,3.29,,101,,Yes
15,12/10/24,3,S1,MAT522 / 13,GEOMETRY A,ROCHELLE AITON,9,2028,A,3.77 pts,0,,192,,Yes
15,12/10/24,3,S1,MAT522 / 13,GEOMETRY A,NINETTE LILIENTHAL,9,2028,A,3.77 pts,0,,192,,Yes
15,12/10/24,5,S1,ENG701 / 15,JUNIOR ENG/A,JOHN CARVER,11,2026,F,0.51 pts,45.86,,239,,Yes
15,12/10/24,2,S1,ENG601 / 12,SOPH ENG/A,KELLY GREGERSEN,10,2027,B,2.90 pts,0,,392,,Yes
15,12/10/24,6,S1,MAT701 / 16,ALGEBRA II A,JASON BLAESING,12,2025,C+,2.59 pts,4.57,,49,,Yes
15,12/10/24,2,S1,BUS301 / 12,PERSONAL FINANCE A,NICOLE SIMEK,12,2025,A,3.99 pts,4.86,,176,,Yes
15,12/10/24,2,S1,BUS301 / 12,PERSONAL FINANCE A,NICOLE SIMEK,12,2025,D+,1.88 pts,28.14,,227,,Yes
15,12/10/24,2,S1,BUS301 / 12,PERSONAL FINANCE A,NICOLE SIMEK,12,2025,B-,2.86 pts,27.29,,381,,Yes
15,12/10/24,2,S1,BUS301 / 12,PERSONAL FINANCE A,NICOLE SIMEK,12,2025,A-,3.50 pts,3.14,,233,,Yes
15,12/10/24,3,S1,BUS301 / 13,PERSONAL FINANCE A,NICOLE SIMEK,12,2025,B+,3.28 pts,8.57,,280,,Yes
15,12/10/24,3,S1,BUS301 / 13,PERSONAL FINANCE A,NICOLE SIMEK,12,2025,A,3.75 pts,1.86,,341,,Yes
15,12/10/24,2,S1,BUS301 / 12,PERSONAL FINANCE A,NICOLE SIMEK,12,2025,C,2.36 pts,18,,201,,Yes
15,12/10/24,2,S1,BUS301 / 12,PERSONAL FINANCE A,NICOLE SIMEK,12,2025,F,1.40 pts,8.43,,362,,Yes
15,12/10/24,2,S1,BUS301 / 12,PERSONAL FINANCE A,NICOLE SIMEK,12,2025,A,3.94 pts,4,,259,,Yes
15,12/10/24,2,S1,SCI609 / 12,CHEMISTRY/A,GRANT MERRILL,12,2025,B-,2.82 pts,14,,423,,Yes
15,12/10/24,3,S1,BUS301 / 13,PERSONAL FINANCE A,NICOLE SIMEK,12,2025,D+,1.81 pts,3.43,,305,,Yes
15,12/10/24,6,S1,SCI601 / 36,BIOLOGY A,WILLIAM BAUR,12,2025,C+,2.64 pts,1.86,,188,,Yes
15,12/10/24,1,S1,MAT704 / 11,PRE-CALC A MAT 153,BRIAN ANDERSON,12,2025,D+,1.94 pts,6.14,,323,,Yes
15,12/10/24,3,S1,BUS301 / 13,PERSONAL FINANCE A,NICOLE SIMEK,12,2025,A,3.70 pts,5.43,,323,,Yes
15,12/10/24,2,S1,BUS301 / 12,PERSONAL FINANCE A,NICOLE SIMEK,12,2025,F,1.42 pts,15.43,,216,,Yes
15,12/10/24,3,S1,BUS301 / 13,PERSONAL FINANCE A,NICOLE SIMEK,12,2025,B,3.03 pts,3.31,,408,,Yes
15,12/10/24,3,S1,BUS301 / 13,PERSONAL FINANCE A,NICOLE SIMEK,12,2025,A,3.87 pts,0.57,,90,,Yes
15,12/10/24,2,S1,SCI609 / 12,CHEMISTRY/A,GRANT MERRILL,12,2025,B,3.05 pts,5,,82,,Yes
15,12/10/24,3,S1,BUS301 / 13,PERSONAL FINANCE A,NICOLE SIMEK,11,2026,F,1.35 pts,1.71,,253,,Yes
15,12/10/24,3,S1,MAT701 / 13,ALGEBRA II A,JENNIFER REILLY,11,2026,B,3.03 pts,0,,115,,Yes
15,12/10/24,4,S1,SOC701 / 14,US HISTORY/A,DAVE HAJEK,11,2026,F,1.17 pts,9.86,,254,,Yes
15,12/10/24,5,S1,ENG701 / 15,JUNIOR ENG/A,JOHN CARVER,11,2026,C,2.21 pts,8.71,,254,,Yes
15,12/10/24,2,S1,BUS301 / 12,PERSONAL FINANCE A,NICOLE SIMEK,12,2025,B-,2.82 pts,2,,61,,Yes
15,12/10/24,3,S1,BUS301 / 13,PERSONAL FINANCE A,NICOLE SIMEK,12,2025,C+,2.58 pts,6.71,,332,,Yes
15,12/10/24,2,S1,SCI609 / 12,CHEMISTRY/A,GRANT MERRILL,12,2025,F,1.07 pts,32.57,,354,,Yes
15,12/10/24,3,S1,BUS301 / 13,PERSONAL FINANCE A,NICOLE SIMEK,12,2025,F,1.55 pts,5.43,,105,,Yes
15,12/10/24,4,S1,MAT522 / 14,GEOMETRY A,ROCHELLE AITON,10,2027,C-,2.04 pts,4.29,,425,,Yes
15,12/10/24,4,S1,MAT522 / 14,GEOMETRY A,NINETTE LILIENTHAL,10,2027,C-,2.04 pts,4.29,,425,,Yes
15,12/10/24,6,S1,MAT701 / 16,ALGEBRA II A,JASON BLAESING,10,2027,A,4.00 pts,0.14,,54,,Yes
15,12/10/24,2,S1,MAT522 / 12,GEOMETRY A,ROCHELLE AITON,10,2027,F,1.61 pts,1,,338,,Yes
15,12/10/24,2,S1,MAT522 / 12,GEOMETRY A,NINETTE LILIENTHAL,10,2027,F,1.61 pts,1,,338,,Yes
15,12/10/24,5,S1,ENG601 / 15,SOPH ENG/A,MARCEE SALAS,10,2027,C+,2.66 pts,1,,338,,Yes
15,12/10/24,3,S1,SCI601 / 13,BIOLOGY A,GRANT MERRILL,10,2027,F,1.54 pts,38.57,,92,,Yes
15,12/10/24,3,S1,MAT522 / 13,GEOMETRY A,ROCHELLE AITON,9,2028,A-,3.53 pts,0.86,,363,,Yes
15,12/10/24,3,S1,MAT522 / 13,GEOMETRY A,NINETTE LILIENTHAL,9,2028,A-,3.53 pts,0.86,,363,,Yes
15,12/10/24,6,S1,ENG501 / 16,FR ENGLISH/A,DAVID HOLLINGSWORTH,9,2028,C-,2.07 pts,2,,229,,Yes
15,12/10/24,4,S1,MAT522 / 14,GEOMETRY A,ROCHELLE AITON,10,2027,D+,1.81 pts,1.57,,424,,Yes
15,12/10/24,4,S1,MAT522 / 14,GEOMETRY A,NINETTE LILIENTHAL,10,2027,D+,1.81 pts,1.57,,424,,Yes
15,12/10/24,2,S1,MAT701 / 12,ALGEBRA II A,JASON BLAESING,11,2026,C,2.20 pts,0,,107,,Yes
15,12/10/24,1,S1,MAT704 / 11,PRE-CALC A MAT 153,BRIAN ANDERSON,11,2026,C+,2.65 pts,2,,114,,Yes
15,12/10/24,2,S1,SCI609 / 12,CHEMISTRY/A,GRANT MERRILL,11,2026,B,2.94 pts,1.29,,114,,Yes
15,12/10/24,2,S1,ENG601 / 12,SOPH ENG/A,KELLY GREGERSEN,10,2027,D+,1.96 pts,10.14,,117,,Yes
15,12/10/24,4,S1,MAT522 / 14,GEOMETRY A,ROCHELLE AITON,10,2027,F,0.90 pts,9.86,,117,,Yes
15,12/10/24,4,S1,MAT522 / 14,GEOMETRY A,NINETTE LILIENTHAL,10,2027,F,0.90 pts,9.86,,117,,Yes
15,12/10/24,6,S1,SCI601 / 16,BIOLOGY A,GRANT MERRILL,10,2027,D,1.68 pts,9.71,,117,,Yes
15,12/10/24,3,S1,MAT522 / 13,GEOMETRY A,ROCHELLE AITON,10,2027,B,3.19 pts,7.43,,118,,Yes
15,12/10/24,3,S1,MAT522 / 13,GEOMETRY A,NINETTE LILIENTHAL,10,2027,B,3.19 pts,7.43,,118,,Yes
15,12/10/24,5,S1,MAT522 / 15,GEOMETRY A,BRIAN ANDERSON,10,2027,D+,1.98 pts,4.29,,142,,Yes
15,12/10/24,6,S1,SCI601 / 16,BIOLOGY A,GRANT MERRILL,10,2027,C-,2.07 pts,4.71,,142,,Yes
15,12/10/24,2,S1,MAT522 / 12,GEOMETRY A,ROCHELLE AITON,10,2027,C-,2.19 pts,4.29,,168,,Yes
15,12/10/24,2,S1,MAT522 / 12,GEOMETRY A,NINETTE LILIENTHAL,10,2027,C-,2.19 pts,4.29,,168,,Yes
15,12/10/24,3,S1,MAT701 / 13,ALGEBRA II A,JENNIFER REILLY,11,2026,A,3.81 pts,2,,208,,Yes
15,12/10/24,5,S1,MAT522 / 15,GEOMETRY A,BRIAN ANDERSON,10,2027,C+,2.69 pts,1.29,,244,,Yes
15,12/10/24,2,S1,ENG601 / 12,SOPH ENG/A,KELLY GREGERSEN,10,2027,A,3.69 pts,0.14,,324,,Yes
15,12/10/24,3,S1,MAT522 / 13,GEOMETRY A,ROCHELLE AITON,10,2027,C+,2.57 pts,0,,324,,Yes
15,12/10/24,3,S1,MAT522 / 13,GEOMETRY A,NINETTE LILIENTHAL,10,2027,C+,2.57 pts,0,,324,,Yes
15,12/10/24,4,S1,MAT522 / 14,GEOMETRY A,ROCHELLE AITON,10,2027,B-,2.70 pts,2,,458,,Yes
15,12/10/24,4,S1,MAT522 / 14,GEOMETRY A,NINETTE LILIENTHAL,10,2027,B-,2.70 pts,2,,458,,Yes
15,12/10/24,5,S1,ENG701 / 15,JUNIOR ENG/A,JOHN CARVER,11,2026,D+,1.84 pts,6.71,,131,,Yes
15,12/10/24,1,S1,MAT522 / 11,GEOMETRY A,ROCHELLE AITON,10,2027,F,0.85 pts,11.57,,248,,Yes
15,12/10/24,1,S1,MAT522 / 11,GEOMETRY A,NINETTE LILIENTHAL,10,2027,F,0.85 pts,11.57,,248,,Yes
15,12/10/24,5,S1,ENG601 / 15,SOPH ENG/A,MARCEE SALAS,10,2027,B,3.00 pts,0,,373,,Yes
15,12/10/24,6,S1,SCI601 / 36,BIOLOGY A,WILLIAM BAUR,10,2027,A,3.66 pts,0,,373,,Yes
15,12/10/24,2,S1,MAT701 / 12,ALGEBRA II A,JASON BLAESING,11,2026,A,3.85 pts,1,,320,,Yes
15,12/10/24,6,S1,SOC701 / 16,US HISTORY/A,SCOTT BOOTHBY,11,2026,C,2.46 pts,3.57,,320,,Yes
15,12/10/24,3,S1,MAT701 / 13,ALGEBRA II A,JENNIFER REILLY,11,2026,B-,2.76 pts,4.57,,128,,Yes
15,12/10/24,6,S1,MAT701 / 16,ALGEBRA II A,JASON BLAESING,11,2026,A,3.72 pts,9.67,,161,,Yes
15,12/10/24,3,S1,MAT701 / 13,ALGEBRA II A,JENNIFER REILLY,11,2026,A,3.97 pts,9.67,,191,,Yes
15,12/10/24,6,S1,SOC701 / 16,US HISTORY/A,SCOTT BOOTHBY,11,2026,A,3.73 pts,6,,224,,Yes
15,12/10/24,5,S1,ENG701 / 15,JUNIOR ENG/A,JOHN CARVER,11,2026,C+,2.59 pts,6.57,,255,,Yes
15,12/10/24,6,S1,SOC701 / 16,US HISTORY/A,SCOTT BOOTHBY,11,2026,D+,1.85 pts,7.71,,255,,Yes
15,12/10/24,2,S1,MAT701 / 12,ALGEBRA II A,JASON BLAESING,11,2026,B,3.11 pts,3.71,,260,,Yes
15,12/10/24,5,S1,ENG701 / 15,JUNIOR ENG/A,JOHN CARVER,11,2026,A,3.93 pts,4,,260,,Yes
15,12/10/24,5,S1,ENG701 / 15,JUNIOR ENG/A,JOHN CARVER,11,2026,D+,1.86 pts,9,,396,,Yes
15,12/10/24,1,S1,MAT704 / 11,PRE-CALC A MAT 153,BRIAN ANDERSON,11,2026,B+,3.39 pts,2,,400,,Yes
15,12/10/24,2,S1,ENG601 / 12,SOPH ENG/A,KELLY GREGERSEN,10,2027,F,1.59 pts,18.43,,416,,Yes
15,12/10/24,3,S1,MAT522 / 13,GEOMETRY A,ROCHELLE AITON,10,2027,C-,2.07 pts,19.14,,416,,Yes
15,12/10/24,3,S1,MAT522 / 13,GEOMETRY A,NINETTE LILIENTHAL,10,2027,C-,2.07 pts,19.14,,416,,Yes
15,12/10/24,1,S1,MAT522 / 11,GEOMETRY A,ROCHELLE AITON,10,2027,C,2.28 pts,4.71,,318,,Yes
15,12/10/24,1,S1,MAT522 / 11,GEOMETRY A,NINETTE LILIENTHAL,10,2027,C,2.28 pts,4.71,,318,,Yes
15,12/10/24,3,S1,SCI601 / 13,BIOLOGY A,GRANT MERRILL,10,2027,D,1.71 pts,6.57,,318,,Yes
15,12/10/24,3,S1,BUS301 / 13,PERSONAL FINANCE A,NICOLE SIMEK,11,2026,B+,3.39 pts,3.57,,230,,Yes
15,12/10/24,4,S1,SOC701 / 14,US HISTORY/A,DAVE HAJEK,11,2026,B,3.07 pts,3.57,,230,,Yes
15,12/10/24,5,S1,ENG701 / 15,JUNIOR ENG/A,JOHN CARVER,11,2026,A,3.90 pts,3.57,,230,,Yes
15,12/10/24,4,S1,SCI601 / 14,BIOLOGY A,GRANT MERRILL,10,2027,C,2.39 pts,5.57,,429,,Yes
15,12/10/24,2,S1,BUS301 / 12,PERSONAL FINANCE A,NICOLE SIMEK,12,2025,C,2.35 pts,17.57,,331,,Yes
15,12/10/24,2,S1,ENG601 / 12,SOPH ENG/A,KELLY GREGERSEN,10,2027,A,3.76 pts,0,,102,,Yes
15,12/10/24,3,S1,MAT522 / 13,GEOMETRY A,ROCHELLE AITON,10,2027,B+,3.21 pts,0,,102,,Yes
15,12/10/24,3,S1,MAT522 / 13,GEOMETRY A,NINETTE LILIENTHAL,10,2027,B+,3.21 pts,0,,102,,Yes
15,12/10/24,6,S1,SOC701 / 16,US HISTORY/A,SCOTT BOOTHBY,11,2026,C,2.21 pts,12.86,,134,,Yes
15,12/10/24,6,S1,MAT701 / 16,ALGEBRA II A,JASON BLAESING,11,2026,B+,3.20 pts,7.5,,112,,Yes
15,12/10/24,3,S1,MAT701 / 13,ALGEBRA II A,JENNIFER REILLY,11,2026,B+,3.37 pts,14.14,,207,,Yes
15,12/10/24,2,S1,SCI609 / 12,CHEMISTRY/A,GRANT MERRILL,11,2026,C+,2.68 pts,4.71,,86,,Yes
15,12/10/24,6,S1,SOC701 / 16,US HISTORY/A,SCOTT BOOTHBY,11,2026,B-,2.77 pts,5.57,,86,,Yes
15,12/10/24,2,S1,MAT701 / 12,ALGEBRA II A,JASON BLAESING,11,2026,B,2.90 pts,11.57,,145,,Yes
15,12/10/24,2,S1,SCI609 / 12,CHEMISTRY/A,GRANT MERRILL,11,2026,B,2.92 pts,10.43,,242,,Yes
15,12/10/24,3,S1,BUS301 / 13,PERSONAL FINANCE A,NICOLE SIMEK,11,2026,A,4.00 pts,10,,242,,Yes
15,12/10/24,1,S1,MAT704 / 11,PRE-CALC A MAT 153,BRIAN ANDERSON,11,2026,B,2.98 pts,0,,151,,Yes
15,12/10/24,2,S1,MAT701 / 12,ALGEBRA II A,JASON BLAESING,11,2026,F,0.00 pts,33.33,,180,,Yes
15,12/10/24,4,S1,SOC701 / 14,US HISTORY/A,DAVE HAJEK,11,2026,D,1.78 pts,9,,438,,Yes
15,12/10/24,6,S1,MAT701 / 16,ALGEBRA II A,JASON BLAESING,11,2026,A-,3.43 pts,1.14,,342,,Yes
15,12/10/24,6,S1,MAT701 / 16,ALGEBRA II A,JASON BLAESING,11,2026,C+,2.67 pts,6.93,,357,,Yes
15,12/10/24,3,S1,MAT701 / 13,ALGEBRA II A,JENNIFER REILLY,11,2026,C,2.25 pts,4.86,,339,,Yes
15,12/10/24,3,S1,MAT701 / 13,ALGEBRA II A,JENNIFER REILLY,11,2026,C+,2.58 pts,6.43,,380,,Yes
15,12/10/24,6,S1,SOC701 / 16,US HISTORY/A,SCOTT BOOTHBY,11,2026,B,3.09 pts,6.55,,380,,Yes
15,12/10/24,2,S1,SCI609 / 12,CHEMISTRY/A,GRANT MERRILL,11,2026,C,2.43 pts,8,,282,,Yes
15,12/10/24,3,S1,MAT701 / 13,ALGEBRA II A,JENNIFER REILLY,11,2026,A-,3.57 pts,7.86,,282,,Yes
15,12/10/24,4,S1,SOC701 / 14,US HISTORY/A,DAVE HAJEK,11,2026,C,2.22 pts,10.43,,282,,Yes
15,12/10/24,5,S1,ENG701 / 15,JUNIOR ENG/A,JOHN CARVER,11,2026,B-,2.88 pts,10.43,,282,,Yes
15,12/10/24,2,S1,BUS301 / 12,PERSONAL FINANCE A,NICOLE SIMEK,11,2026,A,3.67 pts,7.43,,185,,Yes
15,12/10/24,4,S1,SOC701 / 14,US HISTORY/A,DAVE HAJEK,11,2026,B+,3.22 pts,7.29,,185,,Yes
15,12/10/24,3,S1,MAT701 / 13,ALGEBRA II A,JENNIFER REILLY,11,2026,A-,3.59 pts,1.67,,103,,Yes
15,12/10/24,2,S1,MAT701 / 12,ALGEBRA II A,JASON BLAESING,11,2026,C,2.20 pts,4.29,,85,,Yes
15,12/10/24,6,S1,SOC701 / 16,US HISTORY/A,SCOTT BOOTHBY,11,2026,A,3.62 pts,4.57,,85,,Yes
15,12/10/24,1,S1,MAT704 / 11,PRE-CALC A MAT 153,BRIAN ANDERSON,11,2026,B+,3.37 pts,2,,95,,Yes
15,12/10/24,6,S1,MAT701 / 16,ALGEBRA II A,JASON BLAESING,11,2026,B-,2.88 pts,2.5,,50,,Yes
15,12/10/24,1,S1,MAT704 / 11,PRE-CALC A MAT 153,BRIAN ANDERSON,11,2026,C+,2.50 pts,1,,328,,Yes
15,12/10/24,6,S1,SOC701 / 16,US HISTORY/A,SCOTT BOOTHBY,11,2026,D+,1.98 pts,4.26,,275,,Yes
15,12/10/24,1,S1,MAT704 / 11,PRE-CALC A MAT 153,BRIAN ANDERSON,11,2026,A-,3.54 pts,0,,409,,Yes
15,12/10/24,5,S1,ENG701 / 15,JUNIOR ENG/A,JOHN CARVER,11,2026,A,4.00 pts,0,,409,,Yes
15,12/10/24,3,S1,MAT701 / 13,ALGEBRA II A,JENNIFER REILLY,11,2026,B-,2.75 pts,7.14,,412,,Yes
15,12/10/24,6,S1,SOC701 / 16,US HISTORY/A,SCOTT BOOTHBY,11,2026,A,3.92 pts,2,,68,,Yes
15,12/10/24,3,S1,BUS301 / 13,PERSONAL FINANCE A,NICOLE SIMEK,11,2026,C+,2.65 pts,4.86,,267,,Yes
15,12/10/24,6,S1,SOC701 / 16,US HISTORY/A,SCOTT BOOTHBY,11,2026,C-,2.05 pts,30,,147,,Yes
15,12/10/24,2,S1,BUS301 / 12,PERSONAL FINANCE A,NICOLE SIMEK,12,2025,F,0.87 pts,24.29,,73,,Yes
15,12/10/24,5,S1,ENG701 / 15,JUNIOR ENG/A,JOHN CARVER,11,2026,A-,3.42 pts,11.86,,218,,Yes
15,12/10/24,6,S1,SOC701 / 16,US HISTORY/A,SCOTT BOOTHBY,11,2026,C,2.49 pts,11.14,,218,,Yes
15,12/10/24,6,S1,MAT701 / 16,ALGEBRA II A,JASON BLAESING,11,2026,F,1.58 pts,13.43,,296,,Yes
15,12/10/24,2,S1,SCI609 / 12,CHEMISTRY/A,GRANT MERRILL,11,2026,A,3.78 pts,0,,100,,Yes
15,12/10/24,1,S1,MAT704 / 11,PRE-CALC A MAT 153,BRIAN ANDERSON,11,2026,C,2.28 pts,0.86,,138,,Yes
15,12/10/24,5,S1,ENG701 / 15,JUNIOR ENG/A,JOHN CARVER,11,2026,A-,3.52 pts,2.71,,138,,Yes
15,12/10/24,2,S1,SCI609 / 12,CHEMISTRY/A,GRANT MERRILL,11,2026,C,2.45 pts,0,,158,,Yes
15,12/10/24,5,S1,ENG701 / 15,JUNIOR ENG/A,JOHN CARVER,11,2026,A,3.93 pts,0.57,,158,,Yes
15,12/10/24,3,S1,MAT701 / 13,ALGEBRA II A,JENNIFER REILLY,11,2026,C,2.48 pts,4.14,,406,,Yes
15,12/10/24,2,S1,MAT701 / 12,ALGEBRA II A,JASON BLAESING,11,2026,A-,3.43 pts,4.29,,262,,Yes
15,12/10/24,6,S1,SOC701 / 16,US HISTORY/A,SCOTT BOOTHBY,11,2026,C-,2.19 pts,5,,262,,Yes
15,12/10/24,1,S1,MAT704 / 11,PRE-CALC A MAT 153,BRIAN ANDERSON,11,2026,B-,2.71 pts,5.5,,263,,Yes
15,12/10/24,2,S1,ENG601 / 12,SOPH ENG/A,KELLY GREGERSEN,10,2027,B+,3.20 pts,6.29,,77,,Yes
15,12/10/24,3,S1,SCI601 / 13,BIOLOGY A,GRANT MERRILL,10,2027,C+,2.58 pts,6.71,,77,,Yes
15,12/10/24,3,S1,SCI601 / 13,BIOLOGY A,GRANT MERRILL,10,2027,A-,3.55 pts,0,,126,,Yes
15,12/10/24,5,S1,MAT522 / 15,GEOMETRY A,BRIAN ANDERSON,10,2027,A,3.68 pts,0.29,,126,,Yes
15,12/10/24,2,S1,ENG601 / 12,SOPH ENG/A,KELLY GREGERSEN,10,2027,C,2.46 pts,8.43,,433,,Yes
15,12/10/24,4,S1,SCI601 / 14,BIOLOGY A,GRANT MERRILL,10,2027,F,0.35 pts,7.14,,433,,Yes
15,12/10/24,6,S1,ENG501 / 16,FR ENGLISH/A,DAVID HOLLINGSWORTH,9,2028,B,3.19 pts,2,,183,,Yes
15,12/10/24,2,S1,MAT522 / 12,GEOMETRY A,ROCHELLE AITON,10,2027,B-,2.71 pts,4.86,,205,,Yes
15,12/10/24,2,S1,MAT522 / 12,GEOMETRY A,NINETTE LILIENTHAL,10,2027,B-,2.71 pts,4.86,,205,,Yes
15,12/10/24,3,S1,SCI601 / 13,BIOLOGY A,GRANT MERRILL,10,2027,B+,3.39 pts,0,,226,,Yes
15,12/10/24,6,S1,MAT701 / 16,ALGEBRA II A,JASON BLAESING,10,2027,A,3.71 pts,1,,226,,Yes
15,12/10/24,2,S1,MAT701 / 12,ALGEBRA II A,JASON BLAESING,10,2027,A,3.99 pts,1.71,,237,,Yes
15,12/10/24,3,S1,SCI601 / 13,BIOLOGY A,GRANT MERRILL,10,2027,B+,3.22 pts,1.71,,237,,Yes
15,12/10/24,6,S1,ENG501 / 16,FR ENGLISH/A,DAVID HOLLINGSWORTH,9,2028,A-,3.45 pts,1.14,,270,,Yes
15,12/10/24,4,S1,MAT522 / 14,GEOMETRY A,ROCHELLE AITON,10,2027,C+,2.58 pts,1,,443,,Yes
15,12/10/24,4,S1,MAT522 / 14,GEOMETRY A,NINETTE LILIENTHAL,10,2027,C+,2.58 pts,1,,443,,Yes
15,12/10/24,2,S1,MAT522 / 12,GEOMETRY A,ROCHELLE AITON,9,2028,A,3.70 pts,7.43,,393,,Yes
15,12/10/24,2,S1,MAT522 / 12,GEOMETRY A,NINETTE LILIENTHAL,9,2028,A,3.70 pts,7.43,,393,,Yes
15,12/10/24,3,S1,SCI601 / 13,BIOLOGY A,GRANT MERRILL,10,2027,C-,2.02 pts,5.86,,401,,Yes
15,12/10/24,5,S1,ENG601 / 15,SOPH ENG/A,MARCEE SALAS,10,2027,B-,2.71 pts,5.43,,401,,Yes
15,12/10/24,3,S1,MAT522 / 13,GEOMETRY A,ROCHELLE AITON,9,2028,C-,2.03 pts,21.86,,419,,Yes
15,12/10/24,3,S1,MAT522 / 13,GEOMETRY A,NINETTE LILIENTHAL,9,2028,C-,2.03 pts,21.86,,419,,Yes
15,12/10/24,3,S1,MAT522 / 13,GEOMETRY A,ROCHELLE AITON,10,2027,F,0.58 pts,8.29,,251,,Yes
15,12/10/24,3,S1,MAT522 / 13,GEOMETRY A,NINETTE LILIENTHAL,10,2027,F,0.58 pts,8.29,,251,,Yes
15,12/10/24,4,S1,SCI601 / 14,BIOLOGY A,GRANT MERRILL,10,2027,F,0.67 pts,8.57,,251,,Yes
15,12/10/24,6,S1,SOC701 / 16,US HISTORY/A,SCOTT BOOTHBY,11,2026,C-,2.08 pts,5.86,,356,,Yes
15,12/10/24,3,S1,SCI601 / 13,BIOLOGY A,GRANT MERRILL,10,2027,C-,2.16 pts,1,,294,,Yes
15,12/10/24,2,S1,MAT522 / 12,GEOMETRY A,ROCHELLE AITON,10,2027,C-,2.08 pts,2,,84,,Yes
15,12/10/24,2,S1,MAT522 / 12,GEOMETRY A,NINETTE LILIENTHAL,10,2027,C-,2.08 pts,2,,84,,Yes
15,12/10/24,1,S1,MAT522 / 11,GEOMETRY A,ROCHELLE AITON,10,2027,F,1.16 pts,10.29,,72,,Yes
15,12/10/24,1,S1,MAT522 / 11,GEOMETRY A,NINETTE LILIENTHAL,10,2027,F,1.16 pts,10.29,,72,,Yes
15,12/10/24,5,S1,ENG601 / 15,SOPH ENG/A,MARCEE SALAS,10,2027,B,2.99 pts,9.43,,72,,Yes
15,12/10/24,3,S1,SCI601 / 13,BIOLOGY A,GRANT MERRILL,10,2027,B,3.17 pts,5.43,,57,,Yes
15,12/10/24,4,S1,MAT522 / 14,GEOMETRY A,ROCHELLE AITON,10,2027,A-,3.59 pts,0,,452,,Yes
15,12/10/24,4,S1,MAT522 / 14,GEOMETRY A,NINETTE LILIENTHAL,10,2027,A-,3.59 pts,0,,452,,Yes
15,12/10/24,4,S1,MAT522 / 14,GEOMETRY A,ROCHELLE AITON,10,2027,F,0.56 pts,11.57,,446,,Yes
15,12/10/24,4,S1,MAT522 / 14,GEOMETRY A,NINETTE LILIENTHAL,10,2027,F,0.56 pts,11.57,,446,,Yes
15,12/10/24,2,S1,ENG601 / 12,SOPH ENG/A,KELLY GREGERSEN,10,2027,F,0.35 pts,16.86,,309,,Yes
15,12/10/24,4,S1,SCI601 / 14,BIOLOGY A,GRANT MERRILL,10,2027,F,0.57 pts,14.14,,309,,Yes
15,12/10/24,5,S1,MAT522 / 15,GEOMETRY A,BRIAN ANDERSON,10,2027,F,0.01 pts,11.71,,309,,Yes
15,12/10/24,5,S1,MAT522 / 15,GEOMETRY A,BRIAN ANDERSON,10,2027,B+,3.29 pts,0,,199,,Yes
15,12/10/24,2,S1,MAT701 / 12,ALGEBRA II A,JASON BLAESING,11,2026,C,2.48 pts,3,,113,,Yes
15,12/10/24,3,S1,SCI601 / 13,BIOLOGY A,GRANT MERRILL,10,2027,A,3.68 pts,1.86,,140,,Yes
15,12/10/24,2,S1,MAT522 / 12,GEOMETRY A,ROCHELLE AITON,10,2027,C+,2.55 pts,1,,238,,Yes
15,12/10/24,2,S1,MAT522 / 12,GEOMETRY A,NINETTE LILIENTHAL,10,2027,C+,2.55 pts,1,,238,,Yes
15,12/10/24,5,S1,ENG601 / 15,SOPH ENG/A,MARCEE SALAS,10,2027,C+,2.54 pts,1,,238,,Yes
15,12/10/24,6,S1,SCI601 / 36,BIOLOGY A,WILLIAM BAUR,10,2027,A-,3.50 pts,1,,238,,Yes
15,12/10/24,1,S1,MAT704 / 11,PRE-CALC A MAT 153,BRIAN ANDERSON,11,2026,B,2.93 pts,9,,292,,Yes
15,12/10/24,4,S1,SCI601 / 14,BIOLOGY A,GRANT MERRILL,10,2027,C-,2.01 pts,1,,453,,Yes
15,12/10/24,2,S1,MAT522 / 12,GEOMETRY A,ROCHELLE AITON,10,2027,B-,2.78 pts,0,,291,,Yes
15,12/10/24,2,S1,MAT522 / 12,GEOMETRY A,NINETTE LILIENTHAL,10,2027,B-,2.78 pts,0,,291,,Yes
15,12/10/24,3,S1,SCI601 / 13,BIOLOGY A,GRANT MERRILL,10,2027,B,2.90 pts,0,,291,,Yes
15,12/10/24,3,S1,SCI601 / 13,BIOLOGY A,GRANT MERRILL,10,2027,F,0.14 pts,24.57,,293,,Yes
15,12/10/24,4,S1,MAT522 / 14,GEOMETRY A,ROCHELLE AITON,10,2027,F,1.64 pts,24.57,,293,,Yes
15,12/10/24,4,S1,MAT522 / 14,GEOMETRY A,NINETTE LILIENTHAL,10,2027,F,1.64 pts,24.57,,293,,Yes
15,12/10/24,5,S1,MAT522 / 15,GEOMETRY A,BRIAN ANDERSON,10,2027,B-,2.87 pts,0,,421,,Yes
15,12/10/24,6,S1,SCI601 / 16,BIOLOGY A,GRANT MERRILL,10,2027,C+,2.52 pts,0,,421,,Yes
15,12/10/24,1,S1,MAT704 / 11,PRE-CALC A MAT 153,BRIAN ANDERSON,10,2027,B,2.94 pts,2.14,,304,,Yes
15,12/10/24,2,S1,MAT522 / 12,GEOMETRY A,ROCHELLE AITON,10,2027,D+,1.99 pts,3.86,,414,,Yes
15,12/10/24,2,S1,MAT522 / 12,GEOMETRY A,NINETTE LILIENTHAL,10,2027,D+,1.99 pts,3.86,,414,,Yes
15,12/10/24,5,S1,ENG601 / 15,SOPH ENG/A,MARCEE SALAS,10,2027,B-,2.77 pts,3,,414,,Yes
15,12/10/24,6,S1,SCI601 / 36,BIOLOGY A,WILLIAM BAUR,10,2027,B+,3.23 pts,3.14,,414,,Yes
15,12/10/24,1,S1,MAT522 / 11,GEOMETRY A,ROCHELLE AITON,10,2027,A,3.70 pts,0,,389,,Yes
15,12/10/24,1,S1,MAT522 / 11,GEOMETRY A,NINETTE LILIENTHAL,10,2027,A,3.70 pts,0,,389,,Yes
15,12/10/24,3,S1,SCI601 / 13,BIOLOGY A,GRANT MERRILL,10,2027,A-,3.43 pts,0,,389,,Yes
15,12/10/24,1,S1,MAT522 / 11,GEOMETRY A,ROCHELLE AITON,10,2027,B,3.06 pts,1,,301,,Yes
15,12/10/24,1,S1,MAT522 / 11,GEOMETRY A,NINETTE LILIENTHAL,10,2027,B,3.06 pts,1,,301,,Yes
15,12/10/24,4,S1,SCI601 / 14,BIOLOGY A,GRANT MERRILL,10,2027,A,3.60 pts,0.43,,428,,Yes
15,12/10/24,5,S1,MAT522 / 15,GEOMETRY A,BRIAN ANDERSON,10,2027,A,3.80 pts,0.57,,303,,Yes
15,12/10/24,4,S1,MAT522 / 14,GEOMETRY A,ROCHELLE AITON,10,2027,F,1.55 pts,14,,221,,Yes
15,12/10/24,4,S1,MAT522 / 14,GEOMETRY A,NINETTE LILIENTHAL,10,2027,F,1.55 pts,14,,221,,Yes
15,12/10/24,5,S1,ENG601 / 15,SOPH ENG/A,MARCEE SALAS,10,2027,C,2.34 pts,14,,221,,Yes
15,12/10/24,4,S1,MAT522 / 14,GEOMETRY A,ROCHELLE AITON,10,2027,C+,2.62 pts,0,,460,,Yes
15,12/10/24,4,S1,MAT522 / 14,GEOMETRY A,NINETTE LILIENTHAL,10,2027,C+,2.62 pts,0,,460,,Yes
15,12/10/24,1,S1,MAT522 / 11,GEOMETRY A,ROCHELLE AITON,10,2027,F,1.47 pts,5.14,,83,,Yes
15,12/10/24,1,S1,MAT522 / 11,GEOMETRY A,NINETTE LILIENTHAL,10,2027,F,1.47 pts,5.14,,83,,Yes
15,12/10/24,4,S1,SCI601 / 14,BIOLOGY A,GRANT MERRILL,10,2027,C-,2.10 pts,1,,455,,Yes
15,12/10/24,2,S1,MAT701 / 12,ALGEBRA II A,JASON BLAESING,10,2027,B,3.17 pts,0,,109,,Yes
15,12/10/24,3,S1,MAT522 / 13,GEOMETRY A,ROCHELLE AITON,10,2027,B-,2.73 pts,0,,99,,Yes
15,12/10/24,3,S1,MAT522 / 13,GEOMETRY A,NINETTE LILIENTHAL,10,2027,B-,2.73 pts,0,,99,,Yes
15,12/10/24,2,S1,MAT522 / 12,GEOMETRY A,ROCHELLE AITON,10,2027,F,1.51 pts,9.71,,256,,Yes
15,12/10/24,2,S1,MAT522 / 12,GEOMETRY A,NINETTE LILIENTHAL,10,2027,F,1.51 pts,9.71,,256,,Yes
15,12/10/24,6,S1,SCI601 / 16,BIOLOGY A,GRANT MERRILL,10,2027,F,1.20 pts,12.43,,256,,Yes
15,12/10/24,4,S1,MAT522 / 14,GEOMETRY A,ROCHELLE AITON,10,2027,B+,3.38 pts,2.14,,310,,Yes
15,12/10/24,4,S1,MAT522 / 14,GEOMETRY A,NINETTE LILIENTHAL,10,2027,B+,3.38 pts,2.14,,310,,Yes
15,12/10/24,6,S1,SCI601 / 16,BIOLOGY A,GRANT MERRILL,10,2027,B+,3.22 pts,2.29,,310,,Yes
15,12/10/24,6,S1,MAT701 / 16,ALGEBRA II A,JASON BLAESING,10,2027,B,3.05 pts,1.86,,89,,Yes
15,12/10/24,2,S1,MAT522 / 12,GEOMETRY A,ROCHELLE AITON,10,2027,F,0.82 pts,4.57,,175,,Yes
15,12/10/24,2,S1,MAT522 / 12,GEOMETRY A,NINETTE LILIENTHAL,10,2027,F,0.82 pts,4.57,,175,,Yes
15,12/10/24,6,S1,SCI601 / 16,BIOLOGY A,GRANT MERRILL,10,2027,C-,2.09 pts,4.29,,175,,Yes
15,12/10/24,3,S1,SCI601 / 13,BIOLOGY A,GRANT MERRILL,10,2027,C,2.30 pts,7,,372,,Yes
15,12/10/24,5,S1,MAT522 / 15,GEOMETRY A,BRIAN ANDERSON,10,2027,D+,1.89 pts,8.14,,372,,Yes
15,12/10/24,5,S1,MAT522 / 15,GEOMETRY A,BRIAN ANDERSON,10,2027,D+,1.83 pts,7.86,,390,,Yes
15,12/10/24,2,S1,ENG601 / 12,SOPH ENG/A,KELLY GREGERSEN,10,2027,C-,2.05 pts,10.86,,48,,Yes
15,12/10/24,3,S1,SCI601 / 13,BIOLOGY A,GRANT MERRILL,10,2027,F,1.06 pts,10.86,,48,,Yes
15,12/10/24,5,S1,MAT522 / 15,GEOMETRY A,BRIAN ANDERSON,10,2027,C,2.42 pts,10.86,,48,,Yes
15,12/10/24,3,S1,MAT522 / 13,GEOMETRY A,ROCHELLE AITON,10,2027,C,2.28 pts,3.71,,382,,Yes
15,12/10/24,3,S1,MAT522 / 13,GEOMETRY A,NINETTE LILIENTHAL,10,2027,C,2.28 pts,3.71,,382,,Yes
15,12/10/24,2,S1,SCI609 / 12,CHEMISTRY/A,GRANT MERRILL,11,2026,C+,2.56 pts,2.33,,60,,Yes
15,12/10/24,3,S1,MAT701 / 13,ALGEBRA II A,JENNIFER REILLY,11,2026,A,3.99 pts,2.33,,60,,Yes
15,12/10/24,5,S1,MAT522 / 15,GEOMETRY A,BRIAN ANDERSON,10,2027,F,1.50 pts,5,,59,,Yes
15,12/10/24,4,S1,SCI601 / 14,BIOLOGY A,GRANT MERRILL,10,2027,C+,2.69 pts,4,,169,,Yes
15,12/10/24,5,S1,MAT522 / 15,GEOMETRY A,BRIAN ANDERSON,10,2027,C-,2.19 pts,4,,169,,Yes
15,12/10/24,4,S1,MAT522 / 14,GEOMETRY A,ROCHELLE AITON,10,2027,B,2.95 pts,0.57,,454,,Yes
15,12/10/24,4,S1,MAT522 / 14,GEOMETRY A,NINETTE LILIENTHAL,10,2027,B,2.95 pts,0.57,,454,,Yes
15,12/10/24,3,S1,SCI601 / 13,BIOLOGY A,GRANT MERRILL,10,2027,F,0.28 pts,5.14,,402,,Yes
15,12/10/24,5,S1,MAT522 / 15,GEOMETRY A,BRIAN ANDERSON,10,2027,F,0.78 pts,5.57,,402,,Yes
15,12/10/24,6,S1,SCI601 / 16,BIOLOGY A,GRANT MERRILL,10,2027,C+,2.65 pts,1.71,,144,,Yes
15,12/10/24,3,S1,MAT522 / 13,GEOMETRY A,ROCHELLE AITON,11,2026,F,1.55 pts,11,,214,,Yes
15,12/10/24,3,S1,MAT522 / 13,GEOMETRY A,NINETTE LILIENTHAL,11,2026,F,1.55 pts,11,,214,,Yes
15,12/10/24,5,S1,ENG701 / 15,JUNIOR ENG/A,JOHN CARVER,11,2026,D+,1.94 pts,10.86,,214,,Yes
15,12/10/24,3,S1,MAT522 / 13,GEOMETRY A,ROCHELLE AITON,10,2027,F,0.19 pts,25.57,,360,,Yes
15,12/10/24,3,S1,MAT522 / 13,GEOMETRY A,NINETTE LILIENTHAL,10,2027,F,0.19 pts,25.57,,360,,Yes
15,12/10/24,6,S1,SCI601 / 16,BIOLOGY A,GRANT MERRILL,10,2027,F,0.35 pts,27.71,,360,,Yes
15,12/10/24,5,S1,ENG601 / 15,SOPH ENG/A,MARCEE SALAS,10,2027,C-,2.11 pts,4,,139,,Yes
15,12/10/24,3,S1,MAT701 / 13,ALGEBRA II A,JENNIFER REILLY,10,2027,B+,3.20 pts,0,,405,,Yes
15,12/10/24,5,S1,ENG601 / 15,SOPH ENG/A,MARCEE SALAS,10,2027,C+,2.67 pts,0,,405,,Yes
15,12/10/24,6,S1,SCI601 / 16,BIOLOGY A,GRANT MERRILL,10,2027,C+,2.53 pts,0.14,,405,,Yes
15,12/10/24,3,S1,SCI601 / 13,BIOLOGY A,GRANT MERRILL,10,2027,C-,2.00 pts,7.86,,333,,Yes
15,12/10/24,5,S1,MAT522 / 15,GEOMETRY A,BRIAN ANDERSON,10,2027,C,2.48 pts,12.86,,340,,Yes
15,12/10/24,6,S1,SCI601 / 36,BIOLOGY A,WILLIAM BAUR,10,2027,C-,2.11 pts,13,,340,,Yes
15,12/10/24,1,S1,MAT522 / 11,GEOMETRY A,ROCHELLE AITON,10,2027,C-,2.08 pts,0.86,,132,,Yes
15,12/10/24,1,S1,MAT522 / 11,GEOMETRY A,NINETTE LILIENTHAL,10,2027,C-,2.08 pts,0.86,,132,,Yes
15,12/10/24,2,S1,ENG601 / 12,SOPH ENG/A,KELLY GREGERSEN,10,2027,C,2.36 pts,0.86,,132,,Yes
15,12/10/24,3,S1,SCI601 / 13,BIOLOGY A,GRANT MERRILL,10,2027,C-,2.02 pts,0.86,,132,,Yes
15,12/10/24,2,S1,ENG601 / 12,SOPH ENG/A,KELLY GREGERSEN,10,2027,D+,1.81 pts,1,,404,,Yes
15,12/10/24,3,S1,MAT522 / 13,GEOMETRY A,ROCHELLE AITON,10,2027,C+,2.57 pts,1.57,,404,,Yes
15,12/10/24,3,S1,MAT522 / 13,GEOMETRY A,NINETTE LILIENTHAL,10,2027,C+,2.57 pts,1.57,,404,,Yes
15,12/10/24,4,S1,SCI601 / 14,BIOLOGY A,GRANT MERRILL,10,2027,B-,2.86 pts,2,,404,,Yes
15,12/10/24,1,S1,MAT522 / 11,GEOMETRY A,ROCHELLE AITON,10,2027,F,0.86 pts,12.14,,273,,Yes
15,12/10/24,1,S1,MAT522 / 11,GEOMETRY A,NINETTE LILIENTHAL,10,2027,F,0.86 pts,12.14,,273,,Yes
15,12/10/24,5,S1,ENG601 / 15,SOPH ENG/A,MARCEE SALAS,10,2027,F,1.58 pts,10.86,,273,,Yes
15,12/10/24,6,S1,SCI601 / 36,BIOLOGY A,WILLIAM BAUR,10,2027,D,1.73 pts,9.43,,273,,Yes
15,12/10/24,2,S1,MAT701 / 12,ALGEBRA II A,JASON BLAESING,11,2026,B,3.16 pts,6.43,,167,,Yes
15,12/10/24,6,S1,SOC701 / 16,US HISTORY/A,SCOTT BOOTHBY,11,2026,F,0.70 pts,4.71,,167,,Yes
15,12/10/24,3,S1,MAT522 / 13,GEOMETRY A,ROCHELLE AITON,10,2027,C,2.45 pts,2,,236,,Yes
15,12/10/24,3,S1,MAT522 / 13,GEOMETRY A,NINETTE LILIENTHAL,10,2027,C,2.45 pts,2,,236,,Yes
15,12/10/24,4,S1,SCI601 / 14,BIOLOGY A,GRANT MERRILL,10,2027,D+,1.83 pts,2.29,,236,,Yes
15,12/10/24,5,S1,ENG601 / 15,SOPH ENG/A,MARCEE SALAS,10,2027,C+,2.51 pts,2,,236,,Yes
15,12/10/24,2,S1,ENG601 / 12,SOPH ENG/A,KELLY GREGERSEN,10,2027,B-,2.76 pts,3.57,,235,,Yes
15,12/10/24,4,S1,SCI601 / 14,BIOLOGY A,GRANT MERRILL,10,2027,D+,1.89 pts,8.14,,445,,Yes
15,12/10/24,1,S1,MAT704 / 11,PRE-CALC A MAT 153,BRIAN ANDERSON,12,2025,C,2.30 pts,7,,325,,Yes
15,12/10/24,2,S1,BUS301 / 12,PERSONAL FINANCE A,NICOLE SIMEK,12,2025,A,3.99 pts,6.14,,325,,Yes
15,12/10/24,3,S1,MAT701 / 13,ALGEBRA II A,JENNIFER REILLY,10,2027,C+,2.51 pts,6.71,,130,,Yes
15,12/10/24,5,S1,ENG601 / 15,SOPH ENG/A,MARCEE SALAS,10,2027,B,3.14 pts,6.71,,130,,Yes
15,12/10/24,5,S1,ENG701 / 15,JUNIOR ENG/A,JOHN CARVER,11,2026,A,4.00 pts,1,,266,,Yes
15,12/10/24,6,S1,SOC701 / 16,US HISTORY/A,SCOTT BOOTHBY,11,2026,A,3.63 pts,1.43,,266,,Yes
15,12/10/24,2,S1,MAT522 / 12,GEOMETRY A,ROCHELLE AITON,10,2027,B,2.91 pts,1,,173,,Yes
15,12/10/24,2,S1,MAT522 / 12,GEOMETRY A,NINETTE LILIENTHAL,10,2027,B,2.91 pts,1,,173,,Yes
15,12/10/24,6,S1,SCI601 / 36,BIOLOGY A,WILLIAM BAUR,10,2027,A,3.76 pts,1.43,,173,,Yes
15,12/10/24,2,S1,ENG601 / 12,SOPH ENG/A,KELLY GREGERSEN,10,2027,F,0.60 pts,9.57,,249,,Yes
15,12/10/24,5,S1,MAT522 / 15,GEOMETRY A,BRIAN ANDERSON,10,2027,F,0.85 pts,6.29,,249,,Yes
15,12/10/24,6,S1,SCI601 / 16,BIOLOGY A,GRANT MERRILL,10,2027,F,0.62 pts,7.14,,249,,Yes
15,12/10/24,1,S1,MAT704 / 11,PRE-CALC A MAT 153,BRIAN ANDERSON,11,2026,D+,1.98 pts,0,,71,,Yes
15,12/10/24,6,S1,SOC701 / 16,US HISTORY/A,SCOTT BOOTHBY,11,2026,B,2.99 pts,0,,71,,Yes
15,12/10/24,2,S1,MAT522 / 12,GEOMETRY A,ROCHELLE AITON,10,2027,F,1.60 pts,6.57,,88,,Yes
15,12/10/24,2,S1,MAT522 / 12,GEOMETRY A,NINETTE LILIENTHAL,10,2027,F,1.60 pts,6.57,,88,,Yes
15,12/10/24,5,S1,ENG601 / 15,SOPH ENG/A,MARCEE SALAS,10,2027,B-,2.89 pts,6.29,,88,,Yes
15,12/10/24,6,S1,SCI601 / 16,BIOLOGY A,GRANT MERRILL,10,2027,F,1.26 pts,6.29,,88,,Yes
15,12/10/24,3,S1,BUS301 / 13,PERSONAL FINANCE A,NICOLE SIMEK,12,2025,A,3.85 pts,2.29,,367,,Yes
15,12/10/24,6,S1,SCI601 / 36,BIOLOGY A,WILLIAM BAUR,10,2027,D+,1.94 pts,1.29,,417,,Yes
15,12/10/24,2,S1,SCI609 / 12,CHEMISTRY/A,GRANT MERRILL,11,2026,D,1.74 pts,10.86,,55,,Yes
15,12/10/24,6,S1,MAT701 / 16,ALGEBRA II A,JASON BLAESING,11,2026,D,1.74 pts,11.29,,55,,Yes
15,12/10/24,2,S1,SCI609 / 12,CHEMISTRY/A,GRANT MERRILL,11,2026,B-,2.82 pts,0,,388,,Yes
15,12/10/24,2,S1,SCI609 / 12,CHEMISTRY/A,GRANT MERRILL,11,2026,B,3.10 pts,3.57,,387,,Yes
15,12/10/24,3,S1,MAT701 / 13,ALGEBRA II A,JENNIFER REILLY,11,2026,A,3.65 pts,4,,387,,Yes
15,12/10/24,3,S1,MAT522 / 13,GEOMETRY A,ROCHELLE AITON,9,2028,A,3.73 pts,4,,281,,Yes
15,12/10/24,3,S1,MAT522 / 13,GEOMETRY A,NINETTE LILIENTHAL,9,2028,A,3.73 pts,4,,281,,Yes
15,12/10/24,6,S1,ENG501 / 16,FR ENGLISH/A,DAVID HOLLINGSWORTH,9,2028,A,4.00 pts,4.86,,295,,Yes
15,12/10/24,3,S1,MAT522 / 13,GEOMETRY A,ROCHELLE AITON,9,2028,A,3.61 pts,7.71,,306,,Yes
15,12/10/24,3,S1,MAT522 / 13,GEOMETRY A,NINETTE LILIENTHAL,9,2028,A,3.61 pts,7.71,,306,,Yes
15,12/10/24,6,S1,ENG501 / 16,FR ENGLISH/A,DAVID HOLLINGSWORTH,9,2028,A-,3.52 pts,8.29,,306,,Yes
15,12/10/24,3,S1,MAT522 / 13,GEOMETRY A,ROCHELLE AITON,9,2028,A,3.74 pts,0.86,,348,,Yes
15,12/10/24,3,S1,MAT522 / 13,GEOMETRY A,NINETTE LILIENTHAL,9,2028,A,3.74 pts,0.86,,348,,Yes
15,12/10/24,4,S1,MAT522 / 14,GEOMETRY A,ROCHELLE AITON,9,2028,B-,2.82 pts,1.71,,450,,Yes
15,12/10/24,4,S1,MAT522 / 14,GEOMETRY A,NINETTE LILIENTHAL,9,2028,B-,2.82 pts,1.71,,450,,Yes
15,12/10/24,3,S1,MAT522 / 13,GEOMETRY A,ROCHELLE AITON,9,2028,B+,3.34 pts,11.14,,302,,Yes
15,12/10/24,3,S1,MAT522 / 13,GEOMETRY A,NINETTE LILIENTHAL,9,2028,B+,3.34 pts,11.14,,302,,Yes
15,12/10/24,6,S1,ENG501 / 16,FR ENGLISH/A,DAVID HOLLINGSWORTH,9,2028,A,3.63 pts,11.86,,302,,Yes
15,12/10/24,2,S1,MAT522 / 12,GEOMETRY A,ROCHELLE AITON,9,2028,A,3.71 pts,0.43,,228,,Yes
15,12/10/24,2,S1,MAT522 / 12,GEOMETRY A,NINETTE LILIENTHAL,9,2028,A,3.71 pts,0.43,,228,,Yes
15,12/10/24,5,S1,MAT522 / 15,GEOMETRY A,BRIAN ANDERSON,9,2028,A-,3.50 pts,4.43,,369,,Yes
15,12/10/24,5,S1,MAT522 / 15,GEOMETRY A,BRIAN ANDERSON,10,2027,B+,3.20 pts,4.71,,203,,Yes
15,12/10/24,5,S1,MAT522 / 15,GEOMETRY A,BRIAN ANDERSON,10,2027,A-,3.56 pts,5,,80,,Yes
15,12/10/24,5,S1,MAT522 / 15,GEOMETRY A,BRIAN ANDERSON,10,2027,B,3.00 pts,8.71,,252,,Yes
15,12/10/24,6,S1,SCI601 / 16,BIOLOGY A,GRANT MERRILL,10,2027,C,2.49 pts,8.71,,252,,Yes
15,12/10/24,6,S1,SOC701 / 16,US HISTORY/A,SCOTT BOOTHBY,11,2026,F,0.73 pts,25.43,,187,,Yes
15,12/10/24,6,S1,ENG501 / 16,FR ENGLISH/A,DAVID HOLLINGSWORTH,9,2028,A,3.83 pts,0,,111,,Yes
15,12/10/24,1,S1,MAT522 / 11,GEOMETRY A,ROCHELLE AITON,9,2028,A,3.66 pts,1.43,,219,,Yes
15,12/10/24,1,S1,MAT522 / 11,GEOMETRY A,NINETTE LILIENTHAL,9,2028,A,3.66 pts,1.43,,219,,Yes
15,12/10/24,6,S1,ENG501 / 16,FR ENGLISH/A,DAVID HOLLINGSWORTH,9,2028,C,2.35 pts,1,,464,,Yes
15,12/10/24,6,S1,SOC701 / 16,US HISTORY/A,SCOTT BOOTHBY,11,2026,B,3.13 pts,5,,250,,Yes
15,12/10/24,6,S1,ENG501 / 16,FR ENGLISH/A,DAVID HOLLINGSWORTH,9,2028,B,2.93 pts,25.29,,243,,Yes
15,12/10/24,2,S1,SCI609 / 12,CHEMISTRY/A,GRANT MERRILL,11,2026,D,1.71 pts,9.43,,368,,Yes
15,12/10/24,6,S1,SOC701 / 16,US HISTORY/A,SCOTT BOOTHBY,11,2026,C-,2.11 pts,5.71,,368,,Yes
15,12/10/24,4,S1,MAT522 / 14,GEOMETRY A,ROCHELLE AITON,10,2027,C,2.38 pts,6.29,,171,,Yes
15,12/10/24,4,S1,MAT522 / 14,GEOMETRY A,NINETTE LILIENTHAL,10,2027,C,2.38 pts,6.29,,171,,Yes
15,12/10/24,6,S1,SCI601 / 36,BIOLOGY A,WILLIAM BAUR,10,2027,C,2.24 pts,6.71,,171,,Yes
15,12/10/24,6,S1,ENG501 / 16,FR ENGLISH/A,DAVID HOLLINGSWORTH,9,2028,A-,3.46 pts,6,,285,,Yes
15,12/10/24,3,S1,MAT522 / 13,GEOMETRY A,ROCHELLE AITON,9,2028,B,3.01 pts,4,,261,,Yes
15,12/10/24,3,S1,MAT522 / 13,GEOMETRY A,NINETTE LILIENTHAL,9,2028,B,3.01 pts,4,,261,,Yes
15,12/10/24,4,S1,MAT522 / 14,GEOMETRY A,ROCHELLE AITON,10,2027,B+,3.36 pts,0.29,,440,,Yes
15,12/10/24,4,S1,MAT522 / 14,GEOMETRY A,NINETTE LILIENTHAL,10,2027,B+,3.36 pts,0.29,,440,,Yes
15,12/10/24,2,S1,MAT522 / 12,GEOMETRY A,ROCHELLE AITON,10,2027,D,1.66 pts,10.71,,159,,Yes
15,12/10/24,2,S1,MAT522 / 12,GEOMETRY A,NINETTE LILIENTHAL,10,2027,D,1.66 pts,10.71,,159,,Yes
15,12/10/24,3,S1,SCI601 / 13,BIOLOGY A,GRANT MERRILL,10,2027,D,1.65 pts,10.43,,159,,Yes
15,12/10/24,5,S1,ENG601 / 15,SOPH ENG/A,MARCEE SALAS,10,2027,B+,3.24 pts,10.29,,159,,Yes
15,12/10/24,5,S1,ENG701 / 15,JUNIOR ENG/A,JOHN CARVER,11,2026,C,2.35 pts,8.71,,91,,Yes
15,12/10/24,2,S1,MAT701 / 12,ALGEBRA II A,JASON BLAESING,11,2026,B+,3.23 pts,5.29,,319,,Yes
15,12/10/24,4,S1,SCI601 / 14,BIOLOGY A,GRANT MERRILL,10,2027,C-,2.09 pts,4.14,,431,,Yes
15,12/10/24,2,S1,ENG601 / 12,SOPH ENG/A,KELLY GREGERSEN,10,2027,F,0.64 pts,13.71,,317,,Yes
15,12/10/24,3,S1,MAT522 / 13,GEOMETRY A,ROCHELLE AITON,10,2027,C-,2.03 pts,13.14,,317,,Yes
15,12/10/24,3,S1,MAT522 / 13,GEOMETRY A,NINETTE LILIENTHAL,10,2027,C-,2.03 pts,13.14,,317,,Yes
15,12/10/24,5,S1,MAT522 / 15,GEOMETRY A,BRIAN ANDERSON,10,2027,A,3.78 pts,0,,359,,Yes
15,12/10/24,6,S1,SOC701 / 16,US HISTORY/A,SCOTT BOOTHBY,11,2026,C+,2.65 pts,6.71,,277,,Yes
15,12/10/24,1,S1,MAT704 / 11,PRE-CALC A MAT 153,BRIAN ANDERSON,12,2025,F,1.34 pts,9,,395,,Yes
15,12/10/24,4,S1,SOC701 / 14,US HISTORY/A,DAVE HAJEK,11,2026,B+,3.36 pts,1.14,,459,,Yes
15,12/10/24,5,S1,MAT522 / 15,GEOMETRY A,BRIAN ANDERSON,10,2027,C,2.44 pts,8,,190,,Yes
15,12/10/24,6,S1,SCI601 / 16,BIOLOGY A,GRANT MERRILL,10,2027,C,2.48 pts,7.43,,190,,Yes
15,12/10/24,2,S1,MAT701 / 12,ALGEBRA II A,JASON BLAESING,11,2026,B+,3.24 pts,18.57,,312,,Yes
15,12/10/24,6,S1,SOC701 / 16,US HISTORY/A,SCOTT BOOTHBY,11,2026,C,2.49 pts,17.71,,312,,Yes
15,12/10/24,1,S1,MAT522 / 11,GEOMETRY A,ROCHELLE AITON,10,2027,D+,1.82 pts,12.14,,53,,Yes
15,12/10/24,1,S1,MAT522 / 11,GEOMETRY A,NINETTE LILIENTHAL,10,2027,D+,1.82 pts,12.14,,53,,Yes
15,12/10/24,4,S1,SCI601 / 14,BIOLOGY A,GRANT MERRILL,10,2027,C-,2.18 pts,11.57,,53,,Yes
15,12/10/24,5,S1,MAT522 / 15,GEOMETRY A,BRIAN ANDERSON,10,2027,B+,3.26 pts,12.57,,334,,Yes
15,12/10/24,2,S1,BUS301 / 12,PERSONAL FINANCE A,NICOLE SIMEK,12,2025,B-,2.70 pts,6.86,,240,,Yes
15,12/10/24,6,S1,MAT701 / 16,ALGEBRA II A,JASON BLAESING,11,2026,A,3.86 pts,1,,257,,Yes
15,12/10/24,6,S1,MAT701 / 16,ALGEBRA II A,JASON BLAESING,11,2026,F,1.60 pts,7.67,,258,,Yes
15,12/10/24,2,S1,MAT701 / 12,ALGEBRA II A,JASON BLAESING,10,2027,A,3.83 pts,9.43,,66,,Yes
15,12/10/24,6,S1,MAT701 / 16,ALGEBRA II A,JASON BLAESING,11,2026,B,3.02 pts,5,,141,,Yes
15,12/10/24,4,S1,MAT522 / 14,GEOMETRY A,ROCHELLE AITON,10,2027,C-,2.17 pts,0.14,,170,,Yes
15,12/10/24,4,S1,MAT522 / 14,GEOMETRY A,NINETTE LILIENTHAL,10,2027,C-,2.17 pts,0.14,,170,,Yes
15,12/10/24,6,S1,SCI601 / 36,BIOLOGY A,WILLIAM BAUR,10,2027,D+,1.84 pts,0.29,,170,,Yes
15,12/10/24,6,S1,MAT701 / 16,ALGEBRA II A,JASON BLAESING,11,2026,C,2.40 pts,1,,225,,Yes
15,12/10/24,4,S1,SCI601 / 14,BIOLOGY A,GRANT MERRILL,10,2027,C-,2.06 pts,6.29,,442,,Yes
15,12/10/24,6,S1,SCI601 / 16,BIOLOGY A,GRANT MERRILL,10,2027,B,3.11 pts,2.14,,287,,Yes
15,12/10/24,3,S1,SCI601 / 13,BIOLOGY A,GRANT MERRILL,10,2027,B,3.00 pts,1.43,,137,,Yes
15,12/10/24,4,S1,MAT522 / 14,GEOMETRY A,ROCHELLE AITON,10,2027,B-,2.79 pts,1,,137,,Yes
15,12/10/24,4,S1,MAT522 / 14,GEOMETRY A,NINETTE LILIENTHAL,10,2027,B-,2.79 pts,1,,137,,Yes
15,12/10/24,3,S1,SCI601 / 13,BIOLOGY A,GRANT MERRILL,10,2027,C,2.44 pts,3,,364,,Yes
15,12/10/24,1,S1,MAT522 / 11,GEOMETRY A,ROCHELLE AITON,9,2028,A-,3.59 pts,5,,279,,Yes
15,12/10/24,1,S1,MAT522 / 11,GEOMETRY A,NINETTE LILIENTHAL,9,2028,A-,3.59 pts,5,,279,,Yes
15,12/10/24,1,S1,MAT522 / 11,GEOMETRY A,ROCHELLE AITON,10,2027,C+,2.66 pts,8.71,,193,,Yes
15,12/10/24,1,S1,MAT522 / 11,GEOMETRY A,NINETTE LILIENTHAL,10,2027,C+,2.66 pts,8.71,,193,,Yes
15,12/10/24,5,S1,ENG601 / 15,SOPH ENG/A,MARCEE SALAS,10,2027,C,2.34 pts,8.57,,193,,Yes
15,12/10/24,2,S1,SCI609 / 12,CHEMISTRY/A,GRANT MERRILL,11,2026,F,1.17 pts,12.57,,65,,Yes
15,12/10/24,3,S1,BUS301 / 13,PERSONAL FINANCE A,NICOLE SIMEK,11,2026,B,3.06 pts,12.57,,65,,Yes
15,12/10/24,4,S1,SOC701 / 14,US HISTORY/A,DAVE HAJEK,11,2026,C,2.41 pts,13.43,,65,,Yes
15,12/10/24,3,S1,BUS301 / 13,PERSONAL FINANCE A,NICOLE SIMEK,12,2025,A,4.00 pts,1.29,,283,,Yes
15,12/10/24,3,S1,MAT522 / 13,GEOMETRY A,ROCHELLE AITON,9,2028,A,3.64 pts,0.43,,284,,Yes
15,12/10/24,3,S1,MAT522 / 13,GEOMETRY A,NINETTE LILIENTHAL,9,2028,A,3.64 pts,0.43,,284,,Yes
15,12/10/24,3,S1,MAT522 / 13,GEOMETRY A,ROCHELLE AITON,10,2027,B-,2.86 pts,5,,269,,Yes
15,12/10/24,3,S1,MAT522 / 13,GEOMETRY A,NINETTE LILIENTHAL,10,2027,B-,2.86 pts,5,,269,,Yes
15,12/10/24,2,S1,ENG601 / 12,SOPH ENG/A,KELLY GREGERSEN,10,2027,B,3.18 pts,4.29,,290,,Yes
15,12/10/24,2,S1,MAT701 / 12,ALGEBRA II A,JASON BLAESING,11,2026,B+,3.32 pts,7.86,,370,,Yes
15,12/10/24,6,S1,ENG501 / 16,FR ENGLISH/A,DAVID HOLLINGSWORTH,9,2028,B+,3.33 pts,14.86,,98,,Yes
15,12/10/24,2,S1,MAT522 / 12,GEOMETRY A,ROCHELLE AITON,9,2028,B+,3.37 pts,1.57,,311,,Yes
15,12/10/24,2,S1,MAT522 / 12,GEOMETRY A,NINETTE LILIENTHAL,9,2028,B+,3.37 pts,1.57,,311,,Yes
15,12/10/24,6,S1,MAT701 / 16,ALGEBRA II A,JASON BLAESING,11,2026,A-,3.43 pts,7.33,,127,,Yes
15,12/10/24,1,S1,MAT704 / 11,PRE-CALC A MAT 153,BRIAN ANDERSON,12,2025,F,1.57 pts,1.86,,352,,Yes
15,12/10/24,3,S1,MAT701 / 13,ALGEBRA II A,JENNIFER REILLY,10,2027,A,3.98 pts,6,,186,,Yes
15,12/10/24,6,S1,SCI601 / 36,BIOLOGY A,WILLIAM BAUR,10,2027,A,3.73 pts,5.57,,186,,Yes
15,12/10/24,4,S1,MAT522 / 14,GEOMETRY A,ROCHELLE AITON,10,2027,D+,1.83 pts,11.29,,437,,Yes
15,12/10/24,4,S1,MAT522 / 14,GEOMETRY A,NINETTE LILIENTHAL,10,2027,D+,1.83 pts,11.29,,437,,Yes
15,12/10/24,6,S1,SCI601 / 36,BIOLOGY A,WILLIAM BAUR,12,2025,A-,3.44 pts,20.67,,178,,Yes
15,12/10/24,2,S1,BUS301 / 12,PERSONAL FINANCE A,NICOLE SIMEK,12,2025,B,2.97 pts,13.14,,135,,Yes
15,12/10/24,1,S1,MAT522 / 11,GEOMETRY A,ROCHELLE AITON,10,2027,D+,1.91 pts,8.14,,246,,Yes
15,12/10/24,1,S1,MAT522 / 11,GEOMETRY A,NINETTE LILIENTHAL,10,2027,D+,1.91 pts,8.14,,246,,Yes
15,12/10/24,2,S1,MAT701 / 12,ALGEBRA II A,JASON BLAESING,11,2026,B,3.01 pts,5.14,,241,,Yes
15,12/10/24,2,S1,BUS301 / 12,PERSONAL FINANCE A,NICOLE SIMEK,12,2025,B+,3.32 pts,11.57,,97,,Yes
15,12/10/24,2,S1,BUS301 / 12,PERSONAL FINANCE A,NICOLE SIMEK,12,2025,B-,2.89 pts,11.71,,96,,Yes
15,12/10/24,3,S1,SCI601 / 13,BIOLOGY A,GRANT MERRILL,10,2027,F,1.42 pts,2.71,,136,,Yes
15,12/10/24,4,S1,MAT522 / 14,GEOMETRY A,ROCHELLE AITON,10,2027,F,0.00 pts,27.57,,447,,Yes
15,12/10/24,4,S1,MAT522 / 14,GEOMETRY A,NINETTE LILIENTHAL,10,2027,F,0.00 pts,27.57,,447,,Yes
15,12/10/24,1,S1,MAT522 / 11,GEOMETRY A,ROCHELLE AITON,10,2027,C,2.22 pts,0.86,,411,,Yes
15,12/10/24,1,S1,MAT522 / 11,GEOMETRY A,NINETTE LILIENTHAL,10,2027,C,2.22 pts,0.86,,411,,Yes
15,12/10/24,3,S1,MAT701 / 13,ALGEBRA II A,JENNIFER REILLY,10,2027,A,3.96 pts,2.71,,153,,Yes
15,12/10/24,2,S1,MAT701 / 12,ALGEBRA II A,JASON BLAESING,11,2026,C-,2.14 pts,24.29,,274,,Yes
15,12/10/24,1,S1,MAT522 / 11,GEOMETRY A,ROCHELLE AITON,10,2027,B+,3.28 pts,0,,184,,Yes
15,12/10/24,1,S1,MAT522 / 11,GEOMETRY A,NINETTE LILIENTHAL,10,2027,B+,3.28 pts,0,,184,,Yes
15,12/10/24,4,S1,SCI601 / 14,BIOLOGY A,GRANT MERRILL,10,2027,A,3.64 pts,0,,184,,Yes
15,12/10/24,6,S1,ENG501 / 16,FR ENGLISH/A,DAVID HOLLINGSWORTH,9,2028,D+,1.88 pts,1,,308,,Yes
15,12/10/24,2,S1,MAT522 / 12,GEOMETRY A,ROCHELLE AITON,9,2028,A-,3.41 pts,1.71,,166,,Yes
15,12/10/24,2,S1,MAT522 / 12,GEOMETRY A,NINETTE LILIENTHAL,9,2028,A-,3.41 pts,1.71,,166,,Yes
15,12/10/24,6,S1,ENG501 / 16,FR ENGLISH/A,DAVID HOLLINGSWORTH,9,2028,A,3.93 pts,1.71,,166,,Yes
15,12/10/24,6,S1,ENG501 / 16,FR ENGLISH/A,DAVID HOLLINGSWORTH,9,2028,B,3.19 pts,3.14,,268,,Yes
15,12/10/24,5,S1,MAT522 / 15,GEOMETRY A,BRIAN ANDERSON,9,2028,B,3.11 pts,1.86,,351,,Yes
15,12/10/24,2,S1,MAT701 / 12,ALGEBRA II A,JASON BLAESING,11,2026,,2.94 pts,1,,468,,Yes
15,12/10/24,2,S1,ENG601 / 12,SOPH ENG/A,KELLY GREGERSEN,10,2027,B,2.91 pts,6.57,,143,,Yes
15,12/10/24,4,S1,MAT522 / 14,GEOMETRY A,ROCHELLE AITON,10,2027,F,0.96 pts,8.14,,143,,Yes
15,12/10/24,4,S1,MAT522 / 14,GEOMETRY A,NINETTE LILIENTHAL,10,2027,F,0.96 pts,8.14,,143,,Yes
15,12/10/24,2,S1,BUS301 / 12,PERSONAL FINANCE A,NICOLE SIMEK,12,2025,F,0.60 pts,11.43,,377,,Yes
15,12/10/24,4,S1,MAT522 / 14,GEOMETRY A,ROCHELLE AITON,10,2027,F,0.74 pts,3.57,,110,,Yes
15,12/10/24,4,S1,MAT522 / 14,GEOMETRY A,NINETTE LILIENTHAL,10,2027,F,0.74 pts,3.57,,110,,Yes
15,12/10/24,5,S1,ENG601 / 15,SOPH ENG/A,MARCEE SALAS,10,2027,F,1.05 pts,3.57,,110,,Yes
15,12/10/24,6,S1,SCI601 / 16,BIOLOGY A,GRANT MERRILL,10,2027,F,0.14 pts,5.29,,110,,Yes
15,12/10/24,1,S1,ENG701 / 11,JUNIOR ENG/A,JOHN CARVER,11,2026,F,1.16 pts,24.21,,1,,#N/A
15,12/10/24,2,S1,PED500 / 12,WEIGHT TRAINING,SCOTT BOOTHBY,11,2026,D+,1.92 pts,22.07,,1,,#N/A
15,12/10/24,3,S1,MAT701 / 13,ALGEBRA II A,JENNIFER REILLY,11,2026,F,0.81 pts,21.93,,1,,Yes
15,12/10/24,4,S1,CTE114 / 14,ENGINEERING A,JASON BLAESING,11,2026,F,1.21 pts,22.43,,1,,#N/A
15,12/10/24,5,S1,SOC701 / 15,US HISTORY/A,DAVE HAJEK,11,2026,F,0.07 pts,22,,1,,#N/A
15,12/10/24,6,S1,FAR604 / 16,SCENE DESIGN,KELLY GREGERSEN,11,2026,C-,2.10 pts,21.86,,1,,#N/A
15,12/10/24,1,S1,CTA101 / 11,CTA S1,MARK CASTLE,11,2026,,,0,,3,,#N/A
15,12/10/24,2,S1,CTA101 / 11,CTA S1,MARK CASTLE,11,2026,,,0,,3,,#N/A
15,12/10/24,3,S1,CTA101 / 11,CTA S1,MARK CASTLE,11,2026,,,0,,3,,#N/A
15,12/10/24,4,S1,MAT701 / 14,ALGEBRA II A,JENNIFER REILLY,11,2026,C,2.20 pts,3,,3,,#N/A
15,12/10/24,5,S1,ASL503 / 15,AMERICAN SIGN LANGUAGE II/A,TAMI GRANT,11,2026,A,3.92 pts,3,,3,,#N/A
15,12/10/24,6,S1,ENG701 / 16,JUNIOR ENG/A,JOHN CARVER,11,2026,A-,3.50 pts,3.33,,3,,#N/A
15,12/10/24,1,S1,FAR505 / 11,CONCERT CHOIR/A,DAVID DUARTE,10,2027,A,3.95 pts,7,,4,,#N/A
15,12/10/24,2,S1,SPA501 / 12,SPANISH 1 A,ROCHELLE AITON,10,2027,A,3.67 pts,4.57,,4,,#N/A
15,12/10/24,3,S1,SOC108 / 13,WORLD HISTORY/A,RYAN ISAACSON,10,2027,C,2.45 pts,4.43,,4,,#N/A
15,12/10/24,4,S1,SCI601 / 14,BIOLOGY A,GRANT MERRILL,10,2027,C-,2.10 pts,7.29,,4,,Yes
15,12/10/24,5,S1,ENG601 / 15,SOPH ENG/A,MARCEE SALAS,10,2027,C,2.29 pts,5.29,,4,,Yes
15,12/10/24,6,S1,MAT522 / 36,GEOMETRY A,ROCHELLE AITON,10,2027,C-,2.19 pts,5.43,,4,,#N/A
15,12/10/24,6,S1,MAT522 / 36,GEOMETRY A,NINETTE LILIENTHAL,10,2027,C-,2.19 pts,5.43,,4,,#N/A
15,12/10/24,1,S1,VOC705 / 11,DIGITAL PHOTOGRAPHY I,ROSANNA RUFF,11,2026,C,2.22 pts,8,,5,,#N/A
15,12/10/24,2,S1,BUS301 / 12,PERSONAL FINANCE A,NICOLE SIMEK,11,2026,C,2.35 pts,7.86,,5,,Yes
15,12/10/24,3,S1,SCI503 / 33,PHYSICAL SCIENCE A,WILLIAM BAUR,11,2026,C,2.33 pts,9,,5,,#N/A
15,12/10/24,4,S1,SOC701 / 14,US HISTORY/A,DAVE HAJEK,11,2026,F,1.63 pts,8.57,,5,,Yes
15,12/10/24,5,S1,ENG701 / 15,JUNIOR ENG/A,JOHN CARVER,11,2026,D+,1.97 pts,9.43,,5,,Yes
15,12/10/24,6,S1,PED500 / 16,WEIGHT TRAINING,SCOTT DIZMANG,11,2026,A,3.61 pts,9.86,,5,,#N/A
15,12/10/24,1,S1,PED513 / 11,TEAM GAMES,SCOTT DIZMANG,10,2027,A-,3.53 pts,2,,6,,#N/A
15,12/10/24,2,S1,MAT522 / 12,GEOMETRY A,ROCHELLE AITON,10,2027,B-,2.89 pts,2,John L,6,Active,Yes
15,12/10/24,2,S1,MAT522 / 12,GEOMETRY A,NINETTE LILIENTHAL,10,2027,B-,2.89 pts,2,John L,6,Active,Yes
15,12/10/24,3,S1,SOC108 / 13,WORLD HISTORY/A,RYAN ISAACSON,10,2027,C-,2.17 pts,2.14,,6,,#N/A
15,12/10/24,4,S1,FAR109 / 14,CERAMICS II,ROBERT YEE,10,2027,A,4.00 pts,2.14,,6,,#N/A
15,12/10/24,5,S1,ENG601 / 15,SOPH ENG/A,MARCEE SALAS,10,2027,F,1.53 pts,2.14,Pat,6,Active,Yes
15,12/10/24,6,S1,SCI601 / 36,BIOLOGY A,WILLIAM BAUR,10,2027,F,1.42 pts,2.14,Mimi,6,Active,Yes
15,12/10/24,1,S1,ENG801 / 11,SENIOR ENG/A,HEATHER CARVER,12,2025,C,2.30 pts,8.29,,7,,#N/A
15,12/10/24,2,S1,BUS301 / 12,PERSONAL FINANCE A,NICOLE SIMEK,12,2025,F,1.33 pts,8.14,,7,,Yes
15,12/10/24,3,S1,ONT400 / 13,ON-TRACK/A,BRIAN ANDERSON,12,2025,A,4.00 pts,7.57,,7,,#N/A
15,12/10/24,4,S1,ENG715 / 14,FILM AS LITERATURE,KELLY GREGERSEN,12,2025,C-,2.01 pts,8.14,,7,,#N/A
15,12/10/24,5,S1,CTE100 / 15,MEDICAL CAREERS & TERMS A,DONNA SCHATZ,12,2025,F,1.21 pts,7.86,,7,,#N/A
15,12/10/24,6,S1,SOC802 / 16,CIVICS,JIM REED,12,2025,F,0.63 pts,8.14,,7,,#N/A
15,12/10/24,1,S1,FAR720 / 11,PANTHER PLAYERS/A,KELLY GREGERSEN,11,2026,A,3.81 pts,6.29,,46,,#N/A
15,12/10/24,2,S1,SCI609 / 12,CHEMISTRY/A,GRANT MERRILL,11,2026,C+,2.58 pts,6.14,,46,,Yes
15,12/10/24,3,S1,MAT701 / 13,ALGEBRA II A,JENNIFER REILLY,11,2026,C+,2.55 pts,5.43,,46,,Yes
15,12/10/24,4,S1,ENG715 / 14,FILM AS LITERATURE,KELLY GREGERSEN,11,2026,A-,3.52 pts,6.57,,46,,#N/A
15,12/10/24,5,S1,SOC701 / 15,US HISTORY/A,DAVE HAJEK,11,2026,C,2.29 pts,6.14,,46,,#N/A
15,12/10/24,6,S1,SPA501 / 16,SPANISH 1 A,ROCHELLE AITON,11,2026,A-,3.45 pts,6.14,,46,,#N/A
15,12/10/24,1,S1,FAR720 / 11,PANTHER PLAYERS/A,KELLY GREGERSEN,12,2025,A,3.61 pts,4.86,,8,,#N/A
15,12/10/24,2,S1,SPS103 / 12,OFFICE ASSISTANT,MARK CASTLE,12,2025,,,4.14,,8,,#N/A
15,12/10/24,3,S1,PED500 / 13,WEIGHT TRAINING,SCOTT BOOTHBY,12,2025,A,3.65 pts,4.14,,8,,#N/A
15,12/10/24,4,S1,ENG717 / 14,AP LITERATURE/ COMPOSITION A,HEATHER CARVER,12,2025,C+,2.62 pts,5.14,,8,,#N/A
15,12/10/24,5,S1,SOC802 / 15,CIVICS,SCOTT BOOTHBY,12,2025,C,2.34 pts,5.14,,8,,#N/A
15,12/10/24,6,S1,SCI503 / 16,PHYSICAL SCIENCE A,JAMES BENNETT,12,2025,D+,1.80 pts,5.43,,8,,#N/A
15,12/10/24,1,S1,PED500 / 11,WEIGHT TRAINING,SCOTT BOOTHBY,10,2027,A-,3.54 pts,2.71,,9,,#N/A
15,12/10/24,2,S1,SOC108 / 12,WORLD HISTORY/A,DAVID HOLLINGSWORTH,10,2027,C,2.25 pts,2.71,,9,,#N/A
15,12/10/24,3,S1,SCI601 / 13,BIOLOGY A,GRANT MERRILL,10,2027,C-,2.09 pts,1.86,,9,,Yes
15,12/10/24,4,S1,FAR109 / 14,CERAMICS II,ROBERT YEE,10,2027,A-,3.58 pts,1.57,,9,,#N/A
15,12/10/24,5,S1,MAT522 / 15,GEOMETRY A,BRIAN ANDERSON,10,2027,F,1.26 pts,1.57,Tom C,9,Active,Yes
15,12/10/24,6,S1,ENG601 / 16,SOPH ENG/A,MARCEE SALAS,10,2027,C+,2.50 pts,1.57,,9,,#N/A
15,12/10/24,1,S1,MAT522 / 11,GEOMETRY A,ROCHELLE AITON,10,2027,B-,2.75 pts,0,John L,10,Active,Yes
15,12/10/24,1,S1,MAT522 / 11,GEOMETRY A,NINETTE LILIENTHAL,10,2027,B-,2.75 pts,0,John L,10,Active,Yes
15,12/10/24,2,S1,ENG601 / 12,SOPH ENG/A,KELLY GREGERSEN,10,2027,B-,2.85 pts,0,,10,,Yes
15,12/10/24,3,S1,SOC108 / 13,WORLD HISTORY/A,RYAN ISAACSON,10,2027,C+,2.65 pts,0,,10,,#N/A
15,12/10/24,4,S1,HFL118 / 14,ADV CULINARY ARTS A,ALEXANDRA YOST,10,2027,C+,2.52 pts,0,,10,,#N/A
15,12/10/24,5,S1,VOC106 / 15,METAL MANUFACTURING & TECH I,DONALD O'BRIEN,10,2027,A,3.97 pts,0.14,,10,,#N/A
15,12/10/24,6,S1,SCI601 / 16,BIOLOGY A,GRANT MERRILL,10,2027,F,1.62 pts,0.14,,10,,Yes
15,12/10/24,1,S1,SPA601 / 11,SPANISH II A,ROCHELLE AITON,11,2026,C,2.35 pts,2,,11,,#N/A
15,12/10/24,2,S1,HFL116 / 12,BAKING PASTRY ARTS I,KAYLA PAYNE,11,2026,A,3.60 pts,2.14,,11,,#N/A
15,12/10/24,3,S1,MAT701 / 13,ALGEBRA II A,JENNIFER REILLY,11,2026,B,3.04 pts,2.57,,11,,Yes
15,12/10/24,4,S1,CTE114 / 14,ENGINEERING A,JASON BLAESING,11,2026,B-,2.88 pts,2.57,,11,,#N/A
15,12/10/24,5,S1,SOC703 / 15,AP US HISTORY A,RYAN ISAACSON,11,2026,A,3.99 pts,2.43,,11,,#N/A
15,12/10/24,6,S1,ENG701 / 16,JUNIOR ENG/A,JOHN CARVER,11,2026,B,3.13 pts,2,,11,,#N/A
15,12/10/24,1,S1,CTE114 / 11,ENGINEERING A,JASON BLAESING,11,2026,D,1.65 pts,6,,12,,#N/A
15,12/10/24,2,S1,VOC116 / 12,BASIC CARPENTRY 1,BRENT MANSELL,11,2026,C-,2.15 pts,6,,12,,#N/A
15,12/10/24,3,S1,BUS301 / 13,PERSONAL FINANCE A,NICOLE SIMEK,11,2026,D+,1.81 pts,6,,12,,Yes
15,12/10/24,4,S1,SOC701 / 14,US HISTORY/A,DAVE HAJEK,11,2026,F,1.47 pts,6.43,,12,,Yes
15,12/10/24,5,S1,VOC504 / 15,ADV FINE ARTS WOODWORKING I,BRENT MANSELL,11,2026,A,4.00 pts,6.43,,12,,#N/A
15,12/10/24,6,S1,ENG701 / 16,JUNIOR ENG/A,JOHN CARVER,11,2026,D+,1.94 pts,6.43,,12,,#N/A
15,12/10/24,1,S1,MAT522 / 11,GEOMETRY A,ROCHELLE AITON,10,2027,C-,2.15 pts,6.29,John L,13,Active,Yes
15,12/10/24,1,S1,MAT522 / 11,GEOMETRY A,NINETTE LILIENTHAL,10,2027,C-,2.15 pts,6.29,John L,13,Active,Yes
15,12/10/24,2,S1,ENG601 / 12,SOPH ENG/A,KELLY GREGERSEN,10,2027,D,1.67 pts,6,,13,,Yes
15,12/10/24,3,S1,SCI601 / 33,BIOLOGY A,DONNA SCHATZ,10,2027,D,1.77 pts,5.43,,13,,#N/A
15,12/10/24,4,S1,CTE114 / 14,ENGINEERING A,JASON BLAESING,10,2027,F,1.37 pts,4.29,,13,,#N/A
15,12/10/24,5,S1,HFL113 / 15,INTRO CULINARY ART,ALEXANDRA YOST,10,2027,C+,2.51 pts,5.86,,13,,#N/A
15,12/10/24,6,S1,SOC108 / 36,WORLD HISTORY/A,DAVE HAJEK,10,2027,F,1.14 pts,6,,13,,#N/A
15,12/10/24,1,S1,ENG701 / 11,JUNIOR ENG/A,JOHN CARVER,11,2026,C+,2.54 pts,2.71,,14,,#N/A
15,12/10/24,2,S1,VOC705 / 12,DIGITAL PHOTOGRAPHY I,ROSANNA RUFF,11,2026,C-,2.14 pts,2,,14,,#N/A
15,12/10/24,3,S1,MAT701 / 13,ALGEBRA II A,JENNIFER REILLY,11,2026,F,1.26 pts,2.29,Larry,14,Active,Yes
15,12/10/24,4,S1,SCI503 / 14,PHYSICAL SCIENCE A,JAMES BENNETT,11,2026,D,1.70 pts,3,,14,,#N/A
15,12/10/24,5,S1,SOC701 / 15,US HISTORY/A,DAVE HAJEK,11,2026,B-,2.80 pts,2.57,,14,,#N/A
15,12/10/24,6,S1,VOC502 / 16,FINE ARTS WOODWORKING I,BRENT MANSELL,11,2026,A,4.00 pts,2.29,,14,,#N/A
15,12/10/24,1,S1,SPA601 / 11,SPANISH II A,ROCHELLE AITON,10,2027,A-,3.47 pts,0,,15,,#N/A
15,12/10/24,2,S1,ENG601 / 12,SOPH ENG/A,KELLY GREGERSEN,10,2027,C-,2.18 pts,0,,15,,Yes
15,12/10/24,3,S1,SOC108 / 13,WORLD HISTORY/A,RYAN ISAACSON,10,2027,B,3.17 pts,0.43,,15,,#N/A
15,12/10/24,4,S1,SCI601 / 14,BIOLOGY A,GRANT MERRILL,10,2027,F,1.23 pts,0.57,Linda,15,Active,Yes
15,12/10/24,5,S1,PED513 / 15,TEAM GAMES,SCOTT DIZMANG,10,2027,B,3.05 pts,0,,15,,#N/A
15,12/10/24,6,S1,MAT522 / 36,GEOMETRY A,ROCHELLE AITON,10,2027,C-,2.11 pts,0.57,,15,,#N/A
15,12/10/24,6,S1,MAT522 / 36,GEOMETRY A,NINETTE LILIENTHAL,10,2027,C-,2.11 pts,0.57,,15,,#N/A
15,12/10/24,1,S1,SOC108 / 11,WORLD HISTORY/A,DAVID HOLLINGSWORTH,10,2027,F,1.46 pts,3,,16,,#N/A
15,12/10/24,2,S1,FAR113 / 12,INTRO TO ART AND DESIGN,ROBERT YEE,10,2027,B,3.00 pts,2.86,,16,,#N/A
15,12/10/24,3,S1,CTE120 / 13,CYBER SECURITY I,ROSANNA RUFF,10,2027,F,1.07 pts,2.86,,16,,#N/A
15,12/10/24,4,S1,MAT522 / 14,GEOMETRY A,ROCHELLE AITON,10,2027,F,1.50 pts,2.86,,16,,Yes
15,12/10/24,4,S1,MAT522 / 14,GEOMETRY A,NINETTE LILIENTHAL,10,2027,F,1.50 pts,2.86,,16,,Yes
15,12/10/24,5,S1,SCI503 / 35,PHYSICAL SCIENCE A,WILLIAM BAUR,10,2027,C-,2.00 pts,2.86,,16,,#N/A
15,12/10/24,6,S1,ENG601 / 16,SOPH ENG/A,MARCEE SALAS,10,2027,C,2.45 pts,2.86,,16,,#N/A
15,12/10/24,1,S1,VOC106 / 11,METAL MANUFACTURING & TECH I,DONALD O'BRIEN,10,2027,C,2.39 pts,5,,17,,#N/A
15,12/10/24,2,S1,ENG601 / 12,SOPH ENG/A,KELLY GREGERSEN,10,2027,D+,1.93 pts,2.86,,17,,Yes
15,12/10/24,3,S1,SCI601 / 33,BIOLOGY A,DONNA SCHATZ,10,2027,F,1.15 pts,4.43,,17,,#N/A
15,12/10/24,4,S1,MAT522 / 14,GEOMETRY A,ROCHELLE AITON,10,2027,F,1.60 pts,4.14,John L,17,Active,Yes
15,12/10/24,4,S1,MAT522 / 14,GEOMETRY A,NINETTE LILIENTHAL,10,2027,F,1.60 pts,4.14,John L,17,Active,Yes
15,12/10/24,5,S1,PED513 / 15,TEAM GAMES,SCOTT DIZMANG,10,2027,A,3.98 pts,3.14,,17,,#N/A
15,12/10/24,6,S1,SOC108 / 36,WORLD HISTORY/A,DAVE HAJEK,10,2027,F,1.58 pts,3.71,,17,,#N/A
15,12/10/24,1,S1,PED101 / 11,PHYSICAL EDUCATION,KATHERINE STURDYVIN-SCOBBA,12,2025,F,1.48 pts,4.43,,18,,#N/A
15,12/10/24,2,S1,BUS301 / 12,PERSONAL FINANCE A,NICOLE SIMEK,12,2025,C,2.25 pts,2.14,,18,,Yes
15,12/10/24,3,S1,SOC802 / 13,CIVICS,JIM REED,12,2025,C,2.30 pts,1.86,,18,,#N/A
15,12/10/24,4,S1,AACTM1 / 14,ACADEMIC ACHIEVEMENT A,TIMOTHY MOORE,12,2025,A,3.60 pts,4.43,,18,,#N/A
15,12/10/24,5,S1,ONT400 / 15,ON-TRACK/A,ROBERT YEE,12,2025,B,2.90 pts,2.14,,18,,#N/A
15,12/10/24,6,S1,ENG801 / 16,SENIOR ENG/A,HEATHER CARVER,12,2025,B,3.09 pts,2.14,,18,,#N/A
15,12/10/24,1,S1,PED500 / 11,WEIGHT TRAINING,SCOTT BOOTHBY,9,2028,A,3.89 pts,5,,2,,#N/A
15,12/10/24,2,S1,ASL501 / 12,AMERICAN SIGN LANGUAGE I/A,KYLA RITCHEY,9,2028,A-,3.57 pts,5,,2,,#N/A
15,12/10/24,3,S1,MAT520 / 33,ALGEBRA I A,JANET GROVE,9,2028,B-,2.84 pts,5.86,,2,,#N/A
15,12/10/24,4,S1,SCI503 / 14,PHYSICAL SCIENCE A,JAMES BENNETT,9,2028,C-,2.11 pts,7.43,,2,,#N/A
15,12/10/24,5,S1,HFL113 / 15,INTRO CULINARY ART,ALEXANDRA YOST,9,2028,C,2.41 pts,7.71,,2,,#N/A
15,12/10/24,6,S1,ENG501 / 16,FR ENGLISH/A,DAVID HOLLINGSWORTH,9,2028,B-,2.81 pts,7.86,,2,,Yes
15,12/10/24,1,S1,CTE114 / 11,ENGINEERING A,JASON BLAESING,11,2026,D,1.79 pts,2.57,,19,,#N/A
15,12/10/24,2,S1,FAR113 / 12,INTRO TO ART AND DESIGN,ROBERT YEE,11,2026,A,3.61 pts,2,,19,,#N/A
15,12/10/24,3,S1,FAR605 / 13,INTRO TO THEATRE,KELLY GREGERSEN,11,2026,A,3.61 pts,2,,19,,#N/A
15,12/10/24,4,S1,ENG701 / 14,JUNIOR ENG/A,JOHN CARVER,11,2026,A-,3.56 pts,3.43,,19,,#N/A
15,12/10/24,5,S1,SOC703 / 15,AP US HISTORY A,RYAN ISAACSON,11,2026,B+,3.38 pts,3.29,,19,,#N/A
15,12/10/24,6,S1,MAT701 / 16,ALGEBRA II A,JASON BLAESING,11,2026,C+,2.52 pts,3.57,Larry,19,Active,Yes
15,12/10/24,1,S1,ENG601 / 11,SOPH ENG/A,MARCEE SALAS,10,2027,B,3.04 pts,3.14,,20,,#N/A
15,12/10/24,2,S1,MAT522 / 32,GEOMETRY A,BRIAN ANDERSON,10,2027,D+,1.94 pts,3,,20,,#N/A
15,12/10/24,3,S1,VOC620 / 13,METAL CRAFTS & PRODUCTION I,DONALD O'BRIEN,10,2027,B+,3.38 pts,2.57,,20,,#N/A
15,12/10/24,4,S1,SCI601 / 14,BIOLOGY A,GRANT MERRILL,10,2027,C+,2.55 pts,1.14,,20,,Yes
15,12/10/24,5,S1,CTE100 / 15,MEDICAL CAREERS & TERMS A,DONNA SCHATZ,10,2027,B+,3.35 pts,1.43,,20,,#N/A
15,12/10/24,6,S1,SOC108 / 36,WORLD HISTORY/A,DAVE HAJEK,10,2027,C,2.27 pts,1.29,,20,,#N/A
15,12/10/24,1,S1,SOC701 / 11,US HISTORY/A,DAVE HAJEK,11,2026,F,1.08 pts,8.14,,21,,#N/A
15,12/10/24,2,S1,SCI609 / 12,CHEMISTRY/A,GRANT MERRILL,11,2026,F,1.48 pts,7,Jay,21,Active,Yes
15,12/10/24,3,S1,BUS301 / 13,PERSONAL FINANCE A,NICOLE SIMEK,11,2026,B-,2.80 pts,7.43,,21,,Yes
15,12/10/24,4,S1,HFL118 / 14,ADV CULINARY ARTS A,ALEXANDRA YOST,11,2026,A,3.73 pts,7.43,,21,,#N/A
15,12/10/24,5,S1,ENG701 / 15,JUNIOR ENG/A,JOHN CARVER,11,2026,C+,2.56 pts,7.14,,21,,Yes
15,12/10/24,6,S1,PED500 / 16,WEIGHT TRAINING,SCOTT DIZMANG,11,2026,A,3.81 pts,7.71,,21,,#N/A
15,12/10/24,1,S1,FAR109 / 11,CERAMICS II,ROBERT YEE,11,2026,B,3.17 pts,2.57,,22,,#N/A
15,12/10/24,2,S1,FAR113 / 12,INTRO TO ART AND DESIGN,ROBERT YEE,11,2026,B+,3.31 pts,2.86,,22,,#N/A
15,12/10/24,3,S1,MAT701 / 13,ALGEBRA II A,JENNIFER REILLY,11,2026,B,3.17 pts,3.71,,22,,Yes
15,12/10/24,4,S1,SCI503 / 34,PHYSICAL SCIENCE A,WILLIAM BAUR,11,2026,B+,3.20 pts,3.29,,22,,#N/A
15,12/10/24,5,S1,SOC701 / 15,US HISTORY/A,DAVE HAJEK,11,2026,C,2.45 pts,3.43,,22,,#N/A
15,12/10/24,6,S1,ENG701 / 16,JUNIOR ENG/A,JOHN CARVER,11,2026,B+,3.26 pts,3.71,,22,,#N/A
15,12/10/24,1,S1,SCI503 / 11,PHYSICAL SCIENCE A,JAMES BENNETT,11,2026,F,1.51 pts,23.57,,23,,#N/A
15,12/10/24,2,S1,BUS301 / 12,PERSONAL FINANCE A,NICOLE SIMEK,11,2026,F,0.86 pts,21.71,,23,,Yes
15,12/10/24,3,S1,ONT400 / 13,ON-TRACK/A,BRIAN ANDERSON,11,2026,D+,1.82 pts,20.71,,23,,#N/A
15,12/10/24,4,S1,SOC701 / 14,US HISTORY/A,DAVE HAJEK,11,2026,F,0.39 pts,22.29,,23,,Yes
15,12/10/24,5,S1,ENG701 / 15,JUNIOR ENG/A,JOHN CARVER,11,2026,F,1.03 pts,20,,23,,Yes
15,12/10/24,6,S1,FAR604 / 16,SCENE DESIGN,KELLY GREGERSEN,11,2026,C-,2.03 pts,19.29,,23,,#N/A
15,12/10/24,1,S1,MAT704 / 11,PRE-CALC A MAT 153,BRIAN ANDERSON,12,2025,D+,1.91 pts,2.5,,24,,Yes
15,12/10/24,2,S1,RUN101 / 12,RUNNING START/A,,12,2025,,,0,,24,,#N/A
15,12/10/24,3,S1,CTE120 / 13,CYBER SECURITY I,ROSANNA RUFF,12,2025,B,3.04 pts,3,,24,,#N/A
15,12/10/24,4,S1,RUN101 / 14,RUNNING START/A,,12,2025,,,0,,24,,#N/A
15,12/10/24,5,S1,SOC802 / 15,CIVICS,SCOTT BOOTHBY,12,2025,A,3.79 pts,2,,24,,#N/A
15,12/10/24,6,S1,RUN101 / 16,RUNNING START/A,,12,2025,,,0,,24,,#N/A
15,12/10/24,1,S1,PED513 / 11,TEAM GAMES,SCOTT DIZMANG,9,2028,A,3.64 pts,1,,25,,#N/A
15,12/10/24,2,S1,HFL114 / 12,FAMILY HEALTH,MICHAEL ISOTALO,9,2028,C,2.33 pts,1.86,,25,,#N/A
15,12/10/24,2,S1,HFL114 / 12,FAMILY HEALTH,THOMAS KESSINGER,9,2028,C,2.33 pts,1.86,,25,,#N/A
15,12/10/24,3,S1,SCI503 / 33,PHYSICAL SCIENCE A,WILLIAM BAUR,9,2028,D,1.66 pts,1.86,,25,,#N/A
15,12/10/24,4,S1,VOC300 / 14,SMALL ENGINE REPAIR I,DONALD O'BRIEN,9,2028,C,2.47 pts,1.86,,25,,#N/A
15,12/10/24,5,S1,MAT520 / 15,ALGEBRA I A,KEVIN REILLY,9,2028,C,2.32 pts,2,,25,,#N/A
15,12/10/24,6,S1,ENG501 / 16,FR ENGLISH/A,DAVID HOLLINGSWORTH,9,2028,F,1.17 pts,2,,25,,Yes
15,12/10/24,1,S1,SCI503 / 11,PHYSICAL SCIENCE A,JAMES BENNETT,11,2026,F,0.10 pts,23.29,,26,,#N/A
15,12/10/24,2,S1,VOC705 / 12,DIGITAL PHOTOGRAPHY I,ROSANNA RUFF,11,2026,D,1.79 pts,18.29,,26,,#N/A
15,12/10/24,3,S1,ONT400 / 13,ON-TRACK/A,BRIAN ANDERSON,11,2026,B,2.91 pts,8.57,,26,,#N/A
15,12/10/24,4,S1,SOC701 / 14,US HISTORY/A,DAVE HAJEK,11,2026,F,1.07 pts,15.86,,26,,Yes
15,12/10/24,5,S1,BUS301 / 15,PERSONAL FINANCE A,NICOLE SIMEK,11,2026,F,1.00 pts,11.71,,26,,#N/A
15,12/10/24,6,S1,ENG701 / 16,JUNIOR ENG/A,JOHN CARVER,11,2026,D,1.75 pts,17.71,,26,,#N/A
15,12/10/24,1,S1,ASL505 / 11,AMER SIGN III/A,TAMI GRANT,11,2026,B+,3.20 pts,2.43,,29,,#N/A
15,12/10/24,2,S1,SCI503 / 32,PHYSICAL SCIENCE A,WILLIAM BAUR,11,2026,B,3.03 pts,1.71,,29,,#N/A
15,12/10/24,3,S1,ENG719 / 13,AP LANGUAGE/COMPOSITION A,HEATHER CARVER,11,2026,B-,2.71 pts,2.57,,29,,#N/A
15,12/10/24,4,S1,MAT701 / 14,ALGEBRA II A,JENNIFER REILLY,11,2026,B,3.13 pts,3.71,,29,,#N/A
15,12/10/24,5,S1,CTE501 / 15,PROJECT IN LEADERSHIP/A,KYLA RITCHEY,11,2026,A,3.92 pts,1.71,,29,,#N/A
15,12/10/24,6,S1,SOC701 / 16,US HISTORY/A,SCOTT BOOTHBY,11,2026,D,1.66 pts,3.43,Melanie,29,Active,Yes
15,12/10/24,1,S1,PED500 / 11,WEIGHT TRAINING,SCOTT BOOTHBY,12,2025,C,2.24 pts,7.71,,27,,#N/A
15,12/10/24,2,S1,BUS301 / 12,PERSONAL FINANCE A,NICOLE SIMEK,12,2025,F,1.01 pts,7.29,,27,,Yes
15,12/10/24,3,S1,ONT400 / 13,ON-TRACK/A,BRIAN ANDERSON,12,2025,A,4.00 pts,6.86,,27,,#N/A
15,12/10/24,4,S1,SOC802 / 14,CIVICS,JIM REED,12,2025,F,0.60 pts,9.29,,27,,#N/A
15,12/10/24,5,S1,CTE100 / 15,MEDICAL CAREERS & TERMS A,DONNA SCHATZ,12,2025,F,0.30 pts,9,,27,,#N/A
15,12/10/24,6,S1,ENG801 / 16,SENIOR ENG/A,HEATHER CARVER,12,2025,F,1.59 pts,8.86,,27,,#N/A
15,12/10/24,1,S1,ENG601 / 11,SOPH ENG/A,MARCEE SALAS,10,2027,C,2.42 pts,3.29,,28,,#N/A
15,12/10/24,2,S1,SCI601 / 32,BIOLOGY A,DONNA SCHATZ,10,2027,D,1.65 pts,3.43,,28,,#N/A
15,12/10/24,3,S1,ASL501 / 13,AMERICAN SIGN LANGUAGE I/A,KYLA RITCHEY,10,2027,A,4.00 pts,4.43,,28,,#N/A
15,12/10/24,4,S1,MAT522 / 14,GEOMETRY A,ROCHELLE AITON,10,2027,F,1.27 pts,3.86,,28,,Yes
15,12/10/24,4,S1,MAT522 / 14,GEOMETRY A,NINETTE LILIENTHAL,10,2027,F,1.27 pts,3.86,,28,,Yes
15,12/10/24,5,S1,CTE222 / 15,MUSIC PROD IA,DAVID DUARTE,10,2027,F,0.10 pts,4.43,,28,,#N/A
15,12/10/24,6,S1,SOC108 / 16,WORLD HISTORY/A,RYAN ISAACSON,10,2027,F,0.55 pts,4.57,,28,,#N/A
15,12/10/24,1,S1,PED513 / 11,TEAM GAMES,SCOTT DIZMANG,12,2025,B-,2.81 pts,6.14,,30,,#N/A
15,12/10/24,2,S1,ASL503 / 12,AMERICAN SIGN LANGUAGE II/A,TAMI GRANT,12,2025,A-,3.55 pts,4.71,,30,,#N/A
15,12/10/24,3,S1,BUS301 / 13,PERSONAL FINANCE A,NICOLE SIMEK,12,2025,B,3.06 pts,3.71,,30,,Yes
15,12/10/24,4,S1,SOC802 / 14,CIVICS,JIM REED,12,2025,B+,3.25 pts,4.43,,30,,#N/A
15,12/10/24,5,S1,VOC106 / 15,METAL MANUFACTURING & TECH I,DONALD O'BRIEN,12,2025,B,3.19 pts,5.29,,30,,#N/A
15,12/10/24,6,S1,ENG801 / 16,SENIOR ENG/A,HEATHER CARVER,12,2025,B,2.98 pts,5.14,,30,,#N/A
15,12/10/24,1,S1,PED513 / 11,TEAM GAMES,SCOTT DIZMANG,11,2026,B,3.17 pts,27.74,,31,,#N/A
15,12/10/24,2,S1,MAT520 / 12,ALGEBRA I A,KEVIN REILLY,11,2026,C,2.23 pts,23.97,,31,,#N/A
15,12/10/24,3,S1,ELE403 / 13,LANGUAGE SUPPORT/A,HAYLEY ALVARADO,11,2026,,,7,,31,,Yes
15,12/10/24,4,S1,FAR108 / 14,CERAMICS I,ROBERT YEE,11,2026,A-,3.58 pts,18.03,,31,,#N/A
15,12/10/24,5,S1,NCR105 / 15,EARLY DISMISSAL,MARK CASTLE,11,2026,,,0,,31,,#N/A
15,12/10/24,6,S1,NCR105 / 16,EARLY DISMISSAL,MARK CASTLE,11,2026,,,0,,31,,#N/A
15,12/10/24,1,S1,FAR108 / 11,CERAMICS I,ROBERT YEE,10,2027,B+,3.37 pts,2.29,,32,,#N/A
15,12/10/24,2,S1,SOC108 / 12,WORLD HISTORY/A,DAVID HOLLINGSWORTH,10,2027,C-,2.02 pts,2.71,,32,,#N/A
15,12/10/24,3,S1,SCI601 / 33,BIOLOGY A,DONNA SCHATZ,10,2027,C+,2.52 pts,2.86,,32,,#N/A
15,12/10/24,4,S1,MAT522 / 14,GEOMETRY A,ROCHELLE AITON,10,2027,C,2.22 pts,4.29,,32,,Yes
15,12/10/24,4,S1,MAT522 / 14,GEOMETRY A,NINETTE LILIENTHAL,10,2027,C,2.22 pts,4.29,,32,,Yes
15,12/10/24,5,S1,ASL503 / 15,AMERICAN SIGN LANGUAGE II/A,TAMI GRANT,10,2027,B-,2.75 pts,4.43,,32,,#N/A
15,12/10/24,6,S1,ENG601 / 16,SOPH ENG/A,MARCEE SALAS,10,2027,C,2.25 pts,4.43,,32,,#N/A
15,12/10/24,1,S1,VOC705 / 11,DIGITAL PHOTOGRAPHY I,ROSANNA RUFF,10,2027,D+,1.94 pts,1.57,,33,,#N/A
15,12/10/24,2,S1,MAT522 / 12,GEOMETRY A,ROCHELLE AITON,10,2027,F,1.56 pts,0.71,,33,,Yes
15,12/10/24,2,S1,MAT522 / 12,GEOMETRY A,NINETTE LILIENTHAL,10,2027,F,1.56 pts,0.71,,33,,Yes
15,12/10/24,3,S1,ASL501 / 13,AMERICAN SIGN LANGUAGE I/A,KYLA RITCHEY,10,2027,F,1.09 pts,0.57,,33,,#N/A
15,12/10/24,4,S1,SOC108 / 14,WORLD HISTORY/A,DAVID HOLLINGSWORTH,10,2027,F,1.54 pts,0,,33,,#N/A
15,12/10/24,5,S1,ENG601 / 15,SOPH ENG/A,MARCEE SALAS,10,2027,F,1.64 pts,0,,33,,Yes
15,12/10/24,6,S1,SCI601 / 36,BIOLOGY A,WILLIAM BAUR,10,2027,C-,2.06 pts,0,,33,,Yes
15,12/10/24,1,S1,VOC106 / 11,METAL MANUFACTURING & TECH I,DONALD O'BRIEN,10,2027,C+,2.64 pts,3,,34,,#N/A
15,12/10/24,2,S1,ENG601 / 12,SOPH ENG/A,KELLY GREGERSEN,10,2027,F,0.68 pts,2.14,Cindy,34,Active,Yes
15,12/10/24,3,S1,SCI601 / 13,BIOLOGY A,GRANT MERRILL,10,2027,F,0.22 pts,3.14,,34,,Yes
15,12/10/24,4,S1,MAT522 / 14,GEOMETRY A,ROCHELLE AITON,10,2027,F,1.60 pts,2.43,John L,34,Active,Yes
15,12/10/24,4,S1,MAT522 / 14,GEOMETRY A,NINETTE LILIENTHAL,10,2027,F,1.60 pts,2.43,John L,34,Active,Yes
15,12/10/24,5,S1,VOC503 / 15,FINE ARTS WOODS II,BRENT MANSELL,10,2027,C,2.49 pts,2.14,,34,,#N/A
15,12/10/24,6,S1,SOC108 / 16,WORLD HISTORY/A,RYAN ISAACSON,10,2027,C-,2.02 pts,2.43,,34,,#N/A
15,12/10/24,1,S1,ENG801 / 11,SENIOR ENG/A,HEATHER CARVER,12,2025,C,2.27 pts,3,,35,,#N/A
15,12/10/24,2,S1,SCI609 / 12,CHEMISTRY/A,GRANT MERRILL,12,2025,F,0.95 pts,3.57,,35,,Yes
15,12/10/24,3,S1,SOC802 / 13,CIVICS,JIM REED,12,2025,C-,2.02 pts,3.71,,35,,#N/A
15,12/10/24,4,S1,HFL115 / 14,ADVANCED PASTRY ARTS I,KAYLA PAYNE,12,2025,A-,3.46 pts,3.57,,35,,#N/A
15,12/10/24,5,S1,ONT400 / 15,ON-TRACK/A,ROBERT YEE,12,2025,B-,2.88 pts,4.57,,35,,#N/A
15,12/10/24,6,S1,FAR111 / 16,CERAMICS IV,ROBERT YEE,12,2025,F,1.50 pts,4.43,,35,,#N/A
15,12/10/24,1,S1,CTE114 / 11,ENGINEERING A,JASON BLAESING,11,2026,D,1.69 pts,7.14,,36,,#N/A
15,12/10/24,2,S1,MAT701 / 12,ALGEBRA II A,JASON BLAESING,11,2026,F,1.19 pts,7,,36,,Yes
15,12/10/24,3,S1,PED500 / 13,WEIGHT TRAINING,SCOTT BOOTHBY,11,2026,B+,3.39 pts,7.14,,36,,#N/A
15,12/10/24,4,S1,ENG701 / 14,JUNIOR ENG/A,JOHN CARVER,11,2026,F,1.57 pts,7.14,,36,,#N/A
15,12/10/24,5,S1,SOC701 / 15,US HISTORY/A,DAVE HAJEK,11,2026,F,1.62 pts,7,,36,,#N/A
15,12/10/24,6,S1,FAR542 / 16,WIND ENSEMB/A,DAVID DUARTE,11,2026,A,4.00 pts,7,,36,,#N/A
15,12/10/24,1,S1,VOC502 / 11,FINE ARTS WOODWORKING I,BRENT MANSELL,11,2026,B,3.03 pts,5.86,,37,,#N/A
15,12/10/24,2,S1,SCI503 / 12,PHYSICAL SCIENCE A,JAMES BENNETT,11,2026,C,2.26 pts,5.86,,37,,#N/A
15,12/10/24,3,S1,ONT400 / 13,ON-TRACK/A,BRIAN ANDERSON,11,2026,A,4.00 pts,6,,37,,#N/A
15,12/10/24,4,S1,ENG715 / 14,FILM AS LITERATURE,KELLY GREGERSEN,11,2026,C,2.24 pts,5.86,,37,,#N/A
15,12/10/24,5,S1,BUS301 / 15,PERSONAL FINANCE A,NICOLE SIMEK,11,2026,F,1.48 pts,5.86,,37,,#N/A
15,12/10/24,6,S1,SOC701 / 16,US HISTORY/A,SCOTT BOOTHBY,11,2026,D+,1.97 pts,6,,37,,Yes
15,12/10/24,1,S1,VOC502 / 11,FINE ARTS WOODWORKING I,BRENT MANSELL,10,2027,A,4.00 pts,9.14,,38,,#N/A
15,12/10/24,2,S1,SCI601 / 32,BIOLOGY A,DONNA SCHATZ,10,2027,C,2.20 pts,9.71,,38,,#N/A
15,12/10/24,3,S1,MAT522 / 13,GEOMETRY A,ROCHELLE AITON,10,2027,F,1.44 pts,9.14,,38,,Yes
15,12/10/24,3,S1,MAT522 / 13,GEOMETRY A,NINETTE LILIENTHAL,10,2027,F,1.44 pts,9.14,,38,,Yes
15,12/10/24,4,S1,PED500 / 14,WEIGHT TRAINING,SCOTT DIZMANG,10,2027,A,3.71 pts,9.29,,38,,#N/A
15,12/10/24,5,S1,ENG601 / 15,SOPH ENG/A,MARCEE SALAS,10,2027,C-,2.01 pts,9.57,,38,,Yes
15,12/10/24,6,S1,SOC108 / 36,WORLD HISTORY/A,DAVE HAJEK,10,2027,D,1.66 pts,8.57,,38,,#N/A
15,12/10/24,1,S1,VOC106 / 11,METAL MANUFACTURING & TECH I,DONALD O'BRIEN,10,2027,B,3.19 pts,1.57,,39,,#N/A
15,12/10/24,2,S1,SOC108 / 12,WORLD HISTORY/A,DAVID HOLLINGSWORTH,10,2027,C,2.35 pts,1.43,,39,,#N/A
15,12/10/24,3,S1,MAT522 / 13,GEOMETRY A,ROCHELLE AITON,10,2027,C-,2.00 pts,1.57,,39,,Yes
15,12/10/24,3,S1,MAT522 / 13,GEOMETRY A,NINETTE LILIENTHAL,10,2027,C-,2.00 pts,1.57,,39,,Yes
15,12/10/24,4,S1,PED500 / 14,WEIGHT TRAINING,SCOTT DIZMANG,10,2027,A,3.61 pts,1,,39,,#N/A
15,12/10/24,5,S1,ENG601 / 15,SOPH ENG/A,MARCEE SALAS,10,2027,F,1.47 pts,1.29,,39,,Yes
15,12/10/24,6,S1,SCI601 / 36,BIOLOGY A,WILLIAM BAUR,10,2027,D,1.78 pts,1,,39,,Yes
15,12/10/24,1,S1,ENG701 / 11,JUNIOR ENG/A,JOHN CARVER,11,2026,C+,2.60 pts,5,,40,,#N/A
15,12/10/24,2,S1,MAT701 / 12,ALGEBRA II A,JASON BLAESING,11,2026,F,1.48 pts,4.86,,40,,Yes
15,12/10/24,3,S1,PED500 / 13,WEIGHT TRAINING,SCOTT BOOTHBY,11,2026,A,3.81 pts,4.86,,40,,#N/A
15,12/10/24,4,S1,SCI503 / 34,PHYSICAL SCIENCE A,WILLIAM BAUR,11,2026,C,2.21 pts,5.86,,40,,#N/A
15,12/10/24,5,S1,SPA601 / 15,SPANISH II A,ROCHELLE AITON,11,2026,F,1.60 pts,5.86,,40,,#N/A
15,12/10/24,6,S1,SOC701 / 16,US HISTORY/A,SCOTT BOOTHBY,11,2026,B-,2.84 pts,6,,40,,Yes
15,12/10/24,1,S1,SOC701 / 11,US HISTORY/A,DAVE HAJEK,11,2026,C-,2.05 pts,3,,47,,#N/A
15,12/10/24,2,S1,SCI609 / 12,CHEMISTRY/A,GRANT MERRILL,11,2026,F,1.42 pts,2.71,,47,,Yes
15,12/10/24,3,S1,ASL503 / 13,AMERICAN SIGN LANGUAGE II/A,TAMI GRANT,11,2026,B-,2.85 pts,2,,47,,#N/A
15,12/10/24,4,S1,PED500 / 14,WEIGHT TRAINING,SCOTT DIZMANG,11,2026,A,4.00 pts,2,,47,,#N/A
15,12/10/24,5,S1,MAT701 / 35,ALGEBRA II A,JENNIFER REILLY,11,2026,B+,3.39 pts,2,,47,,#N/A
15,12/10/24,6,S1,ENG701 / 16,JUNIOR ENG/A,JOHN CARVER,11,2026,B+,3.24 pts,2,,47,,#N/A
15,12/10/24,1,S1,ENG701 / 11,JUNIOR ENG/A,JOHN CARVER,11,2026,B-,2.74 pts,3.14,,41,,#N/A
15,12/10/24,2,S1,HFL116 / 12,BAKING PASTRY ARTS I,KAYLA PAYNE,11,2026,C-,2.17 pts,2.14,,41,,#N/A
15,12/10/24,3,S1,SCI503 / 33,PHYSICAL SCIENCE A,WILLIAM BAUR,11,2026,C,2.47 pts,1,,41,,#N/A
15,12/10/24,4,S1,SOC701 / 14,US HISTORY/A,DAVE HAJEK,11,2026,D+,1.96 pts,2.57,,41,,Yes
15,12/10/24,5,S1,ASL503 / 15,AMERICAN SIGN LANGUAGE II/A,TAMI GRANT,11,2026,A-,3.50 pts,2,,41,,#N/A
15,12/10/24,6,S1,MAT701 / 16,ALGEBRA II A,JASON BLAESING,11,2026,C,2.28 pts,2.14,Larry,41,Active,Yes
15,12/10/24,1,S1,FAR606 / 11,ADVANCED ACTING/ A,KELLY GREGERSEN,12,2025,A,3.81 pts,2.14,,42,,#N/A
15,12/10/24,2,S1,SCI609 / 12,CHEMISTRY/A,GRANT MERRILL,12,2025,F,0.77 pts,1.43,,42,,Yes
15,12/10/24,3,S1,ENG801 / 13,SENIOR ENG/A,JOHN CARVER,12,2025,B-,2.74 pts,3.29,,42,,#N/A
15,12/10/24,4,S1,HFL118 / 14,ADV CULINARY ARTS A,ALEXANDRA YOST,12,2025,B,2.99 pts,3.14,,42,,#N/A
15,12/10/24,5,S1,BUS301 / 15,PERSONAL FINANCE A,NICOLE SIMEK,12,2025,C-,2.01 pts,2.57,,42,,#N/A
15,12/10/24,6,S1,FAR542 / 16,WIND ENSEMB/A,DAVID DUARTE,12,2025,A,3.99 pts,2.57,,42,,#N/A
15,12/10/24,1,S1,ENG701 / 11,JUNIOR ENG/A,JOHN CARVER,11,2026,D+,1.86 pts,21.86,,43,,#N/A
15,12/10/24,2,S1,SCI503 / 12,PHYSICAL SCIENCE A,JAMES BENNETT,11,2026,C+,2.66 pts,20.29,,43,,#N/A
15,12/10/24,3,S1,ASL503 / 13,AMERICAN SIGN LANGUAGE II/A,TAMI GRANT,11,2026,C-,2.11 pts,16.43,,43,,#N/A
15,12/10/24,4,S1,SOC701 / 14,US HISTORY/A,DAVE HAJEK,11,2026,F,1.64 pts,21,,43,,Yes
15,12/10/24,5,S1,SOC105 / 15,AP PSYCHOLOGY A,JIM REED,11,2026,F,1.08 pts,16.71,,43,,#N/A
15,12/10/24,6,S1,MAT701 / 16,ALGEBRA II A,JASON BLAESING,11,2026,F,1.56 pts,20.14,,43,,Yes
15,12/10/24,1,S1,MAT522 / 11,GEOMETRY A,ROCHELLE AITON,10,2027,F,1.59 pts,15.71,,44,,Yes
15,12/10/24,1,S1,MAT522 / 11,GEOMETRY A,NINETTE LILIENTHAL,10,2027,F,1.59 pts,15.71,,44,,Yes
15,12/10/24,2,S1,HFL116 / 12,BAKING PASTRY ARTS I,KAYLA PAYNE,10,2027,C-,2.11 pts,11.43,,44,,#N/A
15,12/10/24,3,S1,SCI601 / 33,BIOLOGY A,DONNA SCHATZ,10,2027,F,0.40 pts,12.43,,44,,#N/A
15,12/10/24,4,S1,PED500 / 14,WEIGHT TRAINING,SCOTT DIZMANG,10,2027,B-,2.73 pts,17.71,,44,,#N/A
15,12/10/24,5,S1,ENG601 / 15,SOPH ENG/A,MARCEE SALAS,10,2027,D+,1.84 pts,17,,44,,Yes
15,12/10/24,6,S1,SOC108 / 16,WORLD HISTORY/A,RYAN ISAACSON,10,2027,F,0.96 pts,18.43,,44,,#N/A
15,12/10/24,1,S1,VOC705 / 11,DIGITAL PHOTOGRAPHY I,ROSANNA RUFF,11,2026,A-,3.52 pts,3.43,,45,,#N/A
15,12/10/24,2,S1,SCI609 / 12,CHEMISTRY/A,GRANT MERRILL,11,2026,D+,1.97 pts,3.29,,45,,Yes
15,12/10/24,3,S1,ENG719 / 13,AP LANGUAGE/COMPOSITION A,HEATHER CARVER,11,2026,B+,3.29 pts,2.86,,45,,#N/A
15,12/10/24,4,S1,PED500 / 14,WEIGHT TRAINING,SCOTT DIZMANG,11,2026,A,3.71 pts,2.86,,45,,#N/A
15,12/10/24,5,S1,SOC703 / 15,AP US HISTORY A,RYAN ISAACSON,11,2026,A,4.00 pts,2.86,,45,,#N/A
15,12/10/24,6,S1,MAT701 / 16,ALGEBRA II A,JASON BLAESING,11,2026,C+,2.60 pts,3,,45,,Yes
15,12/10/24,6,S1,ENG501 / 16,FR ENGLISH/A,DAVID HOLLINGSWORTH,9,2028,C-,2.07 pts,3.14,,196,,Yes
15,12/10/24,4,S1,MAT522 / 14,GEOMETRY A,ROCHELLE AITON,9,2028,B,3.17 pts,1.86,,434,,Yes
15,12/10/24,4,S1,MAT522 / 14,GEOMETRY A,NINETTE LILIENTHAL,9,2028,B,3.17 pts,1.86,,434,,Yes
15,12/10/24,1,S1,MAT522 / 11,GEOMETRY A,ROCHELLE AITON,10,2027,B-,2.81 pts,17.14,,383,,Yes
15,12/10/24,1,S1,MAT522 / 11,GEOMETRY A,NINETTE LILIENTHAL,10,2027,B-,2.81 pts,17.14,,383,,Yes
15,12/10/24,3,S1,SCI601 / 13,BIOLOGY A,GRANT MERRILL,10,2027,B,2.90 pts,17.86,,383,,Yes
15,12/10/24,5,S1,ENG601 / 15,SOPH ENG/A,MARCEE SALAS,10,2027,C+,2.54 pts,18.43,,383,,Yes
15,12/10/24,2,S1,BUS301 / 12,PERSONAL FINANCE A,NICOLE SIMEK,12,2025,A,3.95 pts,9,,104,,Yes
15,12/10/24,4,S1,SCI601 / 14,BIOLOGY A,GRANT MERRILL,10,2027,F,1.02 pts,5.14,,374,,Yes
15,12/10/24,5,S1,ENG601 / 15,SOPH ENG/A,MARCEE SALAS,10,2027,F,1.64 pts,5,,374,,Yes
15,12/10/24,6,S1,MAT701 / 16,ALGEBRA II A,JASON BLAESING,11,2026,B+,3.31 pts,1,,119,,Yes
15,12/10/24,3,S1,BUS301 / 13,PERSONAL FINANCE A,NICOLE SIMEK,11,2026,F,0.86 pts,3,,435,,Yes
15,12/10/24,3,S1,BUS301 / 13,PERSONAL FINANCE A,NICOLE SIMEK,12,2025,C-,2.16 pts,2,,345,,Yes
15,12/10/24,6,S1,MAT701 / 16,ALGEBRA II A,JASON BLAESING,11,2026,A-,3.42 pts,6.71,,316,,Yes
15,12/10/24,6,S1,MAT701 / 16,ALGEBRA II A,JASON BLAESING,11,2026,A-,3.59 pts,6.5,,313,,Yes
15,12/10/24,6,S1,MAT701 / 16,ALGEBRA II A,JASON BLAESING,11,2026,A-,3.59 pts,4.86,,307,,Yes
15,12/10/24,4,S1,SOC701 / 14,US HISTORY/A,DAVE HAJEK,11,2026,A,3.83 pts,1,,223,,Yes
15,12/10/24,5,S1,ENG701 / 15,JUNIOR ENG/A,JOHN CARVER,11,2026,A,3.88 pts,1,,223,,Yes
15,12/10/24,3,S1,BUS301 / 13,PERSONAL FINANCE A,NICOLE SIMEK,12,2025,C-,2.08 pts,3.71,,365,,Yes
15,12/10/24,1,S1,MAT522 / 11,GEOMETRY A,ROCHELLE AITON,9,2028,C+,2.69 pts,8.86,,79,,Yes
15,12/10/24,1,S1,MAT522 / 11,GEOMETRY A,NINETTE LILIENTHAL,9,2028,C+,2.69 pts,8.86,,79,,Yes
15,12/10/24,2,S1,ENG601 / 12,SOPH ENG/A,KELLY GREGERSEN,10,2027,C,2.26 pts,9.57,,52,,Yes
15,12/10/24,4,S1,MAT522 / 14,GEOMETRY A,ROCHELLE AITON,10,2027,C,2.24 pts,8.57,,52,,Yes
15,12/10/24,4,S1,MAT522 / 14,GEOMETRY A,NINETTE LILIENTHAL,10,2027,C,2.24 pts,8.57,,52,,Yes
15,12/10/24,3,S1,MAT701 / 13,ALGEBRA II A,JENNIFER REILLY,11,2026,F,1.24 pts,38.43,,164,,Yes
15,12/10/24,2,S1,MAT701 / 12,ALGEBRA II A,JASON BLAESING,11,2026,F,1.57 pts,24.29,,121,,Yes
15,12/10/24,3,S1,MAT701 / 13,ALGEBRA II A,JENNIFER REILLY,11,2026,A,3.73 pts,2,,288,,Yes
15,12/10/24,6,S1,SOC701 / 16,US HISTORY/A,SCOTT BOOTHBY,11,2026,A-,3.58 pts,2,,288,,Yes
15,12/10/24,6,S1,ENG501 / 16,FR ENGLISH/A,DAVID HOLLINGSWORTH,9,2028,C+,2.52 pts,13.14,,212,,Yes
15,12/10/24,2,S1,BUS301 / 12,PERSONAL FINANCE A,NICOLE SIMEK,12,2025,D+,1.82 pts,5,,156,,Yes
15,12/10/24,4,S1,SCI601 / 14,BIOLOGY A,GRANT MERRILL,10,2027,F,1.14 pts,17.81,,120,,Yes
15,12/10/24,5,S1,ENG601 / 15,SOPH ENG/A,MARCEE SALAS,10,2027,F,1.60 pts,15.64,,120,,Yes
15,12/10/24,1,S1,MAT704 / 11,PRE-CALC A MAT 153,BRIAN ANDERSON,12,2025,A,3.85 pts,3,,265,,Yes
15,12/10/24,6,S1,MAT701 / 16,ALGEBRA II A,JASON BLAESING,11,2026,C-,2.19 pts,7.71,,361,,Yes
15,12/10/24,3,S1,MAT522 / 13,GEOMETRY A,ROCHELLE AITON,10,2027,F,0.00 pts,29.86,,160,,Yes
15,12/10/24,3,S1,MAT522 / 13,GEOMETRY A,NINETTE LILIENTHAL,10,2027,F,0.00 pts,29.86,,160,,Yes
15,12/10/24,1,S1,MAT522 / 11,GEOMETRY A,ROCHELLE AITON,10,2027,B,3.00 pts,7.29,,386,,Yes
15,12/10/24,1,S1,MAT522 / 11,GEOMETRY A,NINETTE LILIENTHAL,10,2027,B,3.00 pts,7.29,,386,,Yes
15,12/10/24,3,S1,SCI601 / 13,BIOLOGY A,GRANT MERRILL,10,2027,C,2.28 pts,5.43,,386,,Yes
15,12/10/24,3,S1,MAT522 / 13,GEOMETRY A,ROCHELLE AITON,10,2027,F,1.33 pts,18,,67,,Yes
15,12/10/24,3,S1,MAT522 / 13,GEOMETRY A,NINETTE LILIENTHAL,10,2027,F,1.33 pts,18,,67,,Yes
15,12/10/24,4,S1,SCI601 / 14,BIOLOGY A,GRANT MERRILL,10,2027,F,0.70 pts,18.14,,67,,Yes
15,12/10/24,4,S1,SOC701 / 14,US HISTORY/A,DAVE HAJEK,11,2026,F,0.96 pts,9.86,,451,,Yes
15,12/10/24,2,S1,SCI609 / 12,CHEMISTRY/A,GRANT MERRILL,11,2026,C+,2.63 pts,3.29,,297,,Yes
15,12/10/24,2,S1,BUS301 / 12,PERSONAL FINANCE A,NICOLE SIMEK,12,2025,C+,2.55 pts,23.43,,322,,Yes
15,12/10/24,2,S1,BUS301 / 12,PERSONAL FINANCE A,NICOLE SIMEK,12,2025,F,0.26 pts,34,,321,,Yes
15,12/10/24,2,S1,MAT522 / 12,GEOMETRY A,ROCHELLE AITON,10,2027,F,0.00 pts,10.71,,463,,Yes
15,12/10/24,2,S1,MAT522 / 12,GEOMETRY A,NINETTE LILIENTHAL,10,2027,F,0.00 pts,10.71,,463,,Yes
15,12/10/24,3,S1,BUS301 / 13,PERSONAL FINANCE A,NICOLE SIMEK,11,2026,F,0.60 pts,18.43,,276,,Yes
15,12/10/24,5,S1,ENG701 / 15,JUNIOR ENG/A,JOHN CARVER,11,2026,B,2.98 pts,15.29,,276,,Yes
15,12/10/24,3,S1,MAT701 / 13,ALGEBRA II A,JENNIFER REILLY,11,2026,F,0.42 pts,35.57,,81,,Yes
15,12/10/24,1,S1,MAT704 / 11,PRE-CALC A MAT 153,BRIAN ANDERSON,12,2025,F,1.44 pts,2,,51,,Yes
15,12/10/24,6,S1,ENG501 / 16,FR ENGLISH/A,DAVID HOLLINGSWORTH,9,2028,A,3.90 pts,1.14,,217,,Yes
15,12/10/24,3,S1,MAT701 / 13,ALGEBRA II A,JENNIFER REILLY,10,2027,B,3.10 pts,4.86,,353,,Yes
15,12/10/24,5,S1,ENG601 / 15,SOPH ENG/A,MARCEE SALAS,10,2027,B,3.14 pts,4.43,,353,,Yes
15,12/10/24,6,S1,SCI601 / 36,BIOLOGY A,WILLIAM BAUR,10,2027,A-,3.59 pts,4.71,,353,,Yes
15,12/10/24,6,S1,SCI601 / 16,BIOLOGY A,GRANT MERRILL,10,2027,B+,3.28 pts,0,,125,,Yes
15,12/10/24,3,S1,MAT701 / 13,ALGEBRA II A,JENNIFER REILLY,10,2027,A-,3.59 pts,0.86,,247,,Yes
15,12/10/24,6,S1,SOC701 / 16,US HISTORY/A,SCOTT BOOTHBY,11,2026,F,1.56 pts,27.14,,74,,Yes
15,12/10/24,6,S1,MAT701 / 16,ALGEBRA II A,JASON BLAESING,10,2027,A,3.70 pts,2,,384,,Yes
15,12/10/24,6,S1,ENG501 / 16,FR ENGLISH/A,DAVID HOLLINGSWORTH,9,2028,C-,2.05 pts,4.43,,346,,Yes
15,12/10/24,1,S1,MAT522 / 11,GEOMETRY A,ROCHELLE AITON,10,2027,F,0.45 pts,25.57,,407,,Yes
15,12/10/24,1,S1,MAT522 / 11,GEOMETRY A,NINETTE LILIENTHAL,10,2027,F,0.45 pts,25.57,,407,,Yes
15,12/10/24,2,S1,ENG601 / 12,SOPH ENG/A,KELLY GREGERSEN,10,2027,F,0.19 pts,25.71,,407,,Yes
15,12/10/24,4,S1,SCI601 / 14,BIOLOGY A,GRANT MERRILL,10,2027,F,0.23 pts,27.57,,407,,Yes
15,12/10/24,5,S1,ENG601 / 15,SOPH ENG/A,MARCEE SALAS,10,2027,C,2.42 pts,4,,108,,Yes
15,12/10/24,2,S1,MAT522 / 12,GEOMETRY A,ROCHELLE AITON,10,2027,C-,2.06 pts,22,,272,,Yes
15,12/10/24,2,S1,MAT522 / 12,GEOMETRY A,NINETTE LILIENTHAL,10,2027,C-,2.06 pts,22,,272,,Yes
15,12/10/24,4,S1,SOC701 / 14,US HISTORY/A,DAVE HAJEK,11,2026,F,0.89 pts,7,,449,,Yes
15,12/10/24,5,S1,ENG601 / 15,SOPH ENG/A,MARCEE SALAS,10,2027,C+,2.57 pts,0.29,,330,,Yes
15,12/10/24,6,S1,SCI601 / 36,BIOLOGY A,WILLIAM BAUR,10,2027,B-,2.71 pts,0,,330,,Yes
15,12/10/24,1,S1,MAT522 / 11,GEOMETRY A,ROCHELLE AITON,10,2027,B-,2.70 pts,0.14,,162,,Yes
15,12/10/24,1,S1,MAT522 / 11,GEOMETRY A,NINETTE LILIENTHAL,10,2027,B-,2.70 pts,0.14,,162,,Yes
15,12/10/24,2,S1,ENG601 / 12,SOPH ENG/A,KELLY GREGERSEN,10,2027,B,3.10 pts,0.14,,162,,Yes
15,12/10/24,6,S1,SCI601 / 36,BIOLOGY A,WILLIAM BAUR,10,2027,A-,3.44 pts,0.14,,162,,Yes
15,12/10/24,5,S1,ENG601 / 15,SOPH ENG/A,MARCEE SALAS,10,2027,C+,2.57 pts,5.43,,371,,Yes
15,12/10/24,2,S1,BUS301 / 12,PERSONAL FINANCE A,NICOLE SIMEK,12,2025,C+,2.60 pts,6,,195,,Yes
15,12/10/24,2,S1,ENG601 / 12,SOPH ENG/A,KELLY GREGERSEN,10,2027,B,2.90 pts,3.14,,347,,Yes
15,12/10/24,4,S1,SCI601 / 14,BIOLOGY A,GRANT MERRILL,10,2027,B,2.90 pts,3,,347,,Yes
15,12/10/24,3,S1,MAT522 / 13,GEOMETRY A,ROCHELLE AITON,9,2028,C-,2.17 pts,4.71,,211,,Yes
15,12/10/24,3,S1,MAT522 / 13,GEOMETRY A,NINETTE LILIENTHAL,9,2028,C-,2.17 pts,4.71,,211,,Yes
15,12/10/24,2,S1,MAT522 / 12,GEOMETRY A,ROCHELLE AITON,11,2026,F,1.23 pts,18.71,,343,,Yes
15,12/10/24,2,S1,MAT522 / 12,GEOMETRY A,NINETTE LILIENTHAL,11,2026,F,1.23 pts,18.71,,343,,Yes
15,12/10/24,4,S1,SOC701 / 14,US HISTORY/A,DAVE HAJEK,11,2026,F,1.00 pts,14.86,,343,,Yes
15,12/10/24,5,S1,MAT522 / 15,GEOMETRY A,BRIAN ANDERSON,10,2027,B-,2.81 pts,1.71,,165,,Yes
15,12/10/24,6,S1,SCI601 / 36,BIOLOGY A,WILLIAM BAUR,10,2027,A-,3.52 pts,1.71,,165,,Yes
15,12/10/24,6,S1,SCI601 / 36,BIOLOGY A,WILLIAM BAUR,10,2027,A-,3.56 pts,5.57,,462,,Yes
15,12/10/24,2,S1,BUS301 / 12,PERSONAL FINANCE A,NICOLE SIMEK,12,2025,B,2.98 pts,4.86,,415,,Yes
15,12/10/24,4,S1,SCI601 / 14,BIOLOGY A,GRANT MERRILL,10,2027,A,3.60 pts,5.43,,432,,Yes
15,12/10/24,3,S1,MAT522 / 13,GEOMETRY A,ROCHELLE AITON,10,2027,A,3.77 pts,1,,204,,Yes
15,12/10/24,3,S1,MAT522 / 13,GEOMETRY A,NINETTE LILIENTHAL,10,2027,A,3.77 pts,1,,204,,Yes
15,12/10/24,5,S1,ENG601 / 15,SOPH ENG/A,MARCEE SALAS,10,2027,C,2.46 pts,1,,204,,Yes
15,12/10/24,6,S1,SCI601 / 16,BIOLOGY A,GRANT MERRILL,10,2027,B+,3.27 pts,1,,204,,Yes
15,12/10/24,6,S1,ENG501 / 16,FR ENGLISH/A,DAVID HOLLINGSWORTH,9,2028,A,4.00 pts,0.29,,62,,Yes
15,12/10/24,5,S1,MAT522 / 15,GEOMETRY A,BRIAN ANDERSON,9,2028,B-,2.73 pts,1,,154,,Yes
15,12/10/24,3,S1,SCI601 / 13,BIOLOGY A,GRANT MERRILL,10,2027,B,3.19 pts,1.14,,155,,Yes
15,12/10/24,4,S1,MAT522 / 14,GEOMETRY A,ROCHELLE AITON,10,2027,B,3.16 pts,0.86,,155,,Yes
15,12/10/24,4,S1,MAT522 / 14,GEOMETRY A,NINETTE LILIENTHAL,10,2027,B,3.16 pts,0.86,,155,,Yes
15,12/10/24,6,S1,MAT701 / 16,ALGEBRA II A,JASON BLAESING,11,2026,A-,3.45 pts,4.5,,278,,Yes
15,12/10/24,2,S1,MAT522 / 12,GEOMETRY A,ROCHELLE AITON,10,2027,C+,2.59 pts,6,,215,,Yes
15,12/10/24,2,S1,MAT522 / 12,GEOMETRY A,NINETTE LILIENTHAL,10,2027,C+,2.59 pts,6,,215,,Yes
15,12/10/24,6,S1,SCI601 / 16,BIOLOGY A,GRANT MERRILL,10,2027,B-,2.89 pts,7.86,,215,,Yes
15,12/10/24,6,S1,SCI601 / 36,BIOLOGY A,WILLIAM BAUR,10,2027,A,3.70 pts,2.57,,337,,Yes
15,12/10/24,4,S1,SOC701 / 14,US HISTORY/A,DAVE HAJEK,11,2026,A-,3.45 pts,1.33,,336,,Yes
15,12/10/24,5,S1,ENG701 / 15,JUNIOR ENG/A,JOHN CARVER,11,2026,A,3.98 pts,1,,336,,Yes
15,12/10/24,6,S1,MAT701 / 16,ALGEBRA II A,JASON BLAESING,11,2026,A,3.85 pts,1,,336,,Yes
15,12/10/24,6,S1,SOC701 / 16,US HISTORY/A,SCOTT BOOTHBY,11,2026,A-,3.50 pts,7.71,,210,,Yes
15,12/10/24,4,S1,MAT522 / 14,GEOMETRY A,ROCHELLE AITON,10,2027,A,3.62 pts,3.43,,444,,Yes
15,12/10/24,4,S1,MAT522 / 14,GEOMETRY A,NINETTE LILIENTHAL,10,2027,A,3.62 pts,3.43,,444,,Yes
15,12/10/24,4,S1,SCI601 / 14,BIOLOGY A,GRANT MERRILL,10,2027,D,1.69 pts,7.14,,448,,Yes
15,12/10/24,5,S1,MAT522 / 15,GEOMETRY A,BRIAN ANDERSON,10,2027,F,0.60 pts,6.57,,194,,Yes
15,12/10/24,4,S1,SOC701 / 14,US HISTORY/A,DAVE HAJEK,11,2026,C+,2.69 pts,2,,298,,Yes
15,12/10/24,5,S1,ENG701 / 15,JUNIOR ENG/A,JOHN CARVER,11,2026,A,3.66 pts,2.14,,298,,Yes
15,12/10/24,6,S1,ENG501 / 16,FR ENGLISH/A,DAVID HOLLINGSWORTH,9,2028,A,3.76 pts,0.57,,181,,Yes
15,12/10/24,2,S1,MAT522 / 12,GEOMETRY A,ROCHELLE AITON,10,2027,A-,3.44 pts,0,,206,,Yes
15,12/10/24,2,S1,MAT522 / 12,GEOMETRY A,NINETTE LILIENTHAL,10,2027,A-,3.44 pts,0,,206,,Yes
15,12/10/24,6,S1,SCI601 / 36,BIOLOGY A,WILLIAM BAUR,10,2027,C+,2.56 pts,0.29,,206,,Yes
15,12/10/24,2,S1,ENG601 / 12,SOPH ENG/A,KELLY GREGERSEN,10,2027,B+,3.24 pts,8.29,,418,,Yes
15,12/10/24,6,S1,SCI601 / 16,BIOLOGY A,GRANT MERRILL,10,2027,B+,3.21 pts,7.57,,418,,Yes
15,12/10/24,1,S1,MAT522 / 11,GEOMETRY A,ROCHELLE AITON,10,2027,F,1.33 pts,10.86,,116,,Yes
15,12/10/24,1,S1,MAT522 / 11,GEOMETRY A,NINETTE LILIENTHAL,10,2027,F,1.33 pts,10.86,,116,,Yes
15,12/10/24,2,S1,ENG601 / 12,SOPH ENG/A,KELLY GREGERSEN,10,2027,F,1.09 pts,11,,116,,Yes
15,12/10/24,3,S1,BUS301 / 13,PERSONAL FINANCE A,NICOLE SIMEK,11,2026,F,0.90 pts,2.14,,209,,Yes
15,12/10/24,2,S1,MAT701 / 12,ALGEBRA II A,JASON BLAESING,11,2026,A-,3.41 pts,4.71,,222,,Yes
15,12/10/24,5,S1,ENG701 / 15,JUNIOR ENG/A,JOHN CARVER,11,2026,A,3.74 pts,4.71,,222,,Yes
15,12/10/24,3,S1,SCI601 / 13,BIOLOGY A,GRANT MERRILL,10,2027,D,1.66 pts,10.86,,391,,Yes
15,12/10/24,3,S1,MAT522 / 13,GEOMETRY A,ROCHELLE AITON,10,2027,A,3.67 pts,3.71,,264,,Yes
15,12/10/24,3,S1,MAT522 / 13,GEOMETRY A,NINETTE LILIENTHAL,10,2027,A,3.67 pts,3.71,,264,,Yes
15,12/10/24,3,S1,MAT701 / 13,ALGEBRA II A,JENNIFER REILLY,11,2026,C-,2.00 pts,18,,177,,Yes
15,12/10/24,5,S1,ENG701 / 15,JUNIOR ENG/A,JOHN CARVER,11,2026,D,1.73 pts,17.86,,177,,Yes
15,12/10/24,6,S1,SOC701 / 16,US HISTORY/A,SCOTT BOOTHBY,11,2026,F,1.57 pts,18.86,,177,,Yes
15,12/10/24,3,S1,BUS301 / 13,PERSONAL FINANCE A,NICOLE SIMEK,11,2026,F,0.40 pts,32,,300,,Yes
15,12/10/24,5,S1,ENG701 / 15,JUNIOR ENG/A,JOHN CARVER,11,2026,F,1.29 pts,23.57,,300,,Yes
15,12/10/24,2,S1,MAT701 / 12,ALGEBRA II A,JASON BLAESING,11,2026,A-,3.42 pts,0.29,,56,,Yes
15,12/10/24,5,S1,ENG701 / 15,JUNIOR ENG/A,JOHN CARVER,11,2026,C+,2.62 pts,0.71,,56,,Yes
15,12/10/24,4,S1,SCI601 / 14,BIOLOGY A,GRANT MERRILL,10,2027,C,2.35 pts,4.57,,198,,Yes
15,12/10/24,5,S1,MAT522 / 15,GEOMETRY A,BRIAN ANDERSON,10,2027,C+,2.50 pts,4,,198,,Yes
15,12/10/24,2,S1,SCI609 / 12,CHEMISTRY/A,GRANT MERRILL,11,2026,D,1.75 pts,3,,150,,Yes
15,12/10/24,1,S1,MAT522 / 11,GEOMETRY A,ROCHELLE AITON,10,2027,F,0.95 pts,1.71,,94,,Yes
15,12/10/24,1,S1,MAT522 / 11,GEOMETRY A,NINETTE LILIENTHAL,10,2027,F,0.95 pts,1.71,,94,,Yes
15,12/10/24,2,S1,ENG601 / 12,SOPH ENG/A,KELLY GREGERSEN,10,2027,F,0.05 pts,1.71,,94,,Yes
15,12/10/24,6,S1,SCI601 / 36,BIOLOGY A,WILLIAM BAUR,10,2027,A,4.00 pts,0.14,,133,,Yes
15,12/10/24,3,S1,MAT522 / 13,GEOMETRY A,ROCHELLE AITON,9,2028,B,2.91 pts,4.71,,76,,Yes
15,12/10/24,3,S1,MAT522 / 13,GEOMETRY A,NINETTE LILIENTHAL,9,2028,B,2.91 pts,4.71,,76,,Yes
15,12/10/24,3,S1,MAT701 / 13,ALGEBRA II A,JENNIFER REILLY,12,2025,A-,3.57 pts,0,,149,,Yes
15,12/10/24,4,S1,SCI601 / 14,BIOLOGY A,GRANT MERRILL,12,2025,B,3.16 pts,10.71,,426,,Yes
15,12/10/24,5,S1,ENG601 / 15,SOPH ENG/A,MARCEE SALAS,10,2027,C+,2.67 pts,5.14,,403,,Yes
15,12/10/24,2,S1,MAT701 / 12,ALGEBRA II A,JASON BLAESING,11,2026,C+,2.54 pts,7.14,,78,,Yes
15,12/10/24,1,S1,MAT522 / 11,GEOMETRY A,ROCHELLE AITON,10,2027,F,0.95 pts,4.43,,122,,Yes
15,12/10/24,1,S1,MAT522 / 11,GEOMETRY A,NINETTE LILIENTHAL,10,2027,F,0.95 pts,4.43,,122,,Yes
15,12/10/24,2,S1,ENG601 / 12,SOPH ENG/A,KELLY GREGERSEN,10,2027,F,0.93 pts,4.29,,122,,Yes
15,12/10/24,2,S1,MAT701 / 12,ALGEBRA II A,JASON BLAESING,11,2026,A,3.72 pts,6.5,,124,,Yes
15,12/10/24,2,S1,SCI609 / 12,CHEMISTRY/A,GRANT MERRILL,11,2026,A-,3.58 pts,0.29,,315,,Yes
15,12/10/24,6,S1,MAT701 / 16,ALGEBRA II A,JASON BLAESING,11,2026,B+,3.27 pts,2.57,,314,,Yes
15,12/10/24,2,S1,BUS301 / 12,PERSONAL FINANCE A,NICOLE SIMEK,11,2026,B+,3.29 pts,0,,327,,Yes
15,12/10/24,5,S1,ENG701 / 15,JUNIOR ENG/A,JOHN CARVER,11,2026,A,3.68 pts,0,,327,,Yes
15,12/10/24,6,S1,SOC701 / 16,US HISTORY/A,SCOTT BOOTHBY,11,2026,A-,3.51 pts,0.14,,327,,Yes
15,12/10/24,6,S1,ENG501 / 16,FR ENGLISH/A,DAVID HOLLINGSWORTH,9,2028,D+,1.98 pts,7.86,,289,,Yes
15,12/10/24,2,S1,BUS301 / 12,PERSONAL FINANCE A,NICOLE SIMEK,12,2025,C-,2.01 pts,9.29,,385,,Yes
15,12/10/24,5,S1,ENG701 / 15,JUNIOR ENG/A,JOHN CARVER,12,2025,A-,3.56 pts,8.57,,385,,Yes
15,12/10/24,1,S1,MAT522 / 11,GEOMETRY A,ROCHELLE AITON,9,2028,B,2.97 pts,6.14,,69,,Yes
15,12/10/24,1,S1,MAT522 / 11,GEOMETRY A,NINETTE LILIENTHAL,9,2028,B,2.97 pts,6.14,,69,,Yes
15,12/10/24,4,S1,SOC701 / 14,US HISTORY/A,DAVE HAJEK,11,2026,C+,2.57 pts,7.57,,439,,Yes
15,12/10/24,6,S1,ENG501 / 16,FR ENGLISH/A,DAVID HOLLINGSWORTH,9,2028,D,1.65 pts,22.43,,410,,Yes
15,12/10/24,2,S1,MAT522 / 12,GEOMETRY A,ROCHELLE AITON,10,2027,C,2.25 pts,5.57,,146,,Yes
15,12/10/24,2,S1,MAT522 / 12,GEOMETRY A,NINETTE LILIENTHAL,10,2027,C,2.25 pts,5.57,,146,,Yes
15,12/10/24,6,S1,SCI601 / 16,BIOLOGY A,GRANT MERRILL,10,2027,C+,2.67 pts,6.71,,146,,Yes
15,12/10/24,2,S1,MAT522 / 12,GEOMETRY A,ROCHELLE AITON,9,2028,A,3.79 pts,1,,231,,Yes
15,12/10/24,2,S1,MAT522 / 12,GEOMETRY A,NINETTE LILIENTHAL,9,2028,A,3.79 pts,1,,231,,Yes
15,12/10/24,2,S1,MAT701 / 12,ALGEBRA II A,JASON BLAESING,11,2026,C,2.29 pts,1.71,,152,,Yes
15,12/10/24,4,S1,MAT522 / 14,GEOMETRY A,ROCHELLE AITON,10,2027,B-,2.83 pts,0,,202,,Yes
15,12/10/24,4,S1,MAT522 / 14,GEOMETRY A,NINETTE LILIENTHAL,10,2027,B-,2.83 pts,0,,202,,Yes
15,12/10/24,6,S1,SCI601 / 16,BIOLOGY A,GRANT MERRILL,10,2027,B,2.96 pts,0,,202,,Yes
15,12/10/24,6,S1,MAT701 / 16,ALGEBRA II A,JASON BLAESING,11,2026,D+,1.88 pts,3.86,,379,,Yes
15,12/10/24,1,S1,MAT522 / 11,GEOMETRY A,ROCHELLE AITON,10,2027,B-,2.70 pts,3,,335,,Yes
15,12/10/24,1,S1,MAT522 / 11,GEOMETRY A,NINETTE LILIENTHAL,10,2027,B-,2.70 pts,3,,335,,Yes
15,12/10/24,6,S1,SCI601 / 16,BIOLOGY A,GRANT MERRILL,10,2027,C-,2.02 pts,1,,375,,Yes
15,12/10/24,6,S1,SOC701 / 16,US HISTORY/A,SCOTT BOOTHBY,11,2026,C+,2.68 pts,1,,376,,Yes
15,12/10/24,1,S1,MAT522 / 11,GEOMETRY A,ROCHELLE AITON,10,2027,D,1.76 pts,1.43,,399,,Yes
15,12/10/24,1,S1,MAT522 / 11,GEOMETRY A,NINETTE LILIENTHAL,10,2027,D,1.76 pts,1.43,,399,,Yes
15,12/10/24,2,S1,ENG601 / 12,SOPH ENG/A,KELLY GREGERSEN,10,2027,B-,2.81 pts,1.43,,399,,Yes
15,12/10/24,6,S1,SCI601 / 16,BIOLOGY A,GRANT MERRILL,10,2027,D+,1.89 pts,1.43,,399,,Yes
15,12/10/24,4,S1,SCI601 / 14,BIOLOGY A,GRANT MERRILL,10,2027,B,3.01 pts,0.71,,441,,Yes
15,12/10/24,6,S1,SCI601 / 36,BIOLOGY A,WILLIAM BAUR,10,2027,B,3.02 pts,0.86,,174,,Yes
15,12/10/24,5,S1,MAT522 / 15,GEOMETRY A,BRIAN ANDERSON,10,2027,F,1.06 pts,13.43,,63,,Yes
15,12/10/24,3,S1,BUS301 / 13,PERSONAL FINANCE A,NICOLE SIMEK,12,2025,A,4.00 pts,9.86,,413,,Yes
15,12/10/24,6,S1,ENG501 / 16,FR ENGLISH/A,DAVID HOLLINGSWORTH,9,2028,D+,1.92 pts,3.43,,245,,Yes
15,12/10/24,3,S1,MAT701 / 13,ALGEBRA II A,JENNIFER REILLY,11,2026,B,3.18 pts,3.71,,172,,Yes
15,12/10/24,3,S1,MAT522 / 13,GEOMETRY A,ROCHELLE AITON,9,2028,B-,2.89 pts,4.71,,358,,Yes
15,12/10/24,3,S1,MAT522 / 13,GEOMETRY A,NINETTE LILIENTHAL,9,2028,B-,2.89 pts,4.71,,358,,Yes
15,12/10/24,6,S1,ENG501 / 16,FR ENGLISH/A,DAVID HOLLINGSWORTH,9,2028,A,3.88 pts,0,,189,,Yes
15,12/10/24,5,S1,MAT522 / 15,GEOMETRY A,BRIAN ANDERSON,9,2028,B,3.03 pts,0,,420,,Yes
15,12/10/24,4,S1,SCI601 / 14,BIOLOGY A,GRANT MERRILL,10,2027,F,0.48 pts,19.29,,456,,Yes
15,12/10/24,5,S1,MAT522 / 15,GEOMETRY A,BRIAN ANDERSON,10,2027,C,2.33 pts,2,,163,,Yes
15,12/10/24,6,S1,ENG501 / 16,FR ENGLISH/A,DAVID HOLLINGSWORTH,9,2028,B,3.07 pts,5.43,,366,,Yes
15,12/10/24,6,S1,ENG501 / 16,FR ENGLISH/A,DAVID HOLLINGSWORTH,9,2028,B-,2.88 pts,28.57,,129,,Yes
15,12/10/24,6,S1,SCI601 / 36,BIOLOGY A,WILLIAM BAUR,10,2027,,,14.71,,467,,Yes
15,12/10/24,2,S1,MAT522 / 12,GEOMETRY A,ROCHELLE AITON,10,2027,B,3.09 pts,15.43,,220,,Yes
15,12/10/24,2,S1,MAT522 / 12,GEOMETRY A,NINETTE LILIENTHAL,10,2027,B,3.09 pts,15.43,,220,,Yes
15,12/10/24,3,S1,SCI601 / 13,BIOLOGY A,GRANT MERRILL,10,2027,B-,2.86 pts,15.57,,220,,Yes
15,12/10/24,3,S1,BUS301 / 13,PERSONAL FINANCE A,NICOLE SIMEK,12,2025,A,4.00 pts,0.14,,326,,Yes
15,12/10/24,5,S1,ENG701 / 15,JUNIOR ENG/A,JOHN CARVER,11,2026,A-,3.44 pts,3.33,,148,,Yes
15,12/10/24,6,S1,MAT701 / 16,ALGEBRA II A,JASON BLAESING,11,2026,B+,3.31 pts,3,,148,,Yes
15,12/10/24,1,S1,MAT704 / 11,PRE-CALC A MAT 153,BRIAN ANDERSON,11,2026,C-,2.16 pts,2.29,,350,,Yes
15,12/10/24,2,S1,SCI609 / 12,CHEMISTRY/A,GRANT MERRILL,11,2026,C+,2.59 pts,2.43,,350,,Yes
15,12/10/24,4,S1,SOC701 / 14,US HISTORY/A,DAVE HAJEK,11,2026,B,2.92 pts,2.71,,350,,Yes
15,12/10/24,5,S1,ENG701 / 15,JUNIOR ENG/A,JOHN CARVER,11,2026,B,3.03 pts,2.71,,350,,Yes
15,12/10/24,2,S1,MAT701 / 12,ALGEBRA II A,JASON BLAESING,10,2027,A,3.86 pts,2.57,,398,,Yes
15,12/10/24,3,S1,SCI601 / 13,BIOLOGY A,GRANT MERRILL,10,2027,B,2.94 pts,2.43,,398,,Yes
15,12/10/24,4,S1,SOC701 / 14,US HISTORY/A,DAVE HAJEK,11,2026,F,1.45 pts,6.29,,286,,Yes
15,12/10/24,6,S1,ENG501 / 16,FR ENGLISH/A,DAVID HOLLINGSWORTH,9,2028,B-,2.74 pts,6.14,,461,,Yes
15,12/10/24,5,S1,ENG701 / 15,JUNIOR ENG/A,JOHN CARVER,11,2026,F,1.00 pts,10.86,,466,,Yes
15,12/10/24,5,S1,ENG701 / 15,JUNIOR ENG/A,JOHN CARVER,11,2026,F,1.00 pts,13.57,,465,,Yes
16,12/17/24,3,S1,BUS301 / 13,PERSONAL FINANCE A,NICOLE SIMEK,12,2025,A,3.80 pts,0,,200,,Yes
16,12/17/24,3,S1,BUS301 / 13,PERSONAL FINANCE A,NICOLE SIMEK,12,2025,C+,2.53 pts,6.29,,394,,Yes
16,12/17/24,2,S1,BUS301 / 12,PERSONAL FINANCE A,NICOLE SIMEK,12,2025,B+,3.32 pts,5.57,,93,,Yes
16,12/17/24,2,S1,BUS301 / 12,PERSONAL FINANCE A,NICOLE SIMEK,12,2025,C-,2.17 pts,9.57,,299,,Yes
16,12/17/24,1,S1,MAT522 / 11,GEOMETRY A,ROCHELLE AITON,10,2027,C+,2.65 pts,0.43,,179,,Yes
16,12/17/24,1,S1,MAT522 / 11,GEOMETRY A,NINETTE LILIENTHAL,10,2027,C+,2.65 pts,0.43,,179,,Yes
16,12/17/24,3,S1,MAT701 / 13,ALGEBRA II A,JENNIFER REILLY,11,2026,B+,3.21 pts,7.57,,271,,Yes
16,12/17/24,6,S1,SOC701 / 16,US HISTORY/A,SCOTT BOOTHBY,11,2026,F,1.57 pts,7.29,,271,,Yes
16,12/17/24,1,S1,MAT704 / 11,PRE-CALC A MAT 153,BRIAN ANDERSON,11,2026,A-,3.49 pts,5.14,,101,,Yes
16,12/17/24,2,S1,SCI609 / 12,CHEMISTRY/A,GRANT MERRILL,11,2026,A,3.80 pts,5.14,,101,,Yes
16,12/17/24,4,S1,SOC701 / 14,US HISTORY/A,DAVE HAJEK,11,2026,A,3.64 pts,3.86,,101,,Yes
16,12/17/24,3,S1,MAT522 / 13,GEOMETRY A,ROCHELLE AITON,9,2028,A,3.77 pts,0,,192,,Yes
16,12/17/24,3,S1,MAT522 / 13,GEOMETRY A,NINETTE LILIENTHAL,9,2028,A,3.77 pts,0,,192,,Yes
16,12/17/24,2,S1,ENG601 / 12,SOPH ENG/A,KELLY GREGERSEN,10,2027,B,3.07 pts,0,,392,,Yes
16,12/17/24,6,S1,MAT701 / 16,ALGEBRA II A,JASON BLAESING,12,2025,C+,2.52 pts,5.57,,49,,Yes
16,12/17/24,2,S1,BUS301 / 12,PERSONAL FINANCE A,NICOLE SIMEK,12,2025,A,3.99 pts,4.86,,176,,Yes
16,12/17/24,2,S1,BUS301 / 12,PERSONAL FINANCE A,NICOLE SIMEK,12,2025,D+,1.87 pts,33,,227,,Yes
16,12/17/24,2,S1,BUS301 / 12,PERSONAL FINANCE A,NICOLE SIMEK,12,2025,B-,2.72 pts,29.43,,381,,Yes
16,12/17/24,2,S1,BUS301 / 12,PERSONAL FINANCE A,NICOLE SIMEK,12,2025,A-,3.44 pts,4.29,,233,,Yes
16,12/17/24,3,S1,BUS301 / 13,PERSONAL FINANCE A,NICOLE SIMEK,12,2025,B+,3.28 pts,8.57,,280,,Yes
16,12/17/24,3,S1,BUS301 / 13,PERSONAL FINANCE A,NICOLE SIMEK,12,2025,A,3.81 pts,2.86,,341,,Yes
16,12/17/24,2,S1,BUS301 / 12,PERSONAL FINANCE A,NICOLE SIMEK,12,2025,C,2.36 pts,19.57,,201,,Yes
16,12/17/24,2,S1,BUS301 / 12,PERSONAL FINANCE A,NICOLE SIMEK,12,2025,F,1.40 pts,10,,362,,Yes
16,12/17/24,2,S1,BUS301 / 12,PERSONAL FINANCE A,NICOLE SIMEK,12,2025,A,3.93 pts,4,,259,,Yes
16,12/17/24,2,S1,SCI609 / 12,CHEMISTRY/A,GRANT MERRILL,12,2025,B-,2.82 pts,16,,423,,Yes
16,12/17/24,3,S1,BUS301 / 13,PERSONAL FINANCE A,NICOLE SIMEK,12,2025,D+,1.81 pts,3.43,,305,,Yes
16,12/17/24,6,S1,SCI601 / 36,BIOLOGY A,WILLIAM BAUR,12,2025,C+,2.64 pts,1.86,,188,,Yes
16,12/17/24,1,S1,MAT704 / 11,PRE-CALC A MAT 153,BRIAN ANDERSON,12,2025,D+,1.94 pts,7,,323,,Yes
16,12/17/24,3,S1,BUS301 / 13,PERSONAL FINANCE A,NICOLE SIMEK,12,2025,A-,3.58 pts,6.29,,323,,Yes
16,12/17/24,2,S1,BUS301 / 12,PERSONAL FINANCE A,NICOLE SIMEK,12,2025,F,1.42 pts,16.43,,216,,Yes
16,12/17/24,3,S1,BUS301 / 13,PERSONAL FINANCE A,NICOLE SIMEK,12,2025,B,2.98 pts,3.31,,408,,Yes
16,12/17/24,3,S1,BUS301 / 13,PERSONAL FINANCE A,NICOLE SIMEK,12,2025,A,3.87 pts,0.57,,90,,Yes
16,12/17/24,2,S1,SCI609 / 12,CHEMISTRY/A,GRANT MERRILL,12,2025,B,3.05 pts,6,,82,,Yes
16,12/17/24,3,S1,BUS301 / 13,PERSONAL FINANCE A,NICOLE SIMEK,11,2026,F,1.36 pts,1.86,,253,,Yes
16,12/17/24,3,S1,MAT701 / 13,ALGEBRA II A,JENNIFER REILLY,11,2026,B-,2.81 pts,0,,115,,Yes
16,12/17/24,4,S1,SOC701 / 14,US HISTORY/A,DAVE HAJEK,11,2026,F,1.17 pts,13.86,,254,,Yes
16,12/17/24,5,S1,ENG701 / 15,JUNIOR ENG/A,JOHN CARVER,11,2026,C-,2.08 pts,13.29,,254,,Yes
16,12/17/24,2,S1,BUS301 / 12,PERSONAL FINANCE A,NICOLE SIMEK,12,2025,B-,2.87 pts,2,,61,,Yes
16,12/17/24,3,S1,BUS301 / 13,PERSONAL FINANCE A,NICOLE SIMEK,12,2025,C+,2.60 pts,6.71,,332,,Yes
16,12/17/24,2,S1,SCI609 / 12,CHEMISTRY/A,GRANT MERRILL,12,2025,F,1.06 pts,37.14,,354,,Yes
16,12/17/24,3,S1,BUS301 / 13,PERSONAL FINANCE A,NICOLE SIMEK,12,2025,F,1.55 pts,5.43,,105,,Yes
16,12/17/24,4,S1,MAT522 / 14,GEOMETRY A,ROCHELLE AITON,10,2027,C-,2.04 pts,5.29,,425,,Yes
16,12/17/24,4,S1,MAT522 / 14,GEOMETRY A,NINETTE LILIENTHAL,10,2027,C-,2.04 pts,5.29,,425,,Yes
16,12/17/24,6,S1,MAT701 / 16,ALGEBRA II A,JASON BLAESING,10,2027,A,3.88 pts,0.14,,54,,Yes
16,12/17/24,2,S1,MAT522 / 12,GEOMETRY A,ROCHELLE AITON,10,2027,F,1.61 pts,1,,338,,Yes
16,12/17/24,2,S1,MAT522 / 12,GEOMETRY A,NINETTE LILIENTHAL,10,2027,F,1.61 pts,1,,338,,Yes
16,12/17/24,5,S1,ENG601 / 15,SOPH ENG/A,MARCEE SALAS,10,2027,C+,2.51 pts,1,,338,,Yes
16,12/17/24,3,S1,SCI601 / 13,BIOLOGY A,GRANT MERRILL,10,2027,F,1.54 pts,41.86,,92,,Yes
16,12/17/24,3,S1,MAT522 / 13,GEOMETRY A,ROCHELLE AITON,9,2028,A-,3.56 pts,0.86,,363,,Yes
16,12/17/24,3,S1,MAT522 / 13,GEOMETRY A,NINETTE LILIENTHAL,9,2028,A-,3.56 pts,0.86,,363,,Yes
16,12/17/24,6,S1,ENG501 / 16,FR ENGLISH/A,DAVID HOLLINGSWORTH,9,2028,C-,2.11 pts,2,,229,,Yes
16,12/17/24,4,S1,MAT522 / 14,GEOMETRY A,ROCHELLE AITON,10,2027,F,1.24 pts,1.57,,424,,Yes
16,12/17/24,4,S1,MAT522 / 14,GEOMETRY A,NINETTE LILIENTHAL,10,2027,F,1.24 pts,1.57,,424,,Yes
16,12/17/24,2,S1,MAT701 / 12,ALGEBRA II A,JASON BLAESING,11,2026,C-,2.06 pts,0,,107,,Yes
16,12/17/24,1,S1,MAT704 / 11,PRE-CALC A MAT 153,BRIAN ANDERSON,11,2026,C+,2.65 pts,2,,114,,Yes
16,12/17/24,2,S1,SCI609 / 12,CHEMISTRY/A,GRANT MERRILL,11,2026,B,2.94 pts,1.29,,114,,Yes
16,12/17/24,2,S1,ENG601 / 12,SOPH ENG/A,KELLY GREGERSEN,10,2027,C-,2.00 pts,11,,117,,Yes
16,12/17/24,4,S1,MAT522 / 14,GEOMETRY A,ROCHELLE AITON,10,2027,F,0.90 pts,10.86,,117,,Yes
16,12/17/24,4,S1,MAT522 / 14,GEOMETRY A,NINETTE LILIENTHAL,10,2027,F,0.90 pts,10.86,,117,,Yes
16,12/17/24,6,S1,SCI601 / 16,BIOLOGY A,GRANT MERRILL,10,2027,D,1.68 pts,11,,117,,Yes
16,12/17/24,3,S1,MAT522 / 13,GEOMETRY A,ROCHELLE AITON,10,2027,B,3.19 pts,7.43,,118,,Yes
16,12/17/24,3,S1,MAT522 / 13,GEOMETRY A,NINETTE LILIENTHAL,10,2027,B,3.19 pts,7.43,,118,,Yes
16,12/17/24,5,S1,MAT522 / 15,GEOMETRY A,BRIAN ANDERSON,10,2027,D+,1.98 pts,8.29,,142,,Yes
16,12/17/24,6,S1,SCI601 / 16,BIOLOGY A,GRANT MERRILL,10,2027,C-,2.07 pts,8.71,,142,,Yes
16,12/17/24,2,S1,MAT522 / 12,GEOMETRY A,ROCHELLE AITON,10,2027,C+,2.64 pts,5.29,,168,,Yes
16,12/17/24,2,S1,MAT522 / 12,GEOMETRY A,NINETTE LILIENTHAL,10,2027,C+,2.64 pts,5.29,,168,,Yes
16,12/17/24,3,S1,MAT701 / 13,ALGEBRA II A,JENNIFER REILLY,11,2026,A,3.83 pts,2,,208,,Yes
16,12/17/24,5,S1,MAT522 / 15,GEOMETRY A,BRIAN ANDERSON,10,2027,C+,2.52 pts,1.43,,244,,Yes
16,12/17/24,2,S1,ENG601 / 12,SOPH ENG/A,KELLY GREGERSEN,10,2027,A,3.75 pts,0.14,,324,,Yes
16,12/17/24,3,S1,MAT522 / 13,GEOMETRY A,ROCHELLE AITON,10,2027,C+,2.57 pts,0,,324,,Yes
16,12/17/24,3,S1,MAT522 / 13,GEOMETRY A,NINETTE LILIENTHAL,10,2027,C+,2.57 pts,0,,324,,Yes
16,12/17/24,4,S1,MAT522 / 14,GEOMETRY A,ROCHELLE AITON,10,2027,C,2.27 pts,2,,458,,Yes
16,12/17/24,4,S1,MAT522 / 14,GEOMETRY A,NINETTE LILIENTHAL,10,2027,C,2.27 pts,2,,458,,Yes
16,12/17/24,5,S1,ENG701 / 15,JUNIOR ENG/A,JOHN CARVER,11,2026,D,1.78 pts,8.43,,131,,Yes
16,12/17/24,1,S1,MAT522 / 11,GEOMETRY A,ROCHELLE AITON,10,2027,F,0.85 pts,12.86,,248,,Yes
16,12/17/24,1,S1,MAT522 / 11,GEOMETRY A,NINETTE LILIENTHAL,10,2027,F,0.85 pts,12.86,,248,,Yes
16,12/17/24,5,S1,ENG601 / 15,SOPH ENG/A,MARCEE SALAS,10,2027,B,2.92 pts,2,,373,,Yes
16,12/17/24,6,S1,SCI601 / 36,BIOLOGY A,WILLIAM BAUR,10,2027,A,3.66 pts,2,,373,,Yes
16,12/17/24,2,S1,MAT701 / 12,ALGEBRA II A,JASON BLAESING,11,2026,A,3.87 pts,1,,320,,Yes
16,12/17/24,6,S1,SOC701 / 16,US HISTORY/A,SCOTT BOOTHBY,11,2026,B,2.96 pts,3.71,,320,,Yes
16,12/17/24,3,S1,MAT701 / 13,ALGEBRA II A,JENNIFER REILLY,11,2026,C+,2.66 pts,4.57,,128,,Yes
16,12/17/24,6,S1,MAT701 / 16,ALGEBRA II A,JASON BLAESING,11,2026,A,3.64 pts,10.67,,161,,Yes
16,12/17/24,3,S1,MAT701 / 13,ALGEBRA II A,JENNIFER REILLY,11,2026,A,3.86 pts,9.67,,191,,Yes
16,12/17/24,6,S1,SOC701 / 16,US HISTORY/A,SCOTT BOOTHBY,11,2026,A,3.69 pts,7.33,,224,,Yes
16,12/17/24,5,S1,ENG701 / 15,JUNIOR ENG/A,JOHN CARVER,11,2026,C+,2.60 pts,7.57,,255,,Yes
16,12/17/24,6,S1,SOC701 / 16,US HISTORY/A,SCOTT BOOTHBY,11,2026,D+,1.85 pts,8.71,,255,,Yes
16,12/17/24,2,S1,MAT701 / 12,ALGEBRA II A,JASON BLAESING,11,2026,B-,2.74 pts,5,,260,,Yes
16,12/17/24,5,S1,ENG701 / 15,JUNIOR ENG/A,JOHN CARVER,11,2026,A,3.85 pts,5.14,,260,,Yes
16,12/17/24,5,S1,ENG701 / 15,JUNIOR ENG/A,JOHN CARVER,11,2026,D+,1.80 pts,9,,396,,Yes
16,12/17/24,1,S1,MAT704 / 11,PRE-CALC A MAT 153,BRIAN ANDERSON,11,2026,B+,3.39 pts,2,,400,,Yes
16,12/17/24,2,S1,ENG601 / 12,SOPH ENG/A,KELLY GREGERSEN,10,2027,D,1.70 pts,19.14,,416,,Yes
16,12/17/24,3,S1,MAT522 / 13,GEOMETRY A,ROCHELLE AITON,10,2027,C-,2.07 pts,19.86,,416,,Yes
16,12/17/24,3,S1,MAT522 / 13,GEOMETRY A,NINETTE LILIENTHAL,10,2027,C-,2.07 pts,19.86,,416,,Yes
16,12/17/24,1,S1,MAT522 / 11,GEOMETRY A,ROCHELLE AITON,10,2027,C,2.28 pts,4.71,,318,,Yes
16,12/17/24,1,S1,MAT522 / 11,GEOMETRY A,NINETTE LILIENTHAL,10,2027,C,2.28 pts,4.71,,318,,Yes
16,12/17/24,3,S1,SCI601 / 13,BIOLOGY A,GRANT MERRILL,10,2027,D,1.71 pts,6.57,,318,,Yes
16,12/17/24,3,S1,BUS301 / 13,PERSONAL FINANCE A,NICOLE SIMEK,11,2026,B+,3.36 pts,5,,230,,Yes
16,12/17/24,4,S1,SOC701 / 14,US HISTORY/A,DAVE HAJEK,11,2026,B,3.07 pts,5,,230,,Yes
16,12/17/24,5,S1,ENG701 / 15,JUNIOR ENG/A,JOHN CARVER,11,2026,A,3.90 pts,5,,230,,Yes
16,12/17/24,4,S1,SCI601 / 14,BIOLOGY A,GRANT MERRILL,10,2027,C+,2.54 pts,5.57,,429,,Yes
16,12/17/24,2,S1,BUS301 / 12,PERSONAL FINANCE A,NICOLE SIMEK,12,2025,C,2.35 pts,20,,331,,Yes
16,12/17/24,2,S1,ENG601 / 12,SOPH ENG/A,KELLY GREGERSEN,10,2027,A,3.79 pts,0,,102,,Yes
16,12/17/24,3,S1,MAT522 / 13,GEOMETRY A,ROCHELLE AITON,10,2027,B+,3.21 pts,0,,102,,Yes
16,12/17/24,3,S1,MAT522 / 13,GEOMETRY A,NINETTE LILIENTHAL,10,2027,B+,3.21 pts,0,,102,,Yes
16,12/17/24,6,S1,SOC701 / 16,US HISTORY/A,SCOTT BOOTHBY,11,2026,C,2.23 pts,13.86,,134,,Yes
16,12/17/24,6,S1,MAT701 / 16,ALGEBRA II A,JASON BLAESING,11,2026,B,3.18 pts,8,,112,,Yes
16,12/17/24,3,S1,MAT701 / 13,ALGEBRA II A,JENNIFER REILLY,11,2026,B,2.97 pts,15,,207,,Yes
16,12/17/24,2,S1,SCI609 / 12,CHEMISTRY/A,GRANT MERRILL,11,2026,C+,2.68 pts,4.71,,86,,Yes
16,12/17/24,6,S1,SOC701 / 16,US HISTORY/A,SCOTT BOOTHBY,11,2026,B-,2.78 pts,5.57,,86,,Yes
16,12/17/24,2,S1,MAT701 / 12,ALGEBRA II A,JASON BLAESING,11,2026,B-,2.80 pts,12.86,,145,,Yes
16,12/17/24,2,S1,SCI609 / 12,CHEMISTRY/A,GRANT MERRILL,11,2026,B,2.92 pts,12.14,,242,,Yes
16,12/17/24,3,S1,BUS301 / 13,PERSONAL FINANCE A,NICOLE SIMEK,11,2026,A,4.00 pts,11.71,,242,,Yes
16,12/17/24,1,S1,MAT704 / 11,PRE-CALC A MAT 153,BRIAN ANDERSON,11,2026,B,2.98 pts,0,,151,,Yes
16,12/17/24,2,S1,MAT701 / 12,ALGEBRA II A,JASON BLAESING,11,2026,F,0.00 pts,36.33,,180,,Yes
16,12/17/24,4,S1,SOC701 / 14,US HISTORY/A,DAVE HAJEK,11,2026,D,1.76 pts,12.43,,438,,Yes
16,12/17/24,6,S1,MAT701 / 16,ALGEBRA II A,JASON BLAESING,11,2026,A-,3.51 pts,3.14,,342,,Yes
16,12/17/24,6,S1,MAT701 / 16,ALGEBRA II A,JASON BLAESING,11,2026,B-,2.71 pts,6.93,,357,,Yes
16,12/17/24,3,S1,MAT701 / 13,ALGEBRA II A,JENNIFER REILLY,11,2026,C,2.22 pts,5.71,,339,,Yes
16,12/17/24,3,S1,MAT701 / 13,ALGEBRA II A,JENNIFER REILLY,11,2026,C+,2.63 pts,6.6,,380,,Yes
16,12/17/24,6,S1,SOC701 / 16,US HISTORY/A,SCOTT BOOTHBY,11,2026,B,3.11 pts,6.88,,380,,Yes
16,12/17/24,2,S1,SCI609 / 12,CHEMISTRY/A,GRANT MERRILL,11,2026,C,2.42 pts,9.71,,282,,Yes
16,12/17/24,3,S1,MAT701 / 13,ALGEBRA II A,JENNIFER REILLY,11,2026,B,3.13 pts,9.57,,282,,Yes
16,12/17/24,4,S1,SOC701 / 14,US HISTORY/A,DAVE HAJEK,11,2026,C,2.21 pts,13.14,,282,,Yes
16,12/17/24,5,S1,ENG701 / 15,JUNIOR ENG/A,JOHN CARVER,11,2026,B-,2.73 pts,13.14,,282,,Yes
16,12/17/24,2,S1,BUS301 / 12,PERSONAL FINANCE A,NICOLE SIMEK,11,2026,A,3.67 pts,9.43,,185,,Yes
16,12/17/24,4,S1,SOC701 / 14,US HISTORY/A,DAVE HAJEK,11,2026,B+,3.21 pts,9.29,,185,,Yes
16,12/17/24,3,S1,MAT701 / 13,ALGEBRA II A,JENNIFER REILLY,11,2026,B,3.16 pts,2.33,,103,,Yes
16,12/17/24,2,S1,MAT701 / 12,ALGEBRA II A,JASON BLAESING,11,2026,C-,2.18 pts,4.29,,85,,Yes
16,12/17/24,6,S1,SOC701 / 16,US HISTORY/A,SCOTT BOOTHBY,11,2026,A,3.63 pts,4.57,,85,,Yes
16,12/17/24,1,S1,MAT704 / 11,PRE-CALC A MAT 153,BRIAN ANDERSON,11,2026,B+,3.37 pts,3,,95,,Yes
16,12/17/24,6,S1,MAT701 / 16,ALGEBRA II A,JASON BLAESING,11,2026,B,2.90 pts,2.5,,50,,Yes
16,12/17/24,1,S1,MAT704 / 11,PRE-CALC A MAT 153,BRIAN ANDERSON,11,2026,C+,2.50 pts,3,,328,,Yes
16,12/17/24,6,S1,SOC701 / 16,US HISTORY/A,SCOTT BOOTHBY,11,2026,D+,1.99 pts,4.26,,275,,Yes
16,12/17/24,1,S1,MAT704 / 11,PRE-CALC A MAT 153,BRIAN ANDERSON,11,2026,A-,3.55 pts,0,,409,,Yes
16,12/17/24,5,S1,ENG701 / 15,JUNIOR ENG/A,JOHN CARVER,11,2026,A,4.00 pts,0,,409,,Yes
16,12/17/24,3,S1,MAT701 / 13,ALGEBRA II A,JENNIFER REILLY,11,2026,C+,2.66 pts,7.14,,412,,Yes
16,12/17/24,6,S1,SOC701 / 16,US HISTORY/A,SCOTT BOOTHBY,11,2026,A,3.93 pts,2,,68,,Yes
16,12/17/24,3,S1,BUS301 / 13,PERSONAL FINANCE A,NICOLE SIMEK,11,2026,C+,2.64 pts,5,,267,,Yes
16,12/17/24,6,S1,SOC701 / 16,US HISTORY/A,SCOTT BOOTHBY,11,2026,C-,2.01 pts,35,,147,,Yes
16,12/17/24,2,S1,BUS301 / 12,PERSONAL FINANCE A,NICOLE SIMEK,12,2025,F,0.87 pts,25.86,,73,,Yes
16,12/17/24,5,S1,ENG701 / 15,JUNIOR ENG/A,JOHN CARVER,11,2026,A-,3.44 pts,11.86,,218,,Yes
16,12/17/24,6,S1,SOC701 / 16,US HISTORY/A,SCOTT BOOTHBY,11,2026,C,2.48 pts,11.86,,218,,Yes
16,12/17/24,6,S1,MAT701 / 16,ALGEBRA II A,JASON BLAESING,11,2026,F,1.40 pts,14.14,,296,,Yes
16,12/17/24,2,S1,SCI609 / 12,CHEMISTRY/A,GRANT MERRILL,11,2026,A,3.78 pts,0,,100,,Yes
16,12/17/24,1,S1,MAT704 / 11,PRE-CALC A MAT 153,BRIAN ANDERSON,11,2026,C,2.28 pts,2.14,,138,,Yes
16,12/17/24,5,S1,ENG701 / 15,JUNIOR ENG/A,JOHN CARVER,11,2026,A-,3.46 pts,3.71,,138,,Yes
16,12/17/24,2,S1,SCI609 / 12,CHEMISTRY/A,GRANT MERRILL,11,2026,C,2.46 pts,0,,158,,Yes
16,12/17/24,5,S1,ENG701 / 15,JUNIOR ENG/A,JOHN CARVER,11,2026,A,3.85 pts,0.57,,158,,Yes
16,12/17/24,3,S1,MAT701 / 13,ALGEBRA II A,JENNIFER REILLY,11,2026,C,2.42 pts,4.14,,406,,Yes
16,12/17/24,2,S1,MAT701 / 12,ALGEBRA II A,JASON BLAESING,11,2026,B+,3.26 pts,4.43,,262,,Yes
16,12/17/24,6,S1,SOC701 / 16,US HISTORY/A,SCOTT BOOTHBY,11,2026,C-,2.19 pts,5,,262,,Yes
16,12/17/24,1,S1,MAT704 / 11,PRE-CALC A MAT 153,BRIAN ANDERSON,11,2026,B-,2.71 pts,5.5,,263,,Yes
16,12/17/24,2,S1,ENG601 / 12,SOPH ENG/A,KELLY GREGERSEN,10,2027,B+,3.30 pts,8.29,,77,,Yes
16,12/17/24,3,S1,SCI601 / 13,BIOLOGY A,GRANT MERRILL,10,2027,C+,2.58 pts,8.71,,77,,Yes
16,12/17/24,3,S1,SCI601 / 13,BIOLOGY A,GRANT MERRILL,10,2027,A-,3.40 pts,0.57,,126,,Yes
16,12/17/24,5,S1,MAT522 / 15,GEOMETRY A,BRIAN ANDERSON,10,2027,A-,3.50 pts,0.86,,126,,Yes
16,12/17/24,2,S1,ENG601 / 12,SOPH ENG/A,KELLY GREGERSEN,10,2027,C+,2.55 pts,9.29,,433,,Yes
16,12/17/24,4,S1,SCI601 / 14,BIOLOGY A,GRANT MERRILL,10,2027,F,0.35 pts,8.71,,433,,Yes
16,12/17/24,6,S1,ENG501 / 16,FR ENGLISH/A,DAVID HOLLINGSWORTH,9,2028,B,3.05 pts,2,,183,,Yes
16,12/17/24,2,S1,MAT522 / 12,GEOMETRY A,ROCHELLE AITON,10,2027,C+,2.69 pts,7.86,,205,,Yes
16,12/17/24,2,S1,MAT522 / 12,GEOMETRY A,NINETTE LILIENTHAL,10,2027,C+,2.69 pts,7.86,,205,,Yes
16,12/17/24,3,S1,SCI601 / 13,BIOLOGY A,GRANT MERRILL,10,2027,B,3.14 pts,0,,226,,Yes
16,12/17/24,6,S1,MAT701 / 16,ALGEBRA II A,JASON BLAESING,10,2027,A,3.75 pts,1,,226,,Yes
16,12/17/24,2,S1,MAT701 / 12,ALGEBRA II A,JASON BLAESING,10,2027,A,3.99 pts,2.71,,237,,Yes
16,12/17/24,3,S1,SCI601 / 13,BIOLOGY A,GRANT MERRILL,10,2027,B,3.07 pts,2.71,,237,,Yes
16,12/17/24,6,S1,ENG501 / 16,FR ENGLISH/A,DAVID HOLLINGSWORTH,9,2028,A-,3.52 pts,1.86,,270,,Yes
16,12/17/24,4,S1,MAT522 / 14,GEOMETRY A,ROCHELLE AITON,10,2027,C+,2.58 pts,1,,443,,Yes
16,12/17/24,4,S1,MAT522 / 14,GEOMETRY A,NINETTE LILIENTHAL,10,2027,C+,2.58 pts,1,,443,,Yes
16,12/17/24,2,S1,MAT522 / 12,GEOMETRY A,ROCHELLE AITON,9,2028,A,3.70 pts,7.43,,393,,Yes
16,12/17/24,2,S1,MAT522 / 12,GEOMETRY A,NINETTE LILIENTHAL,9,2028,A,3.70 pts,7.43,,393,,Yes
16,12/17/24,3,S1,SCI601 / 13,BIOLOGY A,GRANT MERRILL,10,2027,C-,2.02 pts,6.86,,401,,Yes
16,12/17/24,5,S1,ENG601 / 15,SOPH ENG/A,MARCEE SALAS,10,2027,B-,2.72 pts,6.43,,401,,Yes
16,12/17/24,3,S1,MAT522 / 13,GEOMETRY A,ROCHELLE AITON,9,2028,D,1.71 pts,23.86,,419,,Yes
16,12/17/24,3,S1,MAT522 / 13,GEOMETRY A,NINETTE LILIENTHAL,9,2028,D,1.71 pts,23.86,,419,,Yes
16,12/17/24,3,S1,MAT522 / 13,GEOMETRY A,ROCHELLE AITON,10,2027,F,0.49 pts,8.29,,251,,Yes
16,12/17/24,3,S1,MAT522 / 13,GEOMETRY A,NINETTE LILIENTHAL,10,2027,F,0.49 pts,8.29,,251,,Yes
16,12/17/24,4,S1,SCI601 / 14,BIOLOGY A,GRANT MERRILL,10,2027,F,0.67 pts,8.86,,251,,Yes
16,12/17/24,6,S1,SOC701 / 16,US HISTORY/A,SCOTT BOOTHBY,11,2026,C-,2.04 pts,6,,356,,Yes
16,12/17/24,3,S1,SCI601 / 13,BIOLOGY A,GRANT MERRILL,10,2027,C-,2.16 pts,1,,294,,Yes
16,12/17/24,2,S1,MAT522 / 12,GEOMETRY A,ROCHELLE AITON,10,2027,C-,2.11 pts,2,,84,,Yes
16,12/17/24,2,S1,MAT522 / 12,GEOMETRY A,NINETTE LILIENTHAL,10,2027,C-,2.11 pts,2,,84,,Yes
16,12/17/24,1,S1,MAT522 / 11,GEOMETRY A,ROCHELLE AITON,10,2027,F,0.97 pts,10.29,,72,,Yes
16,12/17/24,1,S1,MAT522 / 11,GEOMETRY A,NINETTE LILIENTHAL,10,2027,F,0.97 pts,10.29,,72,,Yes
16,12/17/24,5,S1,ENG601 / 15,SOPH ENG/A,MARCEE SALAS,10,2027,B-,2.73 pts,9.43,,72,,Yes
16,12/17/24,3,S1,SCI601 / 13,BIOLOGY A,GRANT MERRILL,10,2027,B,3.17 pts,5.43,,57,,Yes
16,12/17/24,4,S1,MAT522 / 14,GEOMETRY A,ROCHELLE AITON,10,2027,A-,3.59 pts,0,,452,,Yes
16,12/17/24,4,S1,MAT522 / 14,GEOMETRY A,NINETTE LILIENTHAL,10,2027,A-,3.59 pts,0,,452,,Yes
16,12/17/24,4,S1,MAT522 / 14,GEOMETRY A,ROCHELLE AITON,10,2027,F,0.47 pts,12.43,,446,,Yes
16,12/17/24,4,S1,MAT522 / 14,GEOMETRY A,NINETTE LILIENTHAL,10,2027,F,0.47 pts,12.43,,446,,Yes
16,12/17/24,2,S1,ENG601 / 12,SOPH ENG/A,KELLY GREGERSEN,10,2027,F,0.32 pts,19.86,,309,,Yes
16,12/17/24,4,S1,SCI601 / 14,BIOLOGY A,GRANT MERRILL,10,2027,F,0.57 pts,17.71,,309,,Yes
16,12/17/24,5,S1,MAT522 / 15,GEOMETRY A,BRIAN ANDERSON,10,2027,F,0.01 pts,14.71,,309,,Yes
16,12/17/24,5,S1,MAT522 / 15,GEOMETRY A,BRIAN ANDERSON,10,2027,B+,3.28 pts,0,,199,,Yes
16,12/17/24,2,S1,MAT701 / 12,ALGEBRA II A,JASON BLAESING,11,2026,C,2.31 pts,4,,113,,Yes
16,12/17/24,3,S1,SCI601 / 13,BIOLOGY A,GRANT MERRILL,10,2027,A,3.68 pts,1.86,,140,,Yes
16,12/17/24,2,S1,MAT522 / 12,GEOMETRY A,ROCHELLE AITON,10,2027,C+,2.55 pts,1,,238,,Yes
16,12/17/24,2,S1,MAT522 / 12,GEOMETRY A,NINETTE LILIENTHAL,10,2027,C+,2.55 pts,1,,238,,Yes
16,12/17/24,5,S1,ENG601 / 15,SOPH ENG/A,MARCEE SALAS,10,2027,C,2.40 pts,1,,238,,Yes
16,12/17/24,6,S1,SCI601 / 36,BIOLOGY A,WILLIAM BAUR,10,2027,A-,3.50 pts,1,,238,,Yes
16,12/17/24,1,S1,MAT704 / 11,PRE-CALC A MAT 153,BRIAN ANDERSON,11,2026,B,2.94 pts,9,,292,,Yes
16,12/17/24,4,S1,SCI601 / 14,BIOLOGY A,GRANT MERRILL,10,2027,C-,2.01 pts,1,,453,,Yes
16,12/17/24,2,S1,MAT522 / 12,GEOMETRY A,ROCHELLE AITON,10,2027,B-,2.80 pts,0,,291,,Yes
16,12/17/24,2,S1,MAT522 / 12,GEOMETRY A,NINETTE LILIENTHAL,10,2027,B-,2.80 pts,0,,291,,Yes
16,12/17/24,3,S1,SCI601 / 13,BIOLOGY A,GRANT MERRILL,10,2027,B,2.90 pts,0,,291,,Yes
16,12/17/24,3,S1,SCI601 / 13,BIOLOGY A,GRANT MERRILL,10,2027,F,0.14 pts,26.14,,293,,Yes
16,12/17/24,4,S1,MAT522 / 14,GEOMETRY A,ROCHELLE AITON,10,2027,D,1.74 pts,25.71,,293,,Yes
16,12/17/24,4,S1,MAT522 / 14,GEOMETRY A,NINETTE LILIENTHAL,10,2027,D,1.74 pts,25.71,,293,,Yes
16,12/17/24,5,S1,MAT522 / 15,GEOMETRY A,BRIAN ANDERSON,10,2027,B-,2.87 pts,0,,421,,Yes
16,12/17/24,6,S1,SCI601 / 16,BIOLOGY A,GRANT MERRILL,10,2027,C+,2.52 pts,0,,421,,Yes
16,12/17/24,1,S1,MAT704 / 11,PRE-CALC A MAT 153,BRIAN ANDERSON,10,2027,B,2.94 pts,4.71,,304,,Yes
16,12/17/24,2,S1,MAT522 / 12,GEOMETRY A,ROCHELLE AITON,10,2027,D+,1.97 pts,4.86,,414,,Yes
16,12/17/24,2,S1,MAT522 / 12,GEOMETRY A,NINETTE LILIENTHAL,10,2027,D+,1.97 pts,4.86,,414,,Yes
16,12/17/24,5,S1,ENG601 / 15,SOPH ENG/A,MARCEE SALAS,10,2027,B-,2.70 pts,4,,414,,Yes
16,12/17/24,6,S1,SCI601 / 36,BIOLOGY A,WILLIAM BAUR,10,2027,B+,3.23 pts,4.14,,414,,Yes
16,12/17/24,1,S1,MAT522 / 11,GEOMETRY A,ROCHELLE AITON,10,2027,A,3.70 pts,0.57,,389,,Yes
16,12/17/24,1,S1,MAT522 / 11,GEOMETRY A,NINETTE LILIENTHAL,10,2027,A,3.70 pts,0.57,,389,,Yes
16,12/17/24,3,S1,SCI601 / 13,BIOLOGY A,GRANT MERRILL,10,2027,A-,3.43 pts,0.57,,389,,Yes
16,12/17/24,1,S1,MAT522 / 11,GEOMETRY A,ROCHELLE AITON,10,2027,B,3.06 pts,1,,301,,Yes
16,12/17/24,1,S1,MAT522 / 11,GEOMETRY A,NINETTE LILIENTHAL,10,2027,B,3.06 pts,1,,301,,Yes
16,12/17/24,4,S1,SCI601 / 14,BIOLOGY A,GRANT MERRILL,10,2027,B+,3.35 pts,0.43,,428,,Yes
16,12/17/24,5,S1,MAT522 / 15,GEOMETRY A,BRIAN ANDERSON,10,2027,A,3.69 pts,0.57,,303,,Yes
16,12/17/24,4,S1,MAT522 / 14,GEOMETRY A,ROCHELLE AITON,10,2027,F,1.55 pts,14,,221,,Yes
16,12/17/24,4,S1,MAT522 / 14,GEOMETRY A,NINETTE LILIENTHAL,10,2027,F,1.55 pts,14,,221,,Yes
16,12/17/24,5,S1,ENG601 / 15,SOPH ENG/A,MARCEE SALAS,10,2027,C,2.28 pts,14,,221,,Yes
16,12/17/24,4,S1,MAT522 / 14,GEOMETRY A,ROCHELLE AITON,10,2027,B,2.94 pts,0.43,,460,,Yes
16,12/17/24,4,S1,MAT522 / 14,GEOMETRY A,NINETTE LILIENTHAL,10,2027,B,2.94 pts,0.43,,460,,Yes
16,12/17/24,1,S1,MAT522 / 11,GEOMETRY A,ROCHELLE AITON,10,2027,F,1.47 pts,7.14,,83,,Yes
16,12/17/24,1,S1,MAT522 / 11,GEOMETRY A,NINETTE LILIENTHAL,10,2027,F,1.47 pts,7.14,,83,,Yes
16,12/17/24,4,S1,SCI601 / 14,BIOLOGY A,GRANT MERRILL,10,2027,C-,2.00 pts,1.57,,455,,Yes
16,12/17/24,2,S1,MAT701 / 12,ALGEBRA II A,JASON BLAESING,10,2027,B,3.16 pts,0,,109,,Yes
16,12/17/24,3,S1,MAT522 / 13,GEOMETRY A,ROCHELLE AITON,10,2027,B-,2.73 pts,0,,99,,Yes
16,12/17/24,3,S1,MAT522 / 13,GEOMETRY A,NINETTE LILIENTHAL,10,2027,B-,2.73 pts,0,,99,,Yes
16,12/17/24,2,S1,MAT522 / 12,GEOMETRY A,ROCHELLE AITON,10,2027,F,1.50 pts,9.86,,256,,Yes
16,12/17/24,2,S1,MAT522 / 12,GEOMETRY A,NINETTE LILIENTHAL,10,2027,F,1.50 pts,9.86,,256,,Yes
16,12/17/24,6,S1,SCI601 / 16,BIOLOGY A,GRANT MERRILL,10,2027,F,1.20 pts,13,,256,,Yes
16,12/17/24,4,S1,MAT522 / 14,GEOMETRY A,ROCHELLE AITON,10,2027,B-,2.85 pts,2.14,,310,,Yes
16,12/17/24,4,S1,MAT522 / 14,GEOMETRY A,NINETTE LILIENTHAL,10,2027,B-,2.85 pts,2.14,,310,,Yes
16,12/17/24,6,S1,SCI601 / 16,BIOLOGY A,GRANT MERRILL,10,2027,B,3.14 pts,2.29,,310,,Yes
16,12/17/24,6,S1,MAT701 / 16,ALGEBRA II A,JASON BLAESING,10,2027,B,3.17 pts,1.86,,89,,Yes
16,12/17/24,2,S1,MAT522 / 12,GEOMETRY A,ROCHELLE AITON,10,2027,F,0.81 pts,5.71,,175,,Yes
16,12/17/24,2,S1,MAT522 / 12,GEOMETRY A,NINETTE LILIENTHAL,10,2027,F,0.81 pts,5.71,,175,,Yes
16,12/17/24,6,S1,SCI601 / 16,BIOLOGY A,GRANT MERRILL,10,2027,D+,1.91 pts,6,,175,,Yes
16,12/17/24,3,S1,SCI601 / 13,BIOLOGY A,GRANT MERRILL,10,2027,C-,2.04 pts,8,,372,,Yes
16,12/17/24,5,S1,MAT522 / 15,GEOMETRY A,BRIAN ANDERSON,10,2027,D+,1.81 pts,9.14,,372,,Yes
16,12/17/24,5,S1,MAT522 / 15,GEOMETRY A,BRIAN ANDERSON,10,2027,D,1.66 pts,8,,390,,Yes
16,12/17/24,2,S1,ENG601 / 12,SOPH ENG/A,KELLY GREGERSEN,10,2027,C,2.29 pts,11.86,,48,,Yes
16,12/17/24,3,S1,SCI601 / 13,BIOLOGY A,GRANT MERRILL,10,2027,F,1.06 pts,11.86,,48,,Yes
16,12/17/24,5,S1,MAT522 / 15,GEOMETRY A,BRIAN ANDERSON,10,2027,C,2.42 pts,11.86,,48,,Yes
16,12/17/24,3,S1,MAT522 / 13,GEOMETRY A,ROCHELLE AITON,10,2027,C,2.28 pts,3.71,,382,,Yes
16,12/17/24,3,S1,MAT522 / 13,GEOMETRY A,NINETTE LILIENTHAL,10,2027,C,2.28 pts,3.71,,382,,Yes
16,12/17/24,2,S1,SCI609 / 12,CHEMISTRY/A,GRANT MERRILL,11,2026,C+,2.57 pts,2.33,,60,,Yes
16,12/17/24,3,S1,MAT701 / 13,ALGEBRA II A,JENNIFER REILLY,11,2026,A,3.88 pts,2.33,,60,,Yes
16,12/17/24,5,S1,MAT522 / 15,GEOMETRY A,BRIAN ANDERSON,10,2027,F,1.58 pts,7,,59,,Yes
16,12/17/24,4,S1,SCI601 / 14,BIOLOGY A,GRANT MERRILL,10,2027,C+,2.69 pts,4,,169,,Yes
16,12/17/24,5,S1,MAT522 / 15,GEOMETRY A,BRIAN ANDERSON,10,2027,C-,2.08 pts,4,,169,,Yes
16,12/17/24,4,S1,MAT522 / 14,GEOMETRY A,ROCHELLE AITON,10,2027,B,2.95 pts,0.57,,454,,Yes
16,12/17/24,4,S1,MAT522 / 14,GEOMETRY A,NINETTE LILIENTHAL,10,2027,B,2.95 pts,0.57,,454,,Yes
16,12/17/24,3,S1,SCI601 / 13,BIOLOGY A,GRANT MERRILL,10,2027,F,0.28 pts,5.29,,402,,Yes
16,12/17/24,5,S1,MAT522 / 15,GEOMETRY A,BRIAN ANDERSON,10,2027,F,0.80 pts,5.57,,402,,Yes
16,12/17/24,6,S1,SCI601 / 16,BIOLOGY A,GRANT MERRILL,10,2027,C+,2.65 pts,1.71,,144,,Yes
16,12/17/24,3,S1,MAT522 / 13,GEOMETRY A,ROCHELLE AITON,11,2026,F,1.55 pts,13.14,,214,,Yes
16,12/17/24,3,S1,MAT522 / 13,GEOMETRY A,NINETTE LILIENTHAL,11,2026,F,1.55 pts,13.14,,214,,Yes
16,12/17/24,5,S1,ENG701 / 15,JUNIOR ENG/A,JOHN CARVER,11,2026,D+,1.84 pts,12.86,,214,,Yes
16,12/17/24,3,S1,MAT522 / 13,GEOMETRY A,ROCHELLE AITON,10,2027,F,0.16 pts,29.29,,360,,Yes
16,12/17/24,3,S1,MAT522 / 13,GEOMETRY A,NINETTE LILIENTHAL,10,2027,F,0.16 pts,29.29,,360,,Yes
16,12/17/24,6,S1,SCI601 / 16,BIOLOGY A,GRANT MERRILL,10,2027,F,0.35 pts,31.71,,360,,Yes
16,12/17/24,5,S1,ENG601 / 15,SOPH ENG/A,MARCEE SALAS,10,2027,C-,2.12 pts,4,,139,,Yes
16,12/17/24,3,S1,MAT701 / 13,ALGEBRA II A,JENNIFER REILLY,10,2027,B,2.92 pts,0,,405,,Yes
16,12/17/24,5,S1,ENG601 / 15,SOPH ENG/A,MARCEE SALAS,10,2027,C+,2.57 pts,0,,405,,Yes
16,12/17/24,6,S1,SCI601 / 16,BIOLOGY A,GRANT MERRILL,10,2027,C,2.27 pts,0.14,,405,,Yes
16,12/17/24,3,S1,SCI601 / 13,BIOLOGY A,GRANT MERRILL,10,2027,C-,2.00 pts,7.86,,333,,Yes
16,12/17/24,5,S1,MAT522 / 15,GEOMETRY A,BRIAN ANDERSON,10,2027,C,2.39 pts,13,,340,,Yes
16,12/17/24,6,S1,SCI601 / 36,BIOLOGY A,WILLIAM BAUR,10,2027,C-,2.11 pts,13.14,,340,,Yes
16,12/17/24,1,S1,MAT522 / 11,GEOMETRY A,ROCHELLE AITON,10,2027,C-,2.08 pts,0.86,,132,,Yes
16,12/17/24,1,S1,MAT522 / 11,GEOMETRY A,NINETTE LILIENTHAL,10,2027,C-,2.08 pts,0.86,,132,,Yes
16,12/17/24,2,S1,ENG601 / 12,SOPH ENG/A,KELLY GREGERSEN,10,2027,C+,2.52 pts,0.86,,132,,Yes
16,12/17/24,3,S1,SCI601 / 13,BIOLOGY A,GRANT MERRILL,10,2027,C-,2.02 pts,0.86,,132,,Yes
16,12/17/24,2,S1,ENG601 / 12,SOPH ENG/A,KELLY GREGERSEN,10,2027,C-,2.13 pts,1,,404,,Yes
16,12/17/24,3,S1,MAT522 / 13,GEOMETRY A,ROCHELLE AITON,10,2027,C+,2.57 pts,1.57,,404,,Yes
16,12/17/24,3,S1,MAT522 / 13,GEOMETRY A,NINETTE LILIENTHAL,10,2027,C+,2.57 pts,1.57,,404,,Yes
16,12/17/24,4,S1,SCI601 / 14,BIOLOGY A,GRANT MERRILL,10,2027,B-,2.86 pts,2,,404,,Yes
16,12/17/24,1,S1,MAT522 / 11,GEOMETRY A,ROCHELLE AITON,10,2027,F,0.70 pts,15.43,,273,,Yes
16,12/17/24,1,S1,MAT522 / 11,GEOMETRY A,NINETTE LILIENTHAL,10,2027,F,0.70 pts,15.43,,273,,Yes
16,12/17/24,5,S1,ENG601 / 15,SOPH ENG/A,MARCEE SALAS,10,2027,F,1.51 pts,12.14,,273,,Yes
16,12/17/24,6,S1,SCI601 / 36,BIOLOGY A,WILLIAM BAUR,10,2027,D,1.73 pts,10.71,,273,,Yes
16,12/17/24,2,S1,MAT701 / 12,ALGEBRA II A,JASON BLAESING,11,2026,B,3.14 pts,7.29,,167,,Yes
16,12/17/24,6,S1,SOC701 / 16,US HISTORY/A,SCOTT BOOTHBY,11,2026,F,0.75 pts,5.14,,167,,Yes
16,12/17/24,3,S1,MAT522 / 13,GEOMETRY A,ROCHELLE AITON,10,2027,C,2.45 pts,2.86,,236,,Yes
16,12/17/24,3,S1,MAT522 / 13,GEOMETRY A,NINETTE LILIENTHAL,10,2027,C,2.45 pts,2.86,,236,,Yes
16,12/17/24,4,S1,SCI601 / 14,BIOLOGY A,GRANT MERRILL,10,2027,D+,1.83 pts,3.14,,236,,Yes
16,12/17/24,5,S1,ENG601 / 15,SOPH ENG/A,MARCEE SALAS,10,2027,C,2.31 pts,2.86,,236,,Yes
16,12/17/24,2,S1,ENG601 / 12,SOPH ENG/A,KELLY GREGERSEN,10,2027,B-,2.83 pts,4.43,,235,,Yes
16,12/17/24,4,S1,SCI601 / 14,BIOLOGY A,GRANT MERRILL,10,2027,D+,1.89 pts,9.14,,445,,Yes
16,12/17/24,1,S1,MAT704 / 11,PRE-CALC A MAT 153,BRIAN ANDERSON,12,2025,C,2.46 pts,7,,325,,Yes
16,12/17/24,2,S1,BUS301 / 12,PERSONAL FINANCE A,NICOLE SIMEK,12,2025,A,3.99 pts,6.14,,325,,Yes
16,12/17/24,3,S1,MAT701 / 13,ALGEBRA II A,JENNIFER REILLY,10,2027,C+,2.68 pts,7.71,,130,,Yes
16,12/17/24,5,S1,ENG601 / 15,SOPH ENG/A,MARCEE SALAS,10,2027,B-,2.85 pts,7.71,,130,,Yes
16,12/17/24,5,S1,ENG701 / 15,JUNIOR ENG/A,JOHN CARVER,11,2026,A,4.00 pts,1,,266,,Yes
16,12/17/24,6,S1,SOC701 / 16,US HISTORY/A,SCOTT BOOTHBY,11,2026,A,3.60 pts,2.14,,266,,Yes
16,12/17/24,2,S1,MAT522 / 12,GEOMETRY A,ROCHELLE AITON,10,2027,B,2.91 pts,1.14,,173,,Yes
16,12/17/24,2,S1,MAT522 / 12,GEOMETRY A,NINETTE LILIENTHAL,10,2027,B,2.91 pts,1.14,,173,,Yes
16,12/17/24,6,S1,SCI601 / 36,BIOLOGY A,WILLIAM BAUR,10,2027,A,3.76 pts,1.43,,173,,Yes
16,12/17/24,2,S1,ENG601 / 12,SOPH ENG/A,KELLY GREGERSEN,10,2027,F,0.47 pts,11,,249,,Yes
16,12/17/24,5,S1,MAT522 / 15,GEOMETRY A,BRIAN ANDERSON,10,2027,F,0.84 pts,7.14,,249,,Yes
16,12/17/24,6,S1,SCI601 / 16,BIOLOGY A,GRANT MERRILL,10,2027,F,0.62 pts,8.14,,249,,Yes
16,12/17/24,1,S1,MAT704 / 11,PRE-CALC A MAT 153,BRIAN ANDERSON,11,2026,D+,1.98 pts,0,,71,,Yes
16,12/17/24,6,S1,SOC701 / 16,US HISTORY/A,SCOTT BOOTHBY,11,2026,B,2.96 pts,0,,71,,Yes
16,12/17/24,2,S1,MAT522 / 12,GEOMETRY A,ROCHELLE AITON,10,2027,F,1.58 pts,6.57,,88,,Yes
16,12/17/24,2,S1,MAT522 / 12,GEOMETRY A,NINETTE LILIENTHAL,10,2027,F,1.58 pts,6.57,,88,,Yes
16,12/17/24,5,S1,ENG601 / 15,SOPH ENG/A,MARCEE SALAS,10,2027,C+,2.62 pts,6.29,,88,,Yes
16,12/17/24,6,S1,SCI601 / 16,BIOLOGY A,GRANT MERRILL,10,2027,F,1.26 pts,6.29,,88,,Yes
16,12/17/24,3,S1,BUS301 / 13,PERSONAL FINANCE A,NICOLE SIMEK,12,2025,A,3.83 pts,3.71,,367,,Yes
16,12/17/24,6,S1,SCI601 / 36,BIOLOGY A,WILLIAM BAUR,10,2027,D+,1.94 pts,2.14,,417,,Yes
16,12/17/24,2,S1,SCI609 / 12,CHEMISTRY/A,GRANT MERRILL,11,2026,D,1.73 pts,12,,55,,Yes
16,12/17/24,6,S1,MAT701 / 16,ALGEBRA II A,JASON BLAESING,11,2026,D,1.77 pts,12,,55,,Yes
16,12/17/24,2,S1,SCI609 / 12,CHEMISTRY/A,GRANT MERRILL,11,2026,B-,2.82 pts,0,,388,,Yes
16,12/17/24,2,S1,SCI609 / 12,CHEMISTRY/A,GRANT MERRILL,11,2026,B,3.10 pts,3.57,,387,,Yes
16,12/17/24,3,S1,MAT701 / 13,ALGEBRA II A,JENNIFER REILLY,11,2026,A-,3.56 pts,4,,387,,Yes
16,12/17/24,3,S1,MAT522 / 13,GEOMETRY A,ROCHELLE AITON,9,2028,A,3.73 pts,4,,281,,Yes
16,12/17/24,3,S1,MAT522 / 13,GEOMETRY A,NINETTE LILIENTHAL,9,2028,A,3.73 pts,4,,281,,Yes
16,12/17/24,6,S1,ENG501 / 16,FR ENGLISH/A,DAVID HOLLINGSWORTH,9,2028,A,4.00 pts,5.43,,295,,Yes
16,12/17/24,3,S1,MAT522 / 13,GEOMETRY A,ROCHELLE AITON,9,2028,A,3.61 pts,8,,306,,Yes
16,12/17/24,3,S1,MAT522 / 13,GEOMETRY A,NINETTE LILIENTHAL,9,2028,A,3.61 pts,8,,306,,Yes
16,12/17/24,6,S1,ENG501 / 16,FR ENGLISH/A,DAVID HOLLINGSWORTH,9,2028,B+,3.28 pts,8.29,,306,,Yes
16,12/17/24,3,S1,MAT522 / 13,GEOMETRY A,ROCHELLE AITON,9,2028,A,3.74 pts,0.86,,348,,Yes
16,12/17/24,3,S1,MAT522 / 13,GEOMETRY A,NINETTE LILIENTHAL,9,2028,A,3.74 pts,0.86,,348,,Yes
16,12/17/24,4,S1,MAT522 / 14,GEOMETRY A,ROCHELLE AITON,9,2028,C,2.37 pts,1.71,,450,,Yes
16,12/17/24,4,S1,MAT522 / 14,GEOMETRY A,NINETTE LILIENTHAL,9,2028,C,2.37 pts,1.71,,450,,Yes
16,12/17/24,3,S1,MAT522 / 13,GEOMETRY A,ROCHELLE AITON,9,2028,B+,3.34 pts,16,,302,,Yes
16,12/17/24,3,S1,MAT522 / 13,GEOMETRY A,NINETTE LILIENTHAL,9,2028,B+,3.34 pts,16,,302,,Yes
16,12/17/24,6,S1,ENG501 / 16,FR ENGLISH/A,DAVID HOLLINGSWORTH,9,2028,B,3.09 pts,16.71,,302,,Yes
16,12/17/24,2,S1,MAT522 / 12,GEOMETRY A,ROCHELLE AITON,9,2028,A,3.71 pts,0.43,,228,,Yes
16,12/17/24,2,S1,MAT522 / 12,GEOMETRY A,NINETTE LILIENTHAL,9,2028,A,3.71 pts,0.43,,228,,Yes
16,12/17/24,5,S1,MAT522 / 15,GEOMETRY A,BRIAN ANDERSON,9,2028,A-,3.42 pts,5.29,,369,,Yes
16,12/17/24,5,S1,MAT522 / 15,GEOMETRY A,BRIAN ANDERSON,10,2027,B,3.19 pts,5.71,,203,,Yes
16,12/17/24,5,S1,MAT522 / 15,GEOMETRY A,BRIAN ANDERSON,10,2027,A-,3.47 pts,5,,80,,Yes
16,12/17/24,5,S1,MAT522 / 15,GEOMETRY A,BRIAN ANDERSON,10,2027,B,2.99 pts,10.71,,252,,Yes
16,12/17/24,6,S1,SCI601 / 16,BIOLOGY A,GRANT MERRILL,10,2027,C,2.49 pts,10.71,,252,,Yes
16,12/17/24,6,S1,SOC701 / 16,US HISTORY/A,SCOTT BOOTHBY,11,2026,F,0.77 pts,26.43,,187,,Yes
16,12/17/24,6,S1,ENG501 / 16,FR ENGLISH/A,DAVID HOLLINGSWORTH,9,2028,A,3.90 pts,0,,111,,Yes
16,12/17/24,1,S1,MAT522 / 11,GEOMETRY A,ROCHELLE AITON,9,2028,A,3.66 pts,1.43,,219,,Yes
16,12/17/24,1,S1,MAT522 / 11,GEOMETRY A,NINETTE LILIENTHAL,9,2028,A,3.66 pts,1.43,,219,,Yes
16,12/17/24,6,S1,ENG501 / 16,FR ENGLISH/A,DAVID HOLLINGSWORTH,9,2028,C-,2.19 pts,2,,464,,Yes
16,12/17/24,6,S1,SOC701 / 16,US HISTORY/A,SCOTT BOOTHBY,11,2026,B,3.12 pts,6,,250,,Yes
16,12/17/24,6,S1,ENG501 / 16,FR ENGLISH/A,DAVID HOLLINGSWORTH,9,2028,B,3.02 pts,26.14,,243,,Yes
16,12/17/24,2,S1,SCI609 / 12,CHEMISTRY/A,GRANT MERRILL,11,2026,D,1.71 pts,11.14,,368,,Yes
16,12/17/24,6,S1,SOC701 / 16,US HISTORY/A,SCOTT BOOTHBY,11,2026,C-,2.11 pts,6.71,,368,,Yes
16,12/17/24,4,S1,MAT522 / 14,GEOMETRY A,ROCHELLE AITON,10,2027,C,2.38 pts,6.29,,171,,Yes
16,12/17/24,4,S1,MAT522 / 14,GEOMETRY A,NINETTE LILIENTHAL,10,2027,C,2.38 pts,6.29,,171,,Yes
16,12/17/24,6,S1,SCI601 / 36,BIOLOGY A,WILLIAM BAUR,10,2027,C,2.24 pts,7.29,,171,,Yes
16,12/17/24,6,S1,ENG501 / 16,FR ENGLISH/A,DAVID HOLLINGSWORTH,9,2028,A-,3.50 pts,6.14,,285,,Yes
16,12/17/24,3,S1,MAT522 / 13,GEOMETRY A,ROCHELLE AITON,9,2028,B,3.01 pts,4,,261,,Yes
16,12/17/24,3,S1,MAT522 / 13,GEOMETRY A,NINETTE LILIENTHAL,9,2028,B,3.01 pts,4,,261,,Yes
16,12/17/24,4,S1,MAT522 / 14,GEOMETRY A,ROCHELLE AITON,10,2027,B+,3.36 pts,0.29,,440,,Yes
16,12/17/24,4,S1,MAT522 / 14,GEOMETRY A,NINETTE LILIENTHAL,10,2027,B+,3.36 pts,0.29,,440,,Yes
16,12/17/24,2,S1,MAT522 / 12,GEOMETRY A,ROCHELLE AITON,10,2027,D,1.66 pts,10.71,,159,,Yes
16,12/17/24,2,S1,MAT522 / 12,GEOMETRY A,NINETTE LILIENTHAL,10,2027,D,1.66 pts,10.71,,159,,Yes
16,12/17/24,3,S1,SCI601 / 13,BIOLOGY A,GRANT MERRILL,10,2027,D,1.65 pts,10.43,,159,,Yes
16,12/17/24,5,S1,ENG601 / 15,SOPH ENG/A,MARCEE SALAS,10,2027,B-,2.89 pts,10.29,,159,,Yes
16,12/17/24,5,S1,ENG701 / 15,JUNIOR ENG/A,JOHN CARVER,11,2026,C,2.42 pts,10.14,,91,,Yes
16,12/17/24,2,S1,MAT701 / 12,ALGEBRA II A,JASON BLAESING,11,2026,B,2.97 pts,6,,319,,Yes
16,12/17/24,4,S1,SCI601 / 14,BIOLOGY A,GRANT MERRILL,10,2027,C+,2.56 pts,5.14,,431,,Yes
16,12/17/24,2,S1,ENG601 / 12,SOPH ENG/A,KELLY GREGERSEN,10,2027,F,0.89 pts,14.14,,317,,Yes
16,12/17/24,3,S1,MAT522 / 13,GEOMETRY A,ROCHELLE AITON,10,2027,C-,2.03 pts,13.29,,317,,Yes
16,12/17/24,3,S1,MAT522 / 13,GEOMETRY A,NINETTE LILIENTHAL,10,2027,C-,2.03 pts,13.29,,317,,Yes
16,12/17/24,5,S1,MAT522 / 15,GEOMETRY A,BRIAN ANDERSON,10,2027,A,3.69 pts,0,,359,,Yes
16,12/17/24,6,S1,SOC701 / 16,US HISTORY/A,SCOTT BOOTHBY,11,2026,C+,2.63 pts,6.71,,277,,Yes
16,12/17/24,1,S1,MAT704 / 11,PRE-CALC A MAT 153,BRIAN ANDERSON,12,2025,F,1.34 pts,9.5,,395,,Yes
16,12/17/24,4,S1,SOC701 / 14,US HISTORY/A,DAVE HAJEK,11,2026,A-,3.52 pts,1.14,,459,,Yes
16,12/17/24,5,S1,MAT522 / 15,GEOMETRY A,BRIAN ANDERSON,10,2027,C,2.45 pts,9,,190,,Yes
16,12/17/24,6,S1,SCI601 / 16,BIOLOGY A,GRANT MERRILL,10,2027,C,2.48 pts,8.43,,190,,Yes
16,12/17/24,2,S1,MAT701 / 12,ALGEBRA II A,JASON BLAESING,11,2026,B+,3.21 pts,19.43,,312,,Yes
16,12/17/24,6,S1,SOC701 / 16,US HISTORY/A,SCOTT BOOTHBY,11,2026,C+,2.50 pts,18.57,,312,,Yes
16,12/17/24,1,S1,MAT522 / 11,GEOMETRY A,ROCHELLE AITON,10,2027,D+,1.82 pts,14.29,,53,,Yes
16,12/17/24,1,S1,MAT522 / 11,GEOMETRY A,NINETTE LILIENTHAL,10,2027,D+,1.82 pts,14.29,,53,,Yes
16,12/17/24,4,S1,SCI601 / 14,BIOLOGY A,GRANT MERRILL,10,2027,C-,2.18 pts,13.71,,53,,Yes
16,12/17/24,5,S1,MAT522 / 15,GEOMETRY A,BRIAN ANDERSON,10,2027,B+,3.26 pts,12.71,,334,,Yes
16,12/17/24,2,S1,BUS301 / 12,PERSONAL FINANCE A,NICOLE SIMEK,12,2025,B-,2.75 pts,6.86,,240,,Yes
16,12/17/24,6,S1,MAT701 / 16,ALGEBRA II A,JASON BLAESING,11,2026,A,3.88 pts,1,,257,,Yes
16,12/17/24,6,S1,MAT701 / 16,ALGEBRA II A,JASON BLAESING,11,2026,F,1.53 pts,8.67,,258,,Yes
16,12/17/24,2,S1,MAT701 / 12,ALGEBRA II A,JASON BLAESING,10,2027,A,3.87 pts,10.14,,66,,Yes
16,12/17/24,6,S1,MAT701 / 16,ALGEBRA II A,JASON BLAESING,11,2026,B,2.92 pts,6,,141,,Yes
16,12/17/24,4,S1,MAT522 / 14,GEOMETRY A,ROCHELLE AITON,10,2027,D+,1.82 pts,0.14,,170,,Yes
16,12/17/24,4,S1,MAT522 / 14,GEOMETRY A,NINETTE LILIENTHAL,10,2027,D+,1.82 pts,0.14,,170,,Yes
16,12/17/24,6,S1,SCI601 / 36,BIOLOGY A,WILLIAM BAUR,10,2027,D+,1.84 pts,0.29,,170,,Yes
16,12/17/24,6,S1,MAT701 / 16,ALGEBRA II A,JASON BLAESING,11,2026,C,2.23 pts,1,,225,,Yes
16,12/17/24,4,S1,SCI601 / 14,BIOLOGY A,GRANT MERRILL,10,2027,C-,2.06 pts,6.86,,442,,Yes
16,12/17/24,6,S1,SCI601 / 16,BIOLOGY A,GRANT MERRILL,10,2027,B,2.96 pts,7.14,,287,,Yes
16,12/17/24,3,S1,SCI601 / 13,BIOLOGY A,GRANT MERRILL,10,2027,B,3.00 pts,1.43,,137,,Yes
16,12/17/24,4,S1,MAT522 / 14,GEOMETRY A,ROCHELLE AITON,10,2027,B-,2.79 pts,1,,137,,Yes
16,12/17/24,4,S1,MAT522 / 14,GEOMETRY A,NINETTE LILIENTHAL,10,2027,B-,2.79 pts,1,,137,,Yes
16,12/17/24,3,S1,SCI601 / 13,BIOLOGY A,GRANT MERRILL,10,2027,C,2.44 pts,3.86,,364,,Yes
16,12/17/24,1,S1,MAT522 / 11,GEOMETRY A,ROCHELLE AITON,9,2028,A-,3.59 pts,5,,279,,Yes
16,12/17/24,1,S1,MAT522 / 11,GEOMETRY A,NINETTE LILIENTHAL,9,2028,A-,3.59 pts,5,,279,,Yes
16,12/17/24,1,S1,MAT522 / 11,GEOMETRY A,ROCHELLE AITON,10,2027,C+,2.66 pts,8.86,,193,,Yes
16,12/17/24,1,S1,MAT522 / 11,GEOMETRY A,NINETTE LILIENTHAL,10,2027,C+,2.66 pts,8.86,,193,,Yes
16,12/17/24,5,S1,ENG601 / 15,SOPH ENG/A,MARCEE SALAS,10,2027,C-,2.12 pts,8.57,,193,,Yes
16,12/17/24,2,S1,SCI609 / 12,CHEMISTRY/A,GRANT MERRILL,11,2026,F,1.17 pts,13.43,,65,,Yes
16,12/17/24,3,S1,BUS301 / 13,PERSONAL FINANCE A,NICOLE SIMEK,11,2026,B,3.06 pts,13,,65,,Yes
16,12/17/24,4,S1,SOC701 / 14,US HISTORY/A,DAVE HAJEK,11,2026,C,2.43 pts,13.57,,65,,Yes
16,12/17/24,3,S1,BUS301 / 13,PERSONAL FINANCE A,NICOLE SIMEK,12,2025,A,3.99 pts,1.29,,283,,Yes
16,12/17/24,3,S1,MAT522 / 13,GEOMETRY A,ROCHELLE AITON,9,2028,A,3.64 pts,1.43,,284,,Yes
16,12/17/24,3,S1,MAT522 / 13,GEOMETRY A,NINETTE LILIENTHAL,9,2028,A,3.64 pts,1.43,,284,,Yes
16,12/17/24,3,S1,MAT522 / 13,GEOMETRY A,ROCHELLE AITON,10,2027,B-,2.86 pts,5.86,,269,,Yes
16,12/17/24,3,S1,MAT522 / 13,GEOMETRY A,NINETTE LILIENTHAL,10,2027,B-,2.86 pts,5.86,,269,,Yes
16,12/17/24,2,S1,ENG601 / 12,SOPH ENG/A,KELLY GREGERSEN,10,2027,B+,3.30 pts,5.43,,290,,Yes
16,12/17/24,2,S1,MAT701 / 12,ALGEBRA II A,JASON BLAESING,11,2026,A-,3.40 pts,7.86,,370,,Yes
16,12/17/24,6,S1,ENG501 / 16,FR ENGLISH/A,DAVID HOLLINGSWORTH,9,2028,B+,3.34 pts,15.43,,98,,Yes
16,12/17/24,2,S1,MAT522 / 12,GEOMETRY A,ROCHELLE AITON,9,2028,B+,3.37 pts,1.57,,311,,Yes
16,12/17/24,2,S1,MAT522 / 12,GEOMETRY A,NINETTE LILIENTHAL,9,2028,B+,3.37 pts,1.57,,311,,Yes
16,12/17/24,6,S1,MAT701 / 16,ALGEBRA II A,JASON BLAESING,11,2026,A-,3.51 pts,7.33,,127,,Yes
16,12/17/24,1,S1,MAT704 / 11,PRE-CALC A MAT 153,BRIAN ANDERSON,12,2025,F,1.58 pts,2.86,,352,,Yes
16,12/17/24,3,S1,MAT701 / 13,ALGEBRA II A,JENNIFER REILLY,10,2027,A,3.73 pts,6,,186,,Yes
16,12/17/24,6,S1,SCI601 / 36,BIOLOGY A,WILLIAM BAUR,10,2027,A,3.73 pts,5.57,,186,,Yes
16,12/17/24,4,S1,MAT522 / 14,GEOMETRY A,ROCHELLE AITON,10,2027,D+,1.83 pts,12.29,,437,,Yes
16,12/17/24,4,S1,MAT522 / 14,GEOMETRY A,NINETTE LILIENTHAL,10,2027,D+,1.83 pts,12.29,,437,,Yes
16,12/17/24,6,S1,SCI601 / 36,BIOLOGY A,WILLIAM BAUR,12,2025,A-,3.44 pts,21.67,,178,,Yes
16,12/17/24,2,S1,BUS301 / 12,PERSONAL FINANCE A,NICOLE SIMEK,12,2025,B,3.07 pts,15,,135,,Yes
16,12/17/24,1,S1,MAT522 / 11,GEOMETRY A,ROCHELLE AITON,10,2027,F,1.61 pts,8.71,,246,,Yes
16,12/17/24,1,S1,MAT522 / 11,GEOMETRY A,NINETTE LILIENTHAL,10,2027,F,1.61 pts,8.71,,246,,Yes
16,12/17/24,2,S1,MAT701 / 12,ALGEBRA II A,JASON BLAESING,11,2026,B,3.01 pts,5.14,,241,,Yes
16,12/17/24,2,S1,BUS301 / 12,PERSONAL FINANCE A,NICOLE SIMEK,12,2025,B+,3.27 pts,13.14,,97,,Yes
16,12/17/24,2,S1,BUS301 / 12,PERSONAL FINANCE A,NICOLE SIMEK,12,2025,B-,2.88 pts,14.14,,96,,Yes
16,12/17/24,3,S1,SCI601 / 13,BIOLOGY A,GRANT MERRILL,10,2027,F,1.42 pts,2.71,,136,,Yes
16,12/17/24,4,S1,MAT522 / 14,GEOMETRY A,ROCHELLE AITON,10,2027,F,0.00 pts,28.29,,447,,Yes
16,12/17/24,4,S1,MAT522 / 14,GEOMETRY A,NINETTE LILIENTHAL,10,2027,F,0.00 pts,28.29,,447,,Yes
16,12/17/24,1,S1,MAT522 / 11,GEOMETRY A,ROCHELLE AITON,10,2027,C,2.22 pts,0.86,,411,,Yes
16,12/17/24,1,S1,MAT522 / 11,GEOMETRY A,NINETTE LILIENTHAL,10,2027,C,2.22 pts,0.86,,411,,Yes
16,12/17/24,3,S1,MAT701 / 13,ALGEBRA II A,JENNIFER REILLY,10,2027,A,3.84 pts,2.71,,153,,Yes
16,12/17/24,2,S1,MAT701 / 12,ALGEBRA II A,JASON BLAESING,11,2026,D+,1.89 pts,28.14,,274,,Yes
16,12/17/24,1,S1,MAT522 / 11,GEOMETRY A,ROCHELLE AITON,10,2027,B+,3.28 pts,0,,184,,Yes
16,12/17/24,1,S1,MAT522 / 11,GEOMETRY A,NINETTE LILIENTHAL,10,2027,B+,3.28 pts,0,,184,,Yes
16,12/17/24,4,S1,SCI601 / 14,BIOLOGY A,GRANT MERRILL,10,2027,B+,3.39 pts,0,,184,,Yes
16,12/17/24,6,S1,ENG501 / 16,FR ENGLISH/A,DAVID HOLLINGSWORTH,9,2028,D,1.72 pts,1,,308,,Yes
16,12/17/24,2,S1,MAT522 / 12,GEOMETRY A,ROCHELLE AITON,9,2028,B+,3.38 pts,1.71,,166,,Yes
16,12/17/24,2,S1,MAT522 / 12,GEOMETRY A,NINETTE LILIENTHAL,9,2028,B+,3.38 pts,1.71,,166,,Yes
16,12/17/24,6,S1,ENG501 / 16,FR ENGLISH/A,DAVID HOLLINGSWORTH,9,2028,A,4.00 pts,1.71,,166,,Yes
16,12/17/24,6,S1,ENG501 / 16,FR ENGLISH/A,DAVID HOLLINGSWORTH,9,2028,B,3.13 pts,3.14,,268,,Yes
16,12/17/24,5,S1,MAT522 / 15,GEOMETRY A,BRIAN ANDERSON,9,2028,B,3.01 pts,1.86,,351,,Yes
16,12/17/24,2,S1,MAT701 / 12,ALGEBRA II A,JASON BLAESING,11,2026,,2.94 pts,1,,468,,Yes
16,12/17/24,2,S1,ENG601 / 12,SOPH ENG/A,KELLY GREGERSEN,10,2027,B,2.91 pts,6.57,,143,,Yes
16,12/17/24,4,S1,MAT522 / 14,GEOMETRY A,ROCHELLE AITON,10,2027,F,0.96 pts,8.14,,143,,Yes
16,12/17/24,4,S1,MAT522 / 14,GEOMETRY A,NINETTE LILIENTHAL,10,2027,F,0.96 pts,8.14,,143,,Yes
16,12/17/24,2,S1,BUS301 / 12,PERSONAL FINANCE A,NICOLE SIMEK,12,2025,F,0.60 pts,11.43,,377,,Yes
16,12/17/24,4,S1,MAT522 / 14,GEOMETRY A,ROCHELLE AITON,10,2027,F,0.74 pts,3.57,,110,,Yes
16,12/17/24,4,S1,MAT522 / 14,GEOMETRY A,NINETTE LILIENTHAL,10,2027,F,0.74 pts,3.57,,110,,Yes
16,12/17/24,5,S1,ENG601 / 15,SOPH ENG/A,MARCEE SALAS,10,2027,F,0.92 pts,3.57,,110,,Yes
16,12/17/24,6,S1,SCI601 / 16,BIOLOGY A,GRANT MERRILL,10,2027,F,0.14 pts,5.29,,110,,Yes
16,12/17/24,6,S1,ENG501 / 16,FR ENGLISH/A,DAVID HOLLINGSWORTH,9,2028,C,2.24 pts,3.14,,196,,Yes
16,12/17/24,4,S1,MAT522 / 14,GEOMETRY A,ROCHELLE AITON,9,2028,B,3.19 pts,1.86,,434,,Yes
16,12/17/24,4,S1,MAT522 / 14,GEOMETRY A,NINETTE LILIENTHAL,9,2028,B,3.19 pts,1.86,,434,,Yes
16,12/17/24,1,S1,MAT522 / 11,GEOMETRY A,ROCHELLE AITON,10,2027,B-,2.81 pts,17.14,,383,,Yes
16,12/17/24,1,S1,MAT522 / 11,GEOMETRY A,NINETTE LILIENTHAL,10,2027,B-,2.81 pts,17.14,,383,,Yes
16,12/17/24,3,S1,SCI601 / 13,BIOLOGY A,GRANT MERRILL,10,2027,B,2.90 pts,17.86,,383,,Yes
16,12/17/24,5,S1,ENG601 / 15,SOPH ENG/A,MARCEE SALAS,10,2027,C,2.34 pts,18.43,,383,,Yes
16,12/17/24,2,S1,BUS301 / 12,PERSONAL FINANCE A,NICOLE SIMEK,12,2025,A,3.95 pts,11.71,,104,,Yes
16,12/17/24,4,S1,SCI601 / 14,BIOLOGY A,GRANT MERRILL,10,2027,F,1.02 pts,5.14,,374,,Yes
16,12/17/24,5,S1,ENG601 / 15,SOPH ENG/A,MARCEE SALAS,10,2027,D,1.71 pts,5,,374,,Yes
16,12/17/24,6,S1,MAT701 / 16,ALGEBRA II A,JASON BLAESING,11,2026,A-,3.40 pts,1,,119,,Yes
16,12/17/24,3,S1,BUS301 / 13,PERSONAL FINANCE A,NICOLE SIMEK,11,2026,F,0.72 pts,3,,435,,Yes
16,12/17/24,3,S1,BUS301 / 13,PERSONAL FINANCE A,NICOLE SIMEK,12,2025,C-,2.13 pts,2,,345,,Yes
16,12/17/24,6,S1,MAT701 / 16,ALGEBRA II A,JASON BLAESING,11,2026,A-,3.49 pts,7.57,,316,,Yes
16,12/17/24,6,S1,MAT701 / 16,ALGEBRA II A,JASON BLAESING,11,2026,A-,3.40 pts,7.5,,313,,Yes
16,12/17/24,6,S1,MAT701 / 16,ALGEBRA II A,JASON BLAESING,11,2026,A,3.64 pts,6.29,,307,,Yes
16,12/17/24,4,S1,SOC701 / 14,US HISTORY/A,DAVE HAJEK,11,2026,A,3.83 pts,1,,223,,Yes
16,12/17/24,5,S1,ENG701 / 15,JUNIOR ENG/A,JOHN CARVER,11,2026,A,3.88 pts,1,,223,,Yes
16,12/17/24,3,S1,BUS301 / 13,PERSONAL FINANCE A,NICOLE SIMEK,12,2025,C-,2.08 pts,3.71,,365,,Yes
16,12/17/24,1,S1,MAT522 / 11,GEOMETRY A,ROCHELLE AITON,9,2028,C+,2.69 pts,8.86,,79,,Yes
16,12/17/24,1,S1,MAT522 / 11,GEOMETRY A,NINETTE LILIENTHAL,9,2028,C+,2.69 pts,8.86,,79,,Yes
16,12/17/24,2,S1,ENG601 / 12,SOPH ENG/A,KELLY GREGERSEN,10,2027,C,2.44 pts,10.86,,52,,Yes
16,12/17/24,4,S1,MAT522 / 14,GEOMETRY A,ROCHELLE AITON,10,2027,C,2.24 pts,9.57,,52,,Yes
16,12/17/24,4,S1,MAT522 / 14,GEOMETRY A,NINETTE LILIENTHAL,10,2027,C,2.24 pts,9.57,,52,,Yes
16,12/17/24,3,S1,MAT701 / 13,ALGEBRA II A,JENNIFER REILLY,11,2026,F,1.32 pts,42.29,,164,,Yes
16,12/17/24,2,S1,MAT701 / 12,ALGEBRA II A,JASON BLAESING,11,2026,F,1.50 pts,27.57,,121,,Yes
16,12/17/24,3,S1,MAT701 / 13,ALGEBRA II A,JENNIFER REILLY,11,2026,A,3.64 pts,2,,288,,Yes
16,12/17/24,6,S1,SOC701 / 16,US HISTORY/A,SCOTT BOOTHBY,11,2026,A-,3.59 pts,2,,288,,Yes
16,12/17/24,6,S1,ENG501 / 16,FR ENGLISH/A,DAVID HOLLINGSWORTH,9,2028,C+,2.69 pts,13.14,,212,,Yes
16,12/17/24,2,S1,BUS301 / 12,PERSONAL FINANCE A,NICOLE SIMEK,12,2025,D,1.71 pts,5,,156,,Yes
16,12/17/24,4,S1,SCI601 / 14,BIOLOGY A,GRANT MERRILL,10,2027,F,1.14 pts,18.38,,120,,Yes
16,12/17/24,5,S1,ENG601 / 15,SOPH ENG/A,MARCEE SALAS,10,2027,F,1.50 pts,16.07,,120,,Yes
16,12/17/24,1,S1,MAT704 / 11,PRE-CALC A MAT 153,BRIAN ANDERSON,12,2025,A,3.85 pts,4,,265,,Yes
16,12/17/24,6,S1,MAT701 / 16,ALGEBRA II A,JASON BLAESING,11,2026,C,2.30 pts,7.71,,361,,Yes
16,12/17/24,1,S1,ENG701 / 11,JUNIOR ENG/A,JOHN CARVER,11,2026,F,1.13 pts,26.79,,1,,#N/A
16,12/17/24,2,S1,PED500 / 12,WEIGHT TRAINING,SCOTT BOOTHBY,11,2026,D+,1.92 pts,24.36,,1,,#N/A
16,12/17/24,3,S1,MAT701 / 13,ALGEBRA II A,JENNIFER REILLY,11,2026,F,0.71 pts,23.21,,1,,Yes
16,12/17/24,4,S1,CTE114 / 14,ENGINEERING A,JASON BLAESING,11,2026,F,1.21 pts,25,,1,,#N/A
16,12/17/24,5,S1,SOC701 / 15,US HISTORY/A,DAVE HAJEK,11,2026,F,0.07 pts,24,,1,,#N/A
16,12/17/24,6,S1,FAR604 / 16,SCENE DESIGN,KELLY GREGERSEN,11,2026,C-,2.10 pts,23.86,,1,,#N/A
16,12/17/24,1,S1,CTA101 / 11,CTA S1,MARK CASTLE,11,2026,,,0,,3,,#N/A
16,12/17/24,2,S1,CTA101 / 11,CTA S1,MARK CASTLE,11,2026,,,0,,3,,#N/A
16,12/17/24,3,S1,CTA101 / 11,CTA S1,MARK CASTLE,11,2026,,,0,,3,,#N/A
16,12/17/24,4,S1,MAT701 / 14,ALGEBRA II A,JENNIFER REILLY,11,2026,C-,2.05 pts,3,,3,,#N/A
16,12/17/24,5,S1,ASL503 / 15,AMERICAN SIGN LANGUAGE II/A,TAMI GRANT,11,2026,A,3.92 pts,3,,3,,#N/A
16,12/17/24,6,S1,ENG701 / 16,JUNIOR ENG/A,JOHN CARVER,11,2026,A-,3.50 pts,3.33,,3,,#N/A
16,12/17/24,1,S1,FAR505 / 11,CONCERT CHOIR/A,DAVID DUARTE,10,2027,A,3.95 pts,7,,4,,#N/A
16,12/17/24,2,S1,SPA501 / 12,SPANISH 1 A,ROCHELLE AITON,10,2027,A,3.65 pts,4.57,,4,,#N/A
16,12/17/24,3,S1,SOC108 / 13,WORLD HISTORY/A,RYAN ISAACSON,10,2027,C,2.45 pts,4.57,,4,,#N/A
16,12/17/24,4,S1,SCI601 / 14,BIOLOGY A,GRANT MERRILL,10,2027,C-,2.10 pts,7.57,,4,,Yes
16,12/17/24,5,S1,ENG601 / 15,SOPH ENG/A,MARCEE SALAS,10,2027,C-,2.10 pts,5.29,,4,,Yes
16,12/17/24,6,S1,MAT522 / 36,GEOMETRY A,ROCHELLE AITON,10,2027,C-,2.19 pts,5.43,,4,,#N/A
16,12/17/24,6,S1,MAT522 / 36,GEOMETRY A,NINETTE LILIENTHAL,10,2027,C-,2.19 pts,5.43,,4,,#N/A
16,12/17/24,1,S1,VOC705 / 11,DIGITAL PHOTOGRAPHY I,ROSANNA RUFF,11,2026,C,2.22 pts,8,,5,,#N/A
16,12/17/24,2,S1,BUS301 / 12,PERSONAL FINANCE A,NICOLE SIMEK,11,2026,C,2.35 pts,7.86,,5,,Yes
16,12/17/24,3,S1,SCI503 / 33,PHYSICAL SCIENCE A,WILLIAM BAUR,11,2026,C,2.33 pts,9,,5,,#N/A
16,12/17/24,4,S1,SOC701 / 14,US HISTORY/A,DAVE HAJEK,11,2026,F,1.64 pts,8.57,,5,,Yes
16,12/17/24,5,S1,ENG701 / 15,JUNIOR ENG/A,JOHN CARVER,11,2026,D+,1.86 pts,9.43,,5,,Yes
16,12/17/24,6,S1,PED500 / 16,WEIGHT TRAINING,SCOTT DIZMANG,11,2026,A-,3.43 pts,10,,5,,#N/A
16,12/17/24,1,S1,PED513 / 11,TEAM GAMES,SCOTT DIZMANG,10,2027,A-,3.53 pts,3,,6,,#N/A
16,12/17/24,2,S1,MAT522 / 12,GEOMETRY A,ROCHELLE AITON,10,2027,B,2.92 pts,3,John L,6,Active,Yes
16,12/17/24,2,S1,MAT522 / 12,GEOMETRY A,NINETTE LILIENTHAL,10,2027,B,2.92 pts,3,John L,6,Active,Yes
16,12/17/24,3,S1,SOC108 / 13,WORLD HISTORY/A,RYAN ISAACSON,10,2027,C-,2.17 pts,3.14,,6,,#N/A
16,12/17/24,4,S1,FAR109 / 14,CERAMICS II,ROBERT YEE,10,2027,A,4.00 pts,3.14,,6,,#N/A
16,12/17/24,5,S1,ENG601 / 15,SOPH ENG/A,MARCEE SALAS,10,2027,D,1.65 pts,3.14,Pat,6,Active,Yes
16,12/17/24,6,S1,SCI601 / 36,BIOLOGY A,WILLIAM BAUR,10,2027,F,1.42 pts,3.14,Mimi,6,Active,Yes
16,12/17/24,1,S1,ENG801 / 11,SENIOR ENG/A,HEATHER CARVER,12,2025,C,2.30 pts,8.29,,7,,#N/A
16,12/17/24,2,S1,BUS301 / 12,PERSONAL FINANCE A,NICOLE SIMEK,12,2025,F,1.31 pts,8.14,,7,,Yes
16,12/17/24,3,S1,ONT400 / 13,ON-TRACK/A,BRIAN ANDERSON,12,2025,A,4.00 pts,7.57,,7,,#N/A
16,12/17/24,4,S1,ENG715 / 14,FILM AS LITERATURE,KELLY GREGERSEN,12,2025,C-,2.01 pts,8.14,,7,,#N/A
16,12/17/24,5,S1,CTE100 / 15,MEDICAL CAREERS & TERMS A,DONNA SCHATZ,12,2025,F,1.06 pts,7.86,,7,,#N/A
16,12/17/24,6,S1,SOC802 / 16,CIVICS,JIM REED,12,2025,F,0.63 pts,8.14,,7,,#N/A
16,12/17/24,1,S1,FAR720 / 11,PANTHER PLAYERS/A,KELLY GREGERSEN,11,2026,A,3.81 pts,6.29,,46,,#N/A
16,12/17/24,2,S1,SCI609 / 12,CHEMISTRY/A,GRANT MERRILL,11,2026,C+,2.57 pts,6.14,,46,,Yes
16,12/17/24,3,S1,MAT701 / 13,ALGEBRA II A,JENNIFER REILLY,11,2026,C,2.48 pts,6.14,,46,,Yes
16,12/17/24,4,S1,ENG715 / 14,FILM AS LITERATURE,KELLY GREGERSEN,11,2026,A-,3.52 pts,7.29,,46,,#N/A
16,12/17/24,5,S1,SOC701 / 15,US HISTORY/A,DAVE HAJEK,11,2026,C,2.30 pts,6.86,,46,,#N/A
16,12/17/24,6,S1,SPA501 / 16,SPANISH 1 A,ROCHELLE AITON,11,2026,A-,3.46 pts,6.86,,46,,#N/A
16,12/17/24,1,S1,FAR720 / 11,PANTHER PLAYERS/A,KELLY GREGERSEN,12,2025,A,3.61 pts,4.86,,8,,#N/A
16,12/17/24,2,S1,SPS103 / 12,OFFICE ASSISTANT,MARK CASTLE,12,2025,,,4.14,,8,,#N/A
16,12/17/24,3,S1,PED500 / 13,WEIGHT TRAINING,SCOTT BOOTHBY,12,2025,A,3.65 pts,4.14,,8,,#N/A
16,12/17/24,4,S1,ENG717 / 14,AP LITERATURE/ COMPOSITION A,HEATHER CARVER,12,2025,C+,2.62 pts,5.14,,8,,#N/A
16,12/17/24,5,S1,SOC802 / 15,CIVICS,SCOTT BOOTHBY,12,2025,C,2.34 pts,5.14,,8,,#N/A
16,12/17/24,6,S1,SCI503 / 16,PHYSICAL SCIENCE A,JAMES BENNETT,12,2025,F,1.61 pts,5.43,,8,,#N/A
16,12/17/24,1,S1,PED500 / 11,WEIGHT TRAINING,SCOTT BOOTHBY,10,2027,A-,3.54 pts,2.71,,9,,#N/A
16,12/17/24,2,S1,SOC108 / 12,WORLD HISTORY/A,DAVID HOLLINGSWORTH,10,2027,C+,2.58 pts,2.71,,9,,#N/A
16,12/17/24,3,S1,SCI601 / 13,BIOLOGY A,GRANT MERRILL,10,2027,C-,2.09 pts,1.86,,9,,Yes
16,12/17/24,4,S1,FAR109 / 14,CERAMICS II,ROBERT YEE,10,2027,A-,3.58 pts,2.14,,9,,#N/A
16,12/17/24,5,S1,MAT522 / 15,GEOMETRY A,BRIAN ANDERSON,10,2027,F,1.25 pts,2.14,Tom C,9,Active,Yes
16,12/17/24,6,S1,ENG601 / 16,SOPH ENG/A,MARCEE SALAS,10,2027,C,2.41 pts,2.14,,9,,#N/A
16,12/17/24,1,S1,MAT522 / 11,GEOMETRY A,ROCHELLE AITON,10,2027,B-,2.75 pts,0,John L,10,Active,Yes
16,12/17/24,1,S1,MAT522 / 11,GEOMETRY A,NINETTE LILIENTHAL,10,2027,B-,2.75 pts,0,John L,10,Active,Yes
16,12/17/24,2,S1,ENG601 / 12,SOPH ENG/A,KELLY GREGERSEN,10,2027,B,2.98 pts,0,,10,,Yes
16,12/17/24,3,S1,SOC108 / 13,WORLD HISTORY/A,RYAN ISAACSON,10,2027,C+,2.65 pts,0,,10,,#N/A
16,12/17/24,4,S1,HFL118 / 14,ADV CULINARY ARTS A,ALEXANDRA YOST,10,2027,C+,2.51 pts,0,,10,,#N/A
16,12/17/24,5,S1,VOC106 / 15,METAL MANUFACTURING & TECH I,DONALD O'BRIEN,10,2027,A,3.97 pts,0.14,,10,,#N/A
16,12/17/24,6,S1,SCI601 / 16,BIOLOGY A,GRANT MERRILL,10,2027,D+,1.83 pts,0.14,,10,,Yes
16,12/17/24,1,S1,SPA601 / 11,SPANISH II A,ROCHELLE AITON,11,2026,C,2.45 pts,2,,11,,#N/A
16,12/17/24,2,S1,HFL116 / 12,BAKING PASTRY ARTS I,KAYLA PAYNE,11,2026,B+,3.31 pts,2.14,,11,,#N/A
16,12/17/24,3,S1,MAT701 / 13,ALGEBRA II A,JENNIFER REILLY,11,2026,B,3.03 pts,2.57,,11,,Yes
16,12/17/24,4,S1,CTE114 / 14,ENGINEERING A,JASON BLAESING,11,2026,A-,3.40 pts,2.57,,11,,#N/A
16,12/17/24,5,S1,SOC703 / 15,AP US HISTORY A,RYAN ISAACSON,11,2026,A,3.99 pts,2.43,,11,,#N/A
16,12/17/24,6,S1,ENG701 / 16,JUNIOR ENG/A,JOHN CARVER,11,2026,B,2.98 pts,2,,11,,#N/A
16,12/17/24,1,S1,CTE114 / 11,ENGINEERING A,JASON BLAESING,11,2026,D,1.65 pts,6,,12,,#N/A
16,12/17/24,2,S1,VOC116 / 12,BASIC CARPENTRY 1,BRENT MANSELL,11,2026,C-,2.15 pts,6,,12,,#N/A
16,12/17/24,3,S1,BUS301 / 13,PERSONAL FINANCE A,NICOLE SIMEK,11,2026,D+,1.86 pts,6,,12,,Yes
16,12/17/24,4,S1,SOC701 / 14,US HISTORY/A,DAVE HAJEK,11,2026,F,1.48 pts,6.43,,12,,Yes
16,12/17/24,5,S1,VOC504 / 15,ADV FINE ARTS WOODWORKING I,BRENT MANSELL,11,2026,A,4.00 pts,6.43,,12,,#N/A
16,12/17/24,6,S1,ENG701 / 16,JUNIOR ENG/A,JOHN CARVER,11,2026,D+,1.85 pts,6.43,,12,,#N/A
16,12/17/24,1,S1,MAT522 / 11,GEOMETRY A,ROCHELLE AITON,10,2027,C-,2.15 pts,9.57,John L,13,Active,Yes
16,12/17/24,1,S1,MAT522 / 11,GEOMETRY A,NINETTE LILIENTHAL,10,2027,C-,2.15 pts,9.57,John L,13,Active,Yes
16,12/17/24,2,S1,ENG601 / 12,SOPH ENG/A,KELLY GREGERSEN,10,2027,F,1.39 pts,9.14,,13,,Yes
16,12/17/24,3,S1,SCI601 / 33,BIOLOGY A,DONNA SCHATZ,10,2027,D+,1.85 pts,9.29,,13,,#N/A
16,12/17/24,4,S1,CTE114 / 14,ENGINEERING A,JASON BLAESING,10,2027,F,1.37 pts,7.43,,13,,#N/A
16,12/17/24,5,S1,HFL113 / 15,INTRO CULINARY ART,ALEXANDRA YOST,10,2027,C+,2.61 pts,9.14,,13,,#N/A
16,12/17/24,6,S1,SOC108 / 36,WORLD HISTORY/A,DAVE HAJEK,10,2027,F,1.15 pts,9.43,,13,,#N/A
16,12/17/24,1,S1,ENG701 / 11,JUNIOR ENG/A,JOHN CARVER,11,2026,C,2.41 pts,2.86,,14,,#N/A
16,12/17/24,2,S1,VOC705 / 12,DIGITAL PHOTOGRAPHY I,ROSANNA RUFF,11,2026,C-,2.14 pts,2,,14,,#N/A
16,12/17/24,3,S1,MAT701 / 13,ALGEBRA II A,JENNIFER REILLY,11,2026,F,1.22 pts,2.29,Larry,14,Active,Yes
16,12/17/24,4,S1,SCI503 / 14,PHYSICAL SCIENCE A,JAMES BENNETT,11,2026,D,1.78 pts,3,,14,,#N/A
16,12/17/24,5,S1,SOC701 / 15,US HISTORY/A,DAVE HAJEK,11,2026,B-,2.79 pts,2.57,,14,,#N/A
16,12/17/24,6,S1,VOC502 / 16,FINE ARTS WOODWORKING I,BRENT MANSELL,11,2026,A,4.00 pts,2.29,,14,,#N/A
16,12/17/24,1,S1,SPA601 / 11,SPANISH II A,ROCHELLE AITON,10,2027,A-,3.47 pts,0,,15,,#N/A
16,12/17/24,2,S1,ENG601 / 12,SOPH ENG/A,KELLY GREGERSEN,10,2027,C+,2.50 pts,0,,15,,Yes
16,12/17/24,3,S1,SOC108 / 13,WORLD HISTORY/A,RYAN ISAACSON,10,2027,B,3.17 pts,0.43,,15,,#N/A
16,12/17/24,4,S1,SCI601 / 14,BIOLOGY A,GRANT MERRILL,10,2027,F,1.23 pts,0.57,Linda,15,Active,Yes
16,12/17/24,5,S1,PED513 / 15,TEAM GAMES,SCOTT DIZMANG,10,2027,B,3.05 pts,0,,15,,#N/A
16,12/17/24,6,S1,MAT522 / 36,GEOMETRY A,ROCHELLE AITON,10,2027,C-,2.11 pts,0.57,,15,,#N/A
16,12/17/24,6,S1,MAT522 / 36,GEOMETRY A,NINETTE LILIENTHAL,10,2027,C-,2.11 pts,0.57,,15,,#N/A
16,12/17/24,1,S1,SOC108 / 11,WORLD HISTORY/A,DAVID HOLLINGSWORTH,10,2027,C,2.29 pts,3,,16,,#N/A
16,12/17/24,2,S1,FAR113 / 12,INTRO TO ART AND DESIGN,ROBERT YEE,10,2027,B,3.00 pts,2.86,,16,,#N/A
16,12/17/24,3,S1,CTE120 / 13,CYBER SECURITY I,ROSANNA RUFF,10,2027,F,1.07 pts,2.86,,16,,#N/A
16,12/17/24,4,S1,MAT522 / 14,GEOMETRY A,ROCHELLE AITON,10,2027,F,1.50 pts,2.86,,16,,Yes
16,12/17/24,4,S1,MAT522 / 14,GEOMETRY A,NINETTE LILIENTHAL,10,2027,F,1.50 pts,2.86,,16,,Yes
16,12/17/24,5,S1,SCI503 / 35,PHYSICAL SCIENCE A,WILLIAM BAUR,10,2027,C-,2.00 pts,2.86,,16,,#N/A
16,12/17/24,6,S1,ENG601 / 16,SOPH ENG/A,MARCEE SALAS,10,2027,C,2.47 pts,2.86,,16,,#N/A
16,12/17/24,1,S1,VOC106 / 11,METAL MANUFACTURING & TECH I,DONALD O'BRIEN,10,2027,C,2.31 pts,5.29,,17,,#N/A
16,12/17/24,2,S1,ENG601 / 12,SOPH ENG/A,KELLY GREGERSEN,10,2027,C-,2.03 pts,3.14,,17,,Yes
16,12/17/24,3,S1,SCI601 / 33,BIOLOGY A,DONNA SCHATZ,10,2027,C-,2.14 pts,4.43,,17,,#N/A
16,12/17/24,4,S1,MAT522 / 14,GEOMETRY A,ROCHELLE AITON,10,2027,F,1.60 pts,4.43,John L,17,Active,Yes
16,12/17/24,4,S1,MAT522 / 14,GEOMETRY A,NINETTE LILIENTHAL,10,2027,F,1.60 pts,4.43,John L,17,Active,Yes
16,12/17/24,5,S1,PED513 / 15,TEAM GAMES,SCOTT DIZMANG,10,2027,A,3.98 pts,3.14,,17,,#N/A
16,12/17/24,6,S1,SOC108 / 36,WORLD HISTORY/A,DAVE HAJEK,10,2027,F,1.59 pts,4,,17,,#N/A
16,12/17/24,1,S1,PED101 / 11,PHYSICAL EDUCATION,KATHERINE STURDYVIN-SCOBBA,12,2025,F,1.48 pts,5.29,,18,,#N/A
16,12/17/24,2,S1,BUS301 / 12,PERSONAL FINANCE A,NICOLE SIMEK,12,2025,C,2.24 pts,3,,18,,Yes
16,12/17/24,3,S1,SOC802 / 13,CIVICS,JIM REED,12,2025,C,2.30 pts,2.71,,18,,#N/A
16,12/17/24,4,S1,AACTM1 / 14,ACADEMIC ACHIEVEMENT A,TIMOTHY MOORE,12,2025,A,3.60 pts,5.29,,18,,#N/A
16,12/17/24,5,S1,ONT400 / 15,ON-TRACK/A,ROBERT YEE,12,2025,B,2.90 pts,3,,18,,#N/A
16,12/17/24,6,S1,ENG801 / 16,SENIOR ENG/A,HEATHER CARVER,12,2025,B,3.09 pts,2.14,,18,,#N/A
16,12/17/24,1,S1,PED500 / 11,WEIGHT TRAINING,SCOTT BOOTHBY,9,2028,A,3.88 pts,5.86,,2,,#N/A
16,12/17/24,2,S1,ASL501 / 12,AMERICAN SIGN LANGUAGE I/A,KYLA RITCHEY,9,2028,A-,3.57 pts,5.86,,2,,#N/A
16,12/17/24,3,S1,MAT520 / 33,ALGEBRA I A,JANET GROVE,9,2028,B-,2.89 pts,6.71,,2,,#N/A
16,12/17/24,4,S1,SCI503 / 14,PHYSICAL SCIENCE A,JAMES BENNETT,9,2028,C-,2.07 pts,8.29,,2,,#N/A
16,12/17/24,5,S1,HFL113 / 15,INTRO CULINARY ART,ALEXANDRA YOST,9,2028,C,2.41 pts,8.57,,2,,#N/A
16,12/17/24,6,S1,ENG501 / 16,FR ENGLISH/A,DAVID HOLLINGSWORTH,9,2028,B-,2.78 pts,8.71,,2,,Yes
16,12/17/24,1,S1,CTE114 / 11,ENGINEERING A,JASON BLAESING,11,2026,D,1.79 pts,3.57,,19,,#N/A
16,12/17/24,2,S1,FAR113 / 12,INTRO TO ART AND DESIGN,ROBERT YEE,11,2026,A,3.61 pts,3,,19,,#N/A
16,12/17/24,3,S1,FAR605 / 13,INTRO TO THEATRE,KELLY GREGERSEN,11,2026,A,3.70 pts,3,,19,,#N/A
16,12/17/24,4,S1,ENG701 / 14,JUNIOR ENG/A,JOHN CARVER,11,2026,A-,3.57 pts,4.43,,19,,#N/A
16,12/17/24,5,S1,SOC703 / 15,AP US HISTORY A,RYAN ISAACSON,11,2026,A-,3.50 pts,4.29,,19,,#N/A
16,12/17/24,6,S1,MAT701 / 16,ALGEBRA II A,JASON BLAESING,11,2026,C+,2.58 pts,4.57,Larry,19,Active,Yes
16,12/17/24,1,S1,ENG601 / 11,SOPH ENG/A,MARCEE SALAS,10,2027,B-,2.81 pts,3.14,,20,,#N/A
16,12/17/24,2,S1,MAT522 / 32,GEOMETRY A,BRIAN ANDERSON,10,2027,D+,1.85 pts,3,,20,,#N/A
16,12/17/24,3,S1,VOC620 / 13,METAL CRAFTS & PRODUCTION I,DONALD O'BRIEN,10,2027,B+,3.38 pts,2.57,,20,,#N/A
16,12/17/24,4,S1,SCI601 / 14,BIOLOGY A,GRANT MERRILL,10,2027,C,2.29 pts,1.14,,20,,Yes
16,12/17/24,5,S1,CTE100 / 15,MEDICAL CAREERS & TERMS A,DONNA SCHATZ,10,2027,A-,3.40 pts,1.43,,20,,#N/A
16,12/17/24,6,S1,SOC108 / 36,WORLD HISTORY/A,DAVE HAJEK,10,2027,C,2.27 pts,1.29,,20,,#N/A
16,12/17/24,1,S1,SOC701 / 11,US HISTORY/A,DAVE HAJEK,11,2026,F,1.09 pts,8.14,,21,,#N/A
16,12/17/24,2,S1,SCI609 / 12,CHEMISTRY/A,GRANT MERRILL,11,2026,F,1.49 pts,7,Jay,21,Active,Yes
16,12/17/24,3,S1,BUS301 / 13,PERSONAL FINANCE A,NICOLE SIMEK,11,2026,B-,2.79 pts,7.43,,21,,Yes
16,12/17/24,4,S1,HFL118 / 14,ADV CULINARY ARTS A,ALEXANDRA YOST,11,2026,A,3.73 pts,7.43,,21,,#N/A
16,12/17/24,5,S1,ENG701 / 15,JUNIOR ENG/A,JOHN CARVER,11,2026,C+,2.57 pts,7.14,,21,,Yes
16,12/17/24,6,S1,PED500 / 16,WEIGHT TRAINING,SCOTT DIZMANG,11,2026,A,3.84 pts,7.71,,21,,#N/A
16,12/17/24,1,S1,FAR109 / 11,CERAMICS II,ROBERT YEE,11,2026,B,3.17 pts,2.57,,22,,#N/A
16,12/17/24,2,S1,FAR113 / 12,INTRO TO ART AND DESIGN,ROBERT YEE,11,2026,B+,3.31 pts,2.86,,22,,#N/A
16,12/17/24,3,S1,MAT701 / 13,ALGEBRA II A,JENNIFER REILLY,11,2026,B,3.04 pts,3.71,,22,,Yes
16,12/17/24,4,S1,SCI503 / 34,PHYSICAL SCIENCE A,WILLIAM BAUR,11,2026,B+,3.20 pts,3.29,,22,,#N/A
16,12/17/24,5,S1,SOC701 / 15,US HISTORY/A,DAVE HAJEK,11,2026,C,2.45 pts,3.43,,22,,#N/A
16,12/17/24,6,S1,ENG701 / 16,JUNIOR ENG/A,JOHN CARVER,11,2026,B+,3.26 pts,3.71,,22,,#N/A
16,12/17/24,1,S1,SCI503 / 11,PHYSICAL SCIENCE A,JAMES BENNETT,11,2026,F,1.15 pts,26.14,,23,,#N/A
16,12/17/24,2,S1,BUS301 / 12,PERSONAL FINANCE A,NICOLE SIMEK,11,2026,F,0.86 pts,24.57,,23,,Yes
16,12/17/24,3,S1,ONT400 / 13,ON-TRACK/A,BRIAN ANDERSON,11,2026,C-,2.15 pts,22.71,,23,,#N/A
16,12/17/24,4,S1,SOC701 / 14,US HISTORY/A,DAVE HAJEK,11,2026,F,0.38 pts,24.86,,23,,Yes
16,12/17/24,5,S1,ENG701 / 15,JUNIOR ENG/A,JOHN CARVER,11,2026,F,0.97 pts,22,,23,,Yes
16,12/17/24,6,S1,FAR604 / 16,SCENE DESIGN,KELLY GREGERSEN,11,2026,C-,2.03 pts,21.29,,23,,#N/A
16,12/17/24,1,S1,MAT704 / 11,PRE-CALC A MAT 153,BRIAN ANDERSON,12,2025,D+,1.93 pts,3.5,,24,,Yes
16,12/17/24,2,S1,RUN101 / 12,RUNNING START/A,,12,2025,,,0,,24,,#N/A
16,12/17/24,3,S1,CTE120 / 13,CYBER SECURITY I,ROSANNA RUFF,12,2025,B,3.04 pts,4,,24,,#N/A
16,12/17/24,4,S1,RUN101 / 14,RUNNING START/A,,12,2025,,,0,,24,,#N/A
16,12/17/24,5,S1,SOC802 / 15,CIVICS,SCOTT BOOTHBY,12,2025,A,3.79 pts,3,,24,,#N/A
16,12/17/24,6,S1,RUN101 / 16,RUNNING START/A,,12,2025,,,0,,24,,#N/A
16,12/17/24,1,S1,PED513 / 11,TEAM GAMES,SCOTT DIZMANG,9,2028,A,3.64 pts,1,,25,,#N/A
16,12/17/24,2,S1,HFL114 / 12,FAMILY HEALTH,MICHAEL ISOTALO,9,2028,C+,2.65 pts,1.86,,25,,#N/A
16,12/17/24,2,S1,HFL114 / 12,FAMILY HEALTH,THOMAS KESSINGER,9,2028,C+,2.65 pts,1.86,,25,,#N/A
16,12/17/24,3,S1,SCI503 / 33,PHYSICAL SCIENCE A,WILLIAM BAUR,9,2028,D,1.66 pts,1.86,,25,,#N/A
16,12/17/24,4,S1,VOC300 / 14,SMALL ENGINE REPAIR I,DONALD O'BRIEN,9,2028,C,2.47 pts,1.86,,25,,#N/A
16,12/17/24,5,S1,MAT520 / 15,ALGEBRA I A,KEVIN REILLY,9,2028,C,2.31 pts,2,,25,,#N/A
16,12/17/24,6,S1,ENG501 / 16,FR ENGLISH/A,DAVID HOLLINGSWORTH,9,2028,F,0.87 pts,2,,25,,Yes
16,12/17/24,1,S1,SCI503 / 11,PHYSICAL SCIENCE A,JAMES BENNETT,11,2026,F,0.08 pts,25.43,,26,,#N/A
16,12/17/24,2,S1,VOC705 / 12,DIGITAL PHOTOGRAPHY I,ROSANNA RUFF,11,2026,D,1.79 pts,20.14,,26,,#N/A
16,12/17/24,3,S1,ONT400 / 13,ON-TRACK/A,BRIAN ANDERSON,11,2026,B-,2.77 pts,9.57,,26,,#N/A
16,12/17/24,4,S1,SOC701 / 14,US HISTORY/A,DAVE HAJEK,11,2026,F,1.06 pts,17.71,,26,,Yes
16,12/17/24,5,S1,BUS301 / 15,PERSONAL FINANCE A,NICOLE SIMEK,11,2026,F,1.00 pts,12.71,,26,,#N/A
16,12/17/24,6,S1,ENG701 / 16,JUNIOR ENG/A,JOHN CARVER,11,2026,D+,1.83 pts,17.71,,26,,#N/A
16,12/17/24,1,S1,ASL505 / 11,AMER SIGN III/A,TAMI GRANT,11,2026,B+,3.20 pts,2.43,,29,,#N/A
16,12/17/24,2,S1,SCI503 / 32,PHYSICAL SCIENCE A,WILLIAM BAUR,11,2026,B,3.03 pts,1.71,,29,,#N/A
16,12/17/24,3,S1,ENG719 / 13,AP LANGUAGE/COMPOSITION A,HEATHER CARVER,11,2026,B-,2.71 pts,2.57,,29,,#N/A
16,12/17/24,4,S1,MAT701 / 14,ALGEBRA II A,JENNIFER REILLY,11,2026,B,3.11 pts,4,,29,,#N/A
16,12/17/24,5,S1,CTE501 / 15,PROJECT IN LEADERSHIP/A,KYLA RITCHEY,11,2026,A,3.92 pts,1.71,,29,,#N/A
16,12/17/24,6,S1,SOC701 / 16,US HISTORY/A,SCOTT BOOTHBY,11,2026,D,1.69 pts,3.57,Melanie,29,Active,Yes
16,12/17/24,1,S1,PED500 / 11,WEIGHT TRAINING,SCOTT BOOTHBY,12,2025,C,2.24 pts,7.71,,27,,#N/A
16,12/17/24,2,S1,BUS301 / 12,PERSONAL FINANCE A,NICOLE SIMEK,12,2025,F,0.87 pts,7.29,,27,,Yes
16,12/17/24,3,S1,ONT400 / 13,ON-TRACK/A,BRIAN ANDERSON,12,2025,A,4.00 pts,6.86,,27,,#N/A
16,12/17/24,4,S1,SOC802 / 14,CIVICS,JIM REED,12,2025,F,0.60 pts,9.29,,27,,#N/A
16,12/17/24,5,S1,CTE100 / 15,MEDICAL CAREERS & TERMS A,DONNA SCHATZ,12,2025,F,0.26 pts,9,,27,,#N/A
16,12/17/24,6,S1,ENG801 / 16,SENIOR ENG/A,HEATHER CARVER,12,2025,D+,1.91 pts,9,,27,,#N/A
16,12/17/24,1,S1,ENG601 / 11,SOPH ENG/A,MARCEE SALAS,10,2027,C,2.23 pts,3.43,,28,,#N/A
16,12/17/24,2,S1,SCI601 / 32,BIOLOGY A,DONNA SCHATZ,10,2027,D+,1.83 pts,3.57,,28,,#N/A
16,12/17/24,3,S1,ASL501 / 13,AMERICAN SIGN LANGUAGE I/A,KYLA RITCHEY,10,2027,A,4.00 pts,4.43,,28,,#N/A
16,12/17/24,4,S1,MAT522 / 14,GEOMETRY A,ROCHELLE AITON,10,2027,F,1.27 pts,3.86,,28,,Yes
16,12/17/24,4,S1,MAT522 / 14,GEOMETRY A,NINETTE LILIENTHAL,10,2027,F,1.27 pts,3.86,,28,,Yes
16,12/17/24,5,S1,CTE222 / 15,MUSIC PROD IA,DAVID DUARTE,10,2027,F,0.10 pts,4.71,,28,,#N/A
16,12/17/24,6,S1,SOC108 / 16,WORLD HISTORY/A,RYAN ISAACSON,10,2027,F,0.55 pts,4.86,,28,,#N/A
16,12/17/24,1,S1,PED513 / 11,TEAM GAMES,SCOTT DIZMANG,12,2025,B-,2.81 pts,6.14,,30,,#N/A
16,12/17/24,2,S1,ASL503 / 12,AMERICAN SIGN LANGUAGE II/A,TAMI GRANT,12,2025,A-,3.55 pts,4.71,,30,,#N/A
16,12/17/24,3,S1,BUS301 / 13,PERSONAL FINANCE A,NICOLE SIMEK,12,2025,B,3.06 pts,3.71,,30,,Yes
16,12/17/24,4,S1,SOC802 / 14,CIVICS,JIM REED,12,2025,B+,3.25 pts,4.43,,30,,#N/A
16,12/17/24,5,S1,VOC106 / 15,METAL MANUFACTURING & TECH I,DONALD O'BRIEN,12,2025,B,3.19 pts,5.29,,30,,#N/A
16,12/17/24,6,S1,ENG801 / 16,SENIOR ENG/A,HEATHER CARVER,12,2025,B,2.98 pts,5.14,,30,,#N/A
16,12/17/24,1,S1,PED513 / 11,TEAM GAMES,SCOTT DIZMANG,11,2026,B,3.17 pts,29.74,,31,,#N/A
16,12/17/24,2,S1,MAT520 / 12,ALGEBRA I A,KEVIN REILLY,11,2026,C,2.24 pts,25.77,,31,,#N/A
16,12/17/24,3,S1,ELE403 / 13,LANGUAGE SUPPORT/A,HAYLEY ALVARADO,11,2026,,,8.8,,31,,Yes
16,12/17/24,4,S1,FAR108 / 14,CERAMICS I,ROBERT YEE,11,2026,A-,3.58 pts,20.03,,31,,#N/A
16,12/17/24,5,S1,NCR105 / 15,EARLY DISMISSAL,MARK CASTLE,11,2026,,,0,,31,,#N/A
16,12/17/24,6,S1,NCR105 / 16,EARLY DISMISSAL,MARK CASTLE,11,2026,,,0,,31,,#N/A
16,12/17/24,1,S1,FAR108 / 11,CERAMICS I,ROBERT YEE,10,2027,B-,2.78 pts,6.71,,32,,#N/A
16,12/17/24,2,S1,SOC108 / 12,WORLD HISTORY/A,DAVID HOLLINGSWORTH,10,2027,F,1.63 pts,7.14,,32,,#N/A
16,12/17/24,3,S1,SCI601 / 33,BIOLOGY A,DONNA SCHATZ,10,2027,C,2.36 pts,7.29,,32,,#N/A
16,12/17/24,4,S1,MAT522 / 14,GEOMETRY A,ROCHELLE AITON,10,2027,C,2.32 pts,8.71,,32,,Yes
16,12/17/24,4,S1,MAT522 / 14,GEOMETRY A,NINETTE LILIENTHAL,10,2027,C,2.32 pts,8.71,,32,,Yes
16,12/17/24,5,S1,ASL503 / 15,AMERICAN SIGN LANGUAGE II/A,TAMI GRANT,10,2027,B-,2.75 pts,8.86,,32,,#N/A
16,12/17/24,6,S1,ENG601 / 16,SOPH ENG/A,MARCEE SALAS,10,2027,C,2.23 pts,8.86,,32,,#N/A
16,12/17/24,1,S1,VOC705 / 11,DIGITAL PHOTOGRAPHY I,ROSANNA RUFF,10,2027,D+,1.96 pts,1.57,,33,,#N/A
16,12/17/24,2,S1,MAT522 / 12,GEOMETRY A,ROCHELLE AITON,10,2027,F,1.55 pts,0.71,,33,,Yes
16,12/17/24,2,S1,MAT522 / 12,GEOMETRY A,NINETTE LILIENTHAL,10,2027,F,1.55 pts,0.71,,33,,Yes
16,12/17/24,3,S1,ASL501 / 13,AMERICAN SIGN LANGUAGE I/A,KYLA RITCHEY,10,2027,F,1.09 pts,0.57,,33,,#N/A
16,12/17/24,4,S1,SOC108 / 14,WORLD HISTORY/A,DAVID HOLLINGSWORTH,10,2027,F,1.25 pts,0,,33,,#N/A
16,12/17/24,5,S1,ENG601 / 15,SOPH ENG/A,MARCEE SALAS,10,2027,F,1.52 pts,0,,33,,Yes
16,12/17/24,6,S1,SCI601 / 36,BIOLOGY A,WILLIAM BAUR,10,2027,C-,2.06 pts,0,,33,,Yes
16,12/17/24,1,S1,VOC106 / 11,METAL MANUFACTURING & TECH I,DONALD O'BRIEN,10,2027,C+,2.64 pts,4.14,,34,,#N/A
16,12/17/24,2,S1,ENG601 / 12,SOPH ENG/A,KELLY GREGERSEN,10,2027,F,0.52 pts,2.43,Cindy,34,Active,Yes
16,12/17/24,3,S1,SCI601 / 13,BIOLOGY A,GRANT MERRILL,10,2027,F,0.22 pts,4.29,,34,,Yes
16,12/17/24,4,S1,MAT522 / 14,GEOMETRY A,ROCHELLE AITON,10,2027,F,1.60 pts,3,John L,34,Active,Yes
16,12/17/24,4,S1,MAT522 / 14,GEOMETRY A,NINETTE LILIENTHAL,10,2027,F,1.60 pts,3,John L,34,Active,Yes
16,12/17/24,5,S1,VOC503 / 15,FINE ARTS WOODS II,BRENT MANSELL,10,2027,C,2.49 pts,3,,34,,#N/A
16,12/17/24,6,S1,SOC108 / 16,WORLD HISTORY/A,RYAN ISAACSON,10,2027,C-,2.02 pts,3,,34,,#N/A
16,12/17/24,1,S1,ENG801 / 11,SENIOR ENG/A,HEATHER CARVER,12,2025,C,2.27 pts,3,,35,,#N/A
16,12/17/24,2,S1,SCI609 / 12,CHEMISTRY/A,GRANT MERRILL,12,2025,F,0.95 pts,3.57,Larry,35,Active,Yes
16,12/17/24,3,S1,SOC802 / 13,CIVICS,JIM REED,12,2025,C-,2.02 pts,3.71,,35,,#N/A
16,12/17/24,4,S1,HFL115 / 14,ADVANCED PASTRY ARTS I,KAYLA PAYNE,12,2025,A-,3.46 pts,3.57,,35,,#N/A
16,12/17/24,5,S1,ONT400 / 15,ON-TRACK/A,ROBERT YEE,12,2025,B-,2.88 pts,4.71,,35,,#N/A
16,12/17/24,6,S1,FAR111 / 16,CERAMICS IV,ROBERT YEE,12,2025,F,1.50 pts,4.43,,35,,#N/A
16,12/17/24,1,S1,CTE114 / 11,ENGINEERING A,JASON BLAESING,11,2026,D,1.70 pts,7.29,,36,,#N/A
16,12/17/24,2,S1,MAT701 / 12,ALGEBRA II A,JASON BLAESING,11,2026,F,1.17 pts,7,,36,,Yes
16,12/17/24,3,S1,PED500 / 13,WEIGHT TRAINING,SCOTT BOOTHBY,11,2026,B+,3.39 pts,7.14,,36,,#N/A
16,12/17/24,4,S1,ENG701 / 14,JUNIOR ENG/A,JOHN CARVER,11,2026,F,1.49 pts,7.14,,36,,#N/A
16,12/17/24,5,S1,SOC701 / 15,US HISTORY/A,DAVE HAJEK,11,2026,F,1.63 pts,7,,36,,#N/A
16,12/17/24,6,S1,FAR542 / 16,WIND ENSEMB/A,DAVID DUARTE,11,2026,A,4.00 pts,7,,36,,#N/A
16,12/17/24,1,S1,VOC502 / 11,FINE ARTS WOODWORKING I,BRENT MANSELL,11,2026,B,3.03 pts,6.86,,37,,#N/A
16,12/17/24,2,S1,SCI503 / 12,PHYSICAL SCIENCE A,JAMES BENNETT,11,2026,D,1.72 pts,6.86,,37,,#N/A
16,12/17/24,3,S1,ONT400 / 13,ON-TRACK/A,BRIAN ANDERSON,11,2026,A,4.00 pts,7,,37,,#N/A
16,12/17/24,4,S1,ENG715 / 14,FILM AS LITERATURE,KELLY GREGERSEN,11,2026,C,2.24 pts,6.86,,37,,#N/A
16,12/17/24,5,S1,BUS301 / 15,PERSONAL FINANCE A,NICOLE SIMEK,11,2026,F,1.48 pts,6.86,,37,,#N/A
16,12/17/24,6,S1,SOC701 / 16,US HISTORY/A,SCOTT BOOTHBY,11,2026,D+,1.94 pts,7,,37,,Yes
16,12/17/24,1,S1,VOC502 / 11,FINE ARTS WOODWORKING I,BRENT MANSELL,10,2027,A,4.00 pts,9.43,,38,,#N/A
16,12/17/24,2,S1,SCI601 / 32,BIOLOGY A,DONNA SCHATZ,10,2027,C-,2.17 pts,10,,38,,#N/A
16,12/17/24,3,S1,MAT522 / 13,GEOMETRY A,ROCHELLE AITON,10,2027,F,1.44 pts,9.71,,38,,Yes
16,12/17/24,3,S1,MAT522 / 13,GEOMETRY A,NINETTE LILIENTHAL,10,2027,F,1.44 pts,9.71,,38,,Yes
16,12/17/24,4,S1,PED500 / 14,WEIGHT TRAINING,SCOTT DIZMANG,10,2027,A-,3.59 pts,9.57,,38,,#N/A
16,12/17/24,5,S1,ENG601 / 15,SOPH ENG/A,MARCEE SALAS,10,2027,C-,2.04 pts,9.86,,38,,Yes
16,12/17/24,6,S1,SOC108 / 36,WORLD HISTORY/A,DAVE HAJEK,10,2027,D,1.67 pts,8.57,,38,,#N/A
16,12/17/24,1,S1,VOC106 / 11,METAL MANUFACTURING & TECH I,DONALD O'BRIEN,10,2027,B,3.19 pts,2.57,,39,,#N/A
16,12/17/24,2,S1,SOC108 / 12,WORLD HISTORY/A,DAVID HOLLINGSWORTH,10,2027,D+,1.90 pts,2.14,,39,,#N/A
16,12/17/24,3,S1,MAT522 / 13,GEOMETRY A,ROCHELLE AITON,10,2027,C-,2.00 pts,2.29,,39,,Yes
16,12/17/24,3,S1,MAT522 / 13,GEOMETRY A,NINETTE LILIENTHAL,10,2027,C-,2.00 pts,2.29,,39,,Yes
16,12/17/24,4,S1,PED500 / 14,WEIGHT TRAINING,SCOTT DIZMANG,10,2027,A-,3.43 pts,2,,39,,#N/A
16,12/17/24,5,S1,ENG601 / 15,SOPH ENG/A,MARCEE SALAS,10,2027,F,1.62 pts,2.29,,39,,Yes
16,12/17/24,6,S1,SCI601 / 36,BIOLOGY A,WILLIAM BAUR,10,2027,D,1.78 pts,1.29,,39,,Yes
16,12/17/24,1,S1,ENG701 / 11,JUNIOR ENG/A,JOHN CARVER,11,2026,C+,2.50 pts,5,,40,,#N/A
16,12/17/24,2,S1,MAT701 / 12,ALGEBRA II A,JASON BLAESING,11,2026,F,1.42 pts,4.86,,40,,Yes
16,12/17/24,3,S1,PED500 / 13,WEIGHT TRAINING,SCOTT BOOTHBY,11,2026,A,3.81 pts,4.86,,40,,#N/A
16,12/17/24,4,S1,SCI503 / 34,PHYSICAL SCIENCE A,WILLIAM BAUR,11,2026,C,2.21 pts,5.86,,40,,#N/A
16,12/17/24,5,S1,SPA601 / 15,SPANISH II A,ROCHELLE AITON,11,2026,D+,1.89 pts,5.86,,40,,#N/A
16,12/17/24,6,S1,SOC701 / 16,US HISTORY/A,SCOTT BOOTHBY,11,2026,B-,2.86 pts,6,,40,,Yes
16,12/17/24,1,S1,SOC701 / 11,US HISTORY/A,DAVE HAJEK,11,2026,C-,2.06 pts,3.14,,47,,#N/A
16,12/17/24,2,S1,SCI609 / 12,CHEMISTRY/A,GRANT MERRILL,11,2026,F,1.43 pts,2.86,,47,,Yes
16,12/17/24,3,S1,ASL503 / 13,AMERICAN SIGN LANGUAGE II/A,TAMI GRANT,11,2026,B-,2.85 pts,2,,47,,#N/A
16,12/17/24,4,S1,PED500 / 14,WEIGHT TRAINING,SCOTT DIZMANG,11,2026,A,4.00 pts,2,,47,,#N/A
16,12/17/24,5,S1,MAT701 / 35,ALGEBRA II A,JENNIFER REILLY,11,2026,B,3.09 pts,2,,47,,#N/A
16,12/17/24,6,S1,ENG701 / 16,JUNIOR ENG/A,JOHN CARVER,11,2026,B,3.09 pts,2,,47,,#N/A
16,12/17/24,1,S1,ENG701 / 11,JUNIOR ENG/A,JOHN CARVER,11,2026,C+,2.63 pts,3.43,,41,,#N/A
16,12/17/24,2,S1,HFL116 / 12,BAKING PASTRY ARTS I,KAYLA PAYNE,11,2026,D+,1.89 pts,2.14,,41,,#N/A
16,12/17/24,3,S1,SCI503 / 33,PHYSICAL SCIENCE A,WILLIAM BAUR,11,2026,C,2.47 pts,1,,41,,#N/A
16,12/17/24,4,S1,SOC701 / 14,US HISTORY/A,DAVE HAJEK,11,2026,D+,1.98 pts,2.86,,41,,Yes
16,12/17/24,5,S1,ASL503 / 15,AMERICAN SIGN LANGUAGE II/A,TAMI GRANT,11,2026,A-,3.50 pts,2.14,,41,,#N/A
16,12/17/24,6,S1,MAT701 / 16,ALGEBRA II A,JASON BLAESING,11,2026,C-,2.12 pts,2.14,Larry,41,Active,Yes
16,12/17/24,1,S1,FAR606 / 11,ADVANCED ACTING/ A,KELLY GREGERSEN,12,2025,A,3.81 pts,2.14,,42,,#N/A
16,12/17/24,2,S1,SCI609 / 12,CHEMISTRY/A,GRANT MERRILL,12,2025,F,0.77 pts,1.43,,42,,Yes
16,12/17/24,3,S1,ENG801 / 13,SENIOR ENG/A,JOHN CARVER,12,2025,B-,2.80 pts,3.29,,42,,#N/A
16,12/17/24,4,S1,HFL118 / 14,ADV CULINARY ARTS A,ALEXANDRA YOST,12,2025,B,2.99 pts,3.14,,42,,#N/A
16,12/17/24,5,S1,BUS301 / 15,PERSONAL FINANCE A,NICOLE SIMEK,12,2025,D+,1.94 pts,2.57,,42,,#N/A
16,12/17/24,6,S1,FAR542 / 16,WIND ENSEMB/A,DAVID DUARTE,12,2025,A,3.99 pts,2.57,,42,,#N/A
16,12/17/24,1,S1,ENG701 / 11,JUNIOR ENG/A,JOHN CARVER,11,2026,D+,1.86 pts,22.71,,43,,#N/A
16,12/17/24,2,S1,SCI503 / 12,PHYSICAL SCIENCE A,JAMES BENNETT,11,2026,C+,2.53 pts,20.71,,43,,#N/A
16,12/17/24,3,S1,ASL503 / 13,AMERICAN SIGN LANGUAGE II/A,TAMI GRANT,11,2026,C-,2.11 pts,16.43,,43,,#N/A
16,12/17/24,4,S1,SOC701 / 14,US HISTORY/A,DAVE HAJEK,11,2026,F,1.64 pts,22,,43,,Yes
16,12/17/24,5,S1,SOC105 / 15,AP PSYCHOLOGY A,JIM REED,11,2026,F,1.08 pts,17.43,,43,,#N/A
16,12/17/24,6,S1,MAT701 / 16,ALGEBRA II A,JASON BLAESING,11,2026,F,1.61 pts,20.86,,43,,Yes
16,12/17/24,1,S1,MAT522 / 11,GEOMETRY A,ROCHELLE AITON,10,2027,F,1.59 pts,18.14,,44,,Yes
16,12/17/24,1,S1,MAT522 / 11,GEOMETRY A,NINETTE LILIENTHAL,10,2027,F,1.59 pts,18.14,,44,,Yes
16,12/17/24,2,S1,HFL116 / 12,BAKING PASTRY ARTS I,KAYLA PAYNE,10,2027,C-,2.06 pts,13.71,,44,,#N/A
16,12/17/24,3,S1,SCI601 / 33,BIOLOGY A,DONNA SCHATZ,10,2027,F,0.40 pts,14.57,,44,,#N/A
16,12/17/24,4,S1,PED500 / 14,WEIGHT TRAINING,SCOTT DIZMANG,10,2027,C+,2.54 pts,20,,44,,#N/A
16,12/17/24,5,S1,ENG601 / 15,SOPH ENG/A,MARCEE SALAS,10,2027,D,1.72 pts,17.86,,44,,Yes
16,12/17/24,6,S1,SOC108 / 16,WORLD HISTORY/A,RYAN ISAACSON,10,2027,F,0.96 pts,20.71,,44,,#N/A
16,12/17/24,1,S1,VOC705 / 11,DIGITAL PHOTOGRAPHY I,ROSANNA RUFF,11,2026,A-,3.52 pts,4.43,,45,,#N/A
16,12/17/24,2,S1,SCI609 / 12,CHEMISTRY/A,GRANT MERRILL,11,2026,D+,1.97 pts,4.29,,45,,Yes
16,12/17/24,3,S1,ENG719 / 13,AP LANGUAGE/COMPOSITION A,HEATHER CARVER,11,2026,B+,3.29 pts,3.86,,45,,#N/A
16,12/17/24,4,S1,PED500 / 14,WEIGHT TRAINING,SCOTT DIZMANG,11,2026,A,3.76 pts,3.86,,45,,#N/A
16,12/17/24,5,S1,SOC703 / 15,AP US HISTORY A,RYAN ISAACSON,11,2026,A,4.00 pts,3.86,,45,,#N/A
16,12/17/24,6,S1,MAT701 / 16,ALGEBRA II A,JASON BLAESING,11,2026,C+,2.54 pts,4,,45,,Yes
16,12/17/24,3,S1,MAT522 / 13,GEOMETRY A,ROCHELLE AITON,10,2027,F,0.00 pts,33.57,,160,,Yes
16,12/17/24,3,S1,MAT522 / 13,GEOMETRY A,NINETTE LILIENTHAL,10,2027,F,0.00 pts,33.57,,160,,Yes
16,12/17/24,1,S1,MAT522 / 11,GEOMETRY A,ROCHELLE AITON,10,2027,B,3.00 pts,9.71,,386,,Yes
16,12/17/24,1,S1,MAT522 / 11,GEOMETRY A,NINETTE LILIENTHAL,10,2027,B,3.00 pts,9.71,,386,,Yes
16,12/17/24,3,S1,SCI601 / 13,BIOLOGY A,GRANT MERRILL,10,2027,C,2.28 pts,7.71,,386,,Yes
16,12/17/24,3,S1,MAT522 / 13,GEOMETRY A,ROCHELLE AITON,10,2027,F,1.33 pts,20.14,,67,,Yes
16,12/17/24,3,S1,MAT522 / 13,GEOMETRY A,NINETTE LILIENTHAL,10,2027,F,1.33 pts,20.14,,67,,Yes
16,12/17/24,4,S1,SCI601 / 14,BIOLOGY A,GRANT MERRILL,10,2027,F,0.70 pts,20.29,,67,,Yes
16,12/17/24,4,S1,SOC701 / 14,US HISTORY/A,DAVE HAJEK,11,2026,F,0.96 pts,11,,451,,Yes
16,12/17/24,2,S1,SCI609 / 12,CHEMISTRY/A,GRANT MERRILL,11,2026,C+,2.62 pts,3.29,,297,,Yes
16,12/17/24,2,S1,BUS301 / 12,PERSONAL FINANCE A,NICOLE SIMEK,12,2025,C+,2.54 pts,23.43,,322,,Yes
16,12/17/24,2,S1,BUS301 / 12,PERSONAL FINANCE A,NICOLE SIMEK,12,2025,F,0.26 pts,34,,321,,Yes
16,12/17/24,2,S1,MAT522 / 12,GEOMETRY A,ROCHELLE AITON,10,2027,F,0.00 pts,12.43,,463,,Yes
16,12/17/24,2,S1,MAT522 / 12,GEOMETRY A,NINETTE LILIENTHAL,10,2027,F,0.00 pts,12.43,,463,,Yes
16,12/17/24,3,S1,BUS301 / 13,PERSONAL FINANCE A,NICOLE SIMEK,11,2026,F,0.60 pts,19.86,,276,,Yes
16,12/17/24,5,S1,ENG701 / 15,JUNIOR ENG/A,JOHN CARVER,11,2026,B-,2.85 pts,16.71,,276,,Yes
16,12/17/24,3,S1,MAT701 / 13,ALGEBRA II A,JENNIFER REILLY,11,2026,F,0.37 pts,40.57,,81,,Yes
16,12/17/24,1,S1,MAT704 / 11,PRE-CALC A MAT 153,BRIAN ANDERSON,12,2025,F,1.44 pts,2,,51,,Yes
16,12/17/24,6,S1,ENG501 / 16,FR ENGLISH/A,DAVID HOLLINGSWORTH,9,2028,A,3.90 pts,1.14,,217,,Yes
16,12/17/24,3,S1,MAT701 / 13,ALGEBRA II A,JENNIFER REILLY,10,2027,B-,2.71 pts,8.29,,353,,Yes
16,12/17/24,5,S1,ENG601 / 15,SOPH ENG/A,MARCEE SALAS,10,2027,B,2.94 pts,7.43,,353,,Yes
16,12/17/24,6,S1,SCI601 / 36,BIOLOGY A,WILLIAM BAUR,10,2027,A-,3.59 pts,7.71,,353,,Yes
16,12/17/24,6,S1,SCI601 / 16,BIOLOGY A,GRANT MERRILL,10,2027,B,3.03 pts,0,,125,,Yes
16,12/17/24,3,S1,MAT701 / 13,ALGEBRA II A,JENNIFER REILLY,10,2027,A,3.64 pts,0.86,,247,,Yes
16,12/17/24,6,S1,SOC701 / 16,US HISTORY/A,SCOTT BOOTHBY,11,2026,F,1.54 pts,31.71,,74,,Yes
16,12/17/24,6,S1,MAT701 / 16,ALGEBRA II A,JASON BLAESING,10,2027,A,3.74 pts,2,,384,,Yes
16,12/17/24,6,S1,ENG501 / 16,FR ENGLISH/A,DAVID HOLLINGSWORTH,9,2028,D+,1.89 pts,4.43,,346,,Yes
16,12/17/24,1,S1,MAT522 / 11,GEOMETRY A,ROCHELLE AITON,10,2027,F,0.24 pts,30.57,,407,,Yes
16,12/17/24,1,S1,MAT522 / 11,GEOMETRY A,NINETTE LILIENTHAL,10,2027,F,0.24 pts,30.57,,407,,Yes
16,12/17/24,2,S1,ENG601 / 12,SOPH ENG/A,KELLY GREGERSEN,10,2027,F,0.19 pts,30.71,,407,,Yes
16,12/17/24,4,S1,SCI601 / 14,BIOLOGY A,GRANT MERRILL,10,2027,F,0.23 pts,32.57,,407,,Yes
16,12/17/24,5,S1,ENG601 / 15,SOPH ENG/A,MARCEE SALAS,10,2027,C-,2.16 pts,4.57,,108,,Yes
16,12/17/24,2,S1,MAT522 / 12,GEOMETRY A,ROCHELLE AITON,10,2027,D,1.72 pts,22,,272,,Yes
16,12/17/24,2,S1,MAT522 / 12,GEOMETRY A,NINETTE LILIENTHAL,10,2027,D,1.72 pts,22,,272,,Yes
16,12/17/24,4,S1,SOC701 / 14,US HISTORY/A,DAVE HAJEK,11,2026,F,0.90 pts,7.33,,449,,Yes
16,12/17/24,5,S1,ENG601 / 15,SOPH ENG/A,MARCEE SALAS,10,2027,C,2.44 pts,0.29,,330,,Yes
16,12/17/24,6,S1,SCI601 / 36,BIOLOGY A,WILLIAM BAUR,10,2027,B-,2.71 pts,0,,330,,Yes
16,12/17/24,1,S1,MAT522 / 11,GEOMETRY A,ROCHELLE AITON,10,2027,B-,2.70 pts,0.14,,162,,Yes
16,12/17/24,1,S1,MAT522 / 11,GEOMETRY A,NINETTE LILIENTHAL,10,2027,B-,2.70 pts,0.14,,162,,Yes
16,12/17/24,2,S1,ENG601 / 12,SOPH ENG/A,KELLY GREGERSEN,10,2027,B,3.16 pts,0.14,,162,,Yes
16,12/17/24,6,S1,SCI601 / 36,BIOLOGY A,WILLIAM BAUR,10,2027,A-,3.44 pts,0.57,,162,,Yes
16,12/17/24,5,S1,ENG601 / 15,SOPH ENG/A,MARCEE SALAS,10,2027,C,2.42 pts,5.43,,371,,Yes
16,12/17/24,2,S1,BUS301 / 12,PERSONAL FINANCE A,NICOLE SIMEK,12,2025,C+,2.60 pts,7.14,,195,,Yes
16,12/17/24,2,S1,ENG601 / 12,SOPH ENG/A,KELLY GREGERSEN,10,2027,C+,2.52 pts,3.57,,347,,Yes
16,12/17/24,4,S1,SCI601 / 14,BIOLOGY A,GRANT MERRILL,10,2027,B,2.90 pts,3.14,,347,,Yes
16,12/17/24,3,S1,MAT522 / 13,GEOMETRY A,ROCHELLE AITON,9,2028,C-,2.17 pts,4.71,,211,,Yes
16,12/17/24,3,S1,MAT522 / 13,GEOMETRY A,NINETTE LILIENTHAL,9,2028,C-,2.17 pts,4.71,,211,,Yes
16,12/17/24,2,S1,MAT522 / 12,GEOMETRY A,ROCHELLE AITON,11,2026,F,1.22 pts,20.86,,343,,Yes
16,12/17/24,2,S1,MAT522 / 12,GEOMETRY A,NINETTE LILIENTHAL,11,2026,F,1.22 pts,20.86,,343,,Yes
16,12/17/24,4,S1,SOC701 / 14,US HISTORY/A,DAVE HAJEK,11,2026,F,1.01 pts,16.57,,343,,Yes
16,12/17/24,5,S1,MAT522 / 15,GEOMETRY A,BRIAN ANDERSON,10,2027,C+,2.63 pts,1.71,,165,,Yes
16,12/17/24,6,S1,SCI601 / 36,BIOLOGY A,WILLIAM BAUR,10,2027,A-,3.52 pts,1.86,,165,,Yes
16,12/17/24,6,S1,SCI601 / 36,BIOLOGY A,WILLIAM BAUR,10,2027,A-,3.56 pts,7.29,,462,,Yes
16,12/17/24,2,S1,BUS301 / 12,PERSONAL FINANCE A,NICOLE SIMEK,12,2025,B,3.01 pts,5.71,,415,,Yes
16,12/17/24,4,S1,SCI601 / 14,BIOLOGY A,GRANT MERRILL,10,2027,A,3.60 pts,5.57,,432,,Yes
16,12/17/24,3,S1,MAT522 / 13,GEOMETRY A,ROCHELLE AITON,10,2027,A,3.77 pts,1,,204,,Yes
16,12/17/24,3,S1,MAT522 / 13,GEOMETRY A,NINETTE LILIENTHAL,10,2027,A,3.77 pts,1,,204,,Yes
16,12/17/24,5,S1,ENG601 / 15,SOPH ENG/A,MARCEE SALAS,10,2027,C,2.47 pts,1,,204,,Yes
16,12/17/24,6,S1,SCI601 / 16,BIOLOGY A,GRANT MERRILL,10,2027,B+,3.27 pts,1,,204,,Yes
16,12/17/24,6,S1,ENG501 / 16,FR ENGLISH/A,DAVID HOLLINGSWORTH,9,2028,A,4.00 pts,0.29,,62,,Yes
16,12/17/24,5,S1,MAT522 / 15,GEOMETRY A,BRIAN ANDERSON,9,2028,B-,2.82 pts,1,,154,,Yes
16,12/17/24,3,S1,SCI601 / 13,BIOLOGY A,GRANT MERRILL,10,2027,B,2.94 pts,1.43,,155,,Yes
16,12/17/24,4,S1,MAT522 / 14,GEOMETRY A,ROCHELLE AITON,10,2027,B,3.16 pts,0.86,,155,,Yes
16,12/17/24,4,S1,MAT522 / 14,GEOMETRY A,NINETTE LILIENTHAL,10,2027,B,3.16 pts,0.86,,155,,Yes
16,12/17/24,6,S1,MAT701 / 16,ALGEBRA II A,JASON BLAESING,11,2026,A-,3.52 pts,4.5,,278,,Yes
16,12/17/24,2,S1,MAT522 / 12,GEOMETRY A,ROCHELLE AITON,10,2027,C+,2.56 pts,6,,215,,Yes
16,12/17/24,2,S1,MAT522 / 12,GEOMETRY A,NINETTE LILIENTHAL,10,2027,C+,2.56 pts,6,,215,,Yes
16,12/17/24,6,S1,SCI601 / 16,BIOLOGY A,GRANT MERRILL,10,2027,B-,2.71 pts,8.14,,215,,Yes
16,12/17/24,6,S1,SCI601 / 36,BIOLOGY A,WILLIAM BAUR,10,2027,A,3.70 pts,2.57,,337,,Yes
16,12/17/24,4,S1,SOC701 / 14,US HISTORY/A,DAVE HAJEK,11,2026,A,3.69 pts,1.33,,336,,Yes
16,12/17/24,5,S1,ENG701 / 15,JUNIOR ENG/A,JOHN CARVER,11,2026,A,3.98 pts,1,,336,,Yes
16,12/17/24,6,S1,MAT701 / 16,ALGEBRA II A,JASON BLAESING,11,2026,A,3.63 pts,1,,336,,Yes
16,12/17/24,6,S1,SOC701 / 16,US HISTORY/A,SCOTT BOOTHBY,11,2026,A-,3.51 pts,9.71,,210,,Yes
16,12/17/24,4,S1,MAT522 / 14,GEOMETRY A,ROCHELLE AITON,10,2027,A,3.62 pts,3.43,,444,,Yes
16,12/17/24,4,S1,MAT522 / 14,GEOMETRY A,NINETTE LILIENTHAL,10,2027,A,3.62 pts,3.43,,444,,Yes
16,12/17/24,4,S1,SCI601 / 14,BIOLOGY A,GRANT MERRILL,10,2027,D,1.69 pts,7.14,,448,,Yes
16,12/17/24,5,S1,MAT522 / 15,GEOMETRY A,BRIAN ANDERSON,10,2027,F,0.63 pts,6.57,,194,,Yes
16,12/17/24,4,S1,SOC701 / 14,US HISTORY/A,DAVE HAJEK,11,2026,B-,2.70 pts,2,,298,,Yes
16,12/17/24,5,S1,ENG701 / 15,JUNIOR ENG/A,JOHN CARVER,11,2026,A,3.68 pts,2.14,,298,,Yes
16,12/17/24,6,S1,ENG501 / 16,FR ENGLISH/A,DAVID HOLLINGSWORTH,9,2028,A,3.82 pts,0.57,,181,,Yes
16,12/17/24,2,S1,MAT522 / 12,GEOMETRY A,ROCHELLE AITON,10,2027,A-,3.41 pts,0,,206,,Yes
16,12/17/24,2,S1,MAT522 / 12,GEOMETRY A,NINETTE LILIENTHAL,10,2027,A-,3.41 pts,0,,206,,Yes
16,12/17/24,6,S1,SCI601 / 36,BIOLOGY A,WILLIAM BAUR,10,2027,C+,2.56 pts,0.29,,206,,Yes
16,12/17/24,2,S1,ENG601 / 12,SOPH ENG/A,KELLY GREGERSEN,10,2027,B+,3.30 pts,8.29,,418,,Yes
16,12/17/24,6,S1,SCI601 / 16,BIOLOGY A,GRANT MERRILL,10,2027,B+,3.21 pts,7.57,,418,,Yes
16,12/17/24,1,S1,MAT522 / 11,GEOMETRY A,ROCHELLE AITON,10,2027,F,1.12 pts,11.86,,116,,Yes
16,12/17/24,1,S1,MAT522 / 11,GEOMETRY A,NINETTE LILIENTHAL,10,2027,F,1.12 pts,11.86,,116,,Yes
16,12/17/24,2,S1,ENG601 / 12,SOPH ENG/A,KELLY GREGERSEN,10,2027,F,1.46 pts,12,,116,,Yes
16,12/17/24,3,S1,BUS301 / 13,PERSONAL FINANCE A,NICOLE SIMEK,11,2026,F,0.87 pts,3,,209,,Yes
16,12/17/24,2,S1,MAT701 / 12,ALGEBRA II A,JASON BLAESING,11,2026,A-,3.49 pts,4.71,,222,,Yes
16,12/17/24,5,S1,ENG701 / 15,JUNIOR ENG/A,JOHN CARVER,11,2026,A,3.66 pts,5.14,,222,,Yes
16,12/17/24,3,S1,SCI601 / 13,BIOLOGY A,GRANT MERRILL,10,2027,D,1.66 pts,11.71,,391,,Yes
16,12/17/24,3,S1,MAT522 / 13,GEOMETRY A,ROCHELLE AITON,10,2027,A,3.67 pts,4.29,,264,,Yes
16,12/17/24,3,S1,MAT522 / 13,GEOMETRY A,NINETTE LILIENTHAL,10,2027,A,3.67 pts,4.29,,264,,Yes
16,12/17/24,3,S1,MAT701 / 13,ALGEBRA II A,JENNIFER REILLY,11,2026,D,1.75 pts,21.71,,177,,Yes
16,12/17/24,5,S1,ENG701 / 15,JUNIOR ENG/A,JOHN CARVER,11,2026,D,1.67 pts,21,,177,,Yes
16,12/17/24,6,S1,SOC701 / 16,US HISTORY/A,SCOTT BOOTHBY,11,2026,F,1.54 pts,22.29,,177,,Yes
16,12/17/24,3,S1,BUS301 / 13,PERSONAL FINANCE A,NICOLE SIMEK,11,2026,F,0.40 pts,36.71,,300,,Yes
16,12/17/24,5,S1,ENG701 / 15,JUNIOR ENG/A,JOHN CARVER,11,2026,F,1.22 pts,27.86,,300,,Yes
16,12/17/24,2,S1,MAT701 / 12,ALGEBRA II A,JASON BLAESING,11,2026,B+,3.38 pts,0.29,,56,,Yes
16,12/17/24,5,S1,ENG701 / 15,JUNIOR ENG/A,JOHN CARVER,11,2026,C+,2.66 pts,0.71,,56,,Yes
16,12/17/24,4,S1,SCI601 / 14,BIOLOGY A,GRANT MERRILL,10,2027,C,2.32 pts,4.57,,198,,Yes
16,12/17/24,5,S1,MAT522 / 15,GEOMETRY A,BRIAN ANDERSON,10,2027,C,2.49 pts,4,,198,,Yes
16,12/17/24,2,S1,SCI609 / 12,CHEMISTRY/A,GRANT MERRILL,11,2026,D,1.75 pts,3,,150,,Yes
16,12/17/24,1,S1,MAT522 / 11,GEOMETRY A,ROCHELLE AITON,10,2027,F,0.95 pts,1.71,,94,,Yes
16,12/17/24,1,S1,MAT522 / 11,GEOMETRY A,NINETTE LILIENTHAL,10,2027,F,0.95 pts,1.71,,94,,Yes
16,12/17/24,2,S1,ENG601 / 12,SOPH ENG/A,KELLY GREGERSEN,10,2027,F,0.41 pts,1.71,,94,,Yes
16,12/17/24,6,S1,SCI601 / 36,BIOLOGY A,WILLIAM BAUR,10,2027,A,4.00 pts,0.14,,133,,Yes
16,12/17/24,3,S1,MAT522 / 13,GEOMETRY A,ROCHELLE AITON,9,2028,B,2.91 pts,5.71,,76,,Yes
16,12/17/24,3,S1,MAT522 / 13,GEOMETRY A,NINETTE LILIENTHAL,9,2028,B,2.91 pts,5.71,,76,,Yes
16,12/17/24,3,S1,MAT701 / 13,ALGEBRA II A,JENNIFER REILLY,12,2025,A,3.62 pts,0,,149,,Yes
16,12/17/24,4,S1,SCI601 / 14,BIOLOGY A,GRANT MERRILL,12,2025,B,3.16 pts,13.43,,426,,Yes
16,12/17/24,5,S1,ENG601 / 15,SOPH ENG/A,MARCEE SALAS,10,2027,C+,2.67 pts,5.14,,403,,Yes
16,12/17/24,2,S1,MAT701 / 12,ALGEBRA II A,JASON BLAESING,11,2026,C,2.48 pts,7.43,,78,,Yes
16,12/17/24,1,S1,MAT522 / 11,GEOMETRY A,ROCHELLE AITON,10,2027,F,0.95 pts,5.43,,122,,Yes
16,12/17/24,1,S1,MAT522 / 11,GEOMETRY A,NINETTE LILIENTHAL,10,2027,F,0.95 pts,5.43,,122,,Yes
16,12/17/24,2,S1,ENG601 / 12,SOPH ENG/A,KELLY GREGERSEN,10,2027,F,1.06 pts,5,,122,,Yes
16,12/17/24,2,S1,MAT701 / 12,ALGEBRA II A,JASON BLAESING,11,2026,A,3.75 pts,6.5,,124,,Yes
16,12/17/24,2,S1,SCI609 / 12,CHEMISTRY/A,GRANT MERRILL,11,2026,A-,3.58 pts,1.14,,315,,Yes
16,12/17/24,6,S1,MAT701 / 16,ALGEBRA II A,JASON BLAESING,11,2026,B+,3.37 pts,2.71,,314,,Yes
16,12/17/24,2,S1,BUS301 / 12,PERSONAL FINANCE A,NICOLE SIMEK,11,2026,B+,3.28 pts,0,,327,,Yes
16,12/17/24,5,S1,ENG701 / 15,JUNIOR ENG/A,JOHN CARVER,11,2026,A,3.61 pts,0,,327,,Yes
16,12/17/24,6,S1,SOC701 / 16,US HISTORY/A,SCOTT BOOTHBY,11,2026,A-,3.52 pts,0.14,,327,,Yes
16,12/17/24,6,S1,ENG501 / 16,FR ENGLISH/A,DAVID HOLLINGSWORTH,9,2028,D,1.68 pts,7.86,,289,,Yes
16,12/17/24,2,S1,BUS301 / 12,PERSONAL FINANCE A,NICOLE SIMEK,12,2025,C-,2.00 pts,10,,385,,Yes
16,12/17/24,5,S1,ENG701 / 15,JUNIOR ENG/A,JOHN CARVER,12,2025,A-,3.56 pts,9.29,,385,,Yes
16,12/17/24,1,S1,MAT522 / 11,GEOMETRY A,ROCHELLE AITON,9,2028,B,2.97 pts,7.14,,69,,Yes
16,12/17/24,1,S1,MAT522 / 11,GEOMETRY A,NINETTE LILIENTHAL,9,2028,B,2.97 pts,7.14,,69,,Yes
16,12/17/24,4,S1,SOC701 / 14,US HISTORY/A,DAVE HAJEK,11,2026,B,2.99 pts,7.57,,439,,Yes
16,12/17/24,6,S1,ENG501 / 16,FR ENGLISH/A,DAVID HOLLINGSWORTH,9,2028,F,1.38 pts,26.29,,410,,Yes
16,12/17/24,2,S1,MAT522 / 12,GEOMETRY A,ROCHELLE AITON,10,2027,C,2.24 pts,5.86,,146,,Yes
16,12/17/24,2,S1,MAT522 / 12,GEOMETRY A,NINETTE LILIENTHAL,10,2027,C,2.24 pts,5.86,,146,,Yes
16,12/17/24,6,S1,SCI601 / 16,BIOLOGY A,GRANT MERRILL,10,2027,C+,2.67 pts,6.71,,146,,Yes
16,12/17/24,2,S1,MAT522 / 12,GEOMETRY A,ROCHELLE AITON,9,2028,A,3.76 pts,1,,231,,Yes
16,12/17/24,2,S1,MAT522 / 12,GEOMETRY A,NINETTE LILIENTHAL,9,2028,A,3.76 pts,1,,231,,Yes
16,12/17/24,2,S1,MAT701 / 12,ALGEBRA II A,JASON BLAESING,11,2026,C-,2.14 pts,1.71,,152,,Yes
16,12/17/24,4,S1,MAT522 / 14,GEOMETRY A,ROCHELLE AITON,10,2027,B-,2.83 pts,0,,202,,Yes
16,12/17/24,4,S1,MAT522 / 14,GEOMETRY A,NINETTE LILIENTHAL,10,2027,B-,2.83 pts,0,,202,,Yes
16,12/17/24,6,S1,SCI601 / 16,BIOLOGY A,GRANT MERRILL,10,2027,B,2.96 pts,0,,202,,Yes
16,12/17/24,6,S1,MAT701 / 16,ALGEBRA II A,JASON BLAESING,11,2026,C-,2.01 pts,4.71,,379,,Yes
16,12/17/24,1,S1,MAT522 / 11,GEOMETRY A,ROCHELLE AITON,10,2027,B-,2.70 pts,3,,335,,Yes
16,12/17/24,1,S1,MAT522 / 11,GEOMETRY A,NINETTE LILIENTHAL,10,2027,B-,2.70 pts,3,,335,,Yes
16,12/17/24,6,S1,SCI601 / 16,BIOLOGY A,GRANT MERRILL,10,2027,C-,2.00 pts,1,,375,,Yes
16,12/17/24,6,S1,SOC701 / 16,US HISTORY/A,SCOTT BOOTHBY,11,2026,C+,2.66 pts,1,,376,,Yes
16,12/17/24,1,S1,MAT522 / 11,GEOMETRY A,ROCHELLE AITON,10,2027,D,1.76 pts,1.43,,399,,Yes
16,12/17/24,1,S1,MAT522 / 11,GEOMETRY A,NINETTE LILIENTHAL,10,2027,D,1.76 pts,1.43,,399,,Yes
16,12/17/24,2,S1,ENG601 / 12,SOPH ENG/A,KELLY GREGERSEN,10,2027,B-,2.71 pts,1.43,,399,,Yes
16,12/17/24,6,S1,SCI601 / 16,BIOLOGY A,GRANT MERRILL,10,2027,D+,1.94 pts,1.57,,399,,Yes
16,12/17/24,4,S1,SCI601 / 14,BIOLOGY A,GRANT MERRILL,10,2027,B-,2.75 pts,0.86,,441,,Yes
16,12/17/24,6,S1,SCI601 / 36,BIOLOGY A,WILLIAM BAUR,10,2027,B,3.02 pts,0.86,,174,,Yes
16,12/17/24,5,S1,MAT522 / 15,GEOMETRY A,BRIAN ANDERSON,10,2027,F,1.06 pts,17.71,,63,,Yes
16,12/17/24,3,S1,BUS301 / 13,PERSONAL FINANCE A,NICOLE SIMEK,12,2025,A,3.99 pts,9.86,,413,,Yes
16,12/17/24,6,S1,ENG501 / 16,FR ENGLISH/A,DAVID HOLLINGSWORTH,9,2028,D,1.71 pts,3.86,,245,,Yes
16,12/17/24,3,S1,MAT701 / 13,ALGEBRA II A,JENNIFER REILLY,11,2026,B,3.04 pts,3.29,,172,,Yes
16,12/17/24,3,S1,MAT522 / 13,GEOMETRY A,ROCHELLE AITON,9,2028,B-,2.89 pts,6.57,,358,,Yes
16,12/17/24,3,S1,MAT522 / 13,GEOMETRY A,NINETTE LILIENTHAL,9,2028,B-,2.89 pts,6.57,,358,,Yes
16,12/17/24,6,S1,ENG501 / 16,FR ENGLISH/A,DAVID HOLLINGSWORTH,9,2028,A,3.83 pts,0,,189,,Yes
16,12/17/24,5,S1,MAT522 / 15,GEOMETRY A,BRIAN ANDERSON,9,2028,B-,2.83 pts,0,,420,,Yes
16,12/17/24,4,S1,SCI601 / 14,BIOLOGY A,GRANT MERRILL,10,2027,F,0.48 pts,21.29,,456,,Yes
16,12/17/24,5,S1,MAT522 / 15,GEOMETRY A,BRIAN ANDERSON,10,2027,C-,2.13 pts,2,,163,,Yes
16,12/17/24,6,S1,ENG501 / 16,FR ENGLISH/A,DAVID HOLLINGSWORTH,9,2028,B,3.00 pts,5.43,,366,,Yes
16,12/17/24,6,S1,ENG501 / 16,FR ENGLISH/A,DAVID HOLLINGSWORTH,9,2028,B-,2.89 pts,32.14,,129,,Yes
16,12/17/24,6,S1,SCI601 / 36,BIOLOGY A,WILLIAM BAUR,10,2027,,,19.71,,467,,Yes
16,12/17/24,2,S1,MAT522 / 12,GEOMETRY A,ROCHELLE AITON,10,2027,B,3.09 pts,16.57,,220,,Yes
16,12/17/24,2,S1,MAT522 / 12,GEOMETRY A,NINETTE LILIENTHAL,10,2027,B,3.09 pts,16.57,,220,,Yes
16,12/17/24,3,S1,SCI601 / 13,BIOLOGY A,GRANT MERRILL,10,2027,B-,2.86 pts,16.71,,220,,Yes
16,12/17/24,3,S1,BUS301 / 13,PERSONAL FINANCE A,NICOLE SIMEK,12,2025,A,3.99 pts,0.14,,326,,Yes
16,12/17/24,5,S1,ENG701 / 15,JUNIOR ENG/A,JOHN CARVER,11,2026,B+,3.31 pts,3.33,,148,,Yes
16,12/17/24,6,S1,MAT701 / 16,ALGEBRA II A,JASON BLAESING,11,2026,B,3.17 pts,3,,148,,Yes
16,12/17/24,1,S1,MAT704 / 11,PRE-CALC A MAT 153,BRIAN ANDERSON,11,2026,C-,2.16 pts,5.29,,350,,Yes
16,12/17/24,2,S1,SCI609 / 12,CHEMISTRY/A,GRANT MERRILL,11,2026,C+,2.59 pts,5.43,,350,,Yes
16,12/17/24,4,S1,SOC701 / 14,US HISTORY/A,DAVE HAJEK,11,2026,B,2.90 pts,5.71,,350,,Yes
16,12/17/24,5,S1,ENG701 / 15,JUNIOR ENG/A,JOHN CARVER,11,2026,B-,2.89 pts,5.71,,350,,Yes
16,12/17/24,2,S1,MAT701 / 12,ALGEBRA II A,JASON BLAESING,10,2027,A-,3.40 pts,4.29,,398,,Yes
16,12/17/24,3,S1,SCI601 / 13,BIOLOGY A,GRANT MERRILL,10,2027,B,3.00 pts,3.86,,398,,Yes
16,12/17/24,4,S1,SOC701 / 14,US HISTORY/A,DAVE HAJEK,11,2026,F,1.45 pts,8.43,,286,,Yes
16,12/17/24,6,S1,ENG501 / 16,FR ENGLISH/A,DAVID HOLLINGSWORTH,9,2028,B-,2.79 pts,6.14,,461,,Yes
16,12/17/24,5,S1,ENG701 / 15,JUNIOR ENG/A,JOHN CARVER,11,2026,F,0.53 pts,15.29,,466,,Yes
16,12/17/24,5,S1,ENG701 / 15,JUNIOR ENG/A,JOHN CARVER,11,2026,F,0.53 pts,18,,465,,Yes
17,1/7/25,3,S1,BUS301 / 13,PERSONAL FINANCE A,NICOLE SIMEK,12,2025,A,3.80 pts,0,,200,,Yes
17,1/7/25,3,S1,BUS301 / 13,PERSONAL FINANCE A,NICOLE SIMEK,12,2025,B-,2.76 pts,6.29,,394,,Yes
17,1/7/25,2,S1,BUS301 / 12,PERSONAL FINANCE A,NICOLE SIMEK,12,2025,A,3.78 pts,6,,93,,Yes
17,1/7/25,2,S1,BUS301 / 12,PERSONAL FINANCE A,NICOLE SIMEK,12,2025,C,2.49 pts,10.29,,299,,Yes
17,1/7/25,1,S1,MAT522 / 11,GEOMETRY A,ROCHELLE AITON,10,2027,B-,2.84 pts,0.43,,179,,Yes
17,1/7/25,1,S1,MAT522 / 11,GEOMETRY A,NINETTE LILIENTHAL,10,2027,B-,2.84 pts,0.43,,179,,Yes
17,1/7/25,3,S1,MAT701 / 13,ALGEBRA II A,JENNIFER REILLY,11,2026,B,3.19 pts,9,,271,,Yes
17,1/7/25,6,S1,SOC701 / 16,US HISTORY/A,SCOTT BOOTHBY,11,2026,F,1.55 pts,8.29,,271,,Yes
17,1/7/25,1,S1,MAT704 / 11,PRE-CALC A MAT 153,BRIAN ANDERSON,11,2026,A-,3.43 pts,9.57,,101,,Yes
17,1/7/25,2,S1,SCI609 / 12,CHEMISTRY/A,GRANT MERRILL,11,2026,A,3.79 pts,9.57,,101,,Yes
17,1/7/25,4,S1,SOC701 / 14,US HISTORY/A,DAVE HAJEK,11,2026,B,2.94 pts,8.29,,101,,Yes
17,1/7/25,3,S1,MAT522 / 13,GEOMETRY A,ROCHELLE AITON,9,2028,A,3.79 pts,0,,192,,Yes
17,1/7/25,3,S1,MAT522 / 13,GEOMETRY A,NINETTE LILIENTHAL,9,2028,A,3.79 pts,0,,192,,Yes
17,1/7/25,2,S1,ENG601 / 12,SOPH ENG/A,KELLY GREGERSEN,10,2027,B-,2.75 pts,0,,392,,Yes
17,1/7/25,6,S1,MAT701 / 16,ALGEBRA II A,JASON BLAESING,12,2025,C+,2.51 pts,5.57,,49,,Yes
17,1/7/25,2,S1,BUS301 / 12,PERSONAL FINANCE A,NICOLE SIMEK,12,2025,A,3.99 pts,4.86,,176,,Yes
17,1/7/25,2,S1,BUS301 / 12,PERSONAL FINANCE A,NICOLE SIMEK,12,2025,D+,1.87 pts,33,,227,,Yes
17,1/7/25,2,S1,BUS301 / 12,PERSONAL FINANCE A,NICOLE SIMEK,12,2025,C,2.24 pts,34,,381,,Yes
17,1/7/25,2,S1,BUS301 / 12,PERSONAL FINANCE A,NICOLE SIMEK,12,2025,A,3.69 pts,4.29,,233,,Yes
17,1/7/25,3,S1,BUS301 / 13,PERSONAL FINANCE A,NICOLE SIMEK,12,2025,A-,3.45 pts,8.57,,280,,Yes
17,1/7/25,3,S1,BUS301 / 13,PERSONAL FINANCE A,NICOLE SIMEK,12,2025,C+,2.58 pts,3.86,,341,,Yes
17,1/7/25,2,S1,BUS301 / 12,PERSONAL FINANCE A,NICOLE SIMEK,12,2025,C-,2.06 pts,20.71,,201,,Yes
17,1/7/25,2,S1,BUS301 / 12,PERSONAL FINANCE A,NICOLE SIMEK,12,2025,F,1.21 pts,10,,362,,Yes
17,1/7/25,2,S1,BUS301 / 12,PERSONAL FINANCE A,NICOLE SIMEK,12,2025,A,3.95 pts,4,,259,,Yes
17,1/7/25,2,S1,SCI609 / 12,CHEMISTRY/A,GRANT MERRILL,12,2025,B-,2.82 pts,18,,423,,Yes
17,1/7/25,3,S1,BUS301 / 13,PERSONAL FINANCE A,NICOLE SIMEK,12,2025,F,1.49 pts,3.57,,305,,Yes
17,1/7/25,6,S1,SCI601 / 36,BIOLOGY A,WILLIAM BAUR,12,2025,C+,2.51 pts,5.14,,188,,Yes
17,1/7/25,1,S1,MAT704 / 11,PRE-CALC A MAT 153,BRIAN ANDERSON,12,2025,C,2.22 pts,8,,323,,Yes
17,1/7/25,3,S1,BUS301 / 13,PERSONAL FINANCE A,NICOLE SIMEK,12,2025,B,3.07 pts,7.29,,323,,Yes
17,1/7/25,2,S1,BUS301 / 12,PERSONAL FINANCE A,NICOLE SIMEK,12,2025,C-,2.12 pts,17.43,,216,,Yes
17,1/7/25,3,S1,BUS301 / 13,PERSONAL FINANCE A,NICOLE SIMEK,12,2025,B,3.14 pts,3.31,,408,,Yes
17,1/7/25,3,S1,BUS301 / 13,PERSONAL FINANCE A,NICOLE SIMEK,12,2025,A,3.87 pts,0.57,,90,,Yes
17,1/7/25,2,S1,SCI609 / 12,CHEMISTRY/A,GRANT MERRILL,12,2025,B,3.05 pts,6.5,,82,,Yes
17,1/7/25,3,S1,BUS301 / 13,PERSONAL FINANCE A,NICOLE SIMEK,11,2026,D+,1.85 pts,1.86,,253,,Yes
17,1/7/25,3,S1,MAT701 / 13,ALGEBRA II A,JENNIFER REILLY,11,2026,,2.92 pts,0,,115,,Yes
17,1/7/25,4,S1,SOC701 / 14,US HISTORY/A,DAVE HAJEK,11,2026,F,0.95 pts,14.43,,254,,Yes
17,1/7/25,5,S1,ENG701 / 15,JUNIOR ENG/A,JOHN CARVER,11,2026,C-,2.08 pts,13.71,,254,,Yes
17,1/7/25,2,S1,BUS301 / 12,PERSONAL FINANCE A,NICOLE SIMEK,12,2025,C,2.38 pts,2,,61,,Yes
17,1/7/25,3,S1,BUS301 / 13,PERSONAL FINANCE A,NICOLE SIMEK,12,2025,B,2.92 pts,8.14,,332,,Yes
17,1/7/25,2,S1,SCI609 / 12,CHEMISTRY/A,GRANT MERRILL,12,2025,F,1.06 pts,40.57,,354,,Yes
17,1/7/25,3,S1,BUS301 / 13,PERSONAL FINANCE A,NICOLE SIMEK,12,2025,F,1.63 pts,5.43,,105,,Yes
17,1/7/25,4,S1,MAT522 / 14,GEOMETRY A,ROCHELLE AITON,10,2027,C-,2.03 pts,5.29,,425,,Yes
17,1/7/25,4,S1,MAT522 / 14,GEOMETRY A,NINETTE LILIENTHAL,10,2027,C-,2.03 pts,5.29,,425,,Yes
17,1/7/25,6,S1,MAT701 / 16,ALGEBRA II A,JASON BLAESING,10,2027,A,3.88 pts,0.14,,54,,Yes
17,1/7/25,2,S1,MAT522 / 12,GEOMETRY A,ROCHELLE AITON,10,2027,D+,1.83 pts,1,,338,,Yes
17,1/7/25,2,S1,MAT522 / 12,GEOMETRY A,NINETTE LILIENTHAL,10,2027,D+,1.83 pts,1,,338,,Yes
17,1/7/25,5,S1,ENG601 / 15,SOPH ENG/A,MARCEE SALAS,10,2027,C,2.49 pts,1,,338,,Yes
17,1/7/25,3,S1,SCI601 / 13,BIOLOGY A,GRANT MERRILL,10,2027,F,1.53 pts,46.57,,92,,Yes
17,1/7/25,3,S1,MAT522 / 13,GEOMETRY A,ROCHELLE AITON,9,2028,A-,3.49 pts,0.86,,363,,Yes
17,1/7/25,3,S1,MAT522 / 13,GEOMETRY A,NINETTE LILIENTHAL,9,2028,A-,3.49 pts,0.86,,363,,Yes
17,1/7/25,6,S1,ENG501 / 16,FR ENGLISH/A,DAVID HOLLINGSWORTH,9,2028,C,2.34 pts,2,,229,,Yes
17,1/7/25,4,S1,MAT522 / 14,GEOMETRY A,ROCHELLE AITON,10,2027,F,1.34 pts,1.57,,424,,Yes
17,1/7/25,4,S1,MAT522 / 14,GEOMETRY A,NINETTE LILIENTHAL,10,2027,F,1.34 pts,1.57,,424,,Yes
17,1/7/25,2,S1,MAT701 / 12,ALGEBRA II A,JASON BLAESING,11,2026,C-,2.07 pts,0,,107,,Yes
17,1/7/25,1,S1,MAT704 / 11,PRE-CALC A MAT 153,BRIAN ANDERSON,11,2026,C+,2.63 pts,2,,114,,Yes
17,1/7/25,2,S1,SCI609 / 12,CHEMISTRY/A,GRANT MERRILL,11,2026,B,3.02 pts,1.29,,114,,Yes
17,1/7/25,2,S1,ENG601 / 12,SOPH ENG/A,KELLY GREGERSEN,10,2027,D+,1.91 pts,12.14,,117,,Yes
17,1/7/25,4,S1,MAT522 / 14,GEOMETRY A,ROCHELLE AITON,10,2027,F,1.19 pts,11.86,,117,,Yes
17,1/7/25,4,S1,MAT522 / 14,GEOMETRY A,NINETTE LILIENTHAL,10,2027,F,1.19 pts,11.86,,117,,Yes
17,1/7/25,6,S1,SCI601 / 16,BIOLOGY A,GRANT MERRILL,10,2027,D,1.67 pts,12.29,,117,,Yes
17,1/7/25,3,S1,MAT522 / 13,GEOMETRY A,ROCHELLE AITON,10,2027,B,3.02 pts,9.71,,118,,Yes
17,1/7/25,3,S1,MAT522 / 13,GEOMETRY A,NINETTE LILIENTHAL,10,2027,B,3.02 pts,9.71,,118,,Yes
17,1/7/25,5,S1,MAT522 / 15,GEOMETRY A,BRIAN ANDERSON,10,2027,D+,1.98 pts,8.29,,142,,Yes
17,1/7/25,6,S1,SCI601 / 16,BIOLOGY A,GRANT MERRILL,10,2027,C-,2.05 pts,8.71,,142,,Yes
17,1/7/25,2,S1,MAT522 / 12,GEOMETRY A,ROCHELLE AITON,10,2027,C+,2.56 pts,7.29,,168,,Yes
17,1/7/25,2,S1,MAT522 / 12,GEOMETRY A,NINETTE LILIENTHAL,10,2027,C+,2.56 pts,7.29,,168,,Yes
17,1/7/25,3,S1,MAT701 / 13,ALGEBRA II A,JENNIFER REILLY,11,2026,A,3.81 pts,2,,208,,Yes
17,1/7/25,5,S1,MAT522 / 15,GEOMETRY A,BRIAN ANDERSON,10,2027,C+,2.52 pts,1.86,,244,,Yes
17,1/7/25,2,S1,ENG601 / 12,SOPH ENG/A,KELLY GREGERSEN,10,2027,A,3.65 pts,0.14,,324,,Yes
17,1/7/25,3,S1,MAT522 / 13,GEOMETRY A,ROCHELLE AITON,10,2027,C+,2.63 pts,0.14,,324,,Yes
17,1/7/25,3,S1,MAT522 / 13,GEOMETRY A,NINETTE LILIENTHAL,10,2027,C+,2.63 pts,0.14,,324,,Yes
17,1/7/25,4,S1,MAT522 / 14,GEOMETRY A,ROCHELLE AITON,10,2027,B-,2.77 pts,2,,458,,Yes
17,1/7/25,4,S1,MAT522 / 14,GEOMETRY A,NINETTE LILIENTHAL,10,2027,B-,2.77 pts,2,,458,,Yes
17,1/7/25,5,S1,ENG701 / 15,JUNIOR ENG/A,JOHN CARVER,11,2026,D,1.78 pts,8.43,,131,,Yes
17,1/7/25,1,S1,MAT522 / 11,GEOMETRY A,ROCHELLE AITON,10,2027,F,0.84 pts,14.29,,248,,Yes
17,1/7/25,1,S1,MAT522 / 11,GEOMETRY A,NINETTE LILIENTHAL,10,2027,F,0.84 pts,14.29,,248,,Yes
17,1/7/25,5,S1,ENG601 / 15,SOPH ENG/A,MARCEE SALAS,10,2027,B,2.97 pts,2,,373,,Yes
17,1/7/25,6,S1,SCI601 / 36,BIOLOGY A,WILLIAM BAUR,10,2027,A,3.77 pts,2.14,,373,,Yes
17,1/7/25,2,S1,MAT701 / 12,ALGEBRA II A,JASON BLAESING,11,2026,A,3.87 pts,1,,320,,Yes
17,1/7/25,6,S1,SOC701 / 16,US HISTORY/A,SCOTT BOOTHBY,11,2026,B,2.95 pts,3.71,,320,,Yes
17,1/7/25,3,S1,MAT701 / 13,ALGEBRA II A,JENNIFER REILLY,11,2026,B-,2.79 pts,4.57,,128,,Yes
17,1/7/25,6,S1,MAT701 / 16,ALGEBRA II A,JASON BLAESING,11,2026,A,3.64 pts,10.67,,161,,Yes
17,1/7/25,3,S1,MAT701 / 13,ALGEBRA II A,JENNIFER REILLY,11,2026,A,3.83 pts,11,,191,,Yes
17,1/7/25,6,S1,SOC701 / 16,US HISTORY/A,SCOTT BOOTHBY,11,2026,A,3.67 pts,7.33,,224,,Yes
17,1/7/25,5,S1,ENG701 / 15,JUNIOR ENG/A,JOHN CARVER,11,2026,C+,2.57 pts,8.57,,255,,Yes
17,1/7/25,6,S1,SOC701 / 16,US HISTORY/A,SCOTT BOOTHBY,11,2026,D+,1.85 pts,9.71,,255,,Yes
17,1/7/25,2,S1,MAT701 / 12,ALGEBRA II A,JASON BLAESING,11,2026,B,3.09 pts,5,,260,,Yes
17,1/7/25,5,S1,ENG701 / 15,JUNIOR ENG/A,JOHN CARVER,11,2026,A,3.79 pts,5.14,,260,,Yes
17,1/7/25,5,S1,ENG701 / 15,JUNIOR ENG/A,JOHN CARVER,11,2026,D,1.78 pts,9,,396,,Yes
17,1/7/25,1,S1,MAT704 / 11,PRE-CALC A MAT 153,BRIAN ANDERSON,11,2026,A-,3.49 pts,2,,400,,Yes
17,1/7/25,2,S1,ENG601 / 12,SOPH ENG/A,KELLY GREGERSEN,10,2027,D,1.73 pts,19.57,,416,,Yes
17,1/7/25,3,S1,MAT522 / 13,GEOMETRY A,ROCHELLE AITON,10,2027,C-,2.07 pts,19.86,,416,,Yes
17,1/7/25,3,S1,MAT522 / 13,GEOMETRY A,NINETTE LILIENTHAL,10,2027,C-,2.07 pts,19.86,,416,,Yes
17,1/7/25,1,S1,MAT522 / 11,GEOMETRY A,ROCHELLE AITON,10,2027,C,2.36 pts,4.71,,318,,Yes
17,1/7/25,1,S1,MAT522 / 11,GEOMETRY A,NINETTE LILIENTHAL,10,2027,C,2.36 pts,4.71,,318,,Yes
17,1/7/25,3,S1,SCI601 / 13,BIOLOGY A,GRANT MERRILL,10,2027,C,2.32 pts,7.43,,318,,Yes
17,1/7/25,3,S1,BUS301 / 13,PERSONAL FINANCE A,NICOLE SIMEK,11,2026,A-,3.52 pts,5,,230,,Yes
17,1/7/25,4,S1,SOC701 / 14,US HISTORY/A,DAVE HAJEK,11,2026,B,3.01 pts,5,,230,,Yes
17,1/7/25,5,S1,ENG701 / 15,JUNIOR ENG/A,JOHN CARVER,11,2026,A,3.90 pts,5,,230,,Yes
17,1/7/25,4,S1,SCI601 / 14,BIOLOGY A,GRANT MERRILL,10,2027,C+,2.54 pts,6.14,,429,,Yes
17,1/7/25,2,S1,BUS301 / 12,PERSONAL FINANCE A,NICOLE SIMEK,12,2025,C,2.29 pts,22,,331,,Yes
17,1/7/25,2,S1,ENG601 / 12,SOPH ENG/A,KELLY GREGERSEN,10,2027,A,3.84 pts,0,,102,,Yes
17,1/7/25,3,S1,MAT522 / 13,GEOMETRY A,ROCHELLE AITON,10,2027,B+,3.34 pts,0,,102,,Yes
17,1/7/25,3,S1,MAT522 / 13,GEOMETRY A,NINETTE LILIENTHAL,10,2027,B+,3.34 pts,0,,102,,Yes
17,1/7/25,6,S1,SOC701 / 16,US HISTORY/A,SCOTT BOOTHBY,11,2026,C,2.22 pts,15.86,,134,,Yes
17,1/7/25,6,S1,MAT701 / 16,ALGEBRA II A,JASON BLAESING,11,2026,B,3.16 pts,10.5,,112,,Yes
17,1/7/25,3,S1,MAT701 / 13,ALGEBRA II A,JENNIFER REILLY,11,2026,A-,3.42 pts,16.71,,207,,Yes
17,1/7/25,2,S1,SCI609 / 12,CHEMISTRY/A,GRANT MERRILL,11,2026,C+,2.68 pts,6.57,,86,,Yes
17,1/7/25,6,S1,SOC701 / 16,US HISTORY/A,SCOTT BOOTHBY,11,2026,B-,2.77 pts,8,,86,,Yes
17,1/7/25,2,S1,MAT701 / 12,ALGEBRA II A,JASON BLAESING,11,2026,B-,2.80 pts,13.43,,145,,Yes
17,1/7/25,2,S1,SCI609 / 12,CHEMISTRY/A,GRANT MERRILL,11,2026,B,2.92 pts,13,,242,,Yes
17,1/7/25,3,S1,BUS301 / 13,PERSONAL FINANCE A,NICOLE SIMEK,11,2026,A,4.00 pts,13.14,,242,,Yes
17,1/7/25,1,S1,MAT704 / 11,PRE-CALC A MAT 153,BRIAN ANDERSON,11,2026,B,3.06 pts,0,,151,,Yes
17,1/7/25,2,S1,MAT701 / 12,ALGEBRA II A,JASON BLAESING,11,2026,F,0.00 pts,39.33,,180,,Yes
17,1/7/25,4,S1,SOC701 / 14,US HISTORY/A,DAVE HAJEK,11,2026,F,1.44 pts,13.29,,438,,Yes
17,1/7/25,6,S1,MAT701 / 16,ALGEBRA II A,JASON BLAESING,11,2026,A-,3.51 pts,4.14,,342,,Yes
17,1/7/25,6,S1,MAT701 / 16,ALGEBRA II A,JASON BLAESING,11,2026,B-,2.70 pts,6.93,,357,,Yes
17,1/7/25,3,S1,MAT701 / 13,ALGEBRA II A,JENNIFER REILLY,11,2026,C,2.21 pts,5.71,,339,,Yes
17,1/7/25,3,S1,MAT701 / 13,ALGEBRA II A,JENNIFER REILLY,11,2026,C+,2.61 pts,9.26,,380,,Yes
17,1/7/25,6,S1,SOC701 / 16,US HISTORY/A,SCOTT BOOTHBY,11,2026,B,3.12 pts,8.55,,380,,Yes
17,1/7/25,2,S1,SCI609 / 12,CHEMISTRY/A,GRANT MERRILL,11,2026,C,2.42 pts,9.71,,282,,Yes
17,1/7/25,3,S1,MAT701 / 13,ALGEBRA II A,JENNIFER REILLY,11,2026,A-,3.46 pts,9.57,,282,,Yes
17,1/7/25,4,S1,SOC701 / 14,US HISTORY/A,DAVE HAJEK,11,2026,D,1.78 pts,14.14,,282,,Yes
17,1/7/25,5,S1,ENG701 / 15,JUNIOR ENG/A,JOHN CARVER,11,2026,C+,2.61 pts,14.14,,282,,Yes
17,1/7/25,2,S1,BUS301 / 12,PERSONAL FINANCE A,NICOLE SIMEK,11,2026,A,3.83 pts,9.43,,185,,Yes
17,1/7/25,4,S1,SOC701 / 14,US HISTORY/A,DAVE HAJEK,11,2026,B,3.15 pts,9.29,,185,,Yes
17,1/7/25,3,S1,MAT701 / 13,ALGEBRA II A,JENNIFER REILLY,11,2026,A-,3.50 pts,2.33,,103,,Yes
17,1/7/25,2,S1,MAT701 / 12,ALGEBRA II A,JASON BLAESING,11,2026,C-,2.19 pts,4.29,,85,,Yes
17,1/7/25,6,S1,SOC701 / 16,US HISTORY/A,SCOTT BOOTHBY,11,2026,A,3.63 pts,4.57,,85,,Yes
17,1/7/25,1,S1,MAT704 / 11,PRE-CALC A MAT 153,BRIAN ANDERSON,11,2026,A-,3.53 pts,4.5,,95,,Yes
17,1/7/25,6,S1,MAT701 / 16,ALGEBRA II A,JASON BLAESING,11,2026,B,2.90 pts,2.5,,50,,Yes
17,1/7/25,1,S1,MAT704 / 11,PRE-CALC A MAT 153,BRIAN ANDERSON,11,2026,C+,2.56 pts,4,,328,,Yes
17,1/7/25,6,S1,SOC701 / 16,US HISTORY/A,SCOTT BOOTHBY,11,2026,D+,1.99 pts,5.1,,275,,Yes
17,1/7/25,1,S1,MAT704 / 11,PRE-CALC A MAT 153,BRIAN ANDERSON,11,2026,A-,3.59 pts,0,,409,,Yes
17,1/7/25,5,S1,ENG701 / 15,JUNIOR ENG/A,JOHN CARVER,11,2026,A,3.96 pts,0,,409,,Yes
17,1/7/25,3,S1,MAT701 / 13,ALGEBRA II A,JENNIFER REILLY,11,2026,C+,2.65 pts,7.14,,412,,Yes
17,1/7/25,6,S1,SOC701 / 16,US HISTORY/A,SCOTT BOOTHBY,11,2026,A,3.92 pts,2,,68,,Yes
17,1/7/25,3,S1,BUS301 / 13,PERSONAL FINANCE A,NICOLE SIMEK,11,2026,C,2.44 pts,5,,267,,Yes
17,1/7/25,6,S1,SOC701 / 16,US HISTORY/A,SCOTT BOOTHBY,11,2026,C-,2.00 pts,39.29,,147,,Yes
17,1/7/25,2,S1,BUS301 / 12,PERSONAL FINANCE A,NICOLE SIMEK,12,2025,F,1.44 pts,27.57,,73,,Yes
17,1/7/25,5,S1,ENG701 / 15,JUNIOR ENG/A,JOHN CARVER,11,2026,A-,3.41 pts,12.86,,218,,Yes
17,1/7/25,6,S1,SOC701 / 16,US HISTORY/A,SCOTT BOOTHBY,11,2026,C,2.47 pts,12.86,,218,,Yes
17,1/7/25,6,S1,MAT701 / 16,ALGEBRA II A,JASON BLAESING,11,2026,F,1.39 pts,14.14,,296,,Yes
17,1/7/25,2,S1,SCI609 / 12,CHEMISTRY/A,GRANT MERRILL,11,2026,A,3.82 pts,0,,100,,Yes
17,1/7/25,1,S1,MAT704 / 11,PRE-CALC A MAT 153,BRIAN ANDERSON,11,2026,C,2.30 pts,2.29,,138,,Yes
17,1/7/25,5,S1,ENG701 / 15,JUNIOR ENG/A,JOHN CARVER,11,2026,B+,3.36 pts,3.71,,138,,Yes
17,1/7/25,2,S1,SCI609 / 12,CHEMISTRY/A,GRANT MERRILL,11,2026,C+,2.54 pts,0.86,,158,,Yes
17,1/7/25,5,S1,ENG701 / 15,JUNIOR ENG/A,JOHN CARVER,11,2026,A,3.79 pts,1.43,,158,,Yes
17,1/7/25,3,S1,MAT701 / 13,ALGEBRA II A,JENNIFER REILLY,11,2026,C,2.40 pts,4.14,,406,,Yes
17,1/7/25,2,S1,MAT701 / 12,ALGEBRA II A,JASON BLAESING,11,2026,B+,3.25 pts,5.43,,262,,Yes
17,1/7/25,6,S1,SOC701 / 16,US HISTORY/A,SCOTT BOOTHBY,11,2026,C-,2.17 pts,6,,262,,Yes
17,1/7/25,1,S1,MAT704 / 11,PRE-CALC A MAT 153,BRIAN ANDERSON,11,2026,B-,2.82 pts,6.5,,263,,Yes
17,1/7/25,2,S1,ENG601 / 12,SOPH ENG/A,KELLY GREGERSEN,10,2027,B-,2.88 pts,12.14,,77,,Yes
17,1/7/25,3,S1,SCI601 / 13,BIOLOGY A,GRANT MERRILL,10,2027,C-,2.11 pts,12.57,,77,,Yes
17,1/7/25,3,S1,SCI601 / 13,BIOLOGY A,GRANT MERRILL,10,2027,B,3.15 pts,0.57,,126,,Yes
17,1/7/25,5,S1,MAT522 / 15,GEOMETRY A,BRIAN ANDERSON,10,2027,A-,3.50 pts,0.86,,126,,Yes
17,1/7/25,2,S1,ENG601 / 12,SOPH ENG/A,KELLY GREGERSEN,10,2027,C,2.34 pts,10.14,,433,,Yes
17,1/7/25,4,S1,SCI601 / 14,BIOLOGY A,GRANT MERRILL,10,2027,F,0.34 pts,9.57,,433,,Yes
17,1/7/25,6,S1,ENG501 / 16,FR ENGLISH/A,DAVID HOLLINGSWORTH,9,2028,C,2.30 pts,2,,183,,Yes
17,1/7/25,2,S1,MAT522 / 12,GEOMETRY A,ROCHELLE AITON,10,2027,B-,2.73 pts,7.86,,205,,Yes
17,1/7/25,2,S1,MAT522 / 12,GEOMETRY A,NINETTE LILIENTHAL,10,2027,B-,2.73 pts,7.86,,205,,Yes
17,1/7/25,3,S1,SCI601 / 13,BIOLOGY A,GRANT MERRILL,10,2027,B,3.07 pts,0,,226,,Yes
17,1/7/25,6,S1,MAT701 / 16,ALGEBRA II A,JASON BLAESING,10,2027,A,3.74 pts,1,,226,,Yes
17,1/7/25,2,S1,MAT701 / 12,ALGEBRA II A,JASON BLAESING,10,2027,A,3.99 pts,2.71,,237,,Yes
17,1/7/25,3,S1,SCI601 / 13,BIOLOGY A,GRANT MERRILL,10,2027,B+,3.35 pts,2.71,,237,,Yes
17,1/7/25,6,S1,ENG501 / 16,FR ENGLISH/A,DAVID HOLLINGSWORTH,9,2028,A-,3.51 pts,3.14,,270,,Yes
17,1/7/25,4,S1,MAT522 / 14,GEOMETRY A,ROCHELLE AITON,10,2027,C+,2.50 pts,1,,443,,Yes
17,1/7/25,4,S1,MAT522 / 14,GEOMETRY A,NINETTE LILIENTHAL,10,2027,C+,2.50 pts,1,,443,,Yes
17,1/7/25,2,S1,MAT522 / 12,GEOMETRY A,ROCHELLE AITON,9,2028,A-,3.46 pts,7.43,,393,,Yes
17,1/7/25,2,S1,MAT522 / 12,GEOMETRY A,NINETTE LILIENTHAL,9,2028,A-,3.46 pts,7.43,,393,,Yes
17,1/7/25,3,S1,SCI601 / 13,BIOLOGY A,GRANT MERRILL,10,2027,C,2.24 pts,6.86,,401,,Yes
17,1/7/25,5,S1,ENG601 / 15,SOPH ENG/A,MARCEE SALAS,10,2027,B-,2.74 pts,6.43,,401,,Yes
17,1/7/25,3,S1,MAT522 / 13,GEOMETRY A,ROCHELLE AITON,9,2028,D,1.71 pts,26.86,,419,,Yes
17,1/7/25,3,S1,MAT522 / 13,GEOMETRY A,NINETTE LILIENTHAL,9,2028,D,1.71 pts,26.86,,419,,Yes
17,1/7/25,3,S1,MAT522 / 13,GEOMETRY A,ROCHELLE AITON,10,2027,F,0.42 pts,10.14,,251,,Yes
17,1/7/25,3,S1,MAT522 / 13,GEOMETRY A,NINETTE LILIENTHAL,10,2027,F,0.42 pts,10.14,,251,,Yes
17,1/7/25,4,S1,SCI601 / 14,BIOLOGY A,GRANT MERRILL,10,2027,F,0.67 pts,10.86,,251,,Yes
17,1/7/25,6,S1,SOC701 / 16,US HISTORY/A,SCOTT BOOTHBY,11,2026,C-,2.03 pts,6.29,,356,,Yes
17,1/7/25,3,S1,SCI601 / 13,BIOLOGY A,GRANT MERRILL,10,2027,C-,2.16 pts,1.71,,294,,Yes
17,1/7/25,2,S1,MAT522 / 12,GEOMETRY A,ROCHELLE AITON,10,2027,D+,1.95 pts,2,,84,,Yes
17,1/7/25,2,S1,MAT522 / 12,GEOMETRY A,NINETTE LILIENTHAL,10,2027,D+,1.95 pts,2,,84,,Yes
17,1/7/25,1,S1,MAT522 / 11,GEOMETRY A,ROCHELLE AITON,10,2027,F,0.84 pts,10.29,,72,,Yes
17,1/7/25,1,S1,MAT522 / 11,GEOMETRY A,NINETTE LILIENTHAL,10,2027,F,0.84 pts,10.29,,72,,Yes
17,1/7/25,5,S1,ENG601 / 15,SOPH ENG/A,MARCEE SALAS,10,2027,B-,2.78 pts,9.43,,72,,Yes
17,1/7/25,3,S1,SCI601 / 13,BIOLOGY A,GRANT MERRILL,10,2027,B+,3.34 pts,5.43,,57,,Yes
17,1/7/25,4,S1,MAT522 / 14,GEOMETRY A,ROCHELLE AITON,10,2027,A,3.64 pts,0,,452,,Yes
17,1/7/25,4,S1,MAT522 / 14,GEOMETRY A,NINETTE LILIENTHAL,10,2027,A,3.64 pts,0,,452,,Yes
17,1/7/25,4,S1,MAT522 / 14,GEOMETRY A,ROCHELLE AITON,10,2027,F,0.47 pts,14.29,,446,,Yes
17,1/7/25,4,S1,MAT522 / 14,GEOMETRY A,NINETTE LILIENTHAL,10,2027,F,0.47 pts,14.29,,446,,Yes
17,1/7/25,2,S1,ENG601 / 12,SOPH ENG/A,KELLY GREGERSEN,10,2027,F,0.79 pts,19.86,,309,,Yes
17,1/7/25,4,S1,SCI601 / 14,BIOLOGY A,GRANT MERRILL,10,2027,F,0.72 pts,18.29,,309,,Yes
17,1/7/25,5,S1,MAT522 / 15,GEOMETRY A,BRIAN ANDERSON,10,2027,F,0.01 pts,14.71,,309,,Yes
17,1/7/25,5,S1,MAT522 / 15,GEOMETRY A,BRIAN ANDERSON,10,2027,A-,3.41 pts,0.43,,199,,Yes
17,1/7/25,2,S1,MAT701 / 12,ALGEBRA II A,JASON BLAESING,11,2026,C,2.32 pts,4,,113,,Yes
17,1/7/25,3,S1,SCI601 / 13,BIOLOGY A,GRANT MERRILL,10,2027,A,3.69 pts,1.86,,140,,Yes
17,1/7/25,2,S1,MAT522 / 12,GEOMETRY A,ROCHELLE AITON,10,2027,C+,2.61 pts,1,,238,,Yes
17,1/7/25,2,S1,MAT522 / 12,GEOMETRY A,NINETTE LILIENTHAL,10,2027,C+,2.61 pts,1,,238,,Yes
17,1/7/25,5,S1,ENG601 / 15,SOPH ENG/A,MARCEE SALAS,10,2027,C,2.46 pts,1,,238,,Yes
17,1/7/25,6,S1,SCI601 / 36,BIOLOGY A,WILLIAM BAUR,10,2027,A,3.66 pts,1,,238,,Yes
17,1/7/25,1,S1,MAT704 / 11,PRE-CALC A MAT 153,BRIAN ANDERSON,11,2026,B,3.13 pts,9,,292,,Yes
17,1/7/25,4,S1,SCI601 / 14,BIOLOGY A,GRANT MERRILL,10,2027,C-,2.00 pts,1,,453,,Yes
17,1/7/25,2,S1,MAT522 / 12,GEOMETRY A,ROCHELLE AITON,10,2027,B-,2.83 pts,0,,291,,Yes
17,1/7/25,2,S1,MAT522 / 12,GEOMETRY A,NINETTE LILIENTHAL,10,2027,B-,2.83 pts,0,,291,,Yes
17,1/7/25,3,S1,SCI601 / 13,BIOLOGY A,GRANT MERRILL,10,2027,B-,2.81 pts,0,,291,,Yes
17,1/7/25,3,S1,SCI601 / 13,BIOLOGY A,GRANT MERRILL,10,2027,F,0.62 pts,26.14,,293,,Yes
17,1/7/25,4,S1,MAT522 / 14,GEOMETRY A,ROCHELLE AITON,10,2027,F,1.60 pts,26.43,,293,,Yes
17,1/7/25,4,S1,MAT522 / 14,GEOMETRY A,NINETTE LILIENTHAL,10,2027,F,1.60 pts,26.43,,293,,Yes
17,1/7/25,5,S1,MAT522 / 15,GEOMETRY A,BRIAN ANDERSON,10,2027,B-,2.87 pts,0,,421,,Yes
17,1/7/25,6,S1,SCI601 / 16,BIOLOGY A,GRANT MERRILL,10,2027,B,2.93 pts,0,,421,,Yes
17,1/7/25,1,S1,MAT704 / 11,PRE-CALC A MAT 153,BRIAN ANDERSON,10,2027,B,2.95 pts,5.71,,304,,Yes
17,1/7/25,2,S1,MAT522 / 12,GEOMETRY A,ROCHELLE AITON,10,2027,D+,1.98 pts,6.86,,414,,Yes
17,1/7/25,2,S1,MAT522 / 12,GEOMETRY A,NINETTE LILIENTHAL,10,2027,D+,1.98 pts,6.86,,414,,Yes
17,1/7/25,5,S1,ENG601 / 15,SOPH ENG/A,MARCEE SALAS,10,2027,C+,2.66 pts,5,,414,,Yes
17,1/7/25,6,S1,SCI601 / 36,BIOLOGY A,WILLIAM BAUR,10,2027,C,2.42 pts,5.14,,414,,Yes
17,1/7/25,1,S1,MAT522 / 11,GEOMETRY A,ROCHELLE AITON,10,2027,A,3.73 pts,0.57,,389,,Yes
17,1/7/25,1,S1,MAT522 / 11,GEOMETRY A,NINETTE LILIENTHAL,10,2027,A,3.73 pts,0.57,,389,,Yes
17,1/7/25,3,S1,SCI601 / 13,BIOLOGY A,GRANT MERRILL,10,2027,A-,3.51 pts,0.57,,389,,Yes
17,1/7/25,1,S1,MAT522 / 11,GEOMETRY A,ROCHELLE AITON,10,2027,B-,2.76 pts,2,,301,,Yes
17,1/7/25,1,S1,MAT522 / 11,GEOMETRY A,NINETTE LILIENTHAL,10,2027,B-,2.76 pts,2,,301,,Yes
17,1/7/25,4,S1,SCI601 / 14,BIOLOGY A,GRANT MERRILL,10,2027,B+,3.34 pts,0.43,,428,,Yes
17,1/7/25,5,S1,MAT522 / 15,GEOMETRY A,BRIAN ANDERSON,10,2027,A,3.71 pts,0.57,,303,,Yes
17,1/7/25,4,S1,MAT522 / 14,GEOMETRY A,ROCHELLE AITON,10,2027,C-,2.16 pts,14,,221,,Yes
17,1/7/25,4,S1,MAT522 / 14,GEOMETRY A,NINETTE LILIENTHAL,10,2027,C-,2.16 pts,14,,221,,Yes
17,1/7/25,5,S1,ENG601 / 15,SOPH ENG/A,MARCEE SALAS,10,2027,C,2.32 pts,14,,221,,Yes
17,1/7/25,4,S1,MAT522 / 14,GEOMETRY A,ROCHELLE AITON,10,2027,C+,2.54 pts,1.43,,460,,Yes
17,1/7/25,4,S1,MAT522 / 14,GEOMETRY A,NINETTE LILIENTHAL,10,2027,C+,2.54 pts,1.43,,460,,Yes
17,1/7/25,1,S1,MAT522 / 11,GEOMETRY A,ROCHELLE AITON,10,2027,F,1.53 pts,8.14,,83,,Yes
17,1/7/25,1,S1,MAT522 / 11,GEOMETRY A,NINETTE LILIENTHAL,10,2027,F,1.53 pts,8.14,,83,,Yes
17,1/7/25,4,S1,SCI601 / 14,BIOLOGY A,GRANT MERRILL,10,2027,C,2.40 pts,1.57,,455,,Yes
17,1/7/25,2,S1,MAT701 / 12,ALGEBRA II A,JASON BLAESING,10,2027,B,3.15 pts,0,,109,,Yes
17,1/7/25,3,S1,MAT522 / 13,GEOMETRY A,ROCHELLE AITON,10,2027,B-,2.77 pts,0,,99,,Yes
17,1/7/25,3,S1,MAT522 / 13,GEOMETRY A,NINETTE LILIENTHAL,10,2027,B-,2.77 pts,0,,99,,Yes
17,1/7/25,2,S1,MAT522 / 12,GEOMETRY A,ROCHELLE AITON,10,2027,D,1.70 pts,11.29,,256,,Yes
17,1/7/25,2,S1,MAT522 / 12,GEOMETRY A,NINETTE LILIENTHAL,10,2027,D,1.70 pts,11.29,,256,,Yes
17,1/7/25,6,S1,SCI601 / 16,BIOLOGY A,GRANT MERRILL,10,2027,F,0.93 pts,14.71,,256,,Yes
17,1/7/25,4,S1,MAT522 / 14,GEOMETRY A,ROCHELLE AITON,10,2027,B-,2.87 pts,2.14,,310,,Yes
17,1/7/25,4,S1,MAT522 / 14,GEOMETRY A,NINETTE LILIENTHAL,10,2027,B-,2.87 pts,2.14,,310,,Yes
17,1/7/25,6,S1,SCI601 / 16,BIOLOGY A,GRANT MERRILL,10,2027,B,3.13 pts,2.29,,310,,Yes
17,1/7/25,6,S1,MAT701 / 16,ALGEBRA II A,JASON BLAESING,10,2027,B,3.17 pts,2.86,,89,,Yes
17,1/7/25,2,S1,MAT522 / 12,GEOMETRY A,ROCHELLE AITON,10,2027,C-,2.11 pts,5.71,,175,,Yes
17,1/7/25,2,S1,MAT522 / 12,GEOMETRY A,NINETTE LILIENTHAL,10,2027,C-,2.11 pts,5.71,,175,,Yes
17,1/7/25,6,S1,SCI601 / 16,BIOLOGY A,GRANT MERRILL,10,2027,C-,2.00 pts,6,,175,,Yes
17,1/7/25,3,S1,SCI601 / 13,BIOLOGY A,GRANT MERRILL,10,2027,C+,2.61 pts,8,,372,,Yes
17,1/7/25,5,S1,MAT522 / 15,GEOMETRY A,BRIAN ANDERSON,10,2027,D+,1.81 pts,9.14,,372,,Yes
17,1/7/25,5,S1,MAT522 / 15,GEOMETRY A,BRIAN ANDERSON,10,2027,D,1.66 pts,10.57,,390,,Yes
17,1/7/25,2,S1,ENG601 / 12,SOPH ENG/A,KELLY GREGERSEN,10,2027,C,2.35 pts,13.86,,48,,Yes
17,1/7/25,3,S1,SCI601 / 13,BIOLOGY A,GRANT MERRILL,10,2027,F,1.05 pts,13.86,,48,,Yes
17,1/7/25,5,S1,MAT522 / 15,GEOMETRY A,BRIAN ANDERSON,10,2027,C,2.32 pts,13.86,,48,,Yes
17,1/7/25,3,S1,MAT522 / 13,GEOMETRY A,ROCHELLE AITON,10,2027,C,2.38 pts,3.71,,382,,Yes
17,1/7/25,3,S1,MAT522 / 13,GEOMETRY A,NINETTE LILIENTHAL,10,2027,C,2.38 pts,3.71,,382,,Yes
17,1/7/25,2,S1,SCI609 / 12,CHEMISTRY/A,GRANT MERRILL,11,2026,C+,2.56 pts,2.83,,60,,Yes
17,1/7/25,3,S1,MAT701 / 13,ALGEBRA II A,JENNIFER REILLY,11,2026,A,3.88 pts,2.83,,60,,Yes
17,1/7/25,5,S1,MAT522 / 15,GEOMETRY A,BRIAN ANDERSON,10,2027,F,1.58 pts,7.43,,59,,Yes
17,1/7/25,4,S1,SCI601 / 14,BIOLOGY A,GRANT MERRILL,10,2027,B,3.07 pts,4,,169,,Yes
17,1/7/25,5,S1,MAT522 / 15,GEOMETRY A,BRIAN ANDERSON,10,2027,C-,2.08 pts,4,,169,,Yes
17,1/7/25,4,S1,MAT522 / 14,GEOMETRY A,ROCHELLE AITON,10,2027,C+,2.69 pts,0.57,,454,,Yes
17,1/7/25,4,S1,MAT522 / 14,GEOMETRY A,NINETTE LILIENTHAL,10,2027,C+,2.69 pts,0.57,,454,,Yes
17,1/7/25,3,S1,SCI601 / 13,BIOLOGY A,GRANT MERRILL,10,2027,F,0.29 pts,6.29,,402,,Yes
17,1/7/25,5,S1,MAT522 / 15,GEOMETRY A,BRIAN ANDERSON,10,2027,F,0.90 pts,6.57,,402,,Yes
17,1/7/25,6,S1,SCI601 / 16,BIOLOGY A,GRANT MERRILL,10,2027,B,2.96 pts,1.71,,144,,Yes
17,1/7/25,3,S1,MAT522 / 13,GEOMETRY A,ROCHELLE AITON,11,2026,F,1.48 pts,13.14,,214,,Yes
17,1/7/25,3,S1,MAT522 / 13,GEOMETRY A,NINETTE LILIENTHAL,11,2026,F,1.48 pts,13.14,,214,,Yes
17,1/7/25,5,S1,ENG701 / 15,JUNIOR ENG/A,JOHN CARVER,11,2026,D+,1.84 pts,12.86,,214,,Yes
17,1/7/25,3,S1,MAT522 / 13,GEOMETRY A,ROCHELLE AITON,10,2027,F,0.14 pts,32.57,,360,,Yes
17,1/7/25,3,S1,MAT522 / 13,GEOMETRY A,NINETTE LILIENTHAL,10,2027,F,0.14 pts,32.57,,360,,Yes
17,1/7/25,6,S1,SCI601 / 16,BIOLOGY A,GRANT MERRILL,10,2027,F,0.35 pts,35.71,,360,,Yes
17,1/7/25,5,S1,ENG601 / 15,SOPH ENG/A,MARCEE SALAS,10,2027,C-,2.12 pts,4.43,,139,,Yes
17,1/7/25,3,S1,MAT701 / 13,ALGEBRA II A,JENNIFER REILLY,10,2027,B,2.90 pts,0,,405,,Yes
17,1/7/25,5,S1,ENG601 / 15,SOPH ENG/A,MARCEE SALAS,10,2027,C+,2.56 pts,0,,405,,Yes
17,1/7/25,6,S1,SCI601 / 16,BIOLOGY A,GRANT MERRILL,10,2027,C-,2.10 pts,0.14,,405,,Yes
17,1/7/25,3,S1,SCI601 / 13,BIOLOGY A,GRANT MERRILL,10,2027,C,2.31 pts,7.86,,333,,Yes
17,1/7/25,5,S1,MAT522 / 15,GEOMETRY A,BRIAN ANDERSON,10,2027,C,2.38 pts,14,,340,,Yes
17,1/7/25,6,S1,SCI601 / 36,BIOLOGY A,WILLIAM BAUR,10,2027,D,1.67 pts,14.14,,340,,Yes
17,1/7/25,1,S1,MAT522 / 11,GEOMETRY A,ROCHELLE AITON,10,2027,D+,1.89 pts,0.86,,132,,Yes
17,1/7/25,1,S1,MAT522 / 11,GEOMETRY A,NINETTE LILIENTHAL,10,2027,D+,1.89 pts,0.86,,132,,Yes
17,1/7/25,2,S1,ENG601 / 12,SOPH ENG/A,KELLY GREGERSEN,10,2027,C,2.27 pts,0.86,,132,,Yes
17,1/7/25,3,S1,SCI601 / 13,BIOLOGY A,GRANT MERRILL,10,2027,C-,2.17 pts,0.86,,132,,Yes
17,1/7/25,2,S1,ENG601 / 12,SOPH ENG/A,KELLY GREGERSEN,10,2027,B-,2.74 pts,1.57,,404,,Yes
17,1/7/25,3,S1,MAT522 / 13,GEOMETRY A,ROCHELLE AITON,10,2027,C+,2.50 pts,2.14,,404,,Yes
17,1/7/25,3,S1,MAT522 / 13,GEOMETRY A,NINETTE LILIENTHAL,10,2027,C+,2.50 pts,2.14,,404,,Yes
17,1/7/25,4,S1,SCI601 / 14,BIOLOGY A,GRANT MERRILL,10,2027,B,3.00 pts,2,,404,,Yes
17,1/7/25,1,S1,MAT522 / 11,GEOMETRY A,ROCHELLE AITON,10,2027,F,0.58 pts,16.57,,273,,Yes
17,1/7/25,1,S1,MAT522 / 11,GEOMETRY A,NINETTE LILIENTHAL,10,2027,F,0.58 pts,16.57,,273,,Yes
17,1/7/25,5,S1,ENG601 / 15,SOPH ENG/A,MARCEE SALAS,10,2027,F,1.48 pts,12.14,,273,,Yes
17,1/7/25,6,S1,SCI601 / 36,BIOLOGY A,WILLIAM BAUR,10,2027,D,1.65 pts,10.71,,273,,Yes
17,1/7/25,2,S1,MAT701 / 12,ALGEBRA II A,JASON BLAESING,11,2026,B,3.12 pts,7.71,,167,,Yes
17,1/7/25,6,S1,SOC701 / 16,US HISTORY/A,SCOTT BOOTHBY,11,2026,F,1.21 pts,5.29,,167,,Yes
17,1/7/25,3,S1,MAT522 / 13,GEOMETRY A,ROCHELLE AITON,10,2027,C+,2.53 pts,2.86,,236,,Yes
17,1/7/25,3,S1,MAT522 / 13,GEOMETRY A,NINETTE LILIENTHAL,10,2027,C+,2.53 pts,2.86,,236,,Yes
17,1/7/25,4,S1,SCI601 / 14,BIOLOGY A,GRANT MERRILL,10,2027,D+,1.98 pts,3.14,,236,,Yes
17,1/7/25,5,S1,ENG601 / 15,SOPH ENG/A,MARCEE SALAS,10,2027,C,2.33 pts,2.86,,236,,Yes
17,1/7/25,2,S1,ENG601 / 12,SOPH ENG/A,KELLY GREGERSEN,10,2027,C,2.26 pts,8.14,,235,,Yes
17,1/7/25,4,S1,SCI601 / 14,BIOLOGY A,GRANT MERRILL,10,2027,F,1.48 pts,13,,445,,Yes
17,1/7/25,1,S1,MAT704 / 11,PRE-CALC A MAT 153,BRIAN ANDERSON,12,2025,C,2.37 pts,8,,325,,Yes
17,1/7/25,2,S1,BUS301 / 12,PERSONAL FINANCE A,NICOLE SIMEK,12,2025,A,3.99 pts,7.14,,325,,Yes
17,1/7/25,3,S1,MAT701 / 13,ALGEBRA II A,JENNIFER REILLY,10,2027,C+,2.68 pts,8.29,,130,,Yes
17,1/7/25,5,S1,ENG601 / 15,SOPH ENG/A,MARCEE SALAS,10,2027,B-,2.82 pts,8.29,,130,,Yes
17,1/7/25,2,S1,MAT522 / 12,GEOMETRY A,ROCHELLE AITON,10,2027,B,3.05 pts,1.14,,173,,Yes
17,1/7/25,2,S1,MAT522 / 12,GEOMETRY A,NINETTE LILIENTHAL,10,2027,B,3.05 pts,1.14,,173,,Yes
17,1/7/25,6,S1,SCI601 / 36,BIOLOGY A,WILLIAM BAUR,10,2027,B+,3.35 pts,1.43,,173,,Yes
17,1/7/25,2,S1,ENG601 / 12,SOPH ENG/A,KELLY GREGERSEN,10,2027,F,0.50 pts,12.86,,249,,Yes
17,1/7/25,5,S1,MAT522 / 15,GEOMETRY A,BRIAN ANDERSON,10,2027,F,0.84 pts,8.86,,249,,Yes
17,1/7/25,6,S1,SCI601 / 16,BIOLOGY A,GRANT MERRILL,10,2027,F,0.76 pts,9.86,,249,,Yes
17,1/7/25,1,S1,MAT704 / 11,PRE-CALC A MAT 153,BRIAN ANDERSON,11,2026,C-,2.05 pts,0,,71,,Yes
17,1/7/25,6,S1,SOC701 / 16,US HISTORY/A,SCOTT BOOTHBY,11,2026,B,2.95 pts,0,,71,,Yes
17,1/7/25,2,S1,MAT522 / 12,GEOMETRY A,ROCHELLE AITON,10,2027,C-,2.07 pts,6.57,,88,,Yes
17,1/7/25,2,S1,MAT522 / 12,GEOMETRY A,NINETTE LILIENTHAL,10,2027,C-,2.07 pts,6.57,,88,,Yes
17,1/7/25,5,S1,ENG601 / 15,SOPH ENG/A,MARCEE SALAS,10,2027,C+,2.60 pts,6.43,,88,,Yes
17,1/7/25,6,S1,SCI601 / 16,BIOLOGY A,GRANT MERRILL,10,2027,F,1.17 pts,6.57,,88,,Yes
17,1/7/25,3,S1,BUS301 / 13,PERSONAL FINANCE A,NICOLE SIMEK,12,2025,B,3.12 pts,3.71,,367,,Yes
17,1/7/25,6,S1,SCI601 / 36,BIOLOGY A,WILLIAM BAUR,10,2027,D+,1.96 pts,2.29,,417,,Yes
17,1/7/25,2,S1,SCI609 / 12,CHEMISTRY/A,GRANT MERRILL,11,2026,D+,1.89 pts,12.29,,55,,Yes
17,1/7/25,6,S1,MAT701 / 16,ALGEBRA II A,JASON BLAESING,11,2026,D,1.76 pts,12.57,,55,,Yes
17,1/7/25,2,S1,SCI609 / 12,CHEMISTRY/A,GRANT MERRILL,11,2026,B,2.98 pts,0,,388,,Yes
17,1/7/25,2,S1,SCI609 / 12,CHEMISTRY/A,GRANT MERRILL,11,2026,B,3.09 pts,4.57,,387,,Yes
17,1/7/25,3,S1,MAT701 / 13,ALGEBRA II A,JENNIFER REILLY,11,2026,A-,3.54 pts,5,,387,,Yes
17,1/7/25,3,S1,MAT522 / 13,GEOMETRY A,ROCHELLE AITON,9,2028,A,3.61 pts,4,,281,,Yes
17,1/7/25,3,S1,MAT522 / 13,GEOMETRY A,NINETTE LILIENTHAL,9,2028,A,3.61 pts,4,,281,,Yes
17,1/7/25,6,S1,ENG501 / 16,FR ENGLISH/A,DAVID HOLLINGSWORTH,9,2028,A,4.00 pts,5.43,,295,,Yes
17,1/7/25,3,S1,MAT522 / 13,GEOMETRY A,ROCHELLE AITON,9,2028,A-,3.53 pts,8,,306,,Yes
17,1/7/25,3,S1,MAT522 / 13,GEOMETRY A,NINETTE LILIENTHAL,9,2028,A-,3.53 pts,8,,306,,Yes
17,1/7/25,6,S1,ENG501 / 16,FR ENGLISH/A,DAVID HOLLINGSWORTH,9,2028,C,2.49 pts,8.43,,306,,Yes
17,1/7/25,3,S1,MAT522 / 13,GEOMETRY A,ROCHELLE AITON,9,2028,A,3.79 pts,2.86,,348,,Yes
17,1/7/25,3,S1,MAT522 / 13,GEOMETRY A,NINETTE LILIENTHAL,9,2028,A,3.79 pts,2.86,,348,,Yes
17,1/7/25,4,S1,MAT522 / 14,GEOMETRY A,ROCHELLE AITON,9,2028,C-,2.18 pts,2.71,,450,,Yes
17,1/7/25,4,S1,MAT522 / 14,GEOMETRY A,NINETTE LILIENTHAL,9,2028,C-,2.18 pts,2.71,,450,,Yes
17,1/7/25,3,S1,MAT522 / 13,GEOMETRY A,ROCHELLE AITON,9,2028,B+,3.30 pts,16.86,,302,,Yes
17,1/7/25,3,S1,MAT522 / 13,GEOMETRY A,NINETTE LILIENTHAL,9,2028,B+,3.30 pts,16.86,,302,,Yes
17,1/7/25,6,S1,ENG501 / 16,FR ENGLISH/A,DAVID HOLLINGSWORTH,9,2028,C,2.34 pts,17.86,,302,,Yes
17,1/7/25,2,S1,MAT522 / 12,GEOMETRY A,ROCHELLE AITON,9,2028,A,3.61 pts,0.43,,228,,Yes
17,1/7/25,2,S1,MAT522 / 12,GEOMETRY A,NINETTE LILIENTHAL,9,2028,A,3.61 pts,0.43,,228,,Yes
17,1/7/25,5,S1,MAT522 / 15,GEOMETRY A,BRIAN ANDERSON,9,2028,A-,3.42 pts,7.43,,369,,Yes
17,1/7/25,5,S1,MAT522 / 15,GEOMETRY A,BRIAN ANDERSON,10,2027,B,3.19 pts,6.71,,203,,Yes
17,1/7/25,5,S1,MAT522 / 15,GEOMETRY A,BRIAN ANDERSON,10,2027,A-,3.48 pts,5,,80,,Yes
17,1/7/25,5,S1,MAT522 / 15,GEOMETRY A,BRIAN ANDERSON,10,2027,B-,2.89 pts,11.71,,252,,Yes
17,1/7/25,6,S1,SCI601 / 16,BIOLOGY A,GRANT MERRILL,10,2027,B-,2.70 pts,11.71,,252,,Yes
17,1/7/25,6,S1,SOC701 / 16,US HISTORY/A,SCOTT BOOTHBY,11,2026,F,0.76 pts,29.43,,187,,Yes
17,1/7/25,6,S1,ENG501 / 16,FR ENGLISH/A,DAVID HOLLINGSWORTH,9,2028,A,3.93 pts,0,,111,,Yes
17,1/7/25,1,S1,MAT522 / 11,GEOMETRY A,ROCHELLE AITON,9,2028,A,3.70 pts,1.43,,219,,Yes
17,1/7/25,1,S1,MAT522 / 11,GEOMETRY A,NINETTE LILIENTHAL,9,2028,A,3.70 pts,1.43,,219,,Yes
17,1/7/25,6,S1,ENG501 / 16,FR ENGLISH/A,DAVID HOLLINGSWORTH,9,2028,C+,2.63 pts,2,,464,,Yes
17,1/7/25,6,S1,SOC701 / 16,US HISTORY/A,SCOTT BOOTHBY,11,2026,B,3.10 pts,8,,250,,Yes
17,1/7/25,6,S1,ENG501 / 16,FR ENGLISH/A,DAVID HOLLINGSWORTH,9,2028,C,2.29 pts,27.86,,243,,Yes
17,1/7/25,2,S1,SCI609 / 12,CHEMISTRY/A,GRANT MERRILL,11,2026,D,1.71 pts,11.29,,368,,Yes
17,1/7/25,6,S1,SOC701 / 16,US HISTORY/A,SCOTT BOOTHBY,11,2026,C-,2.10 pts,6.71,,368,,Yes
17,1/7/25,4,S1,MAT522 / 14,GEOMETRY A,ROCHELLE AITON,10,2027,C,2.47 pts,6.57,,171,,Yes
17,1/7/25,4,S1,MAT522 / 14,GEOMETRY A,NINETTE LILIENTHAL,10,2027,C,2.47 pts,6.57,,171,,Yes
17,1/7/25,6,S1,SCI601 / 36,BIOLOGY A,WILLIAM BAUR,10,2027,C-,2.00 pts,7.71,,171,,Yes
17,1/7/25,6,S1,ENG501 / 16,FR ENGLISH/A,DAVID HOLLINGSWORTH,9,2028,A,3.63 pts,6.14,,285,,Yes
17,1/7/25,3,S1,MAT522 / 13,GEOMETRY A,ROCHELLE AITON,9,2028,B,3.02 pts,4,,261,,Yes
17,1/7/25,3,S1,MAT522 / 13,GEOMETRY A,NINETTE LILIENTHAL,9,2028,B,3.02 pts,4,,261,,Yes
17,1/7/25,4,S1,MAT522 / 14,GEOMETRY A,ROCHELLE AITON,10,2027,B+,3.31 pts,0.29,,440,,Yes
17,1/7/25,4,S1,MAT522 / 14,GEOMETRY A,NINETTE LILIENTHAL,10,2027,B+,3.31 pts,0.29,,440,,Yes
17,1/7/25,2,S1,MAT522 / 12,GEOMETRY A,ROCHELLE AITON,10,2027,D,1.70 pts,10.86,,159,,Yes
17,1/7/25,2,S1,MAT522 / 12,GEOMETRY A,NINETTE LILIENTHAL,10,2027,D,1.70 pts,10.86,,159,,Yes
17,1/7/25,3,S1,SCI601 / 13,BIOLOGY A,GRANT MERRILL,10,2027,D,1.79 pts,11.14,,159,,Yes
17,1/7/25,5,S1,ENG601 / 15,SOPH ENG/A,MARCEE SALAS,10,2027,B,2.92 pts,11,,159,,Yes
17,1/7/25,5,S1,ENG701 / 15,JUNIOR ENG/A,JOHN CARVER,11,2026,C,2.47 pts,10.14,,91,,Yes
17,1/7/25,2,S1,MAT701 / 12,ALGEBRA II A,JASON BLAESING,11,2026,B,2.97 pts,6,,319,,Yes
17,1/7/25,4,S1,SCI601 / 14,BIOLOGY A,GRANT MERRILL,10,2027,C+,2.55 pts,6.86,,431,,Yes
17,1/7/25,2,S1,ENG601 / 12,SOPH ENG/A,KELLY GREGERSEN,10,2027,F,1.43 pts,16.57,,317,,Yes
17,1/7/25,3,S1,MAT522 / 13,GEOMETRY A,ROCHELLE AITON,10,2027,C-,2.16 pts,15.43,,317,,Yes
17,1/7/25,3,S1,MAT522 / 13,GEOMETRY A,NINETTE LILIENTHAL,10,2027,C-,2.16 pts,15.43,,317,,Yes
17,1/7/25,5,S1,MAT522 / 15,GEOMETRY A,BRIAN ANDERSON,10,2027,A,3.79 pts,0,,359,,Yes
17,1/7/25,6,S1,SOC701 / 16,US HISTORY/A,SCOTT BOOTHBY,11,2026,C+,2.62 pts,7.71,,277,,Yes
17,1/7/25,1,S1,MAT704 / 11,PRE-CALC A MAT 153,BRIAN ANDERSON,12,2025,F,1.48 pts,9.5,,395,,Yes
17,1/7/25,4,S1,SOC701 / 14,US HISTORY/A,DAVE HAJEK,11,2026,A-,3.42 pts,2.14,,459,,Yes
17,1/7/25,5,S1,MAT522 / 15,GEOMETRY A,BRIAN ANDERSON,10,2027,C,2.45 pts,10.71,,190,,Yes
17,1/7/25,6,S1,SCI601 / 16,BIOLOGY A,GRANT MERRILL,10,2027,C,2.31 pts,10.14,,190,,Yes
17,1/7/25,2,S1,MAT701 / 12,ALGEBRA II A,JASON BLAESING,11,2026,B,3.19 pts,20.86,,312,,Yes
17,1/7/25,6,S1,SOC701 / 16,US HISTORY/A,SCOTT BOOTHBY,11,2026,C,2.47 pts,19.57,,312,,Yes
17,1/7/25,1,S1,MAT522 / 11,GEOMETRY A,ROCHELLE AITON,10,2027,D,1.70 pts,14.43,,53,,Yes
17,1/7/25,1,S1,MAT522 / 11,GEOMETRY A,NINETTE LILIENTHAL,10,2027,D,1.70 pts,14.43,,53,,Yes
17,1/7/25,4,S1,SCI601 / 14,BIOLOGY A,GRANT MERRILL,10,2027,D+,1.91 pts,13.71,,53,,Yes
17,1/7/25,5,S1,MAT522 / 15,GEOMETRY A,BRIAN ANDERSON,10,2027,B,3.08 pts,15.57,,334,,Yes
17,1/7/25,2,S1,BUS301 / 12,PERSONAL FINANCE A,NICOLE SIMEK,12,2025,C,2.26 pts,6.86,,240,,Yes
17,1/7/25,6,S1,MAT701 / 16,ALGEBRA II A,JASON BLAESING,11,2026,A,3.88 pts,1,,257,,Yes
17,1/7/25,6,S1,MAT701 / 16,ALGEBRA II A,JASON BLAESING,11,2026,F,1.55 pts,8.67,,258,,Yes
17,1/7/25,2,S1,MAT701 / 12,ALGEBRA II A,JASON BLAESING,10,2027,A,3.85 pts,14.29,,66,,Yes
17,1/7/25,6,S1,MAT701 / 16,ALGEBRA II A,JASON BLAESING,11,2026,B,2.91 pts,8,,141,,Yes
17,1/7/25,4,S1,MAT522 / 14,GEOMETRY A,ROCHELLE AITON,10,2027,D+,1.85 pts,0.29,,170,,Yes
17,1/7/25,4,S1,MAT522 / 14,GEOMETRY A,NINETTE LILIENTHAL,10,2027,D+,1.85 pts,0.29,,170,,Yes
17,1/7/25,6,S1,SCI601 / 36,BIOLOGY A,WILLIAM BAUR,10,2027,D,1.73 pts,0.29,,170,,Yes
17,1/7/25,6,S1,MAT701 / 16,ALGEBRA II A,JASON BLAESING,11,2026,C,2.23 pts,1,,225,,Yes
17,1/7/25,4,S1,SCI601 / 14,BIOLOGY A,GRANT MERRILL,10,2027,D+,1.93 pts,7,,442,,Yes
17,1/7/25,6,S1,SCI601 / 16,BIOLOGY A,GRANT MERRILL,10,2027,B+,3.25 pts,10.14,,287,,Yes
17,1/7/25,3,S1,SCI601 / 13,BIOLOGY A,GRANT MERRILL,10,2027,B,3.19 pts,1.86,,137,,Yes
17,1/7/25,4,S1,MAT522 / 14,GEOMETRY A,ROCHELLE AITON,10,2027,B-,2.83 pts,1,,137,,Yes
17,1/7/25,4,S1,MAT522 / 14,GEOMETRY A,NINETTE LILIENTHAL,10,2027,B-,2.83 pts,1,,137,,Yes
17,1/7/25,3,S1,SCI601 / 13,BIOLOGY A,GRANT MERRILL,10,2027,C-,2.13 pts,7.71,,364,,Yes
17,1/7/25,1,S1,MAT522 / 11,GEOMETRY A,ROCHELLE AITON,9,2028,A,3.64 pts,5,,279,,Yes
17,1/7/25,1,S1,MAT522 / 11,GEOMETRY A,NINETTE LILIENTHAL,9,2028,A,3.64 pts,5,,279,,Yes
17,1/7/25,1,S1,MAT522 / 11,GEOMETRY A,ROCHELLE AITON,10,2027,C,2.46 pts,9.57,,193,,Yes
17,1/7/25,1,S1,MAT522 / 11,GEOMETRY A,NINETTE LILIENTHAL,10,2027,C,2.46 pts,9.57,,193,,Yes
17,1/7/25,5,S1,ENG601 / 15,SOPH ENG/A,MARCEE SALAS,10,2027,C-,2.13 pts,9.14,,193,,Yes
17,1/7/25,2,S1,SCI609 / 12,CHEMISTRY/A,GRANT MERRILL,11,2026,F,1.17 pts,15.14,,65,,Yes
17,1/7/25,3,S1,BUS301 / 13,PERSONAL FINANCE A,NICOLE SIMEK,11,2026,C+,2.68 pts,14.71,,65,,Yes
17,1/7/25,4,S1,SOC701 / 14,US HISTORY/A,DAVE HAJEK,11,2026,C-,2.18 pts,15,,65,,Yes
17,1/7/25,3,S1,BUS301 / 13,PERSONAL FINANCE A,NICOLE SIMEK,12,2025,A,4.00 pts,1.29,,283,,Yes
17,1/7/25,3,S1,MAT522 / 13,GEOMETRY A,ROCHELLE AITON,9,2028,A,3.68 pts,1.43,,284,,Yes
17,1/7/25,3,S1,MAT522 / 13,GEOMETRY A,NINETTE LILIENTHAL,9,2028,A,3.68 pts,1.43,,284,,Yes
17,1/7/25,3,S1,MAT522 / 13,GEOMETRY A,ROCHELLE AITON,10,2027,B-,2.88 pts,6,,269,,Yes
17,1/7/25,3,S1,MAT522 / 13,GEOMETRY A,NINETTE LILIENTHAL,10,2027,B-,2.88 pts,6,,269,,Yes
17,1/7/25,2,S1,ENG601 / 12,SOPH ENG/A,KELLY GREGERSEN,10,2027,B+,3.35 pts,5.71,,290,,Yes
17,1/7/25,2,S1,MAT701 / 12,ALGEBRA II A,JASON BLAESING,11,2026,A-,3.40 pts,8.29,,370,,Yes
17,1/7/25,6,S1,ENG501 / 16,FR ENGLISH/A,DAVID HOLLINGSWORTH,9,2028,C+,2.54 pts,19,,98,,Yes
17,1/7/25,2,S1,MAT522 / 12,GEOMETRY A,ROCHELLE AITON,9,2028,B+,3.32 pts,1.71,,311,,Yes
17,1/7/25,2,S1,MAT522 / 12,GEOMETRY A,NINETTE LILIENTHAL,9,2028,B+,3.32 pts,1.71,,311,,Yes
17,1/7/25,6,S1,MAT701 / 16,ALGEBRA II A,JASON BLAESING,11,2026,A-,3.51 pts,8,,127,,Yes
17,1/7/25,1,S1,MAT704 / 11,PRE-CALC A MAT 153,BRIAN ANDERSON,12,2025,D,1.70 pts,4.86,,352,,Yes
17,1/7/25,3,S1,MAT701 / 13,ALGEBRA II A,JENNIFER REILLY,10,2027,A,3.96 pts,7,,186,,Yes
17,1/7/25,6,S1,SCI601 / 36,BIOLOGY A,WILLIAM BAUR,10,2027,B+,3.25 pts,6.57,,186,,Yes
17,1/7/25,4,S1,MAT522 / 14,GEOMETRY A,ROCHELLE AITON,10,2027,D+,1.86 pts,12.29,,437,,Yes
17,1/7/25,4,S1,MAT522 / 14,GEOMETRY A,NINETTE LILIENTHAL,10,2027,D+,1.86 pts,12.29,,437,,Yes
17,1/7/25,6,S1,SCI601 / 36,BIOLOGY A,WILLIAM BAUR,12,2025,A-,3.46 pts,21.67,,178,,Yes
17,1/7/25,2,S1,BUS301 / 12,PERSONAL FINANCE A,NICOLE SIMEK,12,2025,B,2.91 pts,18,,135,,Yes
17,1/7/25,1,S1,MAT522 / 11,GEOMETRY A,ROCHELLE AITON,10,2027,D,1.79 pts,8.86,,246,,Yes
17,1/7/25,1,S1,MAT522 / 11,GEOMETRY A,NINETTE LILIENTHAL,10,2027,D,1.79 pts,8.86,,246,,Yes
17,1/7/25,2,S1,MAT701 / 12,ALGEBRA II A,JASON BLAESING,11,2026,B,3.00 pts,5.14,,241,,Yes
17,1/7/25,2,S1,BUS301 / 12,PERSONAL FINANCE A,NICOLE SIMEK,12,2025,B-,2.86 pts,15.43,,97,,Yes
17,1/7/25,2,S1,BUS301 / 12,PERSONAL FINANCE A,NICOLE SIMEK,12,2025,B-,2.72 pts,16.43,,96,,Yes
17,1/7/25,3,S1,SCI601 / 13,BIOLOGY A,GRANT MERRILL,10,2027,C-,2.04 pts,2.86,,136,,Yes
17,1/7/25,4,S1,MAT522 / 14,GEOMETRY A,ROCHELLE AITON,10,2027,F,0.00 pts,31.29,,447,,Yes
17,1/7/25,4,S1,MAT522 / 14,GEOMETRY A,NINETTE LILIENTHAL,10,2027,F,0.00 pts,31.29,,447,,Yes
17,1/7/25,1,S1,MAT522 / 11,GEOMETRY A,ROCHELLE AITON,10,2027,C-,2.01 pts,2,,411,,Yes
17,1/7/25,1,S1,MAT522 / 11,GEOMETRY A,NINETTE LILIENTHAL,10,2027,C-,2.01 pts,2,,411,,Yes
17,1/7/25,3,S1,MAT701 / 13,ALGEBRA II A,JENNIFER REILLY,10,2027,A,3.82 pts,4.71,,153,,Yes
17,1/7/25,2,S1,MAT701 / 12,ALGEBRA II A,JASON BLAESING,11,2026,D+,1.88 pts,30.29,,274,,Yes
17,1/7/25,1,S1,MAT522 / 11,GEOMETRY A,ROCHELLE AITON,10,2027,B+,3.37 pts,0,,184,,Yes
17,1/7/25,1,S1,MAT522 / 11,GEOMETRY A,NINETTE LILIENTHAL,10,2027,B+,3.37 pts,0,,184,,Yes
17,1/7/25,4,S1,SCI601 / 14,BIOLOGY A,GRANT MERRILL,10,2027,B+,3.33 pts,0,,184,,Yes
17,1/7/25,6,S1,ENG501 / 16,FR ENGLISH/A,DAVID HOLLINGSWORTH,9,2028,D,1.79 pts,1,,308,,Yes
17,1/7/25,2,S1,MAT522 / 12,GEOMETRY A,ROCHELLE AITON,9,2028,B+,3.31 pts,1.71,,166,,Yes
17,1/7/25,2,S1,MAT522 / 12,GEOMETRY A,NINETTE LILIENTHAL,9,2028,B+,3.31 pts,1.71,,166,,Yes
17,1/7/25,6,S1,ENG501 / 16,FR ENGLISH/A,DAVID HOLLINGSWORTH,9,2028,B,3.03 pts,1.71,,166,,Yes
17,1/7/25,6,S1,ENG501 / 16,FR ENGLISH/A,DAVID HOLLINGSWORTH,9,2028,C,2.39 pts,4,,268,,Yes
17,1/7/25,5,S1,MAT522 / 15,GEOMETRY A,BRIAN ANDERSON,9,2028,B,3.01 pts,1.86,,351,,Yes
17,1/7/25,2,S1,MAT701 / 12,ALGEBRA II A,JASON BLAESING,11,2026,,2.94 pts,1,,468,,Yes
17,1/7/25,2,S1,ENG601 / 12,SOPH ENG/A,KELLY GREGERSEN,10,2027,B,3.02 pts,6.57,,143,,Yes
17,1/7/25,4,S1,MAT522 / 14,GEOMETRY A,ROCHELLE AITON,10,2027,F,1.24 pts,8.14,,143,,Yes
17,1/7/25,4,S1,MAT522 / 14,GEOMETRY A,NINETTE LILIENTHAL,10,2027,F,1.24 pts,8.14,,143,,Yes
17,1/7/25,2,S1,BUS301 / 12,PERSONAL FINANCE A,NICOLE SIMEK,12,2025,F,0.52 pts,12.43,,377,,Yes
17,1/7/25,4,S1,MAT522 / 14,GEOMETRY A,ROCHELLE AITON,10,2027,F,0.64 pts,3.57,,110,,Yes
17,1/7/25,4,S1,MAT522 / 14,GEOMETRY A,NINETTE LILIENTHAL,10,2027,F,0.64 pts,3.57,,110,,Yes
17,1/7/25,5,S1,ENG601 / 15,SOPH ENG/A,MARCEE SALAS,10,2027,F,0.88 pts,3.86,,110,,Yes
17,1/7/25,6,S1,SCI601 / 16,BIOLOGY A,GRANT MERRILL,10,2027,F,0.14 pts,5.57,,110,,Yes
17,1/7/25,6,S1,ENG501 / 16,FR ENGLISH/A,DAVID HOLLINGSWORTH,9,2028,D,1.72 pts,3.43,,196,,Yes
17,1/7/25,4,S1,MAT522 / 14,GEOMETRY A,ROCHELLE AITON,9,2028,B,3.03 pts,2.43,,434,,Yes
17,1/7/25,4,S1,MAT522 / 14,GEOMETRY A,NINETTE LILIENTHAL,9,2028,B,3.03 pts,2.43,,434,,Yes
17,1/7/25,1,S1,MAT522 / 11,GEOMETRY A,ROCHELLE AITON,10,2027,B-,2.83 pts,18.14,,383,,Yes
17,1/7/25,1,S1,MAT522 / 11,GEOMETRY A,NINETTE LILIENTHAL,10,2027,B-,2.83 pts,18.14,,383,,Yes
17,1/7/25,3,S1,SCI601 / 13,BIOLOGY A,GRANT MERRILL,10,2027,B+,3.28 pts,18.86,,383,,Yes
17,1/7/25,5,S1,ENG601 / 15,SOPH ENG/A,MARCEE SALAS,10,2027,C,2.35 pts,19.43,,383,,Yes
17,1/7/25,2,S1,BUS301 / 12,PERSONAL FINANCE A,NICOLE SIMEK,12,2025,B,3.00 pts,11.71,,104,,Yes
17,1/7/25,4,S1,SCI601 / 14,BIOLOGY A,GRANT MERRILL,10,2027,F,1.63 pts,5.14,,374,,Yes
17,1/7/25,5,S1,ENG601 / 15,SOPH ENG/A,MARCEE SALAS,10,2027,D,1.77 pts,5,,374,,Yes
17,1/7/25,6,S1,MAT701 / 16,ALGEBRA II A,JASON BLAESING,11,2026,A-,3.40 pts,1,,119,,Yes
17,1/7/25,3,S1,BUS301 / 13,PERSONAL FINANCE A,NICOLE SIMEK,11,2026,F,0.72 pts,3.14,,435,,Yes
17,1/7/25,3,S1,BUS301 / 13,PERSONAL FINANCE A,NICOLE SIMEK,12,2025,B-,2.77 pts,2,,345,,Yes
17,1/7/25,6,S1,MAT701 / 16,ALGEBRA II A,JASON BLAESING,11,2026,A-,3.46 pts,9.71,,316,,Yes
17,1/7/25,6,S1,MAT701 / 16,ALGEBRA II A,JASON BLAESING,11,2026,A-,3.52 pts,7.5,,313,,Yes
17,1/7/25,6,S1,MAT701 / 16,ALGEBRA II A,JASON BLAESING,11,2026,A,3.64 pts,7.29,,307,,Yes
17,1/7/25,4,S1,SOC701 / 14,US HISTORY/A,DAVE HAJEK,11,2026,A,3.81 pts,1,,223,,Yes
17,1/7/25,5,S1,ENG701 / 15,JUNIOR ENG/A,JOHN CARVER,11,2026,A,3.87 pts,1,,223,,Yes
17,1/7/25,3,S1,BUS301 / 13,PERSONAL FINANCE A,NICOLE SIMEK,12,2025,C-,2.01 pts,4.57,,365,,Yes
17,1/7/25,1,S1,MAT522 / 11,GEOMETRY A,ROCHELLE AITON,9,2028,C,2.44 pts,10.29,,79,,Yes
17,1/7/25,1,S1,MAT522 / 11,GEOMETRY A,NINETTE LILIENTHAL,9,2028,C,2.44 pts,10.29,,79,,Yes
17,1/7/25,2,S1,ENG601 / 12,SOPH ENG/A,KELLY GREGERSEN,10,2027,C+,2.56 pts,11.43,,52,,Yes
17,1/7/25,4,S1,MAT522 / 14,GEOMETRY A,ROCHELLE AITON,10,2027,C,2.24 pts,10.14,,52,,Yes
17,1/7/25,4,S1,MAT522 / 14,GEOMETRY A,NINETTE LILIENTHAL,10,2027,C,2.24 pts,10.14,,52,,Yes
17,1/7/25,3,S1,MAT701 / 13,ALGEBRA II A,JENNIFER REILLY,11,2026,F,1.31 pts,45,,164,,Yes
17,1/7/25,2,S1,MAT701 / 12,ALGEBRA II A,JASON BLAESING,11,2026,F,1.49 pts,30.57,,121,,Yes
17,1/7/25,3,S1,MAT701 / 13,ALGEBRA II A,JENNIFER REILLY,11,2026,A,3.62 pts,4,,288,,Yes
17,1/7/25,6,S1,SOC701 / 16,US HISTORY/A,SCOTT BOOTHBY,11,2026,A-,3.56 pts,4,,288,,Yes
17,1/7/25,6,S1,ENG501 / 16,FR ENGLISH/A,DAVID HOLLINGSWORTH,9,2028,C-,2.05 pts,13.14,,212,,Yes
17,1/7/25,2,S1,BUS301 / 12,PERSONAL FINANCE A,NICOLE SIMEK,12,2025,D,1.71 pts,5.86,,156,,Yes
17,1/7/25,4,S1,SCI601 / 14,BIOLOGY A,GRANT MERRILL,10,2027,F,1.30 pts,20.24,,120,,Yes
17,1/7/25,5,S1,ENG601 / 15,SOPH ENG/A,MARCEE SALAS,10,2027,F,1.46 pts,17.07,,120,,Yes
17,1/7/25,1,S1,MAT704 / 11,PRE-CALC A MAT 153,BRIAN ANDERSON,12,2025,A,3.68 pts,5,,265,,Yes
17,1/7/25,6,S1,MAT701 / 16,ALGEBRA II A,JASON BLAESING,11,2026,C,2.30 pts,8.14,,361,,Yes
17,1/7/25,3,S1,MAT522 / 13,GEOMETRY A,ROCHELLE AITON,10,2027,F,0.00 pts,35.14,,160,,Yes
17,1/7/25,3,S1,MAT522 / 13,GEOMETRY A,NINETTE LILIENTHAL,10,2027,F,0.00 pts,35.14,,160,,Yes
17,1/7/25,1,S1,MAT522 / 11,GEOMETRY A,ROCHELLE AITON,10,2027,B-,2.84 pts,11.86,,386,,Yes
17,1/7/25,1,S1,MAT522 / 11,GEOMETRY A,NINETTE LILIENTHAL,10,2027,B-,2.84 pts,11.86,,386,,Yes
17,1/7/25,3,S1,SCI601 / 13,BIOLOGY A,GRANT MERRILL,10,2027,C-,2.11 pts,9.57,,386,,Yes
17,1/7/25,3,S1,MAT522 / 13,GEOMETRY A,ROCHELLE AITON,10,2027,D+,1.88 pts,21.14,,67,,Yes
17,1/7/25,3,S1,MAT522 / 13,GEOMETRY A,NINETTE LILIENTHAL,10,2027,D+,1.88 pts,21.14,,67,,Yes
17,1/7/25,4,S1,SCI601 / 14,BIOLOGY A,GRANT MERRILL,10,2027,F,0.85 pts,21.29,,67,,Yes
17,1/7/25,4,S1,SOC701 / 14,US HISTORY/A,DAVE HAJEK,11,2026,F,0.80 pts,13.86,,451,,Yes
17,1/7/25,2,S1,SCI609 / 12,CHEMISTRY/A,GRANT MERRILL,11,2026,C+,2.62 pts,4.14,,297,,Yes
17,1/7/25,2,S1,BUS301 / 12,PERSONAL FINANCE A,NICOLE SIMEK,12,2025,D+,1.82 pts,23.43,,322,,Yes
17,1/7/25,2,S1,BUS301 / 12,PERSONAL FINANCE A,NICOLE SIMEK,12,2025,F,0.26 pts,34.71,,321,,Yes
17,1/7/25,2,S1,MAT522 / 12,GEOMETRY A,ROCHELLE AITON,10,2027,F,0.00 pts,16.71,,463,,Yes
17,1/7/25,2,S1,MAT522 / 12,GEOMETRY A,NINETTE LILIENTHAL,10,2027,F,0.00 pts,16.71,,463,,Yes
17,1/7/25,3,S1,BUS301 / 13,PERSONAL FINANCE A,NICOLE SIMEK,11,2026,F,0.60 pts,20.71,,276,,Yes
17,1/7/25,5,S1,ENG701 / 15,JUNIOR ENG/A,JOHN CARVER,11,2026,B-,2.82 pts,17.86,,276,,Yes
17,1/7/25,3,S1,MAT701 / 13,ALGEBRA II A,JENNIFER REILLY,11,2026,F,0.37 pts,45.14,,81,,Yes
17,1/7/25,1,S1,MAT704 / 11,PRE-CALC A MAT 153,BRIAN ANDERSON,12,2025,F,1.63 pts,2,,51,,Yes
17,1/7/25,6,S1,ENG501 / 16,FR ENGLISH/A,DAVID HOLLINGSWORTH,9,2028,B,2.96 pts,1.14,,217,,Yes
17,1/7/25,3,S1,MAT701 / 13,ALGEBRA II A,JENNIFER REILLY,10,2027,C+,2.69 pts,9.29,,353,,Yes
17,1/7/25,5,S1,ENG601 / 15,SOPH ENG/A,MARCEE SALAS,10,2027,B-,2.86 pts,9.14,,353,,Yes
17,1/7/25,6,S1,SCI601 / 36,BIOLOGY A,WILLIAM BAUR,10,2027,A-,3.56 pts,9.43,,353,,Yes
17,1/7/25,6,S1,SCI601 / 16,BIOLOGY A,GRANT MERRILL,10,2027,B-,2.73 pts,0,,125,,Yes
17,1/7/25,3,S1,MAT701 / 13,ALGEBRA II A,JENNIFER REILLY,10,2027,A,3.65 pts,1.71,,247,,Yes
17,1/7/25,6,S1,SOC701 / 16,US HISTORY/A,SCOTT BOOTHBY,11,2026,F,1.52 pts,36.29,,74,,Yes
17,1/7/25,6,S1,MAT701 / 16,ALGEBRA II A,JASON BLAESING,10,2027,A,3.74 pts,2,,384,,Yes
17,1/7/25,6,S1,ENG501 / 16,FR ENGLISH/A,DAVID HOLLINGSWORTH,9,2028,F,1.44 pts,4.43,,346,,Yes
17,1/7/25,1,S1,MAT522 / 11,GEOMETRY A,ROCHELLE AITON,10,2027,F,0.20 pts,34.43,,407,,Yes
17,1/7/25,1,S1,MAT522 / 11,GEOMETRY A,NINETTE LILIENTHAL,10,2027,F,0.20 pts,34.43,,407,,Yes
17,1/7/25,2,S1,ENG601 / 12,SOPH ENG/A,KELLY GREGERSEN,10,2027,F,0.15 pts,34.57,,407,,Yes
17,1/7/25,4,S1,SCI601 / 14,BIOLOGY A,GRANT MERRILL,10,2027,F,0.23 pts,36.57,,407,,Yes
17,1/7/25,5,S1,ENG601 / 15,SOPH ENG/A,MARCEE SALAS,10,2027,C-,2.12 pts,5.29,,108,,Yes
17,1/7/25,2,S1,MAT522 / 12,GEOMETRY A,ROCHELLE AITON,10,2027,D,1.76 pts,22,,272,,Yes
17,1/7/25,2,S1,MAT522 / 12,GEOMETRY A,NINETTE LILIENTHAL,10,2027,D,1.76 pts,22,,272,,Yes
17,1/7/25,4,S1,SOC701 / 14,US HISTORY/A,DAVE HAJEK,11,2026,F,1.02 pts,7.33,,449,,Yes
17,1/7/25,1,S1,ENG701 / 11,JUNIOR ENG/A,JOHN CARVER,11,2026,D,1.67 pts,29.5,,1,,#N/A
17,1/7/25,2,S1,PED500 / 12,WEIGHT TRAINING,SCOTT BOOTHBY,11,2026,D+,1.93 pts,26.21,,1,,#N/A
17,1/7/25,3,S1,MAT701 / 13,ALGEBRA II A,JENNIFER REILLY,11,2026,F,0.71 pts,25.79,,1,,Yes
17,1/7/25,4,S1,CTE114 / 14,ENGINEERING A,JASON BLAESING,11,2026,F,1.21 pts,27.29,,1,,#N/A
17,1/7/25,5,S1,SOC701 / 15,US HISTORY/A,DAVE HAJEK,11,2026,F,0.06 pts,25.86,,1,,#N/A
17,1/7/25,6,S1,FAR604 / 16,SCENE DESIGN,KELLY GREGERSEN,11,2026,C-,2.02 pts,26,,1,,#N/A
17,1/7/25,1,S1,CTA101 / 11,CTA S1,MARK CASTLE,11,2026,,,0,,3,,#N/A
17,1/7/25,2,S1,CTA101 / 11,CTA S1,MARK CASTLE,11,2026,,,0,,3,,#N/A
17,1/7/25,3,S1,CTA101 / 11,CTA S1,MARK CASTLE,11,2026,,,0,,3,,#N/A
17,1/7/25,4,S1,MAT701 / 14,ALGEBRA II A,JENNIFER REILLY,11,2026,C-,2.04 pts,4,,3,,#N/A
17,1/7/25,5,S1,ASL503 / 15,AMERICAN SIGN LANGUAGE II/A,TAMI GRANT,11,2026,A,3.92 pts,4,,3,,#N/A
17,1/7/25,6,S1,ENG701 / 16,JUNIOR ENG/A,JOHN CARVER,11,2026,A-,3.43 pts,4.33,,3,,#N/A
17,1/7/25,1,S1,FAR505 / 11,CONCERT CHOIR/A,DAVID DUARTE,10,2027,A,3.95 pts,7.14,,4,,#N/A
17,1/7/25,2,S1,SPA501 / 12,SPANISH 1 A,ROCHELLE AITON,10,2027,A,3.65 pts,4.57,,4,,#N/A
17,1/7/25,3,S1,SOC108 / 13,WORLD HISTORY/A,RYAN ISAACSON,10,2027,C,2.45 pts,4.57,,4,,#N/A
17,1/7/25,4,S1,SCI601 / 14,BIOLOGY A,GRANT MERRILL,10,2027,D+,1.86 pts,7.57,,4,,Yes
17,1/7/25,5,S1,ENG601 / 15,SOPH ENG/A,MARCEE SALAS,10,2027,C-,2.08 pts,5.29,,4,,Yes
17,1/7/25,6,S1,MAT522 / 36,GEOMETRY A,ROCHELLE AITON,10,2027,C,2.30 pts,5.43,,4,,#N/A
17,1/7/25,6,S1,MAT522 / 36,GEOMETRY A,NINETTE LILIENTHAL,10,2027,C,2.30 pts,5.43,,4,,#N/A
17,1/7/25,1,S1,VOC705 / 11,DIGITAL PHOTOGRAPHY I,ROSANNA RUFF,11,2026,C-,2.19 pts,8,,5,,#N/A
17,1/7/25,2,S1,BUS301 / 12,PERSONAL FINANCE A,NICOLE SIMEK,11,2026,C-,2.19 pts,7.86,,5,,Yes
17,1/7/25,3,S1,SCI503 / 33,PHYSICAL SCIENCE A,WILLIAM BAUR,11,2026,C-,2.15 pts,9,,5,,#N/A
17,1/7/25,4,S1,SOC701 / 14,US HISTORY/A,DAVE HAJEK,11,2026,F,1.51 pts,8.57,,5,,Yes
17,1/7/25,5,S1,ENG701 / 15,JUNIOR ENG/A,JOHN CARVER,11,2026,D+,1.81 pts,9.43,,5,,Yes
17,1/7/25,6,S1,PED500 / 16,WEIGHT TRAINING,SCOTT DIZMANG,11,2026,A-,3.44 pts,10,,5,,#N/A
17,1/7/25,1,S1,PED513 / 11,TEAM GAMES,SCOTT DIZMANG,10,2027,A-,3.42 pts,3,,6,,#N/A
17,1/7/25,2,S1,MAT522 / 12,GEOMETRY A,ROCHELLE AITON,10,2027,B,2.93 pts,3,John L,6,Active,Yes
17,1/7/25,2,S1,MAT522 / 12,GEOMETRY A,NINETTE LILIENTHAL,10,2027,B,2.93 pts,3,John L,6,Active,Yes
17,1/7/25,3,S1,SOC108 / 13,WORLD HISTORY/A,RYAN ISAACSON,10,2027,C-,2.17 pts,3.14,,6,,#N/A
17,1/7/25,4,S1,FAR109 / 14,CERAMICS II,ROBERT YEE,10,2027,A,4.00 pts,3.14,,6,,#N/A
17,1/7/25,5,S1,ENG601 / 15,SOPH ENG/A,MARCEE SALAS,10,2027,F,1.61 pts,3.14,Pat,6,Active,Yes
17,1/7/25,6,S1,SCI601 / 36,BIOLOGY A,WILLIAM BAUR,10,2027,D,1.69 pts,3.14,Mimi,6,Active,Yes
17,1/7/25,1,S1,ENG801 / 11,SENIOR ENG/A,HEATHER CARVER,12,2025,B-,2.70 pts,10,,7,,#N/A
17,1/7/25,2,S1,BUS301 / 12,PERSONAL FINANCE A,NICOLE SIMEK,12,2025,F,1.31 pts,9.14,,7,,Yes
17,1/7/25,3,S1,ONT400 / 13,ON-TRACK/A,BRIAN ANDERSON,12,2025,A,4.00 pts,9.29,,7,,#N/A
17,1/7/25,4,S1,ENG715 / 14,FILM AS LITERATURE,KELLY GREGERSEN,12,2025,C-,2.00 pts,9.86,,7,,#N/A
17,1/7/25,5,S1,CTE100 / 15,MEDICAL CAREERS & TERMS A,DONNA SCHATZ,12,2025,F,1.36 pts,9.86,,7,,#N/A
17,1/7/25,6,S1,SOC802 / 16,CIVICS,JIM REED,12,2025,F,0.48 pts,10.14,,7,,#N/A
17,1/7/25,1,S1,FAR720 / 11,PANTHER PLAYERS/A,KELLY GREGERSEN,11,2026,A,3.90 pts,6.29,,46,,#N/A
17,1/7/25,2,S1,SCI609 / 12,CHEMISTRY/A,GRANT MERRILL,11,2026,C+,2.57 pts,6.14,,46,,Yes
17,1/7/25,3,S1,MAT701 / 13,ALGEBRA II A,JENNIFER REILLY,11,2026,C,2.47 pts,6.14,,46,,Yes
17,1/7/25,4,S1,ENG715 / 14,FILM AS LITERATURE,KELLY GREGERSEN,11,2026,B+,3.20 pts,7.29,,46,,#N/A
17,1/7/25,5,S1,SOC701 / 15,US HISTORY/A,DAVE HAJEK,11,2026,C,2.27 pts,6.86,,46,,#N/A
17,1/7/25,6,S1,SPA501 / 16,SPANISH 1 A,ROCHELLE AITON,11,2026,A-,3.46 pts,6.86,,46,,#N/A
17,1/7/25,1,S1,FAR720 / 11,PANTHER PLAYERS/A,KELLY GREGERSEN,12,2025,A,3.61 pts,5.71,,8,,#N/A
17,1/7/25,2,S1,SPS103 / 12,OFFICE ASSISTANT,MARK CASTLE,12,2025,,,5,,8,,#N/A
17,1/7/25,3,S1,PED500 / 13,WEIGHT TRAINING,SCOTT BOOTHBY,12,2025,A-,3.56 pts,5,,8,,#N/A
17,1/7/25,4,S1,ENG717 / 14,AP LITERATURE/ COMPOSITION A,HEATHER CARVER,12,2025,C,2.47 pts,6,,8,,#N/A
17,1/7/25,5,S1,SOC802 / 15,CIVICS,SCOTT BOOTHBY,12,2025,C-,2.06 pts,6.29,,8,,#N/A
17,1/7/25,6,S1,SCI503 / 16,PHYSICAL SCIENCE A,JAMES BENNETT,12,2025,D+,1.85 pts,6.57,,8,,#N/A
17,1/7/25,1,S1,PED500 / 11,WEIGHT TRAINING,SCOTT BOOTHBY,10,2027,A,3.60 pts,2.71,,9,,#N/A
17,1/7/25,2,S1,SOC108 / 12,WORLD HISTORY/A,DAVID HOLLINGSWORTH,10,2027,C+,2.52 pts,2.71,,9,,#N/A
17,1/7/25,3,S1,SCI601 / 13,BIOLOGY A,GRANT MERRILL,10,2027,C-,2.00 pts,1.86,,9,,Yes
17,1/7/25,4,S1,FAR109 / 14,CERAMICS II,ROBERT YEE,10,2027,A-,3.58 pts,2.14,,9,,#N/A
17,1/7/25,5,S1,MAT522 / 15,GEOMETRY A,BRIAN ANDERSON,10,2027,F,1.35 pts,2.14,Tom C,9,Active,Yes
17,1/7/25,6,S1,ENG601 / 16,SOPH ENG/A,MARCEE SALAS,10,2027,C,2.36 pts,2.14,,9,,#N/A
17,1/7/25,1,S1,MAT522 / 11,GEOMETRY A,ROCHELLE AITON,10,2027,C+,2.65 pts,0,John L,10,Active,Yes
17,1/7/25,1,S1,MAT522 / 11,GEOMETRY A,NINETTE LILIENTHAL,10,2027,C+,2.65 pts,0,John L,10,Active,Yes
17,1/7/25,2,S1,ENG601 / 12,SOPH ENG/A,KELLY GREGERSEN,10,2027,B,2.94 pts,0,,10,,Yes
17,1/7/25,3,S1,SOC108 / 13,WORLD HISTORY/A,RYAN ISAACSON,10,2027,C+,2.65 pts,0,,10,,#N/A
17,1/7/25,4,S1,HFL118 / 14,ADV CULINARY ARTS A,ALEXANDRA YOST,10,2027,C+,2.52 pts,0,,10,,#N/A
17,1/7/25,5,S1,VOC106 / 15,METAL MANUFACTURING & TECH I,DONALD O'BRIEN,10,2027,A,3.70 pts,0.14,,10,,#N/A
17,1/7/25,6,S1,SCI601 / 16,BIOLOGY A,GRANT MERRILL,10,2027,D,1.76 pts,0.14,,10,,Yes
17,1/7/25,1,S1,SPA601 / 11,SPANISH II A,ROCHELLE AITON,11,2026,C,2.45 pts,2,,11,,#N/A
17,1/7/25,2,S1,HFL116 / 12,BAKING PASTRY ARTS I,KAYLA PAYNE,11,2026,B+,3.31 pts,2.14,,11,,#N/A
17,1/7/25,3,S1,MAT701 / 13,ALGEBRA II A,JENNIFER REILLY,11,2026,B,3.13 pts,2.71,,11,,Yes
17,1/7/25,4,S1,CTE114 / 14,ENGINEERING A,JASON BLAESING,11,2026,A-,3.40 pts,2.57,,11,,#N/A
17,1/7/25,5,S1,SOC703 / 15,AP US HISTORY A,RYAN ISAACSON,11,2026,A,3.99 pts,2.43,,11,,#N/A
17,1/7/25,6,S1,ENG701 / 16,JUNIOR ENG/A,JOHN CARVER,11,2026,B,3.00 pts,2,,11,,#N/A
17,1/7/25,1,S1,CTE114 / 11,ENGINEERING A,JASON BLAESING,11,2026,D,1.65 pts,7,,12,,#N/A
17,1/7/25,2,S1,VOC116 / 12,BASIC CARPENTRY 1,BRENT MANSELL,11,2026,C-,2.15 pts,7,,12,,#N/A
17,1/7/25,3,S1,BUS301 / 13,PERSONAL FINANCE A,NICOLE SIMEK,11,2026,D+,1.86 pts,7,,12,,Yes
17,1/7/25,4,S1,SOC701 / 14,US HISTORY/A,DAVE HAJEK,11,2026,F,1.43 pts,7.43,,12,,Yes
17,1/7/25,5,S1,VOC504 / 15,ADV FINE ARTS WOODWORKING I,BRENT MANSELL,11,2026,A,4.00 pts,7.43,,12,,#N/A
17,1/7/25,6,S1,ENG701 / 16,JUNIOR ENG/A,JOHN CARVER,11,2026,D+,1.90 pts,7.43,,12,,#N/A
17,1/7/25,1,S1,MAT522 / 11,GEOMETRY A,ROCHELLE AITON,10,2027,C,2.25 pts,9.57,John L,13,Active,Yes
17,1/7/25,1,S1,MAT522 / 11,GEOMETRY A,NINETTE LILIENTHAL,10,2027,C,2.25 pts,9.57,John L,13,Active,Yes
17,1/7/25,2,S1,ENG601 / 12,SOPH ENG/A,KELLY GREGERSEN,10,2027,D,1.67 pts,9.14,,13,,Yes
17,1/7/25,3,S1,SCI601 / 33,BIOLOGY A,DONNA SCHATZ,10,2027,F,1.62 pts,9.29,,13,,#N/A
17,1/7/25,4,S1,CTE114 / 14,ENGINEERING A,JASON BLAESING,10,2027,F,1.37 pts,7.43,,13,,#N/A
17,1/7/25,5,S1,HFL113 / 15,INTRO CULINARY ART,ALEXANDRA YOST,10,2027,C+,2.60 pts,9.14,,13,,#N/A
17,1/7/25,6,S1,SOC108 / 36,WORLD HISTORY/A,DAVE HAJEK,10,2027,F,1.10 pts,9.43,,13,,#N/A
17,1/7/25,1,S1,ENG701 / 11,JUNIOR ENG/A,JOHN CARVER,11,2026,C,2.34 pts,3,,14,,#N/A
17,1/7/25,2,S1,VOC705 / 12,DIGITAL PHOTOGRAPHY I,ROSANNA RUFF,11,2026,C-,2.07 pts,2,,14,,#N/A
17,1/7/25,3,S1,MAT701 / 13,ALGEBRA II A,JENNIFER REILLY,11,2026,F,1.21 pts,2.29,Larry,14,Active,Yes
17,1/7/25,4,S1,SCI503 / 14,PHYSICAL SCIENCE A,JAMES BENNETT,11,2026,D,1.66 pts,3.14,,14,,#N/A
17,1/7/25,5,S1,SOC701 / 15,US HISTORY/A,DAVE HAJEK,11,2026,C+,2.61 pts,2.57,,14,,#N/A
17,1/7/25,6,S1,VOC502 / 16,FINE ARTS WOODWORKING I,BRENT MANSELL,11,2026,C,2.36 pts,2.29,,14,,#N/A
17,1/7/25,1,S1,SPA601 / 11,SPANISH II A,ROCHELLE AITON,10,2027,A-,3.46 pts,0,,15,,#N/A
17,1/7/25,2,S1,ENG601 / 12,SOPH ENG/A,KELLY GREGERSEN,10,2027,C-,2.10 pts,0,,15,,Yes
17,1/7/25,3,S1,SOC108 / 13,WORLD HISTORY/A,RYAN ISAACSON,10,2027,B,3.17 pts,0.43,,15,,#N/A
17,1/7/25,4,S1,SCI601 / 14,BIOLOGY A,GRANT MERRILL,10,2027,D,1.68 pts,0.57,Linda,15,Active,Yes
17,1/7/25,5,S1,PED513 / 15,TEAM GAMES,SCOTT DIZMANG,10,2027,B,3.05 pts,0,,15,,#N/A
17,1/7/25,6,S1,MAT522 / 36,GEOMETRY A,ROCHELLE AITON,10,2027,C-,2.09 pts,0.71,,15,,#N/A
17,1/7/25,6,S1,MAT522 / 36,GEOMETRY A,NINETTE LILIENTHAL,10,2027,C-,2.09 pts,0.71,,15,,#N/A
17,1/7/25,1,S1,SOC108 / 11,WORLD HISTORY/A,DAVID HOLLINGSWORTH,10,2027,C-,2.06 pts,3,,16,,#N/A
17,1/7/25,2,S1,FAR113 / 12,INTRO TO ART AND DESIGN,ROBERT YEE,10,2027,B,3.00 pts,2.86,,16,,#N/A
17,1/7/25,3,S1,CTE120 / 13,CYBER SECURITY I,ROSANNA RUFF,10,2027,F,1.53 pts,2.86,,16,,#N/A
17,1/7/25,4,S1,MAT522 / 14,GEOMETRY A,ROCHELLE AITON,10,2027,F,1.40 pts,2.86,,16,,Yes
17,1/7/25,4,S1,MAT522 / 14,GEOMETRY A,NINETTE LILIENTHAL,10,2027,F,1.40 pts,2.86,,16,,Yes
17,1/7/25,5,S1,SCI503 / 35,PHYSICAL SCIENCE A,WILLIAM BAUR,10,2027,F,1.51 pts,2.86,,16,,#N/A
17,1/7/25,6,S1,ENG601 / 16,SOPH ENG/A,MARCEE SALAS,10,2027,C,2.46 pts,2.86,,16,,#N/A
17,1/7/25,1,S1,VOC106 / 11,METAL MANUFACTURING & TECH I,DONALD O'BRIEN,10,2027,C,2.31 pts,7.14,,17,,#N/A
17,1/7/25,2,S1,ENG601 / 12,SOPH ENG/A,KELLY GREGERSEN,10,2027,D,1.77 pts,4.29,,17,,Yes
17,1/7/25,3,S1,SCI601 / 33,BIOLOGY A,DONNA SCHATZ,10,2027,D+,1.88 pts,5.43,,17,,#N/A
17,1/7/25,4,S1,MAT522 / 14,GEOMETRY A,ROCHELLE AITON,10,2027,F,1.52 pts,6.14,John L,17,Active,Yes
17,1/7/25,4,S1,MAT522 / 14,GEOMETRY A,NINETTE LILIENTHAL,10,2027,F,1.52 pts,6.14,John L,17,Active,Yes
17,1/7/25,5,S1,PED513 / 15,TEAM GAMES,SCOTT DIZMANG,10,2027,A,3.87 pts,4.71,,17,,#N/A
17,1/7/25,6,S1,SOC108 / 36,WORLD HISTORY/A,DAVE HAJEK,10,2027,F,1.45 pts,5.86,,17,,#N/A
17,1/7/25,1,S1,PED101 / 11,PHYSICAL EDUCATION,KATHERINE STURDYVIN-SCOBBA,12,2025,F,1.48 pts,6.29,,18,,#N/A
17,1/7/25,2,S1,BUS301 / 12,PERSONAL FINANCE A,NICOLE SIMEK,12,2025,C,2.22 pts,3.86,,18,,Yes
17,1/7/25,3,S1,SOC802 / 13,CIVICS,JIM REED,12,2025,C,2.24 pts,3.29,,18,,#N/A
17,1/7/25,4,S1,AACTM1 / 14,ACADEMIC ACHIEVEMENT A,TIMOTHY MOORE,12,2025,A,3.60 pts,6.29,,18,,#N/A
17,1/7/25,5,S1,ONT400 / 15,ON-TRACK/A,ROBERT YEE,12,2025,B,2.90 pts,3,,18,,#N/A
17,1/7/25,6,S1,ENG801 / 16,SENIOR ENG/A,HEATHER CARVER,12,2025,C,2.42 pts,2.14,,18,,#N/A
17,1/7/25,1,S1,PED500 / 11,WEIGHT TRAINING,SCOTT BOOTHBY,9,2028,A,3.77 pts,6.71,,2,,#N/A
17,1/7/25,2,S1,ASL501 / 12,AMERICAN SIGN LANGUAGE I/A,KYLA RITCHEY,9,2028,A-,3.45 pts,6.71,,2,,#N/A
17,1/7/25,3,S1,MAT520 / 33,ALGEBRA I A,JANET GROVE,9,2028,B,2.90 pts,7.57,,2,,#N/A
17,1/7/25,4,S1,SCI503 / 14,PHYSICAL SCIENCE A,JAMES BENNETT,9,2028,C,2.31 pts,9.14,,2,,#N/A
17,1/7/25,5,S1,HFL113 / 15,INTRO CULINARY ART,ALEXANDRA YOST,9,2028,C,2.40 pts,9.43,,2,,#N/A
17,1/7/25,6,S1,ENG501 / 16,FR ENGLISH/A,DAVID HOLLINGSWORTH,9,2028,C-,2.11 pts,9.71,,2,,Yes
17,1/7/25,1,S1,CTE114 / 11,ENGINEERING A,JASON BLAESING,11,2026,D+,1.80 pts,4.43,,19,,#N/A
17,1/7/25,2,S1,FAR113 / 12,INTRO TO ART AND DESIGN,ROBERT YEE,11,2026,A,3.61 pts,3.86,,19,,#N/A
17,1/7/25,3,S1,FAR605 / 13,INTRO TO THEATRE,KELLY GREGERSEN,11,2026,A,3.69 pts,3.86,,19,,#N/A
17,1/7/25,4,S1,ENG701 / 14,JUNIOR ENG/A,JOHN CARVER,11,2026,A-,3.51 pts,5.29,,19,,#N/A
17,1/7/25,5,S1,SOC703 / 15,AP US HISTORY A,RYAN ISAACSON,11,2026,A-,3.50 pts,5.14,,19,,#N/A
17,1/7/25,6,S1,MAT701 / 16,ALGEBRA II A,JASON BLAESING,11,2026,C+,2.56 pts,5.43,Larry,19,Active,Yes
17,1/7/25,1,S1,ENG601 / 11,SOPH ENG/A,MARCEE SALAS,10,2027,B-,2.82 pts,4.14,,20,,#N/A
17,1/7/25,2,S1,MAT522 / 32,GEOMETRY A,BRIAN ANDERSON,10,2027,D+,1.85 pts,3.86,,20,,#N/A
17,1/7/25,3,S1,VOC620 / 13,METAL CRAFTS & PRODUCTION I,DONALD O'BRIEN,10,2027,B+,3.38 pts,3.43,,20,,#N/A
17,1/7/25,4,S1,SCI601 / 14,BIOLOGY A,GRANT MERRILL,10,2027,D+,1.91 pts,2.14,,20,,Yes
17,1/7/25,5,S1,CTE100 / 15,MEDICAL CAREERS & TERMS A,DONNA SCHATZ,10,2027,B,3.11 pts,2.29,,20,,#N/A
17,1/7/25,6,S1,SOC108 / 36,WORLD HISTORY/A,DAVE HAJEK,10,2027,C,2.25 pts,2.14,,20,,#N/A
17,1/7/25,1,S1,SOC701 / 11,US HISTORY/A,DAVE HAJEK,11,2026,F,0.92 pts,9.29,,21,,#N/A
17,1/7/25,2,S1,SCI609 / 12,CHEMISTRY/A,GRANT MERRILL,11,2026,F,1.48 pts,8,Jay,21,Active,Yes
17,1/7/25,3,S1,BUS301 / 13,PERSONAL FINANCE A,NICOLE SIMEK,11,2026,B-,2.89 pts,8.43,,21,,Yes
17,1/7/25,4,S1,HFL118 / 14,ADV CULINARY ARTS A,ALEXANDRA YOST,11,2026,A,3.73 pts,8.43,,21,,#N/A
17,1/7/25,5,S1,ENG701 / 15,JUNIOR ENG/A,JOHN CARVER,11,2026,C+,2.54 pts,8.14,,21,,Yes
17,1/7/25,6,S1,PED500 / 16,WEIGHT TRAINING,SCOTT DIZMANG,11,2026,A,3.86 pts,8.71,,21,,#N/A
17,1/7/25,1,S1,FAR109 / 11,CERAMICS II,ROBERT YEE,11,2026,B,3.17 pts,2.57,,22,,#N/A
17,1/7/25,2,S1,FAR113 / 12,INTRO TO ART AND DESIGN,ROBERT YEE,11,2026,B+,3.31 pts,2.86,,22,,#N/A
17,1/7/25,3,S1,MAT701 / 13,ALGEBRA II A,JENNIFER REILLY,11,2026,B+,3.25 pts,3.86,,22,,Yes
17,1/7/25,4,S1,SCI503 / 34,PHYSICAL SCIENCE A,WILLIAM BAUR,11,2026,B-,2.76 pts,3.29,,22,,#N/A
17,1/7/25,5,S1,SOC701 / 15,US HISTORY/A,DAVE HAJEK,11,2026,C,2.45 pts,3.43,,22,,#N/A
17,1/7/25,6,S1,ENG701 / 16,JUNIOR ENG/A,JOHN CARVER,11,2026,B+,3.29 pts,3.71,,22,,#N/A
17,1/7/25,1,S1,SCI503 / 11,PHYSICAL SCIENCE A,JAMES BENNETT,11,2026,F,1.15 pts,29.86,,23,,#N/A
17,1/7/25,2,S1,BUS301 / 12,PERSONAL FINANCE A,NICOLE SIMEK,11,2026,F,0.73 pts,28.14,,23,,Yes
17,1/7/25,3,S1,ONT400 / 13,ON-TRACK/A,BRIAN ANDERSON,11,2026,C-,2.15 pts,25.86,,23,,#N/A
17,1/7/25,4,S1,SOC701 / 14,US HISTORY/A,DAVE HAJEK,11,2026,F,0.31 pts,28.57,,23,,Yes
17,1/7/25,5,S1,ENG701 / 15,JUNIOR ENG/A,JOHN CARVER,11,2026,F,0.94 pts,25.14,,23,,Yes
17,1/7/25,6,S1,FAR604 / 16,SCENE DESIGN,KELLY GREGERSEN,11,2026,C-,2.09 pts,24.43,,23,,#N/A
17,1/7/25,1,S1,MAT704 / 11,PRE-CALC A MAT 153,BRIAN ANDERSON,12,2025,D+,1.91 pts,3.5,,24,,Yes
17,1/7/25,2,S1,RUN101 / 12,RUNNING START/A,,12,2025,,,0,,24,,#N/A
17,1/7/25,3,S1,CTE120 / 13,CYBER SECURITY I,ROSANNA RUFF,12,2025,B,3.12 pts,4,,24,,#N/A
17,1/7/25,4,S1,RUN101 / 14,RUNNING START/A,,12,2025,,,0,,24,,#N/A
17,1/7/25,5,S1,SOC802 / 15,CIVICS,SCOTT BOOTHBY,12,2025,A,3.80 pts,3,,24,,#N/A
17,1/7/25,6,S1,RUN101 / 16,RUNNING START/A,,12,2025,,,0,,24,,#N/A
17,1/7/25,1,S1,PED513 / 11,TEAM GAMES,SCOTT DIZMANG,9,2028,A,3.66 pts,1,,25,,#N/A
17,1/7/25,2,S1,HFL114 / 12,FAMILY HEALTH,MICHAEL ISOTALO,9,2028,C+,2.65 pts,1.86,,25,,#N/A
17,1/7/25,2,S1,HFL114 / 12,FAMILY HEALTH,THOMAS KESSINGER,9,2028,C+,2.65 pts,1.86,,25,,#N/A
17,1/7/25,3,S1,SCI503 / 33,PHYSICAL SCIENCE A,WILLIAM BAUR,9,2028,F,1.43 pts,1.86,,25,,#N/A
17,1/7/25,4,S1,VOC300 / 14,SMALL ENGINE REPAIR I,DONALD O'BRIEN,9,2028,C,2.47 pts,1.86,,25,,#N/A
17,1/7/25,5,S1,MAT520 / 15,ALGEBRA I A,KEVIN REILLY,9,2028,C,2.31 pts,2,,25,,#N/A
17,1/7/25,6,S1,ENG501 / 16,FR ENGLISH/A,DAVID HOLLINGSWORTH,9,2028,F,1.09 pts,2,,25,,Yes
17,1/7/25,1,S1,SCI503 / 11,PHYSICAL SCIENCE A,JAMES BENNETT,11,2026,F,0.08 pts,28.57,,26,,#N/A
17,1/7/25,2,S1,VOC705 / 12,DIGITAL PHOTOGRAPHY I,ROSANNA RUFF,11,2026,D,1.74 pts,23.29,,26,,#N/A
17,1/7/25,3,S1,ONT400 / 13,ON-TRACK/A,BRIAN ANDERSON,11,2026,B-,2.86 pts,11.43,,26,,#N/A
17,1/7/25,4,S1,SOC701 / 14,US HISTORY/A,DAVE HAJEK,11,2026,F,1.00 pts,20.57,,26,,Yes
17,1/7/25,5,S1,BUS301 / 15,PERSONAL FINANCE A,NICOLE SIMEK,11,2026,F,0.75 pts,15.43,,26,,#N/A
17,1/7/25,6,S1,ENG701 / 16,JUNIOR ENG/A,JOHN CARVER,11,2026,D+,1.82 pts,20.43,,26,,#N/A
17,1/7/25,1,S1,ASL505 / 11,AMER SIGN III/A,TAMI GRANT,11,2026,A-,3.44 pts,3.29,,29,,#N/A
17,1/7/25,2,S1,SCI503 / 32,PHYSICAL SCIENCE A,WILLIAM BAUR,11,2026,B,3.02 pts,2.57,,29,,#N/A
17,1/7/25,3,S1,ENG719 / 13,AP LANGUAGE/COMPOSITION A,HEATHER CARVER,11,2026,C+,2.59 pts,3.43,,29,,#N/A
17,1/7/25,4,S1,MAT701 / 14,ALGEBRA II A,JENNIFER REILLY,11,2026,B,3.10 pts,5,,29,,#N/A
17,1/7/25,5,S1,CTE501 / 15,PROJECT IN LEADERSHIP/A,KYLA RITCHEY,11,2026,A,3.92 pts,2.57,,29,,#N/A
17,1/7/25,6,S1,SOC701 / 16,US HISTORY/A,SCOTT BOOTHBY,11,2026,D,1.69 pts,4.57,Melanie,29,Active,Yes
17,1/7/25,1,S1,PED500 / 11,WEIGHT TRAINING,SCOTT BOOTHBY,12,2025,C,2.34 pts,7.71,,27,,#N/A
17,1/7/25,2,S1,BUS301 / 12,PERSONAL FINANCE A,NICOLE SIMEK,12,2025,F,1.36 pts,7.29,,27,,Yes
17,1/7/25,3,S1,ONT400 / 13,ON-TRACK/A,BRIAN ANDERSON,12,2025,A,4.00 pts,6.86,,27,,#N/A
17,1/7/25,4,S1,SOC802 / 14,CIVICS,JIM REED,12,2025,F,0.56 pts,9.71,,27,,#N/A
17,1/7/25,5,S1,CTE100 / 15,MEDICAL CAREERS & TERMS A,DONNA SCHATZ,12,2025,F,0.54 pts,9.43,,27,,#N/A
17,1/7/25,6,S1,ENG801 / 16,SENIOR ENG/A,HEATHER CARVER,12,2025,F,1.18 pts,9.57,,27,,#N/A
17,1/7/25,1,S1,ENG601 / 11,SOPH ENG/A,MARCEE SALAS,10,2027,C,2.20 pts,3.43,,28,,#N/A
17,1/7/25,2,S1,SCI601 / 32,BIOLOGY A,DONNA SCHATZ,10,2027,F,1.60 pts,3.57,,28,,#N/A
17,1/7/25,3,S1,ASL501 / 13,AMERICAN SIGN LANGUAGE I/A,KYLA RITCHEY,10,2027,A,3.78 pts,4.43,,28,,#N/A
17,1/7/25,4,S1,MAT522 / 14,GEOMETRY A,ROCHELLE AITON,10,2027,F,1.23 pts,3.86,,28,,Yes
17,1/7/25,4,S1,MAT522 / 14,GEOMETRY A,NINETTE LILIENTHAL,10,2027,F,1.23 pts,3.86,,28,,Yes
17,1/7/25,5,S1,CTE222 / 15,MUSIC PROD IA,DAVID DUARTE,10,2027,F,0.10 pts,4.71,,28,,#N/A
17,1/7/25,6,S1,SOC108 / 16,WORLD HISTORY/A,RYAN ISAACSON,10,2027,F,0.55 pts,4.86,,28,,#N/A
17,1/7/25,1,S1,PED513 / 11,TEAM GAMES,SCOTT DIZMANG,12,2025,C+,2.67 pts,7,,30,,#N/A
17,1/7/25,2,S1,ASL503 / 12,AMERICAN SIGN LANGUAGE II/A,TAMI GRANT,12,2025,A-,3.55 pts,5.57,,30,,#N/A
17,1/7/25,3,S1,BUS301 / 13,PERSONAL FINANCE A,NICOLE SIMEK,12,2025,B+,3.20 pts,4.57,,30,,Yes
17,1/7/25,4,S1,SOC802 / 14,CIVICS,JIM REED,12,2025,B+,3.20 pts,5.29,,30,,#N/A
17,1/7/25,5,S1,VOC106 / 15,METAL MANUFACTURING & TECH I,DONALD O'BRIEN,12,2025,B,3.19 pts,6.14,,30,,#N/A
17,1/7/25,6,S1,ENG801 / 16,SENIOR ENG/A,HEATHER CARVER,12,2025,B-,2.82 pts,6,,30,,#N/A
17,1/7/25,1,S1,PED513 / 11,TEAM GAMES,SCOTT DIZMANG,11,2026,B,2.91 pts,30.54,,31,,#N/A
17,1/7/25,2,S1,MAT520 / 12,ALGEBRA I A,KEVIN REILLY,11,2026,C,2.24 pts,25.77,,31,,#N/A
17,1/7/25,3,S1,ELE403 / 13,LANGUAGE SUPPORT/A,HAYLEY ALVARADO,11,2026,,,9.2,,31,,Yes
17,1/7/25,4,S1,FAR108 / 14,CERAMICS I,ROBERT YEE,11,2026,A-,3.58 pts,20.83,,31,,#N/A
17,1/7/25,5,S1,NCR105 / 15,EARLY DISMISSAL,MARK CASTLE,11,2026,,,0,,31,,#N/A
17,1/7/25,6,S1,NCR105 / 16,EARLY DISMISSAL,MARK CASTLE,11,2026,,,0,,31,,#N/A
17,1/7/25,1,S1,FAR108 / 11,CERAMICS I,ROBERT YEE,10,2027,B-,2.78 pts,6.71,,32,,#N/A
17,1/7/25,2,S1,SOC108 / 12,WORLD HISTORY/A,DAVID HOLLINGSWORTH,10,2027,F,1.63 pts,7.14,,32,,#N/A
17,1/7/25,3,S1,SCI601 / 33,BIOLOGY A,DONNA SCHATZ,10,2027,C-,2.19 pts,7.29,,32,,#N/A
17,1/7/25,4,S1,MAT522 / 14,GEOMETRY A,ROCHELLE AITON,10,2027,C,2.32 pts,8.71,,32,,Yes
17,1/7/25,4,S1,MAT522 / 14,GEOMETRY A,NINETTE LILIENTHAL,10,2027,C,2.32 pts,8.71,,32,,Yes
17,1/7/25,5,S1,ASL503 / 15,AMERICAN SIGN LANGUAGE II/A,TAMI GRANT,10,2027,B-,2.75 pts,8.86,,32,,#N/A
17,1/7/25,6,S1,ENG601 / 16,SOPH ENG/A,MARCEE SALAS,10,2027,C,2.22 pts,8.86,,32,,#N/A
17,1/7/25,1,S1,VOC705 / 11,DIGITAL PHOTOGRAPHY I,ROSANNA RUFF,10,2027,D+,1.95 pts,1.71,,33,,#N/A
17,1/7/25,2,S1,MAT522 / 12,GEOMETRY A,ROCHELLE AITON,10,2027,F,1.61 pts,0.71,,33,,Yes
17,1/7/25,2,S1,MAT522 / 12,GEOMETRY A,NINETTE LILIENTHAL,10,2027,F,1.61 pts,0.71,,33,,Yes
17,1/7/25,3,S1,ASL501 / 13,AMERICAN SIGN LANGUAGE I/A,KYLA RITCHEY,10,2027,F,1.09 pts,0.57,,33,,#N/A
17,1/7/25,4,S1,SOC108 / 14,WORLD HISTORY/A,DAVID HOLLINGSWORTH,10,2027,F,1.25 pts,0,,33,,#N/A
17,1/7/25,5,S1,ENG601 / 15,SOPH ENG/A,MARCEE SALAS,10,2027,F,1.47 pts,0,,33,,Yes
17,1/7/25,6,S1,SCI601 / 36,BIOLOGY A,WILLIAM BAUR,10,2027,F,1.55 pts,0,,33,,Yes
17,1/7/25,1,S1,VOC106 / 11,METAL MANUFACTURING & TECH I,DONALD O'BRIEN,10,2027,C+,2.64 pts,4.71,,34,,#N/A
17,1/7/25,2,S1,ENG601 / 12,SOPH ENG/A,KELLY GREGERSEN,10,2027,F,0.60 pts,2.43,Cindy,34,Active,Yes
17,1/7/25,3,S1,SCI601 / 13,BIOLOGY A,GRANT MERRILL,10,2027,F,0.22 pts,4.86,,34,,Yes
17,1/7/25,4,S1,MAT522 / 14,GEOMETRY A,ROCHELLE AITON,10,2027,F,1.52 pts,3.14,John L,34,Active,Yes
17,1/7/25,4,S1,MAT522 / 14,GEOMETRY A,NINETTE LILIENTHAL,10,2027,F,1.52 pts,3.14,John L,34,Active,Yes
17,1/7/25,5,S1,VOC503 / 15,FINE ARTS WOODS II,BRENT MANSELL,10,2027,C+,2.66 pts,3,,34,,#N/A
17,1/7/25,6,S1,SOC108 / 16,WORLD HISTORY/A,RYAN ISAACSON,10,2027,C-,2.02 pts,3,,34,,#N/A
17,1/7/25,1,S1,ENG801 / 11,SENIOR ENG/A,HEATHER CARVER,12,2025,D,1.66 pts,3,,35,,#N/A
17,1/7/25,2,S1,SCI609 / 12,CHEMISTRY/A,GRANT MERRILL,12,2025,F,0.95 pts,3.57,Larry,35,Active,Yes
17,1/7/25,3,S1,SOC802 / 13,CIVICS,JIM REED,12,2025,C,2.24 pts,3.71,,35,,#N/A
17,1/7/25,4,S1,HFL115 / 14,ADVANCED PASTRY ARTS I,KAYLA PAYNE,12,2025,A-,3.46 pts,3.57,,35,,#N/A
17,1/7/25,5,S1,ONT400 / 15,ON-TRACK/A,ROBERT YEE,12,2025,B-,2.88 pts,4.71,,35,,#N/A
17,1/7/25,6,S1,FAR111 / 16,CERAMICS IV,ROBERT YEE,12,2025,F,1.50 pts,4.43,,35,,#N/A
17,1/7/25,1,S1,CTE114 / 11,ENGINEERING A,JASON BLAESING,11,2026,D,1.75 pts,7.29,,36,,#N/A
17,1/7/25,2,S1,MAT701 / 12,ALGEBRA II A,JASON BLAESING,11,2026,F,1.16 pts,7,,36,,Yes
17,1/7/25,3,S1,PED500 / 13,WEIGHT TRAINING,SCOTT BOOTHBY,11,2026,A-,3.47 pts,7.14,,36,,#N/A
17,1/7/25,4,S1,ENG701 / 14,JUNIOR ENG/A,JOHN CARVER,11,2026,D,1.65 pts,7.14,,36,,#N/A
17,1/7/25,5,S1,SOC701 / 15,US HISTORY/A,DAVE HAJEK,11,2026,F,1.58 pts,7,,36,,#N/A
17,1/7/25,6,S1,FAR542 / 16,WIND ENSEMB/A,DAVID DUARTE,11,2026,A,4.00 pts,7.14,,36,,#N/A
17,1/7/25,1,S1,VOC502 / 11,FINE ARTS WOODWORKING I,BRENT MANSELL,11,2026,C+,2.69 pts,7.86,,37,,#N/A
17,1/7/25,2,S1,SCI503 / 12,PHYSICAL SCIENCE A,JAMES BENNETT,11,2026,C,2.20 pts,7.86,,37,,#N/A
17,1/7/25,3,S1,ONT400 / 13,ON-TRACK/A,BRIAN ANDERSON,11,2026,A,4.00 pts,8,,37,,#N/A
17,1/7/25,4,S1,ENG715 / 14,FILM AS LITERATURE,KELLY GREGERSEN,11,2026,C,2.24 pts,7.86,,37,,#N/A
17,1/7/25,5,S1,BUS301 / 15,PERSONAL FINANCE A,NICOLE SIMEK,11,2026,C-,2.09 pts,7.86,,37,,#N/A
17,1/7/25,6,S1,SOC701 / 16,US HISTORY/A,SCOTT BOOTHBY,11,2026,D+,1.92 pts,8,,37,,Yes
17,1/7/25,1,S1,VOC502 / 11,FINE ARTS WOODWORKING I,BRENT MANSELL,10,2027,C-,2.05 pts,10.86,,38,,#N/A
17,1/7/25,2,S1,SCI601 / 32,BIOLOGY A,DONNA SCHATZ,10,2027,C-,2.04 pts,11.43,,38,,#N/A
17,1/7/25,3,S1,MAT522 / 13,GEOMETRY A,ROCHELLE AITON,10,2027,F,1.38 pts,11.14,,38,,Yes
17,1/7/25,3,S1,MAT522 / 13,GEOMETRY A,NINETTE LILIENTHAL,10,2027,F,1.38 pts,11.14,,38,,Yes
17,1/7/25,4,S1,PED500 / 14,WEIGHT TRAINING,SCOTT DIZMANG,10,2027,A-,3.58 pts,10.57,,38,,#N/A
17,1/7/25,5,S1,ENG601 / 15,SOPH ENG/A,MARCEE SALAS,10,2027,C-,2.05 pts,10.86,,38,,Yes
17,1/7/25,6,S1,SOC108 / 36,WORLD HISTORY/A,DAVE HAJEK,10,2027,D,1.77 pts,9.57,,38,,#N/A
17,1/7/25,1,S1,VOC106 / 11,METAL MANUFACTURING & TECH I,DONALD O'BRIEN,10,2027,B,3.19 pts,2.71,,39,,#N/A
17,1/7/25,2,S1,SOC108 / 12,WORLD HISTORY/A,DAVID HOLLINGSWORTH,10,2027,C,2.29 pts,2.14,,39,,#N/A
17,1/7/25,3,S1,MAT522 / 13,GEOMETRY A,ROCHELLE AITON,10,2027,C-,2.00 pts,2.43,,39,,Yes
17,1/7/25,3,S1,MAT522 / 13,GEOMETRY A,NINETTE LILIENTHAL,10,2027,C-,2.00 pts,2.43,,39,,Yes
17,1/7/25,4,S1,PED500 / 14,WEIGHT TRAINING,SCOTT DIZMANG,10,2027,A-,3.44 pts,2,,39,,#N/A
17,1/7/25,5,S1,ENG601 / 15,SOPH ENG/A,MARCEE SALAS,10,2027,F,1.63 pts,2.29,,39,,Yes
17,1/7/25,6,S1,SCI601 / 36,BIOLOGY A,WILLIAM BAUR,10,2027,C-,2.18 pts,1.29,,39,,Yes
17,1/7/25,1,S1,ENG701 / 11,JUNIOR ENG/A,JOHN CARVER,11,2026,C,2.46 pts,5,,40,,#N/A
17,1/7/25,2,S1,MAT701 / 12,ALGEBRA II A,JASON BLAESING,11,2026,F,1.42 pts,4.86,,40,,Yes
17,1/7/25,3,S1,PED500 / 13,WEIGHT TRAINING,SCOTT BOOTHBY,11,2026,A,3.83 pts,5.29,,40,,#N/A
17,1/7/25,4,S1,SCI503 / 34,PHYSICAL SCIENCE A,WILLIAM BAUR,11,2026,C-,2.04 pts,6.29,,40,,#N/A
17,1/7/25,5,S1,SPA601 / 15,SPANISH II A,ROCHELLE AITON,11,2026,D+,1.89 pts,6.29,,40,,#N/A
17,1/7/25,6,S1,SOC701 / 16,US HISTORY/A,SCOTT BOOTHBY,11,2026,B-,2.86 pts,6.43,,40,,Yes
17,1/7/25,1,S1,SOC701 / 11,US HISTORY/A,DAVE HAJEK,11,2026,C-,2.09 pts,3.14,,47,,#N/A
17,1/7/25,2,S1,SCI609 / 12,CHEMISTRY/A,GRANT MERRILL,11,2026,F,1.43 pts,2.86,,47,,Yes
17,1/7/25,3,S1,ASL503 / 13,AMERICAN SIGN LANGUAGE II/A,TAMI GRANT,11,2026,B-,2.85 pts,2,,47,,#N/A
17,1/7/25,4,S1,PED500 / 14,WEIGHT TRAINING,SCOTT DIZMANG,11,2026,A,4.00 pts,2,,47,,#N/A
17,1/7/25,5,S1,MAT701 / 35,ALGEBRA II A,JENNIFER REILLY,11,2026,B,3.19 pts,2,,47,,#N/A
17,1/7/25,6,S1,ENG701 / 16,JUNIOR ENG/A,JOHN CARVER,11,2026,B,3.05 pts,2,,47,,#N/A
17,1/7/25,1,S1,ENG701 / 11,JUNIOR ENG/A,JOHN CARVER,11,2026,C+,2.53 pts,4.43,,41,,#N/A
17,1/7/25,2,S1,HFL116 / 12,BAKING PASTRY ARTS I,KAYLA PAYNE,11,2026,D+,1.89 pts,3.14,,41,,#N/A
17,1/7/25,3,S1,SCI503 / 33,PHYSICAL SCIENCE A,WILLIAM BAUR,11,2026,C,2.26 pts,2,,41,,#N/A
17,1/7/25,4,S1,SOC701 / 14,US HISTORY/A,DAVE HAJEK,11,2026,F,1.64 pts,3.86,,41,,Yes
17,1/7/25,5,S1,ASL503 / 15,AMERICAN SIGN LANGUAGE II/A,TAMI GRANT,11,2026,A-,3.50 pts,3.14,,41,,#N/A
17,1/7/25,6,S1,MAT701 / 16,ALGEBRA II A,JASON BLAESING,11,2026,C-,2.11 pts,3.14,Larry,41,Active,Yes
17,1/7/25,1,S1,FAR606 / 11,ADVANCED ACTING/ A,KELLY GREGERSEN,12,2025,A,3.71 pts,6.14,,42,,#N/A
17,1/7/25,2,S1,SCI609 / 12,CHEMISTRY/A,GRANT MERRILL,12,2025,F,0.77 pts,5.43,Jay,42,Active,Yes
17,1/7/25,3,S1,ENG801 / 13,SENIOR ENG/A,JOHN CARVER,12,2025,B-,2.81 pts,7.29,,42,,#N/A
17,1/7/25,4,S1,HFL118 / 14,ADV CULINARY ARTS A,ALEXANDRA YOST,12,2025,B,2.99 pts,7.14,,42,,#N/A
17,1/7/25,5,S1,BUS301 / 15,PERSONAL FINANCE A,NICOLE SIMEK,12,2025,D+,1.94 pts,6.57,,42,,#N/A
17,1/7/25,6,S1,FAR542 / 16,WIND ENSEMB/A,DAVID DUARTE,12,2025,A,3.99 pts,6.57,,42,,#N/A
17,1/7/25,1,S1,ENG701 / 11,JUNIOR ENG/A,JOHN CARVER,11,2026,D,1.77 pts,23.14,,43,,#N/A
17,1/7/25,2,S1,SCI503 / 12,PHYSICAL SCIENCE A,JAMES BENNETT,11,2026,C+,2.64 pts,20.71,,43,,#N/A
17,1/7/25,3,S1,ASL503 / 13,AMERICAN SIGN LANGUAGE II/A,TAMI GRANT,11,2026,C-,2.11 pts,16.43,,43,,#N/A
17,1/7/25,4,S1,SOC701 / 14,US HISTORY/A,DAVE HAJEK,11,2026,F,1.64 pts,22.43,,43,,Yes
17,1/7/25,5,S1,SOC105 / 15,AP PSYCHOLOGY A,JIM REED,11,2026,F,1.08 pts,17.43,,43,,#N/A
17,1/7/25,6,S1,MAT701 / 16,ALGEBRA II A,JASON BLAESING,11,2026,F,1.61 pts,20.86,,43,,Yes
17,1/7/25,1,S1,MAT522 / 11,GEOMETRY A,ROCHELLE AITON,10,2027,F,1.36 pts,19,,44,,Yes
17,1/7/25,1,S1,MAT522 / 11,GEOMETRY A,NINETTE LILIENTHAL,10,2027,F,1.36 pts,19,,44,,Yes
17,1/7/25,2,S1,HFL116 / 12,BAKING PASTRY ARTS I,KAYLA PAYNE,10,2027,C-,2.06 pts,14.57,,44,,#N/A
17,1/7/25,3,S1,SCI601 / 33,BIOLOGY A,DONNA SCHATZ,10,2027,F,0.95 pts,15.43,,44,,#N/A
17,1/7/25,4,S1,PED500 / 14,WEIGHT TRAINING,SCOTT DIZMANG,10,2027,C,2.47 pts,21.29,,44,,#N/A
17,1/7/25,5,S1,ENG601 / 15,SOPH ENG/A,MARCEE SALAS,10,2027,D,1.72 pts,19.14,,44,,Yes
17,1/7/25,6,S1,SOC108 / 16,WORLD HISTORY/A,RYAN ISAACSON,10,2027,F,0.96 pts,22,,44,,#N/A
17,1/7/25,1,S1,VOC705 / 11,DIGITAL PHOTOGRAPHY I,ROSANNA RUFF,11,2026,A-,3.55 pts,6.43,,45,,#N/A
17,1/7/25,2,S1,SCI609 / 12,CHEMISTRY/A,GRANT MERRILL,11,2026,D+,1.97 pts,6.29,Jay,45,Active,Yes
17,1/7/25,3,S1,ENG719 / 13,AP LANGUAGE/COMPOSITION A,HEATHER CARVER,11,2026,B+,3.25 pts,5.86,,45,,#N/A
17,1/7/25,4,S1,PED500 / 14,WEIGHT TRAINING,SCOTT DIZMANG,11,2026,A,3.79 pts,5.86,,45,,#N/A
17,1/7/25,5,S1,SOC703 / 15,AP US HISTORY A,RYAN ISAACSON,11,2026,A,4.00 pts,5.86,,45,,#N/A
17,1/7/25,6,S1,MAT701 / 16,ALGEBRA II A,JASON BLAESING,11,2026,C+,2.53 pts,6,,45,,Yes
17,1/7/25,5,S1,ENG601 / 15,SOPH ENG/A,MARCEE SALAS,10,2027,C,2.40 pts,0.29,,330,,Yes
17,1/7/25,6,S1,SCI601 / 36,BIOLOGY A,WILLIAM BAUR,10,2027,C,2.48 pts,0,,330,,Yes
17,1/7/25,1,S1,MAT522 / 11,GEOMETRY A,ROCHELLE AITON,10,2027,C+,2.59 pts,0.14,,162,,Yes
17,1/7/25,1,S1,MAT522 / 11,GEOMETRY A,NINETTE LILIENTHAL,10,2027,C+,2.59 pts,0.14,,162,,Yes
17,1/7/25,2,S1,ENG601 / 12,SOPH ENG/A,KELLY GREGERSEN,10,2027,B-,2.82 pts,0.14,,162,,Yes
17,1/7/25,6,S1,SCI601 / 36,BIOLOGY A,WILLIAM BAUR,10,2027,A-,3.54 pts,0.57,,162,,Yes
17,1/7/25,5,S1,ENG601 / 15,SOPH ENG/A,MARCEE SALAS,10,2027,C,2.40 pts,5.43,,371,,Yes
17,1/7/25,2,S1,BUS301 / 12,PERSONAL FINANCE A,NICOLE SIMEK,12,2025,C-,2.11 pts,7.57,,195,,Yes
17,1/7/25,2,S1,ENG601 / 12,SOPH ENG/A,KELLY GREGERSEN,10,2027,C,2.31 pts,3.57,,347,,Yes
17,1/7/25,4,S1,SCI601 / 14,BIOLOGY A,GRANT MERRILL,10,2027,B,3.05 pts,3.29,,347,,Yes
17,1/7/25,3,S1,MAT522 / 13,GEOMETRY A,ROCHELLE AITON,9,2028,C-,2.01 pts,4.71,,211,,Yes
17,1/7/25,3,S1,MAT522 / 13,GEOMETRY A,NINETTE LILIENTHAL,9,2028,C-,2.01 pts,4.71,,211,,Yes
17,1/7/25,2,S1,MAT522 / 12,GEOMETRY A,ROCHELLE AITON,11,2026,F,1.05 pts,22.43,,343,,Yes
17,1/7/25,2,S1,MAT522 / 12,GEOMETRY A,NINETTE LILIENTHAL,11,2026,F,1.05 pts,22.43,,343,,Yes
17,1/7/25,4,S1,SOC701 / 14,US HISTORY/A,DAVE HAJEK,11,2026,F,1.02 pts,16.86,,343,,Yes
17,1/7/25,5,S1,MAT522 / 15,GEOMETRY A,BRIAN ANDERSON,10,2027,C+,2.63 pts,3.57,,165,,Yes
17,1/7/25,6,S1,SCI601 / 36,BIOLOGY A,WILLIAM BAUR,10,2027,B,3.03 pts,3.71,,165,,Yes
17,1/7/25,6,S1,SCI601 / 36,BIOLOGY A,WILLIAM BAUR,10,2027,C-,2.07 pts,7.71,,462,,Yes
17,1/7/25,2,S1,BUS301 / 12,PERSONAL FINANCE A,NICOLE SIMEK,12,2025,B,3.17 pts,6.71,,415,,Yes
17,1/7/25,4,S1,SCI601 / 14,BIOLOGY A,GRANT MERRILL,10,2027,A,3.69 pts,5.57,,432,,Yes
17,1/7/25,3,S1,MAT522 / 13,GEOMETRY A,ROCHELLE AITON,10,2027,A,3.66 pts,1,,204,,Yes
17,1/7/25,3,S1,MAT522 / 13,GEOMETRY A,NINETTE LILIENTHAL,10,2027,A,3.66 pts,1,,204,,Yes
17,1/7/25,5,S1,ENG601 / 15,SOPH ENG/A,MARCEE SALAS,10,2027,C,2.48 pts,1,,204,,Yes
17,1/7/25,6,S1,SCI601 / 16,BIOLOGY A,GRANT MERRILL,10,2027,A-,3.40 pts,1,,204,,Yes
17,1/7/25,6,S1,ENG501 / 16,FR ENGLISH/A,DAVID HOLLINGSWORTH,9,2028,A,4.00 pts,0.71,,62,,Yes
17,1/7/25,5,S1,MAT522 / 15,GEOMETRY A,BRIAN ANDERSON,9,2028,B-,2.82 pts,1,,154,,Yes
17,1/7/25,3,S1,SCI601 / 13,BIOLOGY A,GRANT MERRILL,10,2027,B,3.03 pts,1.43,,155,,Yes
17,1/7/25,4,S1,MAT522 / 14,GEOMETRY A,ROCHELLE AITON,10,2027,B,3.14 pts,0.86,,155,,Yes
17,1/7/25,4,S1,MAT522 / 14,GEOMETRY A,NINETTE LILIENTHAL,10,2027,B,3.14 pts,0.86,,155,,Yes
17,1/7/25,6,S1,MAT701 / 16,ALGEBRA II A,JASON BLAESING,11,2026,A-,3.52 pts,4.5,,278,,Yes
17,1/7/25,2,S1,MAT522 / 12,GEOMETRY A,ROCHELLE AITON,10,2027,B-,2.76 pts,6.71,,215,,Yes
17,1/7/25,2,S1,MAT522 / 12,GEOMETRY A,NINETTE LILIENTHAL,10,2027,B-,2.76 pts,6.71,,215,,Yes
17,1/7/25,6,S1,SCI601 / 16,BIOLOGY A,GRANT MERRILL,10,2027,B-,2.80 pts,8.86,,215,,Yes
17,1/7/25,6,S1,SCI601 / 36,BIOLOGY A,WILLIAM BAUR,10,2027,A,3.80 pts,3.57,,337,,Yes
17,1/7/25,4,S1,SOC701 / 14,US HISTORY/A,DAVE HAJEK,11,2026,A,3.60 pts,1.33,,336,,Yes
17,1/7/25,5,S1,ENG701 / 15,JUNIOR ENG/A,JOHN CARVER,11,2026,A,3.92 pts,1,,336,,Yes
17,1/7/25,6,S1,MAT701 / 16,ALGEBRA II A,JASON BLAESING,11,2026,A,3.63 pts,1,,336,,Yes
17,1/7/25,6,S1,SOC701 / 16,US HISTORY/A,SCOTT BOOTHBY,11,2026,A-,3.51 pts,9.71,,210,,Yes
17,1/7/25,4,S1,MAT522 / 14,GEOMETRY A,ROCHELLE AITON,10,2027,A,3.66 pts,3.43,,444,,Yes
17,1/7/25,4,S1,MAT522 / 14,GEOMETRY A,NINETTE LILIENTHAL,10,2027,A,3.66 pts,3.43,,444,,Yes
17,1/7/25,4,S1,SCI601 / 14,BIOLOGY A,GRANT MERRILL,10,2027,F,1.52 pts,7.14,,448,,Yes
17,1/7/25,5,S1,MAT522 / 15,GEOMETRY A,BRIAN ANDERSON,10,2027,F,0.63 pts,6.57,,194,,Yes
17,1/7/25,4,S1,SOC701 / 14,US HISTORY/A,DAVE HAJEK,11,2026,B-,2.88 pts,3,,298,,Yes
17,1/7/25,5,S1,ENG701 / 15,JUNIOR ENG/A,JOHN CARVER,11,2026,A,3.68 pts,3.14,,298,,Yes
17,1/7/25,6,S1,ENG501 / 16,FR ENGLISH/A,DAVID HOLLINGSWORTH,9,2028,B-,2.89 pts,1.43,,181,,Yes
17,1/7/25,2,S1,MAT522 / 12,GEOMETRY A,ROCHELLE AITON,10,2027,A-,3.49 pts,0.86,,206,,Yes
17,1/7/25,2,S1,MAT522 / 12,GEOMETRY A,NINETTE LILIENTHAL,10,2027,A-,3.49 pts,0.86,,206,,Yes
17,1/7/25,6,S1,SCI601 / 36,BIOLOGY A,WILLIAM BAUR,10,2027,B-,2.86 pts,1.14,,206,,Yes
17,1/7/25,2,S1,ENG601 / 12,SOPH ENG/A,KELLY GREGERSEN,10,2027,B-,2.85 pts,8.29,,418,,Yes
17,1/7/25,6,S1,SCI601 / 16,BIOLOGY A,GRANT MERRILL,10,2027,B+,3.27 pts,7.57,,418,,Yes
17,1/7/25,1,S1,MAT522 / 11,GEOMETRY A,ROCHELLE AITON,10,2027,F,1.09 pts,13.57,,116,,Yes
17,1/7/25,1,S1,MAT522 / 11,GEOMETRY A,NINETTE LILIENTHAL,10,2027,F,1.09 pts,13.57,,116,,Yes
17,1/7/25,2,S1,ENG601 / 12,SOPH ENG/A,KELLY GREGERSEN,10,2027,D+,1.83 pts,13.57,,116,,Yes
17,1/7/25,3,S1,BUS301 / 13,PERSONAL FINANCE A,NICOLE SIMEK,11,2026,F,0.87 pts,5.14,,209,,Yes
17,1/7/25,2,S1,MAT701 / 12,ALGEBRA II A,JASON BLAESING,11,2026,A-,3.47 pts,5.71,,222,,Yes
17,1/7/25,5,S1,ENG701 / 15,JUNIOR ENG/A,JOHN CARVER,11,2026,A,3.68 pts,6.29,,222,,Yes
17,1/7/25,3,S1,SCI601 / 13,BIOLOGY A,GRANT MERRILL,10,2027,D+,1.82 pts,11.71,,391,,Yes
17,1/7/25,3,S1,MAT522 / 13,GEOMETRY A,ROCHELLE AITON,10,2027,A,3.71 pts,4.29,,264,,Yes
17,1/7/25,3,S1,MAT522 / 13,GEOMETRY A,NINETTE LILIENTHAL,10,2027,A,3.71 pts,4.29,,264,,Yes
17,1/7/25,3,S1,MAT701 / 13,ALGEBRA II A,JENNIFER REILLY,11,2026,D,1.74 pts,23.29,,177,,Yes
17,1/7/25,5,S1,ENG701 / 15,JUNIOR ENG/A,JOHN CARVER,11,2026,D,1.75 pts,22.86,,177,,Yes
17,1/7/25,6,S1,SOC701 / 16,US HISTORY/A,SCOTT BOOTHBY,11,2026,F,1.53 pts,24,,177,,Yes
17,1/7/25,3,S1,BUS301 / 13,PERSONAL FINANCE A,NICOLE SIMEK,11,2026,F,0.40 pts,40.43,,300,,Yes
17,1/7/25,5,S1,ENG701 / 15,JUNIOR ENG/A,JOHN CARVER,11,2026,F,1.17 pts,31,,300,,Yes
17,1/7/25,2,S1,MAT701 / 12,ALGEBRA II A,JASON BLAESING,11,2026,B+,3.37 pts,0.29,,56,,Yes
17,1/7/25,5,S1,ENG701 / 15,JUNIOR ENG/A,JOHN CARVER,11,2026,C+,2.59 pts,0.71,,56,,Yes
17,1/7/25,4,S1,SCI601 / 14,BIOLOGY A,GRANT MERRILL,10,2027,C,2.42 pts,4.57,,198,,Yes
17,1/7/25,5,S1,MAT522 / 15,GEOMETRY A,BRIAN ANDERSON,10,2027,C,2.49 pts,4,,198,,Yes
17,1/7/25,2,S1,SCI609 / 12,CHEMISTRY/A,GRANT MERRILL,11,2026,D,1.75 pts,3,,150,,Yes
17,1/7/25,1,S1,MAT522 / 11,GEOMETRY A,ROCHELLE AITON,10,2027,F,0.95 pts,1.71,,94,,Yes
17,1/7/25,1,S1,MAT522 / 11,GEOMETRY A,NINETTE LILIENTHAL,10,2027,F,0.95 pts,1.71,,94,,Yes
17,1/7/25,2,S1,ENG601 / 12,SOPH ENG/A,KELLY GREGERSEN,10,2027,F,0.97 pts,1.71,,94,,Yes
17,1/7/25,6,S1,SCI601 / 36,BIOLOGY A,WILLIAM BAUR,10,2027,A,3.68 pts,0.14,,133,,Yes
17,1/7/25,3,S1,MAT522 / 13,GEOMETRY A,ROCHELLE AITON,9,2028,B,2.92 pts,6.71,,76,,Yes
17,1/7/25,3,S1,MAT522 / 13,GEOMETRY A,NINETTE LILIENTHAL,9,2028,B,2.92 pts,6.71,,76,,Yes
17,1/7/25,3,S1,MAT701 / 13,ALGEBRA II A,JENNIFER REILLY,12,2025,A,3.63 pts,0,,149,,Yes
17,1/7/25,4,S1,SCI601 / 14,BIOLOGY A,GRANT MERRILL,12,2025,B,3.15 pts,14.86,,426,,Yes
17,1/7/25,5,S1,ENG601 / 15,SOPH ENG/A,MARCEE SALAS,10,2027,B-,2.70 pts,6,,403,,Yes
17,1/7/25,2,S1,MAT701 / 12,ALGEBRA II A,JASON BLAESING,11,2026,C,2.46 pts,11.43,,78,,Yes
17,1/7/25,1,S1,MAT522 / 11,GEOMETRY A,ROCHELLE AITON,10,2027,F,1.09 pts,5.43,,122,,Yes
17,1/7/25,1,S1,MAT522 / 11,GEOMETRY A,NINETTE LILIENTHAL,10,2027,F,1.09 pts,5.43,,122,,Yes
17,1/7/25,2,S1,ENG601 / 12,SOPH ENG/A,KELLY GREGERSEN,10,2027,F,1.06 pts,5,,122,,Yes
17,1/7/25,2,S1,MAT701 / 12,ALGEBRA II A,JASON BLAESING,11,2026,A,3.75 pts,7.5,,124,,Yes
17,1/7/25,2,S1,SCI609 / 12,CHEMISTRY/A,GRANT MERRILL,11,2026,A-,3.58 pts,5.29,,315,,Yes
17,1/7/25,6,S1,MAT701 / 16,ALGEBRA II A,JASON BLAESING,11,2026,B+,3.35 pts,3.71,,314,,Yes
17,1/7/25,2,S1,BUS301 / 12,PERSONAL FINANCE A,NICOLE SIMEK,11,2026,A-,3.45 pts,0,,327,,Yes
17,1/7/25,5,S1,ENG701 / 15,JUNIOR ENG/A,JOHN CARVER,11,2026,A-,3.52 pts,0,,327,,Yes
17,1/7/25,6,S1,SOC701 / 16,US HISTORY/A,SCOTT BOOTHBY,11,2026,A-,3.52 pts,0.14,,327,,Yes
17,1/7/25,6,S1,ENG501 / 16,FR ENGLISH/A,DAVID HOLLINGSWORTH,9,2028,F,1.29 pts,8.86,,289,,Yes
17,1/7/25,2,S1,BUS301 / 12,PERSONAL FINANCE A,NICOLE SIMEK,12,2025,C+,2.59 pts,14.43,,385,,Yes
17,1/7/25,5,S1,ENG701 / 15,JUNIOR ENG/A,JOHN CARVER,12,2025,A-,3.46 pts,13.71,,385,,Yes
17,1/7/25,1,S1,MAT522 / 11,GEOMETRY A,ROCHELLE AITON,9,2028,B,3.11 pts,7.14,,69,,Yes
17,1/7/25,1,S1,MAT522 / 11,GEOMETRY A,NINETTE LILIENTHAL,9,2028,B,3.11 pts,7.14,,69,,Yes
17,1/7/25,4,S1,SOC701 / 14,US HISTORY/A,DAVE HAJEK,11,2026,C,2.47 pts,7.71,,439,,Yes
17,1/7/25,6,S1,ENG501 / 16,FR ENGLISH/A,DAVID HOLLINGSWORTH,9,2028,F,1.05 pts,27.71,,410,,Yes
17,1/7/25,2,S1,MAT522 / 12,GEOMETRY A,ROCHELLE AITON,10,2027,C,2.48 pts,5.86,,146,,Yes
17,1/7/25,2,S1,MAT522 / 12,GEOMETRY A,NINETTE LILIENTHAL,10,2027,C,2.48 pts,5.86,,146,,Yes
17,1/7/25,6,S1,SCI601 / 16,BIOLOGY A,GRANT MERRILL,10,2027,B,3.05 pts,7,,146,,Yes
17,1/7/25,2,S1,MAT522 / 12,GEOMETRY A,ROCHELLE AITON,9,2028,A,3.78 pts,1,,231,,Yes
17,1/7/25,2,S1,MAT522 / 12,GEOMETRY A,NINETTE LILIENTHAL,9,2028,A,3.78 pts,1,,231,,Yes
17,1/7/25,2,S1,MAT701 / 12,ALGEBRA II A,JASON BLAESING,11,2026,C-,2.13 pts,2.71,,152,,Yes
17,1/7/25,4,S1,MAT522 / 14,GEOMETRY A,ROCHELLE AITON,10,2027,B-,2.71 pts,0,,202,,Yes
17,1/7/25,4,S1,MAT522 / 14,GEOMETRY A,NINETTE LILIENTHAL,10,2027,B-,2.71 pts,0,,202,,Yes
17,1/7/25,6,S1,SCI601 / 16,BIOLOGY A,GRANT MERRILL,10,2027,C+,2.64 pts,0,,202,,Yes
17,1/7/25,6,S1,MAT701 / 16,ALGEBRA II A,JASON BLAESING,11,2026,C-,2.02 pts,4.86,,379,,Yes
17,1/7/25,1,S1,MAT522 / 11,GEOMETRY A,ROCHELLE AITON,10,2027,C+,2.60 pts,3.14,,335,,Yes
17,1/7/25,1,S1,MAT522 / 11,GEOMETRY A,NINETTE LILIENTHAL,10,2027,C+,2.60 pts,3.14,,335,,Yes
17,1/7/25,6,S1,SCI601 / 16,BIOLOGY A,GRANT MERRILL,10,2027,C,2.24 pts,1,,375,,Yes
17,1/7/25,6,S1,SOC701 / 16,US HISTORY/A,SCOTT BOOTHBY,11,2026,C+,2.63 pts,1,,376,,Yes
17,1/7/25,1,S1,MAT522 / 11,GEOMETRY A,ROCHELLE AITON,10,2027,D+,1.91 pts,1.57,,399,,Yes
17,1/7/25,1,S1,MAT522 / 11,GEOMETRY A,NINETTE LILIENTHAL,10,2027,D+,1.91 pts,1.57,,399,,Yes
17,1/7/25,2,S1,ENG601 / 12,SOPH ENG/A,KELLY GREGERSEN,10,2027,B-,2.81 pts,1.43,,399,,Yes
17,1/7/25,6,S1,SCI601 / 16,BIOLOGY A,GRANT MERRILL,10,2027,D,1.72 pts,1.71,,399,,Yes
17,1/7/25,4,S1,SCI601 / 14,BIOLOGY A,GRANT MERRILL,10,2027,C+,2.53 pts,0.86,,441,,Yes
17,1/7/25,6,S1,SCI601 / 36,BIOLOGY A,WILLIAM BAUR,10,2027,C,2.28 pts,0.86,,174,,Yes
17,1/7/25,5,S1,MAT522 / 15,GEOMETRY A,BRIAN ANDERSON,10,2027,F,1.16 pts,18.14,,63,,Yes
17,1/7/25,3,S1,BUS301 / 13,PERSONAL FINANCE A,NICOLE SIMEK,12,2025,A,3.99 pts,11.86,,413,,Yes
17,1/7/25,6,S1,ENG501 / 16,FR ENGLISH/A,DAVID HOLLINGSWORTH,9,2028,F,1.41 pts,5.57,,245,,Yes
17,1/7/25,3,S1,MAT701 / 13,ALGEBRA II A,JENNIFER REILLY,11,2026,B,3.17 pts,4.14,,172,,Yes
17,1/7/25,3,S1,MAT522 / 13,GEOMETRY A,ROCHELLE AITON,9,2028,C+,2.63 pts,6.57,,358,,Yes
17,1/7/25,3,S1,MAT522 / 13,GEOMETRY A,NINETTE LILIENTHAL,9,2028,C+,2.63 pts,6.57,,358,,Yes
17,1/7/25,6,S1,ENG501 / 16,FR ENGLISH/A,DAVID HOLLINGSWORTH,9,2028,A,3.63 pts,0,,189,,Yes
17,1/7/25,5,S1,MAT522 / 15,GEOMETRY A,BRIAN ANDERSON,9,2028,B,3.03 pts,0,,420,,Yes
17,1/7/25,4,S1,SCI601 / 14,BIOLOGY A,GRANT MERRILL,10,2027,F,1.10 pts,22.86,,456,,Yes
17,1/7/25,5,S1,MAT522 / 15,GEOMETRY A,BRIAN ANDERSON,10,2027,C,2.23 pts,2,,163,,Yes
17,1/7/25,6,S1,ENG501 / 16,FR ENGLISH/A,DAVID HOLLINGSWORTH,9,2028,B,2.99 pts,5.43,,366,,Yes
17,1/7/25,6,S1,ENG501 / 16,FR ENGLISH/A,DAVID HOLLINGSWORTH,9,2028,C-,2.18 pts,35.14,,129,,Yes
17,1/7/25,6,S1,SCI601 / 36,BIOLOGY A,WILLIAM BAUR,10,2027,,,25,,467,,Yes
17,1/7/25,2,S1,MAT522 / 12,GEOMETRY A,ROCHELLE AITON,10,2027,B+,3.22 pts,18.57,,220,,Yes
17,1/7/25,2,S1,MAT522 / 12,GEOMETRY A,NINETTE LILIENTHAL,10,2027,B+,3.22 pts,18.57,,220,,Yes
17,1/7/25,3,S1,SCI601 / 13,BIOLOGY A,GRANT MERRILL,10,2027,B-,2.70 pts,18.71,,220,,Yes
17,1/7/25,3,S1,BUS301 / 13,PERSONAL FINANCE A,NICOLE SIMEK,12,2025,A,4.00 pts,0.14,,326,,Yes
17,1/7/25,5,S1,ENG701 / 15,JUNIOR ENG/A,JOHN CARVER,11,2026,B+,3.28 pts,3.33,,148,,Yes
17,1/7/25,6,S1,MAT701 / 16,ALGEBRA II A,JASON BLAESING,11,2026,B,3.17 pts,3,,148,,Yes
17,1/7/25,1,S1,MAT704 / 11,PRE-CALC A MAT 153,BRIAN ANDERSON,11,2026,B-,2.75 pts,5.29,,350,,Yes
17,1/7/25,2,S1,SCI609 / 12,CHEMISTRY/A,GRANT MERRILL,11,2026,A-,3.44 pts,6.29,,350,,Yes
17,1/7/25,4,S1,SOC701 / 14,US HISTORY/A,DAVE HAJEK,11,2026,B-,2.74 pts,6.57,,350,,Yes
17,1/7/25,5,S1,ENG701 / 15,JUNIOR ENG/A,JOHN CARVER,11,2026,B-,2.87 pts,6.57,,350,,Yes
17,1/7/25,2,S1,MAT701 / 12,ALGEBRA II A,JASON BLAESING,10,2027,A,3.76 pts,4.29,,398,,Yes
17,1/7/25,3,S1,SCI601 / 13,BIOLOGY A,GRANT MERRILL,10,2027,C+,2.55 pts,4.14,,398,,Yes
17,1/7/25,4,S1,SOC701 / 14,US HISTORY/A,DAVE HAJEK,11,2026,F,1.21 pts,13,,286,,Yes
17,1/7/25,6,S1,ENG501 / 16,FR ENGLISH/A,DAVID HOLLINGSWORTH,9,2028,C-,2.10 pts,7.17,,461,,Yes
17,1/7/25,5,S1,ENG701 / 15,JUNIOR ENG/A,JOHN CARVER,11,2026,F,0.50 pts,19.57,,466,,Yes
17,1/7/25,5,S1,ENG701 / 15,JUNIOR ENG/A,JOHN CARVER,11,2026,F,0.50 pts,21.43,,465,,Yes
17,1/7/25,2,S1,SCI609 / 12,CHEMISTRY/A,GRANT MERRILL,10,2027,,,0,,469,,Yes
18,1/14/25,3,S1,BUS301 / 13,PERSONAL FINANCE A,NICOLE SIMEK,12,2025,A,3.85 pts,0,,200,,Yes
18,1/14/25,3,S1,BUS301 / 13,PERSONAL FINANCE A,NICOLE SIMEK,12,2025,B-,2.78 pts,6.29,,394,,Yes
18,1/14/25,2,S1,BUS301 / 12,PERSONAL FINANCE A,NICOLE SIMEK,12,2025,A,3.83 pts,6,,93,,Yes
18,1/14/25,2,S1,BUS301 / 12,PERSONAL FINANCE A,NICOLE SIMEK,12,2025,C+,2.61 pts,10.29,,299,,Yes
18,1/14/25,1,S1,MAT522 / 11,GEOMETRY A,ROCHELLE AITON,10,2027,B-,2.84 pts,0.43,,179,,Yes
18,1/14/25,1,S1,MAT522 / 11,GEOMETRY A,NINETTE LILIENTHAL,10,2027,B-,2.84 pts,0.43,,179,,Yes
18,1/14/25,3,S1,MAT701 / 13,ALGEBRA II A,JENNIFER REILLY,11,2026,B,3.06 pts,9.71,,271,,Yes
18,1/14/25,6,S1,SOC701 / 16,US HISTORY/A,SCOTT BOOTHBY,11,2026,D,1.76 pts,9,,271,,Yes
18,1/14/25,1,S1,MAT704 / 11,PRE-CALC A MAT 153,BRIAN ANDERSON,11,2026,A-,3.44 pts,9.57,,101,,Yes
18,1/14/25,2,S1,SCI609 / 12,CHEMISTRY/A,GRANT MERRILL,11,2026,A-,3.56 pts,9.57,,101,,Yes
18,1/14/25,4,S1,SOC701 / 14,US HISTORY/A,DAVE HAJEK,11,2026,B,3.13 pts,8.29,,101,,Yes
18,1/14/25,3,S1,MAT522 / 13,GEOMETRY A,ROCHELLE AITON,9,2028,A,3.79 pts,0,,192,,Yes
18,1/14/25,3,S1,MAT522 / 13,GEOMETRY A,NINETTE LILIENTHAL,9,2028,A,3.79 pts,0,,192,,Yes
18,1/14/25,5,S1,ENG701 / 15,JUNIOR ENG/A,JOHN CARVER,11,2026,W,0.51 pts,49.57,,239,,Yes
18,1/14/25,2,S1,ENG601 / 12,SOPH ENG/A,KELLY GREGERSEN,10,2027,B,3.01 pts,0,,392,,Yes
18,1/14/25,6,S1,MAT701 / 16,ALGEBRA II A,JASON BLAESING,12,2025,C,2.24 pts,8.86,,49,,Yes
18,1/14/25,2,S1,BUS301 / 12,PERSONAL FINANCE A,NICOLE SIMEK,12,2025,A,3.99 pts,5.86,,176,,Yes
18,1/14/25,2,S1,BUS301 / 12,PERSONAL FINANCE A,NICOLE SIMEK,12,2025,D+,1.85 pts,34.71,,227,,Yes
18,1/14/25,2,S1,BUS301 / 12,PERSONAL FINANCE A,NICOLE SIMEK,12,2025,A,3.75 pts,5.29,,233,,Yes
18,1/14/25,3,S1,BUS301 / 13,PERSONAL FINANCE A,NICOLE SIMEK,12,2025,A-,3.59 pts,8.57,,280,,Yes
18,1/14/25,3,S1,BUS301 / 13,PERSONAL FINANCE A,NICOLE SIMEK,12,2025,B,2.94 pts,3.86,,341,,Yes
18,1/14/25,2,S1,BUS301 / 12,PERSONAL FINANCE A,NICOLE SIMEK,12,2025,C-,2.07 pts,22.57,,201,,Yes
18,1/14/25,2,S1,BUS301 / 12,PERSONAL FINANCE A,NICOLE SIMEK,12,2025,F,1.19 pts,11.43,,362,,Yes
18,1/14/25,2,S1,BUS301 / 12,PERSONAL FINANCE A,NICOLE SIMEK,12,2025,A,3.95 pts,4.43,,259,,Yes
18,1/14/25,2,S1,SCI609 / 12,CHEMISTRY/A,GRANT MERRILL,12,2025,B-,2.85 pts,18,,423,,Yes
18,1/14/25,3,S1,BUS301 / 13,PERSONAL FINANCE A,NICOLE SIMEK,12,2025,D+,1.83 pts,3.57,,305,,Yes
18,1/14/25,6,S1,SCI601 / 36,BIOLOGY A,WILLIAM BAUR,12,2025,C+,2.51 pts,5.43,,188,,Yes
18,1/14/25,1,S1,MAT704 / 11,PRE-CALC A MAT 153,BRIAN ANDERSON,12,2025,D,1.67 pts,8.57,,323,,Yes
18,1/14/25,3,S1,BUS301 / 13,PERSONAL FINANCE A,NICOLE SIMEK,12,2025,B+,3.30 pts,7.71,,323,,Yes
18,1/14/25,2,S1,BUS301 / 12,PERSONAL FINANCE A,NICOLE SIMEK,12,2025,C,2.30 pts,18.14,,216,,Yes
18,1/14/25,3,S1,BUS301 / 13,PERSONAL FINANCE A,NICOLE SIMEK,12,2025,B+,3.36 pts,3.31,,408,,Yes
18,1/14/25,3,S1,BUS301 / 13,PERSONAL FINANCE A,NICOLE SIMEK,12,2025,A,3.90 pts,0.57,,90,,Yes
18,1/14/25,2,S1,SCI609 / 12,CHEMISTRY/A,GRANT MERRILL,12,2025,B+,3.23 pts,6.5,,82,,Yes
18,1/14/25,3,S1,BUS301 / 13,PERSONAL FINANCE A,NICOLE SIMEK,11,2026,C,2.38 pts,2,,253,,Yes
18,1/14/25,3,S1,MAT701 / 13,ALGEBRA II A,JENNIFER REILLY,11,2026,,2.92 pts,0,,115,,Yes
18,1/14/25,4,S1,SOC701 / 14,US HISTORY/A,DAVE HAJEK,11,2026,F,0.96 pts,14.71,,254,,Yes
18,1/14/25,5,S1,ENG701 / 15,JUNIOR ENG/A,JOHN CARVER,11,2026,C,2.27 pts,13.71,,254,,Yes
18,1/14/25,2,S1,BUS301 / 12,PERSONAL FINANCE A,NICOLE SIMEK,12,2025,C,2.35 pts,3.71,,61,,Yes
18,1/14/25,3,S1,BUS301 / 13,PERSONAL FINANCE A,NICOLE SIMEK,12,2025,B-,2.71 pts,8.29,,332,,Yes
18,1/14/25,2,S1,SCI609 / 12,CHEMISTRY/A,GRANT MERRILL,12,2025,F,0.75 pts,42,,354,,Yes
18,1/14/25,3,S1,BUS301 / 13,PERSONAL FINANCE A,NICOLE SIMEK,12,2025,D,1.67 pts,5.43,,105,,Yes
18,1/14/25,4,S1,MAT522 / 14,GEOMETRY A,ROCHELLE AITON,10,2027,C-,2.03 pts,5.29,,425,,Yes
18,1/14/25,4,S1,MAT522 / 14,GEOMETRY A,NINETTE LILIENTHAL,10,2027,C-,2.03 pts,5.29,,425,,Yes
18,1/14/25,6,S1,MAT701 / 16,ALGEBRA II A,JASON BLAESING,10,2027,A,3.79 pts,0.14,,54,,Yes
18,1/14/25,2,S1,MAT522 / 12,GEOMETRY A,ROCHELLE AITON,10,2027,D+,1.83 pts,4.86,,338,,Yes
18,1/14/25,2,S1,MAT522 / 12,GEOMETRY A,NINETTE LILIENTHAL,10,2027,D+,1.83 pts,4.86,,338,,Yes
18,1/14/25,5,S1,ENG601 / 15,SOPH ENG/A,MARCEE SALAS,10,2027,C,2.31 pts,4.86,,338,,Yes
18,1/14/25,3,S1,SCI601 / 13,BIOLOGY A,GRANT MERRILL,10,2027,F,0.98 pts,48.86,,92,,Yes
18,1/14/25,3,S1,MAT522 / 13,GEOMETRY A,ROCHELLE AITON,9,2028,A-,3.49 pts,0.86,,363,,Yes
18,1/14/25,3,S1,MAT522 / 13,GEOMETRY A,NINETTE LILIENTHAL,9,2028,A-,3.49 pts,0.86,,363,,Yes
18,1/14/25,6,S1,ENG501 / 16,FR ENGLISH/A,DAVID HOLLINGSWORTH,9,2028,C,2.34 pts,2,,229,,Yes
18,1/14/25,4,S1,MAT522 / 14,GEOMETRY A,ROCHELLE AITON,10,2027,F,1.61 pts,2.57,,424,,Yes
18,1/14/25,4,S1,MAT522 / 14,GEOMETRY A,NINETTE LILIENTHAL,10,2027,F,1.61 pts,2.57,,424,,Yes
18,1/14/25,2,S1,MAT701 / 12,ALGEBRA II A,JASON BLAESING,11,2026,D+,1.95 pts,0,,107,,Yes
18,1/14/25,1,S1,MAT704 / 11,PRE-CALC A MAT 153,BRIAN ANDERSON,11,2026,C,2.45 pts,2.86,,114,,Yes
18,1/14/25,2,S1,SCI609 / 12,CHEMISTRY/A,GRANT MERRILL,11,2026,B,3.02 pts,2.14,,114,,Yes
18,1/14/25,2,S1,ENG601 / 12,SOPH ENG/A,KELLY GREGERSEN,10,2027,D+,1.94 pts,12.57,,117,,Yes
18,1/14/25,4,S1,MAT522 / 14,GEOMETRY A,ROCHELLE AITON,10,2027,F,1.19 pts,12.71,,117,,Yes
18,1/14/25,4,S1,MAT522 / 14,GEOMETRY A,NINETTE LILIENTHAL,10,2027,F,1.19 pts,12.71,,117,,Yes
18,1/14/25,6,S1,SCI601 / 16,BIOLOGY A,GRANT MERRILL,10,2027,F,1.05 pts,13.43,,117,,Yes
18,1/14/25,3,S1,MAT522 / 13,GEOMETRY A,ROCHELLE AITON,10,2027,B,3.02 pts,9.71,,118,,Yes
18,1/14/25,3,S1,MAT522 / 13,GEOMETRY A,NINETTE LILIENTHAL,10,2027,B,3.02 pts,9.71,,118,,Yes
18,1/14/25,5,S1,MAT522 / 15,GEOMETRY A,BRIAN ANDERSON,10,2027,D+,1.96 pts,8.29,,142,,Yes
18,1/14/25,6,S1,SCI601 / 16,BIOLOGY A,GRANT MERRILL,10,2027,F,1.59 pts,8.71,,142,,Yes
18,1/14/25,2,S1,MAT522 / 12,GEOMETRY A,ROCHELLE AITON,10,2027,C+,2.56 pts,9.29,,168,,Yes
18,1/14/25,2,S1,MAT522 / 12,GEOMETRY A,NINETTE LILIENTHAL,10,2027,C+,2.56 pts,9.29,,168,,Yes
18,1/14/25,3,S1,MAT701 / 13,ALGEBRA II A,JENNIFER REILLY,11,2026,A,3.61 pts,2,,208,,Yes
18,1/14/25,5,S1,MAT522 / 15,GEOMETRY A,BRIAN ANDERSON,10,2027,C+,2.53 pts,1.86,,244,,Yes
18,1/14/25,2,S1,ENG601 / 12,SOPH ENG/A,KELLY GREGERSEN,10,2027,A,3.67 pts,0.14,,324,,Yes
18,1/14/25,3,S1,MAT522 / 13,GEOMETRY A,ROCHELLE AITON,10,2027,C+,2.63 pts,0,,324,,Yes
18,1/14/25,3,S1,MAT522 / 13,GEOMETRY A,NINETTE LILIENTHAL,10,2027,C+,2.63 pts,0,,324,,Yes
18,1/14/25,4,S1,MAT522 / 14,GEOMETRY A,ROCHELLE AITON,10,2027,B-,2.77 pts,2,,458,,Yes
18,1/14/25,4,S1,MAT522 / 14,GEOMETRY A,NINETTE LILIENTHAL,10,2027,B-,2.77 pts,2,,458,,Yes
18,1/14/25,5,S1,ENG701 / 15,JUNIOR ENG/A,JOHN CARVER,11,2026,F,1.55 pts,8.43,,131,,Yes
18,1/14/25,1,S1,MAT522 / 11,GEOMETRY A,ROCHELLE AITON,10,2027,F,0.86 pts,15.86,,248,,Yes
18,1/14/25,1,S1,MAT522 / 11,GEOMETRY A,NINETTE LILIENTHAL,10,2027,F,0.86 pts,15.86,,248,,Yes
18,1/14/25,5,S1,ENG601 / 15,SOPH ENG/A,MARCEE SALAS,10,2027,B,2.99 pts,2,,373,,Yes
18,1/14/25,6,S1,SCI601 / 36,BIOLOGY A,WILLIAM BAUR,10,2027,A,3.77 pts,2.14,,373,,Yes
18,1/14/25,2,S1,MAT701 / 12,ALGEBRA II A,JASON BLAESING,11,2026,A-,3.46 pts,1.86,,320,,Yes
18,1/14/25,6,S1,SOC701 / 16,US HISTORY/A,SCOTT BOOTHBY,11,2026,B,2.94 pts,4.86,,320,,Yes
18,1/14/25,3,S1,MAT701 / 13,ALGEBRA II A,JENNIFER REILLY,11,2026,B-,2.71 pts,4.57,,128,,Yes
18,1/14/25,6,S1,MAT701 / 16,ALGEBRA II A,JASON BLAESING,11,2026,A-,3.57 pts,11.67,,161,,Yes
18,1/14/25,3,S1,MAT701 / 13,ALGEBRA II A,JENNIFER REILLY,11,2026,A-,3.45 pts,13.33,,191,,Yes
18,1/14/25,6,S1,SOC701 / 16,US HISTORY/A,SCOTT BOOTHBY,11,2026,A,3.72 pts,7.33,,224,,Yes
18,1/14/25,5,S1,ENG701 / 15,JUNIOR ENG/A,JOHN CARVER,11,2026,C,2.27 pts,8.57,,255,,Yes
18,1/14/25,6,S1,SOC701 / 16,US HISTORY/A,SCOTT BOOTHBY,11,2026,D+,1.86 pts,9.71,,255,,Yes
18,1/14/25,2,S1,MAT701 / 12,ALGEBRA II A,JASON BLAESING,11,2026,B,2.98 pts,5,,260,,Yes
18,1/14/25,5,S1,ENG701 / 15,JUNIOR ENG/A,JOHN CARVER,11,2026,A,3.77 pts,5.14,,260,,Yes
18,1/14/25,5,S1,ENG701 / 15,JUNIOR ENG/A,JOHN CARVER,11,2026,F,1.54 pts,9,,396,,Yes
18,1/14/25,1,S1,MAT704 / 11,PRE-CALC A MAT 153,BRIAN ANDERSON,11,2026,B+,3.33 pts,2.67,,400,,Yes
18,1/14/25,2,S1,ENG601 / 12,SOPH ENG/A,KELLY GREGERSEN,10,2027,B-,2.89 pts,21.29,,416,,Yes
18,1/14/25,3,S1,MAT522 / 13,GEOMETRY A,ROCHELLE AITON,10,2027,D,1.79 pts,21.57,,416,,Yes
18,1/14/25,3,S1,MAT522 / 13,GEOMETRY A,NINETTE LILIENTHAL,10,2027,D,1.79 pts,21.57,,416,,Yes
18,1/14/25,1,S1,MAT522 / 11,GEOMETRY A,ROCHELLE AITON,10,2027,C,2.36 pts,4.71,,318,,Yes
18,1/14/25,1,S1,MAT522 / 11,GEOMETRY A,NINETTE LILIENTHAL,10,2027,C,2.36 pts,4.71,,318,,Yes
18,1/14/25,3,S1,SCI601 / 13,BIOLOGY A,GRANT MERRILL,10,2027,C-,2.17 pts,7.57,,318,,Yes
18,1/14/25,3,S1,BUS301 / 13,PERSONAL FINANCE A,NICOLE SIMEK,11,2026,A,3.64 pts,5,,230,,Yes
18,1/14/25,4,S1,SOC701 / 14,US HISTORY/A,DAVE HAJEK,11,2026,B,3.01 pts,5,,230,,Yes
18,1/14/25,5,S1,ENG701 / 15,JUNIOR ENG/A,JOHN CARVER,11,2026,A,3.92 pts,5,,230,,Yes
18,1/14/25,4,S1,SCI601 / 14,BIOLOGY A,GRANT MERRILL,10,2027,C+,2.58 pts,6.14,,429,,Yes
18,1/14/25,2,S1,BUS301 / 12,PERSONAL FINANCE A,NICOLE SIMEK,12,2025,C,2.27 pts,26.71,,331,,Yes
18,1/14/25,2,S1,ENG601 / 12,SOPH ENG/A,KELLY GREGERSEN,10,2027,A,3.84 pts,0,,102,,Yes
18,1/14/25,3,S1,MAT522 / 13,GEOMETRY A,ROCHELLE AITON,10,2027,B+,3.34 pts,0,,102,,Yes
18,1/14/25,3,S1,MAT522 / 13,GEOMETRY A,NINETTE LILIENTHAL,10,2027,B+,3.34 pts,0,,102,,Yes
18,1/14/25,6,S1,SOC701 / 16,US HISTORY/A,SCOTT BOOTHBY,11,2026,C-,2.18 pts,17.43,,134,,Yes
18,1/14/25,6,S1,MAT701 / 16,ALGEBRA II A,JASON BLAESING,11,2026,B-,2.83 pts,11,,112,,Yes
18,1/14/25,3,S1,MAT701 / 13,ALGEBRA II A,JENNIFER REILLY,11,2026,B,3.07 pts,17.71,,207,,Yes
18,1/14/25,2,S1,SCI609 / 12,CHEMISTRY/A,GRANT MERRILL,11,2026,C+,2.68 pts,6.57,,86,,Yes
18,1/14/25,6,S1,SOC701 / 16,US HISTORY/A,SCOTT BOOTHBY,11,2026,B-,2.80 pts,8,,86,,Yes
18,1/14/25,2,S1,MAT701 / 12,ALGEBRA II A,JASON BLAESING,11,2026,C+,2.50 pts,14.86,,145,,Yes
18,1/14/25,2,S1,SCI609 / 12,CHEMISTRY/A,GRANT MERRILL,11,2026,B,2.97 pts,14.57,,242,,Yes
18,1/14/25,3,S1,BUS301 / 13,PERSONAL FINANCE A,NICOLE SIMEK,11,2026,A,4.00 pts,14.71,,242,,Yes
18,1/14/25,1,S1,MAT704 / 11,PRE-CALC A MAT 153,BRIAN ANDERSON,11,2026,A-,3.53 pts,0,,151,,Yes
18,1/14/25,2,S1,MAT701 / 12,ALGEBRA II A,JASON BLAESING,11,2026,F,0.00 pts,42,,180,,Yes
18,1/14/25,4,S1,SOC701 / 14,US HISTORY/A,DAVE HAJEK,11,2026,F,1.45 pts,15.57,,438,,Yes
18,1/14/25,6,S1,MAT701 / 16,ALGEBRA II A,JASON BLAESING,11,2026,B,3.14 pts,6.14,,342,,Yes
18,1/14/25,6,S1,MAT701 / 16,ALGEBRA II A,JASON BLAESING,11,2026,C,2.41 pts,7.07,,357,,Yes
18,1/14/25,3,S1,MAT701 / 13,ALGEBRA II A,JENNIFER REILLY,11,2026,C-,2.19 pts,5.71,,339,,Yes
18,1/14/25,3,S1,MAT701 / 13,ALGEBRA II A,JENNIFER REILLY,11,2026,C,2.44 pts,11.26,,380,,Yes
18,1/14/25,6,S1,SOC701 / 16,US HISTORY/A,SCOTT BOOTHBY,11,2026,B,3.11 pts,10.88,,380,,Yes
18,1/14/25,2,S1,SCI609 / 12,CHEMISTRY/A,GRANT MERRILL,11,2026,D+,1.87 pts,15.29,,282,,Yes
18,1/14/25,3,S1,MAT701 / 13,ALGEBRA II A,JENNIFER REILLY,11,2026,B,3.10 pts,15.14,,282,,Yes
18,1/14/25,4,S1,SOC701 / 14,US HISTORY/A,DAVE HAJEK,11,2026,D,1.78 pts,19.71,,282,,Yes
18,1/14/25,5,S1,ENG701 / 15,JUNIOR ENG/A,JOHN CARVER,11,2026,C-,2.17 pts,19.71,,282,,Yes
18,1/14/25,2,S1,BUS301 / 12,PERSONAL FINANCE A,NICOLE SIMEK,11,2026,A,3.87 pts,9.43,,185,,Yes
18,1/14/25,4,S1,SOC701 / 14,US HISTORY/A,DAVE HAJEK,11,2026,B,3.15 pts,9.29,,185,,Yes
18,1/14/25,3,S1,MAT701 / 13,ALGEBRA II A,JENNIFER REILLY,11,2026,B+,3.35 pts,2.33,,103,,Yes
18,1/14/25,2,S1,MAT701 / 12,ALGEBRA II A,JASON BLAESING,11,2026,D+,1.95 pts,5.29,,85,,Yes
18,1/14/25,6,S1,SOC701 / 16,US HISTORY/A,SCOTT BOOTHBY,11,2026,A-,3.54 pts,5.57,,85,,Yes
18,1/14/25,1,S1,MAT704 / 11,PRE-CALC A MAT 153,BRIAN ANDERSON,11,2026,A,3.60 pts,4.5,,95,,Yes
18,1/14/25,6,S1,MAT701 / 16,ALGEBRA II A,JASON BLAESING,11,2026,C+,2.69 pts,2.5,,50,,Yes
18,1/14/25,1,S1,MAT704 / 11,PRE-CALC A MAT 153,BRIAN ANDERSON,11,2026,C,2.40 pts,4,,328,,Yes
18,1/14/25,6,S1,SOC701 / 16,US HISTORY/A,SCOTT BOOTHBY,11,2026,C-,2.13 pts,5.1,,275,,Yes
18,1/14/25,1,S1,MAT704 / 11,PRE-CALC A MAT 153,BRIAN ANDERSON,11,2026,A,3.64 pts,0,,409,,Yes
18,1/14/25,5,S1,ENG701 / 15,JUNIOR ENG/A,JOHN CARVER,11,2026,A,3.96 pts,0,,409,,Yes
18,1/14/25,3,S1,MAT701 / 13,ALGEBRA II A,JENNIFER REILLY,11,2026,C+,2.59 pts,7.14,,412,,Yes
18,1/14/25,6,S1,SOC701 / 16,US HISTORY/A,SCOTT BOOTHBY,11,2026,A,3.93 pts,2,,68,,Yes
18,1/14/25,3,S1,BUS301 / 13,PERSONAL FINANCE A,NICOLE SIMEK,11,2026,D+,1.87 pts,6,,267,,Yes
18,1/14/25,6,S1,SOC701 / 16,US HISTORY/A,SCOTT BOOTHBY,11,2026,C-,2.14 pts,40,,147,,Yes
18,1/14/25,2,S1,BUS301 / 12,PERSONAL FINANCE A,NICOLE SIMEK,12,2025,F,1.42 pts,30,,73,,Yes
18,1/14/25,5,S1,ENG701 / 15,JUNIOR ENG/A,JOHN CARVER,11,2026,B+,3.33 pts,17.86,,218,,Yes
18,1/14/25,6,S1,SOC701 / 16,US HISTORY/A,SCOTT BOOTHBY,11,2026,C+,2.54 pts,18,,218,,Yes
18,1/14/25,6,S1,MAT701 / 16,ALGEBRA II A,JASON BLAESING,11,2026,F,1.24 pts,17,,296,,Yes
18,1/14/25,2,S1,SCI609 / 12,CHEMISTRY/A,GRANT MERRILL,11,2026,A,3.85 pts,0,,100,,Yes
18,1/14/25,1,S1,MAT704 / 11,PRE-CALC A MAT 153,BRIAN ANDERSON,11,2026,C,2.20 pts,2.29,,138,,Yes
18,1/14/25,5,S1,ENG701 / 15,JUNIOR ENG/A,JOHN CARVER,11,2026,B+,3.36 pts,3.71,,138,,Yes
18,1/14/25,2,S1,SCI609 / 12,CHEMISTRY/A,GRANT MERRILL,11,2026,C+,2.51 pts,1.71,,158,,Yes
18,1/14/25,5,S1,ENG701 / 15,JUNIOR ENG/A,JOHN CARVER,11,2026,A,3.77 pts,2.29,,158,,Yes
18,1/14/25,3,S1,MAT701 / 13,ALGEBRA II A,JENNIFER REILLY,11,2026,C,2.25 pts,4.14,,406,,Yes
18,1/14/25,2,S1,MAT701 / 12,ALGEBRA II A,JASON BLAESING,11,2026,B,3.01 pts,6.29,,262,,Yes
18,1/14/25,6,S1,SOC701 / 16,US HISTORY/A,SCOTT BOOTHBY,11,2026,C,2.28 pts,6.86,,262,,Yes
18,1/14/25,1,S1,MAT704 / 11,PRE-CALC A MAT 153,BRIAN ANDERSON,11,2026,C+,2.59 pts,7,,263,,Yes
18,1/14/25,2,S1,ENG601 / 12,SOPH ENG/A,KELLY GREGERSEN,10,2027,B,2.96 pts,12.14,,77,,Yes
18,1/14/25,3,S1,SCI601 / 13,BIOLOGY A,GRANT MERRILL,10,2027,C-,2.11 pts,12.57,,77,,Yes
18,1/14/25,3,S1,SCI601 / 13,BIOLOGY A,GRANT MERRILL,10,2027,A-,3.46 pts,0.57,,126,,Yes
18,1/14/25,5,S1,MAT522 / 15,GEOMETRY A,BRIAN ANDERSON,10,2027,A-,3.50 pts,0.86,,126,,Yes
18,1/14/25,2,S1,ENG601 / 12,SOPH ENG/A,KELLY GREGERSEN,10,2027,C+,2.60 pts,10.14,,433,,Yes
18,1/14/25,4,S1,SCI601 / 14,BIOLOGY A,GRANT MERRILL,10,2027,F,0.34 pts,9.57,,433,,Yes
18,1/14/25,6,S1,ENG501 / 16,FR ENGLISH/A,DAVID HOLLINGSWORTH,9,2028,C,2.30 pts,2,,183,,Yes
18,1/14/25,2,S1,MAT522 / 12,GEOMETRY A,ROCHELLE AITON,10,2027,B-,2.73 pts,7.86,,205,,Yes
18,1/14/25,2,S1,MAT522 / 12,GEOMETRY A,NINETTE LILIENTHAL,10,2027,B-,2.73 pts,7.86,,205,,Yes
18,1/14/25,3,S1,SCI601 / 13,BIOLOGY A,GRANT MERRILL,10,2027,B+,3.22 pts,0,,226,,Yes
18,1/14/25,6,S1,MAT701 / 16,ALGEBRA II A,JASON BLAESING,10,2027,A,3.66 pts,1,,226,,Yes
18,1/14/25,2,S1,MAT701 / 12,ALGEBRA II A,JASON BLAESING,10,2027,A,3.99 pts,2.71,,237,,Yes
18,1/14/25,3,S1,SCI601 / 13,BIOLOGY A,GRANT MERRILL,10,2027,B+,3.36 pts,2.71,,237,,Yes
18,1/14/25,6,S1,ENG501 / 16,FR ENGLISH/A,DAVID HOLLINGSWORTH,9,2028,A-,3.51 pts,3.14,,270,,Yes
18,1/14/25,4,S1,MAT522 / 14,GEOMETRY A,ROCHELLE AITON,10,2027,C+,2.50 pts,1,,443,,Yes
18,1/14/25,4,S1,MAT522 / 14,GEOMETRY A,NINETTE LILIENTHAL,10,2027,C+,2.50 pts,1,,443,,Yes
18,1/14/25,2,S1,MAT522 / 12,GEOMETRY A,ROCHELLE AITON,9,2028,A-,3.47 pts,7.43,,393,,Yes
18,1/14/25,2,S1,MAT522 / 12,GEOMETRY A,NINETTE LILIENTHAL,9,2028,A-,3.47 pts,7.43,,393,,Yes
18,1/14/25,3,S1,SCI601 / 13,BIOLOGY A,GRANT MERRILL,10,2027,C-,2.09 pts,7.86,,401,,Yes
18,1/14/25,5,S1,ENG601 / 15,SOPH ENG/A,MARCEE SALAS,10,2027,C,2.44 pts,7.43,,401,,Yes
18,1/14/25,3,S1,MAT522 / 13,GEOMETRY A,ROCHELLE AITON,9,2028,F,1.48 pts,27.71,,419,,Yes
18,1/14/25,3,S1,MAT522 / 13,GEOMETRY A,NINETTE LILIENTHAL,9,2028,F,1.48 pts,27.71,,419,,Yes
18,1/14/25,3,S1,MAT522 / 13,GEOMETRY A,ROCHELLE AITON,10,2027,F,0.42 pts,15,,251,,Yes
18,1/14/25,3,S1,MAT522 / 13,GEOMETRY A,NINETTE LILIENTHAL,10,2027,F,0.42 pts,15,,251,,Yes
18,1/14/25,4,S1,SCI601 / 14,BIOLOGY A,GRANT MERRILL,10,2027,F,0.67 pts,15.71,,251,,Yes
18,1/14/25,6,S1,SOC701 / 16,US HISTORY/A,SCOTT BOOTHBY,11,2026,C-,2.02 pts,6.29,,356,,Yes
18,1/14/25,3,S1,SCI601 / 13,BIOLOGY A,GRANT MERRILL,10,2027,D,1.76 pts,1.71,,294,,Yes
18,1/14/25,2,S1,MAT522 / 12,GEOMETRY A,ROCHELLE AITON,10,2027,D+,1.95 pts,2,,84,,Yes
18,1/14/25,2,S1,MAT522 / 12,GEOMETRY A,NINETTE LILIENTHAL,10,2027,D+,1.95 pts,2,,84,,Yes
18,1/14/25,1,S1,MAT522 / 11,GEOMETRY A,ROCHELLE AITON,10,2027,F,0.84 pts,10.43,,72,,Yes
18,1/14/25,1,S1,MAT522 / 11,GEOMETRY A,NINETTE LILIENTHAL,10,2027,F,0.84 pts,10.43,,72,,Yes
18,1/14/25,5,S1,ENG601 / 15,SOPH ENG/A,MARCEE SALAS,10,2027,B-,2.71 pts,9.57,,72,,Yes
18,1/14/25,3,S1,SCI601 / 13,BIOLOGY A,GRANT MERRILL,10,2027,B,3.02 pts,5.43,,57,,Yes
18,1/14/25,4,S1,MAT522 / 14,GEOMETRY A,ROCHELLE AITON,10,2027,A,3.92 pts,0,,452,,Yes
18,1/14/25,4,S1,MAT522 / 14,GEOMETRY A,NINETTE LILIENTHAL,10,2027,A,3.92 pts,0,,452,,Yes
18,1/14/25,4,S1,MAT522 / 14,GEOMETRY A,ROCHELLE AITON,10,2027,F,0.41 pts,15.29,,446,,Yes
18,1/14/25,4,S1,MAT522 / 14,GEOMETRY A,NINETTE LILIENTHAL,10,2027,F,0.41 pts,15.29,,446,,Yes
18,1/14/25,2,S1,ENG601 / 12,SOPH ENG/A,KELLY GREGERSEN,10,2027,F,0.73 pts,22.14,,309,,Yes
18,1/14/25,4,S1,SCI601 / 14,BIOLOGY A,GRANT MERRILL,10,2027,F,0.72 pts,21.29,,309,,Yes
18,1/14/25,5,S1,MAT522 / 15,GEOMETRY A,BRIAN ANDERSON,10,2027,F,0.01 pts,17.57,,309,,Yes
18,1/14/25,5,S1,MAT522 / 15,GEOMETRY A,BRIAN ANDERSON,10,2027,A-,3.42 pts,0.43,,199,,Yes
18,1/14/25,2,S1,MAT701 / 12,ALGEBRA II A,JASON BLAESING,11,2026,C-,2.18 pts,4,,113,,Yes
18,1/14/25,3,S1,SCI601 / 13,BIOLOGY A,GRANT MERRILL,10,2027,A-,3.53 pts,1.86,,140,,Yes
18,1/14/25,2,S1,MAT522 / 12,GEOMETRY A,ROCHELLE AITON,10,2027,C+,2.61 pts,1.86,,238,,Yes
18,1/14/25,2,S1,MAT522 / 12,GEOMETRY A,NINETTE LILIENTHAL,10,2027,C+,2.61 pts,1.86,,238,,Yes
18,1/14/25,5,S1,ENG601 / 15,SOPH ENG/A,MARCEE SALAS,10,2027,C,2.49 pts,1.86,,238,,Yes
18,1/14/25,6,S1,SCI601 / 36,BIOLOGY A,WILLIAM BAUR,10,2027,A,3.66 pts,1.86,,238,,Yes
18,1/14/25,1,S1,MAT704 / 11,PRE-CALC A MAT 153,BRIAN ANDERSON,11,2026,B-,2.83 pts,9,,292,,Yes
18,1/14/25,4,S1,SCI601 / 14,BIOLOGY A,GRANT MERRILL,10,2027,D+,1.85 pts,1.86,,453,,Yes
18,1/14/25,2,S1,MAT522 / 12,GEOMETRY A,ROCHELLE AITON,10,2027,B-,2.83 pts,0,,291,,Yes
18,1/14/25,2,S1,MAT522 / 12,GEOMETRY A,NINETTE LILIENTHAL,10,2027,B-,2.83 pts,0,,291,,Yes
18,1/14/25,3,S1,SCI601 / 13,BIOLOGY A,GRANT MERRILL,10,2027,C,2.35 pts,0,,291,,Yes
18,1/14/25,3,S1,SCI601 / 13,BIOLOGY A,GRANT MERRILL,10,2027,F,0.62 pts,27.71,,293,,Yes
18,1/14/25,4,S1,MAT522 / 14,GEOMETRY A,ROCHELLE AITON,10,2027,F,1.60 pts,27.29,,293,,Yes
18,1/14/25,4,S1,MAT522 / 14,GEOMETRY A,NINETTE LILIENTHAL,10,2027,F,1.60 pts,27.29,,293,,Yes
18,1/14/25,5,S1,MAT522 / 15,GEOMETRY A,BRIAN ANDERSON,10,2027,B-,2.88 pts,0,,421,,Yes
18,1/14/25,6,S1,SCI601 / 16,BIOLOGY A,GRANT MERRILL,10,2027,C+,2.63 pts,0,,421,,Yes
18,1/14/25,1,S1,MAT704 / 11,PRE-CALC A MAT 153,BRIAN ANDERSON,10,2027,C+,2.69 pts,5.71,,304,,Yes
18,1/14/25,2,S1,MAT522 / 12,GEOMETRY A,ROCHELLE AITON,10,2027,D,1.71 pts,6.86,,414,,Yes
18,1/14/25,2,S1,MAT522 / 12,GEOMETRY A,NINETTE LILIENTHAL,10,2027,D,1.71 pts,6.86,,414,,Yes
18,1/14/25,5,S1,ENG601 / 15,SOPH ENG/A,MARCEE SALAS,10,2027,C+,2.56 pts,5,,414,,Yes
18,1/14/25,6,S1,SCI601 / 36,BIOLOGY A,WILLIAM BAUR,10,2027,C,2.42 pts,5.14,,414,,Yes
18,1/14/25,1,S1,MAT522 / 11,GEOMETRY A,ROCHELLE AITON,10,2027,A,3.73 pts,0.86,,389,,Yes
18,1/14/25,1,S1,MAT522 / 11,GEOMETRY A,NINETTE LILIENTHAL,10,2027,A,3.73 pts,0.86,,389,,Yes
18,1/14/25,3,S1,SCI601 / 13,BIOLOGY A,GRANT MERRILL,10,2027,B+,3.35 pts,0.57,,389,,Yes
18,1/14/25,1,S1,MAT522 / 11,GEOMETRY A,ROCHELLE AITON,10,2027,B-,2.76 pts,2,,301,,Yes
18,1/14/25,1,S1,MAT522 / 11,GEOMETRY A,NINETTE LILIENTHAL,10,2027,B-,2.76 pts,2,,301,,Yes
18,1/14/25,4,S1,SCI601 / 14,BIOLOGY A,GRANT MERRILL,10,2027,B+,3.34 pts,0.43,,428,,Yes
18,1/14/25,5,S1,MAT522 / 15,GEOMETRY A,BRIAN ANDERSON,10,2027,A,3.67 pts,0.57,,303,,Yes
18,1/14/25,4,S1,MAT522 / 14,GEOMETRY A,ROCHELLE AITON,10,2027,C-,2.16 pts,14,,221,,Yes
18,1/14/25,4,S1,MAT522 / 14,GEOMETRY A,NINETTE LILIENTHAL,10,2027,C-,2.16 pts,14,,221,,Yes
18,1/14/25,5,S1,ENG601 / 15,SOPH ENG/A,MARCEE SALAS,10,2027,C,2.31 pts,14,,221,,Yes
18,1/14/25,4,S1,MAT522 / 14,GEOMETRY A,ROCHELLE AITON,10,2027,C+,2.54 pts,1.43,,460,,Yes
18,1/14/25,4,S1,MAT522 / 14,GEOMETRY A,NINETTE LILIENTHAL,10,2027,C+,2.54 pts,1.43,,460,,Yes
18,1/14/25,1,S1,MAT522 / 11,GEOMETRY A,ROCHELLE AITON,10,2027,F,1.53 pts,8.14,,83,,Yes
18,1/14/25,1,S1,MAT522 / 11,GEOMETRY A,NINETTE LILIENTHAL,10,2027,F,1.53 pts,8.14,,83,,Yes
18,1/14/25,4,S1,SCI601 / 14,BIOLOGY A,GRANT MERRILL,10,2027,C,2.40 pts,1.57,,455,,Yes
18,1/14/25,2,S1,MAT701 / 12,ALGEBRA II A,JASON BLAESING,10,2027,B+,3.24 pts,0,,109,,Yes
18,1/14/25,3,S1,MAT522 / 13,GEOMETRY A,ROCHELLE AITON,10,2027,B-,2.77 pts,0,,99,,Yes
18,1/14/25,3,S1,MAT522 / 13,GEOMETRY A,NINETTE LILIENTHAL,10,2027,B-,2.77 pts,0,,99,,Yes
18,1/14/25,2,S1,MAT522 / 12,GEOMETRY A,ROCHELLE AITON,10,2027,D,1.70 pts,12.14,,256,,Yes
18,1/14/25,2,S1,MAT522 / 12,GEOMETRY A,NINETTE LILIENTHAL,10,2027,D,1.70 pts,12.14,,256,,Yes
18,1/14/25,6,S1,SCI601 / 16,BIOLOGY A,GRANT MERRILL,10,2027,F,1.09 pts,15.86,,256,,Yes
18,1/14/25,4,S1,MAT522 / 14,GEOMETRY A,ROCHELLE AITON,10,2027,B-,2.87 pts,2.14,,310,,Yes
18,1/14/25,4,S1,MAT522 / 14,GEOMETRY A,NINETTE LILIENTHAL,10,2027,B-,2.87 pts,2.14,,310,,Yes
18,1/14/25,6,S1,SCI601 / 16,BIOLOGY A,GRANT MERRILL,10,2027,B,3.13 pts,2.43,,310,,Yes
18,1/14/25,6,S1,MAT701 / 16,ALGEBRA II A,JASON BLAESING,10,2027,B+,3.26 pts,3.71,,89,,Yes
18,1/14/25,2,S1,MAT522 / 12,GEOMETRY A,ROCHELLE AITON,10,2027,C-,2.11 pts,6.71,,175,,Yes
18,1/14/25,2,S1,MAT522 / 12,GEOMETRY A,NINETTE LILIENTHAL,10,2027,C-,2.11 pts,6.71,,175,,Yes
18,1/14/25,6,S1,SCI601 / 16,BIOLOGY A,GRANT MERRILL,10,2027,C-,2.15 pts,7,,175,,Yes
18,1/14/25,3,S1,SCI601 / 13,BIOLOGY A,GRANT MERRILL,10,2027,B-,2.76 pts,9,,372,,Yes
18,1/14/25,5,S1,MAT522 / 15,GEOMETRY A,BRIAN ANDERSON,10,2027,D,1.79 pts,10.43,,372,,Yes
18,1/14/25,5,S1,MAT522 / 15,GEOMETRY A,BRIAN ANDERSON,10,2027,D,1.65 pts,13.86,,390,,Yes
18,1/14/25,2,S1,ENG601 / 12,SOPH ENG/A,KELLY GREGERSEN,10,2027,C-,2.15 pts,14.71,,48,,Yes
18,1/14/25,3,S1,SCI601 / 13,BIOLOGY A,GRANT MERRILL,10,2027,F,1.05 pts,14.71,,48,,Yes
18,1/14/25,5,S1,MAT522 / 15,GEOMETRY A,BRIAN ANDERSON,10,2027,C,2.29 pts,14.71,,48,,Yes
18,1/14/25,3,S1,MAT522 / 13,GEOMETRY A,ROCHELLE AITON,10,2027,C,2.38 pts,3.71,,382,,Yes
18,1/14/25,3,S1,MAT522 / 13,GEOMETRY A,NINETTE LILIENTHAL,10,2027,C,2.38 pts,3.71,,382,,Yes
18,1/14/25,2,S1,SCI609 / 12,CHEMISTRY/A,GRANT MERRILL,11,2026,C,2.43 pts,2.83,,60,,Yes
18,1/14/25,3,S1,MAT701 / 13,ALGEBRA II A,JENNIFER REILLY,11,2026,A,3.68 pts,2.83,,60,,Yes
18,1/14/25,5,S1,MAT522 / 15,GEOMETRY A,BRIAN ANDERSON,10,2027,F,1.57 pts,8.86,,59,,Yes
18,1/14/25,4,S1,SCI601 / 14,BIOLOGY A,GRANT MERRILL,10,2027,C+,2.60 pts,4,,169,,Yes
18,1/14/25,5,S1,MAT522 / 15,GEOMETRY A,BRIAN ANDERSON,10,2027,C-,2.10 pts,4,,169,,Yes
18,1/14/25,4,S1,MAT522 / 14,GEOMETRY A,ROCHELLE AITON,10,2027,C+,2.69 pts,0.57,,454,,Yes
18,1/14/25,4,S1,MAT522 / 14,GEOMETRY A,NINETTE LILIENTHAL,10,2027,C+,2.69 pts,0.57,,454,,Yes
18,1/14/25,3,S1,SCI601 / 13,BIOLOGY A,GRANT MERRILL,10,2027,F,0.29 pts,9.71,,402,,Yes
18,1/14/25,5,S1,MAT522 / 15,GEOMETRY A,BRIAN ANDERSON,10,2027,F,0.89 pts,9.57,,402,,Yes
18,1/14/25,6,S1,SCI601 / 16,BIOLOGY A,GRANT MERRILL,10,2027,C+,2.50 pts,1.71,,144,,Yes
18,1/14/25,3,S1,MAT522 / 13,GEOMETRY A,ROCHELLE AITON,11,2026,F,1.48 pts,14.29,,214,,Yes
18,1/14/25,3,S1,MAT522 / 13,GEOMETRY A,NINETTE LILIENTHAL,11,2026,F,1.48 pts,14.29,,214,,Yes
18,1/14/25,5,S1,ENG701 / 15,JUNIOR ENG/A,JOHN CARVER,11,2026,F,1.61 pts,12.86,,214,,Yes
18,1/14/25,3,S1,MAT522 / 13,GEOMETRY A,ROCHELLE AITON,10,2027,F,0.14 pts,36.57,,360,,Yes
18,1/14/25,3,S1,MAT522 / 13,GEOMETRY A,NINETTE LILIENTHAL,10,2027,F,0.14 pts,36.57,,360,,Yes
18,1/14/25,6,S1,SCI601 / 16,BIOLOGY A,GRANT MERRILL,10,2027,F,0.35 pts,39.71,,360,,Yes
18,1/14/25,5,S1,ENG601 / 15,SOPH ENG/A,MARCEE SALAS,10,2027,C-,2.07 pts,4.86,,139,,Yes
18,1/14/25,3,S1,MAT701 / 13,ALGEBRA II A,JENNIFER REILLY,10,2027,B-,2.81 pts,0,,405,,Yes
18,1/14/25,5,S1,ENG601 / 15,SOPH ENG/A,MARCEE SALAS,10,2027,C,2.30 pts,0,,405,,Yes
18,1/14/25,6,S1,SCI601 / 16,BIOLOGY A,GRANT MERRILL,10,2027,C-,2.09 pts,0.14,,405,,Yes
18,1/14/25,3,S1,SCI601 / 13,BIOLOGY A,GRANT MERRILL,10,2027,D,1.69 pts,7.86,,333,,Yes
18,1/14/25,5,S1,MAT522 / 15,GEOMETRY A,BRIAN ANDERSON,10,2027,C,2.36 pts,14.57,,340,,Yes
18,1/14/25,6,S1,SCI601 / 36,BIOLOGY A,WILLIAM BAUR,10,2027,D,1.67 pts,14.71,,340,,Yes
18,1/14/25,1,S1,MAT522 / 11,GEOMETRY A,ROCHELLE AITON,10,2027,F,1.64 pts,0.86,,132,,Yes
18,1/14/25,1,S1,MAT522 / 11,GEOMETRY A,NINETTE LILIENTHAL,10,2027,F,1.64 pts,0.86,,132,,Yes
18,1/14/25,2,S1,ENG601 / 12,SOPH ENG/A,KELLY GREGERSEN,10,2027,C,2.43 pts,0.86,,132,,Yes
18,1/14/25,3,S1,SCI601 / 13,BIOLOGY A,GRANT MERRILL,10,2027,F,1.54 pts,0.86,,132,,Yes
18,1/14/25,2,S1,ENG601 / 12,SOPH ENG/A,KELLY GREGERSEN,10,2027,B-,2.82 pts,1.57,,404,,Yes
18,1/14/25,3,S1,MAT522 / 13,GEOMETRY A,ROCHELLE AITON,10,2027,C+,2.50 pts,2.14,,404,,Yes
18,1/14/25,3,S1,MAT522 / 13,GEOMETRY A,NINETTE LILIENTHAL,10,2027,C+,2.50 pts,2.14,,404,,Yes
18,1/14/25,4,S1,SCI601 / 14,BIOLOGY A,GRANT MERRILL,10,2027,C+,2.54 pts,2,,404,,Yes
18,1/14/25,1,S1,MAT522 / 11,GEOMETRY A,ROCHELLE AITON,10,2027,F,0.50 pts,18.71,,273,,Yes
18,1/14/25,1,S1,MAT522 / 11,GEOMETRY A,NINETTE LILIENTHAL,10,2027,F,0.50 pts,18.71,,273,,Yes
18,1/14/25,5,S1,ENG601 / 15,SOPH ENG/A,MARCEE SALAS,10,2027,F,1.43 pts,13.14,,273,,Yes
18,1/14/25,6,S1,SCI601 / 36,BIOLOGY A,WILLIAM BAUR,10,2027,D,1.65 pts,11.71,,273,,Yes
18,1/14/25,2,S1,MAT701 / 12,ALGEBRA II A,JASON BLAESING,11,2026,B,3.11 pts,7.86,,167,,Yes
18,1/14/25,6,S1,SOC701 / 16,US HISTORY/A,SCOTT BOOTHBY,11,2026,F,1.46 pts,5.29,,167,,Yes
18,1/14/25,3,S1,MAT522 / 13,GEOMETRY A,ROCHELLE AITON,10,2027,C+,2.53 pts,2.86,,236,,Yes
18,1/14/25,3,S1,MAT522 / 13,GEOMETRY A,NINETTE LILIENTHAL,10,2027,C+,2.53 pts,2.86,,236,,Yes
18,1/14/25,4,S1,SCI601 / 14,BIOLOGY A,GRANT MERRILL,10,2027,C-,2.06 pts,3.57,,236,,Yes
18,1/14/25,5,S1,ENG601 / 15,SOPH ENG/A,MARCEE SALAS,10,2027,C-,2.14 pts,3.29,,236,,Yes
18,1/14/25,2,S1,ENG601 / 12,SOPH ENG/A,KELLY GREGERSEN,10,2027,C,2.36 pts,8.14,,235,,Yes
18,1/14/25,4,S1,SCI601 / 14,BIOLOGY A,GRANT MERRILL,10,2027,F,1.64 pts,13.14,,445,,Yes
18,1/14/25,1,S1,MAT704 / 11,PRE-CALC A MAT 153,BRIAN ANDERSON,12,2025,C,2.25 pts,8,,325,,Yes
18,1/14/25,2,S1,BUS301 / 12,PERSONAL FINANCE A,NICOLE SIMEK,12,2025,A,3.99 pts,7.14,,325,,Yes
18,1/14/25,3,S1,MAT701 / 13,ALGEBRA II A,JENNIFER REILLY,10,2027,C+,2.60 pts,9.29,,130,,Yes
18,1/14/25,5,S1,ENG601 / 15,SOPH ENG/A,MARCEE SALAS,10,2027,C+,2.67 pts,9.29,,130,,Yes
18,1/14/25,2,S1,MAT522 / 12,GEOMETRY A,ROCHELLE AITON,10,2027,B,3.05 pts,2.14,,173,,Yes
18,1/14/25,2,S1,MAT522 / 12,GEOMETRY A,NINETTE LILIENTHAL,10,2027,B,3.05 pts,2.14,,173,,Yes
18,1/14/25,6,S1,SCI601 / 36,BIOLOGY A,WILLIAM BAUR,10,2027,B+,3.35 pts,2.43,,173,,Yes
18,1/14/25,2,S1,ENG601 / 12,SOPH ENG/A,KELLY GREGERSEN,10,2027,F,0.49 pts,13.14,,249,,Yes
18,1/14/25,5,S1,MAT522 / 15,GEOMETRY A,BRIAN ANDERSON,10,2027,F,0.88 pts,9.57,,249,,Yes
18,1/14/25,6,S1,SCI601 / 16,BIOLOGY A,GRANT MERRILL,10,2027,F,0.76 pts,10.57,,249,,Yes
18,1/14/25,1,S1,MAT704 / 11,PRE-CALC A MAT 153,BRIAN ANDERSON,11,2026,C-,2.01 pts,0,,71,,Yes
18,1/14/25,6,S1,SOC701 / 16,US HISTORY/A,SCOTT BOOTHBY,11,2026,B,2.96 pts,0,,71,,Yes
18,1/14/25,2,S1,MAT522 / 12,GEOMETRY A,ROCHELLE AITON,10,2027,C-,2.07 pts,6.57,,88,,Yes
18,1/14/25,2,S1,MAT522 / 12,GEOMETRY A,NINETTE LILIENTHAL,10,2027,C-,2.07 pts,6.57,,88,,Yes
18,1/14/25,5,S1,ENG601 / 15,SOPH ENG/A,MARCEE SALAS,10,2027,C+,2.50 pts,6.43,,88,,Yes
18,1/14/25,6,S1,SCI601 / 16,BIOLOGY A,GRANT MERRILL,10,2027,F,1.33 pts,6.57,,88,,Yes
18,1/14/25,3,S1,BUS301 / 13,PERSONAL FINANCE A,NICOLE SIMEK,12,2025,B+,3.34 pts,3.71,,367,,Yes
18,1/14/25,6,S1,SCI601 / 36,BIOLOGY A,WILLIAM BAUR,10,2027,B-,2.85 pts,2.29,,417,,Yes
18,1/14/25,2,S1,SCI609 / 12,CHEMISTRY/A,GRANT MERRILL,11,2026,D+,1.92 pts,14.29,,55,,Yes
18,1/14/25,6,S1,MAT701 / 16,ALGEBRA II A,JASON BLAESING,11,2026,D,1.68 pts,14.57,,55,,Yes
18,1/14/25,2,S1,SCI609 / 12,CHEMISTRY/A,GRANT MERRILL,11,2026,B,2.90 pts,0,,388,,Yes
18,1/14/25,2,S1,SCI609 / 12,CHEMISTRY/A,GRANT MERRILL,11,2026,B,3.09 pts,5.43,,387,,Yes
18,1/14/25,3,S1,MAT701 / 13,ALGEBRA II A,JENNIFER REILLY,11,2026,B,3.17 pts,5.86,,387,,Yes
18,1/14/25,3,S1,MAT522 / 13,GEOMETRY A,ROCHELLE AITON,9,2028,A,3.61 pts,4,,281,,Yes
18,1/14/25,3,S1,MAT522 / 13,GEOMETRY A,NINETTE LILIENTHAL,9,2028,A,3.61 pts,4,,281,,Yes
18,1/14/25,6,S1,ENG501 / 16,FR ENGLISH/A,DAVID HOLLINGSWORTH,9,2028,A,4.00 pts,5.43,,295,,Yes
18,1/14/25,3,S1,MAT522 / 13,GEOMETRY A,ROCHELLE AITON,9,2028,A-,3.53 pts,8,,306,,Yes
18,1/14/25,3,S1,MAT522 / 13,GEOMETRY A,NINETTE LILIENTHAL,9,2028,A-,3.53 pts,8,,306,,Yes
18,1/14/25,6,S1,ENG501 / 16,FR ENGLISH/A,DAVID HOLLINGSWORTH,9,2028,C,2.49 pts,8.29,,306,,Yes
18,1/14/25,3,S1,MAT522 / 13,GEOMETRY A,ROCHELLE AITON,9,2028,A,3.79 pts,2.86,,348,,Yes
18,1/14/25,3,S1,MAT522 / 13,GEOMETRY A,NINETTE LILIENTHAL,9,2028,A,3.79 pts,2.86,,348,,Yes
18,1/14/25,4,S1,MAT522 / 14,GEOMETRY A,ROCHELLE AITON,9,2028,C-,2.18 pts,2.71,,450,,Yes
18,1/14/25,4,S1,MAT522 / 14,GEOMETRY A,NINETTE LILIENTHAL,9,2028,C-,2.18 pts,2.71,,450,,Yes
18,1/14/25,3,S1,MAT522 / 13,GEOMETRY A,ROCHELLE AITON,9,2028,B+,3.30 pts,17.86,,302,,Yes
18,1/14/25,3,S1,MAT522 / 13,GEOMETRY A,NINETTE LILIENTHAL,9,2028,B+,3.30 pts,17.86,,302,,Yes
18,1/14/25,6,S1,ENG501 / 16,FR ENGLISH/A,DAVID HOLLINGSWORTH,9,2028,C,2.35 pts,18.86,,302,,Yes
18,1/14/25,2,S1,MAT522 / 12,GEOMETRY A,ROCHELLE AITON,9,2028,A,3.61 pts,0.43,,228,,Yes
18,1/14/25,2,S1,MAT522 / 12,GEOMETRY A,NINETTE LILIENTHAL,9,2028,A,3.61 pts,0.43,,228,,Yes
18,1/14/25,5,S1,MAT522 / 15,GEOMETRY A,BRIAN ANDERSON,9,2028,A-,3.42 pts,7.57,,369,,Yes
18,1/14/25,5,S1,MAT522 / 15,GEOMETRY A,BRIAN ANDERSON,10,2027,B+,3.20 pts,7.14,,203,,Yes
18,1/14/25,5,S1,MAT522 / 15,GEOMETRY A,BRIAN ANDERSON,10,2027,A-,3.48 pts,5,,80,,Yes
18,1/14/25,5,S1,MAT522 / 15,GEOMETRY A,BRIAN ANDERSON,10,2027,B,2.90 pts,13.29,,252,,Yes
18,1/14/25,6,S1,SCI601 / 16,BIOLOGY A,GRANT MERRILL,10,2027,C-,2.09 pts,13.29,,252,,Yes
18,1/14/25,6,S1,SOC701 / 16,US HISTORY/A,SCOTT BOOTHBY,11,2026,F,1.44 pts,30.43,,187,,Yes
18,1/14/25,6,S1,ENG501 / 16,FR ENGLISH/A,DAVID HOLLINGSWORTH,9,2028,A,3.93 pts,0,,111,,Yes
18,1/14/25,1,S1,MAT522 / 11,GEOMETRY A,ROCHELLE AITON,9,2028,A,3.70 pts,1.43,,219,,Yes
18,1/14/25,1,S1,MAT522 / 11,GEOMETRY A,NINETTE LILIENTHAL,9,2028,A,3.70 pts,1.43,,219,,Yes
18,1/14/25,6,S1,ENG501 / 16,FR ENGLISH/A,DAVID HOLLINGSWORTH,9,2028,C+,2.63 pts,5.38,,464,,Yes
18,1/14/25,6,S1,SOC701 / 16,US HISTORY/A,SCOTT BOOTHBY,11,2026,B+,3.22 pts,8,,250,,Yes
18,1/14/25,6,S1,ENG501 / 16,FR ENGLISH/A,DAVID HOLLINGSWORTH,9,2028,C,2.29 pts,28.86,,243,,Yes
18,1/14/25,2,S1,SCI609 / 12,CHEMISTRY/A,GRANT MERRILL,11,2026,F,1.26 pts,11.71,,368,,Yes
18,1/14/25,6,S1,SOC701 / 16,US HISTORY/A,SCOTT BOOTHBY,11,2026,C,2.37 pts,7,,368,,Yes
18,1/14/25,4,S1,MAT522 / 14,GEOMETRY A,ROCHELLE AITON,10,2027,C,2.47 pts,6.57,,171,,Yes
18,1/14/25,4,S1,MAT522 / 14,GEOMETRY A,NINETTE LILIENTHAL,10,2027,C,2.47 pts,6.57,,171,,Yes
18,1/14/25,6,S1,SCI601 / 36,BIOLOGY A,WILLIAM BAUR,10,2027,C-,2.00 pts,7.86,,171,,Yes
18,1/14/25,6,S1,ENG501 / 16,FR ENGLISH/A,DAVID HOLLINGSWORTH,9,2028,A,3.63 pts,6.14,,285,,Yes
18,1/14/25,3,S1,MAT522 / 13,GEOMETRY A,ROCHELLE AITON,9,2028,B,3.02 pts,4,,261,,Yes
18,1/14/25,3,S1,MAT522 / 13,GEOMETRY A,NINETTE LILIENTHAL,9,2028,B,3.02 pts,4,,261,,Yes
18,1/14/25,4,S1,MAT522 / 14,GEOMETRY A,ROCHELLE AITON,10,2027,B+,3.31 pts,0.29,,440,,Yes
18,1/14/25,4,S1,MAT522 / 14,GEOMETRY A,NINETTE LILIENTHAL,10,2027,B+,3.31 pts,0.29,,440,,Yes
18,1/14/25,2,S1,MAT522 / 12,GEOMETRY A,ROCHELLE AITON,10,2027,D,1.70 pts,11.86,,159,,Yes
18,1/14/25,2,S1,MAT522 / 12,GEOMETRY A,NINETTE LILIENTHAL,10,2027,D,1.70 pts,11.86,,159,,Yes
18,1/14/25,3,S1,SCI601 / 13,BIOLOGY A,GRANT MERRILL,10,2027,F,1.48 pts,12.14,,159,,Yes
18,1/14/25,5,S1,ENG601 / 15,SOPH ENG/A,MARCEE SALAS,10,2027,B-,2.81 pts,12,,159,,Yes
18,1/14/25,5,S1,ENG701 / 15,JUNIOR ENG/A,JOHN CARVER,11,2026,C,2.24 pts,10.14,,91,,Yes
18,1/14/25,2,S1,MAT701 / 12,ALGEBRA II A,JASON BLAESING,11,2026,B-,2.86 pts,6.71,,319,,Yes
18,1/14/25,4,S1,SCI601 / 14,BIOLOGY A,GRANT MERRILL,10,2027,B,3.02 pts,7,,431,,Yes
18,1/14/25,2,S1,ENG601 / 12,SOPH ENG/A,KELLY GREGERSEN,10,2027,F,1.28 pts,19.57,,317,,Yes
18,1/14/25,3,S1,MAT522 / 13,GEOMETRY A,ROCHELLE AITON,10,2027,C-,2.16 pts,18.57,,317,,Yes
18,1/14/25,3,S1,MAT522 / 13,GEOMETRY A,NINETTE LILIENTHAL,10,2027,C-,2.16 pts,18.57,,317,,Yes
18,1/14/25,5,S1,MAT522 / 15,GEOMETRY A,BRIAN ANDERSON,10,2027,A,3.80 pts,0,,359,,Yes
18,1/14/25,6,S1,SOC701 / 16,US HISTORY/A,SCOTT BOOTHBY,11,2026,B-,2.81 pts,8.71,,277,,Yes
18,1/14/25,1,S1,MAT704 / 11,PRE-CALC A MAT 153,BRIAN ANDERSON,12,2025,F,1.11 pts,10.5,,395,,Yes
18,1/14/25,4,S1,SOC701 / 14,US HISTORY/A,DAVE HAJEK,11,2026,A-,3.42 pts,2.14,,459,,Yes
18,1/14/25,5,S1,MAT522 / 15,GEOMETRY A,BRIAN ANDERSON,10,2027,C,2.47 pts,10.71,,190,,Yes
18,1/14/25,6,S1,SCI601 / 16,BIOLOGY A,GRANT MERRILL,10,2027,C-,2.01 pts,10.14,,190,,Yes
18,1/14/25,2,S1,MAT701 / 12,ALGEBRA II A,JASON BLAESING,11,2026,B,3.05 pts,20.86,,312,,Yes
18,1/14/25,6,S1,SOC701 / 16,US HISTORY/A,SCOTT BOOTHBY,11,2026,C,2.25 pts,19.57,,312,,Yes
18,1/14/25,1,S1,MAT522 / 11,GEOMETRY A,ROCHELLE AITON,10,2027,D,1.70 pts,16,,53,,Yes
18,1/14/25,1,S1,MAT522 / 11,GEOMETRY A,NINETTE LILIENTHAL,10,2027,D,1.70 pts,16,,53,,Yes
18,1/14/25,4,S1,SCI601 / 14,BIOLOGY A,GRANT MERRILL,10,2027,F,1.60 pts,15.29,,53,,Yes
18,1/14/25,5,S1,MAT522 / 15,GEOMETRY A,BRIAN ANDERSON,10,2027,B,3.05 pts,18.57,,334,,Yes
18,1/14/25,2,S1,BUS301 / 12,PERSONAL FINANCE A,NICOLE SIMEK,12,2025,C,2.24 pts,8.86,,240,,Yes
18,1/14/25,6,S1,MAT701 / 16,ALGEBRA II A,JASON BLAESING,11,2026,A,3.79 pts,1,,257,,Yes
18,1/14/25,6,S1,MAT701 / 16,ALGEBRA II A,JASON BLAESING,11,2026,F,1.37 pts,12.67,,258,,Yes
18,1/14/25,2,S1,MAT701 / 12,ALGEBRA II A,JASON BLAESING,10,2027,A,3.77 pts,14.29,,66,,Yes
18,1/14/25,6,S1,MAT701 / 16,ALGEBRA II A,JASON BLAESING,11,2026,C+,2.60 pts,10,,141,,Yes
18,1/14/25,4,S1,MAT522 / 14,GEOMETRY A,ROCHELLE AITON,10,2027,D+,1.85 pts,0.29,,170,,Yes
18,1/14/25,4,S1,MAT522 / 14,GEOMETRY A,NINETTE LILIENTHAL,10,2027,D+,1.85 pts,0.29,,170,,Yes
18,1/14/25,6,S1,SCI601 / 36,BIOLOGY A,WILLIAM BAUR,10,2027,D,1.73 pts,0.29,,170,,Yes
18,1/14/25,6,S1,MAT701 / 16,ALGEBRA II A,JASON BLAESING,11,2026,C-,2.09 pts,1,,225,,Yes
18,1/14/25,4,S1,SCI601 / 14,BIOLOGY A,GRANT MERRILL,10,2027,C,2.40 pts,7,,442,,Yes
18,1/14/25,6,S1,SCI601 / 16,BIOLOGY A,GRANT MERRILL,10,2027,B+,3.25 pts,10.14,,287,,Yes
18,1/14/25,3,S1,SCI601 / 13,BIOLOGY A,GRANT MERRILL,10,2027,B,3.04 pts,1.86,,137,,Yes
18,1/14/25,4,S1,MAT522 / 14,GEOMETRY A,ROCHELLE AITON,10,2027,B-,2.83 pts,1,,137,,Yes
18,1/14/25,4,S1,MAT522 / 14,GEOMETRY A,NINETTE LILIENTHAL,10,2027,B-,2.83 pts,1,,137,,Yes
18,1/14/25,3,S1,SCI601 / 13,BIOLOGY A,GRANT MERRILL,10,2027,C-,2.13 pts,8,,364,,Yes
18,1/14/25,1,S1,MAT522 / 11,GEOMETRY A,ROCHELLE AITON,9,2028,A,3.64 pts,5,,279,,Yes
18,1/14/25,1,S1,MAT522 / 11,GEOMETRY A,NINETTE LILIENTHAL,9,2028,A,3.64 pts,5,,279,,Yes
18,1/14/25,1,S1,MAT522 / 11,GEOMETRY A,ROCHELLE AITON,10,2027,C,2.46 pts,9.71,,193,,Yes
18,1/14/25,1,S1,MAT522 / 11,GEOMETRY A,NINETTE LILIENTHAL,10,2027,C,2.46 pts,9.71,,193,,Yes
18,1/14/25,5,S1,ENG601 / 15,SOPH ENG/A,MARCEE SALAS,10,2027,C-,2.06 pts,9.14,,193,,Yes
18,1/14/25,2,S1,SCI609 / 12,CHEMISTRY/A,GRANT MERRILL,11,2026,F,0.98 pts,16.43,,65,,Yes
18,1/14/25,3,S1,BUS301 / 13,PERSONAL FINANCE A,NICOLE SIMEK,11,2026,B,3.01 pts,15.14,,65,,Yes
18,1/14/25,4,S1,SOC701 / 14,US HISTORY/A,DAVE HAJEK,11,2026,C-,2.18 pts,16.29,,65,,Yes
18,1/14/25,3,S1,BUS301 / 13,PERSONAL FINANCE A,NICOLE SIMEK,12,2025,A,4.00 pts,1.29,,283,,Yes
18,1/14/25,3,S1,MAT522 / 13,GEOMETRY A,ROCHELLE AITON,9,2028,A,3.68 pts,1.43,,284,,Yes
18,1/14/25,3,S1,MAT522 / 13,GEOMETRY A,NINETTE LILIENTHAL,9,2028,A,3.68 pts,1.43,,284,,Yes
18,1/14/25,3,S1,MAT522 / 13,GEOMETRY A,ROCHELLE AITON,10,2027,B-,2.88 pts,6,,269,,Yes
18,1/14/25,3,S1,MAT522 / 13,GEOMETRY A,NINETTE LILIENTHAL,10,2027,B-,2.88 pts,6,,269,,Yes
18,1/14/25,2,S1,ENG601 / 12,SOPH ENG/A,KELLY GREGERSEN,10,2027,B+,3.35 pts,5.71,,290,,Yes
18,1/14/25,2,S1,MAT701 / 12,ALGEBRA II A,JASON BLAESING,11,2026,A-,3.47 pts,8.29,,370,,Yes
18,1/14/25,6,S1,ENG501 / 16,FR ENGLISH/A,DAVID HOLLINGSWORTH,9,2028,C+,2.54 pts,19.29,,98,,Yes
18,1/14/25,2,S1,MAT522 / 12,GEOMETRY A,ROCHELLE AITON,9,2028,B+,3.32 pts,1.71,,311,,Yes
18,1/14/25,2,S1,MAT522 / 12,GEOMETRY A,NINETTE LILIENTHAL,9,2028,B+,3.32 pts,1.71,,311,,Yes
18,1/14/25,6,S1,MAT701 / 16,ALGEBRA II A,JASON BLAESING,11,2026,A-,3.46 pts,9.67,,127,,Yes
18,1/14/25,1,S1,MAT704 / 11,PRE-CALC A MAT 153,BRIAN ANDERSON,12,2025,D+,1.99 pts,4.86,,352,,Yes
18,1/14/25,3,S1,MAT701 / 13,ALGEBRA II A,JENNIFER REILLY,10,2027,A,3.97 pts,8,,186,,Yes
18,1/14/25,6,S1,SCI601 / 36,BIOLOGY A,WILLIAM BAUR,10,2027,B+,3.25 pts,7.57,,186,,Yes
18,1/14/25,4,S1,MAT522 / 14,GEOMETRY A,ROCHELLE AITON,10,2027,D+,1.86 pts,12.43,,437,,Yes
18,1/14/25,4,S1,MAT522 / 14,GEOMETRY A,NINETTE LILIENTHAL,10,2027,D+,1.86 pts,12.43,,437,,Yes
18,1/14/25,6,S1,SCI601 / 36,BIOLOGY A,WILLIAM BAUR,12,2025,A-,3.46 pts,21.67,,178,,Yes
18,1/14/25,2,S1,BUS301 / 12,PERSONAL FINANCE A,NICOLE SIMEK,12,2025,B,3.17 pts,18,,135,,Yes
18,1/14/25,1,S1,MAT522 / 11,GEOMETRY A,ROCHELLE AITON,10,2027,D,1.79 pts,9.57,,246,,Yes
18,1/14/25,1,S1,MAT522 / 11,GEOMETRY A,NINETTE LILIENTHAL,10,2027,D,1.79 pts,9.57,,246,,Yes
18,1/14/25,2,S1,MAT701 / 12,ALGEBRA II A,JASON BLAESING,11,2026,B,2.90 pts,5.14,,241,,Yes
18,1/14/25,2,S1,BUS301 / 12,PERSONAL FINANCE A,NICOLE SIMEK,12,2025,B,3.14 pts,15.43,,97,,Yes
18,1/14/25,2,S1,BUS301 / 12,PERSONAL FINANCE A,NICOLE SIMEK,12,2025,B,3.03 pts,16.43,,96,,Yes
18,1/14/25,3,S1,SCI601 / 13,BIOLOGY A,GRANT MERRILL,10,2027,C-,2.19 pts,3,,136,,Yes
18,1/14/25,4,S1,MAT522 / 14,GEOMETRY A,ROCHELLE AITON,10,2027,F,0.00 pts,32.86,,447,,Yes
18,1/14/25,4,S1,MAT522 / 14,GEOMETRY A,NINETTE LILIENTHAL,10,2027,F,0.00 pts,32.86,,447,,Yes
18,1/14/25,1,S1,MAT522 / 11,GEOMETRY A,ROCHELLE AITON,10,2027,D+,1.87 pts,2,,411,,Yes
18,1/14/25,1,S1,MAT522 / 11,GEOMETRY A,NINETTE LILIENTHAL,10,2027,D+,1.87 pts,2,,411,,Yes
18,1/14/25,3,S1,MAT701 / 13,ALGEBRA II A,JENNIFER REILLY,10,2027,A,3.74 pts,5.86,,153,,Yes
18,1/14/25,2,S1,MAT701 / 12,ALGEBRA II A,JASON BLAESING,11,2026,D,1.69 pts,32.29,,274,,Yes
18,1/14/25,1,S1,MAT522 / 11,GEOMETRY A,ROCHELLE AITON,10,2027,B+,3.37 pts,0,,184,,Yes
18,1/14/25,1,S1,MAT522 / 11,GEOMETRY A,NINETTE LILIENTHAL,10,2027,B+,3.37 pts,0,,184,,Yes
18,1/14/25,4,S1,SCI601 / 14,BIOLOGY A,GRANT MERRILL,10,2027,B+,3.33 pts,0.14,,184,,Yes
18,1/14/25,6,S1,ENG501 / 16,FR ENGLISH/A,DAVID HOLLINGSWORTH,9,2028,D,1.79 pts,2,,308,,Yes
18,1/14/25,2,S1,MAT522 / 12,GEOMETRY A,ROCHELLE AITON,9,2028,B+,3.31 pts,1.71,,166,,Yes
18,1/14/25,2,S1,MAT522 / 12,GEOMETRY A,NINETTE LILIENTHAL,9,2028,B+,3.31 pts,1.71,,166,,Yes
18,1/14/25,6,S1,ENG501 / 16,FR ENGLISH/A,DAVID HOLLINGSWORTH,9,2028,B,3.03 pts,1.71,,166,,Yes
18,1/14/25,6,S1,ENG501 / 16,FR ENGLISH/A,DAVID HOLLINGSWORTH,9,2028,C,2.39 pts,6.14,,268,,Yes
18,1/14/25,5,S1,MAT522 / 15,GEOMETRY A,BRIAN ANDERSON,9,2028,B,2.98 pts,1.86,,351,,Yes
18,1/14/25,2,S1,MAT701 / 12,ALGEBRA II A,JASON BLAESING,11,2026,,2.94 pts,1,,468,,Yes
18,1/14/25,2,S1,ENG601 / 12,SOPH ENG/A,KELLY GREGERSEN,10,2027,B,3.03 pts,6.57,,143,,Yes
18,1/14/25,4,S1,MAT522 / 14,GEOMETRY A,ROCHELLE AITON,10,2027,F,1.24 pts,8.14,,143,,Yes
18,1/14/25,4,S1,MAT522 / 14,GEOMETRY A,NINETTE LILIENTHAL,10,2027,F,1.24 pts,8.14,,143,,Yes
18,1/14/25,2,S1,BUS301 / 12,PERSONAL FINANCE A,NICOLE SIMEK,12,2025,F,0.52 pts,14.29,,377,,Yes
18,1/14/25,4,S1,MAT522 / 14,GEOMETRY A,ROCHELLE AITON,10,2027,F,0.64 pts,3.57,,110,,Yes
18,1/14/25,4,S1,MAT522 / 14,GEOMETRY A,NINETTE LILIENTHAL,10,2027,F,0.64 pts,3.57,,110,,Yes
18,1/14/25,5,S1,ENG601 / 15,SOPH ENG/A,MARCEE SALAS,10,2027,F,0.88 pts,3.86,,110,,Yes
18,1/14/25,6,S1,SCI601 / 16,BIOLOGY A,GRANT MERRILL,10,2027,F,0.14 pts,5.71,,110,,Yes
18,1/14/25,6,S1,ENG501 / 16,FR ENGLISH/A,DAVID HOLLINGSWORTH,9,2028,D,1.72 pts,3.43,,196,,Yes
18,1/14/25,4,S1,MAT522 / 14,GEOMETRY A,ROCHELLE AITON,9,2028,B,3.03 pts,2.43,,434,,Yes
18,1/14/25,4,S1,MAT522 / 14,GEOMETRY A,NINETTE LILIENTHAL,9,2028,B,3.03 pts,2.43,,434,,Yes
18,1/14/25,1,S1,MAT522 / 11,GEOMETRY A,ROCHELLE AITON,10,2027,B-,2.83 pts,18.14,,383,,Yes
18,1/14/25,1,S1,MAT522 / 11,GEOMETRY A,NINETTE LILIENTHAL,10,2027,B-,2.83 pts,18.14,,383,,Yes
18,1/14/25,3,S1,SCI601 / 13,BIOLOGY A,GRANT MERRILL,10,2027,B-,2.81 pts,19.29,,383,,Yes
18,1/14/25,5,S1,ENG601 / 15,SOPH ENG/A,MARCEE SALAS,10,2027,C,2.35 pts,19.86,,383,,Yes
18,1/14/25,2,S1,BUS301 / 12,PERSONAL FINANCE A,NICOLE SIMEK,12,2025,B,2.99 pts,12.57,,104,,Yes
18,1/14/25,4,S1,SCI601 / 14,BIOLOGY A,GRANT MERRILL,10,2027,D+,1.86 pts,5.29,,374,,Yes
18,1/14/25,5,S1,ENG601 / 15,SOPH ENG/A,MARCEE SALAS,10,2027,D+,1.98 pts,5,,374,,Yes
18,1/14/25,6,S1,MAT701 / 16,ALGEBRA II A,JASON BLAESING,11,2026,B,3.15 pts,1,,119,,Yes
18,1/14/25,3,S1,BUS301 / 13,PERSONAL FINANCE A,NICOLE SIMEK,11,2026,F,0.59 pts,4.14,,435,,Yes
18,1/14/25,3,S1,BUS301 / 13,PERSONAL FINANCE A,NICOLE SIMEK,12,2025,B,3.08 pts,2,,345,,Yes
18,1/14/25,6,S1,MAT701 / 16,ALGEBRA II A,JASON BLAESING,11,2026,B+,3.31 pts,9.71,,316,,Yes
18,1/14/25,6,S1,MAT701 / 16,ALGEBRA II A,JASON BLAESING,11,2026,B+,3.36 pts,8.5,,313,,Yes
18,1/14/25,6,S1,MAT701 / 16,ALGEBRA II A,JASON BLAESING,11,2026,A,3.68 pts,7.29,,307,,Yes
18,1/14/25,4,S1,SOC701 / 14,US HISTORY/A,DAVE HAJEK,11,2026,A,3.81 pts,1,,223,,Yes
18,1/14/25,5,S1,ENG701 / 15,JUNIOR ENG/A,JOHN CARVER,11,2026,A,3.78 pts,1,,223,,Yes
18,1/14/25,3,S1,BUS301 / 13,PERSONAL FINANCE A,NICOLE SIMEK,12,2025,C+,2.68 pts,5.43,,365,,Yes
18,1/14/25,1,S1,MAT522 / 11,GEOMETRY A,ROCHELLE AITON,9,2028,C,2.44 pts,10.43,,79,,Yes
18,1/14/25,1,S1,MAT522 / 11,GEOMETRY A,NINETTE LILIENTHAL,9,2028,C,2.44 pts,10.43,,79,,Yes
18,1/14/25,2,S1,ENG601 / 12,SOPH ENG/A,KELLY GREGERSEN,10,2027,C+,2.50 pts,12.86,,52,,Yes
18,1/14/25,4,S1,MAT522 / 14,GEOMETRY A,ROCHELLE AITON,10,2027,D+,1.94 pts,11.14,,52,,Yes
18,1/14/25,4,S1,MAT522 / 14,GEOMETRY A,NINETTE LILIENTHAL,10,2027,D+,1.94 pts,11.14,,52,,Yes
18,1/14/25,3,S1,MAT701 / 13,ALGEBRA II A,JENNIFER REILLY,11,2026,F,1.17 pts,48,,164,,Yes
18,1/14/25,2,S1,MAT701 / 12,ALGEBRA II A,JASON BLAESING,11,2026,F,1.34 pts,36.57,,121,,Yes
18,1/14/25,3,S1,MAT701 / 13,ALGEBRA II A,JENNIFER REILLY,11,2026,A-,3.45 pts,4,,288,,Yes
18,1/14/25,6,S1,SOC701 / 16,US HISTORY/A,SCOTT BOOTHBY,11,2026,A-,3.48 pts,4,,288,,Yes
18,1/14/25,6,S1,ENG501 / 16,FR ENGLISH/A,DAVID HOLLINGSWORTH,9,2028,C-,2.05 pts,15.14,,212,,Yes
18,1/14/25,2,S1,BUS301 / 12,PERSONAL FINANCE A,NICOLE SIMEK,12,2025,C-,2.00 pts,5.86,,156,,Yes
18,1/14/25,4,S1,SCI601 / 14,BIOLOGY A,GRANT MERRILL,10,2027,F,1.30 pts,23.52,,120,,Yes
18,1/14/25,5,S1,ENG601 / 15,SOPH ENG/A,MARCEE SALAS,10,2027,F,1.31 pts,19.93,,120,,Yes
18,1/14/25,1,S1,MAT704 / 11,PRE-CALC A MAT 153,BRIAN ANDERSON,12,2025,A,3.71 pts,5,,265,,Yes
18,1/14/25,6,S1,MAT701 / 16,ALGEBRA II A,JASON BLAESING,11,2026,C,2.27 pts,9,,361,,Yes
18,1/14/25,3,S1,MAT522 / 13,GEOMETRY A,ROCHELLE AITON,10,2027,F,0.00 pts,39.14,,160,,Yes
18,1/14/25,3,S1,MAT522 / 13,GEOMETRY A,NINETTE LILIENTHAL,10,2027,F,0.00 pts,39.14,,160,,Yes
18,1/14/25,1,S1,MAT522 / 11,GEOMETRY A,ROCHELLE AITON,10,2027,B,3.00 pts,12.29,,386,,Yes
18,1/14/25,1,S1,MAT522 / 11,GEOMETRY A,NINETTE LILIENTHAL,10,2027,B,3.00 pts,12.29,,386,,Yes
18,1/14/25,3,S1,SCI601 / 13,BIOLOGY A,GRANT MERRILL,10,2027,C,2.27 pts,9.71,,386,,Yes
18,1/14/25,3,S1,MAT522 / 13,GEOMETRY A,ROCHELLE AITON,10,2027,D+,1.88 pts,21.86,,67,,Yes
18,1/14/25,3,S1,MAT522 / 13,GEOMETRY A,NINETTE LILIENTHAL,10,2027,D+,1.88 pts,21.86,,67,,Yes
18,1/14/25,4,S1,SCI601 / 14,BIOLOGY A,GRANT MERRILL,10,2027,F,0.84 pts,22.71,,67,,Yes
18,1/14/25,4,S1,SOC701 / 14,US HISTORY/A,DAVE HAJEK,11,2026,F,0.81 pts,14,,451,,Yes
18,1/14/25,2,S1,SCI609 / 12,CHEMISTRY/A,GRANT MERRILL,11,2026,C+,2.67 pts,4.14,,297,,Yes
18,1/14/25,2,S1,BUS301 / 12,PERSONAL FINANCE A,NICOLE SIMEK,12,2025,C,2.34 pts,23.43,,322,,Yes
18,1/14/25,2,S1,MAT522 / 12,GEOMETRY A,ROCHELLE AITON,10,2027,F,0.00 pts,20.29,,463,,Yes
18,1/14/25,2,S1,MAT522 / 12,GEOMETRY A,NINETTE LILIENTHAL,10,2027,F,0.00 pts,20.29,,463,,Yes
18,1/14/25,3,S1,BUS301 / 13,PERSONAL FINANCE A,NICOLE SIMEK,11,2026,F,0.60 pts,22,,276,,Yes
18,1/14/25,5,S1,ENG701 / 15,JUNIOR ENG/A,JOHN CARVER,11,2026,C,2.36 pts,18.71,,276,,Yes
18,1/14/25,1,S1,MAT704 / 11,PRE-CALC A MAT 153,BRIAN ANDERSON,12,2025,F,1.24 pts,2,,51,,Yes
18,1/14/25,6,S1,ENG501 / 16,FR ENGLISH/A,DAVID HOLLINGSWORTH,9,2028,A,3.92 pts,1.14,,217,,Yes
18,1/14/25,3,S1,MAT701 / 13,ALGEBRA II A,JENNIFER REILLY,10,2027,C,2.41 pts,12.86,,353,,Yes
18,1/14/25,5,S1,ENG601 / 15,SOPH ENG/A,MARCEE SALAS,10,2027,C+,2.62 pts,12.71,,353,,Yes
18,1/14/25,6,S1,SCI601 / 36,BIOLOGY A,WILLIAM BAUR,10,2027,A-,3.56 pts,13,,353,,Yes
18,1/14/25,6,S1,SCI601 / 16,BIOLOGY A,GRANT MERRILL,10,2027,B-,2.74 pts,0.14,,125,,Yes
18,1/14/25,3,S1,MAT701 / 13,ALGEBRA II A,JENNIFER REILLY,10,2027,A,3.68 pts,1.71,,247,,Yes
18,1/14/25,6,S1,SOC701 / 16,US HISTORY/A,SCOTT BOOTHBY,11,2026,W,1.30 pts,37,,74,,Yes
18,1/14/25,6,S1,MAT701 / 16,ALGEBRA II A,JASON BLAESING,10,2027,A,3.76 pts,2,,384,,Yes
18,1/14/25,6,S1,ENG501 / 16,FR ENGLISH/A,DAVID HOLLINGSWORTH,9,2028,F,1.44 pts,4.43,,346,,Yes
18,1/14/25,1,S1,MAT522 / 11,GEOMETRY A,ROCHELLE AITON,10,2027,F,0.55 pts,34.43,,407,,Yes
18,1/14/25,1,S1,MAT522 / 11,GEOMETRY A,NINETTE LILIENTHAL,10,2027,F,0.55 pts,34.43,,407,,Yes
18,1/14/25,2,S1,ENG601 / 12,SOPH ENG/A,KELLY GREGERSEN,10,2027,F,0.27 pts,34.57,,407,,Yes
18,1/14/25,4,S1,SCI601 / 14,BIOLOGY A,GRANT MERRILL,10,2027,F,0.69 pts,36.71,,407,,Yes
18,1/14/25,5,S1,ENG601 / 15,SOPH ENG/A,MARCEE SALAS,10,2027,C-,2.15 pts,5.29,,108,,Yes
18,1/14/25,2,S1,MAT522 / 12,GEOMETRY A,ROCHELLE AITON,10,2027,D,1.76 pts,22.86,,272,,Yes
18,1/14/25,2,S1,MAT522 / 12,GEOMETRY A,NINETTE LILIENTHAL,10,2027,D,1.76 pts,22.86,,272,,Yes
18,1/14/25,4,S1,SOC701 / 14,US HISTORY/A,DAVE HAJEK,11,2026,F,1.03 pts,7.33,,449,,Yes
18,1/14/25,5,S1,ENG601 / 15,SOPH ENG/A,MARCEE SALAS,10,2027,C,2.29 pts,0.29,,330,,Yes
18,1/14/25,6,S1,SCI601 / 36,BIOLOGY A,WILLIAM BAUR,10,2027,C,2.48 pts,0,,330,,Yes
18,1/14/25,1,S1,MAT522 / 11,GEOMETRY A,ROCHELLE AITON,10,2027,C+,2.59 pts,0.14,,162,,Yes
18,1/14/25,1,S1,MAT522 / 11,GEOMETRY A,NINETTE LILIENTHAL,10,2027,C+,2.59 pts,0.14,,162,,Yes
18,1/14/25,2,S1,ENG601 / 12,SOPH ENG/A,KELLY GREGERSEN,10,2027,B,2.92 pts,0.14,,162,,Yes
18,1/14/25,6,S1,SCI601 / 36,BIOLOGY A,WILLIAM BAUR,10,2027,A-,3.54 pts,0.57,,162,,Yes
18,1/14/25,5,S1,ENG601 / 15,SOPH ENG/A,MARCEE SALAS,10,2027,C,2.40 pts,5.71,,371,,Yes
18,1/14/25,2,S1,BUS301 / 12,PERSONAL FINANCE A,NICOLE SIMEK,12,2025,C+,2.57 pts,8.29,,195,,Yes
18,1/14/25,2,S1,ENG601 / 12,SOPH ENG/A,KELLY GREGERSEN,10,2027,C,2.37 pts,4.43,,347,,Yes
18,1/14/25,4,S1,SCI601 / 14,BIOLOGY A,GRANT MERRILL,10,2027,B,3.15 pts,4.29,,347,,Yes
18,1/14/25,3,S1,MAT522 / 13,GEOMETRY A,ROCHELLE AITON,9,2028,C-,2.01 pts,4.71,,211,,Yes
18,1/14/25,3,S1,MAT522 / 13,GEOMETRY A,NINETTE LILIENTHAL,9,2028,C-,2.01 pts,4.71,,211,,Yes
18,1/14/25,2,S1,MAT522 / 12,GEOMETRY A,ROCHELLE AITON,11,2026,F,1.05 pts,25,,343,,Yes
18,1/14/25,2,S1,MAT522 / 12,GEOMETRY A,NINETTE LILIENTHAL,11,2026,F,1.05 pts,25,,343,,Yes
18,1/14/25,4,S1,SOC701 / 14,US HISTORY/A,DAVE HAJEK,11,2026,F,1.03 pts,17.71,,343,,Yes
18,1/14/25,5,S1,MAT522 / 15,GEOMETRY A,BRIAN ANDERSON,10,2027,C+,2.65 pts,3.57,,165,,Yes
18,1/14/25,6,S1,SCI601 / 36,BIOLOGY A,WILLIAM BAUR,10,2027,B,3.03 pts,3.71,,165,,Yes
18,1/14/25,6,S1,SCI601 / 36,BIOLOGY A,WILLIAM BAUR,10,2027,C-,2.07 pts,8.57,,462,,Yes
18,1/14/25,2,S1,BUS301 / 12,PERSONAL FINANCE A,NICOLE SIMEK,12,2025,B+,3.35 pts,8.57,,415,,Yes
18,1/14/25,4,S1,SCI601 / 14,BIOLOGY A,GRANT MERRILL,10,2027,A,3.70 pts,5.57,,432,,Yes
18,1/14/25,3,S1,MAT522 / 13,GEOMETRY A,ROCHELLE AITON,10,2027,A,3.66 pts,1,,204,,Yes
18,1/14/25,3,S1,MAT522 / 13,GEOMETRY A,NINETTE LILIENTHAL,10,2027,A,3.66 pts,1,,204,,Yes
18,1/14/25,5,S1,ENG601 / 15,SOPH ENG/A,MARCEE SALAS,10,2027,C+,2.54 pts,1,,204,,Yes
18,1/14/25,6,S1,SCI601 / 16,BIOLOGY A,GRANT MERRILL,10,2027,B,3.09 pts,1,,204,,Yes
18,1/14/25,6,S1,ENG501 / 16,FR ENGLISH/A,DAVID HOLLINGSWORTH,9,2028,A,4.00 pts,0.71,,62,,Yes
18,1/14/25,5,S1,MAT522 / 15,GEOMETRY A,BRIAN ANDERSON,9,2028,B-,2.83 pts,1,,154,,Yes
18,1/14/25,3,S1,SCI601 / 13,BIOLOGY A,GRANT MERRILL,10,2027,B,3.19 pts,1.43,,155,,Yes
18,1/14/25,4,S1,MAT522 / 14,GEOMETRY A,ROCHELLE AITON,10,2027,B,3.14 pts,0.86,,155,,Yes
18,1/14/25,4,S1,MAT522 / 14,GEOMETRY A,NINETTE LILIENTHAL,10,2027,B,3.14 pts,0.86,,155,,Yes
18,1/14/25,6,S1,MAT701 / 16,ALGEBRA II A,JASON BLAESING,11,2026,A-,3.46 pts,4.5,,278,,Yes
18,1/14/25,2,S1,MAT522 / 12,GEOMETRY A,ROCHELLE AITON,10,2027,B-,2.76 pts,6.71,,215,,Yes
18,1/14/25,2,S1,MAT522 / 12,GEOMETRY A,NINETTE LILIENTHAL,10,2027,B-,2.76 pts,6.71,,215,,Yes
18,1/14/25,6,S1,SCI601 / 16,BIOLOGY A,GRANT MERRILL,10,2027,B-,2.80 pts,8.86,,215,,Yes
18,1/14/25,6,S1,SCI601 / 36,BIOLOGY A,WILLIAM BAUR,10,2027,A,3.80 pts,4.57,,337,,Yes
18,1/14/25,4,S1,SOC701 / 14,US HISTORY/A,DAVE HAJEK,11,2026,A,3.60 pts,1.33,,336,,Yes
18,1/14/25,5,S1,ENG701 / 15,JUNIOR ENG/A,JOHN CARVER,11,2026,A,3.92 pts,1.67,,336,,Yes
18,1/14/25,6,S1,MAT701 / 16,ALGEBRA II A,JASON BLAESING,11,2026,B+,3.25 pts,1.67,,336,,Yes
18,1/14/25,1,S1,ENG701 / 11,JUNIOR ENG/A,JOHN CARVER,11,2026,F,1.42 pts,31.64,,1,,#N/A
18,1/14/25,2,S1,PED500 / 12,WEIGHT TRAINING,SCOTT BOOTHBY,11,2026,C-,2.00 pts,27.64,,1,,#N/A
18,1/14/25,3,S1,MAT701 / 13,ALGEBRA II A,JENNIFER REILLY,11,2026,F,0.63 pts,27.64,,1,,Yes
18,1/14/25,4,S1,CTE114 / 14,ENGINEERING A,JASON BLAESING,11,2026,F,1.21 pts,28.57,,1,,#N/A
18,1/14/25,5,S1,SOC701 / 15,US HISTORY/A,DAVE HAJEK,11,2026,F,0.06 pts,27,,1,,#N/A
18,1/14/25,6,S1,FAR604 / 16,SCENE DESIGN,KELLY GREGERSEN,11,2026,D+,1.94 pts,28,,1,,#N/A
18,1/14/25,1,S1,CTA101 / 11,CTA S1,MARK CASTLE,11,2026,,,0,,3,,#N/A
18,1/14/25,2,S1,CTA101 / 11,CTA S1,MARK CASTLE,11,2026,,,0,,3,,#N/A
18,1/14/25,3,S1,CTA101 / 11,CTA S1,MARK CASTLE,11,2026,,,0,,3,,#N/A
18,1/14/25,4,S1,MAT701 / 14,ALGEBRA II A,JENNIFER REILLY,11,2026,D+,1.94 pts,4,,3,,#N/A
18,1/14/25,5,S1,ASL503 / 15,AMERICAN SIGN LANGUAGE II/A,TAMI GRANT,11,2026,A,3.92 pts,4,,3,,#N/A
18,1/14/25,6,S1,ENG701 / 16,JUNIOR ENG/A,JOHN CARVER,11,2026,B,2.96 pts,4.33,,3,,#N/A
18,1/14/25,1,S1,FAR505 / 11,CONCERT CHOIR/A,DAVID DUARTE,10,2027,A,3.95 pts,7.57,,4,,#N/A
18,1/14/25,2,S1,SPA501 / 12,SPANISH 1 A,ROCHELLE AITON,10,2027,B,2.99 pts,5,,4,,#N/A
18,1/14/25,3,S1,SOC108 / 13,WORLD HISTORY/A,RYAN ISAACSON,10,2027,C+,2.60 pts,4.57,,4,,#N/A
18,1/14/25,4,S1,SCI601 / 14,BIOLOGY A,GRANT MERRILL,10,2027,F,1.39 pts,8,,4,,Yes
18,1/14/25,5,S1,ENG601 / 15,SOPH ENG/A,MARCEE SALAS,10,2027,D+,1.90 pts,5.57,,4,,Yes
18,1/14/25,6,S1,MAT522 / 36,GEOMETRY A,ROCHELLE AITON,10,2027,C,2.30 pts,5.71,,4,,#N/A
18,1/14/25,6,S1,MAT522 / 36,GEOMETRY A,NINETTE LILIENTHAL,10,2027,C,2.30 pts,5.71,,4,,#N/A
18,1/14/25,1,S1,VOC705 / 11,DIGITAL PHOTOGRAPHY I,ROSANNA RUFF,11,2026,C-,2.19 pts,9.86,,5,,#N/A
18,1/14/25,2,S1,BUS301 / 12,PERSONAL FINANCE A,NICOLE SIMEK,11,2026,C,2.38 pts,9.71,,5,,Yes
18,1/14/25,3,S1,SCI503 / 33,PHYSICAL SCIENCE A,WILLIAM BAUR,11,2026,C-,2.15 pts,10.86,,5,,#N/A
18,1/14/25,4,S1,SOC701 / 14,US HISTORY/A,DAVE HAJEK,11,2026,F,1.51 pts,10.43,,5,,Yes
18,1/14/25,5,S1,ENG701 / 15,JUNIOR ENG/A,JOHN CARVER,11,2026,F,1.61 pts,11.29,,5,,Yes
18,1/14/25,6,S1,PED500 / 16,WEIGHT TRAINING,SCOTT DIZMANG,11,2026,A-,3.44 pts,11.86,,5,,#N/A
18,1/14/25,1,S1,PED513 / 11,TEAM GAMES,SCOTT DIZMANG,10,2027,A-,3.42 pts,3.86,,6,,#N/A
18,1/14/25,2,S1,MAT522 / 12,GEOMETRY A,ROCHELLE AITON,10,2027,B,2.93 pts,3.86,John L,6,Active,Yes
18,1/14/25,2,S1,MAT522 / 12,GEOMETRY A,NINETTE LILIENTHAL,10,2027,B,2.93 pts,3.86,John L,6,Active,Yes
18,1/14/25,3,S1,SOC108 / 13,WORLD HISTORY/A,RYAN ISAACSON,10,2027,C,2.43 pts,4,,6,,#N/A
18,1/14/25,4,S1,FAR109 / 14,CERAMICS II,ROBERT YEE,10,2027,A,4.00 pts,4,,6,,#N/A
18,1/14/25,5,S1,ENG601 / 15,SOPH ENG/A,MARCEE SALAS,10,2027,D,1.66 pts,4,Pat,6,Active,Yes
18,1/14/25,6,S1,SCI601 / 36,BIOLOGY A,WILLIAM BAUR,10,2027,D,1.69 pts,4,Mimi,6,Active,Yes
18,1/14/25,1,S1,ENG801 / 11,SENIOR ENG/A,HEATHER CARVER,12,2025,B-,2.70 pts,10,,7,,#N/A
18,1/14/25,2,S1,BUS301 / 12,PERSONAL FINANCE A,NICOLE SIMEK,12,2025,D,1.72 pts,9.14,,7,,Yes
18,1/14/25,3,S1,ONT400 / 13,ON-TRACK/A,BRIAN ANDERSON,12,2025,A,4.00 pts,9.29,,7,,#N/A
18,1/14/25,4,S1,ENG715 / 14,FILM AS LITERATURE,KELLY GREGERSEN,12,2025,F,1.64 pts,9.86,,7,,#N/A
18,1/14/25,5,S1,CTE100 / 15,MEDICAL CAREERS & TERMS A,DONNA SCHATZ,12,2025,F,1.36 pts,9.86,,7,,#N/A
18,1/14/25,6,S1,SOC802 / 16,CIVICS,JIM REED,12,2025,F,0.78 pts,10.14,,7,,#N/A
18,1/14/25,1,S1,FAR720 / 11,PANTHER PLAYERS/A,KELLY GREGERSEN,11,2026,A,3.90 pts,6.29,,46,,#N/A
18,1/14/25,2,S1,SCI609 / 12,CHEMISTRY/A,GRANT MERRILL,11,2026,D+,1.88 pts,6.14,,46,,Yes
18,1/14/25,3,S1,MAT701 / 13,ALGEBRA II A,JENNIFER REILLY,11,2026,C,2.32 pts,6.14,,46,,Yes
18,1/14/25,4,S1,ENG715 / 14,FILM AS LITERATURE,KELLY GREGERSEN,11,2026,B+,3.20 pts,7.29,,46,,#N/A
18,1/14/25,5,S1,SOC701 / 15,US HISTORY/A,DAVE HAJEK,11,2026,C,2.28 pts,7,,46,,#N/A
18,1/14/25,6,S1,SPA501 / 16,SPANISH 1 A,ROCHELLE AITON,11,2026,B-,2.88 pts,7,,46,,#N/A
18,1/14/25,1,S1,FAR720 / 11,PANTHER PLAYERS/A,KELLY GREGERSEN,12,2025,A,3.61 pts,5.71,,8,,#N/A
18,1/14/25,2,S1,SPS103 / 12,OFFICE ASSISTANT,MARK CASTLE,12,2025,,,5,,8,,#N/A
18,1/14/25,3,S1,PED500 / 13,WEIGHT TRAINING,SCOTT BOOTHBY,12,2025,A-,3.53 pts,5,,8,,#N/A
18,1/14/25,4,S1,ENG717 / 14,AP LITERATURE/ COMPOSITION A,HEATHER CARVER,12,2025,B-,2.71 pts,6,,8,,#N/A
18,1/14/25,5,S1,SOC802 / 15,CIVICS,SCOTT BOOTHBY,12,2025,D+,1.94 pts,6.29,,8,,#N/A
18,1/14/25,6,S1,SCI503 / 16,PHYSICAL SCIENCE A,JAMES BENNETT,12,2025,D+,1.88 pts,6.57,,8,,#N/A
18,1/14/25,1,S1,PED500 / 11,WEIGHT TRAINING,SCOTT BOOTHBY,10,2027,A,3.63 pts,2.71,,9,,#N/A
18,1/14/25,2,S1,SOC108 / 12,WORLD HISTORY/A,DAVID HOLLINGSWORTH,10,2027,C+,2.53 pts,2.71,,9,,#N/A
18,1/14/25,3,S1,SCI601 / 13,BIOLOGY A,GRANT MERRILL,10,2027,D,1.77 pts,1.86,,9,,Yes
18,1/14/25,4,S1,FAR109 / 14,CERAMICS II,ROBERT YEE,10,2027,A-,3.58 pts,2.14,,9,,#N/A
18,1/14/25,5,S1,MAT522 / 15,GEOMETRY A,BRIAN ANDERSON,10,2027,D+,1.81 pts,2.14,Tom C,9,Active,Yes
18,1/14/25,6,S1,ENG601 / 16,SOPH ENG/A,MARCEE SALAS,10,2027,C,2.36 pts,2.14,,9,,#N/A
18,1/14/25,1,S1,MAT522 / 11,GEOMETRY A,ROCHELLE AITON,10,2027,C+,2.65 pts,0,John L,10,Active,Yes
18,1/14/25,1,S1,MAT522 / 11,GEOMETRY A,NINETTE LILIENTHAL,10,2027,C+,2.65 pts,0,John L,10,Active,Yes
18,1/14/25,2,S1,ENG601 / 12,SOPH ENG/A,KELLY GREGERSEN,10,2027,B,2.90 pts,0,,10,,Yes
18,1/14/25,3,S1,SOC108 / 13,WORLD HISTORY/A,RYAN ISAACSON,10,2027,C+,2.63 pts,0,,10,,#N/A
18,1/14/25,4,S1,HFL118 / 14,ADV CULINARY ARTS A,ALEXANDRA YOST,10,2027,C+,2.52 pts,0,,10,,#N/A
18,1/14/25,5,S1,VOC106 / 15,METAL MANUFACTURING & TECH I,DONALD O'BRIEN,10,2027,A,3.70 pts,0.14,,10,,#N/A
18,1/14/25,6,S1,SCI601 / 16,BIOLOGY A,GRANT MERRILL,10,2027,D,1.76 pts,0.14,,10,,Yes
18,1/14/25,1,S1,SPA601 / 11,SPANISH II A/SPAN 151,ROCHELLE AITON,11,2026,B-,2.86 pts,2,,11,,#N/A
18,1/14/25,2,S1,HFL116 / 12,BAKING PASTRY ARTS I,KAYLA PAYNE,11,2026,B+,3.31 pts,2.14,,11,,#N/A
18,1/14/25,3,S1,MAT701 / 13,ALGEBRA II A,JENNIFER REILLY,11,2026,B,2.94 pts,2.71,,11,,Yes
18,1/14/25,4,S1,CTE114 / 14,ENGINEERING A,JASON BLAESING,11,2026,A-,3.40 pts,2.57,,11,,#N/A
18,1/14/25,5,S1,SOC703 / 15,AP US HISTORY A,RYAN ISAACSON,11,2026,A,3.61 pts,2.43,,11,,#N/A
18,1/14/25,6,S1,ENG701 / 16,JUNIOR ENG/A,JOHN CARVER,11,2026,B,2.92 pts,2,,11,,#N/A
18,1/14/25,1,S1,CTE114 / 11,ENGINEERING A,JASON BLAESING,11,2026,D,1.65 pts,7,,12,,#N/A
18,1/14/25,2,S1,VOC116 / 12,BASIC CARPENTRY 1,BRENT MANSELL,11,2026,C-,2.15 pts,7,,12,,#N/A
18,1/14/25,3,S1,BUS301 / 13,PERSONAL FINANCE A,NICOLE SIMEK,11,2026,C,2.35 pts,7,,12,,Yes
18,1/14/25,4,S1,SOC701 / 14,US HISTORY/A,DAVE HAJEK,11,2026,F,1.43 pts,7.43,,12,,Yes
18,1/14/25,5,S1,VOC504 / 15,ADV FINE ARTS WOODWORKING I,BRENT MANSELL,11,2026,A,4.00 pts,7.43,,12,,#N/A
18,1/14/25,6,S1,ENG701 / 16,JUNIOR ENG/A,JOHN CARVER,11,2026,F,1.64 pts,7.43,,12,,#N/A
18,1/14/25,1,S1,MAT522 / 11,GEOMETRY A,ROCHELLE AITON,10,2027,C,2.25 pts,9.57,John L,13,Active,Yes
18,1/14/25,1,S1,MAT522 / 11,GEOMETRY A,NINETTE LILIENTHAL,10,2027,C,2.25 pts,9.57,John L,13,Active,Yes
18,1/14/25,2,S1,ENG601 / 12,SOPH ENG/A,KELLY GREGERSEN,10,2027,F,1.53 pts,9.14,,13,,Yes
18,1/14/25,3,S1,SCI601 / 33,BIOLOGY A,DONNA SCHATZ,10,2027,F,1.62 pts,9.29,,13,,#N/A
18,1/14/25,4,S1,CTE114 / 14,ENGINEERING A,JASON BLAESING,10,2027,F,1.37 pts,7.43,,13,,#N/A
18,1/14/25,5,S1,HFL113 / 15,INTRO CULINARY ART,ALEXANDRA YOST,10,2027,C+,2.60 pts,9.14,,13,,#N/A
18,1/14/25,6,S1,SOC108 / 36,WORLD HISTORY/A,DAVE HAJEK,10,2027,F,1.11 pts,9.43,,13,,#N/A
18,1/14/25,1,S1,ENG701 / 11,JUNIOR ENG/A,JOHN CARVER,11,2026,C-,2.18 pts,3.14,,14,,#N/A
18,1/14/25,2,S1,VOC705 / 12,DIGITAL PHOTOGRAPHY I,ROSANNA RUFF,11,2026,C-,2.07 pts,2,,14,,#N/A
18,1/14/25,3,S1,MAT701 / 13,ALGEBRA II A,JENNIFER REILLY,11,2026,F,1.19 pts,2.43,Larry,14,Active,Yes
18,1/14/25,4,S1,SCI503 / 14,PHYSICAL SCIENCE A,JAMES BENNETT,11,2026,F,1.64 pts,3.29,,14,,#N/A
18,1/14/25,5,S1,SOC701 / 15,US HISTORY/A,DAVE HAJEK,11,2026,C+,2.61 pts,2.71,,14,,#N/A
18,1/14/25,6,S1,VOC502 / 16,FINE ARTS WOODWORKING I,BRENT MANSELL,11,2026,C,2.36 pts,2.29,,14,,#N/A
18,1/14/25,1,S1,SPA601 / 11,SPANISH II A/SPAN 151,ROCHELLE AITON,10,2027,A-,3.52 pts,0,,15,,#N/A
18,1/14/25,2,S1,ENG601 / 12,SOPH ENG/A,KELLY GREGERSEN,10,2027,C-,2.17 pts,0,,15,,Yes
18,1/14/25,3,S1,SOC108 / 13,WORLD HISTORY/A,RYAN ISAACSON,10,2027,B+,3.22 pts,0.43,,15,,#N/A
18,1/14/25,4,S1,SCI601 / 14,BIOLOGY A,GRANT MERRILL,10,2027,D+,1.84 pts,0.57,Linda,15,Active,Yes
18,1/14/25,5,S1,PED513 / 15,TEAM GAMES,SCOTT DIZMANG,10,2027,B,3.05 pts,0,,15,,#N/A
18,1/14/25,6,S1,MAT522 / 36,GEOMETRY A,ROCHELLE AITON,10,2027,C-,2.09 pts,0.71,,15,,#N/A
18,1/14/25,6,S1,MAT522 / 36,GEOMETRY A,NINETTE LILIENTHAL,10,2027,C-,2.09 pts,0.71,,15,,#N/A
18,1/14/25,1,S1,SOC108 / 11,WORLD HISTORY/A,DAVID HOLLINGSWORTH,10,2027,C-,2.08 pts,3.86,,16,,#N/A
18,1/14/25,2,S1,FAR113 / 12,INTRO TO ART AND DESIGN,ROBERT YEE,10,2027,B,3.00 pts,3.71,,16,,#N/A
18,1/14/25,3,S1,CTE120 / 13,CYBER SECURITY I,ROSANNA RUFF,10,2027,F,1.53 pts,3.71,,16,,#N/A
18,1/14/25,4,S1,MAT522 / 14,GEOMETRY A,ROCHELLE AITON,10,2027,F,1.40 pts,3.71,,16,,Yes
18,1/14/25,4,S1,MAT522 / 14,GEOMETRY A,NINETTE LILIENTHAL,10,2027,F,1.40 pts,3.71,,16,,Yes
18,1/14/25,5,S1,SCI503 / 35,PHYSICAL SCIENCE A,WILLIAM BAUR,10,2027,F,1.51 pts,3.71,,16,,#N/A
18,1/14/25,6,S1,ENG601 / 16,SOPH ENG/A,MARCEE SALAS,10,2027,C,2.25 pts,3.71,,16,,#N/A
18,1/14/25,1,S1,VOC106 / 11,METAL MANUFACTURING & TECH I,DONALD O'BRIEN,10,2027,C,2.26 pts,7.86,,17,,#N/A
18,1/14/25,2,S1,ENG601 / 12,SOPH ENG/A,KELLY GREGERSEN,10,2027,D,1.71 pts,4.86,,17,,Yes
18,1/14/25,3,S1,SCI601 / 33,BIOLOGY A,DONNA SCHATZ,10,2027,D+,1.88 pts,5.71,,17,,#N/A
18,1/14/25,4,S1,MAT522 / 14,GEOMETRY A,ROCHELLE AITON,10,2027,F,1.52 pts,6.43,John L,17,Active,Yes
18,1/14/25,4,S1,MAT522 / 14,GEOMETRY A,NINETTE LILIENTHAL,10,2027,F,1.52 pts,6.43,John L,17,Active,Yes
18,1/14/25,5,S1,PED513 / 15,TEAM GAMES,SCOTT DIZMANG,10,2027,A,3.87 pts,4.86,,17,,#N/A
18,1/14/25,6,S1,SOC108 / 36,WORLD HISTORY/A,DAVE HAJEK,10,2027,F,1.44 pts,5.86,,17,,#N/A
18,1/14/25,1,S1,PED101 / 11,PHYSICAL EDUCATION,KATHERINE STURDYVIN-SCOBBA,12,2025,F,1.48 pts,8.14,,18,,#N/A
18,1/14/25,2,S1,BUS301 / 12,PERSONAL FINANCE A,NICOLE SIMEK,12,2025,C-,2.19 pts,5.71,,18,,Yes
18,1/14/25,3,S1,SOC802 / 13,CIVICS,JIM REED,12,2025,C-,2.00 pts,5,,18,,#N/A
18,1/14/25,4,S1,AACTM1 / 14,ACADEMIC ACHIEVEMENT A,TIMOTHY MOORE,12,2025,A-,3.55 pts,8.14,,18,,#N/A
18,1/14/25,5,S1,ONT400 / 15,ON-TRACK/A,ROBERT YEE,12,2025,B,2.90 pts,4.71,,18,,#N/A
18,1/14/25,6,S1,ENG801 / 16,SENIOR ENG/A,HEATHER CARVER,12,2025,C,2.42 pts,3.86,,18,,#N/A
18,1/14/25,1,S1,PED500 / 11,WEIGHT TRAINING,SCOTT BOOTHBY,9,2028,A,3.72 pts,6.71,,2,,#N/A
18,1/14/25,2,S1,ASL501 / 12,AMERICAN SIGN LANGUAGE I/A,KYLA RITCHEY,9,2028,A-,3.45 pts,6.71,,2,,#N/A
18,1/14/25,3,S1,MAT520 / 33,ALGEBRA I A,JANET GROVE,9,2028,B-,2.88 pts,8.14,,2,,#N/A
18,1/14/25,4,S1,SCI503 / 14,PHYSICAL SCIENCE A,JAMES BENNETT,9,2028,C,2.33 pts,9.71,,2,,#N/A
18,1/14/25,5,S1,HFL113 / 15,INTRO CULINARY ART,ALEXANDRA YOST,9,2028,C,2.40 pts,10,,2,,#N/A
18,1/14/25,6,S1,ENG501 / 16,FR ENGLISH/A,DAVID HOLLINGSWORTH,9,2028,C-,2.11 pts,10.29,,2,,Yes
18,1/14/25,1,S1,CTE114 / 11,ENGINEERING A,JASON BLAESING,11,2026,D+,1.80 pts,4.71,,19,,#N/A
18,1/14/25,2,S1,FAR113 / 12,INTRO TO ART AND DESIGN,ROBERT YEE,11,2026,A,3.61 pts,4,,19,,#N/A
18,1/14/25,3,S1,FAR605 / 13,INTRO TO THEATRE,KELLY GREGERSEN,11,2026,A,3.69 pts,4,,19,,#N/A
18,1/14/25,4,S1,ENG701 / 14,JUNIOR ENG/A,JOHN CARVER,11,2026,B,3.07 pts,5.43,,19,,#N/A
18,1/14/25,5,S1,SOC703 / 15,AP US HISTORY A,RYAN ISAACSON,11,2026,B,3.12 pts,5.29,,19,,#N/A
18,1/14/25,6,S1,MAT701 / 16,ALGEBRA II A,JASON BLAESING,11,2026,C,2.40 pts,5.57,Larry,19,Active,Yes
18,1/14/25,1,S1,ENG601 / 11,SOPH ENG/A,MARCEE SALAS,10,2027,B-,2.85 pts,4.14,,20,,#N/A
18,1/14/25,2,S1,MAT522 / 32,GEOMETRY A,BRIAN ANDERSON,10,2027,D+,1.83 pts,3.86,,20,,#N/A
18,1/14/25,3,S1,VOC620 / 13,METAL CRAFTS & PRODUCTION I,DONALD O'BRIEN,10,2027,B+,3.38 pts,3.43,,20,,#N/A
18,1/14/25,4,S1,SCI601 / 14,BIOLOGY A,GRANT MERRILL,10,2027,C,2.23 pts,2.14,,20,,Yes
18,1/14/25,5,S1,CTE100 / 15,MEDICAL CAREERS & TERMS A,DONNA SCHATZ,10,2027,B,3.11 pts,2.29,,20,,#N/A
18,1/14/25,6,S1,SOC108 / 36,WORLD HISTORY/A,DAVE HAJEK,10,2027,C,2.26 pts,2.14,,20,,#N/A
18,1/14/25,1,S1,SOC701 / 11,US HISTORY/A,DAVE HAJEK,11,2026,F,0.93 pts,9.57,,21,,#N/A
18,1/14/25,2,S1,SCI609 / 12,CHEMISTRY/A,GRANT MERRILL,11,2026,F,0.99 pts,8,Jay,21,Active,Yes
18,1/14/25,3,S1,BUS301 / 13,PERSONAL FINANCE A,NICOLE SIMEK,11,2026,B-,2.89 pts,8.43,,21,,Yes
18,1/14/25,4,S1,HFL118 / 14,ADV CULINARY ARTS A,ALEXANDRA YOST,11,2026,A,3.73 pts,8.43,,21,,#N/A
18,1/14/25,5,S1,ENG701 / 15,JUNIOR ENG/A,JOHN CARVER,11,2026,C,2.28 pts,8.43,,21,,Yes
18,1/14/25,6,S1,PED500 / 16,WEIGHT TRAINING,SCOTT DIZMANG,11,2026,A,3.86 pts,9,,21,,#N/A
18,1/14/25,1,S1,FAR109 / 11,CERAMICS II,ROBERT YEE,11,2026,B,3.17 pts,2.57,,22,,#N/A
18,1/14/25,2,S1,FAR113 / 12,INTRO TO ART AND DESIGN,ROBERT YEE,11,2026,B+,3.31 pts,2.86,,22,,#N/A
18,1/14/25,3,S1,MAT701 / 13,ALGEBRA II A,JENNIFER REILLY,11,2026,B,3.03 pts,3.86,,22,,Yes
18,1/14/25,4,S1,SCI503 / 34,PHYSICAL SCIENCE A,WILLIAM BAUR,11,2026,B-,2.76 pts,3.29,,22,,#N/A
18,1/14/25,5,S1,SOC701 / 15,US HISTORY/A,DAVE HAJEK,11,2026,C,2.45 pts,3.43,,22,,#N/A
18,1/14/25,6,S1,ENG701 / 16,JUNIOR ENG/A,JOHN CARVER,11,2026,B+,3.24 pts,3.71,,22,,#N/A
18,1/14/25,1,S1,SCI503 / 11,PHYSICAL SCIENCE A,JAMES BENNETT,11,2026,F,1.14 pts,32,,23,,#N/A
18,1/14/25,2,S1,BUS301 / 12,PERSONAL FINANCE A,NICOLE SIMEK,11,2026,F,1.02 pts,30.14,,23,,Yes
18,1/14/25,3,S1,ONT400 / 13,ON-TRACK/A,BRIAN ANDERSON,11,2026,D+,1.87 pts,27.86,,23,,#N/A
18,1/14/25,4,S1,SOC701 / 14,US HISTORY/A,DAVE HAJEK,11,2026,F,0.31 pts,30.57,,23,,Yes
18,1/14/25,5,S1,ENG701 / 15,JUNIOR ENG/A,JOHN CARVER,11,2026,F,0.80 pts,27.14,,23,,Yes
18,1/14/25,6,S1,FAR604 / 16,SCENE DESIGN,KELLY GREGERSEN,11,2026,D+,1.97 pts,26.43,,23,,#N/A
18,1/14/25,1,S1,MAT704 / 11,PRE-CALC A MAT 153,BRIAN ANDERSON,12,2025,D,1.68 pts,3.5,,24,,Yes
18,1/14/25,2,S1,RUN101 / 12,RUNNING START/A,,12,2025,,,0,,24,,#N/A
18,1/14/25,3,S1,CTE120 / 13,CYBER SECURITY I,ROSANNA RUFF,12,2025,B,3.12 pts,4,,24,,#N/A
18,1/14/25,4,S1,RUN101 / 14,RUNNING START/A,,12,2025,,,0,,24,,#N/A
18,1/14/25,5,S1,SOC802 / 15,CIVICS,SCOTT BOOTHBY,12,2025,A,3.71 pts,3,,24,,#N/A
18,1/14/25,6,S1,RUN101 / 16,RUNNING START/A,,12,2025,,,0,,24,,#N/A
18,1/14/25,1,S1,PED513 / 11,TEAM GAMES,SCOTT DIZMANG,9,2028,A,3.66 pts,1,,25,,#N/A
18,1/14/25,2,S1,HFL114 / 12,FAMILY HEALTH,MICHAEL ISOTALO,9,2028,C+,2.67 pts,1.86,,25,,#N/A
18,1/14/25,2,S1,HFL114 / 12,FAMILY HEALTH,THOMAS KESSINGER,9,2028,C+,2.67 pts,1.86,,25,,#N/A
18,1/14/25,3,S1,SCI503 / 33,PHYSICAL SCIENCE A,WILLIAM BAUR,9,2028,F,1.43 pts,1.86,,25,,#N/A
18,1/14/25,4,S1,VOC300 / 14,SMALL ENGINE REPAIR I,DONALD O'BRIEN,9,2028,C,2.47 pts,1.86,,25,,#N/A
18,1/14/25,5,S1,MAT520 / 15,ALGEBRA I A,KEVIN REILLY,9,2028,C,2.40 pts,2,,25,,#N/A
18,1/14/25,6,S1,ENG501 / 16,FR ENGLISH/A,DAVID HOLLINGSWORTH,9,2028,F,1.09 pts,2,,25,,Yes
18,1/14/25,1,S1,SCI503 / 11,PHYSICAL SCIENCE A,JAMES BENNETT,11,2026,F,0.08 pts,30.29,,26,,#N/A
18,1/14/25,2,S1,VOC705 / 12,DIGITAL PHOTOGRAPHY I,ROSANNA RUFF,11,2026,D,1.74 pts,24.43,,26,,#N/A
18,1/14/25,3,S1,ONT400 / 13,ON-TRACK/A,BRIAN ANDERSON,11,2026,B-,2.86 pts,12,,26,,#N/A
18,1/14/25,4,S1,SOC701 / 14,US HISTORY/A,DAVE HAJEK,11,2026,F,1.11 pts,21.43,,26,,Yes
18,1/14/25,5,S1,BUS301 / 15,PERSONAL FINANCE A,NICOLE SIMEK,11,2026,F,1.09 pts,15.43,,26,,#N/A
18,1/14/25,6,S1,ENG701 / 16,JUNIOR ENG/A,JOHN CARVER,11,2026,F,1.53 pts,21.43,,26,,#N/A
18,1/14/25,1,S1,ASL505 / 11,AMER SIGN III/A,TAMI GRANT,11,2026,A-,3.44 pts,3.43,,29,,#N/A
18,1/14/25,2,S1,SCI503 / 32,PHYSICAL SCIENCE A,WILLIAM BAUR,11,2026,B,3.02 pts,2.57,,29,,#N/A
18,1/14/25,3,S1,ENG719 / 13,AP LANGUAGE/COMPOSITION A,HEATHER CARVER,11,2026,B-,2.71 pts,3.57,,29,,#N/A
18,1/14/25,4,S1,MAT701 / 14,ALGEBRA II A,JENNIFER REILLY,11,2026,B-,2.88 pts,5.14,,29,,#N/A
18,1/14/25,5,S1,CTE501 / 15,PROJECT IN LEADERSHIP/A,KYLA RITCHEY,11,2026,A,3.92 pts,2.57,,29,,#N/A
18,1/14/25,6,S1,SOC701 / 16,US HISTORY/A,SCOTT BOOTHBY,11,2026,C-,2.02 pts,4.71,Melanie,29,Active,Yes
18,1/14/25,1,S1,PED500 / 11,WEIGHT TRAINING,SCOTT BOOTHBY,12,2025,C,2.32 pts,9.14,,27,,#N/A
18,1/14/25,2,S1,BUS301 / 12,PERSONAL FINANCE A,NICOLE SIMEK,12,2025,F,1.34 pts,8.71,,27,,Yes
18,1/14/25,3,S1,ONT400 / 13,ON-TRACK/A,BRIAN ANDERSON,12,2025,A,3.71 pts,8.29,,27,,#N/A
18,1/14/25,4,S1,SOC802 / 14,CIVICS,JIM REED,12,2025,F,0.47 pts,11.14,,27,,#N/A
18,1/14/25,5,S1,CTE100 / 15,MEDICAL CAREERS & TERMS A,DONNA SCHATZ,12,2025,F,0.54 pts,10.86,,27,,#N/A
18,1/14/25,6,S1,ENG801 / 16,SENIOR ENG/A,HEATHER CARVER,12,2025,F,1.18 pts,11,,27,,#N/A
18,1/14/25,1,S1,ENG601 / 11,SOPH ENG/A,MARCEE SALAS,10,2027,D+,1.98 pts,4.43,,28,,#N/A
18,1/14/25,2,S1,SCI601 / 32,BIOLOGY A,DONNA SCHATZ,10,2027,F,1.60 pts,4.57,,28,,#N/A
18,1/14/25,3,S1,ASL501 / 13,AMERICAN SIGN LANGUAGE I/A,KYLA RITCHEY,10,2027,A,3.78 pts,5.43,,28,,#N/A
18,1/14/25,4,S1,MAT522 / 14,GEOMETRY A,ROCHELLE AITON,10,2027,F,1.23 pts,4.86,John L,28,Active,Yes
18,1/14/25,4,S1,MAT522 / 14,GEOMETRY A,NINETTE LILIENTHAL,10,2027,F,1.23 pts,4.86,John L,28,Active,Yes
18,1/14/25,5,S1,CTE222 / 15,MUSIC PROD IA,DAVID DUARTE,10,2027,F,0.05 pts,5.71,,28,,#N/A
18,1/14/25,6,S1,SOC108 / 16,WORLD HISTORY/A,RYAN ISAACSON,10,2027,F,0.61 pts,5.86,,28,,#N/A
18,1/14/25,1,S1,PED513 / 11,TEAM GAMES,SCOTT DIZMANG,12,2025,C+,2.67 pts,7,,30,,#N/A
18,1/14/25,2,S1,ASL503 / 12,AMERICAN SIGN LANGUAGE II/A,TAMI GRANT,12,2025,A-,3.55 pts,5.57,,30,,#N/A
18,1/14/25,3,S1,BUS301 / 13,PERSONAL FINANCE A,NICOLE SIMEK,12,2025,A-,3.40 pts,4.57,,30,,Yes
18,1/14/25,4,S1,SOC802 / 14,CIVICS,JIM REED,12,2025,B,2.96 pts,5.43,,30,,#N/A
18,1/14/25,5,S1,VOC106 / 15,METAL MANUFACTURING & TECH I,DONALD O'BRIEN,12,2025,B,3.19 pts,6.14,,30,,#N/A
18,1/14/25,6,S1,ENG801 / 16,SENIOR ENG/A,HEATHER CARVER,12,2025,B+,3.29 pts,6,,30,,#N/A
18,1/14/25,1,S1,PED513 / 11,TEAM GAMES,SCOTT DIZMANG,11,2026,B,2.91 pts,32.34,,31,,#N/A
18,1/14/25,2,S1,MAT520 / 12,ALGEBRA I A,KEVIN REILLY,11,2026,C,2.32 pts,27.37,,31,,#N/A
18,1/14/25,3,S1,ELE403 / 13,LANGUAGE SUPPORT/A,HAYLEY ALVARADO,11,2026,,,10.8,,31,,Yes
18,1/14/25,4,S1,FAR108 / 14,CERAMICS I,ROBERT YEE,11,2026,A-,3.58 pts,22.63,,31,,#N/A
18,1/14/25,5,S1,NCR105 / 15,EARLY DISMISSAL,MARK CASTLE,11,2026,,,0,,31,,#N/A
18,1/14/25,6,S1,NCR105 / 16,EARLY DISMISSAL,MARK CASTLE,11,2026,,,0,,31,,#N/A
18,1/14/25,1,S1,FAR108 / 11,CERAMICS I,ROBERT YEE,10,2027,C+,2.65 pts,6.71,,32,,#N/A
18,1/14/25,2,S1,SOC108 / 12,WORLD HISTORY/A,DAVID HOLLINGSWORTH,10,2027,D+,1.85 pts,7.14,,32,,#N/A
18,1/14/25,3,S1,SCI601 / 33,BIOLOGY A,DONNA SCHATZ,10,2027,C-,2.19 pts,7.43,,32,,#N/A
18,1/14/25,4,S1,MAT522 / 14,GEOMETRY A,ROCHELLE AITON,10,2027,C,2.41 pts,8.71,,32,,Yes
18,1/14/25,4,S1,MAT522 / 14,GEOMETRY A,NINETTE LILIENTHAL,10,2027,C,2.41 pts,8.71,,32,,Yes
18,1/14/25,5,S1,ASL503 / 15,AMERICAN SIGN LANGUAGE II/A,TAMI GRANT,10,2027,B-,2.75 pts,8.86,,32,,#N/A
18,1/14/25,6,S1,ENG601 / 16,SOPH ENG/A,MARCEE SALAS,10,2027,C-,2.08 pts,8.86,,32,,#N/A
18,1/14/25,1,S1,VOC705 / 11,DIGITAL PHOTOGRAPHY I,ROSANNA RUFF,10,2027,D+,1.95 pts,2,,33,,#N/A
18,1/14/25,2,S1,MAT522 / 12,GEOMETRY A,ROCHELLE AITON,10,2027,F,1.61 pts,1,,33,,Yes
18,1/14/25,2,S1,MAT522 / 12,GEOMETRY A,NINETTE LILIENTHAL,10,2027,F,1.61 pts,1,,33,,Yes
18,1/14/25,3,S1,ASL501 / 13,AMERICAN SIGN LANGUAGE I/A,KYLA RITCHEY,10,2027,F,1.09 pts,0.86,,33,,#N/A
18,1/14/25,4,S1,SOC108 / 14,WORLD HISTORY/A,DAVID HOLLINGSWORTH,10,2027,F,1.25 pts,0,,33,,#N/A
18,1/14/25,5,S1,ENG601 / 15,SOPH ENG/A,MARCEE SALAS,10,2027,F,1.30 pts,0,,33,,Yes
18,1/14/25,6,S1,SCI601 / 36,BIOLOGY A,WILLIAM BAUR,10,2027,F,1.55 pts,0,,33,,Yes
18,1/14/25,1,S1,VOC106 / 11,METAL MANUFACTURING & TECH I,DONALD O'BRIEN,10,2027,C,2.37 pts,5,,34,,#N/A
18,1/14/25,2,S1,ENG601 / 12,SOPH ENG/A,KELLY GREGERSEN,10,2027,F,0.66 pts,2.57,Cindy,34,Active,Yes
18,1/14/25,3,S1,SCI601 / 13,BIOLOGY A,GRANT MERRILL,10,2027,F,0.22 pts,5,,34,,Yes
18,1/14/25,4,S1,MAT522 / 14,GEOMETRY A,ROCHELLE AITON,10,2027,F,1.52 pts,3.29,John L,34,Active,Yes
18,1/14/25,4,S1,MAT522 / 14,GEOMETRY A,NINETTE LILIENTHAL,10,2027,F,1.52 pts,3.29,John L,34,Active,Yes
18,1/14/25,5,S1,VOC503 / 15,FINE ARTS WOODS II,BRENT MANSELL,10,2027,C+,2.66 pts,3,,34,,#N/A
18,1/14/25,6,S1,SOC108 / 16,WORLD HISTORY/A,RYAN ISAACSON,10,2027,C-,2.01 pts,3,,34,,#N/A
18,1/14/25,1,S1,ENG801 / 11,SENIOR ENG/A,HEATHER CARVER,12,2025,C,2.37 pts,3,,35,,#N/A
18,1/14/25,2,S1,SCI609 / 12,CHEMISTRY/A,GRANT MERRILL,12,2025,F,0.97 pts,3.57,Larry,35,Active,Yes
18,1/14/25,3,S1,SOC802 / 13,CIVICS,JIM REED,12,2025,D+,1.81 pts,3.71,,35,,#N/A
18,1/14/25,4,S1,HFL115 / 14,ADVANCED PASTRY ARTS I,KAYLA PAYNE,12,2025,A-,3.46 pts,3.57,,35,,#N/A
18,1/14/25,5,S1,ONT400 / 15,ON-TRACK/A,ROBERT YEE,12,2025,B-,2.88 pts,5,,35,,#N/A
18,1/14/25,6,S1,FAR111 / 16,CERAMICS IV,ROBERT YEE,12,2025,F,0.83 pts,4.71,,35,,#N/A
18,1/14/25,1,S1,CTE114 / 11,ENGINEERING A,JASON BLAESING,11,2026,D,1.75 pts,7.29,,36,,#N/A
18,1/14/25,2,S1,MAT701 / 12,ALGEBRA II A,JASON BLAESING,11,2026,F,1.14 pts,7,Larry,36,Active,Yes
18,1/14/25,3,S1,PED500 / 13,WEIGHT TRAINING,SCOTT BOOTHBY,11,2026,A-,3.50 pts,7.14,,36,,#N/A
18,1/14/25,4,S1,ENG701 / 14,JUNIOR ENG/A,JOHN CARVER,11,2026,F,1.41 pts,7.14,,36,,#N/A
18,1/14/25,5,S1,SOC701 / 15,US HISTORY/A,DAVE HAJEK,11,2026,F,1.59 pts,7,,36,,#N/A
18,1/14/25,6,S1,FAR542 / 16,WIND ENSEMB/A,DAVID DUARTE,11,2026,A,4.00 pts,7.14,,36,,#N/A
18,1/14/25,1,S1,VOC502 / 11,FINE ARTS WOODWORKING I,BRENT MANSELL,11,2026,C+,2.69 pts,7.86,,37,,#N/A
18,1/14/25,2,S1,SCI503 / 12,PHYSICAL SCIENCE A,JAMES BENNETT,11,2026,C,2.22 pts,7.86,,37,,#N/A
18,1/14/25,3,S1,ONT400 / 13,ON-TRACK/A,BRIAN ANDERSON,11,2026,A,4.00 pts,8,,37,,#N/A
18,1/14/25,4,S1,ENG715 / 14,FILM AS LITERATURE,KELLY GREGERSEN,11,2026,C,2.24 pts,7.86,,37,,#N/A
18,1/14/25,5,S1,BUS301 / 15,PERSONAL FINANCE A,NICOLE SIMEK,11,2026,C-,2.09 pts,7.86,,37,,#N/A
18,1/14/25,6,S1,SOC701 / 16,US HISTORY/A,SCOTT BOOTHBY,11,2026,D+,1.93 pts,8,,37,,Yes
18,1/14/25,1,S1,VOC502 / 11,FINE ARTS WOODWORKING I,BRENT MANSELL,10,2027,C-,2.05 pts,11.14,,38,,#N/A
18,1/14/25,2,S1,SCI601 / 32,BIOLOGY A,DONNA SCHATZ,10,2027,C-,2.04 pts,11.71,,38,,#N/A
18,1/14/25,3,S1,MAT522 / 13,GEOMETRY A,ROCHELLE AITON,10,2027,F,1.38 pts,11.14,John L,38,Active,Yes
18,1/14/25,3,S1,MAT522 / 13,GEOMETRY A,NINETTE LILIENTHAL,10,2027,F,1.38 pts,11.14,John L,38,Active,Yes
18,1/14/25,4,S1,PED500 / 14,WEIGHT TRAINING,SCOTT DIZMANG,10,2027,A-,3.58 pts,10.57,,38,,#N/A
18,1/14/25,5,S1,ENG601 / 15,SOPH ENG/A,MARCEE SALAS,10,2027,C-,2.05 pts,10.86,,38,,Yes
18,1/14/25,6,S1,SOC108 / 36,WORLD HISTORY/A,DAVE HAJEK,10,2027,D,1.77 pts,9.57,,38,,#N/A
18,1/14/25,1,S1,VOC106 / 11,METAL MANUFACTURING & TECH I,DONALD O'BRIEN,10,2027,B,3.00 pts,3.29,,39,,#N/A
18,1/14/25,2,S1,SOC108 / 12,WORLD HISTORY/A,DAVID HOLLINGSWORTH,10,2027,C,2.29 pts,2.71,,39,,#N/A
18,1/14/25,3,S1,MAT522 / 13,GEOMETRY A,ROCHELLE AITON,10,2027,C-,2.00 pts,3,,39,,Yes
18,1/14/25,3,S1,MAT522 / 13,GEOMETRY A,NINETTE LILIENTHAL,10,2027,C-,2.00 pts,3,,39,,Yes
18,1/14/25,4,S1,PED500 / 14,WEIGHT TRAINING,SCOTT DIZMANG,10,2027,A-,3.44 pts,2,,39,,#N/A
18,1/14/25,5,S1,ENG601 / 15,SOPH ENG/A,MARCEE SALAS,10,2027,F,1.49 pts,2.29,,39,,Yes
18,1/14/25,6,S1,SCI601 / 36,BIOLOGY A,WILLIAM BAUR,10,2027,C-,2.18 pts,1.29,,39,,Yes
18,1/14/25,1,S1,ENG701 / 11,JUNIOR ENG/A,JOHN CARVER,11,2026,C,2.39 pts,5,,40,,#N/A
18,1/14/25,2,S1,MAT701 / 12,ALGEBRA II A,JASON BLAESING,11,2026,F,1.38 pts,4.86,,40,,Yes
18,1/14/25,3,S1,PED500 / 13,WEIGHT TRAINING,SCOTT BOOTHBY,11,2026,A,3.84 pts,5.29,,40,,#N/A
18,1/14/25,4,S1,SCI503 / 34,PHYSICAL SCIENCE A,WILLIAM BAUR,11,2026,C-,2.04 pts,6.29,,40,,#N/A
18,1/14/25,5,S1,SPA601 / 15,SPANISH II A/SPAN 151,ROCHELLE AITON,11,2026,C,2.24 pts,6.29,,40,,#N/A
18,1/14/25,6,S1,SOC701 / 16,US HISTORY/A,SCOTT BOOTHBY,11,2026,B-,2.88 pts,6.43,,40,,Yes
18,1/14/25,1,S1,SOC701 / 11,US HISTORY/A,DAVE HAJEK,11,2026,C-,2.09 pts,3.14,,47,,#N/A
18,1/14/25,2,S1,SCI609 / 12,CHEMISTRY/A,GRANT MERRILL,11,2026,F,1.00 pts,2.86,,47,,Yes
18,1/14/25,3,S1,ASL503 / 13,AMERICAN SIGN LANGUAGE II/A,TAMI GRANT,11,2026,B-,2.85 pts,2,,47,,#N/A
18,1/14/25,4,S1,PED500 / 14,WEIGHT TRAINING,SCOTT DIZMANG,11,2026,A,4.00 pts,2,,47,,#N/A
18,1/14/25,5,S1,MAT701 / 35,ALGEBRA II A,JENNIFER REILLY,11,2026,B,2.96 pts,2,,47,,#N/A
18,1/14/25,6,S1,ENG701 / 16,JUNIOR ENG/A,JOHN CARVER,11,2026,B,2.99 pts,2,,47,,#N/A
18,1/14/25,1,S1,ENG701 / 11,JUNIOR ENG/A,JOHN CARVER,11,2026,C-,2.17 pts,5.43,,41,,#N/A
18,1/14/25,2,S1,HFL116 / 12,BAKING PASTRY ARTS I,KAYLA PAYNE,11,2026,D+,1.89 pts,4,,41,,#N/A
18,1/14/25,3,S1,SCI503 / 33,PHYSICAL SCIENCE A,WILLIAM BAUR,11,2026,C,2.26 pts,3,,41,,#N/A
18,1/14/25,4,S1,SOC701 / 14,US HISTORY/A,DAVE HAJEK,11,2026,F,1.64 pts,4.86,,41,,Yes
18,1/14/25,5,S1,ASL503 / 15,AMERICAN SIGN LANGUAGE II/A,TAMI GRANT,11,2026,A-,3.50 pts,4,,41,,#N/A
18,1/14/25,6,S1,MAT701 / 16,ALGEBRA II A,JASON BLAESING,11,2026,D+,1.89 pts,4.14,Larry,41,Active,Yes
18,1/14/25,1,S1,FAR606 / 11,ADVANCED ACTING/ A,KELLY GREGERSEN,12,2025,A,3.71 pts,6.14,,42,,#N/A
18,1/14/25,2,S1,SCI609 / 12,CHEMISTRY/A,GRANT MERRILL,12,2025,F,1.08 pts,5.43,Jay,42,,Yes
18,1/14/25,3,S1,ENG801 / 13,SENIOR ENG/A,JOHN CARVER,12,2025,C+,2.53 pts,7.29,,42,,#N/A
18,1/14/25,4,S1,HFL118 / 14,ADV CULINARY ARTS A,ALEXANDRA YOST,12,2025,B,2.99 pts,7.14,,42,,#N/A
18,1/14/25,5,S1,BUS301 / 15,PERSONAL FINANCE A,NICOLE SIMEK,12,2025,C,2.46 pts,6.57,,42,,#N/A
18,1/14/25,6,S1,FAR542 / 16,WIND ENSEMB/A,DAVID DUARTE,12,2025,A,3.99 pts,6.57,,42,,#N/A
18,1/14/25,1,S1,ENG701 / 11,JUNIOR ENG/A,JOHN CARVER,11,2026,F,1.55 pts,23.43,,43,,#N/A
18,1/14/25,2,S1,SCI503 / 12,PHYSICAL SCIENCE A,JAMES BENNETT,11,2026,C+,2.66 pts,20.71,,43,,#N/A
18,1/14/25,3,S1,ASL503 / 13,AMERICAN SIGN LANGUAGE II/A,TAMI GRANT,11,2026,C-,2.11 pts,16.43,,43,,#N/A
18,1/14/25,4,S1,SOC701 / 14,US HISTORY/A,DAVE HAJEK,11,2026,D,1.65 pts,22.57,,43,,Yes
18,1/14/25,5,S1,SOC105 / 15,AP PSYCHOLOGY A,JIM REED,11,2026,F,1.58 pts,17.43,,43,,#N/A
18,1/14/25,6,S1,MAT701 / 16,ALGEBRA II A,JASON BLAESING,11,2026,F,1.44 pts,21,,43,,Yes
18,1/14/25,1,S1,MAT522 / 11,GEOMETRY A,ROCHELLE AITON,10,2027,F,1.36 pts,19.57,,44,,Yes
18,1/14/25,1,S1,MAT522 / 11,GEOMETRY A,NINETTE LILIENTHAL,10,2027,F,1.36 pts,19.57,,44,,Yes
18,1/14/25,2,S1,HFL116 / 12,BAKING PASTRY ARTS I,KAYLA PAYNE,10,2027,C-,2.06 pts,15.14,,44,,#N/A
18,1/14/25,3,S1,SCI601 / 33,BIOLOGY A,DONNA SCHATZ,10,2027,F,0.95 pts,15.86,,44,,#N/A
18,1/14/25,4,S1,PED500 / 14,WEIGHT TRAINING,SCOTT DIZMANG,10,2027,C,2.47 pts,21.86,,44,,#N/A
18,1/14/25,5,S1,ENG601 / 15,SOPH ENG/A,MARCEE SALAS,10,2027,F,1.57 pts,19.14,,44,,Yes
18,1/14/25,6,S1,SOC108 / 16,WORLD HISTORY/A,RYAN ISAACSON,10,2027,F,0.83 pts,22.71,,44,,#N/A
18,1/14/25,1,S1,VOC705 / 11,DIGITAL PHOTOGRAPHY I,ROSANNA RUFF,11,2026,A-,3.55 pts,6.57,,45,,#N/A
18,1/14/25,2,S1,SCI609 / 12,CHEMISTRY/A,GRANT MERRILL,11,2026,F,1.55 pts,6.29,Jay,45,Active,Yes
18,1/14/25,3,S1,ENG719 / 13,AP LANGUAGE/COMPOSITION A,HEATHER CARVER,11,2026,B+,3.29 pts,5.86,,45,,#N/A
18,1/14/25,4,S1,PED500 / 14,WEIGHT TRAINING,SCOTT DIZMANG,11,2026,A,3.79 pts,5.86,,45,,#N/A
18,1/14/25,5,S1,SOC703 / 15,AP US HISTORY A,RYAN ISAACSON,11,2026,A,4.00 pts,5.86,,45,,#N/A
18,1/14/25,6,S1,MAT701 / 16,ALGEBRA II A,JASON BLAESING,11,2026,C,2.38 pts,6,,45,,Yes
18,1/14/25,6,S1,SOC701 / 16,US HISTORY/A,SCOTT BOOTHBY,11,2026,A-,3.58 pts,9.71,,210,,Yes
18,1/14/25,4,S1,MAT522 / 14,GEOMETRY A,ROCHELLE AITON,10,2027,A,3.66 pts,3.43,,444,,Yes
18,1/14/25,4,S1,MAT522 / 14,GEOMETRY A,NINETTE LILIENTHAL,10,2027,A,3.66 pts,3.43,,444,,Yes
18,1/14/25,4,S1,SCI601 / 14,BIOLOGY A,GRANT MERRILL,10,2027,D,1.68 pts,7.14,,448,,Yes
18,1/14/25,5,S1,MAT522 / 15,GEOMETRY A,BRIAN ANDERSON,10,2027,F,0.62 pts,6.57,,194,,Yes
18,1/14/25,4,S1,SOC701 / 14,US HISTORY/A,DAVE HAJEK,11,2026,B-,2.88 pts,3,,298,,Yes
18,1/14/25,5,S1,ENG701 / 15,JUNIOR ENG/A,JOHN CARVER,11,2026,A-,3.59 pts,3.14,,298,,Yes
18,1/14/25,6,S1,ENG501 / 16,FR ENGLISH/A,DAVID HOLLINGSWORTH,9,2028,A,3.85 pts,1.43,,181,,Yes
18,1/14/25,2,S1,MAT522 / 12,GEOMETRY A,ROCHELLE AITON,10,2027,A-,3.49 pts,0.86,,206,,Yes
18,1/14/25,2,S1,MAT522 / 12,GEOMETRY A,NINETTE LILIENTHAL,10,2027,A-,3.49 pts,0.86,,206,,Yes
18,1/14/25,6,S1,SCI601 / 36,BIOLOGY A,WILLIAM BAUR,10,2027,B-,2.86 pts,1.14,,206,,Yes
18,1/14/25,2,S1,ENG601 / 12,SOPH ENG/A,KELLY GREGERSEN,10,2027,B,2.93 pts,8.29,,418,,Yes
18,1/14/25,6,S1,SCI601 / 16,BIOLOGY A,GRANT MERRILL,10,2027,B,2.96 pts,7.57,,418,,Yes
18,1/14/25,1,S1,MAT522 / 11,GEOMETRY A,ROCHELLE AITON,10,2027,F,1.23 pts,14,,116,,Yes
18,1/14/25,1,S1,MAT522 / 11,GEOMETRY A,NINETTE LILIENTHAL,10,2027,F,1.23 pts,14,,116,,Yes
18,1/14/25,2,S1,ENG601 / 12,SOPH ENG/A,KELLY GREGERSEN,10,2027,D,1.76 pts,14.14,,116,,Yes
18,1/14/25,3,S1,BUS301 / 13,PERSONAL FINANCE A,NICOLE SIMEK,11,2026,F,1.42 pts,5.14,,209,,Yes
18,1/14/25,2,S1,MAT701 / 12,ALGEBRA II A,JASON BLAESING,11,2026,B+,3.32 pts,5.71,,222,,Yes
18,1/14/25,5,S1,ENG701 / 15,JUNIOR ENG/A,JOHN CARVER,11,2026,A-,3.57 pts,6.29,,222,,Yes
18,1/14/25,3,S1,SCI601 / 13,BIOLOGY A,GRANT MERRILL,10,2027,F,1.19 pts,15.43,,391,,Yes
18,1/14/25,3,S1,MAT522 / 13,GEOMETRY A,ROCHELLE AITON,10,2027,A,3.71 pts,4.29,,264,,Yes
18,1/14/25,3,S1,MAT522 / 13,GEOMETRY A,NINETTE LILIENTHAL,10,2027,A,3.71 pts,4.29,,264,,Yes
18,1/14/25,3,S1,MAT701 / 13,ALGEBRA II A,JENNIFER REILLY,11,2026,F,1.56 pts,25.29,,177,,Yes
18,1/14/25,5,S1,ENG701 / 15,JUNIOR ENG/A,JOHN CARVER,11,2026,F,1.53 pts,24.57,,177,,Yes
18,1/14/25,6,S1,SOC701 / 16,US HISTORY/A,SCOTT BOOTHBY,11,2026,F,1.45 pts,26,,177,,Yes
18,1/14/25,3,S1,BUS301 / 13,PERSONAL FINANCE A,NICOLE SIMEK,11,2026,F,0.40 pts,42.57,,300,,Yes
18,1/14/25,5,S1,ENG701 / 15,JUNIOR ENG/A,JOHN CARVER,11,2026,F,1.03 pts,32.43,,300,,Yes
18,1/14/25,2,S1,MAT701 / 12,ALGEBRA II A,JASON BLAESING,11,2026,B+,3.24 pts,0.29,,56,,Yes
18,1/14/25,5,S1,ENG701 / 15,JUNIOR ENG/A,JOHN CARVER,11,2026,C,2.27 pts,0.71,,56,,Yes
18,1/14/25,4,S1,SCI601 / 14,BIOLOGY A,GRANT MERRILL,10,2027,C,2.42 pts,4.57,,198,,Yes
18,1/14/25,5,S1,MAT522 / 15,GEOMETRY A,BRIAN ANDERSON,10,2027,C,2.47 pts,4,,198,,Yes
18,1/14/25,2,S1,SCI609 / 12,CHEMISTRY/A,GRANT MERRILL,11,2026,F,1.19 pts,3,,150,,Yes
18,1/14/25,1,S1,MAT522 / 11,GEOMETRY A,ROCHELLE AITON,10,2027,F,1.22 pts,1.71,,94,,Yes
18,1/14/25,1,S1,MAT522 / 11,GEOMETRY A,NINETTE LILIENTHAL,10,2027,F,1.22 pts,1.71,,94,,Yes
18,1/14/25,2,S1,ENG601 / 12,SOPH ENG/A,KELLY GREGERSEN,10,2027,F,1.07 pts,1.71,,94,,Yes
18,1/14/25,6,S1,SCI601 / 36,BIOLOGY A,WILLIAM BAUR,10,2027,A,3.68 pts,0.14,,133,,Yes
18,1/14/25,3,S1,MAT522 / 13,GEOMETRY A,ROCHELLE AITON,9,2028,B,2.92 pts,6.71,,76,,Yes
18,1/14/25,3,S1,MAT522 / 13,GEOMETRY A,NINETTE LILIENTHAL,9,2028,B,2.92 pts,6.71,,76,,Yes
18,1/14/25,3,S1,MAT701 / 13,ALGEBRA II A,JENNIFER REILLY,12,2025,A-,3.56 pts,0,,149,,Yes
18,1/14/25,4,S1,SCI601 / 14,BIOLOGY A,GRANT MERRILL,12,2025,B,3.14 pts,16.43,,426,,Yes
18,1/14/25,5,S1,ENG601 / 15,SOPH ENG/A,MARCEE SALAS,10,2027,B-,2.76 pts,6,,403,,Yes
18,1/14/25,2,S1,MAT701 / 12,ALGEBRA II A,JASON BLAESING,11,2026,C,2.31 pts,11.86,,78,,Yes
18,1/14/25,1,S1,MAT522 / 11,GEOMETRY A,ROCHELLE AITON,10,2027,F,1.09 pts,5.43,,122,,Yes
18,1/14/25,1,S1,MAT522 / 11,GEOMETRY A,NINETTE LILIENTHAL,10,2027,F,1.09 pts,5.43,,122,,Yes
18,1/14/25,2,S1,ENG601 / 12,SOPH ENG/A,KELLY GREGERSEN,10,2027,F,1.21 pts,5,,122,,Yes
18,1/14/25,2,S1,MAT701 / 12,ALGEBRA II A,JASON BLAESING,11,2026,A,3.68 pts,7.5,,124,,Yes
18,1/14/25,2,S1,SCI609 / 12,CHEMISTRY/A,GRANT MERRILL,11,2026,A-,3.47 pts,5.29,,315,,Yes
18,1/14/25,6,S1,MAT701 / 16,ALGEBRA II A,JASON BLAESING,11,2026,B+,3.32 pts,3.71,,314,,Yes
18,1/14/25,2,S1,BUS301 / 12,PERSONAL FINANCE A,NICOLE SIMEK,11,2026,A-,3.58 pts,0,,327,,Yes
18,1/14/25,5,S1,ENG701 / 15,JUNIOR ENG/A,JOHN CARVER,11,2026,A-,3.47 pts,0,,327,,Yes
18,1/14/25,6,S1,SOC701 / 16,US HISTORY/A,SCOTT BOOTHBY,11,2026,A-,3.59 pts,0.14,,327,,Yes
18,1/14/25,6,S1,ENG501 / 16,FR ENGLISH/A,DAVID HOLLINGSWORTH,9,2028,D,1.67 pts,10.86,,289,,Yes
18,1/14/25,2,S1,BUS301 / 12,PERSONAL FINANCE A,NICOLE SIMEK,12,2025,C+,2.55 pts,15.29,,385,,Yes
18,1/14/25,5,S1,ENG701 / 15,JUNIOR ENG/A,JOHN CARVER,12,2025,B,2.96 pts,14.57,,385,,Yes
18,1/14/25,1,S1,MAT522 / 11,GEOMETRY A,ROCHELLE AITON,9,2028,B,3.13 pts,8.14,,69,,Yes
18,1/14/25,1,S1,MAT522 / 11,GEOMETRY A,NINETTE LILIENTHAL,9,2028,B,3.13 pts,8.14,,69,,Yes
18,1/14/25,4,S1,SOC701 / 14,US HISTORY/A,DAVE HAJEK,11,2026,C,2.49 pts,9,,439,,Yes
18,1/14/25,6,S1,ENG501 / 16,FR ENGLISH/A,DAVID HOLLINGSWORTH,9,2028,F,1.05 pts,29.57,,410,,Yes
18,1/14/25,2,S1,MAT522 / 12,GEOMETRY A,ROCHELLE AITON,10,2027,C,2.48 pts,5.86,,146,,Yes
18,1/14/25,2,S1,MAT522 / 12,GEOMETRY A,NINETTE LILIENTHAL,10,2027,C,2.48 pts,5.86,,146,,Yes
18,1/14/25,6,S1,SCI601 / 16,BIOLOGY A,GRANT MERRILL,10,2027,B,3.05 pts,7,,146,,Yes
18,1/14/25,2,S1,MAT522 / 12,GEOMETRY A,ROCHELLE AITON,9,2028,A,3.78 pts,1,,231,,Yes
18,1/14/25,2,S1,MAT522 / 12,GEOMETRY A,NINETTE LILIENTHAL,9,2028,A,3.78 pts,1,,231,,Yes
18,1/14/25,2,S1,MAT701 / 12,ALGEBRA II A,JASON BLAESING,11,2026,D+,1.90 pts,2.71,,152,,Yes
18,1/14/25,4,S1,MAT522 / 14,GEOMETRY A,ROCHELLE AITON,10,2027,B-,2.71 pts,0,,202,,Yes
18,1/14/25,4,S1,MAT522 / 14,GEOMETRY A,NINETTE LILIENTHAL,10,2027,B-,2.71 pts,0,,202,,Yes
18,1/14/25,6,S1,SCI601 / 16,BIOLOGY A,GRANT MERRILL,10,2027,C-,2.18 pts,0,,202,,Yes
18,1/14/25,6,S1,MAT701 / 16,ALGEBRA II A,JASON BLAESING,11,2026,C-,2.02 pts,4.86,,379,,Yes
18,1/14/25,1,S1,MAT522 / 11,GEOMETRY A,ROCHELLE AITON,10,2027,C+,2.62 pts,3.57,,335,,Yes
18,1/14/25,1,S1,MAT522 / 11,GEOMETRY A,NINETTE LILIENTHAL,10,2027,C+,2.62 pts,3.57,,335,,Yes
18,1/14/25,6,S1,SCI601 / 16,BIOLOGY A,GRANT MERRILL,10,2027,C,2.40 pts,1,,375,,Yes
18,1/14/25,6,S1,SOC701 / 16,US HISTORY/A,SCOTT BOOTHBY,11,2026,C+,2.54 pts,1,,376,,Yes
18,1/14/25,1,S1,MAT522 / 11,GEOMETRY A,ROCHELLE AITON,10,2027,D+,1.91 pts,1.71,,399,,Yes
18,1/14/25,1,S1,MAT522 / 11,GEOMETRY A,NINETTE LILIENTHAL,10,2027,D+,1.91 pts,1.71,,399,,Yes
18,1/14/25,2,S1,ENG601 / 12,SOPH ENG/A,KELLY GREGERSEN,10,2027,C+,2.65 pts,1.43,,399,,Yes
18,1/14/25,6,S1,SCI601 / 16,BIOLOGY A,GRANT MERRILL,10,2027,D,1.73 pts,2,,399,,Yes
18,1/14/25,4,S1,SCI601 / 14,BIOLOGY A,GRANT MERRILL,10,2027,C+,2.53 pts,0.86,,441,,Yes
18,1/14/25,6,S1,SCI601 / 36,BIOLOGY A,WILLIAM BAUR,10,2027,C,2.28 pts,0.86,,174,,Yes
18,1/14/25,5,S1,MAT522 / 15,GEOMETRY A,BRIAN ANDERSON,10,2027,F,1.15 pts,19.29,,63,,Yes
18,1/14/25,3,S1,BUS301 / 13,PERSONAL FINANCE A,NICOLE SIMEK,12,2025,A,3.99 pts,22.71,,413,,Yes
18,1/14/25,6,S1,ENG501 / 16,FR ENGLISH/A,DAVID HOLLINGSWORTH,9,2028,D+,1.89 pts,5.86,,245,,Yes
18,1/14/25,3,S1,MAT701 / 13,ALGEBRA II A,JENNIFER REILLY,11,2026,B,3.04 pts,4.14,,172,,Yes
18,1/14/25,3,S1,MAT522 / 13,GEOMETRY A,ROCHELLE AITON,9,2028,C+,2.63 pts,6.57,,358,,Yes
18,1/14/25,3,S1,MAT522 / 13,GEOMETRY A,NINETTE LILIENTHAL,9,2028,C+,2.63 pts,6.57,,358,,Yes
18,1/14/25,6,S1,ENG501 / 16,FR ENGLISH/A,DAVID HOLLINGSWORTH,9,2028,A,3.63 pts,0,,189,,Yes
18,1/14/25,5,S1,MAT522 / 15,GEOMETRY A,BRIAN ANDERSON,9,2028,B,3.04 pts,0,,420,,Yes
18,1/14/25,4,S1,SCI601 / 14,BIOLOGY A,GRANT MERRILL,10,2027,F,1.25 pts,24.71,,456,,Yes
18,1/14/25,5,S1,MAT522 / 15,GEOMETRY A,BRIAN ANDERSON,10,2027,C,2.24 pts,2,,163,,Yes
18,1/14/25,6,S1,ENG501 / 16,FR ENGLISH/A,DAVID HOLLINGSWORTH,9,2028,B,3.00 pts,7.14,,366,,Yes
18,1/14/25,6,S1,ENG501 / 16,FR ENGLISH/A,DAVID HOLLINGSWORTH,9,2028,C-,2.18 pts,36.43,,129,,Yes
18,1/14/25,2,S1,MAT522 / 12,GEOMETRY A,ROCHELLE AITON,10,2027,B+,3.22 pts,20.43,,220,,Yes
18,1/14/25,2,S1,MAT522 / 12,GEOMETRY A,NINETTE LILIENTHAL,10,2027,B+,3.22 pts,20.43,,220,,Yes
18,1/14/25,3,S1,SCI601 / 13,BIOLOGY A,GRANT MERRILL,10,2027,C,2.24 pts,20.57,,220,,Yes
18,1/14/25,3,S1,BUS301 / 13,PERSONAL FINANCE A,NICOLE SIMEK,12,2025,A,4.00 pts,0.14,,326,,Yes
18,1/14/25,5,S1,ENG701 / 15,JUNIOR ENG/A,JOHN CARVER,11,2026,B+,3.35 pts,3.33,,148,,Yes
18,1/14/25,6,S1,MAT701 / 16,ALGEBRA II A,JASON BLAESING,11,2026,B,3.04 pts,3,,148,,Yes
18,1/14/25,1,S1,MAT704 / 11,PRE-CALC A MAT 153,BRIAN ANDERSON,11,2026,C-,2.07 pts,5.29,,350,,Yes
18,1/14/25,2,S1,SCI609 / 12,CHEMISTRY/A,GRANT MERRILL,11,2026,B-,2.72 pts,6.29,,350,,Yes
18,1/14/25,4,S1,SOC701 / 14,US HISTORY/A,DAVE HAJEK,11,2026,B-,2.74 pts,6.57,,350,,Yes
18,1/14/25,5,S1,ENG701 / 15,JUNIOR ENG/A,JOHN CARVER,11,2026,B,3.10 pts,6.57,,350,,Yes
18,1/14/25,2,S1,MAT701 / 12,ALGEBRA II A,JASON BLAESING,10,2027,A,3.79 pts,4.29,,398,,Yes
18,1/14/25,3,S1,SCI601 / 13,BIOLOGY A,GRANT MERRILL,10,2027,B,3.17 pts,4.14,,398,,Yes
18,1/14/25,4,S1,SOC701 / 14,US HISTORY/A,DAVE HAJEK,11,2026,F,1.22 pts,13,,286,,Yes
18,1/14/25,6,S1,ENG501 / 16,FR ENGLISH/A,DAVID HOLLINGSWORTH,9,2028,C-,2.10 pts,8.02,,461,,Yes
18,1/14/25,5,S1,ENG701 / 15,JUNIOR ENG/A,JOHN CARVER,11,2026,F,0.18 pts,23.71,,466,,Yes
18,1/14/25,5,S1,ENG701 / 15,JUNIOR ENG/A,JOHN CARVER,11,2026,F,0.18 pts,24.71,,465,,Yes
18,1/14/25,2,S1,SCI609 / 12,CHEMISTRY/A,GRANT MERRILL,10,2027,F,0.00 pts,0,,469,,Yes
19,1/21/25,3,S1,BUS301 / 13,PERSONAL FINANCE A,NICOLE SIMEK,12,2025,A,3.85 pts,0,,200,,Yes
19,1/21/25,3,S1,BUS301 / 13,PERSONAL FINANCE A,NICOLE SIMEK,12,2025,C+,2.56 pts,6.29,,394,,Yes
19,1/21/25,2,S1,BUS301 / 12,PERSONAL FINANCE A,NICOLE SIMEK,12,2025,A,3.83 pts,6,,93,,Yes
19,1/21/25,2,S1,BUS301 / 12,PERSONAL FINANCE A,NICOLE SIMEK,12,2025,C+,2.61 pts,10.29,,299,,Yes
19,1/21/25,1,S1,MAT522 / 11,GEOMETRY A,ROCHELLE AITON,10,2027,B-,2.74 pts,0.43,,179,,Yes
19,1/21/25,1,S1,MAT522 / 11,GEOMETRY A,NINETTE LILIENTHAL,10,2027,B-,2.74 pts,0.43,,179,,Yes
19,1/21/25,3,S1,MAT701 / 13,ALGEBRA II A,JENNIFER REILLY,11,2026,B,3.04 pts,11,,271,,Yes
19,1/21/25,6,S1,SOC701 / 16,US HISTORY/A,SCOTT BOOTHBY,11,2026,D,1.75 pts,10.29,,271,,Yes
19,1/21/25,1,S1,MAT704 / 11,PRE-CALC A MAT 153,BRIAN ANDERSON,11,2026,B,3.17 pts,9.57,,101,,Yes
19,1/21/25,2,S1,SCI609 / 12,CHEMISTRY/A,GRANT MERRILL,11,2026,A,3.67 pts,9.57,,101,,Yes
19,1/21/25,4,S1,SOC701 / 14,US HISTORY/A,DAVE HAJEK,11,2026,B+,3.34 pts,8.57,,101,,Yes
19,1/21/25,3,S1,MAT522 / 13,GEOMETRY A,ROCHELLE AITON,9,2028,A,3.82 pts,0,,192,,Yes
19,1/21/25,3,S1,MAT522 / 13,GEOMETRY A,NINETTE LILIENTHAL,9,2028,A,3.82 pts,0,,192,,Yes
19,1/21/25,5,S1,ENG701 / 15,JUNIOR ENG/A,JOHN CARVER,11,2026,W,0.51 pts,49.57,,239,,Yes
19,1/21/25,2,S1,ENG601 / 12,SOPH ENG/A,KELLY GREGERSEN,10,2027,B,3.02 pts,0,,392,,Yes
19,1/21/25,6,S1,MAT701 / 16,ALGEBRA II A,JASON BLAESING,12,2025,C,2.24 pts,8.86,,49,,Yes
19,1/21/25,2,S1,BUS301 / 12,PERSONAL FINANCE A,NICOLE SIMEK,12,2025,A,3.99 pts,5.86,,176,,Yes
19,1/21/25,2,S1,BUS301 / 12,PERSONAL FINANCE A,NICOLE SIMEK,12,2025,D+,1.85 pts,38,,227,,Yes
19,1/21/25,2,S1,BUS301 / 12,PERSONAL FINANCE A,NICOLE SIMEK,12,2025,A,3.75 pts,5.71,,233,,Yes
19,1/21/25,3,S1,BUS301 / 13,PERSONAL FINANCE A,NICOLE SIMEK,12,2025,A-,3.58 pts,8.57,,280,,Yes
19,1/21/25,3,S1,BUS301 / 13,PERSONAL FINANCE A,NICOLE SIMEK,12,2025,A,3.89 pts,3.86,,341,,Yes
19,1/21/25,2,S1,BUS301 / 12,PERSONAL FINANCE A,NICOLE SIMEK,12,2025,C-,2.07 pts,24.14,,201,,Yes
19,1/21/25,2,S1,BUS301 / 12,PERSONAL FINANCE A,NICOLE SIMEK,12,2025,F,1.64 pts,13.14,,362,,Yes
19,1/21/25,2,S1,BUS301 / 12,PERSONAL FINANCE A,NICOLE SIMEK,12,2025,A,3.95 pts,4.43,,259,,Yes
19,1/21/25,2,S1,SCI609 / 12,CHEMISTRY/A,GRANT MERRILL,12,2025,B-,2.85 pts,21,,423,,Yes
19,1/21/25,3,S1,BUS301 / 13,PERSONAL FINANCE A,NICOLE SIMEK,12,2025,D+,1.84 pts,3.57,,305,,Yes
19,1/21/25,6,S1,SCI601 / 36,BIOLOGY A,WILLIAM BAUR,12,2025,C+,2.51 pts,5.43,,188,,Yes
19,1/21/25,1,S1,MAT704 / 11,PRE-CALC A MAT 153,BRIAN ANDERSON,12,2025,D,1.73 pts,8.71,,323,,Yes
19,1/21/25,3,S1,BUS301 / 13,PERSONAL FINANCE A,NICOLE SIMEK,12,2025,B+,3.28 pts,7.71,,323,,Yes
19,1/21/25,2,S1,BUS301 / 12,PERSONAL FINANCE A,NICOLE SIMEK,12,2025,C,2.30 pts,21.29,,216,,Yes
19,1/21/25,3,S1,BUS301 / 13,PERSONAL FINANCE A,NICOLE SIMEK,12,2025,B+,3.34 pts,3.45,,408,,Yes
19,1/21/25,3,S1,BUS301 / 13,PERSONAL FINANCE A,NICOLE SIMEK,12,2025,A,3.88 pts,0.57,,90,,Yes
19,1/21/25,2,S1,SCI609 / 12,CHEMISTRY/A,GRANT MERRILL,12,2025,B+,3.22 pts,6.5,,82,,Yes
19,1/21/25,3,S1,BUS301 / 13,PERSONAL FINANCE A,NICOLE SIMEK,11,2026,C,2.37 pts,2,,253,,Yes
19,1/21/25,3,S1,MAT701 / 13,ALGEBRA II A,JENNIFER REILLY,11,2026,,2.92 pts,0,,115,,Yes
19,1/21/25,4,S1,SOC701 / 14,US HISTORY/A,DAVE HAJEK,11,2026,F,0.96 pts,15.14,,254,,Yes
19,1/21/25,5,S1,ENG701 / 15,JUNIOR ENG/A,JOHN CARVER,11,2026,C,2.27 pts,13.71,,254,,Yes
19,1/21/25,2,S1,BUS301 / 12,PERSONAL FINANCE A,NICOLE SIMEK,12,2025,C,2.36 pts,4.86,,61,,Yes
19,1/21/25,3,S1,BUS301 / 13,PERSONAL FINANCE A,NICOLE SIMEK,12,2025,C+,2.69 pts,8.57,,332,,Yes
19,1/21/25,2,S1,SCI609 / 12,CHEMISTRY/A,GRANT MERRILL,12,2025,F,0.75 pts,44,,354,,Yes
19,1/21/25,3,S1,BUS301 / 13,PERSONAL FINANCE A,NICOLE SIMEK,12,2025,C,2.20 pts,5.43,,105,,Yes
19,1/21/25,4,S1,MAT522 / 14,GEOMETRY A,ROCHELLE AITON,10,2027,C-,2.02 pts,5.29,,425,,Yes
19,1/21/25,4,S1,MAT522 / 14,GEOMETRY A,NINETTE LILIENTHAL,10,2027,C-,2.02 pts,5.29,,425,,Yes
19,1/21/25,6,S1,MAT701 / 16,ALGEBRA II A,JASON BLAESING,10,2027,A,3.90 pts,0.14,,54,,Yes
19,1/21/25,2,S1,MAT522 / 12,GEOMETRY A,ROCHELLE AITON,10,2027,C,2.24 pts,7.71,,338,,Yes
19,1/21/25,2,S1,MAT522 / 12,GEOMETRY A,NINETTE LILIENTHAL,10,2027,C,2.24 pts,7.71,,338,,Yes
19,1/21/25,5,S1,ENG601 / 15,SOPH ENG/A,MARCEE SALAS,10,2027,C,2.26 pts,7.71,,338,,Yes
19,1/21/25,3,S1,SCI601 / 13,BIOLOGY A,GRANT MERRILL,10,2027,F,0.98 pts,50.86,,92,,Yes
19,1/21/25,3,S1,MAT522 / 13,GEOMETRY A,ROCHELLE AITON,9,2028,A-,3.55 pts,0.86,,363,,Yes
19,1/21/25,3,S1,MAT522 / 13,GEOMETRY A,NINETTE LILIENTHAL,9,2028,A-,3.55 pts,0.86,,363,,Yes
19,1/21/25,6,S1,ENG501 / 16,FR ENGLISH/A,DAVID HOLLINGSWORTH,9,2028,C,2.34 pts,2,,229,,Yes
19,1/21/25,4,S1,MAT522 / 14,GEOMETRY A,ROCHELLE AITON,10,2027,F,1.61 pts,6.57,,424,,Yes
19,1/21/25,4,S1,MAT522 / 14,GEOMETRY A,NINETTE LILIENTHAL,10,2027,F,1.61 pts,6.57,,424,,Yes
19,1/21/25,2,S1,MAT701 / 12,ALGEBRA II A,JASON BLAESING,11,2026,D+,1.95 pts,0,,107,,Yes
19,1/21/25,1,S1,MAT704 / 11,PRE-CALC A MAT 153,BRIAN ANDERSON,11,2026,C+,2.55 pts,3,,114,,Yes
19,1/21/25,2,S1,SCI609 / 12,CHEMISTRY/A,GRANT MERRILL,11,2026,B-,2.80 pts,2.14,,114,,Yes
19,1/21/25,2,S1,ENG601 / 12,SOPH ENG/A,KELLY GREGERSEN,10,2027,D+,1.94 pts,14.29,,117,,Yes
19,1/21/25,4,S1,MAT522 / 14,GEOMETRY A,ROCHELLE AITON,10,2027,F,1.04 pts,15.14,,117,,Yes
19,1/21/25,4,S1,MAT522 / 14,GEOMETRY A,NINETTE LILIENTHAL,10,2027,F,1.04 pts,15.14,,117,,Yes
19,1/21/25,6,S1,SCI601 / 16,BIOLOGY A,GRANT MERRILL,10,2027,F,1.20 pts,16,,117,,Yes
19,1/21/25,3,S1,MAT522 / 13,GEOMETRY A,ROCHELLE AITON,10,2027,B,3.02 pts,9.71,,118,,Yes
19,1/21/25,3,S1,MAT522 / 13,GEOMETRY A,NINETTE LILIENTHAL,10,2027,B,3.02 pts,9.71,,118,,Yes
19,1/21/25,5,S1,MAT522 / 15,GEOMETRY A,BRIAN ANDERSON,10,2027,D+,1.96 pts,9.29,,142,,Yes
19,1/21/25,6,S1,SCI601 / 16,BIOLOGY A,GRANT MERRILL,10,2027,F,1.58 pts,9.71,,142,,Yes
19,1/21/25,2,S1,MAT522 / 12,GEOMETRY A,ROCHELLE AITON,10,2027,C,2.47 pts,9.86,,168,,Yes
19,1/21/25,2,S1,MAT522 / 12,GEOMETRY A,NINETTE LILIENTHAL,10,2027,C,2.47 pts,9.86,,168,,Yes
19,1/21/25,3,S1,MAT701 / 13,ALGEBRA II A,JENNIFER REILLY,11,2026,A-,3.59 pts,2,,208,,Yes
19,1/21/25,5,S1,MAT522 / 15,GEOMETRY A,BRIAN ANDERSON,10,2027,C,2.45 pts,1.86,,244,,Yes
19,1/21/25,2,S1,ENG601 / 12,SOPH ENG/A,KELLY GREGERSEN,10,2027,A,3.67 pts,0.14,,324,,Yes
19,1/21/25,3,S1,MAT522 / 13,GEOMETRY A,ROCHELLE AITON,10,2027,C+,2.67 pts,0,,324,,Yes
19,1/21/25,3,S1,MAT522 / 13,GEOMETRY A,NINETTE LILIENTHAL,10,2027,C+,2.67 pts,0,,324,,Yes
19,1/21/25,4,S1,MAT522 / 14,GEOMETRY A,ROCHELLE AITON,10,2027,B-,2.77 pts,2,,458,,Yes
19,1/21/25,4,S1,MAT522 / 14,GEOMETRY A,NINETTE LILIENTHAL,10,2027,B-,2.77 pts,2,,458,,Yes
19,1/21/25,5,S1,ENG701 / 15,JUNIOR ENG/A,JOHN CARVER,11,2026,D+,1.91 pts,9.29,,131,,Yes
19,1/21/25,1,S1,MAT522 / 11,GEOMETRY A,ROCHELLE AITON,10,2027,F,0.88 pts,16,,248,,Yes
19,1/21/25,1,S1,MAT522 / 11,GEOMETRY A,NINETTE LILIENTHAL,10,2027,F,0.88 pts,16,,248,,Yes
19,1/21/25,5,S1,ENG601 / 15,SOPH ENG/A,MARCEE SALAS,10,2027,B,2.94 pts,2,,373,,Yes
19,1/21/25,6,S1,SCI601 / 36,BIOLOGY A,WILLIAM BAUR,10,2027,A,3.77 pts,2.14,,373,,Yes
19,1/21/25,2,S1,MAT701 / 12,ALGEBRA II A,JASON BLAESING,11,2026,A,3.88 pts,2.86,,320,,Yes
19,1/21/25,6,S1,SOC701 / 16,US HISTORY/A,SCOTT BOOTHBY,11,2026,B,2.92 pts,5.86,,320,,Yes
19,1/21/25,3,S1,MAT701 / 13,ALGEBRA II A,JENNIFER REILLY,11,2026,B-,2.80 pts,4.57,,128,,Yes
19,1/21/25,6,S1,MAT701 / 16,ALGEBRA II A,JASON BLAESING,11,2026,A,3.67 pts,12.67,,161,,Yes
19,1/21/25,3,S1,MAT701 / 13,ALGEBRA II A,JENNIFER REILLY,11,2026,A-,3.43 pts,16.67,,191,,Yes
19,1/21/25,6,S1,SOC701 / 16,US HISTORY/A,SCOTT BOOTHBY,11,2026,A,3.68 pts,8,,224,,Yes
19,1/21/25,5,S1,ENG701 / 15,JUNIOR ENG/A,JOHN CARVER,11,2026,C,2.37 pts,9,,255,,Yes
19,1/21/25,6,S1,SOC701 / 16,US HISTORY/A,SCOTT BOOTHBY,11,2026,D+,1.88 pts,10.14,,255,,Yes
19,1/21/25,2,S1,MAT701 / 12,ALGEBRA II A,JASON BLAESING,11,2026,B,2.98 pts,5,,260,,Yes
19,1/21/25,5,S1,ENG701 / 15,JUNIOR ENG/A,JOHN CARVER,11,2026,A,3.77 pts,6.14,,260,,Yes
19,1/21/25,5,S1,ENG701 / 15,JUNIOR ENG/A,JOHN CARVER,11,2026,F,1.61 pts,11,,396,,Yes
19,1/21/25,1,S1,MAT704 / 11,PRE-CALC A MAT 153,BRIAN ANDERSON,11,2026,A-,3.46 pts,2.67,,400,,Yes
19,1/21/25,2,S1,ENG601 / 12,SOPH ENG/A,KELLY GREGERSEN,10,2027,B-,2.89 pts,22.86,,416,,Yes
19,1/21/25,3,S1,MAT522 / 13,GEOMETRY A,ROCHELLE AITON,10,2027,D+,1.82 pts,23.14,,416,,Yes
19,1/21/25,3,S1,MAT522 / 13,GEOMETRY A,NINETTE LILIENTHAL,10,2027,D+,1.82 pts,23.14,,416,,Yes
19,1/21/25,1,S1,MAT522 / 11,GEOMETRY A,ROCHELLE AITON,10,2027,C,2.36 pts,5.71,,318,,Yes
19,1/21/25,1,S1,MAT522 / 11,GEOMETRY A,NINETTE LILIENTHAL,10,2027,C,2.36 pts,5.71,,318,,Yes
19,1/21/25,3,S1,SCI601 / 13,BIOLOGY A,GRANT MERRILL,10,2027,C-,2.17 pts,8.86,,318,,Yes
19,1/21/25,3,S1,BUS301 / 13,PERSONAL FINANCE A,NICOLE SIMEK,11,2026,A,3.64 pts,5,,230,,Yes
19,1/21/25,4,S1,SOC701 / 14,US HISTORY/A,DAVE HAJEK,11,2026,B,3.01 pts,5,,230,,Yes
19,1/21/25,5,S1,ENG701 / 15,JUNIOR ENG/A,JOHN CARVER,11,2026,A,3.92 pts,5,,230,,Yes
19,1/21/25,4,S1,SCI601 / 14,BIOLOGY A,GRANT MERRILL,10,2027,C+,2.58 pts,6.71,,429,,Yes
19,1/21/25,2,S1,BUS301 / 12,PERSONAL FINANCE A,NICOLE SIMEK,12,2025,C,2.27 pts,28.43,,331,,Yes
19,1/21/25,2,S1,ENG601 / 12,SOPH ENG/A,KELLY GREGERSEN,10,2027,A,3.84 pts,1,,102,,Yes
19,1/21/25,3,S1,MAT522 / 13,GEOMETRY A,ROCHELLE AITON,10,2027,B+,3.30 pts,1,,102,,Yes
19,1/21/25,3,S1,MAT522 / 13,GEOMETRY A,NINETTE LILIENTHAL,10,2027,B+,3.30 pts,1,,102,,Yes
19,1/21/25,6,S1,SOC701 / 16,US HISTORY/A,SCOTT BOOTHBY,11,2026,C-,2.15 pts,19.57,,134,,Yes
19,1/21/25,6,S1,MAT701 / 16,ALGEBRA II A,JASON BLAESING,11,2026,B,3.03 pts,11.5,,112,,Yes
19,1/21/25,3,S1,MAT701 / 13,ALGEBRA II A,JENNIFER REILLY,11,2026,A-,3.47 pts,18.29,,207,,Yes
19,1/21/25,2,S1,SCI609 / 12,CHEMISTRY/A,GRANT MERRILL,11,2026,B-,2.73 pts,6.57,,86,,Yes
19,1/21/25,6,S1,SOC701 / 16,US HISTORY/A,SCOTT BOOTHBY,11,2026,B-,2.80 pts,8,,86,,Yes
19,1/21/25,2,S1,MAT701 / 12,ALGEBRA II A,JASON BLAESING,11,2026,C+,2.50 pts,15.43,,145,,Yes
19,1/21/25,2,S1,SCI609 / 12,CHEMISTRY/A,GRANT MERRILL,11,2026,B,2.98 pts,16.29,,242,,Yes
19,1/21/25,3,S1,BUS301 / 13,PERSONAL FINANCE A,NICOLE SIMEK,11,2026,A,4.00 pts,16.43,,242,,Yes
19,1/21/25,1,S1,MAT704 / 11,PRE-CALC A MAT 153,BRIAN ANDERSON,11,2026,B+,3.24 pts,0,,151,,Yes
19,1/21/25,2,S1,MAT701 / 12,ALGEBRA II A,JASON BLAESING,11,2026,F,0.00 pts,44.67,,180,,Yes
19,1/21/25,4,S1,SOC701 / 14,US HISTORY/A,DAVE HAJEK,11,2026,F,1.44 pts,17.71,,438,,Yes
19,1/21/25,6,S1,MAT701 / 16,ALGEBRA II A,JASON BLAESING,11,2026,A-,3.46 pts,6.14,,342,,Yes
19,1/21/25,6,S1,MAT701 / 16,ALGEBRA II A,JASON BLAESING,11,2026,C+,2.50 pts,7.5,,357,,Yes
19,1/21/25,3,S1,MAT701 / 13,ALGEBRA II A,JENNIFER REILLY,11,2026,C-,2.18 pts,5.71,,339,,Yes
19,1/21/25,3,S1,MAT701 / 13,ALGEBRA II A,JENNIFER REILLY,11,2026,C,2.43 pts,15.43,,380,,Yes
19,1/21/25,6,S1,SOC701 / 16,US HISTORY/A,SCOTT BOOTHBY,11,2026,C+,2.63 pts,15.05,,380,,Yes
19,1/21/25,2,S1,SCI609 / 12,CHEMISTRY/A,GRANT MERRILL,11,2026,D+,1.87 pts,18.14,,282,,Yes
19,1/21/25,3,S1,MAT701 / 13,ALGEBRA II A,JENNIFER REILLY,11,2026,B,3.08 pts,18,,282,,Yes
19,1/21/25,4,S1,SOC701 / 14,US HISTORY/A,DAVE HAJEK,11,2026,D,1.78 pts,22.57,,282,,Yes
19,1/21/25,5,S1,ENG701 / 15,JUNIOR ENG/A,JOHN CARVER,11,2026,C-,2.16 pts,22.57,,282,,Yes
19,1/21/25,2,S1,BUS301 / 12,PERSONAL FINANCE A,NICOLE SIMEK,11,2026,A,3.87 pts,9.43,,185,,Yes
19,1/21/25,4,S1,SOC701 / 14,US HISTORY/A,DAVE HAJEK,11,2026,B,3.15 pts,9.29,,185,,Yes
19,1/21/25,3,S1,MAT701 / 13,ALGEBRA II A,JENNIFER REILLY,11,2026,A-,3.55 pts,2.33,,103,,Yes
19,1/21/25,2,S1,MAT701 / 12,ALGEBRA II A,JASON BLAESING,11,2026,C-,2.18 pts,5.29,,85,,Yes
19,1/21/25,6,S1,SOC701 / 16,US HISTORY/A,SCOTT BOOTHBY,11,2026,A-,3.55 pts,5.57,,85,,Yes
19,1/21/25,1,S1,MAT704 / 11,PRE-CALC A MAT 153,BRIAN ANDERSON,11,2026,A-,3.49 pts,5,,95,,Yes
19,1/21/25,6,S1,MAT701 / 16,ALGEBRA II A,JASON BLAESING,11,2026,B,2.91 pts,2.5,,50,,Yes
19,1/21/25,1,S1,MAT704 / 11,PRE-CALC A MAT 153,BRIAN ANDERSON,11,2026,C,2.32 pts,4,,328,,Yes
19,1/21/25,6,S1,SOC701 / 16,US HISTORY/A,SCOTT BOOTHBY,11,2026,C-,2.10 pts,6.6,,275,,Yes
19,1/21/25,1,S1,MAT704 / 11,PRE-CALC A MAT 153,BRIAN ANDERSON,11,2026,A,3.71 pts,0,,409,,Yes
19,1/21/25,5,S1,ENG701 / 15,JUNIOR ENG/A,JOHN CARVER,11,2026,A,3.96 pts,0,,409,,Yes
19,1/21/25,3,S1,MAT701 / 13,ALGEBRA II A,JENNIFER REILLY,11,2026,C+,2.59 pts,7.14,,412,,Yes
19,1/21/25,6,S1,SOC701 / 16,US HISTORY/A,SCOTT BOOTHBY,11,2026,A,3.92 pts,2,,68,,Yes
19,1/21/25,3,S1,BUS301 / 13,PERSONAL FINANCE A,NICOLE SIMEK,11,2026,C,2.31 pts,6,,267,,Yes
19,1/21/25,6,S1,SOC701 / 16,US HISTORY/A,SCOTT BOOTHBY,11,2026,C-,2.11 pts,43.86,,147,,Yes
19,1/21/25,2,S1,BUS301 / 12,PERSONAL FINANCE A,NICOLE SIMEK,12,2025,F,1.42 pts,32.29,,73,,Yes
19,1/21/25,5,S1,ENG701 / 15,JUNIOR ENG/A,JOHN CARVER,11,2026,A-,3.42 pts,17.86,,218,,Yes
19,1/21/25,6,S1,SOC701 / 16,US HISTORY/A,SCOTT BOOTHBY,11,2026,C+,2.51 pts,18,,218,,Yes
19,1/21/25,6,S1,MAT701 / 16,ALGEBRA II A,JASON BLAESING,11,2026,F,1.25 pts,17.29,,296,,Yes
19,1/21/25,2,S1,SCI609 / 12,CHEMISTRY/A,GRANT MERRILL,11,2026,A,3.85 pts,0,,100,,Yes
19,1/21/25,1,S1,MAT704 / 11,PRE-CALC A MAT 153,BRIAN ANDERSON,11,2026,C-,2.16 pts,2.29,,138,,Yes
19,1/21/25,5,S1,ENG701 / 15,JUNIOR ENG/A,JOHN CARVER,11,2026,A-,3.40 pts,4,,138,,Yes
19,1/21/25,2,S1,SCI609 / 12,CHEMISTRY/A,GRANT MERRILL,11,2026,C+,2.50 pts,1.71,,158,,Yes
19,1/21/25,5,S1,ENG701 / 15,JUNIOR ENG/A,JOHN CARVER,11,2026,A,3.77 pts,2.71,,158,,Yes
19,1/21/25,3,S1,MAT701 / 13,ALGEBRA II A,JENNIFER REILLY,11,2026,C,2.24 pts,4.14,,406,,Yes
19,1/21/25,2,S1,MAT701 / 12,ALGEBRA II A,JASON BLAESING,11,2026,B,3.02 pts,6.43,,262,,Yes
19,1/21/25,6,S1,SOC701 / 16,US HISTORY/A,SCOTT BOOTHBY,11,2026,C,2.40 pts,7,,262,,Yes
19,1/21/25,1,S1,MAT704 / 11,PRE-CALC A MAT 153,BRIAN ANDERSON,11,2026,B-,2.86 pts,7,,263,,Yes
19,1/21/25,2,S1,ENG601 / 12,SOPH ENG/A,KELLY GREGERSEN,10,2027,B+,3.39 pts,14.43,,77,,Yes
19,1/21/25,3,S1,SCI601 / 13,BIOLOGY A,GRANT MERRILL,10,2027,C-,2.11 pts,14.57,,77,,Yes
19,1/21/25,3,S1,SCI601 / 13,BIOLOGY A,GRANT MERRILL,10,2027,A-,3.45 pts,0.57,,126,,Yes
19,1/21/25,5,S1,MAT522 / 15,GEOMETRY A,BRIAN ANDERSON,10,2027,A-,3.57 pts,0.86,,126,,Yes
19,1/21/25,2,S1,ENG601 / 12,SOPH ENG/A,KELLY GREGERSEN,10,2027,C+,2.61 pts,10.14,,433,,Yes
19,1/21/25,4,S1,SCI601 / 14,BIOLOGY A,GRANT MERRILL,10,2027,F,0.50 pts,9.86,,433,,Yes
19,1/21/25,6,S1,ENG501 / 16,FR ENGLISH/A,DAVID HOLLINGSWORTH,9,2028,C,2.34 pts,2,,183,,Yes
19,1/21/25,2,S1,MAT522 / 12,GEOMETRY A,ROCHELLE AITON,10,2027,C+,2.63 pts,7.86,,205,,Yes
19,1/21/25,2,S1,MAT522 / 12,GEOMETRY A,NINETTE LILIENTHAL,10,2027,C+,2.63 pts,7.86,,205,,Yes
19,1/21/25,3,S1,SCI601 / 13,BIOLOGY A,GRANT MERRILL,10,2027,B+,3.22 pts,0,,226,,Yes
19,1/21/25,6,S1,MAT701 / 16,ALGEBRA II A,JASON BLAESING,10,2027,A,3.67 pts,1,,226,,Yes
19,1/21/25,2,S1,MAT701 / 12,ALGEBRA II A,JASON BLAESING,10,2027,A,3.99 pts,2.71,,237,,Yes
19,1/21/25,3,S1,SCI601 / 13,BIOLOGY A,GRANT MERRILL,10,2027,B+,3.36 pts,2.71,,237,,Yes
19,1/21/25,6,S1,ENG501 / 16,FR ENGLISH/A,DAVID HOLLINGSWORTH,9,2028,A-,3.48 pts,3.14,,270,,Yes
19,1/21/25,4,S1,MAT522 / 14,GEOMETRY A,ROCHELLE AITON,10,2027,C,2.31 pts,2,,443,,Yes
19,1/21/25,4,S1,MAT522 / 14,GEOMETRY A,NINETTE LILIENTHAL,10,2027,C,2.31 pts,2,,443,,Yes
19,1/21/25,2,S1,MAT522 / 12,GEOMETRY A,ROCHELLE AITON,9,2028,A-,3.53 pts,7.71,,393,,Yes
19,1/21/25,2,S1,MAT522 / 12,GEOMETRY A,NINETTE LILIENTHAL,9,2028,A-,3.53 pts,7.71,,393,,Yes
19,1/21/25,3,S1,SCI601 / 13,BIOLOGY A,GRANT MERRILL,10,2027,C-,2.08 pts,7.86,,401,,Yes
19,1/21/25,5,S1,ENG601 / 15,SOPH ENG/A,MARCEE SALAS,10,2027,C+,2.59 pts,7.43,,401,,Yes
19,1/21/25,3,S1,MAT522 / 13,GEOMETRY A,ROCHELLE AITON,9,2028,F,1.48 pts,27.86,,419,,Yes
19,1/21/25,3,S1,MAT522 / 13,GEOMETRY A,NINETTE LILIENTHAL,9,2028,F,1.48 pts,27.86,,419,,Yes
19,1/21/25,3,S1,MAT522 / 13,GEOMETRY A,ROCHELLE AITON,10,2027,F,0.37 pts,19,,251,,Yes
19,1/21/25,3,S1,MAT522 / 13,GEOMETRY A,NINETTE LILIENTHAL,10,2027,F,0.37 pts,19,,251,,Yes
19,1/21/25,4,S1,SCI601 / 14,BIOLOGY A,GRANT MERRILL,10,2027,F,0.67 pts,19.71,,251,,Yes
19,1/21/25,6,S1,SOC701 / 16,US HISTORY/A,SCOTT BOOTHBY,11,2026,D,1.71 pts,6.86,,356,,Yes
19,1/21/25,3,S1,SCI601 / 13,BIOLOGY A,GRANT MERRILL,10,2027,D,1.75 pts,1.71,,294,,Yes
19,1/21/25,2,S1,MAT522 / 12,GEOMETRY A,ROCHELLE AITON,10,2027,D+,1.83 pts,3,,84,,Yes
19,1/21/25,2,S1,MAT522 / 12,GEOMETRY A,NINETTE LILIENTHAL,10,2027,D+,1.83 pts,3,,84,,Yes
19,1/21/25,1,S1,MAT522 / 11,GEOMETRY A,ROCHELLE AITON,10,2027,F,0.86 pts,12.29,,72,,Yes
19,1/21/25,1,S1,MAT522 / 11,GEOMETRY A,NINETTE LILIENTHAL,10,2027,F,0.86 pts,12.29,,72,,Yes
19,1/21/25,5,S1,ENG601 / 15,SOPH ENG/A,MARCEE SALAS,10,2027,C+,2.66 pts,11.43,,72,,Yes
19,1/21/25,3,S1,SCI601 / 13,BIOLOGY A,GRANT MERRILL,10,2027,B,3.02 pts,5.29,,57,,Yes
19,1/21/25,4,S1,MAT522 / 14,GEOMETRY A,ROCHELLE AITON,10,2027,A,3.69 pts,0,,452,,Yes
19,1/21/25,4,S1,MAT522 / 14,GEOMETRY A,NINETTE LILIENTHAL,10,2027,A,3.69 pts,0,,452,,Yes
19,1/21/25,4,S1,MAT522 / 14,GEOMETRY A,ROCHELLE AITON,10,2027,F,0.41 pts,16.29,,446,,Yes
19,1/21/25,4,S1,MAT522 / 14,GEOMETRY A,NINETTE LILIENTHAL,10,2027,F,0.41 pts,16.29,,446,,Yes
19,1/21/25,2,S1,ENG601 / 12,SOPH ENG/A,KELLY GREGERSEN,10,2027,F,0.73 pts,23.71,,309,,Yes
19,1/21/25,4,S1,SCI601 / 14,BIOLOGY A,GRANT MERRILL,10,2027,F,0.72 pts,22.86,,309,,Yes
19,1/21/25,5,S1,MAT522 / 15,GEOMETRY A,BRIAN ANDERSON,10,2027,F,0.01 pts,17.57,,309,,Yes
19,1/21/25,5,S1,MAT522 / 15,GEOMETRY A,BRIAN ANDERSON,10,2027,A-,3.51 pts,0.43,,199,,Yes
19,1/21/25,2,S1,MAT701 / 12,ALGEBRA II A,JASON BLAESING,11,2026,C,2.29 pts,4,,113,,Yes
19,1/21/25,3,S1,SCI601 / 13,BIOLOGY A,GRANT MERRILL,10,2027,A-,3.52 pts,1.86,,140,,Yes
19,1/21/25,2,S1,MAT522 / 12,GEOMETRY A,ROCHELLE AITON,10,2027,C+,2.54 pts,1.86,,238,,Yes
19,1/21/25,2,S1,MAT522 / 12,GEOMETRY A,NINETTE LILIENTHAL,10,2027,C+,2.54 pts,1.86,,238,,Yes
19,1/21/25,5,S1,ENG601 / 15,SOPH ENG/A,MARCEE SALAS,10,2027,C+,2.51 pts,1.86,,238,,Yes
19,1/21/25,6,S1,SCI601 / 36,BIOLOGY A,WILLIAM BAUR,10,2027,A,3.66 pts,1.86,,238,,Yes
19,1/21/25,1,S1,MAT704 / 11,PRE-CALC A MAT 153,BRIAN ANDERSON,11,2026,C+,2.67 pts,10,,292,,Yes
19,1/21/25,4,S1,SCI601 / 14,BIOLOGY A,GRANT MERRILL,10,2027,C-,2.00 pts,2.86,,453,,Yes
19,1/21/25,2,S1,MAT522 / 12,GEOMETRY A,ROCHELLE AITON,10,2027,C+,2.61 pts,0,,291,,Yes
19,1/21/25,2,S1,MAT522 / 12,GEOMETRY A,NINETTE LILIENTHAL,10,2027,C+,2.61 pts,0,,291,,Yes
19,1/21/25,3,S1,SCI601 / 13,BIOLOGY A,GRANT MERRILL,10,2027,C,2.34 pts,0,,291,,Yes
19,1/21/25,3,S1,SCI601 / 13,BIOLOGY A,GRANT MERRILL,10,2027,F,0.78 pts,28.29,,293,,Yes
19,1/21/25,4,S1,MAT522 / 14,GEOMETRY A,ROCHELLE AITON,10,2027,F,1.59 pts,28.14,,293,,Yes
19,1/21/25,4,S1,MAT522 / 14,GEOMETRY A,NINETTE LILIENTHAL,10,2027,F,1.59 pts,28.14,,293,,Yes
19,1/21/25,5,S1,MAT522 / 15,GEOMETRY A,BRIAN ANDERSON,10,2027,B-,2.75 pts,0,,421,,Yes
19,1/21/25,6,S1,SCI601 / 16,BIOLOGY A,GRANT MERRILL,10,2027,C+,2.62 pts,0,,421,,Yes
19,1/21/25,1,S1,MAT704 / 11,PRE-CALC A MAT 153,BRIAN ANDERSON,10,2027,B-,2.75 pts,6,,304,,Yes
19,1/21/25,2,S1,MAT522 / 12,GEOMETRY A,ROCHELLE AITON,10,2027,F,1.62 pts,6.86,,414,,Yes
19,1/21/25,2,S1,MAT522 / 12,GEOMETRY A,NINETTE LILIENTHAL,10,2027,F,1.62 pts,6.86,,414,,Yes
19,1/21/25,5,S1,ENG601 / 15,SOPH ENG/A,MARCEE SALAS,10,2027,C+,2.61 pts,5,,414,,Yes
19,1/21/25,6,S1,SCI601 / 36,BIOLOGY A,WILLIAM BAUR,10,2027,C,2.42 pts,5.14,,414,,Yes
19,1/21/25,1,S1,MAT522 / 11,GEOMETRY A,ROCHELLE AITON,10,2027,A,3.64 pts,0.86,,389,,Yes
19,1/21/25,1,S1,MAT522 / 11,GEOMETRY A,NINETTE LILIENTHAL,10,2027,A,3.64 pts,0.86,,389,,Yes
19,1/21/25,3,S1,SCI601 / 13,BIOLOGY A,GRANT MERRILL,10,2027,B+,3.35 pts,0.57,,389,,Yes
19,1/21/25,1,S1,MAT522 / 11,GEOMETRY A,ROCHELLE AITON,10,2027,C+,2.67 pts,2,,301,,Yes
19,1/21/25,1,S1,MAT522 / 11,GEOMETRY A,NINETTE LILIENTHAL,10,2027,C+,2.67 pts,2,,301,,Yes
19,1/21/25,4,S1,SCI601 / 14,BIOLOGY A,GRANT MERRILL,10,2027,B+,3.33 pts,0.43,,428,,Yes
19,1/21/25,5,S1,MAT522 / 15,GEOMETRY A,BRIAN ANDERSON,10,2027,A,3.75 pts,0.57,,303,,Yes
19,1/21/25,4,S1,MAT522 / 14,GEOMETRY A,ROCHELLE AITON,10,2027,C,2.26 pts,14,,221,,Yes
19,1/21/25,4,S1,MAT522 / 14,GEOMETRY A,NINETTE LILIENTHAL,10,2027,C,2.26 pts,14,,221,,Yes
19,1/21/25,5,S1,ENG601 / 15,SOPH ENG/A,MARCEE SALAS,10,2027,C,2.33 pts,14,,221,,Yes
19,1/21/25,4,S1,MAT522 / 14,GEOMETRY A,ROCHELLE AITON,10,2027,C,2.34 pts,1.57,,460,,Yes
19,1/21/25,4,S1,MAT522 / 14,GEOMETRY A,NINETTE LILIENTHAL,10,2027,C,2.34 pts,1.57,,460,,Yes
19,1/21/25,1,S1,MAT522 / 11,GEOMETRY A,ROCHELLE AITON,10,2027,C-,2.03 pts,8.14,,83,,Yes
19,1/21/25,1,S1,MAT522 / 11,GEOMETRY A,NINETTE LILIENTHAL,10,2027,C-,2.03 pts,8.14,,83,,Yes
19,1/21/25,4,S1,SCI601 / 14,BIOLOGY A,GRANT MERRILL,10,2027,C,2.40 pts,1.57,,455,,Yes
19,1/21/25,2,S1,MAT701 / 12,ALGEBRA II A,JASON BLAESING,10,2027,B+,3.25 pts,0,,109,,Yes
19,1/21/25,3,S1,MAT522 / 13,GEOMETRY A,ROCHELLE AITON,10,2027,B-,2.80 pts,0,,99,,Yes
19,1/21/25,3,S1,MAT522 / 13,GEOMETRY A,NINETTE LILIENTHAL,10,2027,B-,2.80 pts,0,,99,,Yes
19,1/21/25,2,S1,MAT522 / 12,GEOMETRY A,ROCHELLE AITON,10,2027,D,1.73 pts,12.14,,256,,Yes
19,1/21/25,2,S1,MAT522 / 12,GEOMETRY A,NINETTE LILIENTHAL,10,2027,D,1.73 pts,12.14,,256,,Yes
19,1/21/25,6,S1,SCI601 / 16,BIOLOGY A,GRANT MERRILL,10,2027,F,1.09 pts,16,,256,,Yes
19,1/21/25,4,S1,MAT522 / 14,GEOMETRY A,ROCHELLE AITON,10,2027,B-,2.75 pts,2.14,,310,,Yes
19,1/21/25,4,S1,MAT522 / 14,GEOMETRY A,NINETTE LILIENTHAL,10,2027,B-,2.75 pts,2.14,,310,,Yes
19,1/21/25,6,S1,SCI601 / 16,BIOLOGY A,GRANT MERRILL,10,2027,B,3.13 pts,2.43,,310,,Yes
19,1/21/25,6,S1,MAT701 / 16,ALGEBRA II A,JASON BLAESING,10,2027,B+,3.26 pts,3.71,,89,,Yes
19,1/21/25,2,S1,MAT522 / 12,GEOMETRY A,ROCHELLE AITON,10,2027,C-,2.08 pts,6.71,,175,,Yes
19,1/21/25,2,S1,MAT522 / 12,GEOMETRY A,NINETTE LILIENTHAL,10,2027,C-,2.08 pts,6.71,,175,,Yes
19,1/21/25,6,S1,SCI601 / 16,BIOLOGY A,GRANT MERRILL,10,2027,C-,2.15 pts,7.14,,175,,Yes
19,1/21/25,3,S1,SCI601 / 13,BIOLOGY A,GRANT MERRILL,10,2027,B-,2.76 pts,10,,372,,Yes
19,1/21/25,5,S1,MAT522 / 15,GEOMETRY A,BRIAN ANDERSON,10,2027,D,1.65 pts,11.43,,372,,Yes
19,1/21/25,5,S1,MAT522 / 15,GEOMETRY A,BRIAN ANDERSON,10,2027,F,1.37 pts,13.86,,390,,Yes
19,1/21/25,2,S1,ENG601 / 12,SOPH ENG/A,KELLY GREGERSEN,10,2027,C,2.33 pts,14.71,,48,,Yes
19,1/21/25,3,S1,SCI601 / 13,BIOLOGY A,GRANT MERRILL,10,2027,F,1.05 pts,14.71,,48,,Yes
19,1/21/25,5,S1,MAT522 / 15,GEOMETRY A,BRIAN ANDERSON,10,2027,C-,2.04 pts,15.29,,48,,Yes
19,1/21/25,3,S1,MAT522 / 13,GEOMETRY A,ROCHELLE AITON,10,2027,C,2.38 pts,3.71,,382,,Yes
19,1/21/25,3,S1,MAT522 / 13,GEOMETRY A,NINETTE LILIENTHAL,10,2027,C,2.38 pts,3.71,,382,,Yes
19,1/21/25,2,S1,SCI609 / 12,CHEMISTRY/A,GRANT MERRILL,11,2026,C,2.41 pts,2.83,,60,,Yes
19,1/21/25,3,S1,MAT701 / 13,ALGEBRA II A,JENNIFER REILLY,11,2026,A,3.89 pts,2.83,,60,,Yes
19,1/21/25,5,S1,MAT522 / 15,GEOMETRY A,BRIAN ANDERSON,10,2027,F,1.50 pts,8.57,,59,,Yes
19,1/21/25,4,S1,SCI601 / 14,BIOLOGY A,GRANT MERRILL,10,2027,C+,2.60 pts,4,,169,,Yes
19,1/21/25,5,S1,MAT522 / 15,GEOMETRY A,BRIAN ANDERSON,10,2027,D+,1.90 pts,4,,169,,Yes
19,1/21/25,4,S1,MAT522 / 14,GEOMETRY A,ROCHELLE AITON,10,2027,C+,2.60 pts,0.57,,454,,Yes
19,1/21/25,4,S1,MAT522 / 14,GEOMETRY A,NINETTE LILIENTHAL,10,2027,C+,2.60 pts,0.57,,454,,Yes
19,1/21/25,3,S1,SCI601 / 13,BIOLOGY A,GRANT MERRILL,10,2027,F,0.45 pts,11,,402,,Yes
19,1/21/25,5,S1,MAT522 / 15,GEOMETRY A,BRIAN ANDERSON,10,2027,F,0.90 pts,10.57,,402,,Yes
19,1/21/25,6,S1,SCI601 / 16,BIOLOGY A,GRANT MERRILL,10,2027,C,2.49 pts,2.57,,144,,Yes
19,1/21/25,3,S1,MAT522 / 13,GEOMETRY A,ROCHELLE AITON,11,2026,F,1.48 pts,15.57,,214,,Yes
19,1/21/25,3,S1,MAT522 / 13,GEOMETRY A,NINETTE LILIENTHAL,11,2026,F,1.48 pts,15.57,,214,,Yes
19,1/21/25,5,S1,ENG701 / 15,JUNIOR ENG/A,JOHN CARVER,11,2026,F,1.61 pts,14.86,,214,,Yes
19,1/21/25,3,S1,MAT522 / 13,GEOMETRY A,ROCHELLE AITON,10,2027,F,0.12 pts,39.29,,360,,Yes
19,1/21/25,3,S1,MAT522 / 13,GEOMETRY A,NINETTE LILIENTHAL,10,2027,F,0.12 pts,39.29,,360,,Yes
19,1/21/25,6,S1,SCI601 / 16,BIOLOGY A,GRANT MERRILL,10,2027,F,0.35 pts,42,,360,,Yes
19,1/21/25,5,S1,ENG601 / 15,SOPH ENG/A,MARCEE SALAS,10,2027,C-,2.14 pts,4.86,,139,,Yes
19,1/21/25,3,S1,MAT701 / 13,ALGEBRA II A,JENNIFER REILLY,10,2027,B-,2.79 pts,0,,405,,Yes
19,1/21/25,5,S1,ENG601 / 15,SOPH ENG/A,MARCEE SALAS,10,2027,C,2.33 pts,0,,405,,Yes
19,1/21/25,6,S1,SCI601 / 16,BIOLOGY A,GRANT MERRILL,10,2027,C-,2.09 pts,0.29,,405,,Yes
19,1/21/25,3,S1,SCI601 / 13,BIOLOGY A,GRANT MERRILL,10,2027,D+,1.85 pts,8.57,,333,,Yes
19,1/21/25,5,S1,MAT522 / 15,GEOMETRY A,BRIAN ANDERSON,10,2027,C-,2.01 pts,16,,340,,Yes
19,1/21/25,6,S1,SCI601 / 36,BIOLOGY A,WILLIAM BAUR,10,2027,D,1.67 pts,16.14,,340,,Yes
19,1/21/25,1,S1,MAT522 / 11,GEOMETRY A,ROCHELLE AITON,10,2027,F,1.56 pts,0.86,,132,,Yes
19,1/21/25,1,S1,MAT522 / 11,GEOMETRY A,NINETTE LILIENTHAL,10,2027,F,1.56 pts,0.86,,132,,Yes
19,1/21/25,2,S1,ENG601 / 12,SOPH ENG/A,KELLY GREGERSEN,10,2027,C,2.43 pts,0.86,,132,,Yes
19,1/21/25,3,S1,SCI601 / 13,BIOLOGY A,GRANT MERRILL,10,2027,D,1.70 pts,0.86,,132,,Yes
19,1/21/25,2,S1,ENG601 / 12,SOPH ENG/A,KELLY GREGERSEN,10,2027,B-,2.83 pts,1.57,,404,,Yes
19,1/21/25,3,S1,MAT522 / 13,GEOMETRY A,ROCHELLE AITON,10,2027,C+,2.56 pts,2.14,,404,,Yes
19,1/21/25,3,S1,MAT522 / 13,GEOMETRY A,NINETTE LILIENTHAL,10,2027,C+,2.56 pts,2.14,,404,,Yes
19,1/21/25,4,S1,SCI601 / 14,BIOLOGY A,GRANT MERRILL,10,2027,C+,2.53 pts,2,,404,,Yes
19,1/21/25,1,S1,MAT522 / 11,GEOMETRY A,ROCHELLE AITON,10,2027,F,0.50 pts,20,,273,,Yes
19,1/21/25,1,S1,MAT522 / 11,GEOMETRY A,NINETTE LILIENTHAL,10,2027,F,0.50 pts,20,,273,,Yes
19,1/21/25,5,S1,ENG601 / 15,SOPH ENG/A,MARCEE SALAS,10,2027,F,1.47 pts,13.14,,273,,Yes
19,1/21/25,6,S1,SCI601 / 36,BIOLOGY A,WILLIAM BAUR,10,2027,D,1.65 pts,11.71,,273,,Yes
19,1/21/25,2,S1,MAT701 / 12,ALGEBRA II A,JASON BLAESING,11,2026,B,3.09 pts,8.57,,167,,Yes
19,1/21/25,6,S1,SOC701 / 16,US HISTORY/A,SCOTT BOOTHBY,11,2026,F,1.47 pts,5.57,,167,,Yes
19,1/21/25,3,S1,MAT522 / 13,GEOMETRY A,ROCHELLE AITON,10,2027,C,2.46 pts,5.57,,236,,Yes
19,1/21/25,3,S1,MAT522 / 13,GEOMETRY A,NINETTE LILIENTHAL,10,2027,C,2.46 pts,5.57,,236,,Yes
19,1/21/25,4,S1,SCI601 / 14,BIOLOGY A,GRANT MERRILL,10,2027,C-,2.06 pts,6.29,,236,,Yes
19,1/21/25,5,S1,ENG601 / 15,SOPH ENG/A,MARCEE SALAS,10,2027,C-,2.11 pts,6,,236,,Yes
19,1/21/25,2,S1,ENG601 / 12,SOPH ENG/A,KELLY GREGERSEN,10,2027,C,2.35 pts,9.14,,235,,Yes
19,1/21/25,4,S1,SCI601 / 14,BIOLOGY A,GRANT MERRILL,10,2027,F,1.63 pts,13.14,,445,,Yes
19,1/21/25,1,S1,MAT704 / 11,PRE-CALC A MAT 153,BRIAN ANDERSON,12,2025,C,2.39 pts,8,,325,,Yes
19,1/21/25,2,S1,BUS301 / 12,PERSONAL FINANCE A,NICOLE SIMEK,12,2025,A,3.99 pts,7.14,,325,,Yes
19,1/21/25,3,S1,MAT701 / 13,ALGEBRA II A,JENNIFER REILLY,10,2027,C+,2.59 pts,10.29,,130,,Yes
19,1/21/25,5,S1,ENG601 / 15,SOPH ENG/A,MARCEE SALAS,10,2027,B-,2.70 pts,10.57,,130,,Yes
19,1/21/25,2,S1,MAT522 / 12,GEOMETRY A,ROCHELLE AITON,10,2027,B-,2.81 pts,4.14,,173,,Yes
19,1/21/25,2,S1,MAT522 / 12,GEOMETRY A,NINETTE LILIENTHAL,10,2027,B-,2.81 pts,4.14,,173,,Yes
19,1/21/25,6,S1,SCI601 / 36,BIOLOGY A,WILLIAM BAUR,10,2027,B+,3.35 pts,4.43,,173,,Yes
19,1/21/25,2,S1,ENG601 / 12,SOPH ENG/A,KELLY GREGERSEN,10,2027,F,0.49 pts,13.29,,249,,Yes
19,1/21/25,5,S1,MAT522 / 15,GEOMETRY A,BRIAN ANDERSON,10,2027,F,0.68 pts,9.71,,249,,Yes
19,1/21/25,6,S1,SCI601 / 16,BIOLOGY A,GRANT MERRILL,10,2027,F,0.91 pts,10.71,,249,,Yes
19,1/21/25,1,S1,MAT704 / 11,PRE-CALC A MAT 153,BRIAN ANDERSON,11,2026,C,2.20 pts,0,,71,,Yes
19,1/21/25,6,S1,SOC701 / 16,US HISTORY/A,SCOTT BOOTHBY,11,2026,B,2.93 pts,0,,71,,Yes
19,1/21/25,2,S1,MAT522 / 12,GEOMETRY A,ROCHELLE AITON,10,2027,C-,2.05 pts,7.43,,88,,Yes
19,1/21/25,2,S1,MAT522 / 12,GEOMETRY A,NINETTE LILIENTHAL,10,2027,C-,2.05 pts,7.43,,88,,Yes
19,1/21/25,5,S1,ENG601 / 15,SOPH ENG/A,MARCEE SALAS,10,2027,C+,2.54 pts,7.57,,88,,Yes
19,1/21/25,6,S1,SCI601 / 16,BIOLOGY A,GRANT MERRILL,10,2027,F,1.33 pts,7.71,,88,,Yes
19,1/21/25,3,S1,BUS301 / 13,PERSONAL FINANCE A,NICOLE SIMEK,12,2025,A,3.91 pts,3.71,,367,,Yes
19,1/21/25,6,S1,SCI601 / 36,BIOLOGY A,WILLIAM BAUR,10,2027,B-,2.85 pts,2.29,,417,,Yes
19,1/21/25,2,S1,SCI609 / 12,CHEMISTRY/A,GRANT MERRILL,11,2026,D+,1.90 pts,14.29,,55,,Yes
19,1/21/25,6,S1,MAT701 / 16,ALGEBRA II A,JASON BLAESING,11,2026,D,1.68 pts,14.57,,55,,Yes
19,1/21/25,2,S1,SCI609 / 12,CHEMISTRY/A,GRANT MERRILL,11,2026,B-,2.86 pts,0,,388,,Yes
19,1/21/25,2,S1,SCI609 / 12,CHEMISTRY/A,GRANT MERRILL,11,2026,B-,2.89 pts,5.43,,387,,Yes
19,1/21/25,3,S1,MAT701 / 13,ALGEBRA II A,JENNIFER REILLY,11,2026,B+,3.37 pts,5.86,,387,,Yes
19,1/21/25,3,S1,MAT522 / 13,GEOMETRY A,ROCHELLE AITON,9,2028,A,3.66 pts,4,,281,,Yes
19,1/21/25,3,S1,MAT522 / 13,GEOMETRY A,NINETTE LILIENTHAL,9,2028,A,3.66 pts,4,,281,,Yes
19,1/21/25,6,S1,ENG501 / 16,FR ENGLISH/A,DAVID HOLLINGSWORTH,9,2028,A,4.00 pts,5.43,,295,,Yes
19,1/21/25,3,S1,MAT522 / 13,GEOMETRY A,ROCHELLE AITON,9,2028,A-,3.46 pts,9,,306,,Yes
19,1/21/25,3,S1,MAT522 / 13,GEOMETRY A,NINETTE LILIENTHAL,9,2028,A-,3.46 pts,9,,306,,Yes
19,1/21/25,6,S1,ENG501 / 16,FR ENGLISH/A,DAVID HOLLINGSWORTH,9,2028,C+,2.55 pts,9.29,,306,,Yes
19,1/21/25,3,S1,MAT522 / 13,GEOMETRY A,ROCHELLE AITON,9,2028,A-,3.45 pts,2.86,,348,,Yes
19,1/21/25,3,S1,MAT522 / 13,GEOMETRY A,NINETTE LILIENTHAL,9,2028,A-,3.45 pts,2.86,,348,,Yes
19,1/21/25,4,S1,MAT522 / 14,GEOMETRY A,ROCHELLE AITON,9,2028,C-,2.03 pts,2.71,,450,,Yes
19,1/21/25,4,S1,MAT522 / 14,GEOMETRY A,NINETTE LILIENTHAL,9,2028,C-,2.03 pts,2.71,,450,,Yes
19,1/21/25,3,S1,MAT522 / 13,GEOMETRY A,ROCHELLE AITON,9,2028,B+,3.26 pts,17.86,,302,,Yes
19,1/21/25,3,S1,MAT522 / 13,GEOMETRY A,NINETTE LILIENTHAL,9,2028,B+,3.26 pts,17.86,,302,,Yes
19,1/21/25,6,S1,ENG501 / 16,FR ENGLISH/A,DAVID HOLLINGSWORTH,9,2028,C,2.37 pts,18.86,,302,,Yes
19,1/21/25,2,S1,MAT522 / 12,GEOMETRY A,ROCHELLE AITON,9,2028,A-,3.54 pts,0.43,,228,,Yes
19,1/21/25,2,S1,MAT522 / 12,GEOMETRY A,NINETTE LILIENTHAL,9,2028,A-,3.54 pts,0.43,,228,,Yes
19,1/21/25,5,S1,MAT522 / 15,GEOMETRY A,BRIAN ANDERSON,9,2028,A-,3.52 pts,8.14,,369,,Yes
19,1/21/25,5,S1,MAT522 / 15,GEOMETRY A,BRIAN ANDERSON,10,2027,B,3.15 pts,7.86,,203,,Yes
19,1/21/25,5,S1,MAT522 / 15,GEOMETRY A,BRIAN ANDERSON,10,2027,A-,3.57 pts,5,,80,,Yes
19,1/21/25,5,S1,MAT522 / 15,GEOMETRY A,BRIAN ANDERSON,10,2027,B-,2.75 pts,13.43,,252,,Yes
19,1/21/25,6,S1,SCI601 / 16,BIOLOGY A,GRANT MERRILL,10,2027,C,2.24 pts,13.43,,252,,Yes
19,1/21/25,6,S1,SOC701 / 16,US HISTORY/A,SCOTT BOOTHBY,11,2026,C,2.34 pts,30.57,,187,,Yes
19,1/21/25,6,S1,ENG501 / 16,FR ENGLISH/A,DAVID HOLLINGSWORTH,9,2028,A,3.90 pts,0,,111,,Yes
19,1/21/25,1,S1,MAT522 / 11,GEOMETRY A,ROCHELLE AITON,9,2028,A,3.62 pts,1.86,,219,,Yes
19,1/21/25,1,S1,MAT522 / 11,GEOMETRY A,NINETTE LILIENTHAL,9,2028,A,3.62 pts,1.86,,219,,Yes
19,1/21/25,6,S1,ENG501 / 16,FR ENGLISH/A,DAVID HOLLINGSWORTH,9,2028,C+,2.63 pts,7.38,,464,,Yes
19,1/21/25,6,S1,SOC701 / 16,US HISTORY/A,SCOTT BOOTHBY,11,2026,B,3.19 pts,8,,250,,Yes
19,1/21/25,6,S1,ENG501 / 16,FR ENGLISH/A,DAVID HOLLINGSWORTH,9,2028,C,2.28 pts,29.14,,243,,Yes
19,1/21/25,2,S1,SCI609 / 12,CHEMISTRY/A,GRANT MERRILL,11,2026,F,1.25 pts,13,,368,,Yes
19,1/21/25,6,S1,SOC701 / 16,US HISTORY/A,SCOTT BOOTHBY,11,2026,C,2.34 pts,8,,368,,Yes
19,1/21/25,4,S1,MAT522 / 14,GEOMETRY A,ROCHELLE AITON,10,2027,C,2.28 pts,6.57,,171,,Yes
19,1/21/25,4,S1,MAT522 / 14,GEOMETRY A,NINETTE LILIENTHAL,10,2027,C,2.28 pts,6.57,,171,,Yes
19,1/21/25,6,S1,SCI601 / 36,BIOLOGY A,WILLIAM BAUR,10,2027,C-,2.00 pts,8.14,,171,,Yes
19,1/21/25,6,S1,ENG501 / 16,FR ENGLISH/A,DAVID HOLLINGSWORTH,9,2028,A,3.63 pts,6.57,,285,,Yes
19,1/21/25,3,S1,MAT522 / 13,GEOMETRY A,ROCHELLE AITON,9,2028,B,3.02 pts,4,,261,,Yes
19,1/21/25,3,S1,MAT522 / 13,GEOMETRY A,NINETTE LILIENTHAL,9,2028,B,3.02 pts,4,,261,,Yes
19,1/21/25,4,S1,MAT522 / 14,GEOMETRY A,ROCHELLE AITON,10,2027,B+,3.27 pts,0.29,,440,,Yes
19,1/21/25,4,S1,MAT522 / 14,GEOMETRY A,NINETTE LILIENTHAL,10,2027,B+,3.27 pts,0.29,,440,,Yes
19,1/21/25,2,S1,MAT522 / 12,GEOMETRY A,ROCHELLE AITON,10,2027,D,1.69 pts,13.86,,159,,Yes
19,1/21/25,2,S1,MAT522 / 12,GEOMETRY A,NINETTE LILIENTHAL,10,2027,D,1.69 pts,13.86,,159,,Yes
19,1/21/25,3,S1,SCI601 / 13,BIOLOGY A,GRANT MERRILL,10,2027,F,1.49 pts,14.14,,159,,Yes
19,1/21/25,5,S1,ENG601 / 15,SOPH ENG/A,MARCEE SALAS,10,2027,B-,2.78 pts,14,,159,,Yes
19,1/21/25,5,S1,ENG701 / 15,JUNIOR ENG/A,JOHN CARVER,11,2026,B-,2.75 pts,12,,91,,Yes
19,1/21/25,2,S1,MAT701 / 12,ALGEBRA II A,JASON BLAESING,11,2026,B-,2.85 pts,6.71,,319,,Yes
19,1/21/25,4,S1,SCI601 / 14,BIOLOGY A,GRANT MERRILL,10,2027,B,3.02 pts,7.29,,431,,Yes
19,1/21/25,2,S1,ENG601 / 12,SOPH ENG/A,KELLY GREGERSEN,10,2027,F,1.27 pts,19.57,,317,,Yes
19,1/21/25,3,S1,MAT522 / 13,GEOMETRY A,ROCHELLE AITON,10,2027,C-,2.02 pts,18.57,,317,,Yes
19,1/21/25,3,S1,MAT522 / 13,GEOMETRY A,NINETTE LILIENTHAL,10,2027,C-,2.02 pts,18.57,,317,,Yes
19,1/21/25,5,S1,MAT522 / 15,GEOMETRY A,BRIAN ANDERSON,10,2027,A,3.83 pts,0,,359,,Yes
19,1/21/25,6,S1,SOC701 / 16,US HISTORY/A,SCOTT BOOTHBY,11,2026,B-,2.79 pts,8.71,,277,,Yes
19,1/21/25,1,S1,MAT704 / 11,PRE-CALC A MAT 153,BRIAN ANDERSON,12,2025,F,1.11 pts,13.5,,395,,Yes
19,1/21/25,4,S1,SOC701 / 14,US HISTORY/A,DAVE HAJEK,11,2026,A-,3.42 pts,2.14,,459,,Yes
19,1/21/25,5,S1,MAT522 / 15,GEOMETRY A,BRIAN ANDERSON,10,2027,C-,2.09 pts,10.71,,190,,Yes
19,1/21/25,6,S1,SCI601 / 16,BIOLOGY A,GRANT MERRILL,10,2027,C-,2.00 pts,10.14,,190,,Yes
19,1/21/25,2,S1,MAT701 / 12,ALGEBRA II A,JASON BLAESING,11,2026,B,3.04 pts,20.86,,312,,Yes
19,1/21/25,6,S1,SOC701 / 16,US HISTORY/A,SCOTT BOOTHBY,11,2026,C,2.26 pts,19.57,,312,,Yes
19,1/21/25,1,S1,MAT522 / 11,GEOMETRY A,ROCHELLE AITON,10,2027,D,1.70 pts,18.43,,53,,Yes
19,1/21/25,1,S1,MAT522 / 11,GEOMETRY A,NINETTE LILIENTHAL,10,2027,D,1.70 pts,18.43,,53,,Yes
19,1/21/25,4,S1,SCI601 / 14,BIOLOGY A,GRANT MERRILL,10,2027,F,1.60 pts,17.71,,53,,Yes
19,1/21/25,5,S1,MAT522 / 15,GEOMETRY A,BRIAN ANDERSON,10,2027,B,3.02 pts,18.86,,334,,Yes
19,1/21/25,2,S1,BUS301 / 12,PERSONAL FINANCE A,NICOLE SIMEK,12,2025,C,2.24 pts,9.69,,240,,Yes
19,1/21/25,6,S1,MAT701 / 16,ALGEBRA II A,JASON BLAESING,11,2026,A,3.89 pts,1,,257,,Yes
19,1/21/25,6,S1,MAT701 / 16,ALGEBRA II A,JASON BLAESING,11,2026,F,1.48 pts,12.67,,258,,Yes
19,1/21/25,2,S1,MAT701 / 12,ALGEBRA II A,JASON BLAESING,10,2027,A,3.77 pts,13.71,,66,,Yes
19,1/21/25,6,S1,MAT701 / 16,ALGEBRA II A,JASON BLAESING,11,2026,C+,2.69 pts,11,,141,,Yes
19,1/21/25,4,S1,MAT522 / 14,GEOMETRY A,ROCHELLE AITON,10,2027,D,1.73 pts,0.43,,170,,Yes
19,1/21/25,4,S1,MAT522 / 14,GEOMETRY A,NINETTE LILIENTHAL,10,2027,D,1.73 pts,0.43,,170,,Yes
19,1/21/25,6,S1,SCI601 / 36,BIOLOGY A,WILLIAM BAUR,10,2027,D,1.73 pts,0.29,,170,,Yes
19,1/21/25,6,S1,MAT701 / 16,ALGEBRA II A,JASON BLAESING,11,2026,C-,2.10 pts,1,,225,,Yes
19,1/21/25,4,S1,SCI601 / 14,BIOLOGY A,GRANT MERRILL,10,2027,C,2.41 pts,7,,442,,Yes
19,1/21/25,6,S1,SCI601 / 16,BIOLOGY A,GRANT MERRILL,10,2027,B+,3.24 pts,9.86,,287,,Yes
19,1/21/25,3,S1,SCI601 / 13,BIOLOGY A,GRANT MERRILL,10,2027,B,3.04 pts,1.86,,137,,Yes
19,1/21/25,4,S1,MAT522 / 14,GEOMETRY A,ROCHELLE AITON,10,2027,B-,2.73 pts,1,,137,,Yes
19,1/21/25,4,S1,MAT522 / 14,GEOMETRY A,NINETTE LILIENTHAL,10,2027,B-,2.73 pts,1,,137,,Yes
19,1/21/25,3,S1,SCI601 / 13,BIOLOGY A,GRANT MERRILL,10,2027,C,2.28 pts,7.71,,364,,Yes
19,1/21/25,1,S1,MAT522 / 11,GEOMETRY A,ROCHELLE AITON,9,2028,A,3.69 pts,5,,279,,Yes
19,1/21/25,1,S1,MAT522 / 11,GEOMETRY A,NINETTE LILIENTHAL,9,2028,A,3.69 pts,5,,279,,Yes
19,1/21/25,1,S1,MAT522 / 11,GEOMETRY A,ROCHELLE AITON,10,2027,C,2.41 pts,9.71,,193,,Yes
19,1/21/25,1,S1,MAT522 / 11,GEOMETRY A,NINETTE LILIENTHAL,10,2027,C,2.41 pts,9.71,,193,,Yes
19,1/21/25,5,S1,ENG601 / 15,SOPH ENG/A,MARCEE SALAS,10,2027,C-,2.00 pts,10.43,,193,,Yes
19,1/21/25,2,S1,SCI609 / 12,CHEMISTRY/A,GRANT MERRILL,11,2026,F,1.14 pts,16.43,,65,,Yes
19,1/21/25,3,S1,BUS301 / 13,PERSONAL FINANCE A,NICOLE SIMEK,11,2026,B,2.99 pts,15.14,,65,,Yes
19,1/21/25,4,S1,SOC701 / 14,US HISTORY/A,DAVE HAJEK,11,2026,C-,2.18 pts,16.43,,65,,Yes
19,1/21/25,3,S1,BUS301 / 13,PERSONAL FINANCE A,NICOLE SIMEK,12,2025,A,4.00 pts,1.29,,283,,Yes
19,1/21/25,3,S1,MAT522 / 13,GEOMETRY A,ROCHELLE AITON,9,2028,A,3.60 pts,1.43,,284,,Yes
19,1/21/25,3,S1,MAT522 / 13,GEOMETRY A,NINETTE LILIENTHAL,9,2028,A,3.60 pts,1.43,,284,,Yes
19,1/21/25,3,S1,MAT522 / 13,GEOMETRY A,ROCHELLE AITON,10,2027,B,3.01 pts,7.86,,269,,Yes
19,1/21/25,3,S1,MAT522 / 13,GEOMETRY A,NINETTE LILIENTHAL,10,2027,B,3.01 pts,7.86,,269,,Yes
19,1/21/25,2,S1,ENG601 / 12,SOPH ENG/A,KELLY GREGERSEN,10,2027,B+,3.35 pts,5.71,,290,,Yes
19,1/21/25,2,S1,MAT701 / 12,ALGEBRA II A,JASON BLAESING,11,2026,A-,3.47 pts,8.29,,370,,Yes
19,1/21/25,6,S1,ENG501 / 16,FR ENGLISH/A,DAVID HOLLINGSWORTH,9,2028,C+,2.54 pts,19.86,,98,,Yes
19,1/21/25,2,S1,MAT522 / 12,GEOMETRY A,ROCHELLE AITON,9,2028,B,3.04 pts,1.71,,311,,Yes
19,1/21/25,2,S1,MAT522 / 12,GEOMETRY A,NINETTE LILIENTHAL,9,2028,B,3.04 pts,1.71,,311,,Yes
19,1/21/25,6,S1,MAT701 / 16,ALGEBRA II A,JASON BLAESING,11,2026,A-,3.44 pts,14,,127,,Yes
19,1/21/25,1,S1,MAT704 / 11,PRE-CALC A MAT 153,BRIAN ANDERSON,12,2025,D+,1.99 pts,5,,352,,Yes
19,1/21/25,3,S1,MAT701 / 13,ALGEBRA II A,JENNIFER REILLY,10,2027,A,3.97 pts,7.71,,186,,Yes
19,1/21/25,6,S1,SCI601 / 36,BIOLOGY A,WILLIAM BAUR,10,2027,B+,3.25 pts,7.29,,186,,Yes
19,1/21/25,4,S1,MAT522 / 14,GEOMETRY A,ROCHELLE AITON,10,2027,D,1.74 pts,12.43,,437,,Yes
19,1/21/25,4,S1,MAT522 / 14,GEOMETRY A,NINETTE LILIENTHAL,10,2027,D,1.74 pts,12.43,,437,,Yes
19,1/21/25,6,S1,SCI601 / 36,BIOLOGY A,WILLIAM BAUR,12,2025,A-,3.46 pts,22.67,,178,,Yes
19,1/21/25,2,S1,BUS301 / 12,PERSONAL FINANCE A,NICOLE SIMEK,12,2025,B,3.16 pts,18,,135,,Yes
19,1/21/25,1,S1,MAT522 / 11,GEOMETRY A,ROCHELLE AITON,10,2027,D+,1.89 pts,10.43,,246,,Yes
19,1/21/25,1,S1,MAT522 / 11,GEOMETRY A,NINETTE LILIENTHAL,10,2027,D+,1.89 pts,10.43,,246,,Yes
19,1/21/25,2,S1,MAT701 / 12,ALGEBRA II A,JASON BLAESING,11,2026,B,2.90 pts,5.14,,241,,Yes
19,1/21/25,2,S1,BUS301 / 12,PERSONAL FINANCE A,NICOLE SIMEK,12,2025,B,3.15 pts,16.57,,97,,Yes
19,1/21/25,2,S1,BUS301 / 12,PERSONAL FINANCE A,NICOLE SIMEK,12,2025,B,3.03 pts,16.43,,96,,Yes
19,1/21/25,3,S1,SCI601 / 13,BIOLOGY A,GRANT MERRILL,10,2027,C-,2.19 pts,3.14,,136,,Yes
19,1/21/25,4,S1,MAT522 / 14,GEOMETRY A,ROCHELLE AITON,10,2027,F,0.00 pts,35.14,,447,,Yes
19,1/21/25,4,S1,MAT522 / 14,GEOMETRY A,NINETTE LILIENTHAL,10,2027,F,0.00 pts,35.14,,447,,Yes
19,1/21/25,1,S1,MAT522 / 11,GEOMETRY A,ROCHELLE AITON,10,2027,D,1.77 pts,2,,411,,Yes
19,1/21/25,1,S1,MAT522 / 11,GEOMETRY A,NINETTE LILIENTHAL,10,2027,D,1.77 pts,2,,411,,Yes
19,1/21/25,3,S1,MAT701 / 13,ALGEBRA II A,JENNIFER REILLY,10,2027,A,3.72 pts,5.86,,153,,Yes
19,1/21/25,2,S1,MAT701 / 12,ALGEBRA II A,JASON BLAESING,11,2026,D+,1.80 pts,34.14,,274,,Yes
19,1/21/25,1,S1,MAT522 / 11,GEOMETRY A,ROCHELLE AITON,10,2027,B,3.09 pts,0,,184,,Yes
19,1/21/25,1,S1,MAT522 / 11,GEOMETRY A,NINETTE LILIENTHAL,10,2027,B,3.09 pts,0,,184,,Yes
19,1/21/25,4,S1,SCI601 / 14,BIOLOGY A,GRANT MERRILL,10,2027,B+,3.33 pts,0.14,,184,,Yes
19,1/21/25,6,S1,ENG501 / 16,FR ENGLISH/A,DAVID HOLLINGSWORTH,9,2028,D,1.79 pts,2,,308,,Yes
19,1/21/25,2,S1,MAT522 / 12,GEOMETRY A,ROCHELLE AITON,9,2028,B+,3.28 pts,1.71,,166,,Yes
19,1/21/25,2,S1,MAT522 / 12,GEOMETRY A,NINETTE LILIENTHAL,9,2028,B+,3.28 pts,1.71,,166,,Yes
19,1/21/25,6,S1,ENG501 / 16,FR ENGLISH/A,DAVID HOLLINGSWORTH,9,2028,B,3.00 pts,1.71,,166,,Yes
19,1/21/25,6,S1,ENG501 / 16,FR ENGLISH/A,DAVID HOLLINGSWORTH,9,2028,B+,3.34 pts,6.14,,268,,Yes
19,1/21/25,5,S1,MAT522 / 15,GEOMETRY A,BRIAN ANDERSON,9,2028,B,3.13 pts,1.86,,351,,Yes
19,1/21/25,2,S1,MAT701 / 12,ALGEBRA II A,JASON BLAESING,11,2026,,2.94 pts,1,,468,,Yes
19,1/21/25,2,S1,ENG601 / 12,SOPH ENG/A,KELLY GREGERSEN,10,2027,B,3.04 pts,6.57,,143,,Yes
19,1/21/25,4,S1,MAT522 / 14,GEOMETRY A,ROCHELLE AITON,10,2027,D,1.68 pts,8.14,,143,,Yes
19,1/21/25,4,S1,MAT522 / 14,GEOMETRY A,NINETTE LILIENTHAL,10,2027,D,1.68 pts,8.14,,143,,Yes
19,1/21/25,2,S1,BUS301 / 12,PERSONAL FINANCE A,NICOLE SIMEK,12,2025,F,0.52 pts,15.29,,377,,Yes
19,1/21/25,4,S1,MAT522 / 14,GEOMETRY A,ROCHELLE AITON,10,2027,F,0.56 pts,3.57,,110,,Yes
19,1/21/25,4,S1,MAT522 / 14,GEOMETRY A,NINETTE LILIENTHAL,10,2027,F,0.56 pts,3.57,,110,,Yes
19,1/21/25,5,S1,ENG601 / 15,SOPH ENG/A,MARCEE SALAS,10,2027,F,0.86 pts,3.86,,110,,Yes
19,1/21/25,6,S1,SCI601 / 16,BIOLOGY A,GRANT MERRILL,10,2027,F,0.14 pts,5.71,,110,,Yes
19,1/21/25,6,S1,ENG501 / 16,FR ENGLISH/A,DAVID HOLLINGSWORTH,9,2028,D,1.71 pts,3.43,,196,,Yes
19,1/21/25,4,S1,MAT522 / 14,GEOMETRY A,ROCHELLE AITON,9,2028,B,3.02 pts,2.43,,434,,Yes
19,1/21/25,4,S1,MAT522 / 14,GEOMETRY A,NINETTE LILIENTHAL,9,2028,B,3.02 pts,2.43,,434,,Yes
19,1/21/25,1,S1,MAT522 / 11,GEOMETRY A,ROCHELLE AITON,10,2027,B-,2.85 pts,20.14,,383,,Yes
19,1/21/25,1,S1,MAT522 / 11,GEOMETRY A,NINETTE LILIENTHAL,10,2027,B-,2.85 pts,20.14,,383,,Yes
19,1/21/25,3,S1,SCI601 / 13,BIOLOGY A,GRANT MERRILL,10,2027,B-,2.80 pts,21.29,,383,,Yes
19,1/21/25,5,S1,ENG601 / 15,SOPH ENG/A,MARCEE SALAS,10,2027,C,2.29 pts,21.86,,383,,Yes
19,1/21/25,2,S1,BUS301 / 12,PERSONAL FINANCE A,NICOLE SIMEK,12,2025,B,2.99 pts,13.43,,104,,Yes
19,1/21/25,4,S1,SCI601 / 14,BIOLOGY A,GRANT MERRILL,10,2027,D+,1.87 pts,5.29,,374,,Yes
19,1/21/25,5,S1,ENG601 / 15,SOPH ENG/A,MARCEE SALAS,10,2027,C-,2.03 pts,5,,374,,Yes
19,1/21/25,6,S1,MAT701 / 16,ALGEBRA II A,JASON BLAESING,11,2026,B+,3.24 pts,3,,119,,Yes
19,1/21/25,3,S1,BUS301 / 13,PERSONAL FINANCE A,NICOLE SIMEK,11,2026,F,0.55 pts,7.29,,435,,Yes
19,1/21/25,3,S1,BUS301 / 13,PERSONAL FINANCE A,NICOLE SIMEK,12,2025,B,3.05 pts,2,,345,,Yes
19,1/21/25,6,S1,MAT701 / 16,ALGEBRA II A,JASON BLAESING,11,2026,B+,3.31 pts,9.71,,316,,Yes
19,1/21/25,6,S1,MAT701 / 16,ALGEBRA II A,JASON BLAESING,11,2026,A-,3.57 pts,8.5,,313,,Yes
19,1/21/25,6,S1,MAT701 / 16,ALGEBRA II A,JASON BLAESING,11,2026,A,3.68 pts,7.29,,307,,Yes
19,1/21/25,4,S1,SOC701 / 14,US HISTORY/A,DAVE HAJEK,11,2026,A,3.81 pts,1,,223,,Yes
19,1/21/25,5,S1,ENG701 / 15,JUNIOR ENG/A,JOHN CARVER,11,2026,A,3.87 pts,1,,223,,Yes
19,1/21/25,3,S1,BUS301 / 13,PERSONAL FINANCE A,NICOLE SIMEK,12,2025,C-,2.00 pts,5.43,,365,,Yes
19,1/21/25,1,S1,MAT522 / 11,GEOMETRY A,ROCHELLE AITON,9,2028,C,2.27 pts,12.14,,79,,Yes
19,1/21/25,1,S1,MAT522 / 11,GEOMETRY A,NINETTE LILIENTHAL,9,2028,C,2.27 pts,12.14,,79,,Yes
19,1/21/25,2,S1,ENG601 / 12,SOPH ENG/A,KELLY GREGERSEN,10,2027,C+,2.50 pts,13.29,,52,,Yes
19,1/21/25,4,S1,MAT522 / 14,GEOMETRY A,ROCHELLE AITON,10,2027,D+,1.81 pts,11.14,,52,,Yes
19,1/21/25,4,S1,MAT522 / 14,GEOMETRY A,NINETTE LILIENTHAL,10,2027,D+,1.81 pts,11.14,,52,,Yes
19,1/21/25,3,S1,MAT701 / 13,ALGEBRA II A,JENNIFER REILLY,11,2026,F,1.17 pts,51.86,,164,,Yes
19,1/21/25,2,S1,MAT701 / 12,ALGEBRA II A,JASON BLAESING,11,2026,F,1.33 pts,38,,121,,Yes
19,1/21/25,3,S1,MAT701 / 13,ALGEBRA II A,JENNIFER REILLY,11,2026,A-,3.45 pts,4,,288,,Yes
19,1/21/25,6,S1,SOC701 / 16,US HISTORY/A,SCOTT BOOTHBY,11,2026,A-,3.48 pts,4,,288,,Yes
19,1/21/25,6,S1,ENG501 / 16,FR ENGLISH/A,DAVID HOLLINGSWORTH,9,2028,C-,2.01 pts,15.14,,212,,Yes
19,1/21/25,2,S1,BUS301 / 12,PERSONAL FINANCE A,NICOLE SIMEK,12,2025,C-,2.00 pts,5.86,,156,,Yes
19,1/21/25,4,S1,SCI601 / 14,BIOLOGY A,GRANT MERRILL,10,2027,F,1.30 pts,24.1,,120,,Yes
19,1/21/25,5,S1,ENG601 / 15,SOPH ENG/A,MARCEE SALAS,10,2027,F,1.35 pts,19.93,,120,,Yes
19,1/21/25,1,S1,MAT704 / 11,PRE-CALC A MAT 153,BRIAN ANDERSON,12,2025,A-,3.58 pts,5,,265,,Yes
19,1/21/25,6,S1,MAT701 / 16,ALGEBRA II A,JASON BLAESING,11,2026,C,2.27 pts,10,,361,,Yes
19,1/21/25,3,S1,MAT522 / 13,GEOMETRY A,ROCHELLE AITON,10,2027,F,0.00 pts,42.43,,160,,Yes
19,1/21/25,3,S1,MAT522 / 13,GEOMETRY A,NINETTE LILIENTHAL,10,2027,F,0.00 pts,42.43,,160,,Yes
19,1/21/25,1,S1,MAT522 / 11,GEOMETRY A,ROCHELLE AITON,10,2027,B,3.00 pts,12.71,,386,,Yes
19,1/21/25,1,S1,MAT522 / 11,GEOMETRY A,NINETTE LILIENTHAL,10,2027,B,3.00 pts,12.71,,386,,Yes
19,1/21/25,3,S1,SCI601 / 13,BIOLOGY A,GRANT MERRILL,10,2027,C,2.27 pts,10.14,,386,,Yes
19,1/21/25,3,S1,MAT522 / 13,GEOMETRY A,ROCHELLE AITON,10,2027,D+,1.89 pts,22.71,,67,,Yes
19,1/21/25,3,S1,MAT522 / 13,GEOMETRY A,NINETTE LILIENTHAL,10,2027,D+,1.89 pts,22.71,,67,,Yes
19,1/21/25,4,S1,SCI601 / 14,BIOLOGY A,GRANT MERRILL,10,2027,F,0.85 pts,23.57,,67,,Yes
19,1/21/25,4,S1,SOC701 / 14,US HISTORY/A,DAVE HAJEK,11,2026,F,0.80 pts,18.86,,451,,Yes
19,1/21/25,2,S1,SCI609 / 12,CHEMISTRY/A,GRANT MERRILL,11,2026,C+,2.67 pts,4.14,,297,,Yes
19,1/21/25,2,S1,BUS301 / 12,PERSONAL FINANCE A,NICOLE SIMEK,12,2025,C,2.34 pts,25.86,,322,,Yes
19,1/21/25,2,S1,BUS301 / 12,PERSONAL FINANCE A,NICOLE SIMEK,12,2025,F,0.26 pts,35.57,,321,,Yes
19,1/21/25,2,S1,MAT522 / 12,GEOMETRY A,ROCHELLE AITON,10,2027,F,0.00 pts,22.86,,463,,Yes
19,1/21/25,2,S1,MAT522 / 12,GEOMETRY A,NINETTE LILIENTHAL,10,2027,F,0.00 pts,22.86,,463,,Yes
19,1/21/25,3,S1,BUS301 / 13,PERSONAL FINANCE A,NICOLE SIMEK,11,2026,F,0.44 pts,23.29,,276,,Yes
19,1/21/25,5,S1,ENG701 / 15,JUNIOR ENG/A,JOHN CARVER,11,2026,C,2.36 pts,19.86,,276,,Yes
19,1/21/25,1,S1,MAT704 / 11,PRE-CALC A MAT 153,BRIAN ANDERSON,12,2025,F,1.38 pts,2,,51,,Yes
19,1/21/25,6,S1,ENG501 / 16,FR ENGLISH/A,DAVID HOLLINGSWORTH,9,2028,A,3.92 pts,1.14,,217,,Yes
19,1/21/25,3,S1,MAT701 / 13,ALGEBRA II A,JENNIFER REILLY,10,2027,C+,2.60 pts,13.29,,353,,Yes
19,1/21/25,5,S1,ENG601 / 15,SOPH ENG/A,MARCEE SALAS,10,2027,C+,2.63 pts,12.71,,353,,Yes
19,1/21/25,6,S1,SCI601 / 36,BIOLOGY A,WILLIAM BAUR,10,2027,A-,3.56 pts,13,,353,,Yes
19,1/21/25,6,S1,SCI601 / 16,BIOLOGY A,GRANT MERRILL,10,2027,B-,2.74 pts,0.14,,125,,Yes
19,1/21/25,3,S1,MAT701 / 13,ALGEBRA II A,JENNIFER REILLY,10,2027,A,3.66 pts,3.14,,247,,Yes
19,1/21/25,6,S1,SOC701 / 16,US HISTORY/A,SCOTT BOOTHBY,11,2026,W,1.30 pts,37,,74,,Yes
19,1/21/25,6,S1,MAT701 / 16,ALGEBRA II A,JASON BLAESING,10,2027,A,3.77 pts,2,,384,,Yes
19,1/21/25,6,S1,ENG501 / 16,FR ENGLISH/A,DAVID HOLLINGSWORTH,9,2028,F,1.43 pts,4.43,,346,,Yes
19,1/21/25,1,S1,MAT522 / 11,GEOMETRY A,ROCHELLE AITON,10,2027,F,1.23 pts,35.43,,407,,Yes
19,1/21/25,1,S1,MAT522 / 11,GEOMETRY A,NINETTE LILIENTHAL,10,2027,F,1.23 pts,35.43,,407,,Yes
19,1/21/25,2,S1,ENG601 / 12,SOPH ENG/A,KELLY GREGERSEN,10,2027,F,0.27 pts,35.57,,407,,Yes
19,1/21/25,4,S1,SCI601 / 14,BIOLOGY A,GRANT MERRILL,10,2027,F,0.69 pts,38.43,,407,,Yes
19,1/21/25,5,S1,ENG601 / 15,SOPH ENG/A,MARCEE SALAS,10,2027,C,2.22 pts,5.29,,108,,Yes
19,1/21/25,2,S1,MAT522 / 12,GEOMETRY A,ROCHELLE AITON,10,2027,D,1.66 pts,25,,272,,Yes
19,1/21/25,2,S1,MAT522 / 12,GEOMETRY A,NINETTE LILIENTHAL,10,2027,D,1.66 pts,25,,272,,Yes
19,1/21/25,4,S1,SOC701 / 14,US HISTORY/A,DAVE HAJEK,11,2026,F,1.17 pts,7.33,,449,,Yes
19,1/21/25,5,S1,ENG601 / 15,SOPH ENG/A,MARCEE SALAS,10,2027,C,2.34 pts,0.29,,330,,Yes
19,1/21/25,6,S1,SCI601 / 36,BIOLOGY A,WILLIAM BAUR,10,2027,C,2.48 pts,0,,330,,Yes
19,1/21/25,1,S1,MAT522 / 11,GEOMETRY A,ROCHELLE AITON,10,2027,B-,2.76 pts,0.29,,162,,Yes
19,1/21/25,1,S1,MAT522 / 11,GEOMETRY A,NINETTE LILIENTHAL,10,2027,B-,2.76 pts,0.29,,162,,Yes
19,1/21/25,2,S1,ENG601 / 12,SOPH ENG/A,KELLY GREGERSEN,10,2027,B,2.92 pts,0.29,,162,,Yes
19,1/21/25,6,S1,SCI601 / 36,BIOLOGY A,WILLIAM BAUR,10,2027,A-,3.54 pts,0.71,,162,,Yes
19,1/21/25,5,S1,ENG601 / 15,SOPH ENG/A,MARCEE SALAS,10,2027,C,2.39 pts,8.29,,371,,Yes
19,1/21/25,2,S1,BUS301 / 12,PERSONAL FINANCE A,NICOLE SIMEK,12,2025,C+,2.57 pts,10,,195,,Yes
19,1/21/25,2,S1,ENG601 / 12,SOPH ENG/A,KELLY GREGERSEN,10,2027,C,2.37 pts,4.43,,347,,Yes
19,1/21/25,4,S1,SCI601 / 14,BIOLOGY A,GRANT MERRILL,10,2027,B,3.15 pts,4.57,,347,,Yes
19,1/21/25,3,S1,MAT522 / 13,GEOMETRY A,ROCHELLE AITON,9,2028,C-,2.13 pts,4.71,,211,,Yes
19,1/21/25,3,S1,MAT522 / 13,GEOMETRY A,NINETTE LILIENTHAL,9,2028,C-,2.13 pts,4.71,,211,,Yes
19,1/21/25,2,S1,MAT522 / 12,GEOMETRY A,ROCHELLE AITON,11,2026,F,1.04 pts,27.43,,343,,Yes
19,1/21/25,2,S1,MAT522 / 12,GEOMETRY A,NINETTE LILIENTHAL,11,2026,F,1.04 pts,27.43,,343,,Yes
19,1/21/25,4,S1,SOC701 / 14,US HISTORY/A,DAVE HAJEK,11,2026,F,1.02 pts,19.86,,343,,Yes
19,1/21/25,5,S1,MAT522 / 15,GEOMETRY A,BRIAN ANDERSON,10,2027,C+,2.55 pts,3.57,,165,,Yes
19,1/21/25,6,S1,SCI601 / 36,BIOLOGY A,WILLIAM BAUR,10,2027,B,3.03 pts,3.71,,165,,Yes
19,1/21/25,6,S1,SCI601 / 36,BIOLOGY A,WILLIAM BAUR,10,2027,C-,2.07 pts,9.29,,462,,Yes
19,1/21/25,2,S1,BUS301 / 12,PERSONAL FINANCE A,NICOLE SIMEK,12,2025,B+,3.35 pts,9,,415,,Yes
19,1/21/25,4,S1,SCI601 / 14,BIOLOGY A,GRANT MERRILL,10,2027,A,3.69 pts,5.86,,432,,Yes
19,1/21/25,3,S1,MAT522 / 13,GEOMETRY A,ROCHELLE AITON,10,2027,A-,3.58 pts,1,,204,,Yes
19,1/21/25,3,S1,MAT522 / 13,GEOMETRY A,NINETTE LILIENTHAL,10,2027,A-,3.58 pts,1,,204,,Yes
19,1/21/25,5,S1,ENG601 / 15,SOPH ENG/A,MARCEE SALAS,10,2027,C+,2.56 pts,1,,204,,Yes
19,1/21/25,6,S1,SCI601 / 16,BIOLOGY A,GRANT MERRILL,10,2027,B,3.09 pts,1,,204,,Yes
19,1/21/25,6,S1,ENG501 / 16,FR ENGLISH/A,DAVID HOLLINGSWORTH,9,2028,A,4.00 pts,0.71,,62,,Yes
19,1/21/25,5,S1,MAT522 / 15,GEOMETRY A,BRIAN ANDERSON,9,2028,B-,2.82 pts,1,,154,,Yes
19,1/21/25,3,S1,SCI601 / 13,BIOLOGY A,GRANT MERRILL,10,2027,B,3.19 pts,1.43,,155,,Yes
19,1/21/25,4,S1,MAT522 / 14,GEOMETRY A,ROCHELLE AITON,10,2027,B,3.10 pts,0.86,,155,,Yes
19,1/21/25,4,S1,MAT522 / 14,GEOMETRY A,NINETTE LILIENTHAL,10,2027,B,3.10 pts,0.86,,155,,Yes
19,1/21/25,6,S1,MAT701 / 16,ALGEBRA II A,JASON BLAESING,11,2026,A-,3.57 pts,4.5,,278,,Yes
19,1/21/25,2,S1,MAT522 / 12,GEOMETRY A,ROCHELLE AITON,10,2027,B-,2.74 pts,7.43,,215,,Yes
19,1/21/25,2,S1,MAT522 / 12,GEOMETRY A,NINETTE LILIENTHAL,10,2027,B-,2.74 pts,7.43,,215,,Yes
19,1/21/25,6,S1,SCI601 / 16,BIOLOGY A,GRANT MERRILL,10,2027,B-,2.80 pts,9.43,,215,,Yes
19,1/21/25,6,S1,SCI601 / 36,BIOLOGY A,WILLIAM BAUR,10,2027,A,3.80 pts,4.57,,337,,Yes
19,1/21/25,4,S1,SOC701 / 14,US HISTORY/A,DAVE HAJEK,11,2026,A,3.60 pts,1.33,,336,,Yes
19,1/21/25,5,S1,ENG701 / 15,JUNIOR ENG/A,JOHN CARVER,11,2026,A,3.92 pts,1.67,,336,,Yes
19,1/21/25,6,S1,MAT701 / 16,ALGEBRA II A,JASON BLAESING,11,2026,A-,3.46 pts,1.67,,336,,Yes
19,1/21/25,6,S1,SOC701 / 16,US HISTORY/A,SCOTT BOOTHBY,11,2026,A-,3.58 pts,9.71,,210,,Yes
19,1/21/25,4,S1,MAT522 / 14,GEOMETRY A,ROCHELLE AITON,10,2027,A-,3.58 pts,3.43,,444,,Yes
19,1/21/25,4,S1,MAT522 / 14,GEOMETRY A,NINETTE LILIENTHAL,10,2027,A-,3.58 pts,3.43,,444,,Yes
19,1/21/25,4,S1,SCI601 / 14,BIOLOGY A,GRANT MERRILL,10,2027,D,1.68 pts,7.14,,448,,Yes
19,1/21/25,5,S1,MAT522 / 15,GEOMETRY A,BRIAN ANDERSON,10,2027,F,0.85 pts,6.57,,194,,Yes
19,1/21/25,4,S1,SOC701 / 14,US HISTORY/A,DAVE HAJEK,11,2026,B-,2.88 pts,3,,298,,Yes
19,1/21/25,5,S1,ENG701 / 15,JUNIOR ENG/A,JOHN CARVER,11,2026,A,3.69 pts,3.14,,298,,Yes
19,1/21/25,6,S1,ENG501 / 16,FR ENGLISH/A,DAVID HOLLINGSWORTH,9,2028,A,3.87 pts,1.43,,181,,Yes
19,1/21/25,2,S1,MAT522 / 12,GEOMETRY A,ROCHELLE AITON,10,2027,A-,3.41 pts,0.86,,206,,Yes
19,1/21/25,2,S1,MAT522 / 12,GEOMETRY A,NINETTE LILIENTHAL,10,2027,A-,3.41 pts,0.86,,206,,Yes
19,1/21/25,6,S1,SCI601 / 36,BIOLOGY A,WILLIAM BAUR,10,2027,B-,2.86 pts,1.14,,206,,Yes
19,1/21/25,2,S1,ENG601 / 12,SOPH ENG/A,KELLY GREGERSEN,10,2027,B+,3.23 pts,13.29,,418,,Yes
19,1/21/25,6,S1,SCI601 / 16,BIOLOGY A,GRANT MERRILL,10,2027,B,2.96 pts,12.57,,418,,Yes
19,1/21/25,1,S1,MAT522 / 11,GEOMETRY A,ROCHELLE AITON,10,2027,F,1.20 pts,14.86,,116,,Yes
19,1/21/25,1,S1,MAT522 / 11,GEOMETRY A,NINETTE LILIENTHAL,10,2027,F,1.20 pts,14.86,,116,,Yes
19,1/21/25,2,S1,ENG601 / 12,SOPH ENG/A,KELLY GREGERSEN,10,2027,D,1.77 pts,15,,116,,Yes
19,1/21/25,3,S1,BUS301 / 13,PERSONAL FINANCE A,NICOLE SIMEK,11,2026,F,1.37 pts,5.14,,209,,Yes
19,1/21/25,2,S1,MAT701 / 12,ALGEBRA II A,JASON BLAESING,11,2026,B+,3.32 pts,5.71,,222,,Yes
19,1/21/25,5,S1,ENG701 / 15,JUNIOR ENG/A,JOHN CARVER,11,2026,A,3.62 pts,6.29,,222,,Yes
19,1/21/25,3,S1,SCI601 / 13,BIOLOGY A,GRANT MERRILL,10,2027,F,1.35 pts,15.43,,391,,Yes
19,1/21/25,3,S1,MAT522 / 13,GEOMETRY A,ROCHELLE AITON,10,2027,A,3.75 pts,4.29,,264,,Yes
19,1/21/25,3,S1,MAT522 / 13,GEOMETRY A,NINETTE LILIENTHAL,10,2027,A,3.75 pts,4.29,,264,,Yes
19,1/21/25,3,S1,MAT701 / 13,ALGEBRA II A,JENNIFER REILLY,11,2026,F,1.55 pts,26.43,,177,,Yes
19,1/21/25,5,S1,ENG701 / 15,JUNIOR ENG/A,JOHN CARVER,11,2026,F,1.53 pts,25.71,,177,,Yes
19,1/21/25,6,S1,SOC701 / 16,US HISTORY/A,SCOTT BOOTHBY,11,2026,F,1.46 pts,27.14,,177,,Yes
19,1/21/25,3,S1,BUS301 / 13,PERSONAL FINANCE A,NICOLE SIMEK,11,2026,F,0.30 pts,45.43,,300,,Yes
19,1/21/25,5,S1,ENG701 / 15,JUNIOR ENG/A,JOHN CARVER,11,2026,F,1.03 pts,34.86,,300,,Yes
19,1/21/25,2,S1,MAT701 / 12,ALGEBRA II A,JASON BLAESING,11,2026,B+,3.34 pts,0.29,,56,,Yes
19,1/21/25,5,S1,ENG701 / 15,JUNIOR ENG/A,JOHN CARVER,11,2026,C,2.45 pts,0.71,,56,,Yes
19,1/21/25,4,S1,SCI601 / 14,BIOLOGY A,GRANT MERRILL,10,2027,C,2.42 pts,4.57,,198,,Yes
19,1/21/25,5,S1,MAT522 / 15,GEOMETRY A,BRIAN ANDERSON,10,2027,C,2.23 pts,4,,198,,Yes
19,1/21/25,2,S1,SCI609 / 12,CHEMISTRY/A,GRANT MERRILL,11,2026,D,1.75 pts,3.86,,150,,Yes
19,1/21/25,1,S1,MAT522 / 11,GEOMETRY A,ROCHELLE AITON,10,2027,F,1.31 pts,1.71,,94,,Yes
19,1/21/25,1,S1,MAT522 / 11,GEOMETRY A,NINETTE LILIENTHAL,10,2027,F,1.31 pts,1.71,,94,,Yes
19,1/21/25,2,S1,ENG601 / 12,SOPH ENG/A,KELLY GREGERSEN,10,2027,F,1.06 pts,1.71,,94,,Yes
19,1/21/25,6,S1,SCI601 / 36,BIOLOGY A,WILLIAM BAUR,10,2027,A,3.68 pts,0.14,,133,,Yes
19,1/21/25,1,S1,ENG701 / 11,JUNIOR ENG/A,JOHN CARVER,11,2026,F,1.42 pts,33.21,,1,,#N/A
19,1/21/25,2,S1,PED500 / 12,WEIGHT TRAINING,SCOTT BOOTHBY,11,2026,D+,1.94 pts,29.21,,1,,#N/A
19,1/21/25,3,S1,MAT701 / 13,ALGEBRA II A,JENNIFER REILLY,11,2026,F,0.63 pts,29.21,,1,,Yes
19,1/21/25,4,S1,CTE114 / 14,ENGINEERING A,JASON BLAESING,11,2026,F,1.08 pts,30.14,,1,,#N/A
19,1/21/25,5,S1,SOC701 / 15,US HISTORY/A,DAVE HAJEK,11,2026,F,0.06 pts,29,,1,,#N/A
19,1/21/25,6,S1,FAR604 / 16,SCENE DESIGN,KELLY GREGERSEN,11,2026,D+,1.91 pts,29.57,,1,,#N/A
19,1/21/25,1,S1,CTA101 / 11,CTA S1,MARK CASTLE,11,2026,,,0,,3,,#N/A
19,1/21/25,2,S1,CTA101 / 11,CTA S1,MARK CASTLE,11,2026,,,0,,3,,#N/A
19,1/21/25,3,S1,CTA101 / 11,CTA S1,MARK CASTLE,11,2026,,,0,,3,,#N/A
19,1/21/25,4,S1,MAT701 / 14,ALGEBRA II A,JENNIFER REILLY,11,2026,C-,2.05 pts,4,,3,,#N/A
19,1/21/25,5,S1,ASL503 / 15,AMERICAN SIGN LANGUAGE II/A,TAMI GRANT,11,2026,A,3.92 pts,4,,3,,#N/A
19,1/21/25,6,S1,ENG701 / 16,JUNIOR ENG/A,JOHN CARVER,11,2026,A-,3.42 pts,4.33,,3,,#N/A
19,1/21/25,1,S1,FAR505 / 11,CONCERT CHOIR/A,DAVID DUARTE,10,2027,A,3.95 pts,8.86,,4,,#N/A
19,1/21/25,2,S1,SPA501 / 12,SPANISH 1 A,ROCHELLE AITON,10,2027,B,2.99 pts,6.29,,4,,#N/A
19,1/21/25,3,S1,SOC108 / 13,WORLD HISTORY/A,RYAN ISAACSON,10,2027,C+,2.52 pts,5.57,,4,,#N/A
19,1/21/25,4,S1,SCI601 / 14,BIOLOGY A,GRANT MERRILL,10,2027,F,1.38 pts,9,,4,,Yes
19,1/21/25,5,S1,ENG601 / 15,SOPH ENG/A,MARCEE SALAS,10,2027,D+,1.93 pts,6.57,,4,,Yes
19,1/21/25,6,S1,MAT522 / 36,GEOMETRY A,ROCHELLE AITON,10,2027,C-,2.14 pts,6.71,,4,,#N/A
19,1/21/25,6,S1,MAT522 / 36,GEOMETRY A,NINETTE LILIENTHAL,10,2027,C-,2.14 pts,6.71,,4,,#N/A
19,1/21/25,1,S1,VOC705 / 11,DIGITAL PHOTOGRAPHY I,ROSANNA RUFF,11,2026,C-,2.19 pts,9.86,,5,,#N/A
19,1/21/25,2,S1,BUS301 / 12,PERSONAL FINANCE A,NICOLE SIMEK,11,2026,C,2.39 pts,9.71,,5,,Yes
19,1/21/25,3,S1,SCI503 / 33,PHYSICAL SCIENCE A,WILLIAM BAUR,11,2026,C-,2.13 pts,10.86,,5,,#N/A
19,1/21/25,4,S1,SOC701 / 14,US HISTORY/A,DAVE HAJEK,11,2026,F,1.51 pts,10.43,,5,,Yes
19,1/21/25,5,S1,ENG701 / 15,JUNIOR ENG/A,JOHN CARVER,11,2026,D+,1.82 pts,11.29,,5,,Yes
19,1/21/25,6,S1,PED500 / 16,WEIGHT TRAINING,SCOTT DIZMANG,11,2026,B+,3.27 pts,11.86,,5,,#N/A
19,1/21/25,1,S1,PED513 / 11,TEAM GAMES,SCOTT DIZMANG,10,2027,A-,3.42 pts,4.86,,6,,#N/A
19,1/21/25,2,S1,MAT522 / 12,GEOMETRY A,ROCHELLE AITON,10,2027,B,3.04 pts,4.86,John L,6,Active,Yes
19,1/21/25,2,S1,MAT522 / 12,GEOMETRY A,NINETTE LILIENTHAL,10,2027,B,3.04 pts,4.86,John L,6,Active,Yes
19,1/21/25,3,S1,SOC108 / 13,WORLD HISTORY/A,RYAN ISAACSON,10,2027,C+,2.50 pts,5,,6,,#N/A
19,1/21/25,4,S1,FAR109 / 14,CERAMICS II,ROBERT YEE,10,2027,A,4.00 pts,5,,6,,#N/A
19,1/21/25,5,S1,ENG601 / 15,SOPH ENG/A,MARCEE SALAS,10,2027,D,1.65 pts,5,Pat,6,Active,Yes
19,1/21/25,6,S1,SCI601 / 36,BIOLOGY A,WILLIAM BAUR,10,2027,D,1.69 pts,5,Mimi,6,Active,Yes
19,1/21/25,1,S1,ENG801 / 11,SENIOR ENG/A,HEATHER CARVER,12,2025,B-,2.70 pts,10.86,,7,,#N/A
19,1/21/25,2,S1,BUS301 / 12,PERSONAL FINANCE A,NICOLE SIMEK,12,2025,D,1.72 pts,10,,7,,Yes
19,1/21/25,3,S1,ONT400 / 13,ON-TRACK/A,BRIAN ANDERSON,12,2025,A,4.00 pts,10.14,,7,,#N/A
19,1/21/25,4,S1,ENG715 / 14,FILM AS LITERATURE,KELLY GREGERSEN,12,2025,F,1.62 pts,10.71,,7,,#N/A
19,1/21/25,5,S1,CTE100 / 15,MEDICAL CAREERS & TERMS A,DONNA SCHATZ,12,2025,F,1.36 pts,10.71,,7,,#N/A
19,1/21/25,6,S1,SOC802 / 16,CIVICS,JIM REED,12,2025,F,0.78 pts,11,,7,,#N/A
19,1/21/25,1,S1,FAR720 / 11,PANTHER PLAYERS/A,KELLY GREGERSEN,11,2026,A,3.90 pts,6.29,,46,,#N/A
19,1/21/25,2,S1,SCI609 / 12,CHEMISTRY/A,GRANT MERRILL,11,2026,C,2.43 pts,6.14,,46,,Yes
19,1/21/25,3,S1,MAT701 / 13,ALGEBRA II A,JENNIFER REILLY,11,2026,C,2.31 pts,6.14,,46,,Yes
19,1/21/25,4,S1,ENG715 / 14,FILM AS LITERATURE,KELLY GREGERSEN,11,2026,B,3.16 pts,7.29,,46,,#N/A
19,1/21/25,5,S1,SOC701 / 15,US HISTORY/A,DAVE HAJEK,11,2026,C,2.27 pts,7,,46,,#N/A
19,1/21/25,6,S1,SPA501 / 16,SPANISH 1 A,ROCHELLE AITON,11,2026,A-,3.52 pts,7,,46,,#N/A
19,1/21/25,1,S1,FAR720 / 11,PANTHER PLAYERS/A,KELLY GREGERSEN,12,2025,A,3.61 pts,5.71,,8,,#N/A
19,1/21/25,2,S1,SPS103 / 12,OFFICE ASSISTANT,MARK CASTLE,12,2025,S,,5,,8,,#N/A
19,1/21/25,3,S1,PED500 / 13,WEIGHT TRAINING,SCOTT BOOTHBY,12,2025,A-,3.55 pts,5,,8,,#N/A
19,1/21/25,4,S1,ENG717 / 14,AP LITERATURE/ COMPOSITION A,HEATHER CARVER,12,2025,B-,2.70 pts,6,,8,,#N/A
19,1/21/25,5,S1,SOC802 / 15,CIVICS,SCOTT BOOTHBY,12,2025,C-,2.14 pts,6.29,,8,,#N/A
19,1/21/25,6,S1,SCI503 / 16,PHYSICAL SCIENCE A,JAMES BENNETT,12,2025,D+,1.88 pts,6.57,,8,,#N/A
19,1/21/25,1,S1,PED500 / 11,WEIGHT TRAINING,SCOTT BOOTHBY,10,2027,A,3.65 pts,2.71,,9,,#N/A
19,1/21/25,2,S1,SOC108 / 12,WORLD HISTORY/A,DAVID HOLLINGSWORTH,10,2027,C+,2.51 pts,2.71,,9,,#N/A
19,1/21/25,3,S1,SCI601 / 13,BIOLOGY A,GRANT MERRILL,10,2027,D,1.76 pts,1.86,,9,,Yes
19,1/21/25,4,S1,FAR109 / 14,CERAMICS II,ROBERT YEE,10,2027,A-,3.58 pts,2.14,,9,,#N/A
19,1/21/25,5,S1,MAT522 / 15,GEOMETRY A,BRIAN ANDERSON,10,2027,D,1.73 pts,2.14,Tom C,9,Active,Yes
19,1/21/25,6,S1,ENG601 / 16,SOPH ENG/A,MARCEE SALAS,10,2027,C,2.39 pts,2.14,,9,,#N/A
19,1/21/25,1,S1,MAT522 / 11,GEOMETRY A,ROCHELLE AITON,10,2027,C,2.45 pts,0,John L,10,Active,Yes
19,1/21/25,1,S1,MAT522 / 11,GEOMETRY A,NINETTE LILIENTHAL,10,2027,C,2.45 pts,0,John L,10,Active,Yes
19,1/21/25,2,S1,ENG601 / 12,SOPH ENG/A,KELLY GREGERSEN,10,2027,B,2.90 pts,0,,10,,Yes
19,1/21/25,3,S1,SOC108 / 13,WORLD HISTORY/A,RYAN ISAACSON,10,2027,C,2.43 pts,0,,10,,#N/A
19,1/21/25,4,S1,HFL118 / 14,ADV CULINARY ARTS A,ALEXANDRA YOST,10,2027,C+,2.54 pts,0,,10,,#N/A
19,1/21/25,5,S1,VOC106 / 15,METAL MANUFACTURING & TECH I,DONALD O'BRIEN,10,2027,A,3.70 pts,0.14,,10,,#N/A
19,1/21/25,6,S1,SCI601 / 16,BIOLOGY A,GRANT MERRILL,10,2027,D,1.76 pts,0.14,,10,,Yes
19,1/21/25,1,S1,SPA601 / 11,SPANISH II A/SPAN 151,ROCHELLE AITON,11,2026,B,2.94 pts,2.14,,11,,#N/A
19,1/21/25,2,S1,HFL116 / 12,BAKING PASTRY ARTS I,KAYLA PAYNE,11,2026,B-,2.88 pts,2.14,,11,,#N/A
19,1/21/25,3,S1,MAT701 / 13,ALGEBRA II A,JENNIFER REILLY,11,2026,B,3.13 pts,2.71,,11,,Yes
19,1/21/25,4,S1,CTE114 / 14,ENGINEERING A,JASON BLAESING,11,2026,B-,2.85 pts,2.71,,11,,#N/A
19,1/21/25,5,S1,SOC703 / 15,AP US HISTORY A,RYAN ISAACSON,11,2026,A,3.99 pts,2.43,,11,,#N/A
19,1/21/25,6,S1,ENG701 / 16,JUNIOR ENG/A,JOHN CARVER,11,2026,B,3.07 pts,2.14,,11,,#N/A
19,1/21/25,1,S1,CTE114 / 11,ENGINEERING A,JASON BLAESING,11,2026,F,1.45 pts,7,,12,,#N/A
19,1/21/25,2,S1,VOC116 / 12,BASIC CARPENTRY 1,BRENT MANSELL,11,2026,C-,2.15 pts,7,,12,,#N/A
19,1/21/25,3,S1,BUS301 / 13,PERSONAL FINANCE A,NICOLE SIMEK,11,2026,C,2.35 pts,7,,12,,Yes
19,1/21/25,4,S1,SOC701 / 14,US HISTORY/A,DAVE HAJEK,11,2026,F,1.43 pts,7.43,,12,,Yes
19,1/21/25,5,S1,VOC504 / 15,ADV FINE ARTS WOODWORKING I,BRENT MANSELL,11,2026,A,4.00 pts,7.43,,12,,#N/A
19,1/21/25,6,S1,ENG701 / 16,JUNIOR ENG/A,JOHN CARVER,11,2026,F,1.63 pts,7.43,,12,,#N/A
19,1/21/25,1,S1,MAT522 / 11,GEOMETRY A,ROCHELLE AITON,10,2027,C-,2.10 pts,9.57,John L,13,Active,Yes
19,1/21/25,1,S1,MAT522 / 11,GEOMETRY A,NINETTE LILIENTHAL,10,2027,C-,2.10 pts,9.57,John L,13,Active,Yes
19,1/21/25,2,S1,ENG601 / 12,SOPH ENG/A,KELLY GREGERSEN,10,2027,D,1.76 pts,9.14,,13,,Yes
19,1/21/25,3,S1,SCI601 / 33,BIOLOGY A,DONNA SCHATZ,10,2027,F,1.62 pts,9.29,,13,,#N/A
19,1/21/25,4,S1,CTE114 / 14,ENGINEERING A,JASON BLAESING,10,2027,F,1.13 pts,7.43,,13,,#N/A
19,1/21/25,5,S1,HFL113 / 15,INTRO CULINARY ART,ALEXANDRA YOST,10,2027,C+,2.60 pts,9.14,,13,,#N/A
19,1/21/25,6,S1,SOC108 / 36,WORLD HISTORY/A,DAVE HAJEK,10,2027,F,1.55 pts,9.43,,13,,#N/A
19,1/21/25,1,S1,ENG701 / 11,JUNIOR ENG/A,JOHN CARVER,11,2026,C-,2.18 pts,4.14,,14,,#N/A
19,1/21/25,2,S1,VOC705 / 12,DIGITAL PHOTOGRAPHY I,ROSANNA RUFF,11,2026,C-,2.07 pts,3,,14,,#N/A
19,1/21/25,3,S1,MAT701 / 13,ALGEBRA II A,JENNIFER REILLY,11,2026,F,1.18 pts,3.43,Larry,14,Active,Yes
19,1/21/25,4,S1,SCI503 / 14,PHYSICAL SCIENCE A,JAMES BENNETT,11,2026,D,1.67 pts,4.29,,14,,#N/A
19,1/21/25,5,S1,SOC701 / 15,US HISTORY/A,DAVE HAJEK,11,2026,C+,2.61 pts,3.71,,14,,#N/A
19,1/21/25,6,S1,VOC502 / 16,FINE ARTS WOODWORKING I,BRENT MANSELL,11,2026,C,2.36 pts,3.29,,14,,#N/A
19,1/21/25,1,S1,SPA601 / 11,SPANISH II A/SPAN 151,ROCHELLE AITON,10,2027,A-,3.52 pts,0,,15,,#N/A
19,1/21/25,2,S1,ENG601 / 12,SOPH ENG/A,KELLY GREGERSEN,10,2027,C-,2.17 pts,0,,15,,Yes
19,1/21/25,3,S1,SOC108 / 13,WORLD HISTORY/A,RYAN ISAACSON,10,2027,B,2.95 pts,0.43,,15,,#N/A
19,1/21/25,4,S1,SCI601 / 14,BIOLOGY A,GRANT MERRILL,10,2027,D+,1.84 pts,0.57,Linda,15,Active,Yes
19,1/21/25,5,S1,PED513 / 15,TEAM GAMES,SCOTT DIZMANG,10,2027,B,3.05 pts,0,,15,,#N/A
19,1/21/25,6,S1,MAT522 / 36,GEOMETRY A,ROCHELLE AITON,10,2027,C-,2.08 pts,0.71,,15,,#N/A
19,1/21/25,6,S1,MAT522 / 36,GEOMETRY A,NINETTE LILIENTHAL,10,2027,C-,2.08 pts,0.71,,15,,#N/A
19,1/21/25,1,S1,SOC108 / 11,WORLD HISTORY/A,DAVID HOLLINGSWORTH,10,2027,D+,1.97 pts,3.86,,16,,#N/A
19,1/21/25,2,S1,FAR113 / 12,INTRO TO ART AND DESIGN,ROBERT YEE,10,2027,B,3.00 pts,3.71,,16,,#N/A
19,1/21/25,3,S1,CTE120 / 13,CYBER SECURITY I,ROSANNA RUFF,10,2027,D,1.67 pts,3.71,,16,,#N/A
19,1/21/25,4,S1,MAT522 / 14,GEOMETRY A,ROCHELLE AITON,10,2027,F,1.33 pts,3.71,,16,,Yes
19,1/21/25,4,S1,MAT522 / 14,GEOMETRY A,NINETTE LILIENTHAL,10,2027,F,1.33 pts,3.71,,16,,Yes
19,1/21/25,5,S1,SCI503 / 35,PHYSICAL SCIENCE A,WILLIAM BAUR,10,2027,F,1.61 pts,3.71,,16,,#N/A
19,1/21/25,6,S1,ENG601 / 16,SOPH ENG/A,MARCEE SALAS,10,2027,C,2.29 pts,3.71,,16,,#N/A
19,1/21/25,1,S1,VOC106 / 11,METAL MANUFACTURING & TECH I,DONALD O'BRIEN,10,2027,C,2.26 pts,8.29,,17,,#N/A
19,1/21/25,2,S1,ENG601 / 12,SOPH ENG/A,KELLY GREGERSEN,10,2027,D,1.71 pts,4.86,,17,,Yes
19,1/21/25,3,S1,SCI601 / 33,BIOLOGY A,DONNA SCHATZ,10,2027,D+,1.88 pts,6.14,,17,,#N/A
19,1/21/25,4,S1,MAT522 / 14,GEOMETRY A,ROCHELLE AITON,10,2027,F,1.57 pts,6.86,John L,17,Active,Yes
19,1/21/25,4,S1,MAT522 / 14,GEOMETRY A,NINETTE LILIENTHAL,10,2027,F,1.57 pts,6.86,John L,17,Active,Yes
19,1/21/25,5,S1,PED513 / 15,TEAM GAMES,SCOTT DIZMANG,10,2027,A,3.87 pts,5.29,,17,,#N/A
19,1/21/25,6,S1,SOC108 / 36,WORLD HISTORY/A,DAVE HAJEK,10,2027,F,1.45 pts,6.29,,17,,#N/A
19,1/21/25,1,S1,PED101 / 11,PHYSICAL EDUCATION,KATHERINE STURDYVIN-SCOBBA,12,2025,F,1.48 pts,9.43,,18,,#N/A
19,1/21/25,2,S1,BUS301 / 12,PERSONAL FINANCE A,NICOLE SIMEK,12,2025,C-,2.19 pts,6.57,,18,,Yes
19,1/21/25,3,S1,SOC802 / 13,CIVICS,JIM REED,12,2025,C-,2.00 pts,5.86,,18,,#N/A
19,1/21/25,4,S1,AACTM1 / 14,ACADEMIC ACHIEVEMENT A,TIMOTHY MOORE,12,2025,B+,3.31 pts,9.43,,18,,#N/A
19,1/21/25,5,S1,ONT400 / 15,ON-TRACK/A,ROBERT YEE,12,2025,B,2.90 pts,6,,18,,#N/A
19,1/21/25,6,S1,ENG801 / 16,SENIOR ENG/A,HEATHER CARVER,12,2025,C,2.42 pts,5.14,,18,,#N/A
19,1/21/25,1,S1,PED500 / 11,WEIGHT TRAINING,SCOTT BOOTHBY,9,2028,A,3.68 pts,6.71,,2,,#N/A
19,1/21/25,2,S1,ASL501 / 12,AMERICAN SIGN LANGUAGE I/A,KYLA RITCHEY,9,2028,A-,3.46 pts,6.71,,2,,#N/A
19,1/21/25,3,S1,MAT520 / 33,ALGEBRA I A,JANET GROVE,9,2028,B-,2.79 pts,8.14,,2,,#N/A
19,1/21/25,4,S1,SCI503 / 14,PHYSICAL SCIENCE A,JAMES BENNETT,9,2028,C,2.33 pts,9.71,,2,,#N/A
19,1/21/25,5,S1,HFL113 / 15,INTRO CULINARY ART,ALEXANDRA YOST,9,2028,C,2.40 pts,10,,2,,#N/A
19,1/21/25,6,S1,ENG501 / 16,FR ENGLISH/A,DAVID HOLLINGSWORTH,9,2028,C-,2.16 pts,10.29,,2,,Yes
19,1/21/25,1,S1,CTE114 / 11,ENGINEERING A,JASON BLAESING,11,2026,F,1.58 pts,4.71,,19,,#N/A
19,1/21/25,2,S1,FAR113 / 12,INTRO TO ART AND DESIGN,ROBERT YEE,11,2026,A,3.61 pts,4,,19,,#N/A
19,1/21/25,3,S1,FAR605 / 13,INTRO TO THEATRE,KELLY GREGERSEN,11,2026,A,3.74 pts,4.29,,19,,#N/A
19,1/21/25,4,S1,ENG701 / 14,JUNIOR ENG/A,JOHN CARVER,11,2026,B,3.07 pts,5.71,,19,,#N/A
19,1/21/25,5,S1,SOC703 / 15,AP US HISTORY A,RYAN ISAACSON,11,2026,A-,3.58 pts,5.43,,19,,#N/A
19,1/21/25,6,S1,MAT701 / 16,ALGEBRA II A,JASON BLAESING,11,2026,C,2.38 pts,5.71,Larry,19,Active,Yes
19,1/21/25,1,S1,ENG601 / 11,SOPH ENG/A,MARCEE SALAS,10,2027,B-,2.87 pts,4.86,,20,,#N/A
19,1/21/25,2,S1,MAT522 / 32,GEOMETRY A,BRIAN ANDERSON,10,2027,C-,2.03 pts,4.57,,20,,#N/A
19,1/21/25,3,S1,VOC620 / 13,METAL CRAFTS & PRODUCTION I,DONALD O'BRIEN,10,2027,B+,3.38 pts,4.14,,20,,#N/A
19,1/21/25,4,S1,SCI601 / 14,BIOLOGY A,GRANT MERRILL,10,2027,C,2.23 pts,2.86,,20,,Yes
19,1/21/25,5,S1,CTE100 / 15,MEDICAL CAREERS & TERMS A,DONNA SCHATZ,10,2027,B,3.11 pts,2.29,,20,,#N/A
19,1/21/25,6,S1,SOC108 / 36,WORLD HISTORY/A,DAVE HAJEK,10,2027,C,2.26 pts,3,,20,,#N/A
19,1/21/25,1,S1,SOC701 / 11,US HISTORY/A,DAVE HAJEK,11,2026,F,0.92 pts,9.71,,21,,#N/A
19,1/21/25,2,S1,SCI609 / 12,CHEMISTRY/A,GRANT MERRILL,11,2026,F,1.00 pts,8,,21,,Yes
19,1/21/25,3,S1,BUS301 / 13,PERSONAL FINANCE A,NICOLE SIMEK,11,2026,C-,2.19 pts,8.43,,21,,Yes
19,1/21/25,4,S1,HFL118 / 14,ADV CULINARY ARTS A,ALEXANDRA YOST,11,2026,A,3.73 pts,8.43,,21,,#N/A
19,1/21/25,5,S1,ENG701 / 15,JUNIOR ENG/A,JOHN CARVER,11,2026,C,2.38 pts,8.57,,21,,Yes
19,1/21/25,6,S1,PED500 / 16,WEIGHT TRAINING,SCOTT DIZMANG,11,2026,A,3.88 pts,9,,21,,#N/A
19,1/21/25,1,S1,FAR109 / 11,CERAMICS II,ROBERT YEE,11,2026,B,3.17 pts,3.57,,22,,#N/A
19,1/21/25,2,S1,FAR113 / 12,INTRO TO ART AND DESIGN,ROBERT YEE,11,2026,B+,3.31 pts,3.86,,22,,#N/A
19,1/21/25,3,S1,MAT701 / 13,ALGEBRA II A,JENNIFER REILLY,11,2026,B,3.03 pts,4.86,,22,,Yes
19,1/21/25,4,S1,SCI503 / 34,PHYSICAL SCIENCE A,WILLIAM BAUR,11,2026,B-,2.79 pts,4.29,,22,,#N/A
19,1/21/25,5,S1,SOC701 / 15,US HISTORY/A,DAVE HAJEK,11,2026,C,2.45 pts,4.43,,22,,#N/A
19,1/21/25,6,S1,ENG701 / 16,JUNIOR ENG/A,JOHN CARVER,11,2026,B+,3.30 pts,4.71,,22,,#N/A
19,1/21/25,1,S1,SCI503 / 11,PHYSICAL SCIENCE A,JAMES BENNETT,11,2026,F,1.14 pts,33.57,,23,,#N/A
19,1/21/25,2,S1,BUS301 / 12,PERSONAL FINANCE A,NICOLE SIMEK,11,2026,F,1.02 pts,31.71,,23,,Yes
19,1/21/25,3,S1,ONT400 / 13,ON-TRACK/A,BRIAN ANDERSON,11,2026,D+,1.87 pts,29.43,,23,,#N/A
19,1/21/25,4,S1,SOC701 / 14,US HISTORY/A,DAVE HAJEK,11,2026,F,0.31 pts,32.14,,23,,Yes
19,1/21/25,5,S1,ENG701 / 15,JUNIOR ENG/A,JOHN CARVER,11,2026,F,0.79 pts,28,,23,,Yes
19,1/21/25,6,S1,FAR604 / 16,SCENE DESIGN,KELLY GREGERSEN,11,2026,D+,1.91 pts,28,,23,,#N/A
19,1/21/25,1,S1,MAT704 / 11,PRE-CALC A MAT 153,BRIAN ANDERSON,12,2025,D+,1.93 pts,4.5,Larry,24,Active,Yes
19,1/21/25,2,S1,RUN101 / 12,RUNNING START/A,,12,2025,,,0,,24,,#N/A
19,1/21/25,3,S1,CTE120 / 13,CYBER SECURITY I,ROSANNA RUFF,12,2025,B,3.11 pts,5,,24,,#N/A
19,1/21/25,4,S1,RUN101 / 14,RUNNING START/A,,12,2025,,,0,,24,,#N/A
19,1/21/25,5,S1,SOC802 / 15,CIVICS,SCOTT BOOTHBY,12,2025,A,3.70 pts,4,,24,,#N/A
19,1/21/25,6,S1,RUN101 / 16,RUNNING START/A,,12,2025,,,0,,24,,#N/A
19,1/21/25,1,S1,PED513 / 11,TEAM GAMES,SCOTT DIZMANG,9,2028,A,3.66 pts,1,,25,,#N/A
19,1/21/25,2,S1,HFL114 / 12,FAMILY HEALTH,MICHAEL ISOTALO,9,2028,C+,2.67 pts,1.86,,25,,#N/A
19,1/21/25,2,S1,HFL114 / 12,FAMILY HEALTH,THOMAS KESSINGER,9,2028,C+,2.67 pts,1.86,,25,,#N/A
19,1/21/25,3,S1,SCI503 / 33,PHYSICAL SCIENCE A,WILLIAM BAUR,9,2028,F,1.50 pts,1.86,,25,,#N/A
19,1/21/25,4,S1,VOC300 / 14,SMALL ENGINE REPAIR I,DONALD O'BRIEN,9,2028,C,2.47 pts,1.86,,25,,#N/A
19,1/21/25,5,S1,MAT520 / 15,ALGEBRA I A,KEVIN REILLY,9,2028,C,2.21 pts,2,,25,,#N/A
19,1/21/25,6,S1,ENG501 / 16,FR ENGLISH/A,DAVID HOLLINGSWORTH,9,2028,F,1.09 pts,2,,25,,Yes
19,1/21/25,1,S1,SCI503 / 11,PHYSICAL SCIENCE A,JAMES BENNETT,11,2026,F,0.08 pts,32.71,,26,,#N/A
19,1/21/25,2,S1,VOC705 / 12,DIGITAL PHOTOGRAPHY I,ROSANNA RUFF,11,2026,D,1.74 pts,26.86,,26,,#N/A
19,1/21/25,3,S1,ONT400 / 13,ON-TRACK/A,BRIAN ANDERSON,11,2026,B,2.93 pts,12.86,,26,,#N/A
19,1/21/25,4,S1,SOC701 / 14,US HISTORY/A,DAVE HAJEK,11,2026,F,1.11 pts,23.86,,26,,Yes
19,1/21/25,5,S1,BUS301 / 15,PERSONAL FINANCE A,NICOLE SIMEK,11,2026,F,1.04 pts,17.43,,26,,#N/A
19,1/21/25,6,S1,ENG701 / 16,JUNIOR ENG/A,JOHN CARVER,11,2026,D+,1.80 pts,23.86,,26,,#N/A
19,1/21/25,1,S1,ASL505 / 11,AMER SIGN III/A,TAMI GRANT,11,2026,A-,3.44 pts,3.43,,29,,#N/A
19,1/21/25,2,S1,SCI503 / 32,PHYSICAL SCIENCE A,WILLIAM BAUR,11,2026,C+,2.66 pts,2.57,,29,,#N/A
19,1/21/25,3,S1,ENG719 / 13,AP LANGUAGE/COMPOSITION A,HEATHER CARVER,11,2026,B-,2.71 pts,3.57,,29,,#N/A
19,1/21/25,4,S1,MAT701 / 14,ALGEBRA II A,JENNIFER REILLY,11,2026,B,3.10 pts,5.43,,29,,#N/A
19,1/21/25,5,S1,CTE501 / 15,PROJECT IN LEADERSHIP/A,KYLA RITCHEY,11,2026,A,3.92 pts,2.57,,29,,#N/A
19,1/21/25,6,S1,SOC701 / 16,US HISTORY/A,SCOTT BOOTHBY,11,2026,C-,2.02 pts,5,Melanie,29,Active,Yes
19,1/21/25,1,S1,PED500 / 11,WEIGHT TRAINING,SCOTT BOOTHBY,12,2025,C,2.36 pts,9.14,,27,,#N/A
19,1/21/25,2,S1,BUS301 / 12,PERSONAL FINANCE A,NICOLE SIMEK,12,2025,F,1.35 pts,8.71,,27,,Yes
19,1/21/25,3,S1,ONT400 / 13,ON-TRACK/A,BRIAN ANDERSON,12,2025,A,3.71 pts,8.29,,27,,#N/A
19,1/21/25,4,S1,SOC802 / 14,CIVICS,JIM REED,12,2025,F,0.74 pts,11.29,,27,,#N/A
19,1/21/25,5,S1,CTE100 / 15,MEDICAL CAREERS & TERMS A,DONNA SCHATZ,12,2025,F,0.54 pts,10.86,,27,,#N/A
19,1/21/25,6,S1,ENG801 / 16,SENIOR ENG/A,HEATHER CARVER,12,2025,D,1.78 pts,11,,27,,#N/A
19,1/21/25,1,S1,ENG601 / 11,SOPH ENG/A,MARCEE SALAS,10,2027,C-,2.01 pts,4.43,,28,,#N/A
19,1/21/25,2,S1,SCI601 / 32,BIOLOGY A,DONNA SCHATZ,10,2027,F,1.60 pts,4.57,,28,,#N/A
19,1/21/25,3,S1,ASL501 / 13,AMERICAN SIGN LANGUAGE I/A,KYLA RITCHEY,10,2027,A,3.78 pts,5.43,,28,,#N/A
19,1/21/25,4,S1,MAT522 / 14,GEOMETRY A,ROCHELLE AITON,10,2027,F,1.31 pts,4.86,John L,28,Active,Yes
19,1/21/25,4,S1,MAT522 / 14,GEOMETRY A,NINETTE LILIENTHAL,10,2027,F,1.31 pts,4.86,John L,28,Active,Yes
19,1/21/25,5,S1,CTE222 / 15,MUSIC PROD IA,DAVID DUARTE,10,2027,F,0.05 pts,5.71,,28,,#N/A
19,1/21/25,6,S1,SOC108 / 16,WORLD HISTORY/A,RYAN ISAACSON,10,2027,F,0.53 pts,5.86,,28,,#N/A
19,1/21/25,1,S1,PED513 / 11,TEAM GAMES,SCOTT DIZMANG,12,2025,C+,2.67 pts,7.43,,30,,#N/A
19,1/21/25,2,S1,ASL503 / 12,AMERICAN SIGN LANGUAGE II/A,TAMI GRANT,12,2025,A-,3.55 pts,6,,30,,#N/A
19,1/21/25,3,S1,BUS301 / 13,PERSONAL FINANCE A,NICOLE SIMEK,12,2025,B+,3.37 pts,4.57,,30,,Yes
19,1/21/25,4,S1,SOC802 / 14,CIVICS,JIM REED,12,2025,B,2.99 pts,5.43,,30,,#N/A
19,1/21/25,5,S1,VOC106 / 15,METAL MANUFACTURING & TECH I,DONALD O'BRIEN,12,2025,B,3.19 pts,6.14,,30,,#N/A
19,1/21/25,6,S1,ENG801 / 16,SENIOR ENG/A,HEATHER CARVER,12,2025,B+,3.29 pts,6,,30,,#N/A
19,1/21/25,1,S1,PED513 / 11,TEAM GAMES,SCOTT DIZMANG,11,2026,B,2.91 pts,34.74,,31,,#N/A
19,1/21/25,2,S1,MAT520 / 12,ALGEBRA I A,KEVIN REILLY,11,2026,B-,2.80 pts,29.57,,31,,#N/A
19,1/21/25,3,S1,ELE403 / 13,LANGUAGE SUPPORT/A,HAYLEY ALVARADO,11,2026,,,13,,31,,Yes
19,1/21/25,4,S1,FAR108 / 14,CERAMICS I,ROBERT YEE,11,2026,B,2.93 pts,24.83,,31,,#N/A
19,1/21/25,5,S1,NCR105 / 15,EARLY DISMISSAL,MARK CASTLE,11,2026,,,0,,31,,#N/A
19,1/21/25,6,S1,NCR105 / 16,EARLY DISMISSAL,MARK CASTLE,11,2026,,,0,,31,,#N/A
19,1/21/25,1,S1,FAR108 / 11,CERAMICS I,ROBERT YEE,10,2027,C+,2.65 pts,6.71,,32,,#N/A
19,1/21/25,2,S1,SOC108 / 12,WORLD HISTORY/A,DAVID HOLLINGSWORTH,10,2027,D+,1.83 pts,7.14,,32,,#N/A
19,1/21/25,3,S1,SCI601 / 33,BIOLOGY A,DONNA SCHATZ,10,2027,C-,2.19 pts,7.43,,32,,#N/A
19,1/21/25,4,S1,MAT522 / 14,GEOMETRY A,ROCHELLE AITON,10,2027,C,2.39 pts,8.71,,32,,Yes
19,1/21/25,4,S1,MAT522 / 14,GEOMETRY A,NINETTE LILIENTHAL,10,2027,C,2.39 pts,8.71,,32,,Yes
19,1/21/25,5,S1,ASL503 / 15,AMERICAN SIGN LANGUAGE II/A,TAMI GRANT,10,2027,B-,2.75 pts,8.86,,32,,#N/A
19,1/21/25,6,S1,ENG601 / 16,SOPH ENG/A,MARCEE SALAS,10,2027,C-,2.10 pts,8.86,,32,,#N/A
19,1/21/25,1,S1,VOC705 / 11,DIGITAL PHOTOGRAPHY I,ROSANNA RUFF,10,2027,D+,1.95 pts,2,,33,,#N/A
19,1/21/25,2,S1,MAT522 / 12,GEOMETRY A,ROCHELLE AITON,10,2027,F,1.53 pts,1,,33,,Yes
19,1/21/25,2,S1,MAT522 / 12,GEOMETRY A,NINETTE LILIENTHAL,10,2027,F,1.53 pts,1,,33,,Yes
19,1/21/25,3,S1,ASL501 / 13,AMERICAN SIGN LANGUAGE I/A,KYLA RITCHEY,10,2027,F,1.09 pts,0.86,,33,,#N/A
19,1/21/25,4,S1,SOC108 / 14,WORLD HISTORY/A,DAVID HOLLINGSWORTH,10,2027,F,1.48 pts,0,,33,,#N/A
19,1/21/25,5,S1,ENG601 / 15,SOPH ENG/A,MARCEE SALAS,10,2027,F,1.32 pts,0,,33,,Yes
19,1/21/25,6,S1,SCI601 / 36,BIOLOGY A,WILLIAM BAUR,10,2027,F,1.55 pts,0,,33,,Yes
19,1/21/25,1,S1,VOC106 / 11,METAL MANUFACTURING & TECH I,DONALD O'BRIEN,10,2027,C,2.37 pts,5.71,,34,,#N/A
19,1/21/25,2,S1,ENG601 / 12,SOPH ENG/A,KELLY GREGERSEN,10,2027,F,0.67 pts,3,Cindy,34,Active,Yes
19,1/21/25,3,S1,SCI601 / 13,BIOLOGY A,GRANT MERRILL,10,2027,F,0.22 pts,5.71,,34,,Yes
19,1/21/25,4,S1,MAT522 / 14,GEOMETRY A,ROCHELLE AITON,10,2027,F,1.57 pts,3.86,John L,34,Active,Yes
19,1/21/25,4,S1,MAT522 / 14,GEOMETRY A,NINETTE LILIENTHAL,10,2027,F,1.57 pts,3.86,John L,34,Active,Yes
19,1/21/25,5,S1,VOC503 / 15,FINE ARTS WOODS II,BRENT MANSELL,10,2027,C+,2.66 pts,3.43,,34,,#N/A
19,1/21/25,6,S1,SOC108 / 16,WORLD HISTORY/A,RYAN ISAACSON,10,2027,C-,2.01 pts,3.43,,34,,#N/A
19,1/21/25,1,S1,ENG801 / 11,SENIOR ENG/A,HEATHER CARVER,12,2025,C,2.37 pts,4,,35,,#N/A
19,1/21/25,2,S1,SCI609 / 12,CHEMISTRY/A,GRANT MERRILL,12,2025,F,0.97 pts,5.14,Larry,35,Active,Yes
19,1/21/25,3,S1,SOC802 / 13,CIVICS,JIM REED,12,2025,D+,1.81 pts,5.29,,35,,#N/A
19,1/21/25,4,S1,HFL115 / 14,ADVANCED PASTRY ARTS I,KAYLA PAYNE,12,2025,A-,3.46 pts,5.14,,35,,#N/A
19,1/21/25,5,S1,ONT400 / 15,ON-TRACK/A,ROBERT YEE,12,2025,B-,2.88 pts,6.57,,35,,#N/A
19,1/21/25,6,S1,FAR111 / 16,CERAMICS IV,ROBERT YEE,12,2025,F,0.83 pts,6.29,,35,,#N/A
19,1/21/25,1,S1,CTE114 / 11,ENGINEERING A,JASON BLAESING,11,2026,F,1.55 pts,7.29,,36,,#N/A
19,1/21/25,2,S1,MAT701 / 12,ALGEBRA II A,JASON BLAESING,11,2026,F,1.15 pts,7,Larry,36,Active,Yes
19,1/21/25,3,S1,PED500 / 13,WEIGHT TRAINING,SCOTT BOOTHBY,11,2026,A-,3.53 pts,7.14,,36,,#N/A
19,1/21/25,4,S1,ENG701 / 14,JUNIOR ENG/A,JOHN CARVER,11,2026,F,1.41 pts,7.14,,36,,#N/A
19,1/21/25,5,S1,SOC701 / 15,US HISTORY/A,DAVE HAJEK,11,2026,F,1.59 pts,7,,36,,#N/A
19,1/21/25,6,S1,FAR542 / 16,WIND ENSEMB/A,DAVID DUARTE,11,2026,B,3.01 pts,7.14,,36,,#N/A
19,1/21/25,1,S1,VOC502 / 11,FINE ARTS WOODWORKING I,BRENT MANSELL,11,2026,C+,2.69 pts,7.86,,37,,#N/A
19,1/21/25,2,S1,SCI503 / 12,PHYSICAL SCIENCE A,JAMES BENNETT,11,2026,C,2.22 pts,7.86,,37,,#N/A
19,1/21/25,3,S1,ONT400 / 13,ON-TRACK/A,BRIAN ANDERSON,11,2026,A,4.00 pts,8,,37,,#N/A
19,1/21/25,4,S1,ENG715 / 14,FILM AS LITERATURE,KELLY GREGERSEN,11,2026,C,2.21 pts,7.86,,37,,#N/A
19,1/21/25,5,S1,BUS301 / 15,PERSONAL FINANCE A,NICOLE SIMEK,11,2026,C-,2.06 pts,7.86,,37,,#N/A
19,1/21/25,6,S1,SOC701 / 16,US HISTORY/A,SCOTT BOOTHBY,11,2026,D+,1.91 pts,8,,37,,Yes
19,1/21/25,1,S1,VOC502 / 11,FINE ARTS WOODWORKING I,BRENT MANSELL,10,2027,C-,2.05 pts,11.71,,38,,#N/A
19,1/21/25,2,S1,SCI601 / 32,BIOLOGY A,DONNA SCHATZ,10,2027,C-,2.04 pts,12.14,,38,,#N/A
19,1/21/25,3,S1,MAT522 / 13,GEOMETRY A,ROCHELLE AITON,10,2027,D,1.70 pts,11.57,John L,38,Active,Yes
19,1/21/25,3,S1,MAT522 / 13,GEOMETRY A,NINETTE LILIENTHAL,10,2027,D,1.70 pts,11.57,John L,38,Active,Yes
19,1/21/25,4,S1,PED500 / 14,WEIGHT TRAINING,SCOTT DIZMANG,10,2027,A-,3.57 pts,10.57,,38,,#N/A
19,1/21/25,5,S1,ENG601 / 15,SOPH ENG/A,MARCEE SALAS,10,2027,C-,2.02 pts,10.86,,38,,Yes
19,1/21/25,6,S1,SOC108 / 36,WORLD HISTORY/A,DAVE HAJEK,10,2027,D,1.78 pts,10,,38,,#N/A
19,1/21/25,1,S1,VOC106 / 11,METAL MANUFACTURING & TECH I,DONALD O'BRIEN,10,2027,B,3.00 pts,3.29,,39,,#N/A
19,1/21/25,2,S1,SOC108 / 12,WORLD HISTORY/A,DAVID HOLLINGSWORTH,10,2027,C-,2.14 pts,2.71,,39,,#N/A
19,1/21/25,3,S1,MAT522 / 13,GEOMETRY A,ROCHELLE AITON,10,2027,C-,2.00 pts,3,,39,,Yes
19,1/21/25,3,S1,MAT522 / 13,GEOMETRY A,NINETTE LILIENTHAL,10,2027,C-,2.00 pts,3,,39,,Yes
19,1/21/25,4,S1,PED500 / 14,WEIGHT TRAINING,SCOTT DIZMANG,10,2027,B+,3.39 pts,2,,39,,#N/A
19,1/21/25,5,S1,ENG601 / 15,SOPH ENG/A,MARCEE SALAS,10,2027,F,1.50 pts,2.29,,39,,Yes
19,1/21/25,6,S1,SCI601 / 36,BIOLOGY A,WILLIAM BAUR,10,2027,C-,2.18 pts,1.29,,39,,Yes
19,1/21/25,1,S1,ENG701 / 11,JUNIOR ENG/A,JOHN CARVER,11,2026,C,2.42 pts,5.14,,40,,#N/A
19,1/21/25,2,S1,MAT701 / 12,ALGEBRA II A,JASON BLAESING,11,2026,F,1.37 pts,4.86,,40,,Yes
19,1/21/25,3,S1,PED500 / 13,WEIGHT TRAINING,SCOTT BOOTHBY,11,2026,A,3.85 pts,5.29,,40,,#N/A
19,1/21/25,4,S1,SCI503 / 34,PHYSICAL SCIENCE A,WILLIAM BAUR,11,2026,C-,2.04 pts,6.29,,40,,#N/A
19,1/21/25,5,S1,SPA601 / 15,SPANISH II A/SPAN 151,ROCHELLE AITON,11,2026,C,2.24 pts,6.29,,40,,#N/A
19,1/21/25,6,S1,SOC701 / 16,US HISTORY/A,SCOTT BOOTHBY,11,2026,B-,2.89 pts,6.43,,40,,Yes
19,1/21/25,1,S1,SOC701 / 11,US HISTORY/A,DAVE HAJEK,11,2026,C-,2.10 pts,3.14,,47,,#N/A
19,1/21/25,2,S1,SCI609 / 12,CHEMISTRY/A,GRANT MERRILL,11,2026,F,1.02 pts,2.86,,47,,Yes
19,1/21/25,3,S1,ASL503 / 13,AMERICAN SIGN LANGUAGE II/A,TAMI GRANT,11,2026,B-,2.85 pts,2,,47,,#N/A
19,1/21/25,4,S1,PED500 / 14,WEIGHT TRAINING,SCOTT DIZMANG,11,2026,A,4.00 pts,2,,47,,#N/A
19,1/21/25,5,S1,MAT701 / 35,ALGEBRA II A,JENNIFER REILLY,11,2026,B,2.94 pts,2,,47,,#N/A
19,1/21/25,6,S1,ENG701 / 16,JUNIOR ENG/A,JOHN CARVER,11,2026,B,2.95 pts,2,,47,,#N/A
19,1/21/25,1,S1,ENG701 / 11,JUNIOR ENG/A,JOHN CARVER,11,2026,C-,2.17 pts,6,,41,,#N/A
19,1/21/25,2,S1,HFL116 / 12,BAKING PASTRY ARTS I,KAYLA PAYNE,11,2026,C-,2.02 pts,4.57,,41,,#N/A
19,1/21/25,3,S1,SCI503 / 33,PHYSICAL SCIENCE A,WILLIAM BAUR,11,2026,C-,2.11 pts,3.57,,41,,#N/A
19,1/21/25,4,S1,SOC701 / 14,US HISTORY/A,DAVE HAJEK,11,2026,F,1.64 pts,5.43,,41,,Yes
19,1/21/25,5,S1,ASL503 / 15,AMERICAN SIGN LANGUAGE II/A,TAMI GRANT,11,2026,A-,3.50 pts,4.57,,41,,#N/A
19,1/21/25,6,S1,MAT701 / 16,ALGEBRA II A,JASON BLAESING,11,2026,D+,1.99 pts,4.14,Larry,41,Active,Yes
19,1/21/25,1,S1,FAR606 / 11,ADVANCED ACTING/ A,KELLY GREGERSEN,12,2025,A,3.71 pts,6.14,,42,,#N/A
19,1/21/25,2,S1,SCI609 / 12,CHEMISTRY/A,GRANT MERRILL,12,2025,F,1.19 pts,5.43,Jay,42,,Yes
19,1/21/25,3,S1,ENG801 / 13,SENIOR ENG/A,JOHN CARVER,12,2025,C+,2.53 pts,7.29,,42,,#N/A
19,1/21/25,4,S1,HFL118 / 14,ADV CULINARY ARTS A,ALEXANDRA YOST,12,2025,B,3.01 pts,7.14,,42,,#N/A
19,1/21/25,5,S1,BUS301 / 15,PERSONAL FINANCE A,NICOLE SIMEK,12,2025,C,2.42 pts,6.57,,42,,#N/A
19,1/21/25,6,S1,FAR542 / 16,WIND ENSEMB/A,DAVID DUARTE,12,2025,A,3.97 pts,6.57,,42,,#N/A
19,1/21/25,1,S1,ENG701 / 11,JUNIOR ENG/A,JOHN CARVER,11,2026,D+,1.88 pts,23.43,,43,,#N/A
19,1/21/25,2,S1,SCI503 / 12,PHYSICAL SCIENCE A,JAMES BENNETT,11,2026,C+,2.66 pts,20.86,Larry,43,Active,#N/A
19,1/21/25,3,S1,ASL503 / 13,AMERICAN SIGN LANGUAGE II/A,TAMI GRANT,11,2026,C-,2.11 pts,16.43,,43,,#N/A
19,1/21/25,4,S1,SOC701 / 14,US HISTORY/A,DAVE HAJEK,11,2026,D,1.65 pts,22.71,,43,,Yes
19,1/21/25,5,S1,SOC105 / 15,AP PSYCHOLOGY A,JIM REED,11,2026,F,1.58 pts,17.57,,43,,#N/A
19,1/21/25,6,S1,MAT701 / 16,ALGEBRA II A,JASON BLAESING,11,2026,F,1.54 pts,21.14,,43,,Yes
19,1/21/25,1,S1,MAT522 / 11,GEOMETRY A,ROCHELLE AITON,10,2027,F,1.36 pts,19.71,,44,,Yes
19,1/21/25,1,S1,MAT522 / 11,GEOMETRY A,NINETTE LILIENTHAL,10,2027,F,1.36 pts,19.71,,44,,Yes
19,1/21/25,2,S1,HFL116 / 12,BAKING PASTRY ARTS I,KAYLA PAYNE,10,2027,C,2.30 pts,15.43,,44,,#N/A
19,1/21/25,3,S1,SCI601 / 33,BIOLOGY A,DONNA SCHATZ,10,2027,F,0.95 pts,15.86,,44,,#N/A
19,1/21/25,4,S1,PED500 / 14,WEIGHT TRAINING,SCOTT DIZMANG,10,2027,C,2.36 pts,21.86,,44,,#N/A
19,1/21/25,5,S1,ENG601 / 15,SOPH ENG/A,MARCEE SALAS,10,2027,F,1.58 pts,19.14,,44,,Yes
19,1/21/25,6,S1,SOC108 / 16,WORLD HISTORY/A,RYAN ISAACSON,10,2027,F,0.85 pts,23,,44,,#N/A
19,1/21/25,1,S1,VOC705 / 11,DIGITAL PHOTOGRAPHY I,ROSANNA RUFF,11,2026,A-,3.55 pts,6.43,,45,,#N/A
19,1/21/25,2,S1,SCI609 / 12,CHEMISTRY/A,GRANT MERRILL,11,2026,D+,1.99 pts,6.29,Jay,45,Active,Yes
19,1/21/25,3,S1,ENG719 / 13,AP LANGUAGE/COMPOSITION A,HEATHER CARVER,11,2026,B+,3.29 pts,5.86,,45,,#N/A
19,1/21/25,4,S1,PED500 / 14,WEIGHT TRAINING,SCOTT DIZMANG,11,2026,A,3.82 pts,5.86,,45,,#N/A
19,1/21/25,5,S1,SOC703 / 15,AP US HISTORY A,RYAN ISAACSON,11,2026,A,4.00 pts,5.86,,45,,#N/A
19,1/21/25,6,S1,MAT701 / 16,ALGEBRA II A,JASON BLAESING,11,2026,C,2.38 pts,6,,45,,Yes
19,1/21/25,3,S1,MAT522 / 13,GEOMETRY A,ROCHELLE AITON,9,2028,B,3.05 pts,6.71,,76,,Yes
19,1/21/25,3,S1,MAT522 / 13,GEOMETRY A,NINETTE LILIENTHAL,9,2028,B,3.05 pts,6.71,,76,,Yes
19,1/21/25,3,S1,MAT701 / 13,ALGEBRA II A,JENNIFER REILLY,12,2025,A,3.64 pts,0,,149,,Yes
19,1/21/25,4,S1,SCI601 / 14,BIOLOGY A,GRANT MERRILL,12,2025,B,3.09 pts,17.43,,426,,Yes
19,1/21/25,5,S1,ENG601 / 15,SOPH ENG/A,MARCEE SALAS,10,2027,B-,2.77 pts,6,,403,,Yes
19,1/21/25,2,S1,MAT701 / 12,ALGEBRA II A,JASON BLAESING,11,2026,C,2.32 pts,11.86,,78,,Yes
19,1/21/25,1,S1,MAT522 / 11,GEOMETRY A,ROCHELLE AITON,10,2027,F,1.08 pts,5.43,,122,,Yes
19,1/21/25,1,S1,MAT522 / 11,GEOMETRY A,NINETTE LILIENTHAL,10,2027,F,1.08 pts,5.43,,122,,Yes
19,1/21/25,2,S1,ENG601 / 12,SOPH ENG/A,KELLY GREGERSEN,10,2027,F,1.21 pts,5,,122,,Yes
19,1/21/25,2,S1,MAT701 / 12,ALGEBRA II A,JASON BLAESING,11,2026,A,3.67 pts,10.5,,124,,Yes
19,1/21/25,2,S1,SCI609 / 12,CHEMISTRY/A,GRANT MERRILL,11,2026,A-,3.45 pts,5.29,,315,,Yes
19,1/21/25,6,S1,MAT701 / 16,ALGEBRA II A,JASON BLAESING,11,2026,B+,3.31 pts,3.71,,314,,Yes
19,1/21/25,2,S1,BUS301 / 12,PERSONAL FINANCE A,NICOLE SIMEK,11,2026,A-,3.59 pts,0,,327,,Yes
19,1/21/25,5,S1,ENG701 / 15,JUNIOR ENG/A,JOHN CARVER,11,2026,A-,3.51 pts,0,,327,,Yes
19,1/21/25,6,S1,SOC701 / 16,US HISTORY/A,SCOTT BOOTHBY,11,2026,A-,3.57 pts,0.14,,327,,Yes
19,1/21/25,6,S1,ENG501 / 16,FR ENGLISH/A,DAVID HOLLINGSWORTH,9,2028,D,1.65 pts,11.71,,289,,Yes
19,1/21/25,2,S1,BUS301 / 12,PERSONAL FINANCE A,NICOLE SIMEK,12,2025,C+,2.56 pts,15.86,,385,,Yes
19,1/21/25,5,S1,ENG701 / 15,JUNIOR ENG/A,JOHN CARVER,12,2025,B,2.96 pts,14.71,,385,,Yes
19,1/21/25,1,S1,MAT522 / 11,GEOMETRY A,ROCHELLE AITON,9,2028,B,3.11 pts,8.14,,69,,Yes
19,1/21/25,1,S1,MAT522 / 11,GEOMETRY A,NINETTE LILIENTHAL,9,2028,B,3.11 pts,8.14,,69,,Yes
19,1/21/25,4,S1,SOC701 / 14,US HISTORY/A,DAVE HAJEK,11,2026,B-,2.87 pts,9.29,,439,,Yes
19,1/21/25,6,S1,ENG501 / 16,FR ENGLISH/A,DAVID HOLLINGSWORTH,9,2028,F,1.05 pts,31.29,,410,,Yes
19,1/21/25,2,S1,MAT522 / 12,GEOMETRY A,ROCHELLE AITON,10,2027,C+,2.65 pts,5.86,,146,,Yes
19,1/21/25,2,S1,MAT522 / 12,GEOMETRY A,NINETTE LILIENTHAL,10,2027,C+,2.65 pts,5.86,,146,,Yes
19,1/21/25,6,S1,SCI601 / 16,BIOLOGY A,GRANT MERRILL,10,2027,B,3.05 pts,7.14,,146,,Yes
19,1/21/25,2,S1,MAT522 / 12,GEOMETRY A,ROCHELLE AITON,9,2028,A,3.81 pts,1,,231,,Yes
19,1/21/25,2,S1,MAT522 / 12,GEOMETRY A,NINETTE LILIENTHAL,9,2028,A,3.81 pts,1,,231,,Yes
19,1/21/25,2,S1,MAT701 / 12,ALGEBRA II A,JASON BLAESING,11,2026,D+,1.89 pts,2.71,,152,,Yes
19,1/21/25,4,S1,MAT522 / 14,GEOMETRY A,ROCHELLE AITON,10,2027,C,2.49 pts,0,,202,,Yes
19,1/21/25,4,S1,MAT522 / 14,GEOMETRY A,NINETTE LILIENTHAL,10,2027,C,2.49 pts,0,,202,,Yes
19,1/21/25,6,S1,SCI601 / 16,BIOLOGY A,GRANT MERRILL,10,2027,C-,2.18 pts,0,,202,,Yes
19,1/21/25,6,S1,MAT701 / 16,ALGEBRA II A,JASON BLAESING,11,2026,C-,2.01 pts,4.86,,379,,Yes
19,1/21/25,1,S1,MAT522 / 11,GEOMETRY A,ROCHELLE AITON,10,2027,C,2.43 pts,3.57,,335,,Yes
19,1/21/25,1,S1,MAT522 / 11,GEOMETRY A,NINETTE LILIENTHAL,10,2027,C,2.43 pts,3.57,,335,,Yes
19,1/21/25,6,S1,SCI601 / 16,BIOLOGY A,GRANT MERRILL,10,2027,C,2.39 pts,1,,375,,Yes
19,1/21/25,6,S1,SOC701 / 16,US HISTORY/A,SCOTT BOOTHBY,11,2026,C+,2.50 pts,1,,376,,Yes
19,1/21/25,1,S1,MAT522 / 11,GEOMETRY A,ROCHELLE AITON,10,2027,D+,1.81 pts,1.71,,399,,Yes
19,1/21/25,1,S1,MAT522 / 11,GEOMETRY A,NINETTE LILIENTHAL,10,2027,D+,1.81 pts,1.71,,399,,Yes
19,1/21/25,2,S1,ENG601 / 12,SOPH ENG/A,KELLY GREGERSEN,10,2027,C+,2.65 pts,1.43,,399,,Yes
19,1/21/25,6,S1,SCI601 / 16,BIOLOGY A,GRANT MERRILL,10,2027,D,1.72 pts,2,,399,,Yes
19,1/21/25,4,S1,SCI601 / 14,BIOLOGY A,GRANT MERRILL,10,2027,C+,2.53 pts,0.86,,441,,Yes
19,1/21/25,6,S1,SCI601 / 36,BIOLOGY A,WILLIAM BAUR,10,2027,C,2.28 pts,0.86,,174,,Yes
19,1/21/25,5,S1,MAT522 / 15,GEOMETRY A,BRIAN ANDERSON,10,2027,F,1.11 pts,19.57,,63,,Yes
19,1/21/25,3,S1,BUS301 / 13,PERSONAL FINANCE A,NICOLE SIMEK,12,2025,A,3.94 pts,22.71,,413,,Yes
19,1/21/25,6,S1,ENG501 / 16,FR ENGLISH/A,DAVID HOLLINGSWORTH,9,2028,D+,1.90 pts,6.86,,245,,Yes
19,1/21/25,3,S1,MAT701 / 13,ALGEBRA II A,JENNIFER REILLY,11,2026,B+,3.24 pts,4.14,,172,,Yes
19,1/21/25,3,S1,MAT522 / 13,GEOMETRY A,ROCHELLE AITON,9,2028,B-,2.80 pts,6.57,,358,,Yes
19,1/21/25,3,S1,MAT522 / 13,GEOMETRY A,NINETTE LILIENTHAL,9,2028,B-,2.80 pts,6.57,,358,,Yes
19,1/21/25,6,S1,ENG501 / 16,FR ENGLISH/A,DAVID HOLLINGSWORTH,9,2028,A,3.61 pts,0,,189,,Yes
19,1/21/25,5,S1,MAT522 / 15,GEOMETRY A,BRIAN ANDERSON,9,2028,B-,2.72 pts,0,,420,,Yes
19,1/21/25,4,S1,SCI601 / 14,BIOLOGY A,GRANT MERRILL,10,2027,F,1.25 pts,24.86,,456,,Yes
19,1/21/25,5,S1,MAT522 / 15,GEOMETRY A,BRIAN ANDERSON,10,2027,C-,2.06 pts,2,,163,,Yes
19,1/21/25,6,S1,ENG501 / 16,FR ENGLISH/A,DAVID HOLLINGSWORTH,9,2028,B,2.98 pts,7.14,,366,,Yes
19,1/21/25,6,S1,ENG501 / 16,FR ENGLISH/A,DAVID HOLLINGSWORTH,9,2028,C,2.23 pts,38.29,,129,,Yes
19,1/21/25,2,S1,MAT522 / 12,GEOMETRY A,ROCHELLE AITON,10,2027,B,3.19 pts,22.57,,220,,Yes
19,1/21/25,2,S1,MAT522 / 12,GEOMETRY A,NINETTE LILIENTHAL,10,2027,B,3.19 pts,22.57,,220,,Yes
19,1/21/25,3,S1,SCI601 / 13,BIOLOGY A,GRANT MERRILL,10,2027,C,2.23 pts,22.71,,220,,Yes
19,1/21/25,3,S1,BUS301 / 13,PERSONAL FINANCE A,NICOLE SIMEK,12,2025,A,4.00 pts,0.14,,326,,Yes
19,1/21/25,5,S1,ENG701 / 15,JUNIOR ENG/A,JOHN CARVER,11,2026,B+,3.35 pts,3.33,,148,,Yes
19,1/21/25,6,S1,MAT701 / 16,ALGEBRA II A,JASON BLAESING,11,2026,B,3.04 pts,3,,148,,Yes
19,1/21/25,1,S1,MAT704 / 11,PRE-CALC A MAT 153,BRIAN ANDERSON,11,2026,C,2.25 pts,5.43,,350,,Yes
19,1/21/25,2,S1,SCI609 / 12,CHEMISTRY/A,GRANT MERRILL,11,2026,B+,3.28 pts,6.29,,350,,Yes
19,1/21/25,4,S1,SOC701 / 14,US HISTORY/A,DAVE HAJEK,11,2026,B-,2.74 pts,6.71,,350,,Yes
19,1/21/25,5,S1,ENG701 / 15,JUNIOR ENG/A,JOHN CARVER,11,2026,B,3.10 pts,6.57,,350,,Yes
19,1/21/25,2,S1,MAT701 / 12,ALGEBRA II A,JASON BLAESING,10,2027,A,3.79 pts,4.29,,398,,Yes
19,1/21/25,3,S1,SCI601 / 13,BIOLOGY A,GRANT MERRILL,10,2027,B,3.17 pts,4.14,,398,,Yes
19,1/21/25,4,S1,SOC701 / 14,US HISTORY/A,DAVE HAJEK,11,2026,F,1.22 pts,13.29,,286,,Yes
19,1/21/25,6,S1,ENG501 / 16,FR ENGLISH/A,DAVID HOLLINGSWORTH,9,2028,C-,2.11 pts,8.02,,461,,Yes
19,1/21/25,2,S1,SCI609 / 12,CHEMISTRY/A,GRANT MERRILL,10,2027,F,0.00 pts,0,,469,,Yes
20,1/28/25,3,S1,BUS301 / 13,PERSONAL FINANCE A,NICOLE SIMEK,12,2025,A,3.61 pts,0,,200,,Yes
20,1/28/25,3,S1,BUS301 / 13,PERSONAL FINANCE A,NICOLE SIMEK,12,2025,C+,2.55 pts,7.29,,394,,Yes
20,1/28/25,2,S1,BUS301 / 12,PERSONAL FINANCE A,NICOLE SIMEK,12,2025,A,3.82 pts,6,,93,,Yes
20,1/28/25,2,S1,BUS301 / 12,PERSONAL FINANCE A,NICOLE SIMEK,12,2025,B-,2.73 pts,12.43,,299,,Yes
20,1/28/25,1,S1,MAT522 / 11,GEOMETRY A,ROCHELLE AITON,10,2027,B-,2.72 pts,0.43,,179,,Yes
20,1/28/25,1,S1,MAT522 / 11,GEOMETRY A,NINETTE LILIENTHAL,10,2027,B-,2.72 pts,0.43,,179,,Yes
20,1/28/25,3,S1,MAT701 / 13,ALGEBRA II A,JENNIFER REILLY,11,2026,B,2.95 pts,11,,271,,Yes
20,1/28/25,6,S1,SOC701 / 16,US HISTORY/A,SCOTT BOOTHBY,11,2026,D,1.78 pts,10.29,,271,,Yes
20,1/28/25,1,S1,MAT704 / 11,PRE-CALC A MAT 153,BRIAN ANDERSON,11,2026,B+,3.26 pts,9.71,,101,,Yes
20,1/28/25,2,S1,SCI609 / 12,CHEMISTRY/A,GRANT MERRILL,11,2026,A,3.69 pts,9.57,,101,,Yes
20,1/28/25,4,S1,SOC701 / 14,US HISTORY/A,DAVE HAJEK,11,2026,A,3.61 pts,8.57,,101,,Yes
20,1/28/25,3,S1,MAT522 / 13,GEOMETRY A,ROCHELLE AITON,9,2028,A,3.82 pts,0,,192,,Yes
20,1/28/25,3,S1,MAT522 / 13,GEOMETRY A,NINETTE LILIENTHAL,9,2028,A,3.82 pts,0,,192,,Yes
20,1/28/25,5,S1,ENG701 / 15,JUNIOR ENG/A,JOHN CARVER,11,2026,W,0.51 pts,49.57,,239,,Yes
20,1/28/25,2,S1,ENG601 / 12,SOPH ENG/A,KELLY GREGERSEN,10,2027,B,3.07 pts,0,,392,,Yes
20,1/28/25,6,S1,MAT701 / 16,ALGEBRA II A,JASON BLAESING,12,2025,C-,2.12 pts,9.29,,49,,Yes
20,1/28/25,2,S1,BUS301 / 12,PERSONAL FINANCE A,NICOLE SIMEK,12,2025,A,3.99 pts,6.14,,176,,Yes
20,1/28/25,2,S1,BUS301 / 12,PERSONAL FINANCE A,NICOLE SIMEK,12,2025,F,1.40 pts,42.57,,227,,Yes
20,1/28/25,2,S1,BUS301 / 12,PERSONAL FINANCE A,NICOLE SIMEK,12,2025,B+,3.27 pts,7.57,,233,,Yes
20,1/28/25,3,S1,BUS301 / 13,PERSONAL FINANCE A,NICOLE SIMEK,12,2025,A-,3.44 pts,8.57,,280,,Yes
20,1/28/25,3,S1,BUS301 / 13,PERSONAL FINANCE A,NICOLE SIMEK,12,2025,A,3.76 pts,3.86,,341,,Yes
20,1/28/25,2,S1,BUS301 / 12,PERSONAL FINANCE A,NICOLE SIMEK,12,2025,F,1.57 pts,26.86,,201,,Yes
20,1/28/25,2,S1,BUS301 / 12,PERSONAL FINANCE A,NICOLE SIMEK,12,2025,F,1.63 pts,13.57,,362,,Yes
20,1/28/25,2,S1,BUS301 / 12,PERSONAL FINANCE A,NICOLE SIMEK,12,2025,A,3.95 pts,4.43,,259,,Yes
20,1/28/25,2,S1,SCI609 / 12,CHEMISTRY/A,GRANT MERRILL,12,2025,B-,2.80 pts,23,,423,,Yes
20,1/28/25,3,S1,BUS301 / 13,PERSONAL FINANCE A,NICOLE SIMEK,12,2025,D+,1.84 pts,3.57,,305,,Yes
20,1/28/25,6,S1,SCI601 / 36,BIOLOGY A,WILLIAM BAUR,12,2025,C,2.44 pts,5.43,,188,,Yes
20,1/28/25,1,S1,MAT704 / 11,PRE-CALC A MAT 153,BRIAN ANDERSON,12,2025,D,1.73 pts,11.57,,323,,Yes
20,1/28/25,3,S1,BUS301 / 13,PERSONAL FINANCE A,NICOLE SIMEK,12,2025,B-,2.79 pts,10.43,,323,,Yes
20,1/28/25,2,S1,BUS301 / 12,PERSONAL FINANCE A,NICOLE SIMEK,12,2025,D+,1.94 pts,21.29,,216,,Yes
20,1/28/25,3,S1,BUS301 / 13,PERSONAL FINANCE A,NICOLE SIMEK,12,2025,B,3.08 pts,3.45,,408,,Yes
20,1/28/25,3,S1,BUS301 / 13,PERSONAL FINANCE A,NICOLE SIMEK,12,2025,A,3.75 pts,0.57,,90,,Yes
20,1/28/25,2,S1,SCI609 / 12,CHEMISTRY/A,GRANT MERRILL,12,2025,B+,3.30 pts,6.83,,82,,Yes
20,1/28/25,3,S1,BUS301 / 13,PERSONAL FINANCE A,NICOLE SIMEK,11,2026,C-,2.01 pts,2,,253,,Yes
20,1/28/25,3,S1,MAT701 / 13,ALGEBRA II A,JENNIFER REILLY,11,2026,,2.92 pts,0,,115,,Yes
20,1/28/25,4,S1,SOC701 / 14,US HISTORY/A,DAVE HAJEK,11,2026,F,0.87 pts,15.71,,254,,Yes
20,1/28/25,5,S1,ENG701 / 15,JUNIOR ENG/A,JOHN CARVER,11,2026,C-,2.04 pts,14.43,,254,,Yes
20,1/28/25,2,S1,BUS301 / 12,PERSONAL FINANCE A,NICOLE SIMEK,12,2025,C-,2.15 pts,4.86,,61,,Yes
20,1/28/25,3,S1,BUS301 / 13,PERSONAL FINANCE A,NICOLE SIMEK,12,2025,B-,2.80 pts,10,,332,,Yes
20,1/28/25,2,S1,SCI609 / 12,CHEMISTRY/A,GRANT MERRILL,12,2025,F,0.74 pts,47,,354,,Yes
20,1/28/25,3,S1,BUS301 / 13,PERSONAL FINANCE A,NICOLE SIMEK,12,2025,C-,2.07 pts,5.43,,105,,Yes
20,1/28/25,4,S1,MAT522 / 14,GEOMETRY A,ROCHELLE AITON,10,2027,D+,1.87 pts,5.29,,425,,Yes
20,1/28/25,4,S1,MAT522 / 14,GEOMETRY A,NINETTE LILIENTHAL,10,2027,D+,1.87 pts,5.29,,425,,Yes
20,1/28/25,6,S1,MAT701 / 16,ALGEBRA II A,JASON BLAESING,10,2027,A,3.91 pts,0.14,,54,,Yes
20,1/28/25,2,S1,MAT522 / 12,GEOMETRY A,ROCHELLE AITON,10,2027,C-,2.14 pts,8,,338,,Yes
20,1/28/25,2,S1,MAT522 / 12,GEOMETRY A,NINETTE LILIENTHAL,10,2027,C-,2.14 pts,8,,338,,Yes
20,1/28/25,5,S1,ENG601 / 15,SOPH ENG/A,MARCEE SALAS,10,2027,C,2.36 pts,7.71,,338,,Yes
20,1/28/25,3,S1,SCI601 / 13,BIOLOGY A,GRANT MERRILL,10,2027,F,0.66 pts,55,,92,,Yes
20,1/28/25,3,S1,MAT522 / 13,GEOMETRY A,ROCHELLE AITON,9,2028,A-,3.55 pts,0.86,,363,,Yes
20,1/28/25,3,S1,MAT522 / 13,GEOMETRY A,NINETTE LILIENTHAL,9,2028,A-,3.55 pts,0.86,,363,,Yes
20,1/28/25,6,S1,ENG501 / 16,FR ENGLISH/A,DAVID HOLLINGSWORTH,9,2028,C,2.33 pts,2,,229,,Yes
20,1/28/25,4,S1,MAT522 / 14,GEOMETRY A,ROCHELLE AITON,10,2027,D,1.76 pts,6.71,,424,,Yes
20,1/28/25,4,S1,MAT522 / 14,GEOMETRY A,NINETTE LILIENTHAL,10,2027,D,1.76 pts,6.71,,424,,Yes
20,1/28/25,2,S1,MAT701 / 12,ALGEBRA II A,JASON BLAESING,11,2026,D+,1.86 pts,0,,107,,Yes
20,1/28/25,1,S1,MAT704 / 11,PRE-CALC A MAT 153,BRIAN ANDERSON,11,2026,C+,2.55 pts,3,,114,,Yes
20,1/28/25,2,S1,SCI609 / 12,CHEMISTRY/A,GRANT MERRILL,11,2026,B-,2.82 pts,2.14,,114,,Yes
20,1/28/25,2,S1,ENG601 / 12,SOPH ENG/A,KELLY GREGERSEN,10,2027,C-,2.06 pts,15.43,,117,,Yes
20,1/28/25,4,S1,MAT522 / 14,GEOMETRY A,ROCHELLE AITON,10,2027,F,1.03 pts,16.71,,117,,Yes
20,1/28/25,4,S1,MAT522 / 14,GEOMETRY A,NINETTE LILIENTHAL,10,2027,F,1.03 pts,16.71,,117,,Yes
20,1/28/25,6,S1,SCI601 / 16,BIOLOGY A,GRANT MERRILL,10,2027,F,0.73 pts,17.57,,117,,Yes
20,1/28/25,3,S1,MAT522 / 13,GEOMETRY A,ROCHELLE AITON,10,2027,B,3.00 pts,10.29,,118,,Yes
20,1/28/25,3,S1,MAT522 / 13,GEOMETRY A,NINETTE LILIENTHAL,10,2027,B,3.00 pts,10.29,,118,,Yes
20,1/28/25,5,S1,MAT522 / 15,GEOMETRY A,BRIAN ANDERSON,10,2027,C-,2.05 pts,9.29,,142,,Yes
20,1/28/25,6,S1,SCI601 / 16,BIOLOGY A,GRANT MERRILL,10,2027,F,1.43 pts,9.86,,142,,Yes
20,1/28/25,2,S1,MAT522 / 12,GEOMETRY A,ROCHELLE AITON,10,2027,C,2.46 pts,10,,168,,Yes
20,1/28/25,2,S1,MAT522 / 12,GEOMETRY A,NINETTE LILIENTHAL,10,2027,C,2.46 pts,10,,168,,Yes
20,1/28/25,3,S1,MAT701 / 13,ALGEBRA II A,JENNIFER REILLY,11,2026,A,3.65 pts,2,,208,,Yes
20,1/28/25,5,S1,MAT522 / 15,GEOMETRY A,BRIAN ANDERSON,10,2027,C+,2.60 pts,1.86,,244,,Yes
20,1/28/25,2,S1,ENG601 / 12,SOPH ENG/A,KELLY GREGERSEN,10,2027,A,3.67 pts,0.14,,324,,Yes
20,1/28/25,3,S1,MAT522 / 13,GEOMETRY A,ROCHELLE AITON,10,2027,C+,2.65 pts,0,,324,,Yes
20,1/28/25,3,S1,MAT522 / 13,GEOMETRY A,NINETTE LILIENTHAL,10,2027,C+,2.65 pts,0,,324,,Yes
20,1/28/25,4,S1,MAT522 / 14,GEOMETRY A,ROCHELLE AITON,10,2027,B-,2.72 pts,2,,458,,Yes
20,1/28/25,4,S1,MAT522 / 14,GEOMETRY A,NINETTE LILIENTHAL,10,2027,B-,2.72 pts,2,,458,,Yes
20,1/28/25,5,S1,ENG701 / 15,JUNIOR ENG/A,JOHN CARVER,11,2026,C-,2.03 pts,9.43,,131,,Yes
20,1/28/25,1,S1,MAT522 / 11,GEOMETRY A,ROCHELLE AITON,10,2027,F,0.99 pts,17.43,,248,,Yes
20,1/28/25,1,S1,MAT522 / 11,GEOMETRY A,NINETTE LILIENTHAL,10,2027,F,0.99 pts,17.43,,248,,Yes
20,1/28/25,5,S1,ENG601 / 15,SOPH ENG/A,MARCEE SALAS,10,2027,B,2.95 pts,2,,373,,Yes
20,1/28/25,6,S1,SCI601 / 36,BIOLOGY A,WILLIAM BAUR,10,2027,A,3.66 pts,2.14,,373,,Yes
20,1/28/25,2,S1,MAT701 / 12,ALGEBRA II A,JASON BLAESING,11,2026,A,3.79 pts,2.86,,320,,Yes
20,1/28/25,6,S1,SOC701 / 16,US HISTORY/A,SCOTT BOOTHBY,11,2026,B,3.05 pts,6.14,,320,,Yes
20,1/28/25,3,S1,MAT701 / 13,ALGEBRA II A,JENNIFER REILLY,11,2026,B-,2.82 pts,4.57,,128,,Yes
20,1/28/25,6,S1,MAT701 / 16,ALGEBRA II A,JASON BLAESING,11,2026,A,3.71 pts,12.67,,161,,Yes
20,1/28/25,3,S1,MAT701 / 13,ALGEBRA II A,JENNIFER REILLY,11,2026,A,3.78 pts,17,,191,,Yes
20,1/28/25,6,S1,SOC701 / 16,US HISTORY/A,SCOTT BOOTHBY,11,2026,A-,3.59 pts,8,,224,,Yes
20,1/28/25,5,S1,ENG701 / 15,JUNIOR ENG/A,JOHN CARVER,11,2026,C,2.22 pts,9.43,,255,,Yes
20,1/28/25,6,S1,SOC701 / 16,US HISTORY/A,SCOTT BOOTHBY,11,2026,C,2.27 pts,10.57,,255,,Yes
20,1/28/25,2,S1,MAT701 / 12,ALGEBRA II A,JASON BLAESING,11,2026,B,2.98 pts,6,,260,,Yes
20,1/28/25,5,S1,ENG701 / 15,JUNIOR ENG/A,JOHN CARVER,11,2026,A-,3.41 pts,7.14,,260,,Yes
20,1/28/25,5,S1,ENG701 / 15,JUNIOR ENG/A,JOHN CARVER,11,2026,D,1.68 pts,12.33,,396,,Yes
20,1/28/25,1,S1,MAT704 / 11,PRE-CALC A MAT 153,BRIAN ANDERSON,11,2026,A-,3.46 pts,2.67,,400,,Yes
20,1/28/25,2,S1,ENG601 / 12,SOPH ENG/A,KELLY GREGERSEN,10,2027,B,2.92 pts,25.71,,416,,Yes
20,1/28/25,3,S1,MAT522 / 13,GEOMETRY A,ROCHELLE AITON,10,2027,D+,1.97 pts,25.43,,416,,Yes
20,1/28/25,3,S1,MAT522 / 13,GEOMETRY A,NINETTE LILIENTHAL,10,2027,D+,1.97 pts,25.43,,416,,Yes
20,1/28/25,1,S1,MAT522 / 11,GEOMETRY A,ROCHELLE AITON,10,2027,C,2.35 pts,6.71,,318,,Yes
20,1/28/25,1,S1,MAT522 / 11,GEOMETRY A,NINETTE LILIENTHAL,10,2027,C,2.35 pts,6.71,,318,,Yes
20,1/28/25,3,S1,SCI601 / 13,BIOLOGY A,GRANT MERRILL,10,2027,C-,2.01 pts,10,,318,,Yes
20,1/28/25,3,S1,BUS301 / 13,PERSONAL FINANCE A,NICOLE SIMEK,11,2026,A-,3.40 pts,5.43,,230,,Yes
20,1/28/25,4,S1,SOC701 / 14,US HISTORY/A,DAVE HAJEK,11,2026,B,3.02 pts,5,,230,,Yes
20,1/28/25,5,S1,ENG701 / 15,JUNIOR ENG/A,JOHN CARVER,11,2026,A,3.90 pts,5,,230,,Yes
20,1/28/25,4,S1,SCI601 / 14,BIOLOGY A,GRANT MERRILL,10,2027,C,2.43 pts,7.29,,429,,Yes
20,1/28/25,2,S1,BUS301 / 12,PERSONAL FINANCE A,NICOLE SIMEK,12,2025,D,1.72 pts,30.71,,331,,Yes
20,1/28/25,2,S1,ENG601 / 12,SOPH ENG/A,KELLY GREGERSEN,10,2027,A,3.86 pts,1,,102,,Yes
20,1/28/25,3,S1,MAT522 / 13,GEOMETRY A,ROCHELLE AITON,10,2027,A-,3.42 pts,1,,102,,Yes
20,1/28/25,3,S1,MAT522 / 13,GEOMETRY A,NINETTE LILIENTHAL,10,2027,A-,3.42 pts,1,,102,,Yes
20,1/28/25,6,S1,SOC701 / 16,US HISTORY/A,SCOTT BOOTHBY,11,2026,C,2.38 pts,19.57,,134,,Yes
20,1/28/25,6,S1,MAT701 / 16,ALGEBRA II A,JASON BLAESING,11,2026,B,3.04 pts,12,,112,,Yes
20,1/28/25,3,S1,MAT701 / 13,ALGEBRA II A,JENNIFER REILLY,11,2026,A-,3.43 pts,20.86,,207,,Yes
20,1/28/25,2,S1,SCI609 / 12,CHEMISTRY/A,GRANT MERRILL,11,2026,B-,2.75 pts,6.57,,86,,Yes
20,1/28/25,6,S1,SOC701 / 16,US HISTORY/A,SCOTT BOOTHBY,11,2026,C,2.45 pts,8,,86,,Yes
20,1/28/25,2,S1,MAT701 / 12,ALGEBRA II A,JASON BLAESING,11,2026,C+,2.55 pts,16.14,,145,,Yes
20,1/28/25,2,S1,SCI609 / 12,CHEMISTRY/A,GRANT MERRILL,11,2026,B,2.97 pts,18,,242,,Yes
20,1/28/25,3,S1,BUS301 / 13,PERSONAL FINANCE A,NICOLE SIMEK,11,2026,A,4.00 pts,17.57,,242,,Yes
20,1/28/25,1,S1,MAT704 / 11,PRE-CALC A MAT 153,BRIAN ANDERSON,11,2026,B+,3.24 pts,0,,151,,Yes
20,1/28/25,2,S1,MAT701 / 12,ALGEBRA II A,JASON BLAESING,11,2026,F,0.00 pts,48,,180,,Yes
20,1/28/25,4,S1,SOC701 / 14,US HISTORY/A,DAVE HAJEK,11,2026,F,1.33 pts,20.29,,438,,Yes
20,1/28/25,6,S1,MAT701 / 16,ALGEBRA II A,JASON BLAESING,11,2026,A-,3.42 pts,6.14,,342,,Yes
20,1/28/25,6,S1,MAT701 / 16,ALGEBRA II A,JASON BLAESING,11,2026,C+,2.64 pts,7.5,,357,,Yes
20,1/28/25,3,S1,MAT701 / 13,ALGEBRA II A,JENNIFER REILLY,11,2026,C,2.26 pts,5.71,,339,,Yes
20,1/28/25,3,S1,MAT701 / 13,ALGEBRA II A,JENNIFER REILLY,11,2026,C,2.39 pts,16.43,,380,,Yes
20,1/28/25,6,S1,SOC701 / 16,US HISTORY/A,SCOTT BOOTHBY,11,2026,B-,2.80 pts,16.21,,380,,Yes
20,1/28/25,2,S1,SCI609 / 12,CHEMISTRY/A,GRANT MERRILL,11,2026,D,1.76 pts,18.14,,282,,Yes
20,1/28/25,3,S1,MAT701 / 13,ALGEBRA II A,JENNIFER REILLY,11,2026,B+,3.36 pts,18,,282,,Yes
20,1/28/25,4,S1,SOC701 / 14,US HISTORY/A,DAVE HAJEK,11,2026,F,1.62 pts,24.57,,282,,Yes
20,1/28/25,5,S1,ENG701 / 15,JUNIOR ENG/A,JOHN CARVER,11,2026,D+,1.96 pts,24.57,,282,,Yes
20,1/28/25,2,S1,BUS301 / 12,PERSONAL FINANCE A,NICOLE SIMEK,11,2026,A,3.87 pts,9.43,,185,,Yes
20,1/28/25,4,S1,SOC701 / 14,US HISTORY/A,DAVE HAJEK,11,2026,B+,3.22 pts,9.29,,185,,Yes
20,1/28/25,3,S1,MAT701 / 13,ALGEBRA II A,JENNIFER REILLY,11,2026,A-,3.51 pts,3,,103,,Yes
20,1/28/25,2,S1,MAT701 / 12,ALGEBRA II A,JASON BLAESING,11,2026,C,2.26 pts,5.29,,85,,Yes
20,1/28/25,6,S1,SOC701 / 16,US HISTORY/A,SCOTT BOOTHBY,11,2026,A,3.60 pts,5.57,,85,,Yes
20,1/28/25,1,S1,MAT704 / 11,PRE-CALC A MAT 153,BRIAN ANDERSON,11,2026,A-,3.49 pts,5,,95,,Yes
20,1/28/25,6,S1,MAT701 / 16,ALGEBRA II A,JASON BLAESING,11,2026,B,2.92 pts,2.5,,50,,Yes
20,1/28/25,1,S1,MAT704 / 11,PRE-CALC A MAT 153,BRIAN ANDERSON,11,2026,C,2.32 pts,4,,328,,Yes
20,1/28/25,6,S1,SOC701 / 16,US HISTORY/A,SCOTT BOOTHBY,11,2026,C,2.22 pts,6.6,,275,,Yes
20,1/28/25,1,S1,MAT704 / 11,PRE-CALC A MAT 153,BRIAN ANDERSON,11,2026,A,3.73 pts,0,,409,,Yes
20,1/28/25,5,S1,ENG701 / 15,JUNIOR ENG/A,JOHN CARVER,11,2026,A,3.85 pts,0,,409,,Yes
20,1/28/25,3,S1,MAT701 / 13,ALGEBRA II A,JENNIFER REILLY,11,2026,C+,2.63 pts,7.14,,412,,Yes
20,1/28/25,6,S1,SOC701 / 16,US HISTORY/A,SCOTT BOOTHBY,11,2026,A,3.92 pts,2,,68,,Yes
20,1/28/25,3,S1,BUS301 / 13,PERSONAL FINANCE A,NICOLE SIMEK,11,2026,C,2.31 pts,6,,267,,Yes
20,1/28/25,6,S1,SOC701 / 16,US HISTORY/A,SCOTT BOOTHBY,11,2026,D+,1.85 pts,45.86,,147,,Yes
20,1/28/25,2,S1,BUS301 / 12,PERSONAL FINANCE A,NICOLE SIMEK,12,2025,F,1.08 pts,34.57,,73,,Yes
20,1/28/25,5,S1,ENG701 / 15,JUNIOR ENG/A,JOHN CARVER,11,2026,B+,3.27 pts,18.29,,218,,Yes
20,1/28/25,6,S1,SOC701 / 16,US HISTORY/A,SCOTT BOOTHBY,11,2026,B-,2.70 pts,18.43,,218,,Yes
20,1/28/25,6,S1,MAT701 / 16,ALGEBRA II A,JASON BLAESING,11,2026,F,1.22 pts,19,,296,,Yes
20,1/28/25,2,S1,SCI609 / 12,CHEMISTRY/A,GRANT MERRILL,11,2026,A,3.85 pts,0,,100,,Yes
20,1/28/25,1,S1,MAT704 / 11,PRE-CALC A MAT 153,BRIAN ANDERSON,11,2026,C-,2.16 pts,2.86,,138,,Yes
20,1/28/25,5,S1,ENG701 / 15,JUNIOR ENG/A,JOHN CARVER,11,2026,A-,3.44 pts,4.43,,138,,Yes
20,1/28/25,2,S1,SCI609 / 12,CHEMISTRY/A,GRANT MERRILL,11,2026,C+,2.52 pts,1.71,,158,,Yes
20,1/28/25,5,S1,ENG701 / 15,JUNIOR ENG/A,JOHN CARVER,11,2026,A,3.74 pts,2.71,,158,,Yes
20,1/28/25,3,S1,MAT701 / 13,ALGEBRA II A,JENNIFER REILLY,11,2026,C,2.35 pts,4.14,,406,,Yes
20,1/28/25,2,S1,MAT701 / 12,ALGEBRA II A,JASON BLAESING,11,2026,B,3.02 pts,6.71,,262,,Yes
20,1/28/25,6,S1,SOC701 / 16,US HISTORY/A,SCOTT BOOTHBY,11,2026,C,2.35 pts,7,,262,,Yes
20,1/28/25,1,S1,MAT704 / 11,PRE-CALC A MAT 153,BRIAN ANDERSON,11,2026,B-,2.86 pts,8,,263,,Yes
20,1/28/25,2,S1,ENG601 / 12,SOPH ENG/A,KELLY GREGERSEN,10,2027,A-,3.47 pts,14.43,,77,,Yes
20,1/28/25,3,S1,SCI601 / 13,BIOLOGY A,GRANT MERRILL,10,2027,B-,2.73 pts,14.57,,77,,Yes
20,1/28/25,3,S1,SCI601 / 13,BIOLOGY A,GRANT MERRILL,10,2027,B+,3.30 pts,1.43,,126,,Yes
20,1/28/25,5,S1,MAT522 / 15,GEOMETRY A,BRIAN ANDERSON,10,2027,A-,3.48 pts,1.71,,126,,Yes
20,1/28/25,2,S1,ENG601 / 12,SOPH ENG/A,KELLY GREGERSEN,10,2027,C+,2.51 pts,12.43,,433,,Yes
20,1/28/25,4,S1,SCI601 / 14,BIOLOGY A,GRANT MERRILL,10,2027,F,0.46 pts,12.14,,433,,Yes
20,1/28/25,6,S1,ENG501 / 16,FR ENGLISH/A,DAVID HOLLINGSWORTH,9,2028,B+,3.22 pts,2.43,,183,,Yes
20,1/28/25,2,S1,MAT522 / 12,GEOMETRY A,ROCHELLE AITON,10,2027,C,2.43 pts,7.86,,205,,Yes
20,1/28/25,2,S1,MAT522 / 12,GEOMETRY A,NINETTE LILIENTHAL,10,2027,C,2.43 pts,7.86,,205,,Yes
20,1/28/25,3,S1,SCI601 / 13,BIOLOGY A,GRANT MERRILL,10,2027,B,3.09 pts,0,,226,,Yes
20,1/28/25,6,S1,MAT701 / 16,ALGEBRA II A,JASON BLAESING,10,2027,A,3.60 pts,1,,226,,Yes
20,1/28/25,2,S1,MAT701 / 12,ALGEBRA II A,JASON BLAESING,10,2027,A,3.99 pts,2.86,,237,,Yes
20,1/28/25,3,S1,SCI601 / 13,BIOLOGY A,GRANT MERRILL,10,2027,B+,3.39 pts,2.71,,237,,Yes
20,1/28/25,6,S1,ENG501 / 16,FR ENGLISH/A,DAVID HOLLINGSWORTH,9,2028,A-,3.59 pts,3.14,,270,,Yes
20,1/28/25,4,S1,MAT522 / 14,GEOMETRY A,ROCHELLE AITON,10,2027,C+,2.53 pts,4,,443,,Yes
20,1/28/25,4,S1,MAT522 / 14,GEOMETRY A,NINETTE LILIENTHAL,10,2027,C+,2.53 pts,4,,443,,Yes
20,1/28/25,2,S1,MAT522 / 12,GEOMETRY A,ROCHELLE AITON,9,2028,A-,3.53 pts,7.86,,393,,Yes
20,1/28/25,2,S1,MAT522 / 12,GEOMETRY A,NINETTE LILIENTHAL,9,2028,A-,3.53 pts,7.86,,393,,Yes
20,1/28/25,3,S1,SCI601 / 13,BIOLOGY A,GRANT MERRILL,10,2027,C-,2.05 pts,8.29,,401,,Yes
20,1/28/25,5,S1,ENG601 / 15,SOPH ENG/A,MARCEE SALAS,10,2027,C+,2.59 pts,7.43,,401,,Yes
20,1/28/25,3,S1,MAT522 / 13,GEOMETRY A,ROCHELLE AITON,9,2028,F,1.32 pts,32.86,,419,,Yes
20,1/28/25,3,S1,MAT522 / 13,GEOMETRY A,NINETTE LILIENTHAL,9,2028,F,1.32 pts,32.86,,419,,Yes
20,1/28/25,3,S1,MAT522 / 13,GEOMETRY A,ROCHELLE AITON,10,2027,F,0.25 pts,19.14,,251,,Yes
20,1/28/25,3,S1,MAT522 / 13,GEOMETRY A,NINETTE LILIENTHAL,10,2027,F,0.25 pts,19.14,,251,,Yes
20,1/28/25,4,S1,SCI601 / 14,BIOLOGY A,GRANT MERRILL,10,2027,F,0.67 pts,20.29,,251,,Yes
20,1/28/25,6,S1,SOC701 / 16,US HISTORY/A,SCOTT BOOTHBY,11,2026,D,1.75 pts,8.57,,356,,Yes
20,1/28/25,3,S1,SCI601 / 13,BIOLOGY A,GRANT MERRILL,10,2027,D,1.77 pts,1.71,,294,,Yes
20,1/28/25,2,S1,MAT522 / 12,GEOMETRY A,ROCHELLE AITON,10,2027,D,1.76 pts,3,,84,,Yes
20,1/28/25,2,S1,MAT522 / 12,GEOMETRY A,NINETTE LILIENTHAL,10,2027,D,1.76 pts,3,,84,,Yes
20,1/28/25,1,S1,MAT522 / 11,GEOMETRY A,ROCHELLE AITON,10,2027,F,0.85 pts,12.43,,72,,Yes
20,1/28/25,1,S1,MAT522 / 11,GEOMETRY A,NINETTE LILIENTHAL,10,2027,F,0.85 pts,12.43,,72,,Yes
20,1/28/25,5,S1,ENG601 / 15,SOPH ENG/A,MARCEE SALAS,10,2027,B-,2.71 pts,11.57,,72,,Yes
20,1/28/25,3,S1,SCI601 / 13,BIOLOGY A,GRANT MERRILL,10,2027,B+,3.27 pts,5.29,,57,,Yes
20,1/28/25,4,S1,MAT522 / 14,GEOMETRY A,ROCHELLE AITON,10,2027,A,3.74 pts,0,,452,,Yes
20,1/28/25,4,S1,MAT522 / 14,GEOMETRY A,NINETTE LILIENTHAL,10,2027,A,3.74 pts,0,,452,,Yes
20,1/28/25,4,S1,MAT522 / 14,GEOMETRY A,ROCHELLE AITON,10,2027,F,0.30 pts,18.29,,446,,Yes
20,1/28/25,4,S1,MAT522 / 14,GEOMETRY A,NINETTE LILIENTHAL,10,2027,F,0.30 pts,18.29,,446,,Yes
20,1/28/25,2,S1,ENG601 / 12,SOPH ENG/A,KELLY GREGERSEN,10,2027,F,0.73 pts,27,,309,,Yes
20,1/28/25,4,S1,SCI601 / 14,BIOLOGY A,GRANT MERRILL,10,2027,F,0.72 pts,26.14,,309,,Yes
20,1/28/25,5,S1,MAT522 / 15,GEOMETRY A,BRIAN ANDERSON,10,2027,F,0.01 pts,20.29,,309,,Yes
20,1/28/25,5,S1,MAT522 / 15,GEOMETRY A,BRIAN ANDERSON,10,2027,A-,3.51 pts,0.43,,199,,Yes
20,1/28/25,2,S1,MAT701 / 12,ALGEBRA II A,JASON BLAESING,11,2026,C,2.36 pts,5,,113,,Yes
20,1/28/25,3,S1,SCI601 / 13,BIOLOGY A,GRANT MERRILL,10,2027,A,3.62 pts,1.86,,140,,Yes
20,1/28/25,2,S1,MAT522 / 12,GEOMETRY A,ROCHELLE AITON,10,2027,B-,2.70 pts,1.86,,238,,Yes
20,1/28/25,2,S1,MAT522 / 12,GEOMETRY A,NINETTE LILIENTHAL,10,2027,B-,2.70 pts,1.86,,238,,Yes
20,1/28/25,5,S1,ENG601 / 15,SOPH ENG/A,MARCEE SALAS,10,2027,C+,2.50 pts,1.86,,238,,Yes
20,1/28/25,6,S1,SCI601 / 36,BIOLOGY A,WILLIAM BAUR,10,2027,A-,3.43 pts,1.86,,238,,Yes
20,1/28/25,1,S1,MAT704 / 11,PRE-CALC A MAT 153,BRIAN ANDERSON,11,2026,B-,2.70 pts,10,,292,,Yes
20,1/28/25,4,S1,SCI601 / 14,BIOLOGY A,GRANT MERRILL,10,2027,C-,2.00 pts,2.86,,453,,Yes
20,1/28/25,2,S1,MAT522 / 12,GEOMETRY A,ROCHELLE AITON,10,2027,C+,2.66 pts,0,,291,,Yes
20,1/28/25,2,S1,MAT522 / 12,GEOMETRY A,NINETTE LILIENTHAL,10,2027,C+,2.66 pts,0,,291,,Yes
20,1/28/25,3,S1,SCI601 / 13,BIOLOGY A,GRANT MERRILL,10,2027,C-,2.19 pts,0,,291,,Yes
20,1/28/25,3,S1,SCI601 / 13,BIOLOGY A,GRANT MERRILL,10,2027,F,0.75 pts,29.57,,293,,Yes
20,1/28/25,4,S1,MAT522 / 14,GEOMETRY A,ROCHELLE AITON,10,2027,D,1.75 pts,28.14,,293,,Yes
20,1/28/25,4,S1,MAT522 / 14,GEOMETRY A,NINETTE LILIENTHAL,10,2027,D,1.75 pts,28.14,,293,,Yes
20,1/28/25,5,S1,MAT522 / 15,GEOMETRY A,BRIAN ANDERSON,10,2027,C,2.42 pts,2,,421,,Yes
20,1/28/25,6,S1,SCI601 / 16,BIOLOGY A,GRANT MERRILL,10,2027,C,2.24 pts,2,,421,,Yes
20,1/28/25,1,S1,MAT704 / 11,PRE-CALC A MAT 153,BRIAN ANDERSON,10,2027,B-,2.75 pts,5.86,,304,,Yes
20,1/28/25,2,S1,MAT522 / 12,GEOMETRY A,ROCHELLE AITON,10,2027,F,1.57 pts,6.86,,414,,Yes
20,1/28/25,2,S1,MAT522 / 12,GEOMETRY A,NINETTE LILIENTHAL,10,2027,F,1.57 pts,6.86,,414,,Yes
20,1/28/25,5,S1,ENG601 / 15,SOPH ENG/A,MARCEE SALAS,10,2027,C+,2.65 pts,5,,414,,Yes
20,1/28/25,6,S1,SCI601 / 36,BIOLOGY A,WILLIAM BAUR,10,2027,C,2.36 pts,5.14,,414,,Yes
20,1/28/25,1,S1,MAT522 / 11,GEOMETRY A,ROCHELLE AITON,10,2027,A,3.68 pts,0.86,,389,,Yes
20,1/28/25,1,S1,MAT522 / 11,GEOMETRY A,NINETTE LILIENTHAL,10,2027,A,3.68 pts,0.86,,389,,Yes
20,1/28/25,3,S1,SCI601 / 13,BIOLOGY A,GRANT MERRILL,10,2027,B,3.19 pts,0.57,,389,,Yes
20,1/28/25,1,S1,MAT522 / 11,GEOMETRY A,ROCHELLE AITON,10,2027,B-,2.71 pts,2,,301,,Yes
20,1/28/25,1,S1,MAT522 / 11,GEOMETRY A,NINETTE LILIENTHAL,10,2027,B-,2.71 pts,2,,301,,Yes
20,1/28/25,4,S1,SCI601 / 14,BIOLOGY A,GRANT MERRILL,10,2027,B,3.02 pts,0.43,,428,,Yes
20,1/28/25,5,S1,MAT522 / 15,GEOMETRY A,BRIAN ANDERSON,10,2027,A,3.68 pts,0.57,,303,,Yes
20,1/28/25,4,S1,MAT522 / 14,GEOMETRY A,ROCHELLE AITON,10,2027,C-,2.08 pts,14.57,,221,,Yes
20,1/28/25,4,S1,MAT522 / 14,GEOMETRY A,NINETTE LILIENTHAL,10,2027,C-,2.08 pts,14.57,,221,,Yes
20,1/28/25,5,S1,ENG601 / 15,SOPH ENG/A,MARCEE SALAS,10,2027,C,2.32 pts,14.57,,221,,Yes
20,1/28/25,4,S1,MAT522 / 14,GEOMETRY A,ROCHELLE AITON,10,2027,C,2.20 pts,1.43,,460,,Yes
20,1/28/25,4,S1,MAT522 / 14,GEOMETRY A,NINETTE LILIENTHAL,10,2027,C,2.20 pts,1.43,,460,,Yes
20,1/28/25,1,S1,MAT522 / 11,GEOMETRY A,ROCHELLE AITON,10,2027,C-,2.02 pts,8.14,,83,,Yes
20,1/28/25,1,S1,MAT522 / 11,GEOMETRY A,NINETTE LILIENTHAL,10,2027,C-,2.02 pts,8.14,,83,,Yes
20,1/28/25,4,S1,SCI601 / 14,BIOLOGY A,GRANT MERRILL,10,2027,C-,2.18 pts,1.57,,455,,Yes
20,1/28/25,2,S1,MAT701 / 12,ALGEBRA II A,JASON BLAESING,10,2027,B,3.13 pts,0,,109,,Yes
20,1/28/25,3,S1,MAT522 / 13,GEOMETRY A,ROCHELLE AITON,10,2027,B-,2.76 pts,0,,99,,Yes
20,1/28/25,3,S1,MAT522 / 13,GEOMETRY A,NINETTE LILIENTHAL,10,2027,B-,2.76 pts,0,,99,,Yes
20,1/28/25,2,S1,MAT522 / 12,GEOMETRY A,ROCHELLE AITON,10,2027,D,1.72 pts,12.14,,256,,Yes
20,1/28/25,2,S1,MAT522 / 12,GEOMETRY A,NINETTE LILIENTHAL,10,2027,D,1.72 pts,12.14,,256,,Yes
20,1/28/25,6,S1,SCI601 / 16,BIOLOGY A,GRANT MERRILL,10,2027,F,1.18 pts,16.14,,256,,Yes
20,1/28/25,4,S1,MAT522 / 14,GEOMETRY A,ROCHELLE AITON,10,2027,B-,2.79 pts,2.14,,310,,Yes
20,1/28/25,4,S1,MAT522 / 14,GEOMETRY A,NINETTE LILIENTHAL,10,2027,B-,2.79 pts,2.14,,310,,Yes
20,1/28/25,6,S1,SCI601 / 16,BIOLOGY A,GRANT MERRILL,10,2027,B,2.90 pts,2.43,,310,,Yes
20,1/28/25,6,S1,MAT701 / 16,ALGEBRA II A,JASON BLAESING,10,2027,B,3.14 pts,4.71,,89,,Yes
20,1/28/25,2,S1,MAT522 / 12,GEOMETRY A,ROCHELLE AITON,10,2027,C-,2.13 pts,6.71,,175,,Yes
20,1/28/25,2,S1,MAT522 / 12,GEOMETRY A,NINETTE LILIENTHAL,10,2027,C-,2.13 pts,6.71,,175,,Yes
20,1/28/25,6,S1,SCI601 / 16,BIOLOGY A,GRANT MERRILL,10,2027,F,1.60 pts,7.71,,175,,Yes
20,1/28/25,3,S1,SCI601 / 13,BIOLOGY A,GRANT MERRILL,10,2027,C,2.42 pts,10,,372,,Yes
20,1/28/25,5,S1,MAT522 / 15,GEOMETRY A,BRIAN ANDERSON,10,2027,F,1.59 pts,11.43,,372,,Yes
20,1/28/25,5,S1,MAT522 / 15,GEOMETRY A,BRIAN ANDERSON,10,2027,F,1.30 pts,14.14,,390,,Yes
20,1/28/25,2,S1,ENG601 / 12,SOPH ENG/A,KELLY GREGERSEN,10,2027,C,2.47 pts,14.71,,48,,Yes
20,1/28/25,3,S1,SCI601 / 13,BIOLOGY A,GRANT MERRILL,10,2027,F,1.12 pts,14.71,,48,,Yes
20,1/28/25,5,S1,MAT522 / 15,GEOMETRY A,BRIAN ANDERSON,10,2027,D,1.67 pts,15.29,,48,,Yes
20,1/28/25,3,S1,MAT522 / 13,GEOMETRY A,ROCHELLE AITON,10,2027,C,2.35 pts,4.57,,382,,Yes
20,1/28/25,3,S1,MAT522 / 13,GEOMETRY A,NINETTE LILIENTHAL,10,2027,C,2.35 pts,4.57,,382,,Yes
20,1/28/25,2,S1,SCI609 / 12,CHEMISTRY/A,GRANT MERRILL,11,2026,C,2.43 pts,2.83,,60,,Yes
20,1/28/25,3,S1,MAT701 / 13,ALGEBRA II A,JENNIFER REILLY,11,2026,A,3.90 pts,2.83,,60,,Yes
20,1/28/25,5,S1,MAT522 / 15,GEOMETRY A,BRIAN ANDERSON,10,2027,D+,1.91 pts,8.71,,59,,Yes
20,1/28/25,4,S1,SCI601 / 14,BIOLOGY A,GRANT MERRILL,10,2027,C,2.39 pts,4,,169,,Yes
20,1/28/25,5,S1,MAT522 / 15,GEOMETRY A,BRIAN ANDERSON,10,2027,C-,2.07 pts,4,,169,,Yes
20,1/28/25,4,S1,MAT522 / 14,GEOMETRY A,ROCHELLE AITON,10,2027,C+,2.55 pts,0.57,,454,,Yes
20,1/28/25,4,S1,MAT522 / 14,GEOMETRY A,NINETTE LILIENTHAL,10,2027,C+,2.55 pts,0.57,,454,,Yes
20,1/28/25,3,S1,SCI601 / 13,BIOLOGY A,GRANT MERRILL,10,2027,F,0.48 pts,12.29,,402,,Yes
20,1/28/25,5,S1,MAT522 / 15,GEOMETRY A,BRIAN ANDERSON,10,2027,F,0.91 pts,11.57,,402,,Yes
20,1/28/25,6,S1,SCI601 / 16,BIOLOGY A,GRANT MERRILL,10,2027,C+,2.65 pts,3.43,,144,,Yes
20,1/28/25,3,S1,MAT522 / 13,GEOMETRY A,ROCHELLE AITON,11,2026,F,1.32 pts,15.57,,214,,Yes
20,1/28/25,3,S1,MAT522 / 13,GEOMETRY A,NINETTE LILIENTHAL,11,2026,F,1.32 pts,15.57,,214,,Yes
20,1/28/25,5,S1,ENG701 / 15,JUNIOR ENG/A,JOHN CARVER,11,2026,D+,1.91 pts,14.86,,214,,Yes
20,1/28/25,3,S1,MAT522 / 13,GEOMETRY A,ROCHELLE AITON,10,2027,F,0.06 pts,43.57,,360,,Yes
20,1/28/25,3,S1,MAT522 / 13,GEOMETRY A,NINETTE LILIENTHAL,10,2027,F,0.06 pts,43.57,,360,,Yes
20,1/28/25,6,S1,SCI601 / 16,BIOLOGY A,GRANT MERRILL,10,2027,F,0.35 pts,46.29,,360,,Yes
20,1/28/25,5,S1,ENG601 / 15,SOPH ENG/A,MARCEE SALAS,10,2027,C-,2.17 pts,5.86,,139,,Yes
20,1/28/25,3,S1,MAT701 / 13,ALGEBRA II A,JENNIFER REILLY,10,2027,B-,2.72 pts,1,,405,,Yes
20,1/28/25,5,S1,ENG601 / 15,SOPH ENG/A,MARCEE SALAS,10,2027,C,2.33 pts,1,,405,,Yes
20,1/28/25,6,S1,SCI601 / 16,BIOLOGY A,GRANT MERRILL,10,2027,D,1.78 pts,1.43,,405,,Yes
20,1/28/25,3,S1,SCI601 / 13,BIOLOGY A,GRANT MERRILL,10,2027,F,1.51 pts,8.86,,333,,Yes
20,1/28/25,5,S1,MAT522 / 15,GEOMETRY A,BRIAN ANDERSON,10,2027,D,1.75 pts,19.29,,340,,Yes
20,1/28/25,6,S1,SCI601 / 36,BIOLOGY A,WILLIAM BAUR,10,2027,D,1.71 pts,19.43,,340,,Yes
20,1/28/25,1,S1,MAT522 / 11,GEOMETRY A,ROCHELLE AITON,10,2027,D,1.73 pts,0.86,,132,,Yes
20,1/28/25,1,S1,MAT522 / 11,GEOMETRY A,NINETTE LILIENTHAL,10,2027,D,1.73 pts,0.86,,132,,Yes
20,1/28/25,2,S1,ENG601 / 12,SOPH ENG/A,KELLY GREGERSEN,10,2027,C+,2.51 pts,0.86,,132,,Yes
20,1/28/25,3,S1,SCI601 / 13,BIOLOGY A,GRANT MERRILL,10,2027,F,1.60 pts,0.86,,132,,Yes
20,1/28/25,2,S1,ENG601 / 12,SOPH ENG/A,KELLY GREGERSEN,10,2027,B-,2.86 pts,4.43,,404,,Yes
20,1/28/25,3,S1,MAT522 / 13,GEOMETRY A,ROCHELLE AITON,10,2027,C,2.35 pts,5,,404,,Yes
20,1/28/25,3,S1,MAT522 / 13,GEOMETRY A,NINETTE LILIENTHAL,10,2027,C,2.35 pts,5,,404,,Yes
20,1/28/25,4,S1,SCI601 / 14,BIOLOGY A,GRANT MERRILL,10,2027,C-,2.13 pts,4.86,,404,,Yes
20,1/28/25,1,S1,MAT522 / 11,GEOMETRY A,ROCHELLE AITON,10,2027,F,0.50 pts,22.43,,273,,Yes
20,1/28/25,1,S1,MAT522 / 11,GEOMETRY A,NINETTE LILIENTHAL,10,2027,F,0.50 pts,22.43,,273,,Yes
20,1/28/25,5,S1,ENG601 / 15,SOPH ENG/A,MARCEE SALAS,10,2027,F,1.41 pts,14,,273,,Yes
20,1/28/25,6,S1,SCI601 / 36,BIOLOGY A,WILLIAM BAUR,10,2027,F,1.42 pts,13.43,,273,,Yes
20,1/28/25,2,S1,MAT701 / 12,ALGEBRA II A,JASON BLAESING,11,2026,B,3.09 pts,9.14,,167,,Yes
20,1/28/25,6,S1,SOC701 / 16,US HISTORY/A,SCOTT BOOTHBY,11,2026,F,1.28 pts,6.86,,167,,Yes
20,1/28/25,3,S1,MAT522 / 13,GEOMETRY A,ROCHELLE AITON,10,2027,C,2.49 pts,5.57,,236,,Yes
20,1/28/25,3,S1,MAT522 / 13,GEOMETRY A,NINETTE LILIENTHAL,10,2027,C,2.49 pts,5.57,,236,,Yes
20,1/28/25,4,S1,SCI601 / 14,BIOLOGY A,GRANT MERRILL,10,2027,D+,1.85 pts,6.29,,236,,Yes
20,1/28/25,5,S1,ENG601 / 15,SOPH ENG/A,MARCEE SALAS,10,2027,C-,2.11 pts,6,,236,,Yes
20,1/28/25,2,S1,ENG601 / 12,SOPH ENG/A,KELLY GREGERSEN,10,2027,C,2.49 pts,9.14,,235,,Yes
20,1/28/25,4,S1,SCI601 / 14,BIOLOGY A,GRANT MERRILL,10,2027,D,1.73 pts,15.14,,445,,Yes
20,1/28/25,1,S1,MAT704 / 11,PRE-CALC A MAT 153,BRIAN ANDERSON,12,2025,C,2.39 pts,10,,325,,Yes
20,1/28/25,2,S1,BUS301 / 12,PERSONAL FINANCE A,NICOLE SIMEK,12,2025,A,3.98 pts,9.14,,325,,Yes
20,1/28/25,3,S1,MAT701 / 13,ALGEBRA II A,JENNIFER REILLY,10,2027,C+,2.53 pts,10.29,,130,,Yes
20,1/28/25,5,S1,ENG601 / 15,SOPH ENG/A,MARCEE SALAS,10,2027,B-,2.76 pts,10.57,,130,,Yes
20,1/28/25,2,S1,MAT522 / 12,GEOMETRY A,ROCHELLE AITON,10,2027,B,3.05 pts,3.29,,173,,Yes
20,1/28/25,2,S1,MAT522 / 12,GEOMETRY A,NINETTE LILIENTHAL,10,2027,B,3.05 pts,3.29,,173,,Yes
20,1/28/25,6,S1,SCI601 / 36,BIOLOGY A,WILLIAM BAUR,10,2027,B+,3.30 pts,3.43,,173,,Yes
20,1/28/25,2,S1,ENG601 / 12,SOPH ENG/A,KELLY GREGERSEN,10,2027,F,0.68 pts,14.29,,249,,Yes
20,1/28/25,5,S1,MAT522 / 15,GEOMETRY A,BRIAN ANDERSON,10,2027,F,0.40 pts,10.71,,249,,Yes
20,1/28/25,6,S1,SCI601 / 16,BIOLOGY A,GRANT MERRILL,10,2027,F,1.01 pts,11.86,,249,,Yes
20,1/28/25,1,S1,MAT704 / 11,PRE-CALC A MAT 153,BRIAN ANDERSON,11,2026,C,2.23 pts,0,,71,,Yes
20,1/28/25,6,S1,SOC701 / 16,US HISTORY/A,SCOTT BOOTHBY,11,2026,B,2.94 pts,0,,71,,Yes
20,1/28/25,2,S1,MAT522 / 12,GEOMETRY A,ROCHELLE AITON,10,2027,D+,1.94 pts,7.43,,88,,Yes
20,1/28/25,2,S1,MAT522 / 12,GEOMETRY A,NINETTE LILIENTHAL,10,2027,D+,1.94 pts,7.43,,88,,Yes
20,1/28/25,5,S1,ENG601 / 15,SOPH ENG/A,MARCEE SALAS,10,2027,C+,2.50 pts,7.57,,88,,Yes
20,1/28/25,6,S1,SCI601 / 16,BIOLOGY A,GRANT MERRILL,10,2027,F,1.29 pts,7.86,,88,,Yes
20,1/28/25,3,S1,BUS301 / 13,PERSONAL FINANCE A,NICOLE SIMEK,12,2025,A,3.78 pts,3.71,,367,,Yes
20,1/28/25,6,S1,SCI601 / 36,BIOLOGY A,WILLIAM BAUR,10,2027,B-,2.87 pts,2.29,,417,,Yes
20,1/28/25,2,S1,SCI609 / 12,CHEMISTRY/A,GRANT MERRILL,11,2026,D+,1.91 pts,14.43,,55,,Yes
20,1/28/25,6,S1,MAT701 / 16,ALGEBRA II A,JASON BLAESING,11,2026,D,1.72 pts,14.57,,55,,Yes
20,1/28/25,2,S1,SCI609 / 12,CHEMISTRY/A,GRANT MERRILL,11,2026,B-,2.88 pts,0,,388,,Yes
20,1/28/25,2,S1,SCI609 / 12,CHEMISTRY/A,GRANT MERRILL,11,2026,B,2.90 pts,5.43,,387,,Yes
20,1/28/25,3,S1,MAT701 / 13,ALGEBRA II A,JENNIFER REILLY,11,2026,A-,3.43 pts,5.86,,387,,Yes
20,1/28/25,3,S1,MAT522 / 13,GEOMETRY A,ROCHELLE AITON,9,2028,A,3.65 pts,4,,281,,Yes
20,1/28/25,3,S1,MAT522 / 13,GEOMETRY A,NINETTE LILIENTHAL,9,2028,A,3.65 pts,4,,281,,Yes
20,1/28/25,6,S1,ENG501 / 16,FR ENGLISH/A,DAVID HOLLINGSWORTH,9,2028,A,4.00 pts,5.43,,295,,Yes
20,1/28/25,3,S1,MAT522 / 13,GEOMETRY A,ROCHELLE AITON,9,2028,A-,3.50 pts,9,,306,,Yes
20,1/28/25,3,S1,MAT522 / 13,GEOMETRY A,NINETTE LILIENTHAL,9,2028,A-,3.50 pts,9,,306,,Yes
20,1/28/25,6,S1,ENG501 / 16,FR ENGLISH/A,DAVID HOLLINGSWORTH,9,2028,C+,2.60 pts,9.29,,306,,Yes
20,1/28/25,3,S1,MAT522 / 13,GEOMETRY A,ROCHELLE AITON,9,2028,A-,3.45 pts,2.86,,348,,Yes
20,1/28/25,3,S1,MAT522 / 13,GEOMETRY A,NINETTE LILIENTHAL,9,2028,A-,3.45 pts,2.86,,348,,Yes
20,1/28/25,4,S1,MAT522 / 14,GEOMETRY A,ROCHELLE AITON,9,2028,C+,2.61 pts,2.71,,450,,Yes
20,1/28/25,4,S1,MAT522 / 14,GEOMETRY A,NINETTE LILIENTHAL,9,2028,C+,2.61 pts,2.71,,450,,Yes
20,1/28/25,3,S1,MAT522 / 13,GEOMETRY A,ROCHELLE AITON,9,2028,B,3.16 pts,19.71,,302,,Yes
20,1/28/25,3,S1,MAT522 / 13,GEOMETRY A,NINETTE LILIENTHAL,9,2028,B,3.16 pts,19.71,,302,,Yes
20,1/28/25,6,S1,ENG501 / 16,FR ENGLISH/A,DAVID HOLLINGSWORTH,9,2028,C,2.30 pts,20.71,,302,,Yes
20,1/28/25,2,S1,MAT522 / 12,GEOMETRY A,ROCHELLE AITON,9,2028,A-,3.53 pts,0.43,,228,,Yes
20,1/28/25,2,S1,MAT522 / 12,GEOMETRY A,NINETTE LILIENTHAL,9,2028,A-,3.53 pts,0.43,,228,,Yes
20,1/28/25,5,S1,MAT522 / 15,GEOMETRY A,BRIAN ANDERSON,9,2028,A,3.60 pts,8.14,,369,,Yes
20,1/28/25,5,S1,MAT522 / 15,GEOMETRY A,BRIAN ANDERSON,10,2027,B,3.19 pts,8.14,,203,,Yes
20,1/28/25,5,S1,MAT522 / 15,GEOMETRY A,BRIAN ANDERSON,10,2027,A-,3.49 pts,5,,80,,Yes
20,1/28/25,5,S1,MAT522 / 15,GEOMETRY A,BRIAN ANDERSON,10,2027,C,2.49 pts,17.43,,252,,Yes
20,1/28/25,6,S1,SCI601 / 16,BIOLOGY A,GRANT MERRILL,10,2027,D+,1.89 pts,17.43,,252,,Yes
20,1/28/25,6,S1,SOC701 / 16,US HISTORY/A,SCOTT BOOTHBY,11,2026,C-,2.05 pts,32.29,,187,,Yes
20,1/28/25,6,S1,ENG501 / 16,FR ENGLISH/A,DAVID HOLLINGSWORTH,9,2028,A,3.91 pts,0,,111,,Yes
20,1/28/25,1,S1,MAT522 / 11,GEOMETRY A,ROCHELLE AITON,9,2028,A,3.68 pts,2,,219,,Yes
20,1/28/25,1,S1,MAT522 / 11,GEOMETRY A,NINETTE LILIENTHAL,9,2028,A,3.68 pts,2,,219,,Yes
20,1/28/25,6,S1,ENG501 / 16,FR ENGLISH/A,DAVID HOLLINGSWORTH,9,2028,C+,2.56 pts,7.38,,464,,Yes
20,1/28/25,6,S1,SOC701 / 16,US HISTORY/A,SCOTT BOOTHBY,11,2026,B,3.18 pts,8,,250,,Yes
20,1/28/25,6,S1,ENG501 / 16,FR ENGLISH/A,DAVID HOLLINGSWORTH,9,2028,C-,2.19 pts,32,,243,,Yes
20,1/28/25,2,S1,SCI609 / 12,CHEMISTRY/A,GRANT MERRILL,11,2026,F,1.27 pts,14.14,,368,,Yes
20,1/28/25,6,S1,SOC701 / 16,US HISTORY/A,SCOTT BOOTHBY,11,2026,C-,2.05 pts,8.86,,368,,Yes
20,1/28/25,4,S1,MAT522 / 14,GEOMETRY A,ROCHELLE AITON,10,2027,C,2.38 pts,6.57,,171,,Yes
20,1/28/25,4,S1,MAT522 / 14,GEOMETRY A,NINETTE LILIENTHAL,10,2027,C,2.38 pts,6.57,,171,,Yes
20,1/28/25,6,S1,SCI601 / 36,BIOLOGY A,WILLIAM BAUR,10,2027,D,1.72 pts,8.29,,171,,Yes
20,1/28/25,6,S1,ENG501 / 16,FR ENGLISH/A,DAVID HOLLINGSWORTH,9,2028,A,3.63 pts,7.14,,285,,Yes
20,1/28/25,3,S1,MAT522 / 13,GEOMETRY A,ROCHELLE AITON,9,2028,B,2.93 pts,5.14,,261,,Yes
20,1/28/25,3,S1,MAT522 / 13,GEOMETRY A,NINETTE LILIENTHAL,9,2028,B,2.93 pts,5.14,,261,,Yes
20,1/28/25,4,S1,MAT522 / 14,GEOMETRY A,ROCHELLE AITON,10,2027,B+,3.34 pts,0.29,,440,,Yes
20,1/28/25,4,S1,MAT522 / 14,GEOMETRY A,NINETTE LILIENTHAL,10,2027,B+,3.34 pts,0.29,,440,,Yes
20,1/28/25,2,S1,MAT522 / 12,GEOMETRY A,ROCHELLE AITON,10,2027,D,1.65 pts,14.86,,159,,Yes
20,1/28/25,2,S1,MAT522 / 12,GEOMETRY A,NINETTE LILIENTHAL,10,2027,D,1.65 pts,14.86,,159,,Yes
20,1/28/25,3,S1,SCI601 / 13,BIOLOGY A,GRANT MERRILL,10,2027,F,0.99 pts,15.14,,159,,Yes
20,1/28/25,5,S1,ENG601 / 15,SOPH ENG/A,MARCEE SALAS,10,2027,B-,2.83 pts,15,,159,,Yes
20,1/28/25,5,S1,ENG701 / 15,JUNIOR ENG/A,JOHN CARVER,11,2026,C,2.44 pts,12,,91,,Yes
20,1/28/25,2,S1,MAT701 / 12,ALGEBRA II A,JASON BLAESING,11,2026,B-,2.86 pts,7,,319,,Yes
20,1/28/25,4,S1,SCI601 / 14,BIOLOGY A,GRANT MERRILL,10,2027,B-,2.89 pts,8.43,,431,,Yes
20,1/28/25,2,S1,ENG601 / 12,SOPH ENG/A,KELLY GREGERSEN,10,2027,F,1.43 pts,20.57,,317,,Yes
20,1/28/25,3,S1,MAT522 / 13,GEOMETRY A,ROCHELLE AITON,10,2027,D+,1.93 pts,19.57,,317,,Yes
20,1/28/25,3,S1,MAT522 / 13,GEOMETRY A,NINETTE LILIENTHAL,10,2027,D+,1.93 pts,19.57,,317,,Yes
20,1/28/25,5,S1,MAT522 / 15,GEOMETRY A,BRIAN ANDERSON,10,2027,A,3.83 pts,1.86,,359,,Yes
20,1/28/25,6,S1,SOC701 / 16,US HISTORY/A,SCOTT BOOTHBY,11,2026,B-,2.82 pts,9.14,,277,,Yes
20,1/28/25,1,S1,MAT704 / 11,PRE-CALC A MAT 153,BRIAN ANDERSON,12,2025,F,1.11 pts,14,,395,,Yes
20,1/28/25,4,S1,SOC701 / 14,US HISTORY/A,DAVE HAJEK,11,2026,B+,3.38 pts,2.14,,459,,Yes
20,1/28/25,5,S1,MAT522 / 15,GEOMETRY A,BRIAN ANDERSON,10,2027,C-,2.08 pts,10.71,,190,,Yes
20,1/28/25,6,S1,SCI601 / 16,BIOLOGY A,GRANT MERRILL,10,2027,C-,2.13 pts,10.14,,190,,Yes
20,1/28/25,2,S1,MAT701 / 12,ALGEBRA II A,JASON BLAESING,11,2026,B,2.94 pts,21.29,,312,,Yes
20,1/28/25,6,S1,SOC701 / 16,US HISTORY/A,SCOTT BOOTHBY,11,2026,C,2.48 pts,19.57,,312,,Yes
20,1/28/25,1,S1,MAT522 / 11,GEOMETRY A,ROCHELLE AITON,10,2027,D,1.69 pts,19.43,,53,,Yes
20,1/28/25,1,S1,MAT522 / 11,GEOMETRY A,NINETTE LILIENTHAL,10,2027,D,1.69 pts,19.43,,53,,Yes
20,1/28/25,4,S1,SCI601 / 14,BIOLOGY A,GRANT MERRILL,10,2027,F,1.29 pts,18.71,,53,,Yes
20,1/28/25,5,S1,MAT522 / 15,GEOMETRY A,BRIAN ANDERSON,10,2027,B,3.05 pts,18.86,,334,,Yes
20,1/28/25,2,S1,BUS301 / 12,PERSONAL FINANCE A,NICOLE SIMEK,12,2025,D+,1.94 pts,9.69,,240,,Yes
20,1/28/25,6,S1,MAT701 / 16,ALGEBRA II A,JASON BLAESING,11,2026,A,3.90 pts,1,,257,,Yes
20,1/28/25,6,S1,MAT701 / 16,ALGEBRA II A,JASON BLAESING,11,2026,F,1.64 pts,12.67,,258,,Yes
20,1/28/25,2,S1,MAT701 / 12,ALGEBRA II A,JASON BLAESING,10,2027,A,3.79 pts,14.71,,66,,Yes
20,1/28/25,6,S1,MAT701 / 16,ALGEBRA II A,JASON BLAESING,11,2026,C+,2.63 pts,12,,141,,Yes
20,1/28/25,4,S1,MAT522 / 14,GEOMETRY A,ROCHELLE AITON,10,2027,F,1.60 pts,0.29,,170,,Yes
20,1/28/25,4,S1,MAT522 / 14,GEOMETRY A,NINETTE LILIENTHAL,10,2027,F,1.60 pts,0.29,,170,,Yes
20,1/28/25,6,S1,SCI601 / 36,BIOLOGY A,WILLIAM BAUR,10,2027,F,1.49 pts,0.29,,170,,Yes
20,1/28/25,6,S1,MAT701 / 16,ALGEBRA II A,JASON BLAESING,11,2026,C-,2.18 pts,1,,225,,Yes
20,1/28/25,4,S1,SCI601 / 14,BIOLOGY A,GRANT MERRILL,10,2027,B-,2.81 pts,7,,442,,Yes
20,1/28/25,6,S1,SCI601 / 16,BIOLOGY A,GRANT MERRILL,10,2027,B,3.15 pts,9.86,,287,,Yes
20,1/28/25,3,S1,SCI601 / 13,BIOLOGY A,GRANT MERRILL,10,2027,B+,3.25 pts,1.86,,137,,Yes
20,1/28/25,4,S1,MAT522 / 14,GEOMETRY A,ROCHELLE AITON,10,2027,B-,2.73 pts,1,,137,,Yes
20,1/28/25,4,S1,MAT522 / 14,GEOMETRY A,NINETTE LILIENTHAL,10,2027,B-,2.73 pts,1,,137,,Yes
20,1/28/25,3,S1,SCI601 / 13,BIOLOGY A,GRANT MERRILL,10,2027,C-,2.18 pts,8.29,,364,,Yes
20,1/28/25,1,S1,MAT522 / 11,GEOMETRY A,ROCHELLE AITON,9,2028,A,3.62 pts,5,,279,,Yes
20,1/28/25,1,S1,MAT522 / 11,GEOMETRY A,NINETTE LILIENTHAL,9,2028,A,3.62 pts,5,,279,,Yes
20,1/28/25,1,S1,MAT522 / 11,GEOMETRY A,ROCHELLE AITON,10,2027,C,2.39 pts,13.14,,193,,Yes
20,1/28/25,1,S1,MAT522 / 11,GEOMETRY A,NINETTE LILIENTHAL,10,2027,C,2.39 pts,13.14,,193,,Yes
20,1/28/25,5,S1,ENG601 / 15,SOPH ENG/A,MARCEE SALAS,10,2027,D+,1.99 pts,12.71,,193,,Yes
20,1/28/25,2,S1,SCI609 / 12,CHEMISTRY/A,GRANT MERRILL,11,2026,F,1.16 pts,17,,65,,Yes
20,1/28/25,3,S1,BUS301 / 13,PERSONAL FINANCE A,NICOLE SIMEK,11,2026,B-,2.87 pts,16,,65,,Yes
20,1/28/25,4,S1,SOC701 / 14,US HISTORY/A,DAVE HAJEK,11,2026,C,2.35 pts,17,,65,,Yes
20,1/28/25,3,S1,BUS301 / 13,PERSONAL FINANCE A,NICOLE SIMEK,12,2025,A,4.00 pts,1.29,,283,,Yes
20,1/28/25,3,S1,MAT522 / 13,GEOMETRY A,ROCHELLE AITON,9,2028,A,3.60 pts,1.43,,284,,Yes
20,1/28/25,3,S1,MAT522 / 13,GEOMETRY A,NINETTE LILIENTHAL,9,2028,A,3.60 pts,1.43,,284,,Yes
20,1/28/25,3,S1,MAT522 / 13,GEOMETRY A,ROCHELLE AITON,10,2027,B,3.00 pts,8,,269,,Yes
20,1/28/25,3,S1,MAT522 / 13,GEOMETRY A,NINETTE LILIENTHAL,10,2027,B,3.00 pts,8,,269,,Yes
20,1/28/25,2,S1,ENG601 / 12,SOPH ENG/A,KELLY GREGERSEN,10,2027,B+,3.39 pts,7,,290,,Yes
20,1/28/25,2,S1,MAT701 / 12,ALGEBRA II A,JASON BLAESING,11,2026,A-,3.43 pts,8.29,,370,,Yes
20,1/28/25,6,S1,ENG501 / 16,FR ENGLISH/A,DAVID HOLLINGSWORTH,9,2028,A-,3.41 pts,20,,98,,Yes
20,1/28/25,2,S1,MAT522 / 12,GEOMETRY A,ROCHELLE AITON,9,2028,B+,3.28 pts,1.71,,311,,Yes
20,1/28/25,2,S1,MAT522 / 12,GEOMETRY A,NINETTE LILIENTHAL,9,2028,B+,3.28 pts,1.71,,311,,Yes
20,1/28/25,6,S1,MAT701 / 16,ALGEBRA II A,JASON BLAESING,11,2026,B+,3.32 pts,15,,127,,Yes
20,1/28/25,1,S1,MAT704 / 11,PRE-CALC A MAT 153,BRIAN ANDERSON,12,2025,C-,2.06 pts,6,,352,,Yes
20,1/28/25,3,S1,MAT701 / 13,ALGEBRA II A,JENNIFER REILLY,10,2027,A,3.97 pts,8.71,,186,,Yes
20,1/28/25,6,S1,SCI601 / 36,BIOLOGY A,WILLIAM BAUR,10,2027,A-,3.42 pts,8.29,,186,,Yes
20,1/28/25,4,S1,MAT522 / 14,GEOMETRY A,ROCHELLE AITON,10,2027,D,1.73 pts,13.43,,437,,Yes
20,1/28/25,4,S1,MAT522 / 14,GEOMETRY A,NINETTE LILIENTHAL,10,2027,D,1.73 pts,13.43,,437,,Yes
20,1/28/25,6,S1,SCI601 / 36,BIOLOGY A,WILLIAM BAUR,12,2025,B+,3.25 pts,22.67,,178,,Yes
20,1/28/25,2,S1,BUS301 / 12,PERSONAL FINANCE A,NICOLE SIMEK,12,2025,B,3.04 pts,18,,135,,Yes
20,1/28/25,1,S1,MAT522 / 11,GEOMETRY A,ROCHELLE AITON,10,2027,D+,1.88 pts,11.29,,246,,Yes
20,1/28/25,1,S1,MAT522 / 11,GEOMETRY A,NINETTE LILIENTHAL,10,2027,D+,1.88 pts,11.29,,246,,Yes
20,1/28/25,2,S1,MAT701 / 12,ALGEBRA II A,JASON BLAESING,11,2026,B,2.91 pts,5.14,,241,,Yes
20,1/28/25,2,S1,BUS301 / 12,PERSONAL FINANCE A,NICOLE SIMEK,12,2025,B,3.13 pts,16.57,,97,,Yes
20,1/28/25,2,S1,BUS301 / 12,PERSONAL FINANCE A,NICOLE SIMEK,12,2025,C+,2.54 pts,16.43,,96,,Yes
20,1/28/25,3,S1,SCI601 / 13,BIOLOGY A,GRANT MERRILL,10,2027,D+,1.97 pts,3.29,,136,,Yes
20,1/28/25,4,S1,MAT522 / 14,GEOMETRY A,ROCHELLE AITON,10,2027,F,0.00 pts,38.43,,447,,Yes
20,1/28/25,4,S1,MAT522 / 14,GEOMETRY A,NINETTE LILIENTHAL,10,2027,F,0.00 pts,38.43,,447,,Yes
20,1/28/25,1,S1,MAT522 / 11,GEOMETRY A,ROCHELLE AITON,10,2027,F,1.64 pts,2.14,,411,,Yes
20,1/28/25,1,S1,MAT522 / 11,GEOMETRY A,NINETTE LILIENTHAL,10,2027,F,1.64 pts,2.14,,411,,Yes
20,1/28/25,3,S1,MAT701 / 13,ALGEBRA II A,JENNIFER REILLY,10,2027,A,3.65 pts,5.86,,153,,Yes
20,1/28/25,2,S1,MAT701 / 12,ALGEBRA II A,JASON BLAESING,11,2026,D+,1.91 pts,35.29,,274,,Yes
20,1/28/25,1,S1,MAT522 / 11,GEOMETRY A,ROCHELLE AITON,10,2027,B+,3.21 pts,0,,184,,Yes
20,1/28/25,1,S1,MAT522 / 11,GEOMETRY A,NINETTE LILIENTHAL,10,2027,B+,3.21 pts,0,,184,,Yes
20,1/28/25,4,S1,SCI601 / 14,BIOLOGY A,GRANT MERRILL,10,2027,B,3.14 pts,0.14,,184,,Yes
20,1/28/25,6,S1,ENG501 / 16,FR ENGLISH/A,DAVID HOLLINGSWORTH,9,2028,D,1.71 pts,2,,308,,Yes
20,1/28/25,2,S1,MAT522 / 12,GEOMETRY A,ROCHELLE AITON,9,2028,B+,3.20 pts,1.71,,166,,Yes
20,1/28/25,2,S1,MAT522 / 12,GEOMETRY A,NINETTE LILIENTHAL,9,2028,B+,3.20 pts,1.71,,166,,Yes
20,1/28/25,6,S1,ENG501 / 16,FR ENGLISH/A,DAVID HOLLINGSWORTH,9,2028,B,3.01 pts,1.71,,166,,Yes
20,1/28/25,6,S1,ENG501 / 16,FR ENGLISH/A,DAVID HOLLINGSWORTH,9,2028,B+,3.35 pts,6.14,,268,,Yes
20,1/28/25,5,S1,MAT522 / 15,GEOMETRY A,BRIAN ANDERSON,9,2028,B-,2.83 pts,2.86,,351,,Yes
20,1/28/25,2,S1,MAT701 / 12,ALGEBRA II A,JASON BLAESING,11,2026,,2.94 pts,1,,468,,Yes
20,1/28/25,2,S1,ENG601 / 12,SOPH ENG/A,KELLY GREGERSEN,10,2027,B,3.12 pts,6.57,,143,,Yes
20,1/28/25,4,S1,MAT522 / 14,GEOMETRY A,ROCHELLE AITON,10,2027,D,1.73 pts,8.14,,143,,Yes
20,1/28/25,4,S1,MAT522 / 14,GEOMETRY A,NINETTE LILIENTHAL,10,2027,D,1.73 pts,8.14,,143,,Yes
20,1/28/25,2,S1,BUS301 / 12,PERSONAL FINANCE A,NICOLE SIMEK,12,2025,F,0.39 pts,16.29,,377,,Yes
20,1/28/25,4,S1,MAT522 / 14,GEOMETRY A,ROCHELLE AITON,10,2027,F,0.50 pts,3.57,,110,,Yes
20,1/28/25,4,S1,MAT522 / 14,GEOMETRY A,NINETTE LILIENTHAL,10,2027,F,0.50 pts,3.57,,110,,Yes
20,1/28/25,5,S1,ENG601 / 15,SOPH ENG/A,MARCEE SALAS,10,2027,F,0.82 pts,3.86,,110,,Yes
20,1/28/25,6,S1,SCI601 / 16,BIOLOGY A,GRANT MERRILL,10,2027,F,0.14 pts,5.86,,110,,Yes
20,1/28/25,6,S1,ENG501 / 16,FR ENGLISH/A,DAVID HOLLINGSWORTH,9,2028,D,1.73 pts,3.43,,196,,Yes
20,1/28/25,4,S1,MAT522 / 14,GEOMETRY A,ROCHELLE AITON,9,2028,B,3.00 pts,3.43,,434,,Yes
20,1/28/25,4,S1,MAT522 / 14,GEOMETRY A,NINETTE LILIENTHAL,9,2028,B,3.00 pts,3.43,,434,,Yes
20,1/28/25,1,S1,MAT522 / 11,GEOMETRY A,ROCHELLE AITON,10,2027,B-,2.83 pts,22.14,,383,,Yes
20,1/28/25,1,S1,MAT522 / 11,GEOMETRY A,NINETTE LILIENTHAL,10,2027,B-,2.83 pts,22.14,,383,,Yes
20,1/28/25,3,S1,SCI601 / 13,BIOLOGY A,GRANT MERRILL,10,2027,B-,2.84 pts,23.29,,383,,Yes
20,1/28/25,5,S1,ENG601 / 15,SOPH ENG/A,MARCEE SALAS,10,2027,C,2.35 pts,24.43,,383,,Yes
20,1/28/25,2,S1,BUS301 / 12,PERSONAL FINANCE A,NICOLE SIMEK,12,2025,B,2.98 pts,14.29,,104,,Yes
20,1/28/25,4,S1,SCI601 / 14,BIOLOGY A,GRANT MERRILL,10,2027,D,1.76 pts,5.14,,374,,Yes
20,1/28/25,5,S1,ENG601 / 15,SOPH ENG/A,MARCEE SALAS,10,2027,C-,2.02 pts,5,,374,,Yes
20,1/28/25,6,S1,MAT701 / 16,ALGEBRA II A,JASON BLAESING,11,2026,B+,3.33 pts,3,,119,,Yes
20,1/28/25,3,S1,BUS301 / 13,PERSONAL FINANCE A,NICOLE SIMEK,11,2026,F,0.54 pts,9.29,,435,,Yes
20,1/28/25,3,S1,BUS301 / 13,PERSONAL FINANCE A,NICOLE SIMEK,12,2025,B,2.92 pts,2,,345,,Yes
20,1/28/25,6,S1,MAT701 / 16,ALGEBRA II A,JASON BLAESING,11,2026,B+,3.38 pts,9.71,,316,,Yes
20,1/28/25,6,S1,MAT701 / 16,ALGEBRA II A,JASON BLAESING,11,2026,A-,3.52 pts,10.5,,313,,Yes
20,1/28/25,6,S1,MAT701 / 16,ALGEBRA II A,JASON BLAESING,11,2026,A,3.62 pts,7.29,,307,,Yes
20,1/28/25,4,S1,SOC701 / 14,US HISTORY/A,DAVE HAJEK,11,2026,A,3.83 pts,1,,223,,Yes
20,1/28/25,5,S1,ENG701 / 15,JUNIOR ENG/A,JOHN CARVER,11,2026,A,3.81 pts,1,,223,,Yes
20,1/28/25,3,S1,BUS301 / 13,PERSONAL FINANCE A,NICOLE SIMEK,12,2025,D+,1.99 pts,5.43,,365,,Yes
20,1/28/25,1,S1,MAT522 / 11,GEOMETRY A,ROCHELLE AITON,9,2028,C,2.26 pts,14.57,,79,,Yes
20,1/28/25,1,S1,MAT522 / 11,GEOMETRY A,NINETTE LILIENTHAL,9,2028,C,2.26 pts,14.57,,79,,Yes
20,1/28/25,2,S1,ENG601 / 12,SOPH ENG/A,KELLY GREGERSEN,10,2027,C+,2.55 pts,15.29,,52,,Yes
20,1/28/25,4,S1,MAT522 / 14,GEOMETRY A,ROCHELLE AITON,10,2027,D,1.74 pts,13.57,,52,,Yes
20,1/28/25,4,S1,MAT522 / 14,GEOMETRY A,NINETTE LILIENTHAL,10,2027,D,1.74 pts,13.57,,52,,Yes
20,1/28/25,3,S1,MAT701 / 13,ALGEBRA II A,JENNIFER REILLY,11,2026,F,1.34 pts,54.29,,164,,Yes
20,1/28/25,2,S1,MAT701 / 12,ALGEBRA II A,JASON BLAESING,11,2026,F,1.41 pts,39.43,,121,,Yes
20,1/28/25,3,S1,MAT701 / 13,ALGEBRA II A,JENNIFER REILLY,11,2026,A-,3.41 pts,4,,288,,Yes
20,1/28/25,6,S1,SOC701 / 16,US HISTORY/A,SCOTT BOOTHBY,11,2026,A-,3.54 pts,4,,288,,Yes
20,1/28/25,6,S1,ENG501 / 16,FR ENGLISH/A,DAVID HOLLINGSWORTH,9,2028,D+,1.93 pts,16,,212,,Yes
20,1/28/25,2,S1,BUS301 / 12,PERSONAL FINANCE A,NICOLE SIMEK,12,2025,C-,2.00 pts,5.86,,156,,Yes
20,1/28/25,4,S1,SCI601 / 14,BIOLOGY A,GRANT MERRILL,10,2027,F,1.37 pts,26.1,,120,,Yes
20,1/28/25,5,S1,ENG601 / 15,SOPH ENG/A,MARCEE SALAS,10,2027,F,1.30 pts,21.93,,120,,Yes
20,1/28/25,1,S1,MAT704 / 11,PRE-CALC A MAT 153,BRIAN ANDERSON,12,2025,A-,3.58 pts,5,,265,,Yes
20,1/28/25,6,S1,MAT701 / 16,ALGEBRA II A,JASON BLAESING,11,2026,C,2.35 pts,10,,361,,Yes
20,1/28/25,3,S1,MAT522 / 13,GEOMETRY A,ROCHELLE AITON,10,2027,F,0.00 pts,45.43,,160,,Yes
20,1/28/25,3,S1,MAT522 / 13,GEOMETRY A,NINETTE LILIENTHAL,10,2027,F,0.00 pts,45.43,,160,,Yes
20,1/28/25,1,S1,MAT522 / 11,GEOMETRY A,ROCHELLE AITON,10,2027,B,2.92 pts,13.14,,386,,Yes
20,1/28/25,1,S1,MAT522 / 11,GEOMETRY A,NINETTE LILIENTHAL,10,2027,B,2.92 pts,13.14,,386,,Yes
20,1/28/25,3,S1,SCI601 / 13,BIOLOGY A,GRANT MERRILL,10,2027,C,2.43 pts,10.14,,386,,Yes
20,1/28/25,3,S1,MAT522 / 13,GEOMETRY A,ROCHELLE AITON,10,2027,D+,1.99 pts,22.71,,67,,Yes
20,1/28/25,3,S1,MAT522 / 13,GEOMETRY A,NINETTE LILIENTHAL,10,2027,D+,1.99 pts,22.71,,67,,Yes
20,1/28/25,4,S1,SCI601 / 14,BIOLOGY A,GRANT MERRILL,10,2027,F,0.78 pts,23.57,,67,,Yes
20,1/28/25,4,S1,SOC701 / 14,US HISTORY/A,DAVE HAJEK,11,2026,F,0.75 pts,19.86,,451,,Yes
20,1/28/25,2,S1,SCI609 / 12,CHEMISTRY/A,GRANT MERRILL,11,2026,C+,2.63 pts,6,,297,,Yes
20,1/28/25,2,S1,BUS301 / 12,PERSONAL FINANCE A,NICOLE SIMEK,12,2025,D+,1.85 pts,27.71,,322,,Yes
20,1/28/25,2,S1,BUS301 / 12,PERSONAL FINANCE A,NICOLE SIMEK,12,2025,F,0.20 pts,38.71,,321,,Yes
20,1/28/25,2,S1,MAT522 / 12,GEOMETRY A,ROCHELLE AITON,10,2027,F,0.00 pts,26.43,,463,,Yes
20,1/28/25,2,S1,MAT522 / 12,GEOMETRY A,NINETTE LILIENTHAL,10,2027,F,0.00 pts,26.43,,463,,Yes
20,1/28/25,3,S1,BUS301 / 13,PERSONAL FINANCE A,NICOLE SIMEK,11,2026,F,0.44 pts,25.43,,276,,Yes
20,1/28/25,5,S1,ENG701 / 15,JUNIOR ENG/A,JOHN CARVER,11,2026,C-,2.13 pts,21.86,,276,,Yes
20,1/28/25,1,S1,MAT704 / 11,PRE-CALC A MAT 153,BRIAN ANDERSON,12,2025,F,1.38 pts,2,,51,,Yes
20,1/28/25,6,S1,ENG501 / 16,FR ENGLISH/A,DAVID HOLLINGSWORTH,9,2028,A,3.92 pts,2.14,,217,,Yes
20,1/28/25,3,S1,MAT701 / 13,ALGEBRA II A,JENNIFER REILLY,10,2027,B-,2.83 pts,13.71,,353,,Yes
20,1/28/25,5,S1,ENG601 / 15,SOPH ENG/A,MARCEE SALAS,10,2027,C+,2.67 pts,12.71,,353,,Yes
20,1/28/25,6,S1,SCI601 / 36,BIOLOGY A,WILLIAM BAUR,10,2027,B+,3.34 pts,13,,353,,Yes
20,1/28/25,6,S1,SCI601 / 16,BIOLOGY A,GRANT MERRILL,10,2027,C,2.43 pts,0.14,,125,,Yes
20,1/28/25,3,S1,MAT701 / 13,ALGEBRA II A,JENNIFER REILLY,10,2027,A,3.62 pts,3.14,,247,,Yes
20,1/28/25,6,S1,SOC701 / 16,US HISTORY/A,SCOTT BOOTHBY,11,2026,W,1.30 pts,37,,74,,Yes
20,1/28/25,6,S1,MAT701 / 16,ALGEBRA II A,JASON BLAESING,10,2027,A,3.69 pts,3,,384,,Yes
20,1/28/25,6,S1,ENG501 / 16,FR ENGLISH/A,DAVID HOLLINGSWORTH,9,2028,F,1.41 pts,4.43,,346,,Yes
20,1/28/25,1,S1,MAT522 / 11,GEOMETRY A,ROCHELLE AITON,10,2027,F,1.22 pts,35.57,,407,,Yes
20,1/28/25,1,S1,MAT522 / 11,GEOMETRY A,NINETTE LILIENTHAL,10,2027,F,1.22 pts,35.57,,407,,Yes
20,1/28/25,2,S1,ENG601 / 12,SOPH ENG/A,KELLY GREGERSEN,10,2027,F,0.47 pts,35.57,,407,,Yes
20,1/28/25,4,S1,SCI601 / 14,BIOLOGY A,GRANT MERRILL,10,2027,F,0.54 pts,38.57,,407,,Yes
20,1/28/25,5,S1,ENG601 / 15,SOPH ENG/A,MARCEE SALAS,10,2027,C,2.22 pts,5.29,,108,,Yes
20,1/28/25,2,S1,MAT522 / 12,GEOMETRY A,ROCHELLE AITON,10,2027,D,1.76 pts,29,,272,,Yes
20,1/28/25,2,S1,MAT522 / 12,GEOMETRY A,NINETTE LILIENTHAL,10,2027,D,1.76 pts,29,,272,,Yes
20,1/28/25,4,S1,SOC701 / 14,US HISTORY/A,DAVE HAJEK,11,2026,F,1.43 pts,8.33,,449,,Yes
20,1/28/25,5,S1,ENG601 / 15,SOPH ENG/A,MARCEE SALAS,10,2027,C,2.32 pts,0.29,,330,,Yes
20,1/28/25,6,S1,SCI601 / 36,BIOLOGY A,WILLIAM BAUR,10,2027,C+,2.55 pts,0,,330,,Yes
20,1/28/25,1,S1,MAT522 / 11,GEOMETRY A,ROCHELLE AITON,10,2027,C+,2.62 pts,0.29,,162,,Yes
20,1/28/25,1,S1,MAT522 / 11,GEOMETRY A,NINETTE LILIENTHAL,10,2027,C+,2.62 pts,0.29,,162,,Yes
20,1/28/25,2,S1,ENG601 / 12,SOPH ENG/A,KELLY GREGERSEN,10,2027,B,3.00 pts,0.29,,162,,Yes
20,1/28/25,6,S1,SCI601 / 36,BIOLOGY A,WILLIAM BAUR,10,2027,B+,3.33 pts,0.71,,162,,Yes
20,1/28/25,5,S1,ENG601 / 15,SOPH ENG/A,MARCEE SALAS,10,2027,C,2.44 pts,8.57,,371,,Yes
20,1/28/25,2,S1,BUS301 / 12,PERSONAL FINANCE A,NICOLE SIMEK,12,2025,C-,2.08 pts,11,,195,,Yes
20,1/28/25,2,S1,ENG601 / 12,SOPH ENG/A,KELLY GREGERSEN,10,2027,C,2.34 pts,4.86,,347,,Yes
20,1/28/25,4,S1,SCI601 / 14,BIOLOGY A,GRANT MERRILL,10,2027,B-,2.86 pts,4.71,,347,,Yes
20,1/28/25,3,S1,MAT522 / 13,GEOMETRY A,ROCHELLE AITON,9,2028,D+,1.98 pts,4.71,,211,,Yes
20,1/28/25,3,S1,MAT522 / 13,GEOMETRY A,NINETTE LILIENTHAL,9,2028,D+,1.98 pts,4.71,,211,,Yes
20,1/28/25,2,S1,MAT522 / 12,GEOMETRY A,ROCHELLE AITON,11,2026,F,0.80 pts,29,,343,,Yes
20,1/28/25,2,S1,MAT522 / 12,GEOMETRY A,NINETTE LILIENTHAL,11,2026,F,0.80 pts,29,,343,,Yes
20,1/28/25,4,S1,SOC701 / 14,US HISTORY/A,DAVE HAJEK,11,2026,F,0.95 pts,20.29,,343,,Yes
20,1/28/25,5,S1,MAT522 / 15,GEOMETRY A,BRIAN ANDERSON,10,2027,C,2.47 pts,3.86,,165,,Yes
20,1/28/25,6,S1,SCI601 / 36,BIOLOGY A,WILLIAM BAUR,10,2027,B,3.02 pts,4,,165,,Yes
20,1/28/25,6,S1,SCI601 / 36,BIOLOGY A,WILLIAM BAUR,10,2027,D+,1.89 pts,10.29,,462,,Yes
20,1/28/25,2,S1,BUS301 / 12,PERSONAL FINANCE A,NICOLE SIMEK,12,2025,B-,2.87 pts,13.86,,415,,Yes
20,1/28/25,4,S1,SCI601 / 14,BIOLOGY A,GRANT MERRILL,10,2027,A,3.63 pts,6.86,,432,,Yes
20,1/28/25,3,S1,MAT522 / 13,GEOMETRY A,ROCHELLE AITON,10,2027,A-,3.57 pts,1,,204,,Yes
20,1/28/25,3,S1,MAT522 / 13,GEOMETRY A,NINETTE LILIENTHAL,10,2027,A-,3.57 pts,1,,204,,Yes
20,1/28/25,5,S1,ENG601 / 15,SOPH ENG/A,MARCEE SALAS,10,2027,C+,2.52 pts,1,,204,,Yes
20,1/28/25,6,S1,SCI601 / 16,BIOLOGY A,GRANT MERRILL,10,2027,B-,2.78 pts,1,,204,,Yes
20,1/28/25,6,S1,ENG501 / 16,FR ENGLISH/A,DAVID HOLLINGSWORTH,9,2028,A,4.00 pts,0.71,,62,,Yes
20,1/28/25,5,S1,MAT522 / 15,GEOMETRY A,BRIAN ANDERSON,9,2028,C+,2.69 pts,1,,154,,Yes
20,1/28/25,3,S1,SCI601 / 13,BIOLOGY A,GRANT MERRILL,10,2027,B,3.03 pts,1.43,,155,,Yes
20,1/28/25,4,S1,MAT522 / 14,GEOMETRY A,ROCHELLE AITON,10,2027,B,3.18 pts,0.86,,155,,Yes
20,1/28/25,4,S1,MAT522 / 14,GEOMETRY A,NINETTE LILIENTHAL,10,2027,B,3.18 pts,0.86,,155,,Yes
20,1/28/25,6,S1,MAT701 / 16,ALGEBRA II A,JASON BLAESING,11,2026,A,3.61 pts,4.5,,278,,Yes
20,1/28/25,2,S1,MAT522 / 12,GEOMETRY A,ROCHELLE AITON,10,2027,B-,2.70 pts,8.43,,215,,Yes
20,1/28/25,2,S1,MAT522 / 12,GEOMETRY A,NINETTE LILIENTHAL,10,2027,B-,2.70 pts,8.43,,215,,Yes
20,1/28/25,6,S1,SCI601 / 16,BIOLOGY A,GRANT MERRILL,10,2027,C+,2.54 pts,10.43,,215,,Yes
20,1/28/25,6,S1,SCI601 / 36,BIOLOGY A,WILLIAM BAUR,10,2027,A-,3.55 pts,4.57,,337,,Yes
20,1/28/25,4,S1,SOC701 / 14,US HISTORY/A,DAVE HAJEK,11,2026,A,3.64 pts,2.33,,336,,Yes
20,1/28/25,5,S1,ENG701 / 15,JUNIOR ENG/A,JOHN CARVER,11,2026,A,3.79 pts,2.67,,336,,Yes
20,1/28/25,6,S1,MAT701 / 16,ALGEBRA II A,JASON BLAESING,11,2026,A-,3.52 pts,2.67,,336,,Yes
20,1/28/25,6,S1,SOC701 / 16,US HISTORY/A,SCOTT BOOTHBY,11,2026,A,3.64 pts,9.71,,210,,Yes
20,1/28/25,4,S1,MAT522 / 14,GEOMETRY A,ROCHELLE AITON,10,2027,A-,3.44 pts,3.43,,444,,Yes
20,1/28/25,4,S1,MAT522 / 14,GEOMETRY A,NINETTE LILIENTHAL,10,2027,A-,3.44 pts,3.43,,444,,Yes
20,1/28/25,4,S1,SCI601 / 14,BIOLOGY A,GRANT MERRILL,10,2027,D,1.70 pts,10.43,,448,,Yes
20,1/28/25,5,S1,MAT522 / 15,GEOMETRY A,BRIAN ANDERSON,10,2027,F,0.87 pts,6.71,,194,,Yes
20,1/28/25,4,S1,SOC701 / 14,US HISTORY/A,DAVE HAJEK,11,2026,B,2.98 pts,3,,298,,Yes
20,1/28/25,5,S1,ENG701 / 15,JUNIOR ENG/A,JOHN CARVER,11,2026,A,3.71 pts,3.14,,298,,Yes
20,1/28/25,6,S1,ENG501 / 16,FR ENGLISH/A,DAVID HOLLINGSWORTH,9,2028,A,3.88 pts,1.43,,181,,Yes
20,1/28/25,2,S1,MAT522 / 12,GEOMETRY A,ROCHELLE AITON,10,2027,B+,3.39 pts,0.86,,206,,Yes
20,1/28/25,2,S1,MAT522 / 12,GEOMETRY A,NINETTE LILIENTHAL,10,2027,B+,3.39 pts,0.86,,206,,Yes
20,1/28/25,6,S1,SCI601 / 36,BIOLOGY A,WILLIAM BAUR,10,2027,B-,2.74 pts,1.14,,206,,Yes
20,1/28/25,2,S1,ENG601 / 12,SOPH ENG/A,KELLY GREGERSEN,10,2027,B+,3.23 pts,14.14,,418,,Yes
20,1/28/25,6,S1,SCI601 / 16,BIOLOGY A,GRANT MERRILL,10,2027,C+,2.52 pts,13.43,,418,,Yes
20,1/28/25,1,S1,MAT522 / 11,GEOMETRY A,ROCHELLE AITON,10,2027,F,1.19 pts,14.86,,116,,Yes
20,1/28/25,1,S1,MAT522 / 11,GEOMETRY A,NINETTE LILIENTHAL,10,2027,F,1.19 pts,14.86,,116,,Yes
20,1/28/25,2,S1,ENG601 / 12,SOPH ENG/A,KELLY GREGERSEN,10,2027,C-,2.02 pts,15.43,,116,,Yes
20,1/28/25,3,S1,BUS301 / 13,PERSONAL FINANCE A,NICOLE SIMEK,11,2026,F,1.01 pts,5.14,,209,,Yes
20,1/28/25,2,S1,MAT701 / 12,ALGEBRA II A,JASON BLAESING,11,2026,B+,3.29 pts,5.71,,222,,Yes
20,1/28/25,5,S1,ENG701 / 15,JUNIOR ENG/A,JOHN CARVER,11,2026,A-,3.57 pts,6.29,,222,,Yes
20,1/28/25,3,S1,SCI601 / 13,BIOLOGY A,GRANT MERRILL,10,2027,F,1.19 pts,16.43,,391,,Yes
20,1/28/25,3,S1,MAT522 / 13,GEOMETRY A,ROCHELLE AITON,10,2027,A,3.74 pts,4.29,,264,,Yes
20,1/28/25,3,S1,MAT522 / 13,GEOMETRY A,NINETTE LILIENTHAL,10,2027,A,3.74 pts,4.29,,264,,Yes
20,1/28/25,3,S1,MAT701 / 13,ALGEBRA II A,JENNIFER REILLY,11,2026,F,1.40 pts,29.29,,177,,Yes
20,1/28/25,5,S1,ENG701 / 15,JUNIOR ENG/A,JOHN CARVER,11,2026,D,1.69 pts,28.57,,177,,Yes
20,1/28/25,6,S1,SOC701 / 16,US HISTORY/A,SCOTT BOOTHBY,11,2026,F,1.27 pts,30,,177,,Yes
20,1/28/25,3,S1,BUS301 / 13,PERSONAL FINANCE A,NICOLE SIMEK,11,2026,F,0.30 pts,47.71,,300,,Yes
20,1/28/25,5,S1,ENG701 / 15,JUNIOR ENG/A,JOHN CARVER,11,2026,F,0.90 pts,36.57,,300,,Yes
20,1/28/25,2,S1,MAT701 / 12,ALGEBRA II A,JASON BLAESING,11,2026,B+,3.31 pts,0.29,,56,,Yes
20,1/28/25,5,S1,ENG701 / 15,JUNIOR ENG/A,JOHN CARVER,11,2026,C,2.37 pts,0.71,,56,,Yes
20,1/28/25,4,S1,SCI601 / 14,BIOLOGY A,GRANT MERRILL,10,2027,C,2.43 pts,4.57,,198,,Yes
20,1/28/25,5,S1,MAT522 / 15,GEOMETRY A,BRIAN ANDERSON,10,2027,C,2.40 pts,4.29,,198,,Yes
20,1/28/25,2,S1,SCI609 / 12,CHEMISTRY/A,GRANT MERRILL,11,2026,D,1.76 pts,3.86,,150,,Yes
20,1/28/25,1,S1,MAT522 / 11,GEOMETRY A,ROCHELLE AITON,10,2027,F,1.54 pts,1.71,,94,,Yes
20,1/28/25,1,S1,MAT522 / 11,GEOMETRY A,NINETTE LILIENTHAL,10,2027,F,1.54 pts,1.71,,94,,Yes
20,1/28/25,2,S1,ENG601 / 12,SOPH ENG/A,KELLY GREGERSEN,10,2027,F,1.24 pts,1.71,,94,,Yes
20,1/28/25,6,S1,SCI601 / 36,BIOLOGY A,WILLIAM BAUR,10,2027,A-,3.58 pts,0.14,,133,,Yes
20,1/28/25,3,S1,MAT522 / 13,GEOMETRY A,ROCHELLE AITON,9,2028,B,3.03 pts,7.57,,76,,Yes
20,1/28/25,3,S1,MAT522 / 13,GEOMETRY A,NINETTE LILIENTHAL,9,2028,B,3.03 pts,7.57,,76,,Yes
20,1/28/25,3,S1,MAT701 / 13,ALGEBRA II A,JENNIFER REILLY,12,2025,A,3.71 pts,0,,149,,Yes
20,1/28/25,4,S1,SCI601 / 14,BIOLOGY A,GRANT MERRILL,12,2025,C+,2.67 pts,19,,426,,Yes
20,1/28/25,5,S1,ENG601 / 15,SOPH ENG/A,MARCEE SALAS,10,2027,B-,2.80 pts,6,,403,,Yes
20,1/28/25,2,S1,MAT701 / 12,ALGEBRA II A,JASON BLAESING,11,2026,C,2.38 pts,11.86,,78,,Yes
20,1/28/25,1,S1,MAT522 / 11,GEOMETRY A,ROCHELLE AITON,10,2027,F,1.45 pts,5.57,,122,,Yes
20,1/28/25,1,S1,MAT522 / 11,GEOMETRY A,NINETTE LILIENTHAL,10,2027,F,1.45 pts,5.57,,122,,Yes
20,1/28/25,2,S1,ENG601 / 12,SOPH ENG/A,KELLY GREGERSEN,10,2027,F,1.45 pts,5,,122,,Yes
20,1/28/25,2,S1,MAT701 / 12,ALGEBRA II A,JASON BLAESING,11,2026,A,3.71 pts,10.5,,124,,Yes
20,1/28/25,2,S1,SCI609 / 12,CHEMISTRY/A,GRANT MERRILL,11,2026,A-,3.46 pts,5.29,,315,,Yes
20,1/28/25,6,S1,MAT701 / 16,ALGEBRA II A,JASON BLAESING,11,2026,B+,3.38 pts,3.71,,314,,Yes
20,1/28/25,2,S1,BUS301 / 12,PERSONAL FINANCE A,NICOLE SIMEK,11,2026,B+,3.34 pts,0,,327,,Yes
20,1/28/25,5,S1,ENG701 / 15,JUNIOR ENG/A,JOHN CARVER,11,2026,A-,3.56 pts,0,,327,,Yes
20,1/28/25,6,S1,SOC701 / 16,US HISTORY/A,SCOTT BOOTHBY,11,2026,A,3.62 pts,0.14,,327,,Yes
20,1/28/25,2,S1,BUS301 / 12,PERSONAL FINANCE A,NICOLE SIMEK,12,2025,D+,1.94 pts,16.29,,385,,Yes
20,1/28/25,5,S1,ENG701 / 15,JUNIOR ENG/A,JOHN CARVER,12,2025,C+,2.69 pts,14.71,,385,,Yes
20,1/28/25,1,S1,MAT522 / 11,GEOMETRY A,ROCHELLE AITON,9,2028,B,3.11 pts,9,,69,,Yes
20,1/28/25,1,S1,MAT522 / 11,GEOMETRY A,NINETTE LILIENTHAL,9,2028,B,3.11 pts,9,,69,,Yes
20,1/28/25,4,S1,SOC701 / 14,US HISTORY/A,DAVE HAJEK,11,2026,B-,2.80 pts,9.71,,439,,Yes
20,1/28/25,6,S1,ENG501 / 16,FR ENGLISH/A,DAVID HOLLINGSWORTH,9,2028,F,0.98 pts,33.29,,410,,Yes
20,1/28/25,2,S1,MAT522 / 12,GEOMETRY A,ROCHELLE AITON,10,2027,C+,2.57 pts,6.71,,146,,Yes
20,1/28/25,2,S1,MAT522 / 12,GEOMETRY A,NINETTE LILIENTHAL,10,2027,C+,2.57 pts,6.71,,146,,Yes
20,1/28/25,6,S1,SCI601 / 16,BIOLOGY A,GRANT MERRILL,10,2027,B,3.05 pts,8.14,,146,,Yes
20,1/28/25,2,S1,MAT522 / 12,GEOMETRY A,ROCHELLE AITON,9,2028,A,3.78 pts,1,,231,,Yes
20,1/28/25,2,S1,MAT522 / 12,GEOMETRY A,NINETTE LILIENTHAL,9,2028,A,3.78 pts,1,,231,,Yes
20,1/28/25,2,S1,MAT701 / 12,ALGEBRA II A,JASON BLAESING,11,2026,D+,1.91 pts,2.71,,152,,Yes
20,1/28/25,4,S1,MAT522 / 14,GEOMETRY A,ROCHELLE AITON,10,2027,C+,2.60 pts,0,,202,,Yes
20,1/28/25,4,S1,MAT522 / 14,GEOMETRY A,NINETTE LILIENTHAL,10,2027,C+,2.60 pts,0,,202,,Yes
20,1/28/25,6,S1,SCI601 / 16,BIOLOGY A,GRANT MERRILL,10,2027,D+,1.96 pts,0,,202,,Yes
20,1/28/25,6,S1,MAT701 / 16,ALGEBRA II A,JASON BLAESING,11,2026,C-,2.01 pts,5,,379,,Yes
20,1/28/25,1,S1,MAT522 / 11,GEOMETRY A,ROCHELLE AITON,10,2027,C,2.36 pts,3.57,,335,,Yes
20,1/28/25,1,S1,MAT522 / 11,GEOMETRY A,NINETTE LILIENTHAL,10,2027,C,2.36 pts,3.57,,335,,Yes
20,1/28/25,6,S1,SCI601 / 16,BIOLOGY A,GRANT MERRILL,10,2027,C-,2.07 pts,2,,375,,Yes
20,1/28/25,1,S1,ENG701 / 11,JUNIOR ENG/A,JOHN CARVER,11,2026,F,1.35 pts,34.93,,1,,#N/A
20,1/28/25,2,S1,PED500 / 12,WEIGHT TRAINING,SCOTT BOOTHBY,11,2026,D+,1.89 pts,30.36,,1,,#N/A
20,1/28/25,3,S1,MAT701 / 13,ALGEBRA II A,JENNIFER REILLY,11,2026,F,0.57 pts,31.21,,1,,Yes
20,1/28/25,4,S1,CTE114 / 14,ENGINEERING A,JASON BLAESING,11,2026,F,1.08 pts,32.14,,1,,#N/A
20,1/28/25,5,S1,SOC701 / 15,US HISTORY/A,DAVE HAJEK,11,2026,F,0.05 pts,31,,1,,#N/A
20,1/28/25,6,S1,FAR604 / 16,SCENE DESIGN,KELLY GREGERSEN,11,2026,D+,1.91 pts,30.29,,1,,#N/A
20,1/28/25,1,S1,CTA101 / 11,CTA S1,MARK CASTLE,11,2026,,,0,,3,,#N/A
20,1/28/25,2,S1,CTA101 / 11,CTA S1,MARK CASTLE,11,2026,,,0,,3,,#N/A
20,1/28/25,3,S1,CTA101 / 11,CTA S1,MARK CASTLE,11,2026,,,0,,3,,#N/A
20,1/28/25,4,S1,MAT701 / 14,ALGEBRA II A,JENNIFER REILLY,11,2026,C-,2.15 pts,4,,3,,#N/A
20,1/28/25,5,S1,ASL503 / 15,AMERICAN SIGN LANGUAGE II/A,TAMI GRANT,11,2026,A,3.92 pts,4,,3,,#N/A
20,1/28/25,6,S1,ENG701 / 16,JUNIOR ENG/A,JOHN CARVER,11,2026,A-,3.40 pts,4.33,,3,,#N/A
20,1/28/25,1,S1,FAR505 / 11,CONCERT CHOIR/A,DAVID DUARTE,10,2027,A,3.95 pts,10,,4,,#N/A
20,1/28/25,2,S1,SPA501 / 12,SPANISH 1 A,ROCHELLE AITON,10,2027,A-,3.50 pts,7.14,,4,,#N/A
20,1/28/25,3,S1,SOC108 / 13,WORLD HISTORY/A,RYAN ISAACSON,10,2027,C,2.46 pts,6.29,,4,,#N/A
20,1/28/25,4,S1,SCI601 / 14,BIOLOGY A,GRANT MERRILL,10,2027,F,1.28 pts,10,,4,,Yes
20,1/28/25,5,S1,ENG601 / 15,SOPH ENG/A,MARCEE SALAS,10,2027,D+,1.92 pts,7.57,,4,,Yes
20,1/28/25,6,S1,MAT522 / 36,GEOMETRY A,ROCHELLE AITON,10,2027,C-,2.00 pts,7.43,,4,,#N/A
20,1/28/25,6,S1,MAT522 / 36,GEOMETRY A,NINETTE LILIENTHAL,10,2027,C-,2.00 pts,7.43,,4,,#N/A
20,1/28/25,1,S1,VOC705 / 11,DIGITAL PHOTOGRAPHY I,ROSANNA RUFF,11,2026,C-,2.19 pts,11.71,,5,,#N/A
20,1/28/25,2,S1,BUS301 / 12,PERSONAL FINANCE A,NICOLE SIMEK,11,2026,C-,2.02 pts,11.57,,5,,Yes
20,1/28/25,3,S1,SCI503 / 33,PHYSICAL SCIENCE A,WILLIAM BAUR,11,2026,C-,2.13 pts,12.86,,5,,#N/A
20,1/28/25,4,S1,SOC701 / 14,US HISTORY/A,DAVE HAJEK,11,2026,F,1.64 pts,12.29,,5,,Yes
20,1/28/25,5,S1,ENG701 / 15,JUNIOR ENG/A,JOHN CARVER,11,2026,D+,1.90 pts,13.14,,5,,Yes
20,1/28/25,6,S1,PED500 / 16,WEIGHT TRAINING,SCOTT DIZMANG,11,2026,B+,3.35 pts,13.86,,5,,#N/A
20,1/28/25,1,S1,PED513 / 11,TEAM GAMES,SCOTT DIZMANG,10,2027,B+,3.36 pts,4.86,,6,,#N/A
20,1/28/25,2,S1,MAT522 / 12,GEOMETRY A,ROCHELLE AITON,10,2027,B,2.90 pts,4.86,John L,6,Active,Yes
20,1/28/25,2,S1,MAT522 / 12,GEOMETRY A,NINETTE LILIENTHAL,10,2027,B,2.90 pts,4.86,John L,6,Active,Yes
20,1/28/25,3,S1,SOC108 / 13,WORLD HISTORY/A,RYAN ISAACSON,10,2027,C,2.43 pts,5,,6,,#N/A
20,1/28/25,4,S1,FAR109 / 14,CERAMICS II,ROBERT YEE,10,2027,A,4.00 pts,5,,6,,#N/A
20,1/28/25,5,S1,ENG601 / 15,SOPH ENG/A,MARCEE SALAS,10,2027,D,1.66 pts,5,Pat,6,Active,Yes
20,1/28/25,6,S1,SCI601 / 36,BIOLOGY A,WILLIAM BAUR,10,2027,D,1.74 pts,5,Mimi,6,Active,Yes
20,1/28/25,1,S1,ENG801 / 11,SENIOR ENG/A,HEATHER CARVER,12,2025,C,2.46 pts,10.86,,7,,#N/A
20,1/28/25,2,S1,BUS301 / 12,PERSONAL FINANCE A,NICOLE SIMEK,12,2025,F,1.48 pts,10,,7,,Yes
20,1/28/25,3,S1,ONT400 / 13,ON-TRACK/A,BRIAN ANDERSON,12,2025,F,0.20 pts,10.14,,7,,#N/A
20,1/28/25,4,S1,ENG715 / 14,FILM AS LITERATURE,KELLY GREGERSEN,12,2025,F,1.64 pts,10.71,,7,,#N/A
20,1/28/25,5,S1,CTE100 / 15,MEDICAL CAREERS & TERMS A,DONNA SCHATZ,12,2025,C-,2.12 pts,10.71,,7,,#N/A
20,1/28/25,6,S1,SOC802 / 16,CIVICS,JIM REED,12,2025,F,0.82 pts,11,,7,,#N/A
20,1/28/25,1,S1,FAR720 / 11,PANTHER PLAYERS/A,KELLY GREGERSEN,11,2026,A,3.90 pts,6.29,,46,,#N/A
20,1/28/25,2,S1,SCI609 / 12,CHEMISTRY/A,GRANT MERRILL,11,2026,C,2.44 pts,6.14,,46,,Yes
20,1/28/25,3,S1,MAT701 / 13,ALGEBRA II A,JENNIFER REILLY,11,2026,C,2.47 pts,6.14,,46,,Yes
20,1/28/25,4,S1,ENG715 / 14,FILM AS LITERATURE,KELLY GREGERSEN,11,2026,B,3.17 pts,7.29,,46,,#N/A
20,1/28/25,5,S1,SOC701 / 15,US HISTORY/A,DAVE HAJEK,11,2026,C-,2.07 pts,7,,46,,#N/A
20,1/28/25,6,S1,SPA501 / 16,SPANISH 1 A,ROCHELLE AITON,11,2026,A-,3.53 pts,7,,46,,#N/A
20,1/28/25,1,S1,FAR720 / 11,PANTHER PLAYERS/A,KELLY GREGERSEN,12,2025,A,3.61 pts,6.71,,8,,#N/A
20,1/28/25,2,S1,SPS103 / 12,OFFICE ASSISTANT,MARK CASTLE,12,2025,S,,5.86,,8,,#N/A
20,1/28/25,3,S1,PED500 / 13,WEIGHT TRAINING,SCOTT BOOTHBY,12,2025,A-,3.52 pts,5.86,,8,,#N/A
20,1/28/25,4,S1,ENG717 / 14,AP LITERATURE/ COMPOSITION A,HEATHER CARVER,12,2025,C,2.37 pts,6.86,,8,,#N/A
20,1/28/25,5,S1,SOC802 / 15,CIVICS,SCOTT BOOTHBY,12,2025,D+,1.93 pts,7.14,,8,,#N/A
20,1/28/25,6,S1,SCI503 / 16,PHYSICAL SCIENCE A,JAMES BENNETT,12,2025,D,1.71 pts,7.43,,8,,#N/A
20,1/28/25,1,S1,PED500 / 11,WEIGHT TRAINING,SCOTT BOOTHBY,10,2027,A,3.67 pts,3.29,,9,,#N/A
20,1/28/25,2,S1,SOC108 / 12,WORLD HISTORY/A,DAVID HOLLINGSWORTH,10,2027,C+,2.61 pts,3.29,,9,,#N/A
20,1/28/25,3,S1,SCI601 / 13,BIOLOGY A,GRANT MERRILL,10,2027,D+,1.87 pts,2.43,,9,,Yes
20,1/28/25,4,S1,FAR109 / 14,CERAMICS II,ROBERT YEE,10,2027,A-,3.58 pts,2.14,,9,,#N/A
20,1/28/25,5,S1,MAT522 / 15,GEOMETRY A,BRIAN ANDERSON,10,2027,D+,1.87 pts,2.14,Tom C,9,Active,Yes
20,1/28/25,6,S1,ENG601 / 16,SOPH ENG/A,MARCEE SALAS,10,2027,C,2.39 pts,2.14,,9,,#N/A
20,1/28/25,1,S1,MAT522 / 11,GEOMETRY A,ROCHELLE AITON,10,2027,C,2.46 pts,0,John L,10,Active,Yes
20,1/28/25,1,S1,MAT522 / 11,GEOMETRY A,NINETTE LILIENTHAL,10,2027,C,2.46 pts,0,John L,10,Active,Yes
20,1/28/25,2,S1,ENG601 / 12,SOPH ENG/A,KELLY GREGERSEN,10,2027,B,2.98 pts,0,,10,,Yes
20,1/28/25,3,S1,SOC108 / 13,WORLD HISTORY/A,RYAN ISAACSON,10,2027,C,2.43 pts,0,,10,,#N/A
20,1/28/25,4,S1,HFL118 / 14,ADV CULINARY ARTS A,ALEXANDRA YOST,10,2027,C+,2.51 pts,0,,10,,#N/A
20,1/28/25,5,S1,VOC106 / 15,METAL MANUFACTURING & TECH I,DONALD O'BRIEN,10,2027,A,3.70 pts,0.14,,10,,#N/A
20,1/28/25,6,S1,SCI601 / 16,BIOLOGY A,GRANT MERRILL,10,2027,D,1.66 pts,0.14,,10,,Yes
20,1/28/25,1,S1,SPA601 / 11,SPANISH II A/SPAN 151,ROCHELLE AITON,11,2026,B,2.93 pts,2.14,,11,,#N/A
20,1/28/25,2,S1,HFL116 / 12,BAKING PASTRY ARTS I,KAYLA PAYNE,11,2026,C,2.37 pts,2.14,,11,,#N/A
20,1/28/25,3,S1,MAT701 / 13,ALGEBRA II A,JENNIFER REILLY,11,2026,B,3.12 pts,2.71,,11,,Yes
20,1/28/25,4,S1,CTE114 / 14,ENGINEERING A,JASON BLAESING,11,2026,A-,3.47 pts,2.71,,11,,#N/A
20,1/28/25,5,S1,SOC703 / 15,AP US HISTORY A,RYAN ISAACSON,11,2026,A,3.99 pts,2.43,,11,,#N/A
20,1/28/25,6,S1,ENG701 / 16,JUNIOR ENG/A,JOHN CARVER,11,2026,B,2.95 pts,2.14,,11,,#N/A
20,1/28/25,1,S1,CTE114 / 11,ENGINEERING A,JASON BLAESING,11,2026,F,1.45 pts,7,,12,,#N/A
20,1/28/25,2,S1,VOC116 / 12,BASIC CARPENTRY 1,BRENT MANSELL,11,2026,C-,2.15 pts,7,,12,,#N/A
20,1/28/25,3,S1,BUS301 / 13,PERSONAL FINANCE A,NICOLE SIMEK,11,2026,C,2.23 pts,7,,12,,Yes
20,1/28/25,4,S1,SOC701 / 14,US HISTORY/A,DAVE HAJEK,11,2026,F,1.32 pts,7.43,,12,,Yes
20,1/28/25,5,S1,VOC504 / 15,ADV FINE ARTS WOODWORKING I,BRENT MANSELL,11,2026,A,4.00 pts,7.43,,12,,#N/A
20,1/28/25,6,S1,ENG701 / 16,JUNIOR ENG/A,JOHN CARVER,11,2026,D,1.73 pts,7.43,,12,,#N/A
20,1/28/25,1,S1,MAT522 / 11,GEOMETRY A,ROCHELLE AITON,10,2027,C-,2.09 pts,9.71,John L,13,Active,Yes
20,1/28/25,1,S1,MAT522 / 11,GEOMETRY A,NINETTE LILIENTHAL,10,2027,C-,2.09 pts,9.71,John L,13,Active,Yes
20,1/28/25,2,S1,ENG601 / 12,SOPH ENG/A,KELLY GREGERSEN,10,2027,D+,1.94 pts,9.29,,13,,Yes
20,1/28/25,3,S1,SCI601 / 33,BIOLOGY A,DONNA SCHATZ,10,2027,F,1.62 pts,9.29,,13,,#N/A
20,1/28/25,4,S1,CTE114 / 14,ENGINEERING A,JASON BLAESING,10,2027,F,1.13 pts,7.57,,13,,#N/A
20,1/28/25,5,S1,HFL113 / 15,INTRO CULINARY ART,ALEXANDRA YOST,10,2027,C+,2.61 pts,9.14,,13,,#N/A
20,1/28/25,6,S1,SOC108 / 36,WORLD HISTORY/A,DAVE HAJEK,10,2027,F,1.40 pts,9.43,,13,,#N/A
20,1/28/25,1,S1,ENG701 / 11,JUNIOR ENG/A,JOHN CARVER,11,2026,C-,2.06 pts,4.29,,14,,#N/A
20,1/28/25,2,S1,VOC705 / 12,DIGITAL PHOTOGRAPHY I,ROSANNA RUFF,11,2026,C-,2.07 pts,3.14,,14,,#N/A
20,1/28/25,3,S1,MAT701 / 13,ALGEBRA II A,JENNIFER REILLY,11,2026,F,1.26 pts,3.43,Larry,14,Active,Yes
20,1/28/25,4,S1,SCI503 / 14,PHYSICAL SCIENCE A,JAMES BENNETT,11,2026,D+,1.94 pts,4.29,,14,,#N/A
20,1/28/25,5,S1,SOC701 / 15,US HISTORY/A,DAVE HAJEK,11,2026,C,2.40 pts,3.71,,14,,#N/A
20,1/28/25,6,S1,VOC502 / 16,FINE ARTS WOODWORKING I,BRENT MANSELL,11,2026,C,2.27 pts,3.29,,14,,#N/A
20,1/28/25,1,S1,SPA601 / 11,SPANISH II A/SPAN 151,ROCHELLE AITON,10,2027,A-,3.51 pts,0,,15,,#N/A
20,1/28/25,2,S1,ENG601 / 12,SOPH ENG/A,KELLY GREGERSEN,10,2027,C,2.29 pts,0,,15,,Yes
20,1/28/25,3,S1,SOC108 / 13,WORLD HISTORY/A,RYAN ISAACSON,10,2027,B,3.01 pts,0.43,,15,,#N/A
20,1/28/25,4,S1,SCI601 / 14,BIOLOGY A,GRANT MERRILL,10,2027,D,1.75 pts,0.71,Linda,15,Active,Yes
20,1/28/25,5,S1,PED513 / 15,TEAM GAMES,SCOTT DIZMANG,10,2027,B,3.05 pts,0,,15,,#N/A
20,1/28/25,6,S1,MAT522 / 36,GEOMETRY A,ROCHELLE AITON,10,2027,C-,2.05 pts,0.71,,15,,#N/A
20,1/28/25,6,S1,MAT522 / 36,GEOMETRY A,NINETTE LILIENTHAL,10,2027,C-,2.05 pts,0.71,,15,,#N/A
20,1/28/25,1,S1,SOC108 / 11,WORLD HISTORY/A,DAVID HOLLINGSWORTH,10,2027,D+,1.98 pts,5.43,,16,,#N/A
20,1/28/25,2,S1,FAR113 / 12,INTRO TO ART AND DESIGN,ROBERT YEE,10,2027,F,0.03 pts,5.29,,16,,#N/A
20,1/28/25,3,S1,CTE120 / 13,CYBER SECURITY I,ROSANNA RUFF,10,2027,D,1.67 pts,5.29,,16,,#N/A
20,1/28/25,4,S1,MAT522 / 14,GEOMETRY A,ROCHELLE AITON,10,2027,F,1.13 pts,5.29,,16,,Yes
20,1/28/25,4,S1,MAT522 / 14,GEOMETRY A,NINETTE LILIENTHAL,10,2027,F,1.13 pts,5.29,,16,,Yes
20,1/28/25,5,S1,SCI503 / 35,PHYSICAL SCIENCE A,WILLIAM BAUR,10,2027,C-,2.00 pts,4.57,,16,,#N/A
20,1/28/25,6,S1,ENG601 / 16,SOPH ENG/A,MARCEE SALAS,10,2027,C,2.21 pts,5.29,,16,,#N/A
20,1/28/25,1,S1,VOC106 / 11,METAL MANUFACTURING & TECH I,DONALD O'BRIEN,10,2027,C,2.26 pts,8.43,,17,,#N/A
20,1/28/25,2,S1,ENG601 / 12,SOPH ENG/A,KELLY GREGERSEN,10,2027,D,1.79 pts,5,,17,,Yes
20,1/28/25,3,S1,SCI601 / 33,BIOLOGY A,DONNA SCHATZ,10,2027,D+,1.88 pts,6.29,,17,,#N/A
20,1/28/25,4,S1,MAT522 / 14,GEOMETRY A,ROCHELLE AITON,10,2027,F,1.50 pts,7.14,John L,17,Active,Yes
20,1/28/25,4,S1,MAT522 / 14,GEOMETRY A,NINETTE LILIENTHAL,10,2027,F,1.50 pts,7.14,John L,17,Active,Yes
20,1/28/25,5,S1,PED513 / 15,TEAM GAMES,SCOTT DIZMANG,10,2027,A,3.81 pts,5.43,,17,,#N/A
20,1/28/25,6,S1,SOC108 / 36,WORLD HISTORY/A,DAVE HAJEK,10,2027,F,1.51 pts,6.43,,17,,#N/A
20,1/28/25,1,S1,PED101 / 11,PHYSICAL EDUCATION,KATHERINE STURDYVIN-SCOBBA,12,2025,F,1.48 pts,10.14,,18,,#N/A
20,1/28/25,2,S1,BUS301 / 12,PERSONAL FINANCE A,NICOLE SIMEK,12,2025,D,1.66 pts,7.29,,18,,Yes
20,1/28/25,3,S1,SOC802 / 13,CIVICS,JIM REED,12,2025,F,1.63 pts,5.86,,18,,#N/A
20,1/28/25,4,S1,AACTM1 / 14,ACADEMIC ACHIEVEMENT A,TIMOTHY MOORE,12,2025,B,3.07 pts,10.14,,18,,#N/A
20,1/28/25,5,S1,ONT400 / 15,ON-TRACK/A,ROBERT YEE,12,2025,B,3.00 pts,6.29,,18,,#N/A
20,1/28/25,6,S1,ENG801 / 16,SENIOR ENG/A,HEATHER CARVER,12,2025,B,2.99 pts,5.14,,18,,#N/A
20,1/28/25,1,S1,PED500 / 11,WEIGHT TRAINING,SCOTT BOOTHBY,9,2028,A,3.64 pts,6.71,,2,,#N/A
20,1/28/25,2,S1,ASL501 / 12,AMERICAN SIGN LANGUAGE I/A,KYLA RITCHEY,9,2028,A-,3.46 pts,6.71,,2,,#N/A
20,1/28/25,3,S1,MAT520 / 33,ALGEBRA I A,JANET GROVE,9,2028,B-,2.79 pts,8.14,,2,,#N/A
20,1/28/25,4,S1,SCI503 / 14,PHYSICAL SCIENCE A,JAMES BENNETT,9,2028,C,2.46 pts,9.71,,2,,#N/A
20,1/28/25,5,S1,HFL113 / 15,INTRO CULINARY ART,ALEXANDRA YOST,9,2028,C,2.39 pts,10,,2,,#N/A
20,1/28/25,6,S1,ENG501 / 16,FR ENGLISH/A,DAVID HOLLINGSWORTH,9,2028,C,2.20 pts,10.29,,2,,Yes
20,1/28/25,1,S1,CTE114 / 11,ENGINEERING A,JASON BLAESING,11,2026,F,1.58 pts,8.71,,19,,#N/A
20,1/28/25,2,S1,FAR113 / 12,INTRO TO ART AND DESIGN,ROBERT YEE,11,2026,D+,1.89 pts,8,,19,,#N/A
20,1/28/25,3,S1,FAR605 / 13,INTRO TO THEATRE,KELLY GREGERSEN,11,2026,A,3.74 pts,8.14,,19,,#N/A
20,1/28/25,4,S1,ENG701 / 14,JUNIOR ENG/A,JOHN CARVER,11,2026,B-,2.71 pts,9.57,,19,,#N/A
20,1/28/25,5,S1,SOC703 / 15,AP US HISTORY A,RYAN ISAACSON,11,2026,A-,3.58 pts,9.43,,19,,#N/A
20,1/28/25,6,S1,MAT701 / 16,ALGEBRA II A,JASON BLAESING,11,2026,C,2.25 pts,9.71,Larry,19,Active,Yes
20,1/28/25,1,S1,ENG601 / 11,SOPH ENG/A,MARCEE SALAS,10,2027,B,2.96 pts,5.57,,20,,#N/A
20,1/28/25,2,S1,MAT522 / 32,GEOMETRY A,BRIAN ANDERSON,10,2027,C-,2.19 pts,4.57,,20,,#N/A
20,1/28/25,3,S1,VOC620 / 13,METAL CRAFTS & PRODUCTION I,DONALD O'BRIEN,10,2027,B+,3.38 pts,4.86,,20,,#N/A
20,1/28/25,4,S1,SCI601 / 14,BIOLOGY A,GRANT MERRILL,10,2027,C-,2.04 pts,4.14,,20,,Yes
20,1/28/25,5,S1,CTE100 / 15,MEDICAL CAREERS & TERMS A,DONNA SCHATZ,10,2027,C,2.35 pts,3.57,,20,,#N/A
20,1/28/25,6,S1,SOC108 / 36,WORLD HISTORY/A,DAVE HAJEK,10,2027,C-,2.04 pts,4.29,,20,,#N/A
20,1/28/25,1,S1,SOC701 / 11,US HISTORY/A,DAVE HAJEK,11,2026,F,0.86 pts,9.71,,21,,#N/A
20,1/28/25,2,S1,SCI609 / 12,CHEMISTRY/A,GRANT MERRILL,11,2026,F,1.01 pts,8,,21,,Yes
20,1/28/25,3,S1,BUS301 / 13,PERSONAL FINANCE A,NICOLE SIMEK,11,2026,C-,2.19 pts,8.43,,21,,Yes
20,1/28/25,4,S1,HFL118 / 14,ADV CULINARY ARTS A,ALEXANDRA YOST,11,2026,A,3.70 pts,8.43,,21,,#N/A
20,1/28/25,5,S1,ENG701 / 15,JUNIOR ENG/A,JOHN CARVER,11,2026,C,2.20 pts,8.57,,21,,Yes
20,1/28/25,6,S1,PED500 / 16,WEIGHT TRAINING,SCOTT DIZMANG,11,2026,A,3.89 pts,9,,21,,#N/A
20,1/28/25,1,S1,FAR109 / 11,CERAMICS II,ROBERT YEE,11,2026,B,3.17 pts,3.71,,22,,#N/A
20,1/28/25,2,S1,FAR113 / 12,INTRO TO ART AND DESIGN,ROBERT YEE,11,2026,B,2.98 pts,4,,22,,#N/A
20,1/28/25,3,S1,MAT701 / 13,ALGEBRA II A,JENNIFER REILLY,11,2026,B,3.03 pts,4.86,,22,,Yes
20,1/28/25,4,S1,SCI503 / 34,PHYSICAL SCIENCE A,WILLIAM BAUR,11,2026,B,3.03 pts,4.29,,22,,#N/A
20,1/28/25,5,S1,SOC701 / 15,US HISTORY/A,DAVE HAJEK,11,2026,C,2.25 pts,4.43,,22,,#N/A
20,1/28/25,6,S1,ENG701 / 16,JUNIOR ENG/A,JOHN CARVER,11,2026,B+,3.39 pts,4.71,,22,,#N/A
20,1/28/25,1,S1,MAT704 / 11,PRE-CALC A MAT 153,BRIAN ANDERSON,12,2025,D+,1.96 pts,4.5,,24,,Yes
20,1/28/25,2,S1,RUN101 / 12,RUNNING START/A,,12,2025,,,0,,24,,#N/A
20,1/28/25,3,S1,CTE120 / 13,CYBER SECURITY I,ROSANNA RUFF,12,2025,B,3.11 pts,5,,24,,#N/A
20,1/28/25,4,S1,RUN101 / 14,RUNNING START/A,,12,2025,,,0,,24,,#N/A
20,1/28/25,5,S1,SOC802 / 15,CIVICS,SCOTT BOOTHBY,12,2025,A,3.73 pts,4,,24,,#N/A
20,1/28/25,6,S1,RUN101 / 16,RUNNING START/A,,12,2025,,,0,,24,,#N/A
20,1/28/25,1,S1,PED513 / 11,TEAM GAMES,SCOTT DIZMANG,9,2028,A-,3.59 pts,1,,25,,#N/A
20,1/28/25,2,S1,HFL114 / 12,FAMILY HEALTH,MICHAEL ISOTALO,9,2028,B,3.03 pts,1.86,,25,,#N/A
20,1/28/25,2,S1,HFL114 / 12,FAMILY HEALTH,THOMAS KESSINGER,9,2028,B,3.03 pts,1.86,,25,,#N/A
20,1/28/25,3,S1,SCI503 / 33,PHYSICAL SCIENCE A,WILLIAM BAUR,9,2028,F,1.50 pts,1.86,,25,,#N/A
20,1/28/25,4,S1,VOC300 / 14,SMALL ENGINE REPAIR I,DONALD O'BRIEN,9,2028,C,2.47 pts,1.86,,25,,#N/A
20,1/28/25,5,S1,MAT520 / 15,ALGEBRA I A,KEVIN REILLY,9,2028,C,2.20 pts,2,,25,,#N/A
20,1/28/25,6,S1,ENG501 / 16,FR ENGLISH/A,DAVID HOLLINGSWORTH,9,2028,F,1.00 pts,2,,25,,Yes
20,1/28/25,1,S1,SCI503 / 11,PHYSICAL SCIENCE A,JAMES BENNETT,11,2026,F,0.06 pts,35,,26,,#N/A
20,1/28/25,2,S1,VOC705 / 12,DIGITAL PHOTOGRAPHY I,ROSANNA RUFF,11,2026,D,1.74 pts,29.14,,26,,#N/A
20,1/28/25,3,S1,ONT400 / 13,ON-TRACK/A,BRIAN ANDERSON,11,2026,F,0.14 pts,14.57,,26,,#N/A
20,1/28/25,4,S1,SOC701 / 14,US HISTORY/A,DAVE HAJEK,11,2026,F,1.28 pts,25.57,,26,,Yes
20,1/28/25,5,S1,BUS301 / 15,PERSONAL FINANCE A,NICOLE SIMEK,11,2026,F,1.04 pts,18.57,,26,,#N/A
20,1/28/25,6,S1,ENG701 / 16,JUNIOR ENG/A,JOHN CARVER,11,2026,D,1.71 pts,24.43,,26,,#N/A
20,1/28/25,1,S1,ASL505 / 11,AMER SIGN III/A,TAMI GRANT,11,2026,A-,3.44 pts,3.43,,29,,#N/A
20,1/28/25,2,S1,SCI503 / 32,PHYSICAL SCIENCE A,WILLIAM BAUR,11,2026,C+,2.66 pts,2.57,,29,,#N/A
20,1/28/25,3,S1,ENG719 / 13,AP LANGUAGE/COMPOSITION A,HEATHER CARVER,11,2026,B-,2.87 pts,3.57,,29,,#N/A
20,1/28/25,4,S1,MAT701 / 14,ALGEBRA II A,JENNIFER REILLY,11,2026,B,3.10 pts,5.57,,29,,#N/A
20,1/28/25,5,S1,CTE501 / 15,PROJECT IN LEADERSHIP/A,KYLA RITCHEY,11,2026,A,3.97 pts,2.57,,29,,#N/A
20,1/28/25,6,S1,SOC701 / 16,US HISTORY/A,SCOTT BOOTHBY,11,2026,C-,2.14 pts,5.14,Melanie,29,Active,Yes
20,1/28/25,1,S1,PED500 / 11,WEIGHT TRAINING,SCOTT BOOTHBY,12,2025,C,2.39 pts,9.14,,27,,#N/A
20,1/28/25,2,S1,BUS301 / 12,PERSONAL FINANCE A,NICOLE SIMEK,12,2025,F,1.38 pts,8.71,,27,,Yes
20,1/28/25,3,S1,ONT400 / 13,ON-TRACK/A,BRIAN ANDERSON,12,2025,F,0.17 pts,8.29,,27,,#N/A
20,1/28/25,4,S1,SOC802 / 14,CIVICS,JIM REED,12,2025,F,0.73 pts,11.29,,27,,#N/A
20,1/28/25,5,S1,CTE100 / 15,MEDICAL CAREERS & TERMS A,DONNA SCHATZ,12,2025,F,0.43 pts,10.86,,27,,#N/A
20,1/28/25,6,S1,ENG801 / 16,SENIOR ENG/A,HEATHER CARVER,12,2025,D,1.70 pts,11,,27,,#N/A
20,1/28/25,1,S1,ENG601 / 11,SOPH ENG/A,MARCEE SALAS,10,2027,C-,2.09 pts,4.43,,28,,#N/A
20,1/28/25,2,S1,SCI601 / 32,BIOLOGY A,DONNA SCHATZ,10,2027,F,1.49 pts,4.57,,28,,#N/A
20,1/28/25,3,S1,ASL501 / 13,AMERICAN SIGN LANGUAGE I/A,KYLA RITCHEY,10,2027,A,3.78 pts,5.43,,28,,#N/A
20,1/28/25,4,S1,MAT522 / 14,GEOMETRY A,ROCHELLE AITON,10,2027,F,1.43 pts,4.86,,28,,Yes
20,1/28/25,4,S1,MAT522 / 14,GEOMETRY A,NINETTE LILIENTHAL,10,2027,F,1.43 pts,4.86,,28,,Yes
20,1/28/25,5,S1,CTE222 / 15,MUSIC PROD IA,DAVID DUARTE,10,2027,F,0.05 pts,5.71,,28,,#N/A
20,1/28/25,6,S1,SOC108 / 16,WORLD HISTORY/A,RYAN ISAACSON,10,2027,F,0.66 pts,5.86,,28,,#N/A
20,1/28/25,1,S1,PED513 / 11,TEAM GAMES,SCOTT DIZMANG,12,2025,B-,2.81 pts,7.43,,30,,#N/A
20,1/28/25,2,S1,ASL503 / 12,AMERICAN SIGN LANGUAGE II/A,TAMI GRANT,12,2025,A-,3.55 pts,6,,30,,#N/A
20,1/28/25,3,S1,BUS301 / 13,PERSONAL FINANCE A,NICOLE SIMEK,12,2025,B+,3.24 pts,5.14,,30,,Yes
20,1/28/25,4,S1,SOC802 / 14,CIVICS,JIM REED,12,2025,B,2.99 pts,6,,30,,#N/A
20,1/28/25,5,S1,VOC106 / 15,METAL MANUFACTURING & TECH I,DONALD O'BRIEN,12,2025,B,3.19 pts,6.71,,30,,#N/A
20,1/28/25,6,S1,ENG801 / 16,SENIOR ENG/A,HEATHER CARVER,12,2025,B,3.11 pts,6.57,,30,,#N/A
20,1/28/25,1,S1,PED513 / 11,TEAM GAMES,SCOTT DIZMANG,11,2026,B-,2.73 pts,36.94,,31,,#N/A
20,1/28/25,2,S1,MAT520 / 12,ALGEBRA I A,KEVIN REILLY,11,2026,B-,2.78 pts,31.37,,31,,#N/A
20,1/28/25,3,S1,ELE403 / 13,LANGUAGE SUPPORT/A,HAYLEY ALVARADO,11,2026,A,4.00 pts,14.8,,31,,Yes
20,1/28/25,4,S1,FAR108 / 14,CERAMICS I,ROBERT YEE,11,2026,B,2.93 pts,26.63,,31,,#N/A
20,1/28/25,5,S1,NCR105 / 15,EARLY DISMISSAL,MARK CASTLE,11,2026,,,0,,31,,#N/A
20,1/28/25,6,S1,NCR105 / 16,EARLY DISMISSAL,MARK CASTLE,11,2026,,,0,,31,,#N/A
20,1/28/25,1,S1,FAR108 / 11,CERAMICS I,ROBERT YEE,10,2027,C+,2.65 pts,7.57,,32,,#N/A
20,1/28/25,2,S1,SOC108 / 12,WORLD HISTORY/A,DAVID HOLLINGSWORTH,10,2027,D+,1.96 pts,8,,32,,#N/A
20,1/28/25,3,S1,SCI601 / 33,BIOLOGY A,DONNA SCHATZ,10,2027,C-,2.19 pts,8.29,,32,,#N/A
20,1/28/25,4,S1,MAT522 / 14,GEOMETRY A,ROCHELLE AITON,10,2027,C,2.26 pts,9.57,,32,,Yes
20,1/28/25,4,S1,MAT522 / 14,GEOMETRY A,NINETTE LILIENTHAL,10,2027,C,2.26 pts,9.57,,32,,Yes
20,1/28/25,5,S1,ASL503 / 15,AMERICAN SIGN LANGUAGE II/A,TAMI GRANT,10,2027,B-,2.75 pts,9.71,,32,,#N/A
20,1/28/25,6,S1,ENG601 / 16,SOPH ENG/A,MARCEE SALAS,10,2027,C-,2.13 pts,9.71,,32,,#N/A
20,1/28/25,1,S1,VOC705 / 11,DIGITAL PHOTOGRAPHY I,ROSANNA RUFF,10,2027,D+,1.95 pts,2,,33,,#N/A
20,1/28/25,2,S1,MAT522 / 12,GEOMETRY A,ROCHELLE AITON,10,2027,F,1.40 pts,1,,33,,Yes
20,1/28/25,2,S1,MAT522 / 12,GEOMETRY A,NINETTE LILIENTHAL,10,2027,F,1.40 pts,1,,33,,Yes
20,1/28/25,3,S1,ASL501 / 13,AMERICAN SIGN LANGUAGE I/A,KYLA RITCHEY,10,2027,F,1.09 pts,0.86,,33,,#N/A
20,1/28/25,4,S1,SOC108 / 14,WORLD HISTORY/A,DAVID HOLLINGSWORTH,10,2027,F,1.41 pts,0,,33,,#N/A
20,1/28/25,5,S1,ENG601 / 15,SOPH ENG/A,MARCEE SALAS,10,2027,F,1.29 pts,0,,33,,Yes
20,1/28/25,6,S1,SCI601 / 36,BIOLOGY A,WILLIAM BAUR,10,2027,F,1.62 pts,0,,33,,Yes
20,1/28/25,1,S1,VOC106 / 11,METAL MANUFACTURING & TECH I,DONALD O'BRIEN,10,2027,C,2.37 pts,6.86,,34,,#N/A
20,1/28/25,2,S1,ENG601 / 12,SOPH ENG/A,KELLY GREGERSEN,10,2027,F,1.11 pts,3.43,Cindy,34,Active,Yes
20,1/28/25,3,S1,SCI601 / 13,BIOLOGY A,GRANT MERRILL,10,2027,F,0.22 pts,6.86,,34,,Yes
20,1/28/25,4,S1,MAT522 / 14,GEOMETRY A,ROCHELLE AITON,10,2027,D,1.68 pts,5,,34,,Yes
20,1/28/25,4,S1,MAT522 / 14,GEOMETRY A,NINETTE LILIENTHAL,10,2027,D,1.68 pts,5,,34,,Yes
20,1/28/25,5,S1,VOC503 / 15,FINE ARTS WOODS II,BRENT MANSELL,10,2027,C+,2.66 pts,4.29,,34,,#N/A
20,1/28/25,6,S1,SOC108 / 16,WORLD HISTORY/A,RYAN ISAACSON,10,2027,C-,2.07 pts,3.86,,34,,#N/A
20,1/28/25,1,S1,ENG801 / 11,SENIOR ENG/A,HEATHER CARVER,12,2025,D,1.78 pts,4,,35,,#N/A
20,1/28/25,2,S1,SCI609 / 12,CHEMISTRY/A,GRANT MERRILL,12,2025,F,0.96 pts,5.29,,35,,Yes
20,1/28/25,3,S1,SOC802 / 13,CIVICS,JIM REED,12,2025,D+,1.85 pts,5.29,,35,,#N/A
20,1/28/25,4,S1,HFL115 / 14,ADVANCED PASTRY ARTS I,KAYLA PAYNE,12,2025,A-,3.50 pts,5.14,,35,,#N/A
20,1/28/25,5,S1,ONT400 / 15,ON-TRACK/A,ROBERT YEE,12,2025,B-,2.88 pts,6.57,,35,,#N/A
20,1/28/25,6,S1,FAR111 / 16,CERAMICS IV,ROBERT YEE,12,2025,F,0.83 pts,6.29,,35,,#N/A
20,1/28/25,1,S1,CTE114 / 11,ENGINEERING A,JASON BLAESING,11,2026,F,1.55 pts,7.29,,36,,#N/A
20,1/28/25,2,S1,MAT701 / 12,ALGEBRA II A,JASON BLAESING,11,2026,F,1.23 pts,7,Larry,36,Active,Yes
20,1/28/25,3,S1,PED500 / 13,WEIGHT TRAINING,SCOTT BOOTHBY,11,2026,A-,3.56 pts,7.14,,36,,#N/A
20,1/28/25,4,S1,ENG701 / 14,JUNIOR ENG/A,JOHN CARVER,11,2026,F,1.36 pts,7.14,,36,,#N/A
20,1/28/25,5,S1,SOC701 / 15,US HISTORY/A,DAVE HAJEK,11,2026,D,1.72 pts,7,,36,,#N/A
20,1/28/25,6,S1,FAR542 / 16,WIND ENSEMB/A,DAVID DUARTE,11,2026,B,3.01 pts,7.14,,36,,#N/A
20,1/28/25,1,S1,VOC502 / 11,FINE ARTS WOODWORKING I,BRENT MANSELL,11,2026,C-,2.03 pts,8.71,,37,,#N/A
20,1/28/25,2,S1,SCI503 / 12,PHYSICAL SCIENCE A,JAMES BENNETT,11,2026,C-,2.08 pts,8.71,,37,,#N/A
20,1/28/25,3,S1,ONT400 / 13,ON-TRACK/A,BRIAN ANDERSON,11,2026,A,4.00 pts,8.86,,37,,#N/A
20,1/28/25,4,S1,ENG715 / 14,FILM AS LITERATURE,KELLY GREGERSEN,11,2026,C,2.21 pts,8.71,,37,,#N/A
20,1/28/25,5,S1,BUS301 / 15,PERSONAL FINANCE A,NICOLE SIMEK,11,2026,D+,1.81 pts,8.71,,37,,#N/A
20,1/28/25,6,S1,SOC701 / 16,US HISTORY/A,SCOTT BOOTHBY,11,2026,D+,1.92 pts,8.86,,37,,Yes
20,1/28/25,1,S1,VOC502 / 11,FINE ARTS WOODWORKING I,BRENT MANSELL,10,2027,D,1.78 pts,12.71,,38,,#N/A
20,1/28/25,2,S1,SCI601 / 32,BIOLOGY A,DONNA SCHATZ,10,2027,D+,1.83 pts,13.14,,38,,#N/A
20,1/28/25,3,S1,MAT522 / 13,GEOMETRY A,ROCHELLE AITON,10,2027,D,1.73 pts,12.57,,38,,Yes
20,1/28/25,3,S1,MAT522 / 13,GEOMETRY A,NINETTE LILIENTHAL,10,2027,D,1.73 pts,12.57,,38,,Yes
20,1/28/25,4,S1,PED500 / 14,WEIGHT TRAINING,SCOTT DIZMANG,10,2027,A,3.62 pts,11.57,,38,,#N/A
20,1/28/25,5,S1,ENG601 / 15,SOPH ENG/A,MARCEE SALAS,10,2027,C-,2.00 pts,11.86,,38,,Yes
20,1/28/25,6,S1,SOC108 / 36,WORLD HISTORY/A,DAVE HAJEK,10,2027,D+,1.99 pts,11,,38,,#N/A
20,1/28/25,1,S1,VOC106 / 11,METAL MANUFACTURING & TECH I,DONALD O'BRIEN,10,2027,B,3.00 pts,3.43,,39,,#N/A
20,1/28/25,2,S1,SOC108 / 12,WORLD HISTORY/A,DAVID HOLLINGSWORTH,10,2027,C,2.28 pts,2.71,,39,,#N/A
20,1/28/25,3,S1,MAT522 / 13,GEOMETRY A,ROCHELLE AITON,10,2027,D+,1.91 pts,3,,39,,Yes
20,1/28/25,3,S1,MAT522 / 13,GEOMETRY A,NINETTE LILIENTHAL,10,2027,D+,1.91 pts,3,,39,,Yes
20,1/28/25,4,S1,PED500 / 14,WEIGHT TRAINING,SCOTT DIZMANG,10,2027,A-,3.40 pts,2,,39,,#N/A
20,1/28/25,5,S1,ENG601 / 15,SOPH ENG/A,MARCEE SALAS,10,2027,F,1.48 pts,2.29,,39,,Yes
20,1/28/25,6,S1,SCI601 / 36,BIOLOGY A,WILLIAM BAUR,10,2027,C,2.29 pts,1.43,,39,,Yes
20,1/28/25,1,S1,ENG701 / 11,JUNIOR ENG/A,JOHN CARVER,11,2026,C+,2.52 pts,6.14,,40,,#N/A
20,1/28/25,2,S1,MAT701 / 12,ALGEBRA II A,JASON BLAESING,11,2026,F,1.43 pts,5.86,,40,,Yes
20,1/28/25,3,S1,PED500 / 13,WEIGHT TRAINING,SCOTT BOOTHBY,11,2026,A,3.86 pts,6.29,,40,,#N/A
20,1/28/25,4,S1,SCI503 / 34,PHYSICAL SCIENCE A,WILLIAM BAUR,11,2026,C-,2.04 pts,7.29,,40,,#N/A
20,1/28/25,5,S1,SPA601 / 15,SPANISH II A/SPAN 151,ROCHELLE AITON,11,2026,C,2.24 pts,7.29,,40,,#N/A
20,1/28/25,6,S1,SOC701 / 16,US HISTORY/A,SCOTT BOOTHBY,11,2026,C+,2.53 pts,7.43,,40,,Yes
20,1/28/25,1,S1,SOC701 / 11,US HISTORY/A,DAVE HAJEK,11,2026,C-,2.18 pts,3.57,,47,,#N/A
20,1/28/25,2,S1,SCI609 / 12,CHEMISTRY/A,GRANT MERRILL,11,2026,F,1.02 pts,3.29,,47,,Yes
20,1/28/25,3,S1,ASL503 / 13,AMERICAN SIGN LANGUAGE II/A,TAMI GRANT,11,2026,B-,2.85 pts,2,,47,,#N/A
20,1/28/25,4,S1,PED500 / 14,WEIGHT TRAINING,SCOTT DIZMANG,11,2026,A,4.00 pts,2,,47,,#N/A
20,1/28/25,5,S1,MAT701 / 35,ALGEBRA II A,JENNIFER REILLY,11,2026,B-,2.88 pts,2.43,,47,,#N/A
20,1/28/25,6,S1,ENG701 / 16,JUNIOR ENG/A,JOHN CARVER,11,2026,B,3.02 pts,2,,47,,#N/A
20,1/28/25,1,S1,ENG701 / 11,JUNIOR ENG/A,JOHN CARVER,11,2026,C-,2.05 pts,6.86,,41,,#N/A
20,1/28/25,2,S1,HFL116 / 12,BAKING PASTRY ARTS I,KAYLA PAYNE,11,2026,D+,1.83 pts,5.29,,41,,#N/A
20,1/28/25,3,S1,SCI503 / 33,PHYSICAL SCIENCE A,WILLIAM BAUR,11,2026,C-,2.11 pts,3.57,,41,,#N/A
20,1/28/25,4,S1,SOC701 / 14,US HISTORY/A,DAVE HAJEK,11,2026,D+,1.94 pts,6.14,,41,,Yes
20,1/28/25,5,S1,ASL503 / 15,AMERICAN SIGN LANGUAGE II/A,TAMI GRANT,11,2026,A-,3.50 pts,5.29,,41,,#N/A
20,1/28/25,6,S1,MAT701 / 16,ALGEBRA II A,JASON BLAESING,11,2026,D+,1.90 pts,4.86,Larry,41,Active,Yes
20,1/28/25,1,S1,FAR606 / 11,ADVANCED ACTING/ A,KELLY GREGERSEN,12,2025,A,3.71 pts,7,,42,,#N/A
20,1/28/25,2,S1,SCI609 / 12,CHEMISTRY/A,GRANT MERRILL,12,2025,F,1.21 pts,6.29,Jay,42,,Yes
20,1/28/25,3,S1,ENG801 / 13,SENIOR ENG/A,JOHN CARVER,12,2025,C,2.44 pts,8.14,,42,,#N/A
20,1/28/25,4,S1,HFL118 / 14,ADV CULINARY ARTS A,ALEXANDRA YOST,12,2025,B,2.98 pts,8,,42,,#N/A
20,1/28/25,5,S1,BUS301 / 15,PERSONAL FINANCE A,NICOLE SIMEK,12,2025,D+,1.94 pts,7.43,,42,,#N/A
20,1/28/25,6,S1,FAR542 / 16,WIND ENSEMB/A,DAVID DUARTE,12,2025,A,3.97 pts,7.43,,42,,#N/A
20,1/28/25,1,S1,ENG701 / 11,JUNIOR ENG/A,JOHN CARVER,11,2026,C-,2.16 pts,24.43,,43,,#N/A
20,1/28/25,2,S1,SCI503 / 12,PHYSICAL SCIENCE A,JAMES BENNETT,11,2026,C+,2.54 pts,21.57,Larry,43,Active,#N/A
20,1/28/25,3,S1,ASL503 / 13,AMERICAN SIGN LANGUAGE II/A,TAMI GRANT,11,2026,C-,2.11 pts,16.43,,43,,#N/A
20,1/28/25,4,S1,SOC701 / 14,US HISTORY/A,DAVE HAJEK,11,2026,D,1.77 pts,23.57,,43,,Yes
20,1/28/25,5,S1,SOC105 / 15,AP PSYCHOLOGY A,JIM REED,11,2026,F,1.57 pts,18.29,,43,,#N/A
20,1/28/25,6,S1,MAT701 / 16,ALGEBRA II A,JASON BLAESING,11,2026,F,1.59 pts,21.86,,43,,Yes
20,1/28/25,1,S1,MAT522 / 11,GEOMETRY A,ROCHELLE AITON,10,2027,F,1.35 pts,20.71,,44,,Yes
20,1/28/25,1,S1,MAT522 / 11,GEOMETRY A,NINETTE LILIENTHAL,10,2027,F,1.35 pts,20.71,,44,,Yes
20,1/28/25,2,S1,HFL116 / 12,BAKING PASTRY ARTS I,KAYLA PAYNE,10,2027,C-,2.00 pts,16.29,,44,,#N/A
20,1/28/25,3,S1,SCI601 / 33,BIOLOGY A,DONNA SCHATZ,10,2027,F,0.95 pts,16.86,,44,,#N/A
20,1/28/25,4,S1,PED500 / 14,WEIGHT TRAINING,SCOTT DIZMANG,10,2027,C,2.43 pts,22.86,,44,,#N/A
20,1/28/25,5,S1,ENG601 / 15,SOPH ENG/A,MARCEE SALAS,10,2027,F,1.62 pts,20,,44,,Yes
20,1/28/25,6,S1,SOC108 / 16,WORLD HISTORY/A,RYAN ISAACSON,10,2027,F,0.91 pts,24,,44,,#N/A
20,1/28/25,1,S1,VOC705 / 11,DIGITAL PHOTOGRAPHY I,ROSANNA RUFF,11,2026,A-,3.55 pts,6.43,,45,,#N/A
20,1/28/25,2,S1,SCI609 / 12,CHEMISTRY/A,GRANT MERRILL,11,2026,C-,2.01 pts,6.29,Jay,45,Active,Yes
20,1/28/25,3,S1,ENG719 / 13,AP LANGUAGE/COMPOSITION A,HEATHER CARVER,11,2026,B+,3.32 pts,5.86,,45,,#N/A
20,1/28/25,4,S1,PED500 / 14,WEIGHT TRAINING,SCOTT DIZMANG,11,2026,A,3.84 pts,5.86,,45,,#N/A
20,1/28/25,5,S1,SOC703 / 15,AP US HISTORY A,RYAN ISAACSON,11,2026,A,4.00 pts,5.86,,45,,#N/A
20,1/28/25,6,S1,MAT701 / 16,ALGEBRA II A,JASON BLAESING,11,2026,C,2.26 pts,6,,45,,Yes
20,1/28/25,6,S1,SOC701 / 16,US HISTORY/A,SCOTT BOOTHBY,11,2026,C,2.44 pts,2,,376,,Yes
20,1/28/25,1,S1,MAT522 / 11,GEOMETRY A,ROCHELLE AITON,10,2027,D,1.76 pts,1.71,,399,,Yes
20,1/28/25,1,S1,MAT522 / 11,GEOMETRY A,NINETTE LILIENTHAL,10,2027,D,1.76 pts,1.71,,399,,Yes
20,1/28/25,2,S1,ENG601 / 12,SOPH ENG/A,KELLY GREGERSEN,10,2027,B-,2.77 pts,1.43,,399,,Yes
20,1/28/25,6,S1,SCI601 / 16,BIOLOGY A,GRANT MERRILL,10,2027,F,1.54 pts,2.29,,399,,Yes
20,1/28/25,4,S1,SCI601 / 14,BIOLOGY A,GRANT MERRILL,10,2027,C-,2.15 pts,3.86,,441,,Yes
20,1/28/25,6,S1,SCI601 / 36,BIOLOGY A,WILLIAM BAUR,10,2027,C,2.38 pts,1,,174,,Yes
20,1/28/25,5,S1,MAT522 / 15,GEOMETRY A,BRIAN ANDERSON,10,2027,F,1.04 pts,20.57,,63,,Yes
20,1/28/25,3,S1,BUS301 / 13,PERSONAL FINANCE A,NICOLE SIMEK,12,2025,A,3.96 pts,20.57,,413,,Yes
20,1/28/25,6,S1,ENG501 / 16,FR ENGLISH/A,DAVID HOLLINGSWORTH,9,2028,D+,1.86 pts,6.86,,245,,Yes
20,1/28/25,3,S1,MAT701 / 13,ALGEBRA II A,JENNIFER REILLY,11,2026,B+,3.24 pts,4.14,,172,,Yes
20,1/28/25,3,S1,MAT522 / 13,GEOMETRY A,ROCHELLE AITON,9,2028,B-,2.82 pts,6.57,,358,,Yes
20,1/28/25,3,S1,MAT522 / 13,GEOMETRY A,NINETTE LILIENTHAL,9,2028,B-,2.82 pts,6.57,,358,,Yes
20,1/28/25,6,S1,ENG501 / 16,FR ENGLISH/A,DAVID HOLLINGSWORTH,9,2028,A,3.61 pts,0,,189,,Yes
20,1/28/25,5,S1,MAT522 / 15,GEOMETRY A,BRIAN ANDERSON,9,2028,C+,2.63 pts,1,,420,,Yes
20,1/28/25,4,S1,SCI601 / 14,BIOLOGY A,GRANT MERRILL,10,2027,F,1.59 pts,24.86,,456,,Yes
20,1/28/25,5,S1,MAT522 / 15,GEOMETRY A,BRIAN ANDERSON,10,2027,C,2.21 pts,2,,163,,Yes
20,1/28/25,6,S1,ENG501 / 16,FR ENGLISH/A,DAVID HOLLINGSWORTH,9,2028,B,2.99 pts,7.14,,366,,Yes
20,1/28/25,6,S1,ENG501 / 16,FR ENGLISH/A,DAVID HOLLINGSWORTH,9,2028,C,2.29 pts,42.43,,129,,Yes
20,1/28/25,2,S1,MAT522 / 12,GEOMETRY A,ROCHELLE AITON,10,2027,C+,2.62 pts,25.43,,220,,Yes
20,1/28/25,2,S1,MAT522 / 12,GEOMETRY A,NINETTE LILIENTHAL,10,2027,C+,2.62 pts,25.43,,220,,Yes
20,1/28/25,3,S1,SCI601 / 13,BIOLOGY A,GRANT MERRILL,10,2027,D+,1.95 pts,25.57,,220,,Yes
20,1/28/25,3,S1,BUS301 / 13,PERSONAL FINANCE A,NICOLE SIMEK,12,2025,A,4.00 pts,0.14,,326,,Yes
20,1/28/25,5,S1,ENG701 / 15,JUNIOR ENG/A,JOHN CARVER,11,2026,B+,3.21 pts,3.33,,148,,Yes
20,1/28/25,6,S1,MAT701 / 16,ALGEBRA II A,JASON BLAESING,11,2026,B,3.14 pts,3,,148,,Yes
20,1/28/25,1,S1,MAT704 / 11,PRE-CALC A MAT 153,BRIAN ANDERSON,11,2026,C,2.25 pts,5.29,,350,,Yes
20,1/28/25,2,S1,SCI609 / 12,CHEMISTRY/A,GRANT MERRILL,11,2026,B+,3.29 pts,6.29,,350,,Yes
20,1/28/25,4,S1,SOC701 / 14,US HISTORY/A,DAVE HAJEK,11,2026,C+,2.68 pts,6.57,,350,,Yes
20,1/28/25,5,S1,ENG701 / 15,JUNIOR ENG/A,JOHN CARVER,11,2026,B-,2.80 pts,6.57,,350,,Yes
20,1/28/25,2,S1,MAT701 / 12,ALGEBRA II A,JASON BLAESING,10,2027,A,3.71 pts,5.29,,398,,Yes
20,1/28/25,3,S1,SCI601 / 13,BIOLOGY A,GRANT MERRILL,10,2027,A-,3.51 pts,5.14,,398,,Yes
20,1/28/25,4,S1,SOC701 / 14,US HISTORY/A,DAVE HAJEK,11,2026,F,1.47 pts,13.43,,286,,Yes
20,1/28/25,6,S1,ENG501 / 16,FR ENGLISH/A,DAVID HOLLINGSWORTH,9,2028,C-,2.02 pts,8.02,,461,,Yes
20,1/28/25,2,S1,SCI609 / 12,CHEMISTRY/A,GRANT MERRILL,10,2027,F,0.00 pts,1.86,,469,,Yes