Week,Grade Pulled,Period,Semester,Course Code,Course Description,Staff Names,Grade Year,Grad Year,Grade Mark,Grade %,Total Days Absent,Mentor,Student #,Mentor Activity,Mentor Course
21,2/4/25,1,S2,ENG702 / 21,JUNIOR ENG/B,JOHN CARVER,11,2026,F,1.20 pts,15.33,,1,,#N/A
21,2/4/25,3,S2,PED101 / 23,PHYSICAL EDUCATION,SCOTT DIZMANG,11,2026,F,1.63 pts,10.05,,1,,#N/A
21,2/4/25,4,S2,CTE115 / 24,ENGINEERING B,JASON BLAESING,11,2026,F,0.87 pts,15.76,,1,,#N/A
21,2/4/25,5,S2,MAT702 / 45,ALGEBRA II B,JENNIFER REILLY,11,2026,W,0.98 pts,5.05,,1,,Yes
21,2/4/25,6,S2,SOC702 / 26,US HISTORY/B,SCOTT BOOTHBY,11,2026,F,1.13 pts,11.14,,1,,Yes
21,2/4/25,1,S2,CTA102 / 21,CTA S2,,11,2026,,,0,,3,,#N/A
21,2/4/25,2,S2,CTA102 / 21,CTA S2,,11,2026,,,0,,3,,#N/A
21,2/4/25,3,S2,CTA102 / 21,CTA S2,,11,2026,,,0,,3,,#N/A
21,2/4/25,4,S2,MAT702 / 24,ALGEBRA II B,JENNIFER REILLY,11,2026,C-,2.04 pts,2.67,,3,,Yes
21,2/4/25,5,S2,ASL504 / 25,AMERICAN SIGN LANGUAGE II/B,TAMI GRANT,11,2026,A,4.00 pts,4,,3,,#N/A
21,2/4/25,6,S2,ENG702 / 26,JUNIOR ENG/B,JOHN CARVER,11,2026,B+,3.35 pts,3,,3,,#N/A
21,2/4/25,1,S2,FAR506 / 21,CONCERT CHOIR /B,DAVID DUARTE,10,2027,A-,3.45 pts,7.43,,4,,#N/A
21,2/4/25,2,S2,SPA502 / 22,SPANISH I B,ARELI LOPEZ LOPEZ,10,2027,C-,2.19 pts,5,,4,,#N/A
21,2/4/25,3,S2,SOC109 / 23,WORLD HISTORY/B,RYAN ISAACSON,10,2027,D,1.65 pts,4.14,,4,,#N/A
21,2/4/25,4,S2,SCI602 / 24,BIOLOGY B,GRANT MERRILL,10,2027,F,1.20 pts,6.29,,4,,Yes
21,2/4/25,5,S2,ENG602 / 25,SOPH ENG/B,MARCEE SALAS,10,2027,B-,2.79 pts,4.57,,4,,Yes
21,2/4/25,6,S2,MAT523 / 46,GEOMETRY B,ROCHELLE AITON,10,2027,C-,2.07 pts,4.86,,4,,#N/A
21,2/4/25,1,S2,VOC706 / 21,DIGITAL PHOTOGRAPHY II,ROSANNA RUFF,11,2026,B+,3.22 pts,0.57,,5,,#N/A
21,2/4/25,2,S2,SCI504 / 42,PHYSICAL SCIENCE B,WILLIAM BAUR,11,2026,C,2.33 pts,0.71,,5,,#N/A
21,2/4/25,3,S2,BUS302 / 23,PERSONAL FINANCE B,NICOLE SIMEK,11,2026,C,2.27 pts,0.86,,5,,Yes
21,2/4/25,4,S2,SOC702 / 24,US HISTORY/B,DAVE HAJEK,11,2026,C,2.27 pts,2,,5,,#N/A
21,2/4/25,5,S2,ENG702 / 25,JUNIOR ENG/B,JOHN CARVER,11,2026,C+,2.52 pts,1.71,,5,,#N/A
21,2/4/25,6,S2,HFL113 / 26,INTRO CULINARY ART,ALEXANDRA YOST,11,2026,A,3.92 pts,1.29,,5,,#N/A
21,2/4/25,1,S2,VOC620 / 21,METAL CRAFTS & PRODUCTION I,DONALD O'BRIEN,10,2027,,0.33 pts,0,,6,,#N/A
21,2/4/25,2,S2,PED500 / 22,WEIGHT TRAINING,SCOTT BOOTHBY,10,2027,,4.00 pts,0,,6,,#N/A
21,2/4/25,3,S2,SOC109 / 23,WORLD HISTORY/B,RYAN ISAACSON,10,2027,B+,3.23 pts,1,,6,,#N/A
21,2/4/25,4,S2,MAT523 / 24,GEOMETRY B,ROCHELLE AITON,10,2027,B-,2.74 pts,1,John L,6,Active,Yes
21,2/4/25,5,S2,ENG602 / 25,SOPH ENG/B,MARCEE SALAS,10,2027,C+,2.57 pts,1,Pat,6,Active,Yes
21,2/4/25,6,S2,SCI602 / 46,BIOLOGY B,WILLIAM BAUR,10,2027,B,3.18 pts,1,Mimi,6,Active,Yes
21,2/4/25,1,S2,ENG802 / 21,SENIOR ENG/B,HEATHER CARVER,12,2025,F,0.46 pts,11,,7,,#N/A
21,2/4/25,2,S2,BUS302 / 22,PERSONAL FINANCE B,NICOLE SIMEK,12,2025,W,0.79 pts,8.71,,7,,Yes
21,2/4/25,3,S2,ONT401 / 23,ON-TRACK/B,BRIAN ANDERSON,12,2025,U,0.20 pts,10.71,,7,,#N/A
21,2/4/25,4,S2,ENG716 / 24,DRAMATIC LITERATURE,KELLY GREGERSEN,12,2025,F,0.89 pts,11.14,,7,,#N/A
21,2/4/25,5,S2,CTE101 / 25,MEDICAL CAREER & TERMS/B,DONNA SCHATZ,12,2025,B-,2.86 pts,10.29,,7,,#N/A
21,2/4/25,6,S2,SOC801 / 26,CONTEMPORARY WORLD ISSUES,JIM REED,12,2025,F,1.06 pts,11.57,,7,,#N/A
21,2/4/25,1,S2,FAR721 / 21,PANTHER PLAYERS/B,KELLY GREGERSEN,11,2026,B+,3.36 pts,7.29,,46,,#N/A
21,2/4/25,2,S2,SCI610 / 22,CHEMISTRY/B,GRANT MERRILL,11,2026,F,1.20 pts,7.29,,46,,Yes
21,2/4/25,3,S2,MAT702 / 23,ALGEBRA II B,JENNIFER REILLY,11,2026,C+,2.54 pts,7.29,,46,,Yes
21,2/4/25,4,S2,ENG716 / 24,DRAMATIC LITERATURE,KELLY GREGERSEN,11,2026,C+,2.65 pts,7.29,,46,,#N/A
21,2/4/25,5,S2,SOC702 / 25,US HISTORY/B,DAVE HAJEK,11,2026,C,2.24 pts,7.29,,46,,#N/A
21,2/4/25,6,S2,SPA502 / 26,SPANISH I B,ARELI LOPEZ LOPEZ,11,2026,B-,2.79 pts,7.29,,46,,#N/A
21,2/4/25,1,S2,FAR721 / 21,PANTHER PLAYERS/B,KELLY GREGERSEN,12,2025,B+,3.35 pts,3.71,,8,,#N/A
21,2/4/25,2,S2,BUS302 / 22,PERSONAL FINANCE B,NICOLE SIMEK,12,2025,F,0.73 pts,6,,8,,Yes
21,2/4/25,3,S2,HFL113 / 23,INTRO CULINARY ART,ALEXANDRA YOST,12,2025,W,2.22 pts,2.57,,8,,#N/A
21,2/4/25,4,S2,ENG718 / 24,AP LITERATURE/COMPOSITION B,HEATHER CARVER,12,2025,C+,2.58 pts,5.43,,8,,#N/A
21,2/4/25,5,S2,SOC801 / 25,CONTEMPORARY WORLD ISSUES,SCOTT BOOTHBY,12,2025,C+,2.56 pts,5.43,,8,,#N/A
21,2/4/25,6,S2,SCI504 / 26,PHYSICAL SCIENCE B,JAMES BENNETT,12,2025,D+,1.81 pts,5.43,,8,,#N/A
21,2/4/25,1,S2,PED513 / 21,TEAM GAMES,SCOTT DIZMANG,10,2027,A,4.00 pts,1,,9,,#N/A
21,2/4/25,2,S2,SOC109 / 22,WORLD HISTORY/B,DAVID HOLLINGSWORTH,10,2027,B+,3.24 pts,1,,9,,#N/A
21,2/4/25,3,S2,HFL116 / 23,BAKING PASTRY ARTS I,KAYLA PAYNE,10,2027,A,4.00 pts,1,,9,,#N/A
21,2/4/25,4,S2,SCI602 / 24,BIOLOGY B,GRANT MERRILL,10,2027,C,2.40 pts,1.29,,9,,Yes
21,2/4/25,5,S2,MAT523 / 25,GEOMETRY B,BRIAN ANDERSON,10,2027,B,2.99 pts,1.14,Linda,9,Active,Yes
21,2/4/25,6,S2,ENG602 / 26,SOPH ENG/B,MARCEE SALAS,10,2027,D+,1.84 pts,1,,9,,#N/A
21,2/4/25,1,S2,MAT523 / 21,GEOMETRY B,ROCHELLE AITON,10,2027,C-,2.15 pts,3.43,John L,10,Active,Yes
21,2/4/25,2,S2,ENG602 / 22,SOPH ENG/B,KELLY GREGERSEN,10,2027,B,3.02 pts,3.29,,10,,Yes
21,2/4/25,3,S2,SOC109 / 23,WORLD HISTORY/B,RYAN ISAACSON,10,2027,C,2.39 pts,3.29,,10,,#N/A
21,2/4/25,4,S2,HFL119 / 24,ADV CULINARY ARTS B,ALEXANDRA YOST,10,2027,A,3.98 pts,3,,10,,#N/A
21,2/4/25,5,S2,PED500 / 25,WEIGHT TRAINING,SCOTT DIZMANG,10,2027,A-,3.50 pts,3,,10,,#N/A
21,2/4/25,6,S2,SCI602 / 26,BIOLOGY B,GRANT MERRILL,10,2027,C-,2.18 pts,3.14,,10,,Yes
21,2/4/25,1,S2,SPA602 / 21,SPANISH II B,ARELI LOPEZ LOPEZ,11,2026,A-,3.58 pts,3,,11,,#N/A
21,2/4/25,2,S2,HFL115 / 22,ADVANCED PASTRY ARTS I,KAYLA PAYNE,11,2026,A,3.97 pts,3,,11,,#N/A
21,2/4/25,3,S2,MAT702 / 23,ALGEBRA II B,JENNIFER REILLY,11,2026,B-,2.87 pts,3.43,,11,,Yes
21,2/4/25,4,S2,CTE115 / 24,ENGINEERING B,JASON BLAESING,11,2026,B+,3.39 pts,3.29,,11,,#N/A
21,2/4/25,5,S2,SOC704 / 25,AP US HISTORY B,RYAN ISAACSON,11,2026,A,4.00 pts,3,,11,,#N/A
21,2/4/25,6,S2,ENG702 / 26,JUNIOR ENG/B,JOHN CARVER,11,2026,B-,2.81 pts,3.14,,11,,#N/A
21,2/4/25,1,S2,CTE115 / 21,ENGINEERING B,JASON BLAESING,11,2026,D+,1.97 pts,2,,12,,#N/A
21,2/4/25,2,S2,VOC705 / 22,DIGITAL PHOTOGRAPHY I,ROSANNA RUFF,11,2026,B+,3.33 pts,2,,12,,#N/A
21,2/4/25,3,S2,PED500 / 23,WEIGHT TRAINING,SCOTT BOOTHBY,11,2026,A,3.88 pts,2.14,,12,,#N/A
21,2/4/25,4,S2,SOC702 / 24,US HISTORY/B,DAVE HAJEK,11,2026,F,0.55 pts,2,,12,,#N/A
21,2/4/25,5,S2,BUS302 / 25,PERSONAL FINANCE B,NICOLE SIMEK,11,2026,C,2.41 pts,2,,12,,Yes
21,2/4/25,6,S2,ENG702 / 26,JUNIOR ENG/B,JOHN CARVER,11,2026,C,2.20 pts,2,,12,,#N/A
21,2/4/25,1,S2,MAT523 / 21,GEOMETRY B,ROCHELLE AITON,10,2027,F,1.30 pts,4.29,John L,13,Active,Yes
21,2/4/25,2,S2,ENG602 / 22,SOPH ENG/B,KELLY GREGERSEN,10,2027,D+,1.84 pts,4,,13,,Yes
21,2/4/25,3,S2,SCI602 / 43,BIOLOGY B,DONNA SCHATZ,10,2027,B+,3.30 pts,4,,13,,#N/A
21,2/4/25,4,S2,SCI504 / 44,PHYSICAL SCIENCE B,WILLIAM BAUR,10,2027,D,1.65 pts,4.14,,13,,#N/A
21,2/4/25,5,S2,HFL116 / 25,BAKING PASTRY ARTS I,KAYLA PAYNE,10,2027,A-,3.57 pts,4,,13,,#N/A
21,2/4/25,6,S2,SOC109 / 46,WORLD HISTORY/B,DAVE HAJEK,10,2027,F,1.47 pts,4,,13,,#N/A
21,2/4/25,1,S2,ENG702 / 21,JUNIOR ENG/B,JOHN CARVER,11,2026,C,2.31 pts,1.71,,14,,#N/A
21,2/4/25,2,S2,VOC107 / 22,METALS MANUF & TECHNOLOGY II,DONALD O'BRIEN,11,2026,A-,3.55 pts,1.43,,14,,#N/A
21,2/4/25,3,S2,MAT702 / 23,ALGEBRA II B,JENNIFER REILLY,11,2026,F,0.97 pts,0.86,,14,Active,Yes
21,2/4/25,4,S2,SCI504 / 24,PHYSICAL SCIENCE B,JAMES BENNETT,11,2026,B-,2.76 pts,1.29,,14,,#N/A
21,2/4/25,5,S2,SOC702 / 25,US HISTORY/B,DAVE HAJEK,11,2026,C,2.29 pts,1.29,,14,,#N/A
21,2/4/25,1,S2,SPA602 / 21,SPANISH II B,ARELI LOPEZ LOPEZ,10,2027,B-,2.84 pts,0,,15,,#N/A
21,2/4/25,2,S2,ENG602 / 22,SOPH ENG/B,KELLY GREGERSEN,10,2027,C+,2.50 pts,0,,15,,Yes
21,2/4/25,3,S2,SCI602 / 23,BIOLOGY B,GRANT MERRILL,10,2027,F,1.46 pts,0.14,Linda,15,Active,Yes
21,2/4/25,4,S2,MAT523 / 24,GEOMETRY B,ROCHELLE AITON,10,2027,D,1.78 pts,0,,15,,Yes
21,2/4/25,5,S2,VOC502 / 25,FINE ARTS WOODWORKING I,BRENT MANSELL,10,2027,A,4.00 pts,0,,15,,#N/A
21,2/4/25,6,S2,SOC109 / 26,WORLD HISTORY/B,RYAN ISAACSON,10,2027,F,1.38 pts,0,,15,,#N/A
21,2/4/25,1,S2,SOC109 / 21,WORLD HISTORY/B,DAVID HOLLINGSWORTH,10,2027,A-,3.57 pts,0.71,,16,,#N/A
21,2/4/25,2,S2,FAR108 / 22,CERAMICS I,ROBERT YEE,10,2027,C-,2.05 pts,0.43,,16,,#N/A
21,2/4/25,3,S2,MAT523 / 23,GEOMETRY B,ROCHELLE AITON,10,2027,F,1.48 pts,0.43,,16,,Yes
21,2/4/25,4,S2,SCI504 / 44,PHYSICAL SCIENCE B,WILLIAM BAUR,10,2027,C,2.20 pts,0,,16,,#N/A
21,2/4/25,5,S2,HFL116 / 25,BAKING PASTRY ARTS I,KAYLA PAYNE,10,2027,A,3.91 pts,0,,16,,#N/A
21,2/4/25,6,S2,ENG602 / 26,SOPH ENG/B,MARCEE SALAS,10,2027,B,2.95 pts,0,,16,,#N/A
21,2/4/25,1,S2,MAT523 / 21,GEOMETRY B,ROCHELLE AITON,10,2027,,,1,,17,,Yes
21,2/4/25,2,S2,ENG602 / 22,SOPH ENG/B,KELLY GREGERSEN,10,2027,C-,2.11 pts,4.74,,17,,Yes
21,2/4/25,3,S2,SCI602 / 43,BIOLOGY B,DONNA SCHATZ,10,2027,D+,1.80 pts,4.43,,17,,#N/A
21,2/4/25,4,S2,SOC109 / 24,WORLD HISTORY/B,DAVID HOLLINGSWORTH,10,2027,B-,2.74 pts,6.43,,17,,#N/A
21,2/4/25,5,S2,HFL116 / 25,BAKING PASTRY ARTS I,KAYLA PAYNE,10,2027,A-,3.59 pts,5,,17,,#N/A
21,2/4/25,1,S2,PED500 / 21,WEIGHT TRAINING,SCOTT BOOTHBY,12,2025,,2.00 pts,0.14,,18,,#N/A
21,2/4/25,2,S2,BUS302 / 22,PERSONAL FINANCE B,NICOLE SIMEK,12,2025,D+,1.96 pts,5.29,,18,,Yes
21,2/4/25,3,S2,SOC801 / 23,CONTEMPORARY WORLD ISSUES,JIM REED,12,2025,C+,2.63 pts,5.71,,18,,#N/A
21,2/4/25,5,S2,ONT401 / 25,ON-TRACK/B,ROBERT YEE,12,2025,F,0.00 pts,4.86,,18,,#N/A
21,2/4/25,6,S2,ENG802 / 26,SENIOR ENG/B,HEATHER CARVER,12,2025,B-,2.70 pts,5,,18,,#N/A
21,2/4/25,1,S2,HFL114 / 21,FAMILY HEALTH,THOMAS KESSINGER,9,2028,A,3.68 pts,1,,2,,#N/A
21,2/4/25,2,S2,ASL502 / 22,AMERICAN  SIGN LANGUAGE I/B,KYLA RITCHEY,9,2028,B,3.09 pts,1,,2,,#N/A
21,2/4/25,3,S2,MAT521 / 43,ALGEBRA I B,JANET GROVE,9,2028,C+,2.58 pts,1,,2,,#N/A
21,2/4/25,4,S2,SCI504 / 24,PHYSICAL SCIENCE B,JAMES BENNETT,9,2028,C-,2.15 pts,1.14,,2,,#N/A
21,2/4/25,5,S2,VOC705 / 25,DIGITAL PHOTOGRAPHY I,ROSANNA RUFF,9,2028,B-,2.72 pts,1.43,,2,,#N/A
21,2/4/25,6,S2,ENG502 / 26,FR ENGLISH/B,DAVID HOLLINGSWORTH,9,2028,A,3.72 pts,1.57,,2,,Yes
21,2/4/25,1,S2,CTE115 / 21,ENGINEERING B,JASON BLAESING,11,2026,C,2.23 pts,0,,19,,#N/A
21,2/4/25,2,S2,FAR108 / 22,CERAMICS I,ROBERT YEE,11,2026,C-,2.05 pts,0,,19,,#N/A
21,2/4/25,3,S2,PED101 / 23,PHYSICAL EDUCATION,SCOTT DIZMANG,11,2026,A-,3.53 pts,0,,19,,#N/A
21,2/4/25,4,S2,ENG702 / 24,JUNIOR ENG/B,JOHN CARVER,11,2026,B+,3.24 pts,0.14,,19,,#N/A
21,2/4/25,5,S2,SOC704 / 25,AP US HISTORY B,RYAN ISAACSON,11,2026,F,1.03 pts,0,,19,,#N/A
21,2/4/25,6,S2,MAT702 / 26,ALGEBRA II B,JASON BLAESING,11,2026,C+,2.59 pts,0,Larry,19,Active,Yes
21,2/4/25,1,S2,ENG602 / 21,SOPH ENG/B,MARCEE SALAS,10,2027,B+,3.33 pts,6.14,,20,,#N/A
21,2/4/25,2,S2,MAT523 / 42,GEOMETRY B,BRIAN ANDERSON,10,2027,C,2.39 pts,6,,20,,#N/A
21,2/4/25,3,S2,FAR109 / 23,CERAMICS II,ROBERT YEE,10,2027,,,1,,20,,#N/A
21,2/4/25,4,S2,SCI602 / 24,BIOLOGY B,GRANT MERRILL,10,2027,A-,3.41 pts,6,,20,,Yes
21,2/4/25,5,S2,CTE101 / 25,MEDICAL CAREER & TERMS/B,DONNA SCHATZ,10,2027,C-,2.13 pts,6,,20,,#N/A
21,2/4/25,6,S2,SOC109 / 46,WORLD HISTORY/B,DAVE HAJEK,10,2027,B-,2.77 pts,6.14,,20,,#N/A
21,2/4/25,1,S2,SOC702 / 21,US HISTORY/B,DAVE HAJEK,11,2026,F,0.68 pts,5.14,,21,,#N/A
21,2/4/25,2,S2,MAT523 / 22,GEOMETRY B,ROCHELLE AITON,11,2026,F,0.48 pts,6.43,,21,,Yes
21,2/4/25,3,S2,BUS302 / 23,PERSONAL FINANCE B,NICOLE SIMEK,11,2026,C,2.39 pts,6.29,,21,,Yes
21,2/4/25,4,S2,HFL119 / 24,ADV CULINARY ARTS B,ALEXANDRA YOST,11,2026,A,3.97 pts,6.57,,21,,#N/A
21,2/4/25,5,S2,ENG702 / 25,JUNIOR ENG/B,JOHN CARVER,11,2026,C-,2.10 pts,6.71,,21,,#N/A
21,2/4/25,6,S2,FAR113 / 26,INTRO TO ART AND DESIGN,ROBERT YEE,11,2026,,3.00 pts,5.14,,21,,#N/A
21,2/4/25,1,S2,PED513 / 21,TEAM GAMES,SCOTT DIZMANG,11,2026,A,4.00 pts,2.43,,22,,#N/A
21,2/4/25,2,S2,HFL115 / 22,ADVANCED PASTRY ARTS I,KAYLA PAYNE,11,2026,A,3.99 pts,2.43,,22,,#N/A
21,2/4/25,3,S2,MAT702 / 23,ALGEBRA II B,JENNIFER REILLY,11,2026,C,2.39 pts,2.43,,22,,Yes
21,2/4/25,4,S2,SCI504 / 44,PHYSICAL SCIENCE B,WILLIAM BAUR,11,2026,B+,3.35 pts,2,,22,,#N/A
21,2/4/25,5,S2,SOC702 / 25,US HISTORY/B,DAVE HAJEK,11,2026,B,2.99 pts,2.57,,22,,#N/A
21,2/4/25,6,S2,ENG702 / 26,JUNIOR ENG/B,JOHN CARVER,11,2026,B-,2.81 pts,2.43,,22,,#N/A
21,2/4/25,1,S2,MAT705 / 21,PRE-CALC B MAT 154,BRIAN ANDERSON,12,2025,C-,2.01 pts,1.25,,24,,#N/A
21,2/4/25,2,S2,RUN102 / 22,RUNNING START/B,,12,2025,,,0,,24,,#N/A
21,2/4/25,3,S2,RUN102 / 23,RUNNING START/B,,12,2025,,,0,,24,,#N/A
21,2/4/25,4,S2,RUN102 / 24,RUNNING START/B,,12,2025,,,0,,24,,#N/A
21,2/4/25,5,S2,ENG802 / 25,SENIOR ENG/B,HEATHER CARVER,12,2025,B,3.13 pts,1,,24,,#N/A
21,2/4/25,6,S2,SOC801 / 26,CONTEMPORARY WORLD ISSUES,JIM REED,12,2025,A,3.99 pts,1.5,,24,,#N/A
21,2/4/25,1,S2,PED500 / 21,WEIGHT TRAINING,SCOTT BOOTHBY,9,2028,B,3.17 pts,1,,25,,#N/A
21,2/4/25,2,S2,SCI504 / 42,PHYSICAL SCIENCE B,WILLIAM BAUR,9,2028,F,1.20 pts,1,,25,,#N/A
21,2/4/25,3,S2,FAR108 / 23,CERAMICS I,ROBERT YEE,9,2028,A,3.95 pts,1,,25,,#N/A
21,2/4/25,4,S2,CTE230 / 24,SOCIAL MEDIA MARKETING I,NICOLE SIMEK,9,2028,D+,1.94 pts,1,,25,,#N/A
21,2/4/25,5,S2,MAT521 / 25,ALGEBRA I B,KEVIN REILLY,9,2028,C+,2.69 pts,1,,25,,#N/A
21,2/4/25,6,S2,ENG502 / 26,FR ENGLISH/B,DAVID HOLLINGSWORTH,9,2028,D,1.69 pts,1,,25,,Yes
21,2/4/25,1,S2,ENG702 / 21,JUNIOR ENG/B,JOHN CARVER,11,2026,F,1.05 pts,17.71,,26,,#N/A
21,2/4/25,2,S2,SCI504 / 22,PHYSICAL SCIENCE B,JAMES BENNETT,11,2026,C,2.35 pts,15.57,,26,,#N/A
21,2/4/25,4,S2,SOC702 / 24,US HISTORY/B,DAVE HAJEK,11,2026,D,1.71 pts,12.14,,26,,#N/A
21,2/4/25,6,S2,FAR113 / 26,INTRO TO ART AND DESIGN,ROBERT YEE,11,2026,F,0.00 pts,15.29,,26,,#N/A
21,2/4/25,2,S2,SCI504 / 42,PHYSICAL SCIENCE B,WILLIAM BAUR,11,2026,B+,3.33 pts,6.71,,29,,#N/A
21,2/4/25,3,S2,ENG720 / 23,AP LANGUAGE/ COMPOSITON B,HEATHER CARVER,11,2026,D+,1.88 pts,6.14,,29,,#N/A
21,2/4/25,5,S2,CTE502 / 25,PROJECT IN  LEADERSHIP/B,KYLA RITCHEY,11,2026,A,3.64 pts,4,,29,,#N/A
21,2/4/25,6,S2,SOC702 / 26,US HISTORY/B,SCOTT BOOTHBY,11,2026,B-,2.71 pts,6.43,Melanie,29,Active,Yes
21,2/4/25,1,S2,ENG802 / 21,SENIOR ENG/B,HEATHER CARVER,12,2025,F,0.49 pts,1.43,,27,,#N/A
21,2/4/25,2,S2,BUS302 / 22,PERSONAL FINANCE B,NICOLE SIMEK,12,2025,F,0.66 pts,1.29,,27,,Yes
21,2/4/25,3,S2,ONT401 / 23,ON-TRACK/B,BRIAN ANDERSON,12,2025,U,0.15 pts,1.14,,27,,#N/A
21,2/4/25,4,S2,SOC801 / 24,CONTEMPORARY WORLD ISSUES,JIM REED,12,2025,F,0.69 pts,1.29,,27,,#N/A
21,2/4/25,5,S2,CTE101 / 25,MEDICAL CAREER & TERMS/B,DONNA SCHATZ,12,2025,F,1.39 pts,1.29,,27,,#N/A
21,2/4/25,6,S2,ENG715 / 26,FILM AS LITERATURE,KELLY GREGERSEN,12,2025,F,1.51 pts,1.14,,27,,#N/A
21,2/4/25,1,S2,ENG602 / 21,SOPH ENG/B,MARCEE SALAS,10,2027,C+,2.69 pts,2,,28,,#N/A
21,2/4/25,2,S2,SCI602 / 42,BIOLOGY B,DONNA SCHATZ,10,2027,B-,2.70 pts,2.29,,28,,#N/A
21,2/4/25,3,S2,ASL502 / 23,AMERICAN  SIGN LANGUAGE I/B,KYLA RITCHEY,10,2027,B,2.96 pts,2,,28,,#N/A
21,2/4/25,4,S2,MAT523 / 24,GEOMETRY B,ROCHELLE AITON,10,2027,F,1.33 pts,2,,28,,Yes
21,2/4/25,5,S2,HFL116 / 25,BAKING PASTRY ARTS I,KAYLA PAYNE,10,2027,A,3.77 pts,2,,28,,#N/A
21,2/4/25,6,S2,SOC109 / 26,WORLD HISTORY/B,RYAN ISAACSON,10,2027,F,1.61 pts,2.43,,28,,#N/A
21,2/4/25,1,S2,ENG802 / 21,SENIOR ENG/B,HEATHER CARVER,12,2025,C,2.46 pts,7.57,,30,,#N/A
21,2/4/25,2,S2,ASL504 / 22,AMERICAN SIGN LANGUAGE II/B,TAMI GRANT,12,2025,A-,3.47 pts,5.43,,30,,#N/A
21,2/4/25,3,S2,HFL113 / 23,INTRO CULINARY ART,ALEXANDRA YOST,12,2025,B,3.03 pts,6.43,,30,,#N/A
21,2/4/25,4,S2,SOC801 / 24,CONTEMPORARY WORLD ISSUES,JIM REED,12,2025,A,3.60 pts,6,,30,,#N/A
21,2/4/25,5,S2,BUS302 / 25,PERSONAL FINANCE B,NICOLE SIMEK,12,2025,B+,3.23 pts,5.43,,30,,Yes
21,2/4/25,6,S2,VOC621 / 26,METAL CRAFTS & PRODUCTION II,DONALD O'BRIEN,12,2025,B,2.97 pts,6.57,,30,,#N/A
21,2/4/25,1,S2,SOC109 / 21,WORLD HISTORY/B,DAVID HOLLINGSWORTH,10,2027,A,3.77 pts,2.14,,32,,#N/A
21,2/4/25,2,S2,HFL114 / 22,FAMILY HEALTH,THOMAS KESSINGER,10,2027,A,3.90 pts,2,,32,,#N/A
21,2/4/25,3,S2,SCI602 / 43,BIOLOGY B,DONNA SCHATZ,10,2027,B+,3.31 pts,2,,32,,#N/A
21,2/4/25,4,S2,MAT523 / 24,GEOMETRY B,ROCHELLE AITON,10,2027,D,1.77 pts,3.29,,32,,Yes
21,2/4/25,5,S2,ASL504 / 25,AMERICAN SIGN LANGUAGE II/B,TAMI GRANT,10,2027,B,2.92 pts,3.14,,32,,#N/A
21,2/4/25,6,S2,ENG602 / 26,SOPH ENG/B,MARCEE SALAS,10,2027,C,2.43 pts,3.14,,32,,#N/A
21,2/4/25,1,S2,PED513 / 21,TEAM GAMES,SCOTT DIZMANG,10,2027,A,4.00 pts,1.43,,33,,#N/A
21,2/4/25,2,S2,MAT523 / 22,GEOMETRY B,ROCHELLE AITON,10,2027,F,1.15 pts,1.43,,33,,Yes
21,2/4/25,3,S2,ASL502 / 23,AMERICAN  SIGN LANGUAGE I/B,KYLA RITCHEY,10,2027,C+,2.55 pts,1.43,,33,,#N/A
21,2/4/25,4,S2,SOC109 / 24,WORLD HISTORY/B,DAVID HOLLINGSWORTH,10,2027,F,1.10 pts,1.43,,33,,#N/A
21,2/4/25,5,S2,ENG602 / 25,SOPH ENG/B,MARCEE SALAS,10,2027,F,1.15 pts,1.43,,33,,Yes
21,2/4/25,6,S2,SCI602 / 46,BIOLOGY B,WILLIAM BAUR,10,2027,F,0.24 pts,1.71,,33,,Yes
21,2/4/25,1,S2,VOC504 / 21,ADV FINE ARTS WOODWORKING I,BRENT MANSELL,10,2027,F,1.31 pts,12.71,,34,,#N/A
21,2/4/25,2,S2,ENG602 / 22,SOPH ENG/B,KELLY GREGERSEN,10,2027,F,0.84 pts,9,Cindy,34,Active,Yes
21,2/4/25,3,S2,MAT523 / 23,GEOMETRY B,ROCHELLE AITON,10,2027,F,0.95 pts,12.43,,34,,Yes
21,2/4/25,4,S2,PED513 / 24,TEAM GAMES,SCOTT DIZMANG,10,2027,F,0.68 pts,12.71,,34,,#N/A
21,2/4/25,5,S2,SCI602 / 25,BIOLOGY B,GRANT MERRILL,10,2027,F,0.48 pts,10.29,,34,,#N/A
21,2/4/25,6,S2,SOC109 / 26,WORLD HISTORY/B,RYAN ISAACSON,10,2027,F,0.59 pts,9.43,,34,,#N/A
21,2/4/25,1,S2,ENG802 / 21,SENIOR ENG/B,HEATHER CARVER,12,2025,D+,1.95 pts,1,,35,,#N/A
21,2/4/25,2,S2,SCI504 / 22,PHYSICAL SCIENCE B,JAMES BENNETT,12,2025,C-,2.13 pts,2.57,,35,,#N/A
21,2/4/25,3,S2,SOC801 / 23,CONTEMPORARY WORLD ISSUES,JIM REED,12,2025,C-,2.13 pts,1.14,,35,,#N/A
21,2/4/25,4,S2,MAT521 / 24,ALGEBRA I B,KEVIN REILLY,12,2025,D,1.73 pts,1.57,,35,,#N/A
21,2/4/25,5,S2,ONT401 / 25,ON-TRACK/B,ROBERT YEE,12,2025,C-,2.00 pts,2.29,,35,,#N/A
21,2/4/25,6,S2,SCI602 / 46,BIOLOGY B,WILLIAM BAUR,12,2025,D+,1.97 pts,2.14,,35,,Yes
21,2/4/25,1,S2,CTE115 / 21,ENGINEERING B,JASON BLAESING,11,2026,D,1.67 pts,0,,36,,#N/A
21,2/4/25,2,S2,MAT702 / 22,ALGEBRA II B,JASON BLAESING,11,2026,D+,1.94 pts,0,Larry,36,Active,Yes
21,2/4/25,3,S2,FAR604 / 23,SCENE DESIGN,KELLY GREGERSEN,11,2026,B,2.94 pts,0,,36,,#N/A
21,2/4/25,4,S2,ENG702 / 24,JUNIOR ENG/B,JOHN CARVER,11,2026,C+,2.62 pts,0,,36,,#N/A
21,2/4/25,5,S2,SOC702 / 25,US HISTORY/B,DAVE HAJEK,11,2026,C+,2.57 pts,0.29,,36,,#N/A
21,2/4/25,6,S2,FAR543 / 26,WIND ENSEMB/B,DAVID DUARTE,11,2026,A,3.66 pts,0.43,,36,,#N/A
21,2/4/25,1,S2,PED500 / 21,WEIGHT TRAINING,SCOTT BOOTHBY,11,2026,C+,2.50 pts,10.14,,37,,#N/A
21,2/4/25,2,S2,SCI504 / 22,PHYSICAL SCIENCE B,JAMES BENNETT,11,2026,F,0.85 pts,9.86,,37,,#N/A
21,2/4/25,3,S2,ONT401 / 23,ON-TRACK/B,BRIAN ANDERSON,11,2026,U,0.20 pts,9.86,,37,,#N/A
21,2/4/25,4,S2,ENG716 / 24,DRAMATIC LITERATURE,KELLY GREGERSEN,11,2026,F,1.40 pts,10.29,,37,,#N/A
21,2/4/25,5,S2,BUS302 / 25,PERSONAL FINANCE B,NICOLE SIMEK,11,2026,F,0.65 pts,10.43,,37,,Yes
21,2/4/25,6,S2,SOC702 / 26,US HISTORY/B,SCOTT BOOTHBY,11,2026,F,1.08 pts,10.29,,37,,Yes
21,2/4/25,1,S2,MAT523 / 21,GEOMETRY B,ROCHELLE AITON,10,2027,F,1.43 pts,7.71,,38,,Yes
21,2/4/25,2,S2,VOC107 / 22,METALS MANUF & TECHNOLOGY II,DONALD O'BRIEN,10,2027,C-,2.00 pts,7,,38,,#N/A
21,2/4/25,3,S2,SCI602 / 43,BIOLOGY B,DONNA SCHATZ,10,2027,B,3.13 pts,6.71,,38,,#N/A
21,2/4/25,4,S2,SOC109 / 24,WORLD HISTORY/B,DAVID HOLLINGSWORTH,10,2027,C,2.48 pts,7,,38,,#N/A
21,2/4/25,5,S2,ENG602 / 25,SOPH ENG/B,MARCEE SALAS,10,2027,D+,1.92 pts,6.57,,38,,Yes
21,2/4/25,6,S2,PED500 / 26,WEIGHT TRAINING,SCOTT DIZMANG,10,2027,A,3.75 pts,6.86,,38,,#N/A
21,2/4/25,1,S2,VOC620 / 21,METAL CRAFTS & PRODUCTION I,DONALD O'BRIEN,10,2027,C-,2.00 pts,2.57,,39,,#N/A
21,2/4/25,2,S2,SOC109 / 22,WORLD HISTORY/B,DAVID HOLLINGSWORTH,10,2027,B,3.12 pts,2.57,,39,,#N/A
21,2/4/25,3,S2,MAT523 / 23,GEOMETRY B,ROCHELLE AITON,10,2027,F,1.17 pts,2.43,,39,,Yes
21,2/4/25,4,S2,VOC503 / 24,FINE ARTS WOODS II,BRENT MANSELL,10,2027,F,1.38 pts,2,,39,,#N/A
21,2/4/25,5,S2,ENG602 / 25,SOPH ENG/B,MARCEE SALAS,10,2027,D+,1.93 pts,2.14,,39,,Yes
21,2/4/25,6,S2,SCI602 / 46,BIOLOGY B,WILLIAM BAUR,10,2027,C-,2.15 pts,2,,39,,Yes
21,2/4/25,1,S2,ENG702 / 21,JUNIOR ENG/B,JOHN CARVER,11,2026,C,2.40 pts,1.14,,40,,#N/A
21,2/4/25,2,S2,MAT702 / 22,ALGEBRA II B,JASON BLAESING,11,2026,F,0.99 pts,1.43,,40,,Yes
21,2/4/25,3,S2,SCI504 / 43,PHYSICAL SCIENCE B,WILLIAM BAUR,11,2026,F,1.56 pts,1,,40,,#N/A
21,2/4/25,4,S2,VOC504 / 24,ADV FINE ARTS WOODWORKING I,BRENT MANSELL,11,2026,F,1.38 pts,1,,40,,#N/A
21,2/4/25,5,S2,SPA602 / 25,SPANISH II B,ARELI LOPEZ LOPEZ,11,2026,C,2.41 pts,1,,40,,#N/A
21,2/4/25,6,S2,SOC702 / 26,US HISTORY/B,SCOTT BOOTHBY,11,2026,B-,2.88 pts,1,,40,,Yes
21,2/4/25,1,S2,MAT702 / 21,ALGEBRA II B,JENNIFER REILLY,11,2026,B-,2.87 pts,6.29,,47,,#N/A
21,2/4/25,2,S2,SCI610 / 22,CHEMISTRY/B,GRANT MERRILL,11,2026,F,1.63 pts,6.29,,47,,Yes
21,2/4/25,3,S2,ASL504 / 23,AMERICAN SIGN LANGUAGE II/B,TAMI GRANT,11,2026,B+,3.22 pts,6,,47,,#N/A
21,2/4/25,4,S2,SOC702 / 24,US HISTORY/B,DAVE HAJEK,11,2026,D+,1.91 pts,6,,47,,#N/A
21,2/4/25,5,S2,PED500 / 25,WEIGHT TRAINING,SCOTT DIZMANG,11,2026,A,3.75 pts,6,,47,,#N/A
21,2/4/25,6,S2,ENG702 / 26,JUNIOR ENG/B,JOHN CARVER,11,2026,B,3.07 pts,6,,47,,#N/A
21,2/4/25,1,S2,ENG702 / 21,JUNIOR ENG/B,JOHN CARVER,11,2026,C,2.48 pts,0.86,,41,,#N/A
21,2/4/25,2,S2,SCI504 / 42,PHYSICAL SCIENCE B,WILLIAM BAUR,11,2026,C-,2.03 pts,0,,41,,#N/A
21,2/4/25,3,S2,ASL504 / 23,AMERICAN SIGN LANGUAGE II/B,TAMI GRANT,11,2026,A,3.86 pts,0.14,,41,,#N/A
21,2/4/25,4,S2,SOC702 / 24,US HISTORY/B,DAVE HAJEK,11,2026,D+,1.97 pts,0.43,,41,,#N/A
21,2/4/25,5,S2,MAT702 / 45,ALGEBRA II B,JENNIFER REILLY,11,2026,D+,1.82 pts,0.43,,41,,Yes
21,2/4/25,6,S2,FAR113 / 26,INTRO TO ART AND DESIGN,ROBERT YEE,11,2026,C-,2.12 pts,0.57,,41,,#N/A
21,2/4/25,1,S2,FAR607 / 21,ADVANCED ACTING/ B,KELLY GREGERSEN,12,2025,B,2.99 pts,1.14,,42,,#N/A
21,2/4/25,2,S2,SCI610 / 22,CHEMISTRY/B,GRANT MERRILL,12,2025,F,1.00 pts,1.14,Jay,42,Active,Yes
21,2/4/25,3,S2,ENG802 / 23,SENIOR ENG/B,JOHN CARVER,12,2025,F,1.03 pts,1.14,,42,,#N/A
21,2/4/25,4,S2,HFL119 / 24,ADV CULINARY ARTS B,ALEXANDRA YOST,12,2025,A,3.97 pts,1,,42,,#N/A
21,2/4/25,5,S2,BUS302 / 25,PERSONAL FINANCE B,NICOLE SIMEK,12,2025,C+,2.52 pts,1,,42,,Yes
21,2/4/25,6,S2,FAR543 / 26,WIND ENSEMB/B,DAVID DUARTE,12,2025,A,3.92 pts,1,,42,,#N/A
21,2/4/25,1,S2,ENG702 / 21,JUNIOR ENG/B,JOHN CARVER,11,2026,B-,2.86 pts,8.71,,43,,#N/A
21,2/4/25,2,S2,SCI504 / 22,PHYSICAL SCIENCE B,JAMES BENNETT,11,2026,C-,2.03 pts,8.43,Larry,43,Active,#N/A
21,2/4/25,3,S2,ASL504 / 23,AMERICAN SIGN LANGUAGE II/B,TAMI GRANT,11,2026,B+,3.25 pts,8.14,,43,,#N/A
21,2/4/25,4,S2,SOC702 / 24,US HISTORY/B,DAVE HAJEK,11,2026,B,2.98 pts,7.57,,43,,#N/A
21,2/4/25,5,S2,SOC106 / 25,AP PSYCHOLOGY B,JIM REED,11,2026,C-,2.07 pts,7.57,,43,,#N/A
21,2/4/25,6,S2,MAT702 / 26,ALGEBRA II B,JASON BLAESING,11,2026,F,1.49 pts,7.71,,43,,Yes
21,2/4/25,1,S2,MAT523 / 21,GEOMETRY B,ROCHELLE AITON,10,2027,F,0.00 pts,16.71,,44,,Yes
21,2/4/25,2,S2,SCI602 / 42,BIOLOGY B,DONNA SCHATZ,10,2027,C-,2.19 pts,13.43,,44,,#N/A
21,2/4/25,3,S2,FAR604 / 23,SCENE DESIGN,KELLY GREGERSEN,10,2027,C,2.48 pts,14.14,,44,,#N/A
21,2/4/25,4,S2,HFL113 / 24,INTRO CULINARY ART,KAYLA PAYNE,10,2027,A-,3.49 pts,12.14,,44,,#N/A
21,2/4/25,5,S2,ENG602 / 25,SOPH ENG/B,MARCEE SALAS,10,2027,F,1.00 pts,12.29,,44,,Yes
21,2/4/25,6,S2,SOC109 / 26,WORLD HISTORY/B,RYAN ISAACSON,10,2027,F,0.00 pts,15.57,,44,,#N/A
21,2/4/25,1,S2,PED101 / 21,PHYSICAL EDUCATION,KATHERINE STURDYVIN-SCOBBA,11,2026,A,3.95 pts,1.29,,45,,#N/A
21,2/4/25,2,S2,SCI610 / 22,CHEMISTRY/B,GRANT MERRILL,11,2026,D,1.69 pts,1.29,Jay,45,Active,Yes
21,2/4/25,3,S2,ENG720 / 23,AP LANGUAGE/ COMPOSITON B,HEATHER CARVER,11,2026,F,1.30 pts,1,,45,,#N/A
21,2/4/25,4,S2,CTE231 / 24,SOCIAL MEDIA MARKETING II,NICOLE SIMEK,11,2026,B+,3.35 pts,1,,45,,#N/A
21,2/4/25,5,S2,SOC704 / 25,AP US HISTORY B,RYAN ISAACSON,11,2026,B,2.93 pts,1,,45,,#N/A
21,2/4/25,6,S2,MAT702 / 26,ALGEBRA II B,JASON BLAESING,11,2026,D,1.73 pts,1,,45,,Yes
21,2/4/25,6,S2,MAT702 / 26,ALGEBRA II B,JASON BLAESING,11,2026,C+,2.54 pts,1,,50,,Yes
21,2/4/25,2,S2,ENG602 / 22,SOPH ENG/B,KELLY GREGERSEN,10,2027,B+,3.21 pts,3.43,,52,,Yes
21,2/4/25,4,S2,MAT523 / 24,GEOMETRY B,ROCHELLE AITON,10,2027,C,2.20 pts,2.14,,52,,Yes
21,2/4/25,2,S2,MAT523 / 22,GEOMETRY B,ROCHELLE AITON,10,2027,D,1.77 pts,11.43,,53,,Yes
21,2/4/25,4,S2,SCI602 / 24,BIOLOGY B,GRANT MERRILL,10,2027,F,1.49 pts,10,,53,,Yes
21,2/4/25,6,S2,MAT702 / 26,ALGEBRA II B,JASON BLAESING,10,2027,A,3.84 pts,0.14,,54,,Yes
21,2/4/25,2,S2,SCI610 / 22,CHEMISTRY/B,GRANT MERRILL,11,2026,F,1.18 pts,3.57,,55,,Yes
21,2/4/25,2,S2,MAT702 / 22,ALGEBRA II B,JASON BLAESING,11,2026,B-,2.83 pts,0.14,,56,,Yes
21,2/4/25,5,S2,MAT523 / 25,GEOMETRY B,BRIAN ANDERSON,10,2027,F,0.67 pts,2.86,,59,,Yes
21,2/4/25,2,S2,SCI610 / 22,CHEMISTRY/B,GRANT MERRILL,11,2026,C,2.34 pts,2.67,,60,,Yes
21,2/4/25,3,S2,MAT702 / 23,ALGEBRA II B,JENNIFER REILLY,11,2026,A-,3.50 pts,2.67,,60,,Yes
21,2/4/25,1,S2,ENG504 / 21,PRE-AP FRESHMAN ENGLISH/B,ANGELINA MERRILL,9,2028,B-,2.86 pts,0.57,,470,,Yes
21,2/4/25,2,S2,SCI610 / 22,CHEMISTRY/B,GRANT MERRILL,10,2027,W,1.51 pts,4.43,,471,,Yes
21,2/4/25,3,S2,MAT702 / 23,ALGEBRA II B,JENNIFER REILLY,10,2027,B-,2.87 pts,4.43,,471,,Yes
21,2/4/25,2,S2,BUS302 / 22,PERSONAL FINANCE B,NICOLE SIMEK,12,2025,B-,2.71 pts,6.29,,61,,Yes
21,2/4/25,5,S2,MAT523 / 25,GEOMETRY B,BRIAN ANDERSON,10,2027,F,1.17 pts,12.29,,63,,Yes
21,2/4/25,6,S2,ENG502 / 26,FR ENGLISH/B,DAVID HOLLINGSWORTH,9,2028,B+,3.38 pts,1.29,,472,,Yes
21,2/4/25,3,S2,BUS302 / 23,PERSONAL FINANCE B,NICOLE SIMEK,11,2026,F,1.57 pts,10.71,,65,,Yes
21,2/4/25,5,S2,MAT702 / 45,ALGEBRA II B,JENNIFER REILLY,11,2026,B,2.91 pts,10.29,,65,,Yes
21,2/4/25,2,S2,MAT702 / 22,ALGEBRA II B,JASON BLAESING,10,2027,B+,3.36 pts,8,,66,,Yes
21,2/4/25,5,S2,MAT702 / 45,ALGEBRA II B,JENNIFER REILLY,12,2025,F,0.97 pts,2.43,,473,,Yes
21,2/4/25,3,S2,MAT523 / 23,GEOMETRY B,ROCHELLE AITON,10,2027,D+,1.97 pts,4.29,,67,,Yes
21,2/4/25,6,S2,SOC702 / 26,US HISTORY/B,SCOTT BOOTHBY,11,2026,A,3.95 pts,6,,68,,Yes
21,2/4/25,3,S2,MAT523 / 23,GEOMETRY B,ROCHELLE AITON,10,2027,F,1.45 pts,1.86,,424,,Yes
21,2/4/25,3,S2,MAT523 / 23,GEOMETRY B,ROCHELLE AITON,9,2028,C,2.45 pts,7.57,,69,,Yes
21,2/4/25,1,S2,SCI504 / 21,PHYSICAL SCIENCE B,JAMES BENNETT,9,2028,D,1.68 pts,2.29,,70,,Yes
21,2/4/25,6,S2,ENG502 / 26,FR ENGLISH/B,DAVID HOLLINGSWORTH,9,2028,A,3.92 pts,2,,70,,Yes
21,2/4/25,6,S2,SOC702 / 26,US HISTORY/B,SCOTT BOOTHBY,11,2026,C,2.49 pts,0,,71,,Yes
21,2/4/25,1,S2,MAT523 / 21,GEOMETRY B,ROCHELLE AITON,10,2027,F,0.64 pts,15.57,,72,,Yes
21,2/4/25,5,S2,ENG602 / 25,SOPH ENG/B,MARCEE SALAS,10,2027,C+,2.66 pts,15.43,,72,,Yes
22,2/11/25,4,S2,MAT702 / 24,ALGEBRA II B,JENNIFER REILLY,11,2026,,,1,,3,,Yes
21,2/4/25,2,S2,MAT523 / 22,GEOMETRY B,ROCHELLE AITON,9,2028,B+,3.38 pts,5.29,,76,,Yes
21,2/4/25,5,S2,MAT702 / 45,ALGEBRA II B,JENNIFER REILLY,11,2026,A,4.00 pts,7,,475,,Yes
21,2/4/25,2,S2,ENG602 / 22,SOPH ENG/B,KELLY GREGERSEN,10,2027,C+,2.57 pts,9,,77,,Yes
21,2/4/25,3,S2,SCI602 / 23,BIOLOGY B,GRANT MERRILL,10,2027,B,2.98 pts,9,,77,,Yes
21,2/4/25,1,S2,ENG504 / 21,PRE-AP FRESHMAN ENGLISH/B,ANGELINA MERRILL,9,2028,A,3.79 pts,0,,476,,Yes
21,2/4/25,4,S2,MAT523 / 24,GEOMETRY B,ROCHELLE AITON,10,2027,C,2.27 pts,1.29,,425,,Yes
21,2/4/25,6,S2,MAT702 / 26,ALGEBRA II B,JASON BLAESING,10,2027,B-,2.87 pts,0.14,,477,,Yes
21,2/4/25,1,S2,MAT523 / 21,GEOMETRY B,ROCHELLE AITON,9,2028,F,1.63 pts,7.29,,79,,Yes
21,2/4/25,5,S2,MAT523 / 25,GEOMETRY B,BRIAN ANDERSON,10,2027,B-,2.82 pts,2.86,,80,,Yes
21,2/4/25,2,S2,SCI610 / 22,CHEMISTRY/B,GRANT MERRILL,12,2025,C-,2.10 pts,10.43,,82,,Yes
21,2/4/25,1,S2,MAT523 / 21,GEOMETRY B,ROCHELLE AITON,10,2027,C+,2.55 pts,5.14,,83,,Yes
21,2/4/25,1,S2,MAT523 / 21,GEOMETRY B,ROCHELLE AITON,10,2027,F,0.67 pts,1.14,,84,,Yes
21,2/4/25,6,S2,SOC702 / 26,US HISTORY/B,SCOTT BOOTHBY,11,2026,A,3.63 pts,0,,85,,Yes
21,2/4/25,2,S2,SCI610 / 22,CHEMISTRY/B,GRANT MERRILL,11,2026,C+,2.58 pts,3.86,,86,,Yes
21,2/4/25,6,S2,SOC702 / 26,US HISTORY/B,SCOTT BOOTHBY,11,2026,A-,3.56 pts,3.86,,86,,Yes
21,2/4/25,3,S2,MAT523 / 23,GEOMETRY B,ROCHELLE AITON,10,2027,F,0.63 pts,9.57,,88,,Yes
21,2/4/25,5,S2,ENG602 / 25,SOPH ENG/B,MARCEE SALAS,10,2027,F,1.09 pts,9.29,,88,,Yes
21,2/4/25,6,S2,SCI602 / 46,BIOLOGY B,WILLIAM BAUR,10,2027,F,0.22 pts,9.29,,88,,Yes
21,2/4/25,6,S2,MAT702 / 26,ALGEBRA II B,JASON BLAESING,10,2027,B+,3.35 pts,8.14,,89,,Yes
21,2/4/25,2,S2,BUS302 / 22,PERSONAL FINANCE B,NICOLE SIMEK,12,2025,W,0.21 pts,6.43,,426,,Yes
21,2/4/25,3,S2,BUS302 / 23,PERSONAL FINANCE B,NICOLE SIMEK,12,2025,A-,3.56 pts,2.43,,90,,Yes
21,2/4/25,5,S2,BUS302 / 25,PERSONAL FINANCE B,NICOLE SIMEK,12,2025,A,3.99 pts,16.5,,478,,Yes
21,2/4/25,3,S2,SCI602 / 23,BIOLOGY B,GRANT MERRILL,10,2027,W,0.15 pts,16.43,,92,,Yes
21,2/4/25,2,S2,BUS302 / 22,PERSONAL FINANCE B,NICOLE SIMEK,12,2025,A,3.99 pts,7.14,,93,,Yes
21,2/4/25,2,S2,ENG602 / 22,SOPH ENG/B,KELLY GREGERSEN,10,2027,F,1.07 pts,0.14,,94,,Yes
21,2/4/25,3,S2,BUS302 / 23,PERSONAL FINANCE B,NICOLE SIMEK,11,2026,B,3.06 pts,0,,479,,Yes
21,2/4/25,1,S2,ENG504 / 21,PRE-AP FRESHMAN ENGLISH/B,ANGELINA MERRILL,9,2028,A,3.61 pts,0,,480,,Yes
21,2/4/25,3,S2,BUS302 / 23,PERSONAL FINANCE B,NICOLE SIMEK,12,2025,A,3.73 pts,2.14,,481,,Yes
21,2/4/25,2,S2,BUS302 / 22,PERSONAL FINANCE B,NICOLE SIMEK,12,2025,B,3.12 pts,11.14,,96,,Yes
21,2/4/25,2,S2,BUS302 / 22,PERSONAL FINANCE B,NICOLE SIMEK,12,2025,A,3.71 pts,9.43,,97,,Yes
21,2/4/25,6,S2,ENG502 / 26,FR ENGLISH/B,DAVID HOLLINGSWORTH,9,2028,B-,2.81 pts,5.71,,98,,Yes
21,2/4/25,3,S2,SCI602 / 23,BIOLOGY B,GRANT MERRILL,10,2027,B,3.17 pts,0,,99,,Yes
21,2/4/25,2,S2,SCI610 / 22,CHEMISTRY/B,GRANT MERRILL,11,2026,A,3.76 pts,0.14,,100,,Yes
21,2/4/25,2,S2,SCI610 / 22,CHEMISTRY/B,GRANT MERRILL,11,2026,B+,3.20 pts,1.29,,101,,Yes
21,2/4/25,3,S2,SCI602 / 23,BIOLOGY B,GRANT MERRILL,10,2027,,3.03 pts,1.57,,482,,Yes
21,2/4/25,1,S2,MAT523 / 21,GEOMETRY B,ROCHELLE AITON,10,2027,B,3.19 pts,1,,102,,Yes
21,2/4/25,2,S2,ENG602 / 22,SOPH ENG/B,KELLY GREGERSEN,10,2027,A,3.80 pts,1,,102,,Yes
21,2/4/25,3,S2,SCI602 / 23,BIOLOGY B,GRANT MERRILL,10,2027,C+,2.54 pts,1.14,,102,,Yes
21,2/4/25,3,S2,MAT702 / 23,ALGEBRA II B,JENNIFER REILLY,11,2026,B+,3.30 pts,1.67,,103,,Yes
21,2/4/25,2,S2,BUS302 / 22,PERSONAL FINANCE B,NICOLE SIMEK,12,2025,F,1.11 pts,15.43,,104,,Yes
21,2/4/25,1,S2,SCI504 / 21,PHYSICAL SCIENCE B,JAMES BENNETT,12,2025,C-,2.06 pts,2.71,,105,,Yes
21,2/4/25,2,S2,BUS302 / 22,PERSONAL FINANCE B,NICOLE SIMEK,12,2025,C-,2.15 pts,2,,105,,Yes
21,2/4/25,6,S2,MAT702 / 26,ALGEBRA II B,JASON BLAESING,11,2026,C,2.20 pts,2.14,,107,,Yes
21,2/4/25,5,S2,ENG602 / 25,SOPH ENG/B,MARCEE SALAS,10,2027,C+,2.51 pts,1,,108,,Yes
21,2/4/25,5,S2,ENG602 / 25,SOPH ENG/B,MARCEE SALAS,10,2027,F,0.61 pts,7.86,,110,,Yes
21,2/4/25,6,S2,SCI602 / 26,BIOLOGY B,GRANT MERRILL,10,2027,F,0.71 pts,9.14,,110,,Yes
21,2/4/25,4,S2,SCI602 / 24,BIOLOGY B,GRANT MERRILL,10,2027,A-,3.49 pts,0,,428,,Yes
21,2/4/25,6,S2,ENG502 / 26,FR ENGLISH/B,DAVID HOLLINGSWORTH,9,2028,A,3.76 pts,1.43,,111,,Yes
21,2/4/25,6,S2,MAT702 / 26,ALGEBRA II B,JASON BLAESING,11,2026,B,3.19 pts,2.5,,112,,Yes
21,2/4/25,2,S2,MAT702 / 22,ALGEBRA II B,JASON BLAESING,11,2026,C-,2.03 pts,13,,113,,Yes
21,2/4/25,2,S2,SCI610 / 22,CHEMISTRY/B,GRANT MERRILL,11,2026,C-,2.16 pts,0.14,,114,,Yes
21,2/4/25,3,S2,SCI602 / 23,BIOLOGY B,GRANT MERRILL,10,2027,A-,3.41 pts,11.14,,429,,Yes
21,2/4/25,1,S2,MAT523 / 21,GEOMETRY B,ROCHELLE AITON,10,2027,D+,1.95 pts,5.43,,116,,Yes
21,2/4/25,2,S2,ENG602 / 22,SOPH ENG/B,KELLY GREGERSEN,10,2027,A,3.76 pts,4.29,,116,,Yes
21,2/4/25,2,S2,ENG602 / 22,SOPH ENG/B,KELLY GREGERSEN,10,2027,D+,1.86 pts,7,,117,,Yes
21,2/4/25,3,S2,MAT523 / 23,GEOMETRY B,ROCHELLE AITON,10,2027,F,0.00 pts,15,,117,,Yes
21,2/4/25,6,S2,SCI602 / 26,BIOLOGY B,GRANT MERRILL,10,2027,F,1.45 pts,15.29,,117,,Yes
21,2/4/25,3,S2,MAT523 / 23,GEOMETRY B,ROCHELLE AITON,10,2027,A-,3.47 pts,2.86,,118,,Yes
21,2/4/25,1,S2,ENG504 / 21,PRE-AP FRESHMAN ENGLISH/B,ANGELINA MERRILL,9,2028,A,3.99 pts,5,,483,,Yes
21,2/4/25,6,S2,MAT702 / 26,ALGEBRA II B,JASON BLAESING,11,2026,B+,3.20 pts,7,,119,,Yes
21,2/4/25,5,S2,MAT523 / 25,GEOMETRY B,BRIAN ANDERSON,10,2027,F,1.43 pts,10,,120,,Yes
21,2/4/25,2,S2,MAT702 / 22,ALGEBRA II B,JASON BLAESING,11,2026,F,1.11 pts,16.48,,121,,Yes
21,2/4/25,1,S2,MAT523 / 21,GEOMETRY B,ROCHELLE AITON,10,2027,F,0.97 pts,1.14,,122,,Yes
21,2/4/25,2,S2,ENG602 / 22,SOPH ENG/B,KELLY GREGERSEN,10,2027,D+,1.91 pts,0.14,,122,,Yes
23,2/18/25,4,S2,MAT702 / 24,ALGEBRA II B,JENNIFER REILLY,11,2026,,,1,,3,,Yes
21,2/4/25,3,S2,SCI602 / 23,BIOLOGY B,GRANT MERRILL,10,2027,A,3.75 pts,0,,126,,Yes
21,2/4/25,5,S2,MAT523 / 25,GEOMETRY B,BRIAN ANDERSON,10,2027,B+,3.31 pts,0,,126,,Yes
21,2/4/25,5,S2,MAT702 / 45,ALGEBRA II B,JENNIFER REILLY,10,2027,F,0.70 pts,18,,485,,Yes
21,2/4/25,6,S2,SCI602 / 26,BIOLOGY B,GRANT MERRILL,10,2027,B-,2.71 pts,0,,125,,Yes
21,2/4/25,6,S2,MAT702 / 26,ALGEBRA II B,JASON BLAESING,11,2026,B,3.05 pts,3.67,,127,,Yes
21,2/4/25,3,S2,MAT702 / 23,ALGEBRA II B,JENNIFER REILLY,11,2026,A,3.80 pts,2.86,,128,,Yes
24,2/25/25,4,S2,MAT702 / 24,ALGEBRA II B,JENNIFER REILLY,11,2026,F,1.05 pts,1,,3,,Yes
21,2/4/25,5,S2,ENG602 / 25,SOPH ENG/B,MARCEE SALAS,10,2027,C,2.29 pts,2,,130,,Yes
21,2/4/25,5,S2,BUS302 / 25,PERSONAL FINANCE B,NICOLE SIMEK,11,2026,A,3.71 pts,0,,486,,Yes
21,2/4/25,1,S2,MAT523 / 21,GEOMETRY B,ROCHELLE AITON,10,2027,B,3.09 pts,4,,487,,Yes
21,2/4/25,4,S2,SCI602 / 24,BIOLOGY B,GRANT MERRILL,10,2027,B,3.17 pts,4.14,,487,,Yes
21,2/4/25,3,S2,MAT523 / 23,GEOMETRY B,ROCHELLE AITON,9,2028,B-,2.71 pts,0,,488,,Yes
21,2/4/25,2,S2,ENG602 / 22,SOPH ENG/B,KELLY GREGERSEN,10,2027,F,1.63 pts,0,,132,,Yes
21,2/4/25,3,S2,MAT523 / 23,GEOMETRY B,ROCHELLE AITON,10,2027,F,1.13 pts,0,,132,,Yes
21,2/4/25,4,S2,SCI602 / 24,BIOLOGY B,GRANT MERRILL,10,2027,B,3.19 pts,8.57,,431,,Yes
21,2/4/25,3,S2,MAT702 / 23,ALGEBRA II B,JENNIFER REILLY,10,2027,A-,3.44 pts,5.43,,432,,Yes
21,2/4/25,4,S2,SCI602 / 24,BIOLOGY B,GRANT MERRILL,10,2027,A,3.90 pts,6.43,,432,,Yes
21,2/4/25,6,S2,SCI602 / 46,BIOLOGY B,WILLIAM BAUR,10,2027,A,3.74 pts,3,,133,,Yes
21,2/4/25,6,S2,SOC702 / 26,US HISTORY/B,SCOTT BOOTHBY,11,2026,B,3.00 pts,8.17,,134,,Yes
21,2/4/25,2,S2,BUS302 / 22,PERSONAL FINANCE B,NICOLE SIMEK,12,2025,C,2.42 pts,6,,135,,Yes
21,2/4/25,6,S2,SCI602 / 26,BIOLOGY B,GRANT MERRILL,10,2027,D+,1.98 pts,0.86,,136,,Yes
21,2/4/25,3,S2,MAT523 / 23,GEOMETRY B,ROCHELLE AITON,10,2027,B+,3.21 pts,1.14,,137,,Yes
21,2/4/25,4,S2,SCI602 / 24,BIOLOGY B,GRANT MERRILL,10,2027,A-,3.45 pts,1.86,,137,,Yes
21,2/4/25,1,S2,ENG504 / 21,PRE-AP FRESHMAN ENGLISH/B,ANGELINA MERRILL,9,2028,C-,2.07 pts,6.43,,489,,Yes
21,2/4/25,2,S2,ENG602 / 22,SOPH ENG/B,KELLY GREGERSEN,10,2027,B,3.05 pts,8.57,,433,,Yes
21,2/4/25,3,S2,SCI602 / 23,BIOLOGY B,GRANT MERRILL,10,2027,C,2.38 pts,9.43,,433,,Yes
21,2/4/25,5,S2,MAT523 / 25,GEOMETRY B,BRIAN ANDERSON,10,2027,D+,1.95 pts,7.57,,433,,Yes
21,2/4/25,6,S2,SCI602 / 46,BIOLOGY B,WILLIAM BAUR,10,2027,A,3.72 pts,2.14,,490,,Yes
21,2/4/25,5,S2,ENG602 / 25,SOPH ENG/B,MARCEE SALAS,10,2027,B,3.06 pts,2.57,,139,,Yes
25,3/4/25,4,S2,MAT702 / 24,ALGEBRA II B,JENNIFER REILLY,11,2026,F,1.18 pts,1,Larry,3,Active,Yes
21,2/4/25,1,S2,ENG504 / 21,PRE-AP FRESHMAN ENGLISH/B,ANGELINA MERRILL,9,2028,B-,2.79 pts,8.29,,434,,Yes
21,2/4/25,2,S2,MAT523 / 22,GEOMETRY B,ROCHELLE AITON,9,2028,C+,2.68 pts,8.29,,434,,Yes
21,2/4/25,2,S2,ENG602 / 22,SOPH ENG/B,KELLY GREGERSEN,10,2027,B-,2.88 pts,12.29,,143,,Yes
21,2/4/25,4,S2,MAT523 / 24,GEOMETRY B,ROCHELLE AITON,10,2027,F,1.46 pts,12.14,,143,,Yes
21,2/4/25,5,S2,MAT523 / 25,GEOMETRY B,BRIAN ANDERSON,10,2027,D+,1.81 pts,3.57,,144,,Yes
21,2/4/25,6,S2,SCI602 / 26,BIOLOGY B,GRANT MERRILL,10,2027,B,3.14 pts,3.71,,144,,Yes
21,2/4/25,6,S2,MAT702 / 26,ALGEBRA II B,JASON BLAESING,11,2026,B+,3.20 pts,11.86,,145,,Yes
21,2/4/25,4,S2,MAT523 / 24,GEOMETRY B,ROCHELLE AITON,10,2027,A-,3.42 pts,1.29,,146,,Yes
21,2/4/25,6,S2,SCI602 / 26,BIOLOGY B,GRANT MERRILL,10,2027,B+,3.21 pts,1.57,,146,,Yes
21,2/4/25,3,S2,BUS302 / 23,PERSONAL FINANCE B,NICOLE SIMEK,11,2026,F,0.38 pts,1.86,,435,,Yes
21,2/4/25,3,S2,MAT702 / 23,ALGEBRA II B,JENNIFER REILLY,11,2026,B+,3.27 pts,5,,492,,Yes
21,2/4/25,6,S2,SOC702 / 26,US HISTORY/B,SCOTT BOOTHBY,11,2026,F,1.36 pts,21.71,,147,,Yes
21,2/4/25,6,S2,MAT702 / 26,ALGEBRA II B,JASON BLAESING,11,2026,B+,3.21 pts,3,,148,,Yes
21,2/4/25,3,S2,MAT702 / 23,ALGEBRA II B,JENNIFER REILLY,12,2025,A-,3.50 pts,1,,149,,Yes
21,2/4/25,1,S2,SCI504 / 21,PHYSICAL SCIENCE B,JAMES BENNETT,9,2028,A-,3.54 pts,3.71,,493,,Yes
21,2/4/25,5,S2,MAT702 / 45,ALGEBRA II B,JENNIFER REILLY,11,2026,A-,3.48 pts,1.43,,494,,Yes
21,2/4/25,2,S2,SCI610 / 22,CHEMISTRY/B,GRANT MERRILL,11,2026,C,2.34 pts,3.86,,150,,Yes
21,2/4/25,3,S2,MAT702 / 23,ALGEBRA II B,JENNIFER REILLY,11,2026,B+,3.29 pts,4,,150,,Yes
21,2/4/25,5,S2,BUS302 / 25,PERSONAL FINANCE B,NICOLE SIMEK,12,2025,B,3.03 pts,0.67,,495,,Yes
21,2/4/25,1,S2,ENG504 / 21,PRE-AP FRESHMAN ENGLISH/B,ANGELINA MERRILL,9,2028,A,3.60 pts,1.57,,496,,Yes
21,2/4/25,2,S2,MAT702 / 22,ALGEBRA II B,JASON BLAESING,11,2026,D+,1.83 pts,0.57,,152,,Yes
21,2/4/25,1,S2,SCI504 / 21,PHYSICAL SCIENCE B,JAMES BENNETT,9,2028,B,3.07 pts,5,,497,,Yes
21,2/4/25,3,S2,MAT702 / 23,ALGEBRA II B,JENNIFER REILLY,10,2027,A,3.72 pts,2.86,,153,,Yes
21,2/4/25,2,S2,MAT523 / 22,GEOMETRY B,ROCHELLE AITON,10,2027,A,3.73 pts,2,,155,,Yes
21,2/4/25,3,S2,SCI602 / 23,BIOLOGY B,GRANT MERRILL,10,2027,A-,3.51 pts,2,,155,,Yes
21,2/4/25,1,S2,ENG504 / 21,PRE-AP FRESHMAN ENGLISH/B,ANGELINA MERRILL,9,2028,B-,2.88 pts,2,,154,,Yes
21,2/4/25,5,S2,MAT523 / 25,GEOMETRY B,BRIAN ANDERSON,9,2028,C-,2.15 pts,2,,154,,Yes
21,2/4/25,5,S2,BUS302 / 25,PERSONAL FINANCE B,NICOLE SIMEK,12,2025,C,2.34 pts,2.43,,156,,Yes
21,2/4/25,2,S2,SCI610 / 22,CHEMISTRY/B,GRANT MERRILL,11,2026,D+,1.84 pts,4.57,,158,,Yes
21,2/4/25,5,S2,MAT523 / 25,GEOMETRY B,BRIAN ANDERSON,10,2027,C,2.25 pts,0,,499,,Yes
21,2/4/25,5,S2,MAT523 / 25,GEOMETRY B,BRIAN ANDERSON,10,2027,F,1.15 pts,9.71,,159,,Yes
21,2/4/25,6,S2,SCI602 / 46,BIOLOGY B,WILLIAM BAUR,10,2027,C-,2.06 pts,9.43,,159,,Yes
21,2/4/25,6,S2,MAT702 / 26,ALGEBRA II B,JASON BLAESING,11,2026,B+,3.35 pts,11.5,,161,,Yes
21,2/4/25,2,S2,BUS302 / 22,PERSONAL FINANCE B,NICOLE SIMEK,12,2025,W,0.00 pts,4,,500,,Yes
21,2/4/25,4,S2,SCI602 / 24,BIOLOGY B,GRANT MERRILL,12,2025,W,,4.4,,500,,Yes
21,2/4/25,2,S2,ENG602 / 22,SOPH ENG/B,KELLY GREGERSEN,10,2027,A,3.62 pts,0.14,,162,,Yes
21,2/4/25,4,S2,MAT523 / 24,GEOMETRY B,ROCHELLE AITON,10,2027,B,2.92 pts,0,,162,,Yes
21,2/4/25,6,S2,SCI602 / 46,BIOLOGY B,WILLIAM BAUR,10,2027,C+,2.62 pts,0.14,,162,,Yes
21,2/4/25,1,S2,SCI504 / 21,PHYSICAL SCIENCE B,JAMES BENNETT,11,2026,F,0.70 pts,30.71,,164,,Yes
21,2/4/25,5,S2,MAT702 / 45,ALGEBRA II B,JENNIFER REILLY,11,2026,F,0.00 pts,30.86,,164,,Yes
21,2/4/25,6,S2,SCI602 / 46,BIOLOGY B,WILLIAM BAUR,10,2027,C,2.24 pts,1,,165,,Yes
21,2/4/25,2,S2,MAT523 / 22,GEOMETRY B,ROCHELLE AITON,9,2028,C+,2.64 pts,4,,166,,Yes
21,2/4/25,6,S2,ENG502 / 26,FR ENGLISH/B,DAVID HOLLINGSWORTH,9,2028,A,3.76 pts,4.43,,166,,Yes
21,2/4/25,6,S2,SCI602 / 46,BIOLOGY B,WILLIAM BAUR,10,2027,C-,2.19 pts,17,,462,,Yes
21,2/4/25,2,S2,MAT702 / 22,ALGEBRA II B,JASON BLAESING,11,2026,C,2.47 pts,7.29,,167,,Yes
21,2/4/25,6,S2,SOC702 / 26,US HISTORY/B,SCOTT BOOTHBY,11,2026,D+,1.95 pts,6.29,,167,,Yes
21,2/4/25,2,S2,MAT523 / 22,GEOMETRY B,ROCHELLE AITON,10,2027,D,1.79 pts,10.14,,168,,Yes
21,2/4/25,6,S2,SCI602 / 26,BIOLOGY B,GRANT MERRILL,10,2027,C,2.48 pts,3,,169,,Yes
21,2/4/25,1,S2,SCI504 / 21,PHYSICAL SCIENCE B,JAMES BENNETT,9,2028,F,1.11 pts,24.29,,464,,Yes
21,2/4/25,6,S2,ENG502 / 26,FR ENGLISH/B,DAVID HOLLINGSWORTH,9,2028,F,0.28 pts,24.86,,464,,Yes
21,2/4/25,6,S2,ENG502 / 26,FR ENGLISH/B,DAVID HOLLINGSWORTH,9,2028,C+,2.54 pts,5,,501,,Yes
21,2/4/25,4,S2,MAT523 / 24,GEOMETRY B,ROCHELLE AITON,10,2027,F,1.61 pts,3.14,,170,,Yes
21,2/4/25,5,S2,ENG602 / 25,SOPH ENG/B,MARCEE SALAS,10,2027,B-,2.73 pts,2.71,,170,,Yes
21,2/4/25,6,S2,SCI602 / 46,BIOLOGY B,WILLIAM BAUR,10,2027,F,1.57 pts,2,,170,,Yes
21,2/4/25,4,S2,MAT523 / 24,GEOMETRY B,ROCHELLE AITON,10,2027,C+,2.58 pts,3.57,,171,,Yes
21,2/4/25,6,S2,SCI602 / 46,BIOLOGY B,WILLIAM BAUR,10,2027,C+,2.57 pts,6.29,,171,,Yes
21,2/4/25,3,S2,MAT702 / 23,ALGEBRA II B,JENNIFER REILLY,11,2026,A,3.79 pts,0.67,,172,,Yes
21,2/4/25,1,S2,SCI504 / 21,PHYSICAL SCIENCE B,JAMES BENNETT,9,2028,C,2.33 pts,0.71,,502,,Yes
21,2/4/25,2,S2,MAT523 / 22,GEOMETRY B,ROCHELLE AITON,10,2027,B-,2.76 pts,2.29,,173,,Yes
21,2/4/25,6,S2,SCI602 / 46,BIOLOGY B,WILLIAM BAUR,10,2027,B,2.97 pts,2,,173,,Yes
21,2/4/25,6,S2,SCI602 / 46,BIOLOGY B,WILLIAM BAUR,10,2027,B,3.00 pts,4.57,,174,,Yes
21,2/4/25,3,S2,BUS302 / 23,PERSONAL FINANCE B,NICOLE SIMEK,12,2025,A,3.99 pts,2.86,,176,,Yes
26,3/11/25,4,S2,MAT702 / 24,ALGEBRA II B,JENNIFER REILLY,11,2026,F,1.56 pts,1,Larry,3,Active,Yes
21,2/4/25,2,S2,MAT523 / 22,GEOMETRY B,ROCHELLE AITON,10,2027,C-,2.10 pts,5,,437,,Yes
21,2/4/25,4,S2,SCI602 / 24,BIOLOGY B,GRANT MERRILL,10,2027,C-,2.01 pts,5.71,,437,,Yes
21,2/4/25,6,S2,SCI602 / 26,BIOLOGY B,GRANT MERRILL,12,2025,,0.00 pts,5,,178,,Yes
21,2/4/25,4,S2,MAT523 / 24,GEOMETRY B,ROCHELLE AITON,10,2027,C+,2.68 pts,1,,179,,Yes
21,2/4/25,5,S2,BUS302 / 25,PERSONAL FINANCE B,NICOLE SIMEK,12,2025,B,2.99 pts,8.71,,503,,Yes
21,2/4/25,1,S2,SCI504 / 21,PHYSICAL SCIENCE B,JAMES BENNETT,11,2026,F,0.07 pts,21.43,,438,,Yes
21,2/4/25,3,S2,MAT702 / 23,ALGEBRA II B,JENNIFER REILLY,11,2026,D,1.76 pts,15,,438,,Yes
21,2/4/25,6,S2,ENG502 / 26,FR ENGLISH/B,DAVID HOLLINGSWORTH,9,2028,B+,3.22 pts,4.29,,181,,Yes
21,2/4/25,5,S2,MAT702 / 45,ALGEBRA II B,JENNIFER REILLY,11,2026,B,3.02 pts,5,,504,,Yes
21,2/4/25,2,S2,MAT523 / 22,GEOMETRY B,ROCHELLE AITON,10,2027,A-,3.46 pts,2,,184,,Yes
21,2/4/25,4,S2,SCI602 / 24,BIOLOGY B,GRANT MERRILL,10,2027,B,3.00 pts,2.57,,184,,Yes
21,2/4/25,2,S2,BUS302 / 22,PERSONAL FINANCE B,NICOLE SIMEK,11,2026,A,3.78 pts,8.43,,185,,Yes
21,2/4/25,5,S2,BUS302 / 25,PERSONAL FINANCE B,NICOLE SIMEK,12,2025,C,2.39 pts,10.71,,505,,Yes
21,2/4/25,5,S2,MAT702 / 45,ALGEBRA II B,JENNIFER REILLY,10,2027,A,3.94 pts,3,,186,,Yes
21,2/4/25,6,S2,SCI602 / 46,BIOLOGY B,WILLIAM BAUR,10,2027,A,3.99 pts,3.57,,186,,Yes
21,2/4/25,6,S2,SOC702 / 26,US HISTORY/B,SCOTT BOOTHBY,11,2026,C,2.36 pts,11.14,,187,,Yes
21,2/4/25,6,S2,SCI602 / 46,BIOLOGY B,WILLIAM BAUR,12,2025,C-,2.08 pts,3.29,,188,,Yes
21,2/4/25,6,S2,ENG502 / 26,FR ENGLISH/B,DAVID HOLLINGSWORTH,9,2028,B+,3.28 pts,0.14,,189,,Yes
21,2/4/25,3,S2,MAT702 / 23,ALGEBRA II B,JENNIFER REILLY,11,2026,A-,3.56 pts,4.71,,439,,Yes
21,2/4/25,1,S2,MAT523 / 21,GEOMETRY B,ROCHELLE AITON,10,2027,C,2.25 pts,6.57,,190,,Yes
21,2/4/25,6,S2,SCI602 / 26,BIOLOGY B,GRANT MERRILL,10,2027,B-,2.72 pts,6.86,,190,,Yes
21,2/4/25,3,S2,MAT702 / 23,ALGEBRA II B,JENNIFER REILLY,11,2026,B+,3.31 pts,12,,191,,Yes
21,2/4/25,1,S2,MAT523 / 21,GEOMETRY B,ROCHELLE AITON,9,2028,B,3.16 pts,2,,192,,Yes
21,2/4/25,1,S2,MAT523 / 21,GEOMETRY B,ROCHELLE AITON,10,2027,D+,1.82 pts,1.29,,193,,Yes
21,2/4/25,5,S2,ENG602 / 25,SOPH ENG/B,MARCEE SALAS,10,2027,B,2.95 pts,1.57,,193,,Yes
21,2/4/25,5,S2,MAT523 / 25,GEOMETRY B,BRIAN ANDERSON,10,2027,F,1.28 pts,8.9,,194,,Yes
21,2/4/25,3,S2,BUS302 / 23,PERSONAL FINANCE B,NICOLE SIMEK,12,2025,F,0.01 pts,11.57,,195,,Yes
27,3/18/25,4,S2,MAT702 / 24,ALGEBRA II B,JENNIFER REILLY,11,2026,D,1.72 pts,2,Larry,3,Active,Yes
21,2/4/25,6,S2,ENG502 / 26,FR ENGLISH/B,DAVID HOLLINGSWORTH,9,2028,C-,2.02 pts,2.43,,196,,Yes
21,2/4/25,1,S2,MAT523 / 21,GEOMETRY B,ROCHELLE AITON,10,2027,F,1.62 pts,5.43,,198,,Yes
21,2/4/25,4,S2,SCI602 / 24,BIOLOGY B,GRANT MERRILL,10,2027,B-,2.70 pts,5.43,,198,,Yes
21,2/4/25,5,S2,MAT523 / 25,GEOMETRY B,BRIAN ANDERSON,10,2027,C,2.25 pts,0,,199,,Yes
21,2/4/25,5,S2,BUS302 / 25,PERSONAL FINANCE B,NICOLE SIMEK,12,2025,A,3.73 pts,0.57,,200,,Yes
28,3/25/25,4,S2,MAT702 / 24,ALGEBRA II B,JENNIFER REILLY,11,2026,D+,1.81 pts,2,,3,,Yes
21,2/4/25,3,S2,MAT702 / 23,ALGEBRA II B,JENNIFER REILLY,10,2027,A,3.66 pts,3.14,,509,,Yes
21,2/4/25,4,S2,MAT523 / 24,GEOMETRY B,ROCHELLE AITON,10,2027,A,3.93 pts,0.29,,440,,Yes
21,2/4/25,1,S2,SCI504 / 21,PHYSICAL SCIENCE B,JAMES BENNETT,12,2025,F,1.05 pts,25.29,,201,,Yes
21,2/4/25,2,S2,BUS302 / 22,PERSONAL FINANCE B,NICOLE SIMEK,12,2025,F,1.41 pts,23.86,,201,,Yes
21,2/4/25,6,S2,MAT702 / 26,ALGEBRA II B,JASON BLAESING,11,2026,F,1.51 pts,9.86,,510,,Yes
21,2/4/25,1,S2,MAT523 / 21,GEOMETRY B,ROCHELLE AITON,10,2027,C-,2.12 pts,0.71,,202,,Yes
21,2/4/25,6,S2,SCI602 / 26,BIOLOGY B,GRANT MERRILL,10,2027,C,2.27 pts,0,,202,,Yes
21,2/4/25,5,S2,MAT523 / 25,GEOMETRY B,BRIAN ANDERSON,10,2027,A-,3.43 pts,0.71,,204,,Yes
21,2/4/25,6,S2,SCI602 / 26,BIOLOGY B,GRANT MERRILL,10,2027,A-,3.48 pts,0,,204,,Yes
21,2/4/25,5,S2,BUS302 / 25,PERSONAL FINANCE B,NICOLE SIMEK,12,2025,A-,3.58 pts,6.33,,511,,Yes
21,2/4/25,3,S2,MAT523 / 23,GEOMETRY B,ROCHELLE AITON,10,2027,B+,3.22 pts,2.57,,205,,Yes
21,2/4/25,2,S2,MAT523 / 22,GEOMETRY B,ROCHELLE AITON,10,2027,B+,3.32 pts,0,,206,,Yes
21,2/4/25,6,S2,SCI602 / 46,BIOLOGY B,WILLIAM BAUR,10,2027,B+,3.22 pts,0,,206,,Yes
21,2/4/25,1,S2,ENG504 / 21,PRE-AP FRESHMAN ENGLISH/B,ANGELINA MERRILL,9,2028,C,2.28 pts,8,,512,,Yes
21,2/4/25,5,S2,MAT702 / 45,ALGEBRA II B,JENNIFER REILLY,11,2026,B-,2.86 pts,15,,207,,Yes
21,2/4/25,3,S2,MAT702 / 23,ALGEBRA II B,JENNIFER REILLY,11,2026,B,3.15 pts,5.71,,208,,Yes
29,4/8/25,4,S2,MAT702 / 24,ALGEBRA II B,JENNIFER REILLY,11,2026,C-,2.04 pts,2.67,,3,,Yes
21,2/4/25,3,S2,BUS302 / 23,PERSONAL FINANCE B,NICOLE SIMEK,11,2026,F,0.44 pts,3.43,,209,,Yes
21,2/4/25,6,S2,SOC702 / 26,US HISTORY/B,SCOTT BOOTHBY,11,2026,,1.93 pts,2,,209,,Yes
21,2/4/25,5,S2,BUS302 / 25,PERSONAL FINANCE B,NICOLE SIMEK,12,2025,B+,3.26 pts,13.43,,514,,Yes
21,2/4/25,6,S2,SOC702 / 26,US HISTORY/B,SCOTT BOOTHBY,11,2026,A,3.74 pts,4,,210,,Yes
21,2/4/25,2,S2,MAT702 / 22,ALGEBRA II B,JASON BLAESING,10,2027,,0.00 pts,0,,515,,Yes
21,2/4/25,3,S2,MAT523 / 23,GEOMETRY B,ROCHELLE AITON,10,2027,B,3.01 pts,5.43,,516,,Yes
21,2/4/25,5,S2,BUS302 / 25,PERSONAL FINANCE B,NICOLE SIMEK,12,2025,W,3.91 pts,2.43,,517,,Yes
21,2/4/25,3,S2,MAT523 / 23,GEOMETRY B,ROCHELLE AITON,9,2028,C+,2.54 pts,3,,211,,Yes
30,4/15/25,4,S2,MAT702 / 24,ALGEBRA II B,JENNIFER REILLY,11,2026,C-,2.03 pts,2.67,,3,,Yes
21,2/4/25,1,S2,MAT523 / 21,GEOMETRY B,ROCHELLE AITON,10,2027,D+,1.95 pts,4,,469,,Yes
21,2/4/25,1,S2,SCI504 / 21,PHYSICAL SCIENCE B,JAMES BENNETT,9,2028,F,1.45 pts,1,,212,,Yes
21,2/4/25,6,S2,ENG502 / 26,FR ENGLISH/B,DAVID HOLLINGSWORTH,9,2028,B,2.97 pts,3.86,,212,,Yes
21,2/4/25,5,S2,BUS302 / 25,PERSONAL FINANCE B,NICOLE SIMEK,12,2025,A,3.97 pts,0,,213,,Yes
21,2/4/25,5,S2,BUS302 / 25,PERSONAL FINANCE B,NICOLE SIMEK,12,2025,B,3.13 pts,9.29,,519,,Yes
21,2/4/25,6,S2,MAT702 / 26,ALGEBRA II B,JASON BLAESING,10,2027,A,3.84 pts,4,,520,,Yes
21,2/4/25,5,S2,MAT523 / 25,GEOMETRY B,BRIAN ANDERSON,10,2027,F,1.63 pts,3.29,,521,,Yes
21,2/4/25,5,S2,MAT523 / 25,GEOMETRY B,BRIAN ANDERSON,9,2028,A,3.97 pts,0,,522,,Yes
21,2/4/25,3,S2,BUS302 / 23,PERSONAL FINANCE B,NICOLE SIMEK,11,2026,B,3.05 pts,0,,523,,Yes
21,2/4/25,2,S2,MAT523 / 22,GEOMETRY B,ROCHELLE AITON,10,2027,A-,3.48 pts,1,,524,,Yes
21,2/4/25,4,S2,MAT523 / 24,GEOMETRY B,ROCHELLE AITON,11,2026,F,0.33 pts,5.57,,214,,Yes
21,2/4/25,1,S2,MAT523 / 21,GEOMETRY B,ROCHELLE AITON,10,2027,D+,1.87 pts,5.57,,215,,Yes
21,2/4/25,6,S2,SCI602 / 26,BIOLOGY B,GRANT MERRILL,10,2027,B,3.19 pts,5.71,,215,,Yes
21,2/4/25,3,S2,SCI602 / 23,BIOLOGY B,GRANT MERRILL,10,2027,C+,2.64 pts,24.14,,220,,Yes
21,2/4/25,2,S2,BUS302 / 22,PERSONAL FINANCE B,NICOLE SIMEK,12,2025,D,1.67 pts,6.57,,216,,Yes
21,2/4/25,1,S2,ENG504 / 21,PRE-AP FRESHMAN ENGLISH/B,ANGELINA MERRILL,9,2028,,3.01 pts,0.83,,219,,Yes
21,2/4/25,2,S2,MAT523 / 22,GEOMETRY B,ROCHELLE AITON,9,2028,,0.15 pts,0.83,,219,,Yes
21,2/4/25,1,S2,SCI504 / 21,PHYSICAL SCIENCE B,JAMES BENNETT,11,2026,C-,2.08 pts,13.71,,218,,Yes
21,2/4/25,4,S2,MAT702 / 24,ALGEBRA II B,JENNIFER REILLY,10,2027,A,3.93 pts,2.14,,130,,Yes
21,2/4/25,6,S2,SOC702 / 26,US HISTORY/B,SCOTT BOOTHBY,11,2026,B+,3.27 pts,12.14,,218,,Yes
21,2/4/25,6,S2,ENG502 / 26,FR ENGLISH/B,DAVID HOLLINGSWORTH,9,2028,A,3.92 pts,7,,217,,Yes
21,2/4/25,6,S2,SOC702 / 26,US HISTORY/B,SCOTT BOOTHBY,11,2026,A,3.93 pts,8.67,,224,,Yes
21,2/4/25,2,S2,MAT702 / 22,ALGEBRA II B,JASON BLAESING,11,2026,A,3.65 pts,0,,222,,Yes
21,2/4/25,4,S2,MAT523 / 24,GEOMETRY B,ROCHELLE AITON,10,2027,B-,2.81 pts,6,,221,,Yes
21,2/4/25,5,S2,ENG602 / 25,SOPH ENG/B,MARCEE SALAS,10,2027,C+,2.59 pts,6.57,,221,,Yes
21,2/4/25,5,S2,MAT702 / 45,ALGEBRA II B,JENNIFER REILLY,10,2027,A,3.65 pts,1.14,,525,,Yes
21,2/4/25,3,S2,BUS302 / 23,PERSONAL FINANCE B,NICOLE SIMEK,12,2025,C-,2.15 pts,4.71,,526,,Yes
21,2/4/25,2,S2,MAT702 / 22,ALGEBRA II B,JASON BLAESING,11,2026,C-,2.12 pts,0,,225,,Yes
21,2/4/25,5,S2,BUS302 / 25,PERSONAL FINANCE B,NICOLE SIMEK,12,2025,B-,2.75 pts,5,,527,,Yes
21,2/4/25,2,S2,MAT702 / 22,ALGEBRA II B,JASON BLAESING,10,2027,A,3.67 pts,0,,226,,Yes
21,2/4/25,6,S2,SCI602 / 26,BIOLOGY B,GRANT MERRILL,10,2027,B+,3.23 pts,0,,226,,Yes
21,2/4/25,2,S2,MAT523 / 22,GEOMETRY B,ROCHELLE AITON,9,2028,A,3.68 pts,0,,228,,Yes
21,2/4/25,6,S2,ENG502 / 26,FR ENGLISH/B,DAVID HOLLINGSWORTH,9,2028,D+,1.84 pts,0.14,,229,,Yes
21,2/4/25,3,S2,MAT702 / 23,ALGEBRA II B,JENNIFER REILLY,11,2026,A-,3.57 pts,5.43,,528,,Yes
21,2/4/25,2,S2,BUS302 / 22,PERSONAL FINANCE B,NICOLE SIMEK,11,2026,B+,3.39 pts,5.43,,230,,Yes
21,2/4/25,2,S2,BUS302 / 22,PERSONAL FINANCE B,NICOLE SIMEK,12,2025,B,3.07 pts,15.43,,233,,Yes
21,2/4/25,2,S2,MAT523 / 22,GEOMETRY B,ROCHELLE AITON,10,2027,C,2.43 pts,4,,236,,Yes
21,2/4/25,3,S2,SCI602 / 23,BIOLOGY B,GRANT MERRILL,10,2027,B,2.95 pts,4,,236,,Yes
21,2/4/25,5,S2,ENG602 / 25,SOPH ENG/B,MARCEE SALAS,10,2027,C+,2.65 pts,4.43,,236,,Yes
21,2/4/25,2,S2,ENG602 / 22,SOPH ENG/B,KELLY GREGERSEN,10,2027,B+,3.25 pts,5.43,,235,,Yes
21,2/4/25,4,S2,SCI602 / 24,BIOLOGY B,GRANT MERRILL,10,2027,C,2.25 pts,5.71,,235,,Yes
21,2/4/25,2,S2,MAT702 / 22,ALGEBRA II B,JASON BLAESING,10,2027,A-,3.52 pts,3,,237,,Yes
21,2/4/25,3,S2,SCI602 / 23,BIOLOGY B,GRANT MERRILL,10,2027,A,4.00 pts,2.86,,237,,Yes
21,2/4/25,4,S2,MAT523 / 24,GEOMETRY B,ROCHELLE AITON,10,2027,C,2.21 pts,0.43,,238,,Yes
21,2/4/25,5,S2,ENG602 / 25,SOPH ENG/B,MARCEE SALAS,10,2027,D+,1.89 pts,0.43,,238,,Yes
21,2/4/25,6,S2,SCI602 / 46,BIOLOGY B,WILLIAM BAUR,10,2027,C,2.44 pts,0.43,,238,,Yes
21,2/4/25,2,S2,BUS302 / 22,PERSONAL FINANCE B,NICOLE SIMEK,12,2025,C+,2.59 pts,3.33,,240,,Yes
21,2/4/25,2,S2,MAT702 / 22,ALGEBRA II B,JASON BLAESING,11,2026,C+,2.52 pts,5.14,,241,,Yes
21,2/4/25,6,S2,ENG502 / 26,FR ENGLISH/B,DAVID HOLLINGSWORTH,9,2028,F,0.56 pts,18.71,,243,,Yes
21,2/4/25,2,S2,SCI610 / 22,CHEMISTRY/B,GRANT MERRILL,11,2026,C+,2.59 pts,14.29,,242,,Yes
21,2/4/25,3,S2,BUS302 / 23,PERSONAL FINANCE B,NICOLE SIMEK,11,2026,A,3.98 pts,14.57,,242,,Yes
21,2/4/25,5,S2,MAT523 / 25,GEOMETRY B,BRIAN ANDERSON,10,2027,C+,2.59 pts,2.71,,244,,Yes
21,2/4/25,2,S2,MAT523 / 22,GEOMETRY B,ROCHELLE AITON,10,2027,C-,2.13 pts,6.71,,246,,Yes
21,2/4/25,3,S2,MAT702 / 23,ALGEBRA II B,JENNIFER REILLY,10,2027,B,2.95 pts,8.14,,247,,Yes
21,2/4/25,2,S2,ENG602 / 22,SOPH ENG/B,KELLY GREGERSEN,10,2027,F,0.83 pts,7,,249,,Yes
21,2/4/25,5,S2,MAT702 / 45,ALGEBRA II B,JENNIFER REILLY,11,2026,A,3.84 pts,6.29,,250,,Yes
21,2/4/25,6,S2,SOC702 / 26,US HISTORY/B,SCOTT BOOTHBY,11,2026,B,3.08 pts,6.29,,250,,Yes
21,2/4/25,4,S2,MAT523 / 24,GEOMETRY B,ROCHELLE AITON,10,2027,F,0.63 pts,6.71,,251,,Yes
21,2/4/25,5,S2,MAT523 / 25,GEOMETRY B,BRIAN ANDERSON,10,2027,B-,2.75 pts,10.71,,252,,Yes
21,2/4/25,6,S2,SCI602 / 26,BIOLOGY B,GRANT MERRILL,10,2027,C,2.20 pts,11,,252,,Yes
21,2/4/25,3,S2,BUS302 / 23,PERSONAL FINANCE B,NICOLE SIMEK,11,2026,C-,2.07 pts,2.43,,253,,Yes
21,2/4/25,6,S2,SOC702 / 26,US HISTORY/B,SCOTT BOOTHBY,11,2026,C,2.45 pts,5.14,,253,,Yes
22,2/11/25,4,S2,MAT702 / 24,ALGEBRA II B,JENNIFER REILLY,10,2027,,,0.86,,130,,Yes
21,2/4/25,6,S2,SOC702 / 26,US HISTORY/B,SCOTT BOOTHBY,11,2026,B,3.18 pts,7.29,,255,,Yes
21,2/4/25,6,S2,MAT702 / 26,ALGEBRA II B,JASON BLAESING,11,2026,A,3.68 pts,6,,257,,Yes
21,2/4/25,6,S2,MAT702 / 26,ALGEBRA II B,JASON BLAESING,11,2026,D+,1.86 pts,5,,258,,Yes
21,2/4/25,2,S2,MAT702 / 22,ALGEBRA II B,JASON BLAESING,11,2026,C+,2.67 pts,1.14,,260,,Yes
21,2/4/25,2,S2,BUS302 / 22,PERSONAL FINANCE B,NICOLE SIMEK,12,2025,A,3.99 pts,0,,259,,Yes
21,2/4/25,2,S2,MAT702 / 22,ALGEBRA II B,JASON BLAESING,11,2026,B-,2.72 pts,4.17,,262,,Yes
21,2/4/25,6,S2,ENG502 / 26,FR ENGLISH/B,DAVID HOLLINGSWORTH,9,2028,C,2.34 pts,11.71,,529,,Yes
21,2/4/25,4,S2,MAT523 / 24,GEOMETRY B,ROCHELLE AITON,10,2027,A,3.88 pts,2.71,,264,,Yes
21,2/4/25,3,S2,BUS302 / 23,PERSONAL FINANCE B,NICOLE SIMEK,11,2026,C+,2.60 pts,1.43,,267,,Yes
21,2/4/25,6,S2,ENG502 / 26,FR ENGLISH/B,DAVID HOLLINGSWORTH,9,2028,B-,2.70 pts,9.14,,268,,Yes
21,2/4/25,5,S2,MAT523 / 25,GEOMETRY B,BRIAN ANDERSON,10,2027,B,3.14 pts,11,,269,,Yes
21,2/4/25,6,S2,SCI602 / 46,BIOLOGY B,WILLIAM BAUR,10,2027,A,3.78 pts,11.14,,269,,Yes
23,2/18/25,4,S2,MAT702 / 24,ALGEBRA II B,JENNIFER REILLY,10,2027,,,1,,130,,Yes
21,2/4/25,6,S2,ENG502 / 26,FR ENGLISH/B,DAVID HOLLINGSWORTH,9,2028,C,2.21 pts,2.57,,270,,Yes
21,2/4/25,5,S2,MAT702 / 45,ALGEBRA II B,JENNIFER REILLY,10,2027,A-,3.47 pts,1,,531,,Yes
21,2/4/25,3,S2,MAT702 / 23,ALGEBRA II B,JENNIFER REILLY,11,2026,A-,3.45 pts,3.86,,271,,Yes
21,2/4/25,6,S2,SOC702 / 26,US HISTORY/B,SCOTT BOOTHBY,11,2026,F,1.33 pts,4.71,,271,,Yes
21,2/4/25,2,S2,MAT523 / 22,GEOMETRY B,ROCHELLE AITON,10,2027,C-,2.07 pts,18.71,,272,,Yes
21,2/4/25,3,S2,SCI602 / 23,BIOLOGY B,GRANT MERRILL,10,2027,D+,1.97 pts,18,,272,,Yes
21,2/4/25,5,S2,ENG602 / 25,SOPH ENG/B,MARCEE SALAS,10,2027,F,1.59 pts,19.14,,272,,Yes
21,2/4/25,2,S2,MAT523 / 22,GEOMETRY B,ROCHELLE AITON,10,2027,F,0.56 pts,11.86,,273,,Yes
21,2/4/25,5,S2,ENG602 / 25,SOPH ENG/B,MARCEE SALAS,10,2027,F,1.54 pts,5.57,,273,,Yes
21,2/4/25,6,S2,SCI602 / 46,BIOLOGY B,WILLIAM BAUR,10,2027,C,2.23 pts,5.86,,273,,Yes
21,2/4/25,3,S2,MAT523 / 23,GEOMETRY B,ROCHELLE AITON,9,2028,B,3.08 pts,4.14,,532,,Yes
21,2/4/25,2,S2,MAT702 / 22,ALGEBRA II B,JASON BLAESING,11,2026,F,1.31 pts,26.29,,274,,Yes
21,2/4/25,5,S2,MAT523 / 25,GEOMETRY B,BRIAN ANDERSON,10,2027,B,3.07 pts,15,,533,,Yes
21,2/4/25,6,S2,SOC702 / 26,US HISTORY/B,SCOTT BOOTHBY,11,2026,C,2.31 pts,5.17,,275,,Yes
21,2/4/25,5,S2,BUS302 / 25,PERSONAL FINANCE B,NICOLE SIMEK,11,2026,F,0.00 pts,13.14,,276,,Yes
21,2/4/25,6,S2,SOC702 / 26,US HISTORY/B,SCOTT BOOTHBY,11,2026,B,2.93 pts,9.14,,277,,Yes
21,2/4/25,1,S2,SCI504 / 21,PHYSICAL SCIENCE B,JAMES BENNETT,9,2028,C,2.33 pts,7.86,,534,,Yes
21,2/4/25,1,S2,ENG504 / 21,PRE-AP FRESHMAN ENGLISH/B,ANGELINA MERRILL,9,2028,A-,3.53 pts,2.14,,535,,Yes
21,2/4/25,6,S2,MAT702 / 26,ALGEBRA II B,JASON BLAESING,11,2026,A-,3.47 pts,11,,278,,Yes
21,2/4/25,1,S2,MAT523 / 21,GEOMETRY B,ROCHELLE AITON,9,2028,A,4.00 pts,1.71,,279,,Yes
21,2/4/25,1,S2,ENG504 / 21,PRE-AP FRESHMAN ENGLISH/B,ANGELINA MERRILL,9,2028,A,3.88 pts,5,,536,,Yes
21,2/4/25,5,S2,BUS302 / 25,PERSONAL FINANCE B,NICOLE SIMEK,12,2025,,3.88 pts,1.29,,280,,Yes
21,2/4/25,5,S2,BUS302 / 25,PERSONAL FINANCE B,NICOLE SIMEK,12,2025,A-,3.54 pts,14.29,,537,,Yes
21,2/4/25,2,S2,MAT523 / 22,GEOMETRY B,ROCHELLE AITON,9,2028,A,3.79 pts,0,,281,,Yes
21,2/4/25,2,S2,SCI610 / 22,CHEMISTRY/B,GRANT MERRILL,11,2026,D,1.73 pts,18,,282,,Yes
21,2/4/25,3,S2,MAT702 / 23,ALGEBRA II B,JENNIFER REILLY,11,2026,B-,2.86 pts,18,,282,,Yes
21,2/4/25,3,S2,BUS302 / 23,PERSONAL FINANCE B,NICOLE SIMEK,12,2025,A,3.83 pts,1.86,,283,,Yes
21,2/4/25,3,S2,MAT523 / 23,GEOMETRY B,ROCHELLE AITON,9,2028,A,3.83 pts,1,,284,,Yes
24,2/25/25,4,S2,MAT702 / 24,ALGEBRA II B,JENNIFER REILLY,10,2027,C-,2.10 pts,1,,130,,Yes
21,2/4/25,1,S2,SCI504 / 21,PHYSICAL SCIENCE B,JAMES BENNETT,9,2028,B,3.07 pts,2.86,,285,,Yes
21,2/4/25,6,S2,ENG502 / 26,FR ENGLISH/B,DAVID HOLLINGSWORTH,9,2028,A,3.62 pts,2.14,,285,,Yes
21,2/4/25,5,S2,BUS302 / 25,PERSONAL FINANCE B,NICOLE SIMEK,12,2025,A-,3.46 pts,3.57,,539,,Yes
21,2/4/25,1,S2,ENG504 / 21,PRE-AP FRESHMAN ENGLISH/B,ANGELINA MERRILL,9,2028,A-,3.44 pts,0,,540,,Yes
21,2/4/25,5,S2,MAT702 / 45,ALGEBRA II B,JENNIFER REILLY,10,2027,A,3.99 pts,8,,287,,Yes
21,2/4/25,6,S2,SCI602 / 26,BIOLOGY B,GRANT MERRILL,10,2027,A-,3.49 pts,8,,287,,Yes
21,2/4/25,5,S2,MAT702 / 45,ALGEBRA II B,JENNIFER REILLY,11,2026,A,3.66 pts,1,,288,,Yes
21,2/4/25,6,S2,SOC702 / 26,US HISTORY/B,SCOTT BOOTHBY,11,2026,A,3.86 pts,1,,288,,Yes
21,2/4/25,2,S2,ENG602 / 22,SOPH ENG/B,KELLY GREGERSEN,10,2027,F,1.45 pts,4.71,,290,,Yes
21,2/4/25,5,S2,BUS302 / 25,PERSONAL FINANCE B,NICOLE SIMEK,12,2025,F,0.92 pts,10.29,,541,,Yes
21,2/4/25,4,S2,SCI602 / 24,BIOLOGY B,GRANT MERRILL,10,2027,C,2.24 pts,2,,291,,Yes
21,2/4/25,3,S2,BUS302 / 23,PERSONAL FINANCE B,NICOLE SIMEK,12,2025,A-,3.58 pts,0,,542,,Yes
21,2/4/25,3,S2,MAT523 / 23,GEOMETRY B,ROCHELLE AITON,10,2027,F,1.63 pts,12.29,,293,,Yes
21,2/4/25,4,S2,SCI602 / 24,BIOLOGY B,GRANT MERRILL,10,2027,F,1.46 pts,13,,293,,Yes
21,2/4/25,5,S2,MAT523 / 25,GEOMETRY B,BRIAN ANDERSON,10,2027,C,2.35 pts,1.14,,294,,Yes
21,2/4/25,6,S2,SCI602 / 46,BIOLOGY B,WILLIAM BAUR,10,2027,A-,3.40 pts,0.86,,294,,Yes
21,2/4/25,6,S2,ENG502 / 26,FR ENGLISH/B,DAVID HOLLINGSWORTH,9,2028,A,3.90 pts,0.57,,295,,Yes
21,2/4/25,6,S2,MAT702 / 26,ALGEBRA II B,JASON BLAESING,11,2026,F,1.33 pts,16.43,,296,,Yes
25,3/4/25,4,S2,MAT702 / 24,ALGEBRA II B,JENNIFER REILLY,10,2027,A,3.85 pts,1,,130,,Yes
26,3/11/25,4,S2,MAT702 / 24,ALGEBRA II B,JENNIFER REILLY,10,2027,A,3.86 pts,2,,130,,Yes
21,2/4/25,2,S2,SCI610 / 22,CHEMISTRY/B,GRANT MERRILL,11,2026,C+,2.66 pts,2.86,,297,,Yes
21,2/4/25,6,S2,MAT702 / 26,ALGEBRA II B,JASON BLAESING,11,2026,B-,2.84 pts,2.71,,297,,Yes
21,2/4/25,3,S2,MAT702 / 23,ALGEBRA II B,JENNIFER REILLY,11,2026,A,4.00 pts,0,,298,,Yes
21,2/4/25,2,S2,BUS302 / 22,PERSONAL FINANCE B,NICOLE SIMEK,12,2025,A-,3.52 pts,4.86,,299,,Yes
21,2/4/25,3,S2,BUS302 / 23,PERSONAL FINANCE B,NICOLE SIMEK,11,2026,,0.00 pts,2.57,,300,,Yes
21,2/4/25,1,S2,MAT523 / 21,GEOMETRY B,ROCHELLE AITON,10,2027,B+,3.25 pts,1.71,,301,,Yes
21,2/4/25,4,S2,MAT523 / 24,GEOMETRY B,ROCHELLE AITON,10,2027,B,2.95 pts,1,,443,,Yes
21,2/4/25,3,S2,MAT523 / 23,GEOMETRY B,ROCHELLE AITON,9,2028,B-,2.86 pts,11.29,,302,,Yes
21,2/4/25,6,S2,ENG502 / 26,FR ENGLISH/B,DAVID HOLLINGSWORTH,9,2028,B,2.95 pts,11.14,,302,,Yes
21,2/4/25,2,S2,MAT702 / 22,ALGEBRA II B,JASON BLAESING,11,2026,A-,3.52 pts,2.2,,545,,Yes
21,2/4/25,3,S2,BUS302 / 23,PERSONAL FINANCE B,NICOLE SIMEK,12,2025,C,2.32 pts,1,,305,,Yes
21,2/4/25,5,S2,BUS302 / 25,PERSONAL FINANCE B,NICOLE SIMEK,12,2025,C-,2.10 pts,6.14,,546,,Yes
21,2/4/25,5,S2,MAT523 / 25,GEOMETRY B,BRIAN ANDERSON,9,2028,A,3.81 pts,8.86,,547,,Yes
21,2/4/25,1,S2,SCI504 / 21,PHYSICAL SCIENCE B,JAMES BENNETT,9,2028,C+,2.58 pts,11.43,,306,,Yes
21,2/4/25,3,S2,MAT523 / 23,GEOMETRY B,ROCHELLE AITON,9,2028,B-,2.80 pts,13.29,,306,,Yes
21,2/4/25,2,S2,MAT702 / 22,ALGEBRA II B,JASON BLAESING,11,2026,A-,3.52 pts,6.43,,307,,Yes
21,2/4/25,2,S2,ENG602 / 22,SOPH ENG/B,KELLY GREGERSEN,10,2027,F,0.13 pts,27.14,,309,,Yes
21,2/4/25,5,S2,MAT523 / 25,GEOMETRY B,BRIAN ANDERSON,10,2027,F,0.01 pts,25.57,,309,,Yes
21,2/4/25,6,S2,SCI602 / 26,BIOLOGY B,GRANT MERRILL,10,2027,F,0.24 pts,26.43,,309,,Yes
21,2/4/25,1,S2,SCI504 / 21,PHYSICAL SCIENCE B,JAMES BENNETT,9,2028,F,1.22 pts,1.71,,308,,Yes
21,2/4/25,6,S2,ENG502 / 26,FR ENGLISH/B,DAVID HOLLINGSWORTH,9,2028,C,2.32 pts,1.57,,308,,Yes
21,2/4/25,1,S2,SCI504 / 21,PHYSICAL SCIENCE B,JAMES BENNETT,9,2028,B+,3.30 pts,6,,548,,Yes
21,2/4/25,3,S2,SCI602 / 23,BIOLOGY B,GRANT MERRILL,10,2027,B+,3.21 pts,3,,310,,Yes
21,2/4/25,4,S2,MAT523 / 24,GEOMETRY B,ROCHELLE AITON,10,2027,C+,2.60 pts,3,,310,,Yes
21,2/4/25,2,S2,MAT702 / 22,ALGEBRA II B,JASON BLAESING,11,2026,C,2.32 pts,8.71,,312,,Yes
21,2/4/25,6,S2,SOC702 / 26,US HISTORY/B,SCOTT BOOTHBY,11,2026,D+,1.97 pts,8.86,,312,,Yes
21,2/4/25,3,S2,SCI602 / 23,BIOLOGY B,GRANT MERRILL,10,2027,B-,2.78 pts,1.57,,549,,Yes
27,3/18/25,4,S2,MAT702 / 24,ALGEBRA II B,JENNIFER REILLY,10,2027,A,3.90 pts,2.14,,130,,Yes
21,2/4/25,6,S2,MAT702 / 26,ALGEBRA II B,JASON BLAESING,11,2026,B+,3.37 pts,4,,313,,Yes
21,2/4/25,2,S2,MAT702 / 22,ALGEBRA II B,JASON BLAESING,11,2026,B-,2.80 pts,2.29,,314,,Yes
21,2/4/25,2,S2,SCI610 / 22,CHEMISTRY/B,GRANT MERRILL,11,2026,B-,2.86 pts,0.29,,315,,Yes
28,3/25/25,4,S2,MAT702 / 24,ALGEBRA II B,JENNIFER REILLY,10,2027,A,3.92 pts,2.14,,130,,Yes
21,2/4/25,1,S2,ENG504 / 21,PRE-AP FRESHMAN ENGLISH/B,ANGELINA MERRILL,9,2028,A,3.87 pts,0.86,,551,,Yes
21,2/4/25,6,S2,MAT702 / 26,ALGEBRA II B,JASON BLAESING,11,2026,B,3.15 pts,7.29,,316,,Yes
21,2/4/25,2,S2,ENG602 / 22,SOPH ENG/B,KELLY GREGERSEN,10,2027,D+,1.84 pts,15.29,,317,,Yes
21,2/4/25,3,S2,MAT523 / 23,GEOMETRY B,ROCHELLE AITON,10,2027,F,1.29 pts,14.29,,317,,Yes
21,2/4/25,4,S2,SCI602 / 24,BIOLOGY B,GRANT MERRILL,10,2027,F,1.44 pts,13.43,,317,,Yes
21,2/4/25,1,S2,MAT523 / 21,GEOMETRY B,ROCHELLE AITON,10,2027,C,2.24 pts,6.86,,318,,Yes
21,2/4/25,3,S2,SCI602 / 23,BIOLOGY B,GRANT MERRILL,10,2027,B,3.11 pts,8.14,,318,,Yes
21,2/4/25,2,S2,MAT702 / 22,ALGEBRA II B,JASON BLAESING,11,2026,A-,3.42 pts,1.33,,319,,Yes
21,2/4/25,2,S2,MAT702 / 22,ALGEBRA II B,JASON BLAESING,11,2026,A-,3.50 pts,0,,320,,Yes
21,2/4/25,6,S2,SOC702 / 26,US HISTORY/B,SCOTT BOOTHBY,11,2026,C+,2.66 pts,1.43,,320,,Yes
21,2/4/25,1,S2,ENG504 / 21,PRE-AP FRESHMAN ENGLISH/B,ANGELINA MERRILL,9,2028,B,3.03 pts,1.57,,552,,Yes
21,2/4/25,2,S2,BUS302 / 22,PERSONAL FINANCE B,NICOLE SIMEK,12,2025,F,0.22 pts,33.38,,321,,Yes
21,2/4/25,2,S2,BUS302 / 22,PERSONAL FINANCE B,NICOLE SIMEK,12,2025,C+,2.52 pts,10.71,,322,,Yes
21,2/4/25,3,S2,BUS302 / 23,PERSONAL FINANCE B,NICOLE SIMEK,12,2025,B+,3.34 pts,3.29,,323,,Yes
21,2/4/25,2,S2,ENG602 / 22,SOPH ENG/B,KELLY GREGERSEN,10,2027,A-,3.54 pts,0.71,,324,,Yes
21,2/4/25,4,S2,MAT523 / 24,GEOMETRY B,ROCHELLE AITON,10,2027,B,3.16 pts,0,,324,,Yes
21,2/4/25,5,S2,BUS302 / 25,PERSONAL FINANCE B,NICOLE SIMEK,12,2025,C-,2.05 pts,9.29,,553,,Yes
21,2/4/25,4,S2,SCI602 / 24,BIOLOGY B,GRANT MERRILL,10,2027,D+,1.99 pts,7,,445,,Yes
21,2/4/25,2,S2,BUS302 / 22,PERSONAL FINANCE B,NICOLE SIMEK,12,2025,A,3.85 pts,6,,325,,Yes
21,2/4/25,3,S2,BUS302 / 23,PERSONAL FINANCE B,NICOLE SIMEK,12,2025,A,3.78 pts,2.83,,326,,Yes
21,2/4/25,2,S2,BUS302 / 22,PERSONAL FINANCE B,NICOLE SIMEK,11,2026,A-,3.45 pts,0.29,,327,,Yes
21,2/4/25,6,S2,SOC702 / 26,US HISTORY/B,SCOTT BOOTHBY,11,2026,B+,3.24 pts,0,,327,,Yes
21,2/4/25,2,S2,MAT702 / 22,ALGEBRA II B,JASON BLAESING,11,2026,C,2.25 pts,7,,554,,Yes
29,4/8/25,4,S2,MAT702 / 24,ALGEBRA II B,JENNIFER REILLY,10,2027,A,3.94 pts,2.14,,130,,Yes
21,2/4/25,5,S2,MAT702 / 45,ALGEBRA II B,JENNIFER REILLY,11,2026,C+,2.64 pts,0,,556,,Yes
21,2/4/25,6,S2,SCI602 / 46,BIOLOGY B,WILLIAM BAUR,10,2027,F,1.51 pts,1.14,,330,,Yes
21,2/4/25,3,S2,BUS302 / 23,PERSONAL FINANCE B,NICOLE SIMEK,12,2025,F,1.64 pts,27.57,,331,,Yes
21,2/4/25,5,S2,MAT702 / 45,ALGEBRA II B,JENNIFER REILLY,12,2025,A-,3.44 pts,5,,557,,Yes
21,2/4/25,3,S2,BUS302 / 23,PERSONAL FINANCE B,NICOLE SIMEK,12,2025,B,3.12 pts,4.43,,332,,Yes
21,2/4/25,3,S2,SCI602 / 23,BIOLOGY B,GRANT MERRILL,10,2027,C,2.44 pts,9,,333,,Yes
21,2/4/25,5,S2,ENG602 / 25,SOPH ENG/B,MARCEE SALAS,10,2027,F,1.56 pts,9,,333,,Yes
21,2/4/25,5,S2,MAT523 / 25,GEOMETRY B,BRIAN ANDERSON,10,2027,C-,2.16 pts,10.71,,334,,Yes
30,4/15/25,4,S2,MAT702 / 24,ALGEBRA II B,JENNIFER REILLY,10,2027,A,3.94 pts,2.14,,130,,Yes
21,2/4/25,2,S2,MAT523 / 22,GEOMETRY B,ROCHELLE AITON,10,2027,C+,2.66 pts,1,,335,,Yes
21,2/4/25,3,S2,SCI602 / 23,BIOLOGY B,GRANT MERRILL,10,2027,C+,2.50 pts,1,,335,,Yes
21,2/4/25,6,S2,SCI602 / 46,BIOLOGY B,WILLIAM BAUR,10,2027,B-,2.78 pts,4.57,,337,,Yes
21,2/4/25,6,S2,MAT702 / 26,ALGEBRA II B,JASON BLAESING,11,2026,B+,3.34 pts,5,,336,,Yes
21,2/4/25,5,S2,MAT702 / 45,ALGEBRA II B,JENNIFER REILLY,11,2026,B-,2.88 pts,5.71,,559,,Yes
21,2/4/25,5,S2,BUS302 / 25,PERSONAL FINANCE B,NICOLE SIMEK,12,2025,B,2.92 pts,0.43,,560,,Yes
21,2/4/25,4,S2,MAT523 / 24,GEOMETRY B,ROCHELLE AITON,10,2027,C,2.48 pts,4,,338,,Yes
21,2/4/25,5,S2,ENG602 / 25,SOPH ENG/B,MARCEE SALAS,10,2027,B,3.01 pts,4,,338,,Yes
21,2/4/25,3,S2,MAT702 / 23,ALGEBRA II B,JENNIFER REILLY,11,2026,B,2.95 pts,0,,339,,Yes
21,2/4/25,5,S2,MAT523 / 25,GEOMETRY B,BRIAN ANDERSON,10,2027,F,1.16 pts,9.29,,340,,Yes
21,2/4/25,6,S2,SCI602 / 46,BIOLOGY B,WILLIAM BAUR,10,2027,F,0.77 pts,8.57,,340,,Yes
21,2/4/25,1,S2,ENG504 / 21,PRE-AP FRESHMAN ENGLISH/B,ANGELINA MERRILL,9,2028,B+,3.31 pts,5,,561,,Yes
21,2/4/25,3,S2,BUS302 / 23,PERSONAL FINANCE B,NICOLE SIMEK,12,2025,A-,3.50 pts,1,,341,,Yes
21,2/4/25,6,S2,MAT702 / 26,ALGEBRA II B,JASON BLAESING,11,2026,B+,3.21 pts,3.43,,342,,Yes
21,2/4/25,1,S2,ENG504 / 21,PRE-AP FRESHMAN ENGLISH/B,ANGELINA MERRILL,9,2028,B+,3.32 pts,0.14,,348,,Yes
21,2/4/25,2,S2,MAT523 / 22,GEOMETRY B,ROCHELLE AITON,9,2028,A,3.82 pts,0,,348,,Yes
21,2/4/25,2,S2,SCI610 / 22,CHEMISTRY/B,GRANT MERRILL,11,2026,B,2.94 pts,1.43,,350,,Yes
21,2/4/25,1,S2,ENG504 / 21,PRE-AP FRESHMAN ENGLISH/B,ANGELINA MERRILL,9,2028,F,0.87 pts,16.14,,562,,Yes
21,2/4/25,5,S2,MAT523 / 25,GEOMETRY B,BRIAN ANDERSON,9,2028,B+,3.24 pts,3.86,,351,,Yes
21,2/4/25,3,S2,MAT702 / 23,ALGEBRA II B,JENNIFER REILLY,10,2027,B,3.09 pts,7.29,,353,,Yes
21,2/4/25,5,S2,ENG602 / 25,SOPH ENG/B,MARCEE SALAS,10,2027,B-,2.83 pts,6.43,,353,,Yes
21,2/4/25,6,S2,SCI602 / 46,BIOLOGY B,WILLIAM BAUR,10,2027,A,3.95 pts,5.71,,353,,Yes
21,2/4/25,2,S2,SCI610 / 22,CHEMISTRY/B,GRANT MERRILL,12,2025,W,1.43 pts,8.14,,354,,Yes
21,2/4/25,1,S2,ENG504 / 21,PRE-AP FRESHMAN ENGLISH/B,ANGELINA MERRILL,9,2028,C,2.31 pts,0,,563,,Yes
21,2/4/25,6,S2,SOC702 / 26,US HISTORY/B,SCOTT BOOTHBY,11,2026,C-,2.05 pts,12.57,,356,,Yes
21,2/4/25,6,S2,MAT702 / 26,ALGEBRA II B,JASON BLAESING,11,2026,B-,2.72 pts,4.86,,357,,Yes
21,2/4/25,4,S2,MAT702 / 24,ALGEBRA II B,JENNIFER REILLY,11,2026,F,1.01 pts,18,,177,,Yes
21,2/4/25,3,S2,MAT523 / 23,GEOMETRY B,ROCHELLE AITON,9,2028,B+,3.35 pts,5.14,,358,,Yes
21,2/4/25,1,S2,SCI504 / 21,PHYSICAL SCIENCE B,JAMES BENNETT,9,2028,C,2.38 pts,0,,565,,Yes
21,2/4/25,6,S2,ENG502 / 26,FR ENGLISH/B,DAVID HOLLINGSWORTH,9,2028,A,3.76 pts,0,,565,,Yes
21,2/4/25,1,S2,ENG504 / 21,PRE-AP FRESHMAN ENGLISH/B,ANGELINA MERRILL,9,2028,A,3.75 pts,5,,566,,Yes
21,2/4/25,1,S2,SCI504 / 21,PHYSICAL SCIENCE B,JAMES BENNETT,11,2026,C,2.38 pts,0.71,,361,,Yes
21,2/4/25,6,S2,MAT702 / 26,ALGEBRA II B,JASON BLAESING,11,2026,C,2.39 pts,0,,361,,Yes
21,2/4/25,5,S2,BUS302 / 25,PERSONAL FINANCE B,NICOLE SIMEK,12,2025,F,0.57 pts,21.43,,362,,Yes
21,2/4/25,1,S2,ENG504 / 21,PRE-AP FRESHMAN ENGLISH/B,ANGELINA MERRILL,9,2028,,3.83 pts,0,,363,,Yes
21,2/4/25,3,S2,MAT523 / 23,GEOMETRY B,ROCHELLE AITON,9,2028,A,3.99 pts,0,,363,,Yes
21,2/4/25,6,S2,ENG502 / 26,FR ENGLISH/B,DAVID HOLLINGSWORTH,9,2028,A-,3.57 pts,3,,567,,Yes
21,2/4/25,3,S2,MAT702 / 23,ALGEBRA II B,JENNIFER REILLY,10,2027,A,3.99 pts,1,,364,,Yes
21,2/4/25,4,S2,SCI602 / 24,BIOLOGY B,GRANT MERRILL,10,2027,B+,3.39 pts,1.43,,364,,Yes
21,2/4/25,1,S2,ENG504 / 21,PRE-AP FRESHMAN ENGLISH/B,ANGELINA MERRILL,9,2028,B+,3.34 pts,0,,568,,Yes
21,2/4/25,5,S2,MAT702 / 45,ALGEBRA II B,JENNIFER REILLY,11,2026,B-,2.86 pts,6.33,,569,,Yes
21,2/4/25,4,S2,SCI602 / 24,BIOLOGY B,GRANT MERRILL,10,2027,C,2.47 pts,6.71,,448,,Yes
21,2/4/25,6,S2,ENG502 / 26,FR ENGLISH/B,DAVID HOLLINGSWORTH,9,2028,B-,2.81 pts,14.29,,366,,Yes
21,2/4/25,2,S2,BUS302 / 22,PERSONAL FINANCE B,NICOLE SIMEK,12,2025,D+,1.95 pts,2.86,,365,,Yes
21,2/4/25,1,S2,ENG504 / 21,PRE-AP FRESHMAN ENGLISH/B,ANGELINA MERRILL,9,2028,B,3.12 pts,6.57,,450,,Yes
21,2/4/25,4,S2,MAT523 / 24,GEOMETRY B,ROCHELLE AITON,9,2028,C-,2.10 pts,7.43,,450,,Yes
21,2/4/25,1,S2,SCI504 / 21,PHYSICAL SCIENCE B,JAMES BENNETT,11,2026,B,3.05 pts,7.17,,570,,Yes
22,2/11/25,4,S2,MAT702 / 24,ALGEBRA II B,JENNIFER REILLY,11,2026,,,2,,177,,Yes
21,2/4/25,1,S2,SCI504 / 21,PHYSICAL SCIENCE B,JAMES BENNETT,9,2028,C-,2.06 pts,5.29,,461,,Yes
21,2/4/25,6,S2,ENG502 / 26,FR ENGLISH/B,DAVID HOLLINGSWORTH,9,2028,C-,2.17 pts,4.43,,461,,Yes
21,2/4/25,3,S2,BUS302 / 23,PERSONAL FINANCE B,NICOLE SIMEK,12,2025,A,3.96 pts,8.71,,367,,Yes
21,2/4/25,2,S2,BUS302 / 22,PERSONAL FINANCE B,NICOLE SIMEK,11,2026,F,1.01 pts,19.71,,451,,Yes
21,2/4/25,6,S2,MAT702 / 26,ALGEBRA II B,JASON BLAESING,11,2026,B+,3.37 pts,1.43,,370,,Yes
21,2/4/25,1,S2,ENG504 / 21,PRE-AP FRESHMAN ENGLISH/B,ANGELINA MERRILL,9,2028,A-,3.57 pts,4.71,,571,,Yes
21,2/4/25,5,S2,ENG602 / 25,SOPH ENG/B,MARCEE SALAS,10,2027,D+,1.94 pts,10.57,,371,,Yes
21,2/4/25,3,S2,SCI602 / 23,BIOLOGY B,GRANT MERRILL,10,2027,C,2.49 pts,4.43,,372,,Yes
21,2/4/25,5,S2,MAT523 / 25,GEOMETRY B,BRIAN ANDERSON,10,2027,C+,2.66 pts,4.43,,372,,Yes
21,2/4/25,4,S2,MAT523 / 24,GEOMETRY B,ROCHELLE AITON,10,2027,A,3.80 pts,0.43,,452,,Yes
21,2/4/25,6,S2,SCI602 / 26,BIOLOGY B,GRANT MERRILL,10,2027,A,3.88 pts,0.43,,452,,Yes
21,2/4/25,2,S2,ENG602 / 22,SOPH ENG/B,KELLY GREGERSEN,10,2027,A-,3.44 pts,5,,572,,Yes
21,2/4/25,3,S2,MAT523 / 23,GEOMETRY B,ROCHELLE AITON,10,2027,B+,3.30 pts,5.14,,572,,Yes
21,2/4/25,6,S2,SCI602 / 26,BIOLOGY B,GRANT MERRILL,10,2027,C,2.45 pts,2.14,,453,,Yes
21,2/4/25,5,S2,ENG602 / 25,SOPH ENG/B,MARCEE SALAS,10,2027,A,3.64 pts,0.29,,373,,Yes
21,2/4/25,6,S2,SCI602 / 46,BIOLOGY B,WILLIAM BAUR,10,2027,A,3.61 pts,0.29,,373,,Yes
21,2/4/25,1,S2,ENG504 / 21,PRE-AP FRESHMAN ENGLISH/B,ANGELINA MERRILL,9,2028,C,2.33 pts,5,,573,,Yes
21,2/4/25,3,S2,BUS302 / 23,PERSONAL FINANCE B,NICOLE SIMEK,11,2026,B-,2.73 pts,7.43,,574,,Yes
21,2/4/25,6,S2,SCI602 / 26,BIOLOGY B,GRANT MERRILL,10,2027,D,1.74 pts,2.29,,375,,Yes
21,2/4/25,6,S2,SOC702 / 26,US HISTORY/B,SCOTT BOOTHBY,11,2026,B,2.98 pts,3,,376,,Yes
21,2/4/25,4,S2,SCI602 / 24,BIOLOGY B,GRANT MERRILL,10,2027,C,2.27 pts,1,,374,,Yes
21,2/4/25,2,S2,BUS302 / 22,PERSONAL FINANCE B,NICOLE SIMEK,12,2025,F,1.45 pts,11.57,,377,,Yes
21,2/4/25,1,S2,MAT523 / 21,GEOMETRY B,ROCHELLE AITON,10,2027,B,3.03 pts,1.29,,454,,Yes
21,2/4/25,3,S2,MAT702 / 23,ALGEBRA II B,JENNIFER REILLY,11,2026,F,0.95 pts,10.79,,380,,Yes
21,2/4/25,6,S2,SOC702 / 26,US HISTORY/B,SCOTT BOOTHBY,11,2026,C,2.36 pts,8.26,,380,,Yes
21,2/4/25,5,S2,MAT702 / 45,ALGEBRA II B,JENNIFER REILLY,11,2026,B+,3.27 pts,2,,575,,Yes
23,2/18/25,4,S2,MAT702 / 24,ALGEBRA II B,JENNIFER REILLY,11,2026,,,3.29,,177,,Yes
21,2/4/25,5,S2,ENG602 / 25,SOPH ENG/B,MARCEE SALAS,10,2027,B-,2.78 pts,1.57,,455,,Yes
21,2/4/25,2,S2,MAT523 / 22,GEOMETRY B,ROCHELLE AITON,10,2027,D+,1.95 pts,2,,382,,Yes
21,2/4/25,2,S2,MAT523 / 22,GEOMETRY B,ROCHELLE AITON,10,2027,B-,2.77 pts,13.86,,383,,Yes
21,2/4/25,3,S2,SCI602 / 23,BIOLOGY B,GRANT MERRILL,10,2027,B,2.94 pts,14,,383,,Yes
21,2/4/25,5,S2,ENG602 / 25,SOPH ENG/B,MARCEE SALAS,10,2027,C-,2.12 pts,14.71,,383,,Yes
21,2/4/25,6,S2,MAT702 / 26,ALGEBRA II B,JASON BLAESING,10,2027,B,3.16 pts,1,,384,,Yes
21,2/4/25,3,S2,BUS302 / 23,PERSONAL FINANCE B,NICOLE SIMEK,12,2025,A,3.60 pts,4.57,,385,,Yes
21,2/4/25,2,S2,MAT523 / 22,GEOMETRY B,ROCHELLE AITON,10,2027,B-,2.77 pts,8.43,,386,,Yes
21,2/4/25,4,S2,SCI602 / 24,BIOLOGY B,GRANT MERRILL,10,2027,B+,3.35 pts,9,,386,,Yes
21,2/4/25,5,S2,MAT523 / 25,GEOMETRY B,BRIAN ANDERSON,10,2027,B-,2.86 pts,2,,576,,Yes
24,2/25/25,4,S2,MAT702 / 24,ALGEBRA II B,JENNIFER REILLY,11,2026,F,0.24 pts,5.57,,177,,Yes
21,2/4/25,5,S2,MAT702 / 45,ALGEBRA II B,JENNIFER REILLY,10,2027,A,3.83 pts,1,,578,,Yes
21,2/4/25,2,S2,SCI610 / 22,CHEMISTRY/B,GRANT MERRILL,11,2026,B-,2.88 pts,0.29,,387,,Yes
21,2/4/25,3,S2,MAT702 / 23,ALGEBRA II B,JENNIFER REILLY,11,2026,B+,3.35 pts,0,,387,,Yes
21,2/4/25,2,S2,SCI610 / 22,CHEMISTRY/B,GRANT MERRILL,11,2026,C+,2.52 pts,0,,388,,Yes
25,3/4/25,4,S2,MAT702 / 24,ALGEBRA II B,JENNIFER REILLY,11,2026,F,0.23 pts,7.86,,177,,Yes
21,2/4/25,5,S2,BUS302 / 25,PERSONAL FINANCE B,NICOLE SIMEK,12,2025,A,3.74 pts,2.57,,579,,Yes
21,2/4/25,1,S2,MAT523 / 21,GEOMETRY B,ROCHELLE AITON,10,2027,A-,3.45 pts,3.14,,389,,Yes
21,2/4/25,6,S2,SOC702 / 26,US HISTORY/B,SCOTT BOOTHBY,11,2026,F,0.73 pts,25.81,,580,,Yes
21,2/4/25,3,S2,SCI602 / 23,BIOLOGY B,GRANT MERRILL,10,2027,F,1.23 pts,7.71,,391,,Yes
21,2/4/25,2,S2,ENG602 / 22,SOPH ENG/B,KELLY GREGERSEN,10,2027,B+,3.36 pts,3.43,,392,,Yes
21,2/4/25,5,S2,MAT702 / 45,ALGEBRA II B,JENNIFER REILLY,10,2027,C+,2.58 pts,6.29,,581,,Yes
21,2/4/25,3,S2,BUS302 / 23,PERSONAL FINANCE B,NICOLE SIMEK,12,2025,B-,2.83 pts,3.86,,394,,Yes
21,2/4/25,4,S2,MAT523 / 24,GEOMETRY B,ROCHELLE AITON,10,2027,B,2.94 pts,0.43,,458,,Yes
21,2/4/25,5,S2,MAT702 / 45,ALGEBRA II B,JENNIFER REILLY,11,2026,C+,2.61 pts,3.71,,582,,Yes
21,2/4/25,1,S2,SCI504 / 21,PHYSICAL SCIENCE B,JAMES BENNETT,9,2028,C-,2.08 pts,9.57,,583,,Yes
21,2/4/25,6,S2,ENG502 / 26,FR ENGLISH/B,DAVID HOLLINGSWORTH,9,2028,B-,2.79 pts,9.29,,583,,Yes
21,2/4/25,1,S2,SCI504 / 21,PHYSICAL SCIENCE B,JAMES BENNETT,9,2028,C+,2.59 pts,6.29,,584,,Yes
21,2/4/25,2,S2,MAT702 / 22,ALGEBRA II B,JASON BLAESING,10,2027,A,4.00 pts,3.86,,398,,Yes
21,2/4/25,3,S2,SCI602 / 23,BIOLOGY B,GRANT MERRILL,10,2027,A,3.94 pts,3.43,,398,,Yes
21,2/4/25,1,S2,MAT523 / 21,GEOMETRY B,ROCHELLE AITON,10,2027,F,1.63 pts,9.43,,399,,Yes
21,2/4/25,2,S2,ENG602 / 22,SOPH ENG/B,KELLY GREGERSEN,10,2027,C+,2.63 pts,9.43,,399,,Yes
21,2/4/25,6,S2,SCI602 / 26,BIOLOGY B,GRANT MERRILL,10,2027,B-,2.72 pts,9.71,,399,,Yes
21,2/4/25,3,S2,SCI602 / 23,BIOLOGY B,GRANT MERRILL,10,2027,F,0.95 pts,27.86,,585,,Yes
21,2/4/25,1,S2,SCI504 / 21,PHYSICAL SCIENCE B,JAMES BENNETT,11,2026,C-,2.06 pts,21.29,,586,,Yes
26,3/11/25,4,S2,MAT702 / 24,ALGEBRA II B,JENNIFER REILLY,11,2026,F,1.06 pts,10.14,,177,,Yes
21,2/4/25,1,S2,ENG504 / 21,PRE-AP FRESHMAN ENGLISH/B,ANGELINA MERRILL,9,2028,B-,2.79 pts,2.86,,587,,Yes
21,2/4/25,4,S2,SCI602 / 24,BIOLOGY B,GRANT MERRILL,10,2027,B+,3.39 pts,11,,401,,Yes
21,2/4/25,5,S2,ENG602 / 25,SOPH ENG/B,MARCEE SALAS,10,2027,B-,2.87 pts,11.57,,401,,Yes
21,2/4/25,5,S2,MAT523 / 25,GEOMETRY B,BRIAN ANDERSON,10,2027,F,1.34 pts,6.29,,402,,Yes
21,2/4/25,3,S2,MAT523 / 23,GEOMETRY B,ROCHELLE AITON,10,2027,C-,2.16 pts,6.14,,403,,Yes
21,2/4/25,5,S2,ENG602 / 25,SOPH ENG/B,MARCEE SALAS,10,2027,B,3.12 pts,6,,403,,Yes
27,3/18/25,4,S2,MAT702 / 24,ALGEBRA II B,JENNIFER REILLY,11,2026,D,1.66 pts,11.29,,177,,Yes
28,3/25/25,4,S2,MAT702 / 24,ALGEBRA II B,JENNIFER REILLY,11,2026,F,1.25 pts,13.14,,177,,Yes
21,2/4/25,2,S2,ENG602 / 22,SOPH ENG/B,KELLY GREGERSEN,10,2027,C+,2.64 pts,0,,404,,Yes
21,2/4/25,3,S2,MAT523 / 23,GEOMETRY B,ROCHELLE AITON,10,2027,B+,3.27 pts,0,,404,,Yes
21,2/4/25,4,S2,SCI602 / 24,BIOLOGY B,GRANT MERRILL,10,2027,B,2.93 pts,0,,404,,Yes
21,2/4/25,3,S2,MAT702 / 23,ALGEBRA II B,JENNIFER REILLY,10,2027,B-,2.74 pts,0,,405,,Yes
21,2/4/25,4,S2,SCI602 / 24,BIOLOGY B,GRANT MERRILL,10,2027,B,2.92 pts,0,,405,,Yes
21,2/4/25,5,S2,ENG602 / 25,SOPH ENG/B,MARCEE SALAS,10,2027,A-,3.49 pts,0,,405,,Yes
21,2/4/25,3,S2,MAT702 / 23,ALGEBRA II B,JENNIFER REILLY,11,2026,C+,2.67 pts,1.86,,406,,Yes
21,2/4/25,1,S2,MAT523 / 21,GEOMETRY B,ROCHELLE AITON,10,2027,F,0.32 pts,18.14,,407,,Yes
21,2/4/25,2,S2,ENG602 / 22,SOPH ENG/B,KELLY GREGERSEN,10,2027,C,2.32 pts,18.14,,407,,Yes
21,2/4/25,6,S2,SCI602 / 46,BIOLOGY B,WILLIAM BAUR,10,2027,D,1.71 pts,19.43,,407,,Yes
21,2/4/25,5,S2,BUS302 / 25,PERSONAL FINANCE B,NICOLE SIMEK,12,2025,B-,2.70 pts,2.71,,408,,Yes
21,2/4/25,5,S2,BUS302 / 25,PERSONAL FINANCE B,NICOLE SIMEK,11,2026,A,3.73 pts,2,,591,,Yes
21,2/4/25,6,S2,ENG502 / 26,FR ENGLISH/B,DAVID HOLLINGSWORTH,9,2028,F,0.62 pts,27.43,,410,,Yes
21,2/4/25,2,S2,MAT523 / 22,GEOMETRY B,ROCHELLE AITON,10,2027,D+,1.97 pts,1.29,,411,,Yes
21,2/4/25,3,S2,SCI602 / 23,BIOLOGY B,GRANT MERRILL,10,2027,C,2.46 pts,1,,411,,Yes
21,2/4/25,4,S2,MAT523 / 24,GEOMETRY B,ROCHELLE AITON,10,2027,C,2.40 pts,0.71,,460,,Yes
21,2/4/25,1,S2,SCI504 / 21,PHYSICAL SCIENCE B,JAMES BENNETT,11,2026,D+,1.88 pts,0,,412,,Yes
21,2/4/25,2,S2,MAT702 / 22,ALGEBRA II B,JASON BLAESING,11,2026,,0.00 pts,0,,412,,Yes
21,2/4/25,1,S2,SCI504 / 21,PHYSICAL SCIENCE B,JAMES BENNETT,9,2028,C,2.38 pts,2,,592,,Yes
21,2/4/25,3,S2,BUS302 / 23,PERSONAL FINANCE B,NICOLE SIMEK,12,2025,A,4.00 pts,37.71,,413,,Yes
21,2/4/25,1,S2,MAT523 / 21,GEOMETRY B,ROCHELLE AITON,10,2027,C-,2.13 pts,1,,414,,Yes
21,2/4/25,5,S2,ENG602 / 25,SOPH ENG/B,MARCEE SALAS,10,2027,C,2.24 pts,0,,414,,Yes
21,2/4/25,6,S2,SCI602 / 46,BIOLOGY B,WILLIAM BAUR,10,2027,C,2.42 pts,0,,414,,Yes
21,2/4/25,5,S2,BUS302 / 25,PERSONAL FINANCE B,NICOLE SIMEK,12,2025,A,4.00 pts,5.4,,593,,Yes
21,2/4/25,1,S2,SCI504 / 21,PHYSICAL SCIENCE B,JAMES BENNETT,12,2025,C,2.34 pts,6.43,,415,,Yes
21,2/4/25,2,S2,BUS302 / 22,PERSONAL FINANCE B,NICOLE SIMEK,12,2025,C+,2.64 pts,5.14,,415,,Yes
21,2/4/25,2,S2,ENG602 / 22,SOPH ENG/B,KELLY GREGERSEN,10,2027,C-,2.09 pts,11.57,,416,,Yes
21,2/4/25,4,S2,MAT523 / 24,GEOMETRY B,ROCHELLE AITON,10,2027,F,1.59 pts,12.71,,416,,Yes
21,2/4/25,6,S2,SCI602 / 46,BIOLOGY B,WILLIAM BAUR,10,2027,A-,3.40 pts,1,,417,,Yes
21,2/4/25,2,S2,ENG602 / 22,SOPH ENG/B,KELLY GREGERSEN,10,2027,C-,2.19 pts,7.71,,418,,Yes
29,4/8/25,4,S2,MAT702 / 24,ALGEBRA II B,JENNIFER REILLY,11,2026,F,1.01 pts,15.57,,177,,Yes
21,2/4/25,6,S2,SCI602 / 26,BIOLOGY B,GRANT MERRILL,10,2027,B-,2.88 pts,7.14,,418,,Yes
21,2/4/25,3,S2,MAT523 / 23,GEOMETRY B,ROCHELLE AITON,9,2028,F,0.00 pts,35.86,,419,,Yes
21,2/4/25,5,S2,MAT523 / 25,GEOMETRY B,BRIAN ANDERSON,9,2028,B,2.90 pts,0,,420,,Yes
21,2/4/25,1,S2,SCI504 / 21,PHYSICAL SCIENCE B,JAMES BENNETT,9,2028,B,3.07 pts,6,,594,,Yes
21,2/4/25,4,S2,SCI602 / 24,BIOLOGY B,GRANT MERRILL,10,2027,B+,3.22 pts,3,,421,,Yes
21,2/4/25,2,S2,BUS302 / 22,PERSONAL FINANCE B,NICOLE SIMEK,12,2025,F,0.87 pts,17.9,,422,,Yes
21,2/4/25,2,S2,SCI610 / 22,CHEMISTRY/B,GRANT MERRILL,12,2025,C,2.28 pts,5.67,,423,,Yes
21,2/4/25,2,S2,ENG602 / 22,SOPH ENG/B,KELLY GREGERSEN,10,2027,F,1.43 pts,12.43,,48,,Yes
21,2/4/25,5,S2,MAT523 / 25,GEOMETRY B,BRIAN ANDERSON,10,2027,F,0.85 pts,12.14,,48,,Yes
21,2/4/25,6,S2,SCI602 / 26,BIOLOGY B,GRANT MERRILL,10,2027,D+,1.98 pts,12.29,,48,,Yes
21,2/4/25,1,S2,SCI504 / 21,PHYSICAL SCIENCE B,JAMES BENNETT,12,2025,F,1.60 pts,10.14,,49,,Yes
21,2/4/25,6,S2,MAT702 / 26,ALGEBRA II B,JASON BLAESING,12,2025,F,1.17 pts,10,,49,,Yes
22,2/11/25,1,S2,ENG702 / 21,JUNIOR ENG/B,JOHN CARVER,11,2026,D+,1.95 pts,1.19,,1,,#N/A
22,2/11/25,2,S2,FAR541 / 22,PERCUSSION/B,DAVID DUARTE,11,2026,,,0.57,,1,,#N/A
22,2/11/25,3,S2,PED101 / 23,PHYSICAL EDUCATION,SCOTT DIZMANG,11,2026,,,0.33,,1,,#N/A
22,2/11/25,4,S2,CTE115 / 24,ENGINEERING B,JASON BLAESING,11,2026,,,1.19,,1,,#N/A
22,2/11/25,5,S2,MAT702 / 45,ALGEBRA II B,JENNIFER REILLY,11,2026,,,1.05,,1,,Yes
22,2/11/25,6,S2,SOC702 / 26,US HISTORY/B,SCOTT BOOTHBY,11,2026,C-,2.05 pts,0.43,,1,,Yes
22,2/11/25,1,S2,CTA102 / 21,CTA S2,,11,2026,,,0,,3,,#N/A
22,2/11/25,2,S2,CTA102 / 21,CTA S2,,11,2026,,,0,,3,,#N/A
22,2/11/25,3,S2,CTA102 / 21,CTA S2,,11,2026,,,0,,3,,#N/A
30,4/15/25,4,S2,MAT702 / 24,ALGEBRA II B,JENNIFER REILLY,11,2026,F,1.00 pts,17.29,,177,,Yes
22,2/11/25,5,S2,ASL504 / 25,AMERICAN SIGN LANGUAGE II/B,TAMI GRANT,11,2026,,,1,,3,,#N/A
22,2/11/25,6,S2,ENG702 / 26,JUNIOR ENG/B,JOHN CARVER,11,2026,A,4.00 pts,1,,3,,#N/A
22,2/11/25,1,S2,FAR506 / 21,CONCERT CHOIR /B,DAVID DUARTE,10,2027,,,1.14,,4,,#N/A
22,2/11/25,2,S2,SPA502 / 22,SPANISH I B,ARELI LOPEZ LOPEZ,10,2027,,,1,,4,,#N/A
22,2/11/25,3,S2,SOC109 / 23,WORLD HISTORY/B,RYAN ISAACSON,10,2027,,,1,,4,,#N/A
22,2/11/25,4,S2,SCI602 / 24,BIOLOGY B,GRANT MERRILL,10,2027,,,1,,4,,Yes
22,2/11/25,5,S2,ENG602 / 25,SOPH ENG/B,MARCEE SALAS,10,2027,F,0.00 pts,1,,4,,Yes
22,2/11/25,6,S2,MAT523 / 46,GEOMETRY B,ROCHELLE AITON,10,2027,,,1,,4,,#N/A
22,2/11/25,1,S2,VOC706 / 21,DIGITAL PHOTOGRAPHY II,ROSANNA RUFF,11,2026,B+,3.33 pts,0.43,,5,,#N/A
22,2/11/25,2,S2,SCI504 / 42,PHYSICAL SCIENCE B,WILLIAM BAUR,11,2026,,,0.71,,5,,#N/A
22,2/11/25,3,S2,BUS302 / 23,PERSONAL FINANCE B,NICOLE SIMEK,11,2026,F,0.95 pts,0.71,,5,,Yes
22,2/11/25,4,S2,SOC702 / 24,US HISTORY/B,DAVE HAJEK,11,2026,,,0.71,,5,,#N/A
22,2/11/25,5,S2,ENG702 / 25,JUNIOR ENG/B,JOHN CARVER,11,2026,F,1.10 pts,0.57,,5,,#N/A
22,2/11/25,6,S2,HFL113 / 26,INTRO CULINARY ART,ALEXANDRA YOST,11,2026,,,0.14,,5,,#N/A
22,2/11/25,1,S2,VOC620 / 21,METAL CRAFTS & PRODUCTION I,DONALD O'BRIEN,10,2027,,1.00 pts,0,,6,,#N/A
22,2/11/25,1,S2,PED500 / 21,WEIGHT TRAINING,SCOTT BOOTHBY,10,2027,,,0,,6,,#N/A
22,2/11/25,2,S2,PED500 / 22,WEIGHT TRAINING,SCOTT BOOTHBY,10,2027,,4.00 pts,0,,6,,#N/A
22,2/11/25,2,S2,ELE404 / 22,LANGUAGE SUPPORT/B,HAYLEY ALVARADO,10,2027,,,0,,6,,#N/A
22,2/11/25,3,S2,SOC109 / 23,WORLD HISTORY/B,RYAN ISAACSON,10,2027,,,0,,6,,#N/A
22,2/11/25,4,S2,MAT523 / 24,GEOMETRY B,ROCHELLE AITON,10,2027,,,0,John L,6,Active,Yes
22,2/11/25,5,S2,ENG602 / 25,SOPH ENG/B,MARCEE SALAS,10,2027,D+,1.84 pts,0,Pat,6,Active,Yes
22,2/11/25,6,S2,SCI602 / 46,BIOLOGY B,WILLIAM BAUR,10,2027,,,0,Mimi,6,Active,Yes
22,2/11/25,1,S2,ENG802 / 21,SENIOR ENG/B,HEATHER CARVER,12,2025,,,0,,7,,#N/A
22,2/11/25,2,S2,BUS302 / 22,PERSONAL FINANCE B,NICOLE SIMEK,12,2025,C-,2.03 pts,0,,7,,Yes
22,2/11/25,3,S2,ONT401 / 23,ON-TRACK/B,BRIAN ANDERSON,12,2025,U,4.00 pts,0,,7,,#N/A
22,2/11/25,4,S2,ENG716 / 24,DRAMATIC LITERATURE,KELLY GREGERSEN,12,2025,,,0,,7,,#N/A
22,2/11/25,5,S2,CTE101 / 25,MEDICAL CAREER & TERMS/B,DONNA SCHATZ,12,2025,,,0,,7,,#N/A
22,2/11/25,6,S2,SOC801 / 26,CONTEMPORARY WORLD ISSUES,JIM REED,12,2025,A,4.00 pts,0,,7,,#N/A
22,2/11/25,1,S2,FAR721 / 21,PANTHER PLAYERS/B,KELLY GREGERSEN,11,2026,A,4.00 pts,3,,46,,#N/A
22,2/11/25,2,S2,SCI610 / 22,CHEMISTRY/B,GRANT MERRILL,11,2026,,,3,,46,,Yes
22,2/11/25,3,S2,MAT702 / 23,ALGEBRA II B,JENNIFER REILLY,11,2026,,,3,,46,,Yes
22,2/11/25,4,S2,ENG716 / 24,DRAMATIC LITERATURE,KELLY GREGERSEN,11,2026,,,3,,46,,#N/A
22,2/11/25,5,S2,SOC702 / 25,US HISTORY/B,DAVE HAJEK,11,2026,,,3,,46,,#N/A
22,2/11/25,6,S2,SPA502 / 26,SPANISH I B,ARELI LOPEZ LOPEZ,11,2026,,,3,,46,,#N/A
22,2/11/25,1,S2,FAR721 / 21,PANTHER PLAYERS/B,KELLY GREGERSEN,12,2025,A,4.00 pts,1,,8,,#N/A
22,2/11/25,2,S2,BUS302 / 22,PERSONAL FINANCE B,NICOLE SIMEK,12,2025,F,0.00 pts,1.86,,8,,Yes
22,2/11/25,3,S2,HFL113 / 23,INTRO CULINARY ART,ALEXANDRA YOST,12,2025,C+,2.67 pts,1.86,,8,,#N/A
22,2/11/25,4,S2,ENG718 / 24,AP LITERATURE/COMPOSITION B,HEATHER CARVER,12,2025,A,4.00 pts,1.86,,8,,#N/A
22,2/11/25,5,S2,SOC801 / 25,CONTEMPORARY WORLD ISSUES,SCOTT BOOTHBY,12,2025,F,1.50 pts,1.86,,8,,#N/A
22,2/11/25,6,S2,SCI504 / 26,PHYSICAL SCIENCE B,JAMES BENNETT,12,2025,C-,2.00 pts,1.86,,8,,#N/A
22,2/11/25,1,S2,PED513 / 21,TEAM GAMES,SCOTT DIZMANG,10,2027,,,0,,9,,#N/A
22,2/11/25,2,S2,SOC109 / 22,WORLD HISTORY/B,DAVID HOLLINGSWORTH,10,2027,B,3.00 pts,0,,9,,#N/A
22,2/11/25,3,S2,HFL116 / 23,BAKING PASTRY ARTS I,KAYLA PAYNE,10,2027,A,4.00 pts,0,,9,,#N/A
22,2/11/25,4,S2,SCI602 / 24,BIOLOGY B,GRANT MERRILL,10,2027,,,0,,9,,Yes
22,2/11/25,5,S2,MAT523 / 25,GEOMETRY B,BRIAN ANDERSON,10,2027,A,4.00 pts,0,Linda,9,Active,Yes
22,2/11/25,6,S2,ENG602 / 26,SOPH ENG/B,MARCEE SALAS,10,2027,F,1.39 pts,0,,9,,#N/A
22,2/11/25,1,S2,MAT523 / 21,GEOMETRY B,ROCHELLE AITON,10,2027,,,0,John L,10,Active,Yes
22,2/11/25,2,S2,ENG602 / 22,SOPH ENG/B,KELLY GREGERSEN,10,2027,B,3.00 pts,0,,10,,Yes
22,2/11/25,3,S2,SOC109 / 23,WORLD HISTORY/B,RYAN ISAACSON,10,2027,,,0,,10,,#N/A
22,2/11/25,4,S2,HFL119 / 24,ADV CULINARY ARTS B,ALEXANDRA YOST,10,2027,,,0,,10,,#N/A
22,2/11/25,5,S2,PED500 / 25,WEIGHT TRAINING,SCOTT DIZMANG,10,2027,,,0,,10,,#N/A
22,2/11/25,6,S2,SCI602 / 26,BIOLOGY B,GRANT MERRILL,10,2027,,,0,,10,,Yes
22,2/11/25,1,S2,SPA602 / 21,SPANISH II B,ARELI LOPEZ LOPEZ,11,2026,,,0,,11,,#N/A
22,2/11/25,2,S2,HFL115 / 22,ADVANCED PASTRY ARTS I,KAYLA PAYNE,11,2026,A,4.00 pts,0,,11,,#N/A
22,2/11/25,3,S2,MAT702 / 23,ALGEBRA II B,JENNIFER REILLY,11,2026,,,0,,11,,Yes
22,2/11/25,4,S2,CTE115 / 24,ENGINEERING B,JASON BLAESING,11,2026,,,0,,11,,#N/A
22,2/11/25,5,S2,SOC704 / 25,AP US HISTORY B,RYAN ISAACSON,11,2026,,,0,,11,,#N/A
22,2/11/25,6,S2,ENG702 / 26,JUNIOR ENG/B,JOHN CARVER,11,2026,A,4.00 pts,0,,11,,#N/A
22,2/11/25,1,S2,CTE115 / 21,ENGINEERING B,JASON BLAESING,11,2026,,,2,,12,,#N/A
22,2/11/25,2,S2,VOC705 / 22,DIGITAL PHOTOGRAPHY I,ROSANNA RUFF,11,2026,C-,2.00 pts,2,,12,,#N/A
22,2/11/25,3,S2,PED500 / 23,WEIGHT TRAINING,SCOTT BOOTHBY,11,2026,B,3.00 pts,2,,12,,#N/A
22,2/11/25,4,S2,SOC702 / 24,US HISTORY/B,DAVE HAJEK,11,2026,,,2,,12,,#N/A
22,2/11/25,5,S2,BUS302 / 25,PERSONAL FINANCE B,NICOLE SIMEK,11,2026,D+,1.90 pts,2,,12,,Yes
22,2/11/25,6,S2,ENG702 / 26,JUNIOR ENG/B,JOHN CARVER,11,2026,A,4.00 pts,2,,12,,#N/A
22,2/11/25,1,S2,MAT523 / 21,GEOMETRY B,ROCHELLE AITON,10,2027,,,0,John L,13,Active,Yes
22,2/11/25,2,S2,ENG602 / 22,SOPH ENG/B,KELLY GREGERSEN,10,2027,B-,2.85 pts,0,,13,,Yes
22,2/11/25,3,S2,SCI602 / 43,BIOLOGY B,DONNA SCHATZ,10,2027,,,0,,13,,#N/A
22,2/11/25,4,S2,SCI504 / 44,PHYSICAL SCIENCE B,WILLIAM BAUR,10,2027,,,0,,13,,#N/A
22,2/11/25,5,S2,HFL116 / 25,BAKING PASTRY ARTS I,KAYLA PAYNE,10,2027,B,3.00 pts,0,,13,,#N/A
22,2/11/25,6,S2,SOC109 / 46,WORLD HISTORY/B,DAVE HAJEK,10,2027,,,0,,13,,#N/A
22,2/11/25,1,S2,ENG702 / 21,JUNIOR ENG/B,JOHN CARVER,11,2026,A,4.00 pts,0.43,,14,,#N/A
22,2/11/25,2,S2,VOC107 / 22,METALS MANUF & TECHNOLOGY II,DONALD O'BRIEN,11,2026,,,0.43,,14,,#N/A
22,2/11/25,3,S2,MAT702 / 23,ALGEBRA II B,JENNIFER REILLY,11,2026,,,0,,14,Active,Yes
22,2/11/25,4,S2,SCI504 / 24,PHYSICAL SCIENCE B,JAMES BENNETT,11,2026,C-,2.00 pts,0.57,,14,,#N/A
22,2/11/25,5,S2,SOC702 / 25,US HISTORY/B,DAVE HAJEK,11,2026,,,0.86,,14,,#N/A
22,2/11/25,6,S2,AID102 / AL6,TEACHER AIDE,ARELI LOPEZ LOPEZ,11,2026,,,0.57,,14,,#N/A
22,2/11/25,1,S2,SPA602 / 21,SPANISH II B,ARELI LOPEZ LOPEZ,10,2027,,,0,,15,,#N/A
22,2/11/25,2,S2,ENG602 / 22,SOPH ENG/B,KELLY GREGERSEN,10,2027,D+,1.90 pts,0,,15,,Yes
22,2/11/25,3,S2,SCI602 / 23,BIOLOGY B,GRANT MERRILL,10,2027,,,0,Linda,15,Active,Yes
22,2/11/25,4,S2,MAT523 / 24,GEOMETRY B,ROCHELLE AITON,10,2027,,,0,,15,,Yes
22,2/11/25,5,S2,VOC502 / 25,FINE ARTS WOODWORKING I,BRENT MANSELL,10,2027,,,0,,15,,#N/A
22,2/11/25,6,S2,SOC109 / 26,WORLD HISTORY/B,RYAN ISAACSON,10,2027,,,0,,15,,#N/A
22,2/11/25,1,S2,SOC109 / 21,WORLD HISTORY/B,DAVID HOLLINGSWORTH,10,2027,A,4.00 pts,0,,16,,#N/A
22,2/11/25,2,S2,FAR108 / 22,CERAMICS I,ROBERT YEE,10,2027,,,0,,16,,#N/A
22,2/11/25,3,S2,MAT523 / 23,GEOMETRY B,ROCHELLE AITON,10,2027,,,0,,16,,Yes
22,2/11/25,4,S2,SCI504 / 44,PHYSICAL SCIENCE B,WILLIAM BAUR,10,2027,,,0,,16,,#N/A
22,2/11/25,5,S2,HFL116 / 25,BAKING PASTRY ARTS I,KAYLA PAYNE,10,2027,A,4.00 pts,0,,16,,#N/A
22,2/11/25,6,S2,ENG602 / 26,SOPH ENG/B,MARCEE SALAS,10,2027,F,1.63 pts,0,,16,,#N/A
22,2/11/25,1,S2,MAT523 / 21,GEOMETRY B,ROCHELLE AITON,10,2027,,,1,,17,,Yes
22,2/11/25,1,S2,PED513 / 21,TEAM GAMES,SCOTT DIZMANG,10,2027,,,0.86,,17,,#N/A
22,2/11/25,2,S2,ENG602 / 22,SOPH ENG/B,KELLY GREGERSEN,10,2027,A,3.80 pts,2.02,,17,,Yes
22,2/11/25,3,S2,SCI602 / 43,BIOLOGY B,DONNA SCHATZ,10,2027,,,1.86,,17,,#N/A
22,2/11/25,4,S2,SOC109 / 24,WORLD HISTORY/B,DAVID HOLLINGSWORTH,10,2027,C-,2.00 pts,1.86,,17,,#N/A
22,2/11/25,5,S2,HFL116 / 25,BAKING PASTRY ARTS I,KAYLA PAYNE,10,2027,A,4.00 pts,1.86,,17,,#N/A
22,2/11/25,6,S2,MAT523 / 46,GEOMETRY B,ROCHELLE AITON,10,2027,,,0.86,,17,,#N/A
22,2/11/25,1,S2,PED500 / 21,WEIGHT TRAINING,SCOTT BOOTHBY,12,2025,,2.00 pts,0.14,,18,,#N/A
22,2/11/25,1,S2,AACAL2 / 21,ACADEMIC ACHIEVEMENT B,AARON LABREE,12,2025,,,0.29,,18,,#N/A
22,2/11/25,2,S2,BUS302 / 22,PERSONAL FINANCE B,NICOLE SIMEK,12,2025,F,0.95 pts,0.43,,18,,Yes
22,2/11/25,3,S2,SOC801 / 23,CONTEMPORARY WORLD ISSUES,JIM REED,12,2025,A,4.00 pts,0.29,,18,,#N/A
22,2/11/25,4,S2,PED513 / 24,TEAM GAMES,SCOTT DIZMANG,12,2025,,,0.29,,18,,#N/A
22,2/11/25,5,S2,ONT401 / 25,ON-TRACK/B,ROBERT YEE,12,2025,,,0.14,,18,,#N/A
22,2/11/25,6,S2,ENG802 / 26,SENIOR ENG/B,HEATHER CARVER,12,2025,,,0,,18,,#N/A
22,2/11/25,1,S2,HFL114 / 21,FAMILY HEALTH,THOMAS KESSINGER,9,2028,A,4.00 pts,1,,2,,#N/A
22,2/11/25,2,S2,ASL502 / 22,AMERICAN  SIGN LANGUAGE I/B,KYLA RITCHEY,9,2028,,,1,,2,,#N/A
22,2/11/25,3,S2,MAT521 / 43,ALGEBRA I B,JANET GROVE,9,2028,F,1.33 pts,1,,2,,#N/A
22,2/11/25,4,S2,SCI504 / 24,PHYSICAL SCIENCE B,JAMES BENNETT,9,2028,A,4.00 pts,1,,2,,#N/A
22,2/11/25,5,S2,VOC705 / 25,DIGITAL PHOTOGRAPHY I,ROSANNA RUFF,9,2028,F,1.00 pts,1,,2,,#N/A
22,2/11/25,6,S2,ENG502 / 26,FR ENGLISH/B,DAVID HOLLINGSWORTH,9,2028,,,1,,2,,Yes
22,2/11/25,1,S2,CTE115 / 21,ENGINEERING B,JASON BLAESING,11,2026,,,0,,19,,#N/A
22,2/11/25,2,S2,FAR108 / 22,CERAMICS I,ROBERT YEE,11,2026,,,0,,19,,#N/A
22,2/11/25,3,S2,PED101 / 23,PHYSICAL EDUCATION,SCOTT DIZMANG,11,2026,,,0,,19,,#N/A
22,2/11/25,4,S2,ENG702 / 24,JUNIOR ENG/B,JOHN CARVER,11,2026,A,4.00 pts,0,,19,,#N/A
22,2/11/25,5,S2,SOC704 / 25,AP US HISTORY B,RYAN ISAACSON,11,2026,,,0,,19,,#N/A
22,2/11/25,6,S2,MAT702 / 26,ALGEBRA II B,JASON BLAESING,11,2026,C+,2.67 pts,0,Larry,19,Active,Yes
22,2/11/25,1,S2,ENG602 / 21,SOPH ENG/B,MARCEE SALAS,10,2027,B,3.05 pts,0.14,,20,,#N/A
22,2/11/25,2,S2,MAT523 / 42,GEOMETRY B,BRIAN ANDERSON,10,2027,A,4.00 pts,0,,20,,#N/A
22,2/11/25,3,S2,FAR109 / 23,CERAMICS II,ROBERT YEE,10,2027,,,0,,20,,#N/A
22,2/11/25,4,S2,SCI602 / 24,BIOLOGY B,GRANT MERRILL,10,2027,,,0,,20,,Yes
22,2/11/25,5,S2,CTE101 / 25,MEDICAL CAREER & TERMS/B,DONNA SCHATZ,10,2027,,,0,,20,,#N/A
22,2/11/25,6,S2,SOC109 / 46,WORLD HISTORY/B,DAVE HAJEK,10,2027,,,0.14,,20,,#N/A
22,2/11/25,1,S2,SOC702 / 21,US HISTORY/B,DAVE HAJEK,11,2026,,,3.86,,21,,#N/A
22,2/11/25,2,S2,MAT523 / 22,GEOMETRY B,ROCHELLE AITON,11,2026,,,3.86,,21,,Yes
22,2/11/25,3,S2,BUS302 / 23,PERSONAL FINANCE B,NICOLE SIMEK,11,2026,A,3.87 pts,3.86,,21,,Yes
22,2/11/25,4,S2,HFL119 / 24,ADV CULINARY ARTS B,ALEXANDRA YOST,11,2026,,,4.14,,21,,#N/A
22,2/11/25,5,S2,ENG702 / 25,JUNIOR ENG/B,JOHN CARVER,11,2026,F,0.95 pts,4.14,,21,,#N/A
22,2/11/25,6,S2,FAR113 / 26,INTRO TO ART AND DESIGN,ROBERT YEE,11,2026,,,4.14,,21,,#N/A
22,2/11/25,1,S2,PED513 / 21,TEAM GAMES,SCOTT DIZMANG,11,2026,,,0,,22,,#N/A
22,2/11/25,2,S2,HFL115 / 22,ADVANCED PASTRY ARTS I,KAYLA PAYNE,11,2026,A,4.00 pts,0,,22,,#N/A
22,2/11/25,3,S2,MAT702 / 23,ALGEBRA II B,JENNIFER REILLY,11,2026,,,0,,22,,Yes
22,2/11/25,4,S2,SCI504 / 44,PHYSICAL SCIENCE B,WILLIAM BAUR,11,2026,,,0,,22,,#N/A
22,2/11/25,5,S2,SOC702 / 25,US HISTORY/B,DAVE HAJEK,11,2026,,,0,,22,,#N/A
22,2/11/25,6,S2,ENG702 / 26,JUNIOR ENG/B,JOHN CARVER,11,2026,A,4.00 pts,0,,22,,#N/A
22,2/11/25,1,S2,MAT705 / 21,PRE-CALC B MAT 154,BRIAN ANDERSON,12,2025,C+,2.67 pts,0,,24,,#N/A
22,2/11/25,2,S2,RUN102 / 22,RUNNING START/B,,12,2025,,,0,,24,,#N/A
22,2/11/25,3,S2,RUN102 / 23,RUNNING START/B,,12,2025,,,0,,24,,#N/A
22,2/11/25,4,S2,RUN102 / 24,RUNNING START/B,,12,2025,,,0,,24,,#N/A
22,2/11/25,5,S2,ENG802 / 25,SENIOR ENG/B,HEATHER CARVER,12,2025,A,4.00 pts,0,,24,,#N/A
22,2/11/25,6,S2,SOC801 / 26,CONTEMPORARY WORLD ISSUES,JIM REED,12,2025,A,4.00 pts,0,,24,,#N/A
22,2/11/25,1,S2,PED500 / 21,WEIGHT TRAINING,SCOTT BOOTHBY,9,2028,A,4.00 pts,0,,25,,#N/A
22,2/11/25,2,S2,SCI504 / 42,PHYSICAL SCIENCE B,WILLIAM BAUR,9,2028,,,0,,25,,#N/A
22,2/11/25,3,S2,FAR108 / 23,CERAMICS I,ROBERT YEE,9,2028,,,0,,25,,#N/A
22,2/11/25,4,S2,CTE230 / 24,SOCIAL MEDIA MARKETING I,NICOLE SIMEK,9,2028,,,0,,25,,#N/A
22,2/11/25,5,S2,MAT521 / 25,ALGEBRA I B,KEVIN REILLY,9,2028,A,4.00 pts,0,,25,,#N/A
22,2/11/25,6,S2,ENG502 / 26,FR ENGLISH/B,DAVID HOLLINGSWORTH,9,2028,,,0,,25,,Yes
22,2/11/25,1,S2,ENG702 / 21,JUNIOR ENG/B,JOHN CARVER,11,2026,D+,1.90 pts,2.43,,26,,#N/A
22,2/11/25,2,S2,SCI504 / 22,PHYSICAL SCIENCE B,JAMES BENNETT,11,2026,A,4.00 pts,1.71,,26,,#N/A
22,2/11/25,3,S2,BUS302 / 23,PERSONAL FINANCE B,NICOLE SIMEK,11,2026,F,0.00 pts,1.43,,26,,Yes
22,2/11/25,4,S2,SOC702 / 24,US HISTORY/B,DAVE HAJEK,11,2026,,,2,,26,,#N/A
22,2/11/25,5,S2,ONT401 / 25,ON-TRACK/B,ROBERT YEE,11,2026,,,1.71,,26,,#N/A
22,2/11/25,6,S2,FAR113 / 26,INTRO TO ART AND DESIGN,ROBERT YEE,11,2026,,,1.86,,26,,#N/A
22,2/11/25,1,S2,MAT702 / 21,ALGEBRA II B,JENNIFER REILLY,11,2026,,,0.14,,29,,#N/A
22,2/11/25,2,S2,SCI504 / 42,PHYSICAL SCIENCE B,WILLIAM BAUR,11,2026,,,0,,29,,#N/A
22,2/11/25,3,S2,ENG720 / 23,AP LANGUAGE/ COMPOSITON B,HEATHER CARVER,11,2026,F,1.50 pts,0,,29,,#N/A
22,2/11/25,4,S2,ASL506 / 24,AMER SIGN III/B,TAMI GRANT,11,2026,,,0,,29,,#N/A
22,2/11/25,5,S2,CTE502 / 25,PROJECT IN  LEADERSHIP/B,KYLA RITCHEY,11,2026,,,0,,29,,#N/A
22,2/11/25,6,S2,SOC702 / 26,US HISTORY/B,SCOTT BOOTHBY,11,2026,B,3.05 pts,0.29,Melanie,29,Active,Yes
22,2/11/25,1,S2,ENG802 / 21,SENIOR ENG/B,HEATHER CARVER,12,2025,A,4.00 pts,0,,27,,#N/A
22,2/11/25,2,S2,BUS302 / 22,PERSONAL FINANCE B,NICOLE SIMEK,12,2025,F,0.51 pts,0,,27,,Yes
22,2/11/25,3,S2,ONT401 / 23,ON-TRACK/B,BRIAN ANDERSON,12,2025,U,0.20 pts,0,,27,,#N/A
22,2/11/25,4,S2,SOC801 / 24,CONTEMPORARY WORLD ISSUES,JIM REED,12,2025,A,4.00 pts,0,,27,,#N/A
22,2/11/25,5,S2,CTE101 / 25,MEDICAL CAREER & TERMS/B,DONNA SCHATZ,12,2025,,,0,,27,,#N/A
22,2/11/25,6,S2,ENG715 / 26,FILM AS LITERATURE,KELLY GREGERSEN,12,2025,,,0,,27,,#N/A
22,2/11/25,1,S2,ENG602 / 21,SOPH ENG/B,MARCEE SALAS,10,2027,F,1.39 pts,0,,28,,#N/A
22,2/11/25,2,S2,SCI602 / 42,BIOLOGY B,DONNA SCHATZ,10,2027,,,0,,28,,#N/A
22,2/11/25,3,S2,ASL502 / 23,AMERICAN  SIGN LANGUAGE I/B,KYLA RITCHEY,10,2027,,,0,,28,,#N/A
22,2/11/25,4,S2,MAT523 / 24,GEOMETRY B,ROCHELLE AITON,10,2027,,,0,,28,,Yes
22,2/11/25,5,S2,HFL116 / 25,BAKING PASTRY ARTS I,KAYLA PAYNE,10,2027,B,3.00 pts,0,,28,,#N/A
22,2/11/25,6,S2,SOC109 / 26,WORLD HISTORY/B,RYAN ISAACSON,10,2027,,,0,,28,,#N/A
22,2/11/25,1,S2,ENG802 / 21,SENIOR ENG/B,HEATHER CARVER,12,2025,,,1.71,,30,,#N/A
22,2/11/25,2,S2,ASL504 / 22,AMERICAN SIGN LANGUAGE II/B,TAMI GRANT,12,2025,,,1.43,,30,,#N/A
22,2/11/25,3,S2,HFL113 / 23,INTRO CULINARY ART,ALEXANDRA YOST,12,2025,A,4.00 pts,1.43,,30,,#N/A
22,2/11/25,4,S2,SOC801 / 24,CONTEMPORARY WORLD ISSUES,JIM REED,12,2025,A,4.00 pts,1,,30,,#N/A
22,2/11/25,5,S2,BUS302 / 25,PERSONAL FINANCE B,NICOLE SIMEK,12,2025,F,0.04 pts,1,,30,,Yes
22,2/11/25,6,S2,VOC621 / 26,METAL CRAFTS & PRODUCTION II,DONALD O'BRIEN,12,2025,A,4.00 pts,1.14,,30,,#N/A
22,2/11/25,1,S2,PED513 / 21,TEAM GAMES,SCOTT DIZMANG,11,2026,,,2.8,,31,,#N/A
22,2/11/25,2,S2,VOC705 / 22,DIGITAL PHOTOGRAPHY I,ROSANNA RUFF,11,2026,F,0.00 pts,2.8,,31,,#N/A
22,2/11/25,3,S2,ELE404 / 23,LANGUAGE SUPPORT/B,HAYLEY ALVARADO,11,2026,,,2.6,,31,,#N/A
22,2/11/25,4,S2,FAR109 / 24,CERAMICS II,ROBERT YEE,11,2026,,,2.6,,31,,#N/A
22,2/11/25,5,S2,NCR105 / 25,EARLY DISMISSAL,MARK CASTLE,11,2026,,,0,,31,,#N/A
22,2/11/25,6,S2,NCR105 / 26,EARLY DISMISSAL,MARK CASTLE,11,2026,,,0,,31,,#N/A
22,2/11/25,1,S2,SOC109 / 21,WORLD HISTORY/B,DAVID HOLLINGSWORTH,10,2027,A,4.00 pts,1,,32,,#N/A
22,2/11/25,2,S2,HFL114 / 22,FAMILY HEALTH,THOMAS KESSINGER,10,2027,A,4.00 pts,1,,32,,#N/A
22,2/11/25,3,S2,SCI602 / 43,BIOLOGY B,DONNA SCHATZ,10,2027,,,1,,32,,#N/A
22,2/11/25,4,S2,MAT523 / 24,GEOMETRY B,ROCHELLE AITON,10,2027,,,1,,32,,Yes
22,2/11/25,5,S2,ASL504 / 25,AMERICAN SIGN LANGUAGE II/B,TAMI GRANT,10,2027,,,1,,32,,#N/A
22,2/11/25,6,S2,ENG602 / 26,SOPH ENG/B,MARCEE SALAS,10,2027,C-,2.08 pts,1,,32,,#N/A
22,2/11/25,1,S2,PED513 / 21,TEAM GAMES,SCOTT DIZMANG,10,2027,,,1,,33,,#N/A
22,2/11/25,2,S2,MAT523 / 22,GEOMETRY B,ROCHELLE AITON,10,2027,,,1,John L,33,Active,Yes
22,2/11/25,3,S2,ASL502 / 23,AMERICAN  SIGN LANGUAGE I/B,KYLA RITCHEY,10,2027,,,1,,33,,#N/A
22,2/11/25,4,S2,SOC109 / 24,WORLD HISTORY/B,DAVID HOLLINGSWORTH,10,2027,F,0.00 pts,1,,33,,#N/A
22,2/11/25,5,S2,ENG602 / 25,SOPH ENG/B,MARCEE SALAS,10,2027,F,0.03 pts,1,,33,,Yes
22,2/11/25,6,S2,SCI602 / 46,BIOLOGY B,WILLIAM BAUR,10,2027,,,1,,33,,Yes
22,2/11/25,1,S2,VOC504 / 21,ADV FINE ARTS WOODWORKING I,BRENT MANSELL,10,2027,,,0.43,,34,,#N/A
22,2/11/25,2,S2,ENG602 / 22,SOPH ENG/B,KELLY GREGERSEN,10,2027,F,0.95 pts,0,Cindy,34,Active,Yes
22,2/11/25,3,S2,MAT523 / 23,GEOMETRY B,ROCHELLE AITON,10,2027,,,0.57,,34,,Yes
22,2/11/25,4,S2,PED513 / 24,TEAM GAMES,SCOTT DIZMANG,10,2027,,,0.57,,34,,#N/A
22,2/11/25,5,S2,SCI602 / 25,BIOLOGY B,GRANT MERRILL,10,2027,,,0,,34,,#N/A
22,2/11/25,6,S2,SOC109 / 26,WORLD HISTORY/B,RYAN ISAACSON,10,2027,,,0,,34,,#N/A
22,2/11/25,1,S2,ENG802 / 21,SENIOR ENG/B,HEATHER CARVER,12,2025,A,4.00 pts,0,,35,,#N/A
22,2/11/25,2,S2,SCI504 / 22,PHYSICAL SCIENCE B,JAMES BENNETT,12,2025,A,4.00 pts,0,,35,,#N/A
22,2/11/25,3,S2,SOC801 / 23,CONTEMPORARY WORLD ISSUES,JIM REED,12,2025,F,0.00 pts,0,,35,,#N/A
22,2/11/25,4,S2,MAT521 / 24,ALGEBRA I B,KEVIN REILLY,12,2025,A,4.00 pts,0,,35,,#N/A
22,2/11/25,5,S2,ONT401 / 25,ON-TRACK/B,ROBERT YEE,12,2025,,,0,,35,,#N/A
22,2/11/25,6,S2,SCI602 / 46,BIOLOGY B,WILLIAM BAUR,12,2025,,,0,,35,,Yes
22,2/11/25,1,S2,CTE115 / 21,ENGINEERING B,JASON BLAESING,11,2026,,,0,,36,,#N/A
22,2/11/25,2,S2,MAT702 / 22,ALGEBRA II B,JASON BLAESING,11,2026,A,4.00 pts,0,Larry,36,Active,Yes
22,2/11/25,3,S2,FAR604 / 23,SCENE DESIGN,KELLY GREGERSEN,11,2026,B,3.10 pts,0,,36,,#N/A
22,2/11/25,4,S2,ENG702 / 24,JUNIOR ENG/B,JOHN CARVER,11,2026,A,4.00 pts,0,,36,,#N/A
22,2/11/25,5,S2,SOC702 / 25,US HISTORY/B,DAVE HAJEK,11,2026,,,0,,36,,#N/A
22,2/11/25,6,S2,FAR543 / 26,WIND ENSEMB/B,DAVID DUARTE,11,2026,B,3.00 pts,0,,36,,#N/A
22,2/11/25,1,S2,PED500 / 21,WEIGHT TRAINING,SCOTT BOOTHBY,11,2026,A,4.00 pts,2,,37,,#N/A
22,2/11/25,2,S2,SCI504 / 22,PHYSICAL SCIENCE B,JAMES BENNETT,11,2026,C-,2.00 pts,2,,37,,#N/A
22,2/11/25,3,S2,ONT401 / 23,ON-TRACK/B,BRIAN ANDERSON,11,2026,S,,2,,37,,#N/A
22,2/11/25,4,S2,ENG716 / 24,DRAMATIC LITERATURE,KELLY GREGERSEN,11,2026,,,2,,37,,#N/A
22,2/11/25,5,S2,BUS302 / 25,PERSONAL FINANCE B,NICOLE SIMEK,11,2026,D+,1.90 pts,2,,37,,Yes
22,2/11/25,6,S2,SOC702 / 26,US HISTORY/B,SCOTT BOOTHBY,11,2026,B-,2.85 pts,2,,37,,Yes
22,2/11/25,1,S2,MAT523 / 21,GEOMETRY B,ROCHELLE AITON,10,2027,,,1,,38,,Yes
22,2/11/25,2,S2,VOC107 / 22,METALS MANUF & TECHNOLOGY II,DONALD O'BRIEN,10,2027,A,4.00 pts,1,,38,,#N/A
22,2/11/25,3,S2,SCI602 / 43,BIOLOGY B,DONNA SCHATZ,10,2027,,,1,,38,,#N/A
22,2/11/25,4,S2,SOC109 / 24,WORLD HISTORY/B,DAVID HOLLINGSWORTH,10,2027,C-,2.00 pts,1,,38,,#N/A
22,2/11/25,5,S2,ENG602 / 25,SOPH ENG/B,MARCEE SALAS,10,2027,D+,1.84 pts,1,,38,,Yes
22,2/11/25,6,S2,PED500 / 26,WEIGHT TRAINING,SCOTT DIZMANG,10,2027,,,1,,38,,#N/A
22,2/11/25,1,S2,VOC620 / 21,METAL CRAFTS & PRODUCTION I,DONALD O'BRIEN,10,2027,A,4.00 pts,0,,39,,#N/A
22,2/11/25,2,S2,SOC109 / 22,WORLD HISTORY/B,DAVID HOLLINGSWORTH,10,2027,F,1.50 pts,0,,39,,#N/A
22,2/11/25,3,S2,MAT523 / 23,GEOMETRY B,ROCHELLE AITON,10,2027,,,0,,39,,Yes
22,2/11/25,4,S2,VOC503 / 24,FINE ARTS WOODS II,BRENT MANSELL,10,2027,,,0,,39,,#N/A
22,2/11/25,5,S2,ENG602 / 25,SOPH ENG/B,MARCEE SALAS,10,2027,F,1.21 pts,0,,39,,Yes
22,2/11/25,6,S2,SCI602 / 46,BIOLOGY B,WILLIAM BAUR,10,2027,,,0,,39,,Yes
22,2/11/25,1,S2,ENG702 / 21,JUNIOR ENG/B,JOHN CARVER,11,2026,A,4.00 pts,0,,40,,#N/A
22,2/11/25,2,S2,MAT702 / 22,ALGEBRA II B,JASON BLAESING,11,2026,C+,2.67 pts,0,,40,,Yes
22,2/11/25,3,S2,SCI504 / 43,PHYSICAL SCIENCE B,WILLIAM BAUR,11,2026,,,0,,40,,#N/A
22,2/11/25,4,S2,VOC504 / 24,ADV FINE ARTS WOODWORKING I,BRENT MANSELL,11,2026,,,0,,40,,#N/A
22,2/11/25,5,S2,SPA602 / 25,SPANISH II B,ARELI LOPEZ LOPEZ,11,2026,A,4.00 pts,0,,40,,#N/A
22,2/11/25,6,S2,SOC702 / 26,US HISTORY/B,SCOTT BOOTHBY,11,2026,B,3.00 pts,0,,40,,Yes
22,2/11/25,1,S2,MAT702 / 21,ALGEBRA II B,JENNIFER REILLY,11,2026,,,3,,47,,#N/A
22,2/11/25,2,S2,SCI610 / 22,CHEMISTRY/B,GRANT MERRILL,11,2026,,,3,,47,,Yes
22,2/11/25,3,S2,ASL504 / 23,AMERICAN SIGN LANGUAGE II/B,TAMI GRANT,11,2026,,,3,,47,,#N/A
22,2/11/25,4,S2,SOC702 / 24,US HISTORY/B,DAVE HAJEK,11,2026,,,3,,47,,#N/A
22,2/11/25,5,S2,PED500 / 25,WEIGHT TRAINING,SCOTT DIZMANG,11,2026,,,3,,47,,#N/A
22,2/11/25,6,S2,ENG702 / 26,JUNIOR ENG/B,JOHN CARVER,11,2026,D+,1.90 pts,3,,47,,#N/A
22,2/11/25,1,S2,ENG702 / 21,JUNIOR ENG/B,JOHN CARVER,11,2026,A,4.00 pts,0,,41,,#N/A
22,2/11/25,2,S2,SCI504 / 42,PHYSICAL SCIENCE B,WILLIAM BAUR,11,2026,,,0,,41,,#N/A
22,2/11/25,3,S2,ASL504 / 23,AMERICAN SIGN LANGUAGE II/B,TAMI GRANT,11,2026,,,0.14,,41,,#N/A
22,2/11/25,4,S2,SOC702 / 24,US HISTORY/B,DAVE HAJEK,11,2026,,,0,,41,,#N/A
22,2/11/25,5,S2,MAT702 / 45,ALGEBRA II B,JENNIFER REILLY,11,2026,,,0,,41,,Yes
22,2/11/25,6,S2,FAR113 / 26,INTRO TO ART AND DESIGN,ROBERT YEE,11,2026,,,0,,41,,#N/A
22,2/11/25,1,S2,FAR607 / 21,ADVANCED ACTING/ B,KELLY GREGERSEN,12,2025,F,0.00 pts,0,,42,,#N/A
22,2/11/25,2,S2,SCI610 / 22,CHEMISTRY/B,GRANT MERRILL,12,2025,,,0.14,Jay,42,Active,Yes
22,2/11/25,3,S2,ENG802 / 23,SENIOR ENG/B,JOHN CARVER,12,2025,F,0.00 pts,0,,42,,#N/A
22,2/11/25,4,S2,HFL119 / 24,ADV CULINARY ARTS B,ALEXANDRA YOST,12,2025,,,0,,42,,#N/A
22,2/11/25,5,S2,BUS302 / 25,PERSONAL FINANCE B,NICOLE SIMEK,12,2025,F,0.00 pts,0,,42,,Yes
22,2/11/25,6,S2,FAR543 / 26,WIND ENSEMB/B,DAVID DUARTE,12,2025,F,0.00 pts,0,,42,,#N/A
22,2/11/25,1,S2,ENG702 / 21,JUNIOR ENG/B,JOHN CARVER,11,2026,A,4.00 pts,1.71,,43,,#N/A
22,2/11/25,2,S2,SCI504 / 22,PHYSICAL SCIENCE B,JAMES BENNETT,11,2026,A,4.00 pts,2,Larry,43,Active,#N/A
22,2/11/25,3,S2,ASL504 / 23,AMERICAN SIGN LANGUAGE II/B,TAMI GRANT,11,2026,,,2,,43,,#N/A
22,2/11/25,4,S2,SOC702 / 24,US HISTORY/B,DAVE HAJEK,11,2026,,,1.71,,43,,#N/A
22,2/11/25,5,S2,SOC106 / 25,AP PSYCHOLOGY B,JIM REED,11,2026,F,0.00 pts,1.71,,43,,#N/A
22,2/11/25,6,S2,MAT702 / 26,ALGEBRA II B,JASON BLAESING,11,2026,F,0.00 pts,1.71,,43,,Yes
22,2/11/25,1,S2,MAT523 / 21,GEOMETRY B,ROCHELLE AITON,10,2027,,,2.29,,44,,Yes
22,2/11/25,2,S2,SCI602 / 42,BIOLOGY B,DONNA SCHATZ,10,2027,,,2,,44,,#N/A
22,2/11/25,3,S2,FAR604 / 23,SCENE DESIGN,KELLY GREGERSEN,10,2027,A,3.62 pts,1.86,,44,,#N/A
22,2/11/25,4,S2,HFL113 / 24,INTRO CULINARY ART,KAYLA PAYNE,10,2027,B,3.00 pts,1.86,,44,,#N/A
22,2/11/25,5,S2,ENG602 / 25,SOPH ENG/B,MARCEE SALAS,10,2027,F,0.71 pts,2,,44,,Yes
22,2/11/25,6,S2,SOC109 / 26,WORLD HISTORY/B,RYAN ISAACSON,10,2027,,,2.29,,44,,#N/A
22,2/11/25,1,S2,PED101 / 21,PHYSICAL EDUCATION,KATHERINE STURDYVIN-SCOBBA,11,2026,,,0,,45,,#N/A
22,2/11/25,2,S2,SCI610 / 22,CHEMISTRY/B,GRANT MERRILL,11,2026,,,0,Jay,45,Active,Yes
22,2/11/25,3,S2,ENG720 / 23,AP LANGUAGE/ COMPOSITON B,HEATHER CARVER,11,2026,F,0.00 pts,0,,45,,#N/A
22,2/11/25,4,S2,CTE231 / 24,SOCIAL MEDIA MARKETING II,NICOLE SIMEK,11,2026,,,0,,45,,#N/A
22,2/11/25,5,S2,SOC704 / 25,AP US HISTORY B,RYAN ISAACSON,11,2026,,,0,,45,,#N/A
22,2/11/25,6,S2,MAT702 / 26,ALGEBRA II B,JASON BLAESING,11,2026,A,4.00 pts,0,,45,,Yes
22,2/11/25,6,S2,MAT702 / 26,ALGEBRA II B,JASON BLAESING,11,2026,B,3.00 pts,0,,50,,Yes
22,2/11/25,2,S2,ENG602 / 22,SOPH ENG/B,KELLY GREGERSEN,10,2027,B-,2.85 pts,0.57,,52,,Yes
22,2/11/25,4,S2,MAT523 / 24,GEOMETRY B,ROCHELLE AITON,10,2027,,,0,,52,,Yes
22,2/11/25,2,S2,MAT523 / 22,GEOMETRY B,ROCHELLE AITON,10,2027,,,2,,53,,Yes
22,2/11/25,4,S2,SCI602 / 24,BIOLOGY B,GRANT MERRILL,10,2027,,,2,,53,,Yes
22,2/11/25,6,S2,MAT702 / 26,ALGEBRA II B,JASON BLAESING,10,2027,A,4.00 pts,0,,54,,Yes
22,2/11/25,2,S2,SCI610 / 22,CHEMISTRY/B,GRANT MERRILL,11,2026,,,1,,55,,Yes
22,2/11/25,2,S2,MAT702 / 22,ALGEBRA II B,JASON BLAESING,11,2026,C+,2.67 pts,0,,56,,Yes
22,2/11/25,5,S2,MAT523 / 25,GEOMETRY B,BRIAN ANDERSON,10,2027,C-,2.00 pts,0,,59,,Yes
22,2/11/25,2,S2,SCI610 / 22,CHEMISTRY/B,GRANT MERRILL,11,2026,,,0.57,,60,,Yes
22,2/11/25,3,S2,MAT702 / 23,ALGEBRA II B,JENNIFER REILLY,11,2026,,,0.57,,60,,Yes
22,2/11/25,1,S2,ENG504 / 21,PRE-AP FRESHMAN ENGLISH/B,ANGELINA MERRILL,9,2028,C,2.33 pts,0,,470,,Yes
22,2/11/25,2,S2,SCI610 / 22,CHEMISTRY/B,GRANT MERRILL,10,2027,,,0,,471,,Yes
22,2/11/25,3,S2,MAT702 / 23,ALGEBRA II B,JENNIFER REILLY,10,2027,,,0.14,,471,,Yes
22,2/11/25,2,S2,BUS302 / 22,PERSONAL FINANCE B,NICOLE SIMEK,12,2025,D+,1.90 pts,4,,61,,Yes
22,2/11/25,5,S2,MAT523 / 25,GEOMETRY B,BRIAN ANDERSON,10,2027,F,0.00 pts,0.43,,63,,Yes
22,2/11/25,6,S2,ENG502 / 26,FR ENGLISH/B,DAVID HOLLINGSWORTH,9,2028,,,0,,472,,Yes
22,2/11/25,3,S2,BUS302 / 23,PERSONAL FINANCE B,NICOLE SIMEK,11,2026,B,2.92 pts,2.57,,65,,Yes
22,2/11/25,5,S2,MAT702 / 45,ALGEBRA II B,JENNIFER REILLY,11,2026,,,2.57,,65,,Yes
22,2/11/25,2,S2,MAT702 / 22,ALGEBRA II B,JASON BLAESING,10,2027,F,1.33 pts,1.57,,66,,Yes
22,2/11/25,5,S2,MAT702 / 45,ALGEBRA II B,JENNIFER REILLY,12,2025,,,0,,473,,Yes
22,2/11/25,3,S2,MAT523 / 23,GEOMETRY B,ROCHELLE AITON,10,2027,,,0,,67,,Yes
22,2/11/25,6,S2,SOC702 / 26,US HISTORY/B,SCOTT BOOTHBY,11,2026,A,4.00 pts,1,,68,,Yes
22,2/11/25,3,S2,MAT523 / 23,GEOMETRY B,ROCHELLE AITON,10,2027,,,0,,424,,Yes
22,2/11/25,3,S2,MAT523 / 23,GEOMETRY B,ROCHELLE AITON,9,2028,,,2,,69,,Yes
22,2/11/25,1,S2,SCI504 / 21,PHYSICAL SCIENCE B,JAMES BENNETT,9,2028,A,4.00 pts,0,,70,,Yes
22,2/11/25,6,S2,ENG502 / 26,FR ENGLISH/B,DAVID HOLLINGSWORTH,9,2028,,,0.14,,70,,Yes
22,2/11/25,6,S2,SOC702 / 26,US HISTORY/B,SCOTT BOOTHBY,11,2026,A,3.95 pts,0,,71,,Yes
22,2/11/25,1,S2,MAT523 / 21,GEOMETRY B,ROCHELLE AITON,10,2027,,,2,,72,,Yes
22,2/11/25,5,S2,ENG602 / 25,SOPH ENG/B,MARCEE SALAS,10,2027,C-,2.07 pts,2,,72,,Yes
21,2/4/25,4,S2,MAT702 / 24,ALGEBRA II B,JENNIFER REILLY,11,2026,A-,3.51 pts,11.57,,218,,Yes
22,2/11/25,2,S2,MAT523 / 22,GEOMETRY B,ROCHELLE AITON,9,2028,,,0,,76,,Yes
22,2/11/25,5,S2,MAT702 / 45,ALGEBRA II B,JENNIFER REILLY,11,2026,,,0,,475,,Yes
22,2/11/25,2,S2,ENG602 / 22,SOPH ENG/B,KELLY GREGERSEN,10,2027,B,3.05 pts,2,,77,,Yes
22,2/11/25,3,S2,SCI602 / 23,BIOLOGY B,GRANT MERRILL,10,2027,,,2,,77,,Yes
22,2/11/25,1,S2,ENG504 / 21,PRE-AP FRESHMAN ENGLISH/B,ANGELINA MERRILL,9,2028,A-,3.58 pts,0,,476,,Yes
22,2/11/25,4,S2,MAT523 / 24,GEOMETRY B,ROCHELLE AITON,10,2027,,,0,,425,,Yes
22,2/11/25,6,S2,MAT702 / 26,ALGEBRA II B,JASON BLAESING,10,2027,A,4.00 pts,0,,477,,Yes
22,2/11/25,1,S2,MAT523 / 21,GEOMETRY B,ROCHELLE AITON,9,2028,,,3.43,,79,,Yes
22,2/11/25,5,S2,MAT523 / 25,GEOMETRY B,BRIAN ANDERSON,10,2027,A,4.00 pts,0,,80,,Yes
22,2/11/25,2,S2,SCI610 / 22,CHEMISTRY/B,GRANT MERRILL,12,2025,,,0,,82,,Yes
22,2/11/25,1,S2,MAT523 / 21,GEOMETRY B,ROCHELLE AITON,10,2027,,,1,,83,,Yes
22,2/11/25,1,S2,MAT523 / 21,GEOMETRY B,ROCHELLE AITON,10,2027,,,0,,84,,Yes
22,2/11/25,6,S2,SOC702 / 26,US HISTORY/B,SCOTT BOOTHBY,11,2026,A,3.95 pts,0,,85,,Yes
22,2/11/25,2,S2,SCI610 / 22,CHEMISTRY/B,GRANT MERRILL,11,2026,,,0,,86,,Yes
22,2/11/25,6,S2,SOC702 / 26,US HISTORY/B,SCOTT BOOTHBY,11,2026,B,2.95 pts,0,,86,,Yes
22,2/11/25,3,S2,MAT523 / 23,GEOMETRY B,ROCHELLE AITON,10,2027,,,0,,88,,Yes
22,2/11/25,5,S2,ENG602 / 25,SOPH ENG/B,MARCEE SALAS,10,2027,F,1.21 pts,0,,88,,Yes
22,2/11/25,6,S2,SCI602 / 46,BIOLOGY B,WILLIAM BAUR,10,2027,,,0,,88,,Yes
22,2/11/25,6,S2,MAT702 / 26,ALGEBRA II B,JASON BLAESING,10,2027,A,4.00 pts,1.14,,89,,Yes
22,2/11/25,2,S2,BUS302 / 22,PERSONAL FINANCE B,NICOLE SIMEK,12,2025,,,1.86,,426,,Yes
22,2/11/25,3,S2,BUS302 / 23,PERSONAL FINANCE B,NICOLE SIMEK,12,2025,A-,3.42 pts,2,,90,,Yes
22,2/11/25,5,S2,BUS302 / 25,PERSONAL FINANCE B,NICOLE SIMEK,12,2025,A,3.96 pts,1.5,,478,,Yes
22,2/11/25,3,S2,SCI602 / 23,BIOLOGY B,GRANT MERRILL,10,2027,,,2.57,,92,,Yes
22,2/11/25,2,S2,BUS302 / 22,PERSONAL FINANCE B,NICOLE SIMEK,12,2025,A,4.00 pts,1,,93,,Yes
22,2/11/25,2,S2,ENG602 / 22,SOPH ENG/B,KELLY GREGERSEN,10,2027,F,0.95 pts,0,,94,,Yes
22,2/11/25,3,S2,BUS302 / 23,PERSONAL FINANCE B,NICOLE SIMEK,11,2026,C,2.38 pts,0,,479,,Yes
22,2/11/25,1,S2,ENG504 / 21,PRE-AP FRESHMAN ENGLISH/B,ANGELINA MERRILL,9,2028,A,4.00 pts,0,,480,,Yes
22,2/11/25,3,S2,BUS302 / 23,PERSONAL FINANCE B,NICOLE SIMEK,12,2025,A,4.00 pts,1,,481,,Yes
22,2/11/25,2,S2,BUS302 / 22,PERSONAL FINANCE B,NICOLE SIMEK,12,2025,A,3.98 pts,0,,96,,Yes
22,2/11/25,2,S2,BUS302 / 22,PERSONAL FINANCE B,NICOLE SIMEK,12,2025,B,2.94 pts,1.71,,97,,Yes
22,2/11/25,6,S2,ENG502 / 26,FR ENGLISH/B,DAVID HOLLINGSWORTH,9,2028,,,3.29,,98,,Yes
22,2/11/25,3,S2,SCI602 / 23,BIOLOGY B,GRANT MERRILL,10,2027,,,0,,99,,Yes
22,2/11/25,2,S2,SCI610 / 22,CHEMISTRY/B,GRANT MERRILL,11,2026,,,0,,100,,Yes
22,2/11/25,2,S2,SCI610 / 22,CHEMISTRY/B,GRANT MERRILL,11,2026,,,0,,101,,Yes
22,2/11/25,3,S2,SCI602 / 23,BIOLOGY B,GRANT MERRILL,10,2027,,,0.14,,482,,Yes
22,2/11/25,1,S2,MAT523 / 21,GEOMETRY B,ROCHELLE AITON,10,2027,,,0,,102,,Yes
22,2/11/25,2,S2,ENG602 / 22,SOPH ENG/B,KELLY GREGERSEN,10,2027,B,3.05 pts,0,,102,,Yes
22,2/11/25,3,S2,SCI602 / 23,BIOLOGY B,GRANT MERRILL,10,2027,,,0,,102,,Yes
22,2/11/25,2,S2,MAT523 / 22,GEOMETRY B,ROCHELLE AITON,10,2027,,,4.29,,463,,Yes
22,2/11/25,3,S2,MAT702 / 23,ALGEBRA II B,JENNIFER REILLY,11,2026,,,0,,103,,Yes
22,2/11/25,2,S2,BUS302 / 22,PERSONAL FINANCE B,NICOLE SIMEK,12,2025,B,3.01 pts,0.57,,104,,Yes
22,2/11/25,1,S2,SCI504 / 21,PHYSICAL SCIENCE B,JAMES BENNETT,12,2025,F,0.00 pts,0,,105,,Yes
22,2/11/25,2,S2,BUS302 / 22,PERSONAL FINANCE B,NICOLE SIMEK,12,2025,F,0.98 pts,0,,105,,Yes
22,2/11/25,6,S2,MAT702 / 26,ALGEBRA II B,JASON BLAESING,11,2026,A,4.00 pts,0,,107,,Yes
22,2/11/25,5,S2,ENG602 / 25,SOPH ENG/B,MARCEE SALAS,10,2027,F,1.35 pts,0,,108,,Yes
22,2/11/25,5,S2,ENG602 / 25,SOPH ENG/B,MARCEE SALAS,10,2027,F,0.95 pts,0,,110,,Yes
22,2/11/25,6,S2,SCI602 / 26,BIOLOGY B,GRANT MERRILL,10,2027,,,0.14,,110,,Yes
22,2/11/25,4,S2,SCI602 / 24,BIOLOGY B,GRANT MERRILL,10,2027,,,0,,428,,Yes
22,2/11/25,6,S2,ENG502 / 26,FR ENGLISH/B,DAVID HOLLINGSWORTH,9,2028,,,0,,111,,Yes
22,2/11/25,6,S2,MAT702 / 26,ALGEBRA II B,JASON BLAESING,11,2026,C-,2.00 pts,0,,112,,Yes
22,2/11/25,2,S2,MAT702 / 22,ALGEBRA II B,JASON BLAESING,11,2026,F,1.33 pts,1,,113,,Yes
22,2/11/25,2,S2,SCI610 / 22,CHEMISTRY/B,GRANT MERRILL,11,2026,,,0,,114,,Yes
22,2/11/25,3,S2,SCI602 / 23,BIOLOGY B,GRANT MERRILL,10,2027,,,10,,429,,Yes
22,2/11/25,1,S2,MAT523 / 21,GEOMETRY B,ROCHELLE AITON,10,2027,,,2.43,,116,,Yes
22,2/11/25,2,S2,ENG602 / 22,SOPH ENG/B,KELLY GREGERSEN,10,2027,B,3.05 pts,1.86,,116,,Yes
22,2/11/25,2,S2,ENG602 / 22,SOPH ENG/B,KELLY GREGERSEN,10,2027,B-,2.85 pts,1,,117,,Yes
22,2/11/25,3,S2,MAT523 / 23,GEOMETRY B,ROCHELLE AITON,10,2027,,,1.29,,117,,Yes
22,2/11/25,6,S2,SCI602 / 26,BIOLOGY B,GRANT MERRILL,10,2027,,,1.86,,117,,Yes
22,2/11/25,3,S2,MAT523 / 23,GEOMETRY B,ROCHELLE AITON,10,2027,,,0,,118,,Yes
22,2/11/25,1,S2,ENG504 / 21,PRE-AP FRESHMAN ENGLISH/B,ANGELINA MERRILL,9,2028,A,3.67 pts,0,,483,,Yes
22,2/11/25,6,S2,MAT702 / 26,ALGEBRA II B,JASON BLAESING,11,2026,A,4.00 pts,0,,119,,Yes
22,2/11/25,5,S2,MAT523 / 25,GEOMETRY B,BRIAN ANDERSON,10,2027,F,0.00 pts,2,,120,,Yes
22,2/11/25,2,S2,MAT702 / 22,ALGEBRA II B,JASON BLAESING,11,2026,F,0.00 pts,2.19,,121,,Yes
22,2/11/25,1,S2,MAT523 / 21,GEOMETRY B,ROCHELLE AITON,10,2027,,,0,,122,,Yes
22,2/11/25,2,S2,ENG602 / 22,SOPH ENG/B,KELLY GREGERSEN,10,2027,B-,2.85 pts,0,,122,,Yes
22,2/11/25,4,S2,MAT702 / 24,ALGEBRA II B,JENNIFER REILLY,11,2026,,,5.71,,218,,Yes
22,2/11/25,3,S2,SCI602 / 23,BIOLOGY B,GRANT MERRILL,10,2027,,,0,,126,,Yes
22,2/11/25,5,S2,MAT523 / 25,GEOMETRY B,BRIAN ANDERSON,10,2027,A,4.00 pts,0,,126,,Yes
22,2/11/25,5,S2,MAT702 / 45,ALGEBRA II B,JENNIFER REILLY,10,2027,,,2,,485,,Yes
22,2/11/25,6,S2,SCI602 / 26,BIOLOGY B,GRANT MERRILL,10,2027,,,0,,125,,Yes
22,2/11/25,6,S2,MAT702 / 26,ALGEBRA II B,JASON BLAESING,11,2026,A,4.00 pts,0,,127,,Yes
22,2/11/25,3,S2,MAT702 / 23,ALGEBRA II B,JENNIFER REILLY,11,2026,,,0,,128,,Yes
23,2/18/25,4,S2,MAT702 / 24,ALGEBRA II B,JENNIFER REILLY,11,2026,,,5.71,,218,,Yes
22,2/11/25,5,S2,ENG602 / 25,SOPH ENG/B,MARCEE SALAS,10,2027,D,1.78 pts,0.86,,130,,Yes
22,2/11/25,5,S2,BUS302 / 25,PERSONAL FINANCE B,NICOLE SIMEK,11,2026,A,3.84 pts,0,,486,,Yes
22,2/11/25,1,S2,MAT523 / 21,GEOMETRY B,ROCHELLE AITON,10,2027,,,0,,487,,Yes
22,2/11/25,4,S2,SCI602 / 24,BIOLOGY B,GRANT MERRILL,10,2027,,,0,,487,,Yes
22,2/11/25,3,S2,MAT523 / 23,GEOMETRY B,ROCHELLE AITON,9,2028,,,0,,488,,Yes
22,2/11/25,2,S2,ENG602 / 22,SOPH ENG/B,KELLY GREGERSEN,10,2027,A,3.80 pts,0,,132,,Yes
22,2/11/25,3,S2,MAT523 / 23,GEOMETRY B,ROCHELLE AITON,10,2027,,,0,,132,,Yes
22,2/11/25,4,S2,SCI602 / 24,BIOLOGY B,GRANT MERRILL,10,2027,,,0,,431,,Yes
22,2/11/25,3,S2,MAT702 / 23,ALGEBRA II B,JENNIFER REILLY,10,2027,,,0.86,,432,,Yes
22,2/11/25,4,S2,SCI602 / 24,BIOLOGY B,GRANT MERRILL,10,2027,,,0.86,,432,,Yes
22,2/11/25,6,S2,SCI602 / 46,BIOLOGY B,WILLIAM BAUR,10,2027,,,0,,133,,Yes
22,2/11/25,6,S2,SOC702 / 26,US HISTORY/B,SCOTT BOOTHBY,11,2026,A,3.90 pts,1.43,,134,,Yes
22,2/11/25,2,S2,BUS302 / 22,PERSONAL FINANCE B,NICOLE SIMEK,12,2025,C,2.41 pts,0,,135,,Yes
22,2/11/25,6,S2,SCI602 / 26,BIOLOGY B,GRANT MERRILL,10,2027,,,0,,136,,Yes
22,2/11/25,3,S2,MAT523 / 23,GEOMETRY B,ROCHELLE AITON,10,2027,,,0,,137,,Yes
22,2/11/25,4,S2,SCI602 / 24,BIOLOGY B,GRANT MERRILL,10,2027,,,0,,137,,Yes
22,2/11/25,1,S2,ENG504 / 21,PRE-AP FRESHMAN ENGLISH/B,ANGELINA MERRILL,9,2028,F,1.33 pts,0,,489,,Yes
22,2/11/25,2,S2,ENG602 / 22,SOPH ENG/B,KELLY GREGERSEN,10,2027,F,0.00 pts,3.71,,433,,Yes
22,2/11/25,3,S2,SCI602 / 23,BIOLOGY B,GRANT MERRILL,10,2027,,,3.71,,433,,Yes
22,2/11/25,5,S2,MAT523 / 25,GEOMETRY B,BRIAN ANDERSON,10,2027,F,0.00 pts,3,,433,,Yes
22,2/11/25,6,S2,SCI602 / 46,BIOLOGY B,WILLIAM BAUR,10,2027,,,0,,490,,Yes
22,2/11/25,5,S2,ENG602 / 25,SOPH ENG/B,MARCEE SALAS,10,2027,F,1.63 pts,0,,139,,Yes
24,2/25/25,4,S2,MAT702 / 24,ALGEBRA II B,JENNIFER REILLY,11,2026,D+,1.86 pts,6.71,,218,,Yes
22,2/11/25,1,S2,ENG504 / 21,PRE-AP FRESHMAN ENGLISH/B,ANGELINA MERRILL,9,2028,C,2.25 pts,3,,434,,Yes
22,2/11/25,2,S2,MAT523 / 22,GEOMETRY B,ROCHELLE AITON,9,2028,,,3,,434,,Yes
22,2/11/25,2,S2,ENG602 / 22,SOPH ENG/B,KELLY GREGERSEN,10,2027,B,3.05 pts,1,,143,,Yes
22,2/11/25,4,S2,MAT523 / 24,GEOMETRY B,ROCHELLE AITON,10,2027,,,1.29,,143,,Yes
22,2/11/25,5,S2,MAT523 / 25,GEOMETRY B,BRIAN ANDERSON,10,2027,C-,2.00 pts,0,,144,,Yes
22,2/11/25,6,S2,SCI602 / 26,BIOLOGY B,GRANT MERRILL,10,2027,,,0,,144,,Yes
22,2/11/25,6,S2,MAT702 / 26,ALGEBRA II B,JASON BLAESING,11,2026,C+,2.67 pts,2.57,,145,,Yes
22,2/11/25,4,S2,MAT523 / 24,GEOMETRY B,ROCHELLE AITON,10,2027,,,0,,146,,Yes
22,2/11/25,6,S2,SCI602 / 26,BIOLOGY B,GRANT MERRILL,10,2027,,,0,,146,,Yes
22,2/11/25,3,S2,BUS302 / 23,PERSONAL FINANCE B,NICOLE SIMEK,11,2026,F,0.95 pts,0,,435,,Yes
22,2/11/25,3,S2,MAT702 / 23,ALGEBRA II B,JENNIFER REILLY,11,2026,,,1,,492,,Yes
22,2/11/25,6,S2,SOC702 / 26,US HISTORY/B,SCOTT BOOTHBY,11,2026,B,3.00 pts,0,,147,,Yes
22,2/11/25,6,S2,MAT702 / 26,ALGEBRA II B,JASON BLAESING,11,2026,C+,2.67 pts,0,,148,,Yes
22,2/11/25,3,S2,MAT702 / 23,ALGEBRA II B,JENNIFER REILLY,12,2025,,,0,,149,,Yes
22,2/11/25,1,S2,SCI504 / 21,PHYSICAL SCIENCE B,JAMES BENNETT,9,2028,A,4.00 pts,0,,493,,Yes
22,2/11/25,5,S2,MAT702 / 45,ALGEBRA II B,JENNIFER REILLY,11,2026,,,0,,494,,Yes
22,2/11/25,2,S2,SCI610 / 22,CHEMISTRY/B,GRANT MERRILL,11,2026,,,0.86,,150,,Yes
22,2/11/25,3,S2,MAT702 / 23,ALGEBRA II B,JENNIFER REILLY,11,2026,,,0.86,,150,,Yes
22,2/11/25,5,S2,BUS302 / 25,PERSONAL FINANCE B,NICOLE SIMEK,12,2025,B-,2.85 pts,0,,495,,Yes
22,2/11/25,1,S2,ENG504 / 21,PRE-AP FRESHMAN ENGLISH/B,ANGELINA MERRILL,9,2028,A-,3.58 pts,0,,496,,Yes
22,2/11/25,2,S2,MAT702 / 22,ALGEBRA II B,JASON BLAESING,11,2026,A,4.00 pts,0,,152,,Yes
22,2/11/25,1,S2,SCI504 / 21,PHYSICAL SCIENCE B,JAMES BENNETT,9,2028,A,4.00 pts,5,,497,,Yes
22,2/11/25,1,S2,ENG504 / 21,PRE-AP FRESHMAN ENGLISH/B,ANGELINA MERRILL,9,2028,,3.00 pts,0,,497,,Yes
22,2/11/25,3,S2,MAT702 / 23,ALGEBRA II B,JENNIFER REILLY,10,2027,,,0,,153,,Yes
22,2/11/25,2,S2,MAT523 / 22,GEOMETRY B,ROCHELLE AITON,10,2027,,,1,,155,,Yes
22,2/11/25,3,S2,SCI602 / 23,BIOLOGY B,GRANT MERRILL,10,2027,,,1,,155,,Yes
22,2/11/25,1,S2,ENG504 / 21,PRE-AP FRESHMAN ENGLISH/B,ANGELINA MERRILL,9,2028,B+,3.25 pts,2,,154,,Yes
22,2/11/25,5,S2,MAT523 / 25,GEOMETRY B,BRIAN ANDERSON,9,2028,A-,3.50 pts,2,,154,,Yes
22,2/11/25,2,S2,MAT702 / 22,ALGEBRA II B,JASON BLAESING,11,2026,A,4.00 pts,0,,498,,Yes
22,2/11/25,5,S2,BUS302 / 25,PERSONAL FINANCE B,NICOLE SIMEK,12,2025,D+,1.90 pts,0.29,,156,,Yes
22,2/11/25,2,S2,SCI610 / 22,CHEMISTRY/B,GRANT MERRILL,11,2026,,,0,,158,,Yes
22,2/11/25,5,S2,MAT523 / 25,GEOMETRY B,BRIAN ANDERSON,10,2027,C-,2.00 pts,0,,499,,Yes
22,2/11/25,5,S2,MAT523 / 25,GEOMETRY B,BRIAN ANDERSON,10,2027,C-,2.00 pts,0,,159,,Yes
22,2/11/25,6,S2,SCI602 / 46,BIOLOGY B,WILLIAM BAUR,10,2027,,,0,,159,,Yes
22,2/11/25,2,S2,MAT523 / 22,GEOMETRY B,ROCHELLE AITON,10,2027,,,3.86,,160,,Yes
22,2/11/25,6,S2,MAT702 / 26,ALGEBRA II B,JASON BLAESING,11,2026,B,3.00 pts,1,,161,,Yes
22,2/11/25,2,S2,BUS302 / 22,PERSONAL FINANCE B,NICOLE SIMEK,12,2025,F,0.00 pts,3.4,,500,,Yes
22,2/11/25,4,S2,SCI602 / 24,BIOLOGY B,GRANT MERRILL,12,2025,,,3.4,,500,,Yes
22,2/11/25,2,S2,ENG602 / 22,SOPH ENG/B,KELLY GREGERSEN,10,2027,A,4.00 pts,0.14,,162,,Yes
22,2/11/25,4,S2,MAT523 / 24,GEOMETRY B,ROCHELLE AITON,10,2027,,,0,,162,,Yes
22,2/11/25,6,S2,SCI602 / 46,BIOLOGY B,WILLIAM BAUR,10,2027,,,0,,162,,Yes
22,2/11/25,1,S2,SCI504 / 21,PHYSICAL SCIENCE B,JAMES BENNETT,11,2026,F,0.00 pts,3.14,,164,,Yes
22,2/11/25,5,S2,MAT702 / 45,ALGEBRA II B,JENNIFER REILLY,11,2026,,,3.29,,164,,Yes
22,2/11/25,6,S2,SCI602 / 46,BIOLOGY B,WILLIAM BAUR,10,2027,,,1,,165,,Yes
22,2/11/25,2,S2,MAT523 / 22,GEOMETRY B,ROCHELLE AITON,9,2028,,,3,,166,,Yes
22,2/11/25,6,S2,ENG502 / 26,FR ENGLISH/B,DAVID HOLLINGSWORTH,9,2028,,,3.43,,166,,Yes
22,2/11/25,6,S2,SCI602 / 46,BIOLOGY B,WILLIAM BAUR,10,2027,,,3.86,,462,,Yes
22,2/11/25,2,S2,MAT702 / 22,ALGEBRA II B,JASON BLAESING,11,2026,A,4.00 pts,0.43,,167,,Yes
22,2/11/25,6,S2,SOC702 / 26,US HISTORY/B,SCOTT BOOTHBY,11,2026,A,3.95 pts,0.86,,167,,Yes
22,2/11/25,2,S2,MAT523 / 22,GEOMETRY B,ROCHELLE AITON,10,2027,,,1,,168,,Yes
22,2/11/25,6,S2,SCI602 / 26,BIOLOGY B,GRANT MERRILL,10,2027,,,3,,169,,Yes
22,2/11/25,1,S2,SCI504 / 21,PHYSICAL SCIENCE B,JAMES BENNETT,9,2028,F,0.00 pts,2.14,,464,,Yes
22,2/11/25,6,S2,ENG502 / 26,FR ENGLISH/B,DAVID HOLLINGSWORTH,9,2028,,,2,,464,,Yes
22,2/11/25,6,S2,ENG502 / 26,FR ENGLISH/B,DAVID HOLLINGSWORTH,9,2028,,,0,,501,,Yes
22,2/11/25,4,S2,MAT523 / 24,GEOMETRY B,ROCHELLE AITON,10,2027,,,2,,170,,Yes
22,2/11/25,5,S2,ENG602 / 25,SOPH ENG/B,MARCEE SALAS,10,2027,F,0.26 pts,2,,170,,Yes
22,2/11/25,6,S2,SCI602 / 46,BIOLOGY B,WILLIAM BAUR,10,2027,,,2,,170,,Yes
22,2/11/25,4,S2,MAT523 / 24,GEOMETRY B,ROCHELLE AITON,10,2027,,,0.86,,171,,Yes
22,2/11/25,6,S2,SCI602 / 46,BIOLOGY B,WILLIAM BAUR,10,2027,,,1.43,,171,,Yes
22,2/11/25,3,S2,MAT702 / 23,ALGEBRA II B,JENNIFER REILLY,11,2026,,,0.67,,172,,Yes
22,2/11/25,1,S2,SCI504 / 21,PHYSICAL SCIENCE B,JAMES BENNETT,9,2028,C-,2.00 pts,0.14,,502,,Yes
22,2/11/25,2,S2,MAT523 / 22,GEOMETRY B,ROCHELLE AITON,10,2027,,,0,,173,,Yes
22,2/11/25,6,S2,SCI602 / 46,BIOLOGY B,WILLIAM BAUR,10,2027,,,0,,173,,Yes
22,2/11/25,6,S2,SCI602 / 46,BIOLOGY B,WILLIAM BAUR,10,2027,,,0,,174,,Yes
22,2/11/25,3,S2,BUS302 / 23,PERSONAL FINANCE B,NICOLE SIMEK,12,2025,A,4.00 pts,1,,176,,Yes
25,3/4/25,4,S2,MAT702 / 24,ALGEBRA II B,JENNIFER REILLY,11,2026,D,1.77 pts,8.14,,218,,Yes
22,2/11/25,2,S2,MAT523 / 22,GEOMETRY B,ROCHELLE AITON,10,2027,,,0,,437,,Yes
22,2/11/25,4,S2,SCI602 / 24,BIOLOGY B,GRANT MERRILL,10,2027,,,0.43,,437,,Yes
22,2/11/25,6,S2,SCI602 / 26,BIOLOGY B,GRANT MERRILL,12,2025,,,1.5,,178,,Yes
22,2/11/25,4,S2,MAT523 / 24,GEOMETRY B,ROCHELLE AITON,10,2027,,,0,,179,,Yes
22,2/11/25,5,S2,BUS302 / 25,PERSONAL FINANCE B,NICOLE SIMEK,12,2025,,,1,,503,,Yes
22,2/11/25,1,S2,SCI504 / 21,PHYSICAL SCIENCE B,JAMES BENNETT,11,2026,A,4.00 pts,2.57,,438,,Yes
22,2/11/25,3,S2,MAT702 / 23,ALGEBRA II B,JENNIFER REILLY,11,2026,,,2.14,,438,,Yes
22,2/11/25,6,S2,ENG502 / 26,FR ENGLISH/B,DAVID HOLLINGSWORTH,9,2028,,,0,,181,,Yes
22,2/11/25,5,S2,MAT702 / 45,ALGEBRA II B,JENNIFER REILLY,11,2026,,,0,,504,,Yes
22,2/11/25,2,S2,MAT523 / 22,GEOMETRY B,ROCHELLE AITON,10,2027,,,1,,184,,Yes
22,2/11/25,4,S2,SCI602 / 24,BIOLOGY B,GRANT MERRILL,10,2027,,,1,,184,,Yes
22,2/11/25,2,S2,BUS302 / 22,PERSONAL FINANCE B,NICOLE SIMEK,11,2026,A-,3.43 pts,2,,185,,Yes
22,2/11/25,5,S2,BUS302 / 25,PERSONAL FINANCE B,NICOLE SIMEK,12,2025,B-,2.85 pts,1,,505,,Yes
22,2/11/25,5,S2,MAT702 / 45,ALGEBRA II B,JENNIFER REILLY,10,2027,,,1,,186,,Yes
22,2/11/25,6,S2,SCI602 / 46,BIOLOGY B,WILLIAM BAUR,10,2027,,,1.14,,186,,Yes
22,2/11/25,6,S2,SOC702 / 26,US HISTORY/B,SCOTT BOOTHBY,11,2026,A,4.00 pts,0,,187,,Yes
22,2/11/25,6,S2,SCI602 / 46,BIOLOGY B,WILLIAM BAUR,12,2025,,,2.29,,188,,Yes
22,2/11/25,6,S2,ENG502 / 26,FR ENGLISH/B,DAVID HOLLINGSWORTH,9,2028,,,0,,189,,Yes
22,2/11/25,3,S2,MAT702 / 23,ALGEBRA II B,JENNIFER REILLY,11,2026,,,3.29,,439,,Yes
22,2/11/25,1,S2,MAT523 / 21,GEOMETRY B,ROCHELLE AITON,10,2027,,,0,,190,,Yes
22,2/11/25,6,S2,SCI602 / 26,BIOLOGY B,GRANT MERRILL,10,2027,,,0,,190,,Yes
22,2/11/25,3,S2,MAT702 / 23,ALGEBRA II B,JENNIFER REILLY,11,2026,,,2.67,,191,,Yes
22,2/11/25,1,S2,MAT523 / 21,GEOMETRY B,ROCHELLE AITON,9,2028,,,0,,192,,Yes
22,2/11/25,1,S2,SCI504 / 21,PHYSICAL SCIENCE B,JAMES BENNETT,9,2028,F,0.00 pts,1.86,,506,,Yes
22,2/11/25,6,S2,ENG502 / 26,FR ENGLISH/B,DAVID HOLLINGSWORTH,9,2028,,,2.15,,506,,Yes
22,2/11/25,1,S2,MAT523 / 21,GEOMETRY B,ROCHELLE AITON,10,2027,,,0,,193,,Yes
22,2/11/25,5,S2,ENG602 / 25,SOPH ENG/B,MARCEE SALAS,10,2027,F,1.39 pts,0,,193,,Yes
22,2/11/25,5,S2,MAT523 / 25,GEOMETRY B,BRIAN ANDERSON,10,2027,F,0.00 pts,2,,194,,Yes
22,2/11/25,3,S2,BUS302 / 23,PERSONAL FINANCE B,NICOLE SIMEK,12,2025,F,0.03 pts,0.71,,195,,Yes
26,3/11/25,4,S2,MAT702 / 24,ALGEBRA II B,JENNIFER REILLY,11,2026,B,2.90 pts,8.14,,218,,Yes
22,2/11/25,6,S2,ENG502 / 26,FR ENGLISH/B,DAVID HOLLINGSWORTH,9,2028,,,0,,196,,Yes
22,2/11/25,1,S2,MAT523 / 21,GEOMETRY B,ROCHELLE AITON,10,2027,,,2.71,,198,,Yes
22,2/11/25,4,S2,SCI602 / 24,BIOLOGY B,GRANT MERRILL,10,2027,,,2.86,,198,,Yes
22,2/11/25,5,S2,MAT523 / 25,GEOMETRY B,BRIAN ANDERSON,10,2027,C+,2.67 pts,0,,199,,Yes
22,2/11/25,5,S2,BUS302 / 25,PERSONAL FINANCE B,NICOLE SIMEK,12,2025,A,4.00 pts,0,,200,,Yes
27,3/18/25,4,S2,MAT702 / 24,ALGEBRA II B,JENNIFER REILLY,11,2026,C+,2.62 pts,10,,218,,Yes
22,2/11/25,3,S2,MAT702 / 23,ALGEBRA II B,JENNIFER REILLY,10,2027,,,0.86,,509,,Yes
22,2/11/25,4,S2,MAT523 / 24,GEOMETRY B,ROCHELLE AITON,10,2027,,,0,,440,,Yes
22,2/11/25,1,S2,SCI504 / 21,PHYSICAL SCIENCE B,JAMES BENNETT,12,2025,C-,2.00 pts,2.29,,201,,Yes
22,2/11/25,2,S2,BUS302 / 22,PERSONAL FINANCE B,NICOLE SIMEK,12,2025,F,0.98 pts,1.71,,201,,Yes
22,2/11/25,6,S2,MAT702 / 26,ALGEBRA II B,JASON BLAESING,11,2026,F,0.00 pts,2.57,,510,,Yes
22,2/11/25,1,S2,MAT523 / 21,GEOMETRY B,ROCHELLE AITON,10,2027,,,0,,202,,Yes
22,2/11/25,6,S2,SCI602 / 26,BIOLOGY B,GRANT MERRILL,10,2027,,,0,,202,,Yes
22,2/11/25,5,S2,MAT523 / 25,GEOMETRY B,BRIAN ANDERSON,10,2027,C-,2.00 pts,0.71,,204,,Yes
22,2/11/25,6,S2,SCI602 / 26,BIOLOGY B,GRANT MERRILL,10,2027,,,0,,204,,Yes
22,2/11/25,5,S2,BUS302 / 25,PERSONAL FINANCE B,NICOLE SIMEK,12,2025,A,3.88 pts,2,,511,,Yes
22,2/11/25,3,S2,MAT523 / 23,GEOMETRY B,ROCHELLE AITON,10,2027,,,0.14,,205,,Yes
22,2/11/25,2,S2,MAT523 / 22,GEOMETRY B,ROCHELLE AITON,10,2027,,,0,,206,,Yes
22,2/11/25,6,S2,SCI602 / 46,BIOLOGY B,WILLIAM BAUR,10,2027,,,0,,206,,Yes
22,2/11/25,1,S2,ENG504 / 21,PRE-AP FRESHMAN ENGLISH/B,ANGELINA MERRILL,9,2028,C,2.33 pts,0,,512,,Yes
22,2/11/25,5,S2,MAT702 / 45,ALGEBRA II B,JENNIFER REILLY,11,2026,,,1.86,,207,,Yes
22,2/11/25,3,S2,MAT702 / 23,ALGEBRA II B,JENNIFER REILLY,11,2026,,,0.86,,208,,Yes
28,3/25/25,4,S2,MAT702 / 24,ALGEBRA II B,JENNIFER REILLY,11,2026,B,2.94 pts,10,,218,,Yes
22,2/11/25,3,S2,BUS302 / 23,PERSONAL FINANCE B,NICOLE SIMEK,11,2026,F,0.48 pts,0,,209,,Yes
22,2/11/25,6,S2,SOC702 / 26,US HISTORY/B,SCOTT BOOTHBY,11,2026,A,3.80 pts,0,,209,,Yes
22,2/11/25,5,S2,BUS302 / 25,PERSONAL FINANCE B,NICOLE SIMEK,12,2025,A,3.98 pts,3.14,,514,,Yes
22,2/11/25,6,S2,SOC702 / 26,US HISTORY/B,SCOTT BOOTHBY,11,2026,F,0.00 pts,4,,210,,Yes
22,2/11/25,2,S2,MAT702 / 22,ALGEBRA II B,JASON BLAESING,10,2027,,0.00 pts,0,,515,,Yes
22,2/11/25,3,S2,MAT523 / 23,GEOMETRY B,ROCHELLE AITON,10,2027,,,0,,516,,Yes
22,2/11/25,5,S2,BUS302 / 25,PERSONAL FINANCE B,NICOLE SIMEK,12,2025,A,3.96 pts,1.43,,517,,Yes
22,2/11/25,3,S2,MAT523 / 23,GEOMETRY B,ROCHELLE AITON,9,2028,,,5,,211,,Yes
29,4/8/25,4,S2,MAT702 / 24,ALGEBRA II B,JENNIFER REILLY,11,2026,A-,3.52 pts,11,,218,,Yes
22,2/11/25,1,S2,MAT523 / 21,GEOMETRY B,ROCHELLE AITON,10,2027,,,0,,469,,Yes
22,2/11/25,1,S2,SCI504 / 21,PHYSICAL SCIENCE B,JAMES BENNETT,9,2028,A,4.00 pts,0,,212,,Yes
22,2/11/25,6,S2,ENG502 / 26,FR ENGLISH/B,DAVID HOLLINGSWORTH,9,2028,,,0,,212,,Yes
22,2/11/25,5,S2,BUS302 / 25,PERSONAL FINANCE B,NICOLE SIMEK,12,2025,A,3.88 pts,0,,213,,Yes
22,2/11/25,5,S2,BUS302 / 25,PERSONAL FINANCE B,NICOLE SIMEK,12,2025,A,3.95 pts,0,,519,,Yes
22,2/11/25,6,S2,MAT702 / 26,ALGEBRA II B,JASON BLAESING,10,2027,A,4.00 pts,1,,520,,Yes
22,2/11/25,5,S2,MAT523 / 25,GEOMETRY B,BRIAN ANDERSON,10,2027,F,0.50 pts,0,,521,,Yes
22,2/11/25,5,S2,MAT523 / 25,GEOMETRY B,BRIAN ANDERSON,9,2028,A,4.00 pts,0,,522,,Yes
22,2/11/25,3,S2,BUS302 / 23,PERSONAL FINANCE B,NICOLE SIMEK,11,2026,A,3.92 pts,0,,523,,Yes
22,2/11/25,2,S2,MAT523 / 22,GEOMETRY B,ROCHELLE AITON,10,2027,,,0,,524,,Yes
22,2/11/25,4,S2,MAT523 / 24,GEOMETRY B,ROCHELLE AITON,11,2026,,,1,,214,,Yes
22,2/11/25,1,S2,MAT523 / 21,GEOMETRY B,ROCHELLE AITON,10,2027,,,2,,215,,Yes
22,2/11/25,6,S2,SCI602 / 26,BIOLOGY B,GRANT MERRILL,10,2027,,,2,,215,,Yes
22,2/11/25,3,S2,SCI602 / 23,BIOLOGY B,GRANT MERRILL,10,2027,,,0.86,,220,,Yes
22,2/11/25,2,S2,BUS302 / 22,PERSONAL FINANCE B,NICOLE SIMEK,12,2025,C,2.41 pts,1.29,,216,,Yes
22,2/11/25,1,S2,ENG504 / 21,PRE-AP FRESHMAN ENGLISH/B,ANGELINA MERRILL,9,2028,C+,2.67 pts,0.86,,219,,Yes
22,2/11/25,2,S2,MAT523 / 22,GEOMETRY B,ROCHELLE AITON,9,2028,,,0.86,,219,,Yes
22,2/11/25,1,S2,SCI504 / 21,PHYSICAL SCIENCE B,JAMES BENNETT,11,2026,F,0.00 pts,5.71,,218,,Yes
30,4/15/25,4,S2,MAT702 / 24,ALGEBRA II B,JENNIFER REILLY,11,2026,A-,3.52 pts,11,,218,,Yes
22,2/11/25,6,S2,SOC702 / 26,US HISTORY/B,SCOTT BOOTHBY,11,2026,F,0.00 pts,5.71,,218,,Yes
22,2/11/25,6,S2,ENG502 / 26,FR ENGLISH/B,DAVID HOLLINGSWORTH,9,2028,,,1,,217,,Yes
22,2/11/25,6,S2,SOC702 / 26,US HISTORY/B,SCOTT BOOTHBY,11,2026,A,3.90 pts,1,,224,,Yes
22,2/11/25,2,S2,MAT702 / 22,ALGEBRA II B,JASON BLAESING,11,2026,A,4.00 pts,0,,222,,Yes
22,2/11/25,4,S2,MAT523 / 24,GEOMETRY B,ROCHELLE AITON,10,2027,,,1,,221,,Yes
22,2/11/25,5,S2,ENG602 / 25,SOPH ENG/B,MARCEE SALAS,10,2027,D+,1.84 pts,1,,221,,Yes
22,2/11/25,5,S2,MAT702 / 45,ALGEBRA II B,JENNIFER REILLY,10,2027,,,1,,525,,Yes
22,2/11/25,3,S2,BUS302 / 23,PERSONAL FINANCE B,NICOLE SIMEK,12,2025,F,0.95 pts,0,,526,,Yes
22,2/11/25,2,S2,MAT702 / 22,ALGEBRA II B,JASON BLAESING,11,2026,F,0.00 pts,0,,225,,Yes
22,2/11/25,5,S2,BUS302 / 25,PERSONAL FINANCE B,NICOLE SIMEK,12,2025,B-,2.85 pts,1,,527,,Yes
22,2/11/25,2,S2,MAT702 / 22,ALGEBRA II B,JASON BLAESING,10,2027,A,4.00 pts,0,,226,,Yes
22,2/11/25,6,S2,SCI602 / 26,BIOLOGY B,GRANT MERRILL,10,2027,,,0,,226,,Yes
22,2/11/25,2,S2,MAT523 / 22,GEOMETRY B,ROCHELLE AITON,9,2028,,,0,,228,,Yes
22,2/11/25,6,S2,ENG502 / 26,FR ENGLISH/B,DAVID HOLLINGSWORTH,9,2028,,,0,,229,,Yes
22,2/11/25,3,S2,MAT702 / 23,ALGEBRA II B,JENNIFER REILLY,11,2026,,,0,,528,,Yes
22,2/11/25,2,S2,BUS302 / 22,PERSONAL FINANCE B,NICOLE SIMEK,11,2026,A-,3.48 pts,1,,230,,Yes
22,2/11/25,2,S2,BUS302 / 22,PERSONAL FINANCE B,NICOLE SIMEK,12,2025,F,0.03 pts,0.86,,233,,Yes
22,2/11/25,2,S2,MAT523 / 22,GEOMETRY B,ROCHELLE AITON,10,2027,,,0,,236,,Yes
22,2/11/25,3,S2,SCI602 / 23,BIOLOGY B,GRANT MERRILL,10,2027,,,0,,236,,Yes
22,2/11/25,5,S2,ENG602 / 25,SOPH ENG/B,MARCEE SALAS,10,2027,C-,2.10 pts,0,,236,,Yes
22,2/11/25,2,S2,ENG602 / 22,SOPH ENG/B,KELLY GREGERSEN,10,2027,F,0.00 pts,0,,235,,Yes
22,2/11/25,4,S2,SCI602 / 24,BIOLOGY B,GRANT MERRILL,10,2027,,,0,,235,,Yes
22,2/11/25,2,S2,MAT702 / 22,ALGEBRA II B,JASON BLAESING,10,2027,A,4.00 pts,1.86,,237,,Yes
22,2/11/25,3,S2,SCI602 / 23,BIOLOGY B,GRANT MERRILL,10,2027,,,1.86,,237,,Yes
22,2/11/25,4,S2,MAT523 / 24,GEOMETRY B,ROCHELLE AITON,10,2027,,,0,,238,,Yes
22,2/11/25,5,S2,ENG602 / 25,SOPH ENG/B,MARCEE SALAS,10,2027,F,1.27 pts,0,,238,,Yes
22,2/11/25,6,S2,SCI602 / 46,BIOLOGY B,WILLIAM BAUR,10,2027,,,0,,238,,Yes
22,2/11/25,2,S2,BUS302 / 22,PERSONAL FINANCE B,NICOLE SIMEK,12,2025,C,2.41 pts,0.86,,240,,Yes
22,2/11/25,2,S2,MAT702 / 22,ALGEBRA II B,JASON BLAESING,11,2026,F,1.00 pts,4,,241,,Yes
22,2/11/25,6,S2,ENG502 / 26,FR ENGLISH/B,DAVID HOLLINGSWORTH,9,2028,,,3.71,,243,,Yes
22,2/11/25,2,S2,SCI610 / 22,CHEMISTRY/B,GRANT MERRILL,11,2026,,,2,,242,,Yes
22,2/11/25,3,S2,BUS302 / 23,PERSONAL FINANCE B,NICOLE SIMEK,11,2026,A,3.95 pts,2,,242,,Yes
22,2/11/25,5,S2,MAT523 / 25,GEOMETRY B,BRIAN ANDERSON,10,2027,A,4.00 pts,0,,244,,Yes
22,2/11/25,6,S2,ENG502 / 26,FR ENGLISH/B,DAVID HOLLINGSWORTH,9,2028,,,1,,245,,Yes
22,2/11/25,2,S2,MAT523 / 22,GEOMETRY B,ROCHELLE AITON,10,2027,,,1.43,,246,,Yes
22,2/11/25,3,S2,MAT702 / 23,ALGEBRA II B,JENNIFER REILLY,10,2027,,,0.14,,247,,Yes
22,2/11/25,1,S2,MAT523 / 21,GEOMETRY B,ROCHELLE AITON,10,2027,,,0.71,,248,,Yes
22,2/11/25,2,S2,ENG602 / 22,SOPH ENG/B,KELLY GREGERSEN,10,2027,F,0.95 pts,2.14,,249,,Yes
22,2/11/25,5,S2,MAT702 / 45,ALGEBRA II B,JENNIFER REILLY,11,2026,,,0,,250,,Yes
22,2/11/25,6,S2,SOC702 / 26,US HISTORY/B,SCOTT BOOTHBY,11,2026,A,3.90 pts,0,,250,,Yes
22,2/11/25,4,S2,MAT523 / 24,GEOMETRY B,ROCHELLE AITON,10,2027,,,0.29,,251,,Yes
22,2/11/25,5,S2,MAT523 / 25,GEOMETRY B,BRIAN ANDERSON,10,2027,A,3.67 pts,0,,252,,Yes
22,2/11/25,6,S2,SCI602 / 26,BIOLOGY B,GRANT MERRILL,10,2027,,,0.29,,252,,Yes
22,2/11/25,3,S2,BUS302 / 23,PERSONAL FINANCE B,NICOLE SIMEK,11,2026,F,1.01 pts,1.57,,253,,Yes
22,2/11/25,6,S2,SOC702 / 26,US HISTORY/B,SCOTT BOOTHBY,11,2026,F,0.00 pts,2.14,,253,,Yes
21,2/4/25,4,S2,MAT702 / 24,ALGEBRA II B,JENNIFER REILLY,11,2026,C,2.48 pts,7.57,,255,,Yes
22,2/11/25,6,S2,SOC702 / 26,US HISTORY/B,SCOTT BOOTHBY,11,2026,A,3.80 pts,1.14,,255,,Yes
22,2/11/25,6,S2,MAT702 / 26,ALGEBRA II B,JASON BLAESING,11,2026,A,4.00 pts,0,,257,,Yes
22,2/11/25,6,S2,MAT702 / 26,ALGEBRA II B,JASON BLAESING,11,2026,C+,2.67 pts,0,,258,,Yes
22,2/11/25,2,S2,MAT702 / 22,ALGEBRA II B,JASON BLAESING,11,2026,C+,2.67 pts,0,,260,,Yes
22,2/11/25,2,S2,BUS302 / 22,PERSONAL FINANCE B,NICOLE SIMEK,12,2025,A,4.00 pts,0,,259,,Yes
22,2/11/25,2,S2,MAT702 / 22,ALGEBRA II B,JASON BLAESING,11,2026,A,4.00 pts,1,,262,,Yes
22,2/11/25,6,S2,ENG502 / 26,FR ENGLISH/B,DAVID HOLLINGSWORTH,9,2028,,,1,,529,,Yes
22,2/11/25,4,S2,MAT523 / 24,GEOMETRY B,ROCHELLE AITON,10,2027,,,0,,264,,Yes
22,2/11/25,3,S2,BUS302 / 23,PERSONAL FINANCE B,NICOLE SIMEK,11,2026,F,1.46 pts,0,,267,,Yes
22,2/11/25,6,S2,ENG502 / 26,FR ENGLISH/B,DAVID HOLLINGSWORTH,9,2028,,,1.29,,268,,Yes
22,2/11/25,5,S2,MAT523 / 25,GEOMETRY B,BRIAN ANDERSON,10,2027,C-,2.00 pts,1,,269,,Yes
22,2/11/25,6,S2,SCI602 / 46,BIOLOGY B,WILLIAM BAUR,10,2027,,,1,,269,,Yes
22,2/11/25,4,S2,MAT702 / 24,ALGEBRA II B,JENNIFER REILLY,11,2026,,,1,,255,,Yes
22,2/11/25,6,S2,ENG502 / 26,FR ENGLISH/B,DAVID HOLLINGSWORTH,9,2028,,,0.86,,270,,Yes
22,2/11/25,5,S2,MAT702 / 45,ALGEBRA II B,JENNIFER REILLY,10,2027,,,0,,531,,Yes
22,2/11/25,3,S2,MAT702 / 23,ALGEBRA II B,JENNIFER REILLY,11,2026,,,3.86,,271,,Yes
22,2/11/25,6,S2,SOC702 / 26,US HISTORY/B,SCOTT BOOTHBY,11,2026,F,0.00 pts,3.86,,271,,Yes
22,2/11/25,2,S2,MAT523 / 22,GEOMETRY B,ROCHELLE AITON,10,2027,,,2.29,,272,,Yes
22,2/11/25,3,S2,SCI602 / 23,BIOLOGY B,GRANT MERRILL,10,2027,,,1.71,,272,,Yes
22,2/11/25,5,S2,ENG602 / 25,SOPH ENG/B,MARCEE SALAS,10,2027,F,0.48 pts,2.29,,272,,Yes
22,2/11/25,2,S2,MAT523 / 22,GEOMETRY B,ROCHELLE AITON,10,2027,,,0.43,,273,,Yes
22,2/11/25,5,S2,ENG602 / 25,SOPH ENG/B,MARCEE SALAS,10,2027,F,1.19 pts,0,,273,,Yes
22,2/11/25,6,S2,SCI602 / 46,BIOLOGY B,WILLIAM BAUR,10,2027,,,0,,273,,Yes
22,2/11/25,3,S2,MAT523 / 23,GEOMETRY B,ROCHELLE AITON,9,2028,,,0,,532,,Yes
22,2/11/25,2,S2,MAT702 / 22,ALGEBRA II B,JASON BLAESING,11,2026,F,1.00 pts,1.71,,274,,Yes
22,2/11/25,5,S2,MAT523 / 25,GEOMETRY B,BRIAN ANDERSON,10,2027,C-,2.00 pts,0.86,,533,,Yes
22,2/11/25,6,S2,SOC702 / 26,US HISTORY/B,SCOTT BOOTHBY,11,2026,A,4.00 pts,0,,275,,Yes
22,2/11/25,5,S2,BUS302 / 25,PERSONAL FINANCE B,NICOLE SIMEK,11,2026,F,0.00 pts,1.71,,276,,Yes
22,2/11/25,6,S2,SOC702 / 26,US HISTORY/B,SCOTT BOOTHBY,11,2026,A,3.90 pts,0,,277,,Yes
22,2/11/25,1,S2,SCI504 / 21,PHYSICAL SCIENCE B,JAMES BENNETT,9,2028,A,4.00 pts,0.29,,534,,Yes
22,2/11/25,1,S2,ENG504 / 21,PRE-AP FRESHMAN ENGLISH/B,ANGELINA MERRILL,9,2028,A,3.75 pts,1,,535,,Yes
22,2/11/25,6,S2,MAT702 / 26,ALGEBRA II B,JASON BLAESING,11,2026,B,3.00 pts,1,,278,,Yes
22,2/11/25,1,S2,MAT523 / 21,GEOMETRY B,ROCHELLE AITON,9,2028,,,1,,279,,Yes
22,2/11/25,1,S2,ENG504 / 21,PRE-AP FRESHMAN ENGLISH/B,ANGELINA MERRILL,9,2028,A,4.00 pts,1,,536,,Yes
22,2/11/25,3,S2,BUS302 / 23,PERSONAL FINANCE B,NICOLE SIMEK,12,2025,A,3.90 pts,1,,280,,Yes
22,2/11/25,5,S2,BUS302 / 25,PERSONAL FINANCE B,NICOLE SIMEK,12,2025,,3.88 pts,1.29,,280,,Yes
22,2/11/25,5,S2,BUS302 / 25,PERSONAL FINANCE B,NICOLE SIMEK,12,2025,A,3.96 pts,2.57,,537,,Yes
22,2/11/25,2,S2,MAT523 / 22,GEOMETRY B,ROCHELLE AITON,9,2028,,,0,,281,,Yes
22,2/11/25,2,S2,SCI610 / 22,CHEMISTRY/B,GRANT MERRILL,11,2026,,,1,,282,,Yes
22,2/11/25,3,S2,MAT702 / 23,ALGEBRA II B,JENNIFER REILLY,11,2026,,,1,,282,,Yes
22,2/11/25,3,S2,BUS302 / 23,PERSONAL FINANCE B,NICOLE SIMEK,12,2025,A,3.98 pts,0,,283,,Yes
22,2/11/25,3,S2,MAT523 / 23,GEOMETRY B,ROCHELLE AITON,9,2028,,,0,,284,,Yes
23,2/18/25,4,S2,MAT702 / 24,ALGEBRA II B,JENNIFER REILLY,11,2026,,,1.86,,255,,Yes
22,2/11/25,1,S2,SCI504 / 21,PHYSICAL SCIENCE B,JAMES BENNETT,9,2028,A,4.00 pts,0.43,,285,,Yes
22,2/11/25,6,S2,ENG502 / 26,FR ENGLISH/B,DAVID HOLLINGSWORTH,9,2028,,,0.57,,285,,Yes
22,2/11/25,5,S2,BUS302 / 25,PERSONAL FINANCE B,NICOLE SIMEK,12,2025,A,3.91 pts,0,,539,,Yes
22,2/11/25,1,S2,ENG504 / 21,PRE-AP FRESHMAN ENGLISH/B,ANGELINA MERRILL,9,2028,B,3.00 pts,0,,540,,Yes
22,2/11/25,5,S2,MAT702 / 45,ALGEBRA II B,JENNIFER REILLY,10,2027,,,0,,287,,Yes
22,2/11/25,6,S2,SCI602 / 26,BIOLOGY B,GRANT MERRILL,10,2027,,,0,,287,,Yes
22,2/11/25,5,S2,MAT702 / 45,ALGEBRA II B,JENNIFER REILLY,11,2026,,,0,,288,,Yes
22,2/11/25,6,S2,SOC702 / 26,US HISTORY/B,SCOTT BOOTHBY,11,2026,A,3.90 pts,0,,288,,Yes
22,2/11/25,2,S2,ENG602 / 22,SOPH ENG/B,KELLY GREGERSEN,10,2027,F,0.00 pts,1.57,,290,,Yes
22,2/11/25,5,S2,BUS302 / 25,PERSONAL FINANCE B,NICOLE SIMEK,12,2025,F,0.00 pts,0.86,,541,,Yes
22,2/11/25,4,S2,SCI602 / 24,BIOLOGY B,GRANT MERRILL,10,2027,,,1,,291,,Yes
22,2/11/25,3,S2,BUS302 / 23,PERSONAL FINANCE B,NICOLE SIMEK,12,2025,A,4.00 pts,0,,542,,Yes
22,2/11/25,3,S2,MAT523 / 23,GEOMETRY B,ROCHELLE AITON,10,2027,,,2,,293,,Yes
22,2/11/25,4,S2,SCI602 / 24,BIOLOGY B,GRANT MERRILL,10,2027,,,2,,293,,Yes
22,2/11/25,5,S2,MAT523 / 25,GEOMETRY B,BRIAN ANDERSON,10,2027,A,4.00 pts,0,,294,,Yes
22,2/11/25,6,S2,SCI602 / 46,BIOLOGY B,WILLIAM BAUR,10,2027,,,0,,294,,Yes
22,2/11/25,6,S2,ENG502 / 26,FR ENGLISH/B,DAVID HOLLINGSWORTH,9,2028,,,0,,295,,Yes
22,2/11/25,6,S2,MAT702 / 26,ALGEBRA II B,JASON BLAESING,11,2026,A,4.00 pts,0.29,,296,,Yes
24,2/25/25,4,S2,MAT702 / 24,ALGEBRA II B,JENNIFER REILLY,11,2026,D+,1.90 pts,1.86,,255,,Yes
25,3/4/25,4,S2,MAT702 / 24,ALGEBRA II B,JENNIFER REILLY,11,2026,D+,1.82 pts,2.86,,255,,Yes
22,2/11/25,2,S2,SCI610 / 22,CHEMISTRY/B,GRANT MERRILL,11,2026,,,0,,297,,Yes
22,2/11/25,6,S2,MAT702 / 26,ALGEBRA II B,JASON BLAESING,11,2026,A,4.00 pts,0,,297,,Yes
22,2/11/25,3,S2,MAT702 / 23,ALGEBRA II B,JENNIFER REILLY,11,2026,,,0,,298,,Yes
22,2/11/25,2,S2,BUS302 / 22,PERSONAL FINANCE B,NICOLE SIMEK,12,2025,C,2.48 pts,0,,299,,Yes
22,2/11/25,3,S2,BUS302 / 23,PERSONAL FINANCE B,NICOLE SIMEK,11,2026,,0.00 pts,2.57,,300,,Yes
22,2/11/25,1,S2,MAT523 / 21,GEOMETRY B,ROCHELLE AITON,10,2027,,,0,,301,,Yes
22,2/11/25,4,S2,MAT523 / 24,GEOMETRY B,ROCHELLE AITON,10,2027,,,0,,443,,Yes
22,2/11/25,3,S2,MAT523 / 23,GEOMETRY B,ROCHELLE AITON,9,2028,,,2,,302,,Yes
22,2/11/25,6,S2,ENG502 / 26,FR ENGLISH/B,DAVID HOLLINGSWORTH,9,2028,,,2,,302,,Yes
22,2/11/25,2,S2,MAT702 / 22,ALGEBRA II B,JASON BLAESING,11,2026,A,4.00 pts,0,,545,,Yes
22,2/11/25,3,S2,BUS302 / 23,PERSONAL FINANCE B,NICOLE SIMEK,12,2025,D+,1.93 pts,1,,305,,Yes
22,2/11/25,5,S2,BUS302 / 25,PERSONAL FINANCE B,NICOLE SIMEK,12,2025,B-,2.85 pts,0.86,,546,,Yes
22,2/11/25,5,S2,MAT523 / 25,GEOMETRY B,BRIAN ANDERSON,9,2028,C-,2.00 pts,4,,547,,Yes
22,2/11/25,1,S2,SCI504 / 21,PHYSICAL SCIENCE B,JAMES BENNETT,9,2028,A,4.00 pts,0,,306,,Yes
22,2/11/25,3,S2,MAT523 / 23,GEOMETRY B,ROCHELLE AITON,9,2028,,,0,,306,,Yes
22,2/11/25,2,S2,MAT702 / 22,ALGEBRA II B,JASON BLAESING,11,2026,A,4.00 pts,1,,307,,Yes
22,2/11/25,2,S2,ENG602 / 22,SOPH ENG/B,KELLY GREGERSEN,10,2027,F,0.00 pts,3.29,,309,,Yes
22,2/11/25,5,S2,MAT523 / 25,GEOMETRY B,BRIAN ANDERSON,10,2027,F,0.00 pts,3,,309,,Yes
22,2/11/25,6,S2,SCI602 / 26,BIOLOGY B,GRANT MERRILL,10,2027,,,2.71,,309,,Yes
22,2/11/25,1,S2,SCI504 / 21,PHYSICAL SCIENCE B,JAMES BENNETT,9,2028,A,4.00 pts,0.43,,308,,Yes
22,2/11/25,6,S2,ENG502 / 26,FR ENGLISH/B,DAVID HOLLINGSWORTH,9,2028,,,0,,308,,Yes
22,2/11/25,1,S2,SCI504 / 21,PHYSICAL SCIENCE B,JAMES BENNETT,9,2028,A,4.00 pts,0,,548,,Yes
22,2/11/25,3,S2,SCI602 / 23,BIOLOGY B,GRANT MERRILL,10,2027,,,1,,310,,Yes
22,2/11/25,4,S2,MAT523 / 24,GEOMETRY B,ROCHELLE AITON,10,2027,,,1,,310,,Yes
22,2/11/25,2,S2,MAT702 / 22,ALGEBRA II B,JASON BLAESING,11,2026,F,0.00 pts,4,,312,,Yes
22,2/11/25,6,S2,SOC702 / 26,US HISTORY/B,SCOTT BOOTHBY,11,2026,F,0.00 pts,4,,312,,Yes
22,2/11/25,3,S2,SCI602 / 23,BIOLOGY B,GRANT MERRILL,10,2027,,,0,,549,,Yes
26,3/11/25,4,S2,MAT702 / 24,ALGEBRA II B,JENNIFER REILLY,11,2026,D+,1.86 pts,3.57,,255,,Yes
22,2/11/25,6,S2,MAT702 / 26,ALGEBRA II B,JASON BLAESING,11,2026,C-,2.00 pts,2,,313,,Yes
22,2/11/25,2,S2,MAT702 / 22,ALGEBRA II B,JASON BLAESING,11,2026,C+,2.67 pts,0,,314,,Yes
22,2/11/25,2,S2,SCI610 / 22,CHEMISTRY/B,GRANT MERRILL,11,2026,,,0,,315,,Yes
27,3/18/25,4,S2,MAT702 / 24,ALGEBRA II B,JENNIFER REILLY,11,2026,D+,1.92 pts,5.57,,255,,Yes
22,2/11/25,1,S2,ENG504 / 21,PRE-AP FRESHMAN ENGLISH/B,ANGELINA MERRILL,9,2028,A,3.83 pts,0,,551,,Yes
22,2/11/25,6,S2,MAT702 / 26,ALGEBRA II B,JASON BLAESING,11,2026,C-,2.00 pts,2,,316,,Yes
22,2/11/25,2,S2,ENG602 / 22,SOPH ENG/B,KELLY GREGERSEN,10,2027,F,0.00 pts,3.86,,317,,Yes
22,2/11/25,3,S2,MAT523 / 23,GEOMETRY B,ROCHELLE AITON,10,2027,,,3.86,,317,,Yes
22,2/11/25,4,S2,SCI602 / 24,BIOLOGY B,GRANT MERRILL,10,2027,,,4,,317,,Yes
22,2/11/25,1,S2,MAT523 / 21,GEOMETRY B,ROCHELLE AITON,10,2027,,,0,,318,,Yes
22,2/11/25,3,S2,SCI602 / 23,BIOLOGY B,GRANT MERRILL,10,2027,,,0,,318,,Yes
22,2/11/25,2,S2,MAT702 / 22,ALGEBRA II B,JASON BLAESING,11,2026,F,0.00 pts,0,,319,,Yes
22,2/11/25,2,S2,MAT702 / 22,ALGEBRA II B,JASON BLAESING,11,2026,A,4.00 pts,0,,320,,Yes
22,2/11/25,6,S2,SOC702 / 26,US HISTORY/B,SCOTT BOOTHBY,11,2026,A,3.80 pts,0.29,,320,,Yes
22,2/11/25,1,S2,ENG504 / 21,PRE-AP FRESHMAN ENGLISH/B,ANGELINA MERRILL,9,2028,B-,2.75 pts,0,,552,,Yes
22,2/11/25,2,S2,BUS302 / 22,PERSONAL FINANCE B,NICOLE SIMEK,12,2025,F,0.00 pts,3.57,,321,,Yes
22,2/11/25,2,S2,BUS302 / 22,PERSONAL FINANCE B,NICOLE SIMEK,12,2025,F,0.00 pts,1.57,,322,,Yes
22,2/11/25,3,S2,BUS302 / 23,PERSONAL FINANCE B,NICOLE SIMEK,12,2025,B+,3.36 pts,0,,323,,Yes
22,2/11/25,2,S2,ENG602 / 22,SOPH ENG/B,KELLY GREGERSEN,10,2027,A,4.00 pts,0,,324,,Yes
22,2/11/25,4,S2,MAT523 / 24,GEOMETRY B,ROCHELLE AITON,10,2027,,,0,,324,,Yes
22,2/11/25,5,S2,BUS302 / 25,PERSONAL FINANCE B,NICOLE SIMEK,12,2025,F,0.00 pts,1,,553,,Yes
22,2/11/25,4,S2,SCI602 / 24,BIOLOGY B,GRANT MERRILL,10,2027,,,0,,445,,Yes
22,2/11/25,2,S2,BUS302 / 22,PERSONAL FINANCE B,NICOLE SIMEK,12,2025,A,3.91 pts,0,,325,,Yes
22,2/11/25,3,S2,BUS302 / 23,PERSONAL FINANCE B,NICOLE SIMEK,12,2025,A,3.98 pts,1,,326,,Yes
22,2/11/25,2,S2,BUS302 / 22,PERSONAL FINANCE B,NICOLE SIMEK,11,2026,A-,3.53 pts,0,,327,,Yes
22,2/11/25,6,S2,SOC702 / 26,US HISTORY/B,SCOTT BOOTHBY,11,2026,A,4.00 pts,0,,327,,Yes
22,2/11/25,2,S2,MAT702 / 22,ALGEBRA II B,JASON BLAESING,11,2026,F,1.33 pts,3,,554,,Yes
28,3/25/25,4,S2,MAT702 / 24,ALGEBRA II B,JENNIFER REILLY,11,2026,C-,2.15 pts,6.57,,255,,Yes
22,2/11/25,5,S2,MAT702 / 45,ALGEBRA II B,JENNIFER REILLY,11,2026,,,0,,556,,Yes
22,2/11/25,6,S2,SCI602 / 46,BIOLOGY B,WILLIAM BAUR,10,2027,,,0,,330,,Yes
22,2/11/25,3,S2,BUS302 / 23,PERSONAL FINANCE B,NICOLE SIMEK,12,2025,F,0.95 pts,1.29,,331,,Yes
22,2/11/25,5,S2,MAT702 / 45,ALGEBRA II B,JENNIFER REILLY,12,2025,,,0,,557,,Yes
22,2/11/25,3,S2,BUS302 / 23,PERSONAL FINANCE B,NICOLE SIMEK,12,2025,F,1.00 pts,0.86,,332,,Yes
22,2/11/25,3,S2,SCI602 / 23,BIOLOGY B,GRANT MERRILL,10,2027,,,1,,333,,Yes
22,2/11/25,5,S2,ENG602 / 25,SOPH ENG/B,MARCEE SALAS,10,2027,F,0.74 pts,1,,333,,Yes
22,2/11/25,5,S2,MAT523 / 25,GEOMETRY B,BRIAN ANDERSON,10,2027,F,0.00 pts,1,,334,,Yes
29,4/8/25,4,S2,MAT702 / 24,ALGEBRA II B,JENNIFER REILLY,11,2026,C+,2.50 pts,7.57,,255,,Yes
22,2/11/25,2,S2,MAT523 / 22,GEOMETRY B,ROCHELLE AITON,10,2027,,,1,,335,,Yes
22,2/11/25,3,S2,SCI602 / 23,BIOLOGY B,GRANT MERRILL,10,2027,,,1,,335,,Yes
22,2/11/25,6,S2,SCI602 / 46,BIOLOGY B,WILLIAM BAUR,10,2027,,,1,,337,,Yes
22,2/11/25,6,S2,MAT702 / 26,ALGEBRA II B,JASON BLAESING,11,2026,F,1.33 pts,3,,336,,Yes
22,2/11/25,5,S2,MAT702 / 45,ALGEBRA II B,JENNIFER REILLY,11,2026,,,0.57,,559,,Yes
22,2/11/25,5,S2,BUS302 / 25,PERSONAL FINANCE B,NICOLE SIMEK,12,2025,D+,1.90 pts,0,,560,,Yes
22,2/11/25,4,S2,MAT523 / 24,GEOMETRY B,ROCHELLE AITON,10,2027,,,0,,338,,Yes
22,2/11/25,5,S2,ENG602 / 25,SOPH ENG/B,MARCEE SALAS,10,2027,C,2.46 pts,0,,338,,Yes
22,2/11/25,3,S2,MAT702 / 23,ALGEBRA II B,JENNIFER REILLY,11,2026,,,0,,339,,Yes
22,2/11/25,4,S2,MAT523 / 24,GEOMETRY B,ROCHELLE AITON,10,2027,,,1.86,,446,,Yes
22,2/11/25,4,S2,MAT523 / 24,GEOMETRY B,ROCHELLE AITON,10,2027,,,4.14,,447,,Yes
22,2/11/25,5,S2,ENG602 / 25,SOPH ENG/B,MARCEE SALAS,10,2027,F,0.00 pts,4.14,,447,,Yes
22,2/11/25,5,S2,MAT523 / 25,GEOMETRY B,BRIAN ANDERSON,10,2027,F,0.00 pts,2,,340,,Yes
22,2/11/25,6,S2,SCI602 / 46,BIOLOGY B,WILLIAM BAUR,10,2027,,,2,,340,,Yes
22,2/11/25,1,S2,ENG504 / 21,PRE-AP FRESHMAN ENGLISH/B,ANGELINA MERRILL,9,2028,B,2.92 pts,0,,561,,Yes
22,2/11/25,3,S2,BUS302 / 23,PERSONAL FINANCE B,NICOLE SIMEK,12,2025,A-,3.43 pts,1,,341,,Yes
22,2/11/25,6,S2,MAT702 / 26,ALGEBRA II B,JASON BLAESING,11,2026,A,4.00 pts,0,,342,,Yes
22,2/11/25,2,S2,ENG602 / 22,SOPH ENG/B,KELLY GREGERSEN,10,2027,F,0.00 pts,0.43,,347,,Yes
22,2/11/25,4,S2,SCI602 / 24,BIOLOGY B,GRANT MERRILL,10,2027,,,0.43,,347,,Yes
22,2/11/25,1,S2,ENG504 / 21,PRE-AP FRESHMAN ENGLISH/B,ANGELINA MERRILL,9,2028,A-,3.42 pts,0,,348,,Yes
22,2/11/25,2,S2,MAT523 / 22,GEOMETRY B,ROCHELLE AITON,9,2028,,,0,,348,,Yes
22,2/11/25,2,S2,SCI610 / 22,CHEMISTRY/B,GRANT MERRILL,11,2026,,,0.43,,350,,Yes
22,2/11/25,1,S2,ENG504 / 21,PRE-AP FRESHMAN ENGLISH/B,ANGELINA MERRILL,9,2028,F,1.58 pts,0.86,,562,,Yes
22,2/11/25,5,S2,MAT523 / 25,GEOMETRY B,BRIAN ANDERSON,9,2028,C-,2.00 pts,0.57,,351,,Yes
22,2/11/25,3,S2,MAT702 / 23,ALGEBRA II B,JENNIFER REILLY,10,2027,,,1.14,,353,,Yes
22,2/11/25,5,S2,ENG602 / 25,SOPH ENG/B,MARCEE SALAS,10,2027,F,1.19 pts,1,,353,,Yes
22,2/11/25,6,S2,SCI602 / 46,BIOLOGY B,WILLIAM BAUR,10,2027,,,1,,353,,Yes
22,2/11/25,2,S2,SCI610 / 22,CHEMISTRY/B,GRANT MERRILL,12,2025,,,3,,354,,Yes
22,2/11/25,1,S2,ENG504 / 21,PRE-AP FRESHMAN ENGLISH/B,ANGELINA MERRILL,9,2028,B-,2.83 pts,0,,563,,Yes
22,2/11/25,6,S2,SOC702 / 26,US HISTORY/B,SCOTT BOOTHBY,11,2026,A,3.80 pts,1.57,,356,,Yes
22,2/11/25,6,S2,MAT702 / 26,ALGEBRA II B,JASON BLAESING,11,2026,F,1.33 pts,2,,357,,Yes
30,4/15/25,4,S2,MAT702 / 24,ALGEBRA II B,JENNIFER REILLY,11,2026,C,2.48 pts,7.57,,255,,Yes
22,2/11/25,3,S2,MAT523 / 23,GEOMETRY B,ROCHELLE AITON,9,2028,,,1,,358,,Yes
22,2/11/25,1,S2,SCI504 / 21,PHYSICAL SCIENCE B,JAMES BENNETT,9,2028,A,4.00 pts,0,,565,,Yes
22,2/11/25,6,S2,ENG502 / 26,FR ENGLISH/B,DAVID HOLLINGSWORTH,9,2028,,,0,,565,,Yes
22,2/11/25,2,S2,MAT523 / 22,GEOMETRY B,ROCHELLE AITON,10,2027,,,3.43,,360,,Yes
22,2/11/25,1,S2,ENG504 / 21,PRE-AP FRESHMAN ENGLISH/B,ANGELINA MERRILL,9,2028,A,3.75 pts,0,,566,,Yes
22,2/11/25,1,S2,SCI504 / 21,PHYSICAL SCIENCE B,JAMES BENNETT,11,2026,A,4.00 pts,0,,361,,Yes
22,2/11/25,6,S2,MAT702 / 26,ALGEBRA II B,JASON BLAESING,11,2026,A,4.00 pts,0,,361,,Yes
22,2/11/25,5,S2,BUS302 / 25,PERSONAL FINANCE B,NICOLE SIMEK,12,2025,F,1.05 pts,3.86,,362,,Yes
22,2/11/25,1,S2,ENG504 / 21,PRE-AP FRESHMAN ENGLISH/B,ANGELINA MERRILL,9,2028,,3.83 pts,0,,363,,Yes
22,2/11/25,3,S2,MAT523 / 23,GEOMETRY B,ROCHELLE AITON,9,2028,,,0,,363,,Yes
22,2/11/25,6,S2,ENG502 / 26,FR ENGLISH/B,DAVID HOLLINGSWORTH,9,2028,,,3,,567,,Yes
22,2/11/25,3,S2,MAT702 / 23,ALGEBRA II B,JENNIFER REILLY,10,2027,,,0.86,,364,,Yes
22,2/11/25,4,S2,SCI602 / 24,BIOLOGY B,GRANT MERRILL,10,2027,,,0.86,,364,,Yes
22,2/11/25,1,S2,ENG504 / 21,PRE-AP FRESHMAN ENGLISH/B,ANGELINA MERRILL,9,2028,A,3.83 pts,0,,568,,Yes
22,2/11/25,5,S2,MAT702 / 45,ALGEBRA II B,JENNIFER REILLY,11,2026,,,0,,569,,Yes
22,2/11/25,4,S2,SCI602 / 24,BIOLOGY B,GRANT MERRILL,10,2027,,,1,,448,,Yes
22,2/11/25,6,S2,ENG502 / 26,FR ENGLISH/B,DAVID HOLLINGSWORTH,9,2028,,,4,,366,,Yes
22,2/11/25,2,S2,BUS302 / 22,PERSONAL FINANCE B,NICOLE SIMEK,12,2025,D+,1.96 pts,0.57,,365,,Yes
22,2/11/25,1,S2,ENG504 / 21,PRE-AP FRESHMAN ENGLISH/B,ANGELINA MERRILL,9,2028,C-,2.08 pts,3,,450,,Yes
22,2/11/25,4,S2,MAT523 / 24,GEOMETRY B,ROCHELLE AITON,9,2028,,,3,,450,,Yes
22,2/11/25,1,S2,SCI504 / 21,PHYSICAL SCIENCE B,JAMES BENNETT,11,2026,C-,2.00 pts,1,,570,,Yes
21,2/4/25,4,S2,MAT702 / 24,ALGEBRA II B,JENNIFER REILLY,11,2026,A,3.99 pts,0.29,,315,,Yes
22,2/11/25,1,S2,SCI504 / 21,PHYSICAL SCIENCE B,JAMES BENNETT,9,2028,F,0.00 pts,0,,461,,Yes
22,2/11/25,6,S2,ENG502 / 26,FR ENGLISH/B,DAVID HOLLINGSWORTH,9,2028,,,0,,461,,Yes
22,2/11/25,3,S2,BUS302 / 23,PERSONAL FINANCE B,NICOLE SIMEK,12,2025,A,3.90 pts,0,,367,,Yes
22,2/11/25,2,S2,SCI610 / 22,CHEMISTRY/B,GRANT MERRILL,11,2026,,,2.57,,368,,Yes
22,2/11/25,4,S2,MAT702 / 24,ALGEBRA II B,JENNIFER REILLY,11,2026,,,0,,315,,Yes
22,2/11/25,6,S2,SOC702 / 26,US HISTORY/B,SCOTT BOOTHBY,11,2026,B-,2.85 pts,1.86,,368,,Yes
22,2/11/25,5,S2,MAT523 / 25,GEOMETRY B,BRIAN ANDERSON,9,2028,A,4.00 pts,0,,369,,Yes
22,2/11/25,2,S2,BUS302 / 22,PERSONAL FINANCE B,NICOLE SIMEK,11,2026,D+,1.94 pts,3,,451,,Yes
22,2/11/25,6,S2,MAT702 / 26,ALGEBRA II B,JASON BLAESING,11,2026,A,4.00 pts,0,,370,,Yes
22,2/11/25,1,S2,ENG504 / 21,PRE-AP FRESHMAN ENGLISH/B,ANGELINA MERRILL,9,2028,B-,2.75 pts,1,,571,,Yes
22,2/11/25,5,S2,ENG602 / 25,SOPH ENG/B,MARCEE SALAS,10,2027,C,2.34 pts,1,,371,,Yes
22,2/11/25,3,S2,SCI602 / 23,BIOLOGY B,GRANT MERRILL,10,2027,,,1,,372,,Yes
22,2/11/25,5,S2,MAT523 / 25,GEOMETRY B,BRIAN ANDERSON,10,2027,F,0.00 pts,1.43,,372,,Yes
22,2/11/25,4,S2,MAT523 / 24,GEOMETRY B,ROCHELLE AITON,10,2027,,,0,,452,,Yes
22,2/11/25,6,S2,SCI602 / 26,BIOLOGY B,GRANT MERRILL,10,2027,,,0,,452,,Yes
22,2/11/25,2,S2,ENG602 / 22,SOPH ENG/B,KELLY GREGERSEN,10,2027,A,4.00 pts,0,,572,,Yes
22,2/11/25,3,S2,MAT523 / 23,GEOMETRY B,ROCHELLE AITON,10,2027,,,0,,572,,Yes
22,2/11/25,6,S2,SCI602 / 26,BIOLOGY B,GRANT MERRILL,10,2027,,,1,,453,,Yes
22,2/11/25,5,S2,ENG602 / 25,SOPH ENG/B,MARCEE SALAS,10,2027,C-,2.10 pts,0,,373,,Yes
22,2/11/25,6,S2,SCI602 / 46,BIOLOGY B,WILLIAM BAUR,10,2027,,,0,,373,,Yes
22,2/11/25,1,S2,ENG504 / 21,PRE-AP FRESHMAN ENGLISH/B,ANGELINA MERRILL,9,2028,C-,2.00 pts,1,,573,,Yes
22,2/11/25,3,S2,BUS302 / 23,PERSONAL FINANCE B,NICOLE SIMEK,11,2026,B-,2.85 pts,4,,574,,Yes
22,2/11/25,6,S2,SCI602 / 26,BIOLOGY B,GRANT MERRILL,10,2027,,,0,,375,,Yes
22,2/11/25,6,S2,SOC702 / 26,US HISTORY/B,SCOTT BOOTHBY,11,2026,F,0.00 pts,2,,376,,Yes
22,2/11/25,4,S2,SCI602 / 24,BIOLOGY B,GRANT MERRILL,10,2027,,,0,,374,,Yes
22,2/11/25,2,S2,BUS302 / 22,PERSONAL FINANCE B,NICOLE SIMEK,12,2025,F,0.00 pts,2.71,,377,,Yes
22,2/11/25,1,S2,MAT523 / 21,GEOMETRY B,ROCHELLE AITON,10,2027,,,0.29,,454,,Yes
22,2/11/25,3,S2,MAT702 / 23,ALGEBRA II B,JENNIFER REILLY,11,2026,,,2,,380,,Yes
22,2/11/25,6,S2,SOC702 / 26,US HISTORY/B,SCOTT BOOTHBY,11,2026,F,0.00 pts,2.57,,380,,Yes
22,2/11/25,5,S2,MAT702 / 45,ALGEBRA II B,JENNIFER REILLY,11,2026,,,1,,575,,Yes
23,2/18/25,4,S2,MAT702 / 24,ALGEBRA II B,JENNIFER REILLY,11,2026,,,0,,315,,Yes
22,2/11/25,5,S2,ENG602 / 25,SOPH ENG/B,MARCEE SALAS,10,2027,F,1.36 pts,0,,455,,Yes
22,2/11/25,5,S2,ENG602 / 25,SOPH ENG/B,MARCEE SALAS,10,2027,C,2.44 pts,0,,456,,Yes
22,2/11/25,2,S2,MAT523 / 22,GEOMETRY B,ROCHELLE AITON,10,2027,,,0,,382,,Yes
22,2/11/25,2,S2,MAT523 / 22,GEOMETRY B,ROCHELLE AITON,10,2027,,,3.86,,383,,Yes
22,2/11/25,3,S2,SCI602 / 23,BIOLOGY B,GRANT MERRILL,10,2027,,,3.86,,383,,Yes
22,2/11/25,5,S2,ENG602 / 25,SOPH ENG/B,MARCEE SALAS,10,2027,F,0.03 pts,3.86,,383,,Yes
22,2/11/25,6,S2,MAT702 / 26,ALGEBRA II B,JASON BLAESING,10,2027,A,4.00 pts,0,,384,,Yes
22,2/11/25,3,S2,BUS302 / 23,PERSONAL FINANCE B,NICOLE SIMEK,12,2025,A-,3.43 pts,0,,385,,Yes
22,2/11/25,2,S2,MAT523 / 22,GEOMETRY B,ROCHELLE AITON,10,2027,,,0,,386,,Yes
22,2/11/25,4,S2,SCI602 / 24,BIOLOGY B,GRANT MERRILL,10,2027,,,0.14,,386,,Yes
22,2/11/25,5,S2,MAT523 / 25,GEOMETRY B,BRIAN ANDERSON,10,2027,C-,2.00 pts,0,,576,,Yes
24,2/25/25,4,S2,MAT702 / 24,ALGEBRA II B,JENNIFER REILLY,11,2026,C-,2.14 pts,0,,315,,Yes
22,2/11/25,5,S2,MAT702 / 45,ALGEBRA II B,JENNIFER REILLY,10,2027,,,0,,578,,Yes
22,2/11/25,2,S2,SCI610 / 22,CHEMISTRY/B,GRANT MERRILL,11,2026,,,0,,387,,Yes
22,2/11/25,3,S2,MAT702 / 23,ALGEBRA II B,JENNIFER REILLY,11,2026,,,0,,387,,Yes
22,2/11/25,2,S2,SCI610 / 22,CHEMISTRY/B,GRANT MERRILL,11,2026,,,0,,388,,Yes
25,3/4/25,4,S2,MAT702 / 24,ALGEBRA II B,JENNIFER REILLY,11,2026,A,3.95 pts,0,,315,,Yes
22,2/11/25,5,S2,BUS302 / 25,PERSONAL FINANCE B,NICOLE SIMEK,12,2025,A,3.84 pts,0,,579,,Yes
22,2/11/25,1,S2,MAT523 / 21,GEOMETRY B,ROCHELLE AITON,10,2027,,,2,,389,,Yes
22,2/11/25,3,S2,SCI602 / 23,BIOLOGY B,GRANT MERRILL,10,2027,,,2,,389,,Yes
22,2/11/25,6,S2,SOC702 / 26,US HISTORY/B,SCOTT BOOTHBY,11,2026,A,3.80 pts,2.57,,580,,Yes
22,2/11/25,3,S2,SCI602 / 23,BIOLOGY B,GRANT MERRILL,10,2027,,,0.86,,391,,Yes
22,2/11/25,2,S2,ENG602 / 22,SOPH ENG/B,KELLY GREGERSEN,10,2027,A,4.00 pts,2,,392,,Yes
22,2/11/25,5,S2,MAT702 / 45,ALGEBRA II B,JENNIFER REILLY,10,2027,,,0,,581,,Yes
22,2/11/25,3,S2,BUS302 / 23,PERSONAL FINANCE B,NICOLE SIMEK,12,2025,B-,2.88 pts,2.86,,394,,Yes
22,2/11/25,4,S2,MAT523 / 24,GEOMETRY B,ROCHELLE AITON,10,2027,,,0.43,,458,,Yes
22,2/11/25,5,S2,MAT702 / 45,ALGEBRA II B,JENNIFER REILLY,11,2026,,,0,,582,,Yes
22,2/11/25,1,S2,SCI504 / 21,PHYSICAL SCIENCE B,JAMES BENNETT,9,2028,C-,2.00 pts,1.14,,583,,Yes
22,2/11/25,6,S2,ENG502 / 26,FR ENGLISH/B,DAVID HOLLINGSWORTH,9,2028,,,1,,583,,Yes
22,2/11/25,1,S2,SCI504 / 21,PHYSICAL SCIENCE B,JAMES BENNETT,9,2028,A,4.00 pts,1,,584,,Yes
22,2/11/25,2,S2,MAT702 / 22,ALGEBRA II B,JASON BLAESING,10,2027,A,4.00 pts,0,,398,,Yes
22,2/11/25,3,S2,SCI602 / 23,BIOLOGY B,GRANT MERRILL,10,2027,,,0,,398,,Yes
22,2/11/25,1,S2,MAT523 / 21,GEOMETRY B,ROCHELLE AITON,10,2027,,,1,,399,,Yes
22,2/11/25,2,S2,ENG602 / 22,SOPH ENG/B,KELLY GREGERSEN,10,2027,B-,2.85 pts,1,,399,,Yes
22,2/11/25,6,S2,SCI602 / 26,BIOLOGY B,GRANT MERRILL,10,2027,,,1.14,,399,,Yes
22,2/11/25,3,S2,SCI602 / 23,BIOLOGY B,GRANT MERRILL,10,2027,,,3.29,,585,,Yes
22,2/11/25,1,S2,SCI504 / 21,PHYSICAL SCIENCE B,JAMES BENNETT,11,2026,C-,2.00 pts,2.57,,586,,Yes
26,3/11/25,4,S2,MAT702 / 24,ALGEBRA II B,JENNIFER REILLY,11,2026,A,3.94 pts,0.14,,315,,Yes
22,2/11/25,1,S2,ENG504 / 21,PRE-AP FRESHMAN ENGLISH/B,ANGELINA MERRILL,9,2028,B-,2.75 pts,1,,587,,Yes
22,2/11/25,1,S2,SCI504 / 21,PHYSICAL SCIENCE B,JAMES BENNETT,12,2025,A,4.00 pts,0,,588,,Yes
22,2/11/25,4,S2,SCI602 / 24,BIOLOGY B,GRANT MERRILL,10,2027,,,2.71,,401,,Yes
22,2/11/25,5,S2,ENG602 / 25,SOPH ENG/B,MARCEE SALAS,10,2027,F,0.00 pts,3.43,,401,,Yes
22,2/11/25,5,S2,MAT523 / 25,GEOMETRY B,BRIAN ANDERSON,10,2027,F,0.00 pts,0,,402,,Yes
22,2/11/25,3,S2,MAT523 / 23,GEOMETRY B,ROCHELLE AITON,10,2027,,,3,,403,,Yes
22,2/11/25,5,S2,ENG602 / 25,SOPH ENG/B,MARCEE SALAS,10,2027,F,1.15 pts,3,,403,,Yes
27,3/18/25,4,S2,MAT702 / 24,ALGEBRA II B,JENNIFER REILLY,11,2026,A,3.98 pts,0.14,,315,,Yes
28,3/25/25,4,S2,MAT702 / 24,ALGEBRA II B,JENNIFER REILLY,11,2026,A,3.99 pts,0.29,,315,,Yes
22,2/11/25,2,S2,ENG602 / 22,SOPH ENG/B,KELLY GREGERSEN,10,2027,A,4.00 pts,0,,404,,Yes
22,2/11/25,3,S2,MAT523 / 23,GEOMETRY B,ROCHELLE AITON,10,2027,,,0,,404,,Yes
22,2/11/25,4,S2,SCI602 / 24,BIOLOGY B,GRANT MERRILL,10,2027,,,0.14,,404,,Yes
22,2/11/25,3,S2,MAT702 / 23,ALGEBRA II B,JENNIFER REILLY,10,2027,,,0,,405,,Yes
22,2/11/25,4,S2,SCI602 / 24,BIOLOGY B,GRANT MERRILL,10,2027,,,0,,405,,Yes
22,2/11/25,5,S2,ENG602 / 25,SOPH ENG/B,MARCEE SALAS,10,2027,B+,3.26 pts,0,,405,,Yes
22,2/11/25,3,S2,MAT702 / 23,ALGEBRA II B,JENNIFER REILLY,11,2026,,,0,,406,,Yes
22,2/11/25,1,S2,MAT523 / 21,GEOMETRY B,ROCHELLE AITON,10,2027,,,4,,407,,Yes
22,2/11/25,2,S2,ENG602 / 22,SOPH ENG/B,KELLY GREGERSEN,10,2027,D+,1.90 pts,4,,407,,Yes
22,2/11/25,6,S2,SCI602 / 46,BIOLOGY B,WILLIAM BAUR,10,2027,,,4,,407,,Yes
22,2/11/25,5,S2,BUS302 / 25,PERSONAL FINANCE B,NICOLE SIMEK,12,2025,F,0.04 pts,2,,408,,Yes
22,2/11/25,5,S2,BUS302 / 25,PERSONAL FINANCE B,NICOLE SIMEK,11,2026,A,3.88 pts,1,,591,,Yes
22,2/11/25,6,S2,ENG502 / 26,FR ENGLISH/B,DAVID HOLLINGSWORTH,9,2028,,,3.71,,410,,Yes
22,2/11/25,2,S2,MAT523 / 22,GEOMETRY B,ROCHELLE AITON,10,2027,,,0,,411,,Yes
22,2/11/25,3,S2,SCI602 / 23,BIOLOGY B,GRANT MERRILL,10,2027,,,0,,411,,Yes
22,2/11/25,4,S2,MAT523 / 24,GEOMETRY B,ROCHELLE AITON,10,2027,,,0,,460,,Yes
22,2/11/25,1,S2,SCI504 / 21,PHYSICAL SCIENCE B,JAMES BENNETT,11,2026,A,4.00 pts,0,,412,,Yes
22,2/11/25,2,S2,MAT702 / 22,ALGEBRA II B,JASON BLAESING,11,2026,,0.00 pts,0,,412,,Yes
22,2/11/25,5,S2,MAT702 / 45,ALGEBRA II B,JENNIFER REILLY,11,2026,,,0,,412,,Yes
22,2/11/25,1,S2,SCI504 / 21,PHYSICAL SCIENCE B,JAMES BENNETT,9,2028,A,4.00 pts,0,,592,,Yes
22,2/11/25,3,S2,BUS302 / 23,PERSONAL FINANCE B,NICOLE SIMEK,12,2025,A,3.97 pts,8.86,,413,,Yes
22,2/11/25,1,S2,MAT523 / 21,GEOMETRY B,ROCHELLE AITON,10,2027,,,0.43,,414,,Yes
22,2/11/25,5,S2,ENG602 / 25,SOPH ENG/B,MARCEE SALAS,10,2027,D,1.74 pts,0,,414,,Yes
22,2/11/25,6,S2,SCI602 / 46,BIOLOGY B,WILLIAM BAUR,10,2027,,,0,,414,,Yes
22,2/11/25,5,S2,BUS302 / 25,PERSONAL FINANCE B,NICOLE SIMEK,12,2025,A,4.00 pts,0.2,,593,,Yes
22,2/11/25,1,S2,SCI504 / 21,PHYSICAL SCIENCE B,JAMES BENNETT,12,2025,A,4.00 pts,0,,415,,Yes
22,2/11/25,2,S2,BUS302 / 22,PERSONAL FINANCE B,NICOLE SIMEK,12,2025,C,2.46 pts,0,,415,,Yes
22,2/11/25,2,S2,ENG602 / 22,SOPH ENG/B,KELLY GREGERSEN,10,2027,A,4.00 pts,3,,416,,Yes
22,2/11/25,3,S2,SCI602 / 23,BIOLOGY B,GRANT MERRILL,10,2027,,,3.29,,416,,Yes
22,2/11/25,4,S2,MAT523 / 24,GEOMETRY B,ROCHELLE AITON,10,2027,,,3.29,,416,,Yes
22,2/11/25,6,S2,SCI602 / 46,BIOLOGY B,WILLIAM BAUR,10,2027,,,0,,417,,Yes
22,2/11/25,2,S2,ENG602 / 22,SOPH ENG/B,KELLY GREGERSEN,10,2027,A,3.80 pts,2,,418,,Yes
29,4/8/25,4,S2,MAT702 / 24,ALGEBRA II B,JENNIFER REILLY,11,2026,A,3.99 pts,0.29,,315,,Yes
22,2/11/25,6,S2,SCI602 / 26,BIOLOGY B,GRANT MERRILL,10,2027,,,2.14,,418,,Yes
22,2/11/25,3,S2,MAT523 / 23,GEOMETRY B,ROCHELLE AITON,9,2028,,,3.86,,419,,Yes
22,2/11/25,5,S2,MAT523 / 25,GEOMETRY B,BRIAN ANDERSON,9,2028,C-,2.00 pts,0,,420,,Yes
22,2/11/25,1,S2,SCI504 / 21,PHYSICAL SCIENCE B,JAMES BENNETT,9,2028,A,4.00 pts,0,,594,,Yes
22,2/11/25,4,S2,SCI602 / 24,BIOLOGY B,GRANT MERRILL,10,2027,,,0,,421,,Yes
22,2/11/25,2,S2,BUS302 / 22,PERSONAL FINANCE B,NICOLE SIMEK,12,2025,F,0.50 pts,2.86,,422,,Yes
22,2/11/25,2,S2,SCI610 / 22,CHEMISTRY/B,GRANT MERRILL,12,2025,,,0.83,,423,,Yes
22,2/11/25,2,S2,ENG602 / 22,SOPH ENG/B,KELLY GREGERSEN,10,2027,B,2.90 pts,1,,48,,Yes
22,2/11/25,5,S2,MAT523 / 25,GEOMETRY B,BRIAN ANDERSON,10,2027,C-,2.00 pts,1,,48,,Yes
22,2/11/25,6,S2,SCI602 / 26,BIOLOGY B,GRANT MERRILL,10,2027,,,1,,48,,Yes
22,2/11/25,1,S2,SCI504 / 21,PHYSICAL SCIENCE B,JAMES BENNETT,12,2025,C-,2.00 pts,1,,49,,Yes
22,2/11/25,6,S2,MAT702 / 26,ALGEBRA II B,JASON BLAESING,12,2025,F,1.33 pts,1,,49,,Yes
23,2/18/25,1,S2,ENG702 / 21,JUNIOR ENG/B,JOHN CARVER,11,2026,D+,1.98 pts,1.76,,1,,#N/A
23,2/18/25,2,S2,FAR541 / 22,PERCUSSION/B,DAVID DUARTE,11,2026,,,0.86,,1,,#N/A
23,2/18/25,3,S2,PED101 / 23,PHYSICAL EDUCATION,SCOTT DIZMANG,11,2026,A,4.00 pts,0.62,,1,,#N/A
23,2/18/25,4,S2,CTE115 / 24,ENGINEERING B,JASON BLAESING,11,2026,A,4.00 pts,1.76,,1,,#N/A
23,2/18/25,5,S2,MAT702 / 45,ALGEBRA II B,JENNIFER REILLY,11,2026,,,1.62,,1,,Yes
23,2/18/25,6,S2,SOC702 / 26,US HISTORY/B,SCOTT BOOTHBY,11,2026,C-,2.14 pts,0.71,,1,,Yes
23,2/18/25,1,S2,CTA102 / 21,CTA S2,,11,2026,,,0,,3,,#N/A
23,2/18/25,2,S2,CTA102 / 21,CTA S2,,11,2026,,,0,,3,,#N/A
23,2/18/25,3,S2,CTA102 / 21,CTA S2,,11,2026,,,0,,3,,#N/A
30,4/15/25,4,S2,MAT702 / 24,ALGEBRA II B,JENNIFER REILLY,11,2026,A,3.98 pts,0.29,,315,,Yes
23,2/18/25,5,S2,ASL504 / 25,AMERICAN SIGN LANGUAGE II/B,TAMI GRANT,11,2026,,,1,,3,,#N/A
23,2/18/25,6,S2,ENG702 / 26,JUNIOR ENG/B,JOHN CARVER,11,2026,B,3.05 pts,1,,3,,#N/A
23,2/18/25,1,S2,FAR506 / 21,CONCERT CHOIR /B,DAVID DUARTE,10,2027,F,1.00 pts,1.43,,4,,#N/A
23,2/18/25,2,S2,SPA502 / 22,SPANISH I B,ARELI LOPEZ LOPEZ,10,2027,,,1,,4,,#N/A
23,2/18/25,3,S2,SOC109 / 23,WORLD HISTORY/B,RYAN ISAACSON,10,2027,,,1,,4,,#N/A
23,2/18/25,4,S2,SCI602 / 24,BIOLOGY B,GRANT MERRILL,10,2027,,,1,,4,,Yes
23,2/18/25,5,S2,ENG602 / 25,SOPH ENG/B,MARCEE SALAS,10,2027,F,0.00 pts,1,,4,,Yes
23,2/18/25,6,S2,MAT523 / 46,GEOMETRY B,ROCHELLE AITON,10,2027,,,1,,4,,#N/A
23,2/18/25,1,S2,VOC706 / 21,DIGITAL PHOTOGRAPHY II,ROSANNA RUFF,11,2026,B+,3.33 pts,0.43,,5,,#N/A
23,2/18/25,2,S2,SCI504 / 42,PHYSICAL SCIENCE B,WILLIAM BAUR,11,2026,F,0.00 pts,0.71,,5,,#N/A
23,2/18/25,3,S2,BUS302 / 23,PERSONAL FINANCE B,NICOLE SIMEK,11,2026,F,0.95 pts,0.71,,5,,Yes
23,2/18/25,4,S2,SOC702 / 24,US HISTORY/B,DAVE HAJEK,11,2026,B,2.92 pts,0.71,,5,,#N/A
23,2/18/25,5,S2,ENG702 / 25,JUNIOR ENG/B,JOHN CARVER,11,2026,C+,2.53 pts,0.57,,5,,#N/A
23,2/18/25,6,S2,HFL113 / 26,INTRO CULINARY ART,ALEXANDRA YOST,11,2026,B-,2.80 pts,0.14,,5,,#N/A
23,2/18/25,1,S2,VOC620 / 21,METAL CRAFTS & PRODUCTION I,DONALD O'BRIEN,10,2027,,0.33 pts,0,,6,,#N/A
23,2/18/25,1,S2,PED500 / 21,WEIGHT TRAINING,SCOTT BOOTHBY,10,2027,,,0.14,,6,,#N/A
23,2/18/25,2,S2,PED500 / 22,WEIGHT TRAINING,SCOTT BOOTHBY,10,2027,,4.00 pts,0,,6,,#N/A
23,2/18/25,2,S2,ELE404 / 22,LANGUAGE SUPPORT/B,HAYLEY ALVARADO,10,2027,A,4.00 pts,0,,6,,#N/A
23,2/18/25,3,S2,SOC109 / 23,WORLD HISTORY/B,RYAN ISAACSON,10,2027,,,0,,6,,#N/A
23,2/18/25,4,S2,MAT523 / 24,GEOMETRY B,ROCHELLE AITON,10,2027,,,0,John L,6,Active,Yes
23,2/18/25,5,S2,ENG602 / 25,SOPH ENG/B,MARCEE SALAS,10,2027,D+,1.84 pts,0,Pat,6,Active,Yes
23,2/18/25,6,S2,SCI602 / 46,BIOLOGY B,WILLIAM BAUR,10,2027,F,1.00 pts,0,Mimi,6,Active,Yes
23,2/18/25,1,S2,ENG802 / 21,SENIOR ENG/B,HEATHER CARVER,12,2025,,,1,,7,,#N/A
23,2/18/25,2,S2,BUS302 / 22,PERSONAL FINANCE B,NICOLE SIMEK,12,2025,C-,2.03 pts,1,,7,,Yes
23,2/18/25,3,S2,ONT401 / 23,ON-TRACK/B,BRIAN ANDERSON,12,2025,S,4.00 pts,1,,7,,#N/A
23,2/18/25,4,S2,ENG716 / 24,DRAMATIC LITERATURE,KELLY GREGERSEN,12,2025,F,0.20 pts,1,,7,,#N/A
23,2/18/25,5,S2,CTE101 / 25,MEDICAL CAREER & TERMS/B,DONNA SCHATZ,12,2025,,,1,,7,,#N/A
23,2/18/25,6,S2,SOC801 / 26,CONTEMPORARY WORLD ISSUES,JIM REED,12,2025,A,4.00 pts,1,,7,,#N/A
23,2/18/25,1,S2,FAR721 / 21,PANTHER PLAYERS/B,KELLY GREGERSEN,11,2026,A,4.00 pts,3,,46,,#N/A
23,2/18/25,2,S2,SCI610 / 22,CHEMISTRY/B,GRANT MERRILL,11,2026,,,3,,46,,Yes
23,2/18/25,3,S2,MAT702 / 23,ALGEBRA II B,JENNIFER REILLY,11,2026,,,3,,46,,Yes
23,2/18/25,4,S2,ENG716 / 24,DRAMATIC LITERATURE,KELLY GREGERSEN,11,2026,A,3.80 pts,3,,46,,#N/A
23,2/18/25,5,S2,SOC702 / 25,US HISTORY/B,DAVE HAJEK,11,2026,F,0.07 pts,3,,46,,#N/A
23,2/18/25,6,S2,SPA502 / 26,SPANISH I B,ARELI LOPEZ LOPEZ,11,2026,,,3,,46,,#N/A
23,2/18/25,1,S2,FAR721 / 21,PANTHER PLAYERS/B,KELLY GREGERSEN,12,2025,A,4.00 pts,1,,8,,#N/A
23,2/18/25,2,S2,BUS302 / 22,PERSONAL FINANCE B,NICOLE SIMEK,12,2025,F,0.00 pts,2.57,,8,,Yes
23,2/18/25,3,S2,HFL113 / 23,INTRO CULINARY ART,ALEXANDRA YOST,12,2025,C-,2.00 pts,2.57,,8,,#N/A
23,2/18/25,4,S2,ENG718 / 24,AP LITERATURE/COMPOSITION B,HEATHER CARVER,12,2025,A,4.00 pts,2.57,,8,,#N/A
23,2/18/25,5,S2,SOC801 / 25,CONTEMPORARY WORLD ISSUES,SCOTT BOOTHBY,12,2025,F,0.75 pts,2.57,,8,,#N/A
23,2/18/25,6,S2,SCI504 / 26,PHYSICAL SCIENCE B,JAMES BENNETT,12,2025,C+,2.67 pts,2.57,,8,,#N/A
23,2/18/25,1,S2,PED513 / 21,TEAM GAMES,SCOTT DIZMANG,10,2027,A,4.00 pts,0,,9,,#N/A
23,2/18/25,2,S2,SOC109 / 22,WORLD HISTORY/B,DAVID HOLLINGSWORTH,10,2027,B+,3.33 pts,0,,9,,#N/A
23,2/18/25,3,S2,HFL116 / 23,BAKING PASTRY ARTS I,KAYLA PAYNE,10,2027,A,4.00 pts,0,,9,,#N/A
23,2/18/25,4,S2,SCI602 / 24,BIOLOGY B,GRANT MERRILL,10,2027,,,0,Tom C,9,Active,Yes
23,2/18/25,5,S2,MAT523 / 25,GEOMETRY B,BRIAN ANDERSON,10,2027,A,4.00 pts,0,Linda,9,Active,Yes
23,2/18/25,6,S2,ENG602 / 26,SOPH ENG/B,MARCEE SALAS,10,2027,F,1.39 pts,0,,9,,#N/A
23,2/18/25,1,S2,MAT523 / 21,GEOMETRY B,ROCHELLE AITON,10,2027,,,0,John L,10,Active,Yes
23,2/18/25,2,S2,ENG602 / 22,SOPH ENG/B,KELLY GREGERSEN,10,2027,B,3.00 pts,0,,10,,Yes
23,2/18/25,3,S2,SOC109 / 23,WORLD HISTORY/B,RYAN ISAACSON,10,2027,,,0,,10,,#N/A
23,2/18/25,4,S2,HFL119 / 24,ADV CULINARY ARTS B,ALEXANDRA YOST,10,2027,,,0,,10,,#N/A
23,2/18/25,5,S2,PED500 / 25,WEIGHT TRAINING,SCOTT DIZMANG,10,2027,A,4.00 pts,0,,10,,#N/A
23,2/18/25,6,S2,SCI602 / 26,BIOLOGY B,GRANT MERRILL,10,2027,,,0,Larry,10,Active,Yes
23,2/18/25,1,S2,SPA602 / 21,SPANISH II B,ARELI LOPEZ LOPEZ,11,2026,,,0,,11,,#N/A
23,2/18/25,2,S2,HFL115 / 22,ADVANCED PASTRY ARTS I,KAYLA PAYNE,11,2026,A,4.00 pts,0,,11,,#N/A
23,2/18/25,3,S2,MAT702 / 23,ALGEBRA II B,JENNIFER REILLY,11,2026,,,0,,11,,Yes
23,2/18/25,4,S2,CTE115 / 24,ENGINEERING B,JASON BLAESING,11,2026,F,0.00 pts,0,,11,,#N/A
23,2/18/25,5,S2,SOC704 / 25,AP US HISTORY B,RYAN ISAACSON,11,2026,A,4.00 pts,0,,11,,#N/A
23,2/18/25,6,S2,ENG702 / 26,JUNIOR ENG/B,JOHN CARVER,11,2026,A-,3.53 pts,0,,11,,#N/A
23,2/18/25,1,S2,CTE115 / 21,ENGINEERING B,JASON BLAESING,11,2026,F,0.00 pts,2,,12,,#N/A
23,2/18/25,2,S2,VOC705 / 22,DIGITAL PHOTOGRAPHY I,ROSANNA RUFF,11,2026,A,3.90 pts,2,,12,,#N/A
23,2/18/25,3,S2,PED500 / 23,WEIGHT TRAINING,SCOTT BOOTHBY,11,2026,B,3.00 pts,2,,12,,#N/A
23,2/18/25,4,S2,SOC702 / 24,US HISTORY/B,DAVE HAJEK,11,2026,F,0.07 pts,2,,12,,#N/A
23,2/18/25,5,S2,BUS302 / 25,PERSONAL FINANCE B,NICOLE SIMEK,11,2026,D+,1.90 pts,2,,12,,Yes
23,2/18/25,6,S2,ENG702 / 26,JUNIOR ENG/B,JOHN CARVER,11,2026,B,3.03 pts,2,,12,,#N/A
23,2/18/25,1,S2,MAT523 / 21,GEOMETRY B,ROCHELLE AITON,10,2027,,,0,John L,13,Active,Yes
23,2/18/25,2,S2,ENG602 / 22,SOPH ENG/B,KELLY GREGERSEN,10,2027,B-,2.85 pts,0,,13,,Yes
23,2/18/25,3,S2,SCI602 / 43,BIOLOGY B,DONNA SCHATZ,10,2027,,,0,,13,,#N/A
23,2/18/25,4,S2,SCI504 / 44,PHYSICAL SCIENCE B,WILLIAM BAUR,10,2027,,,0,,13,,#N/A
23,2/18/25,5,S2,HFL116 / 25,BAKING PASTRY ARTS I,KAYLA PAYNE,10,2027,B,3.00 pts,0,,13,,#N/A
23,2/18/25,6,S2,SOC109 / 46,WORLD HISTORY/B,DAVE HAJEK,10,2027,F,0.05 pts,0,,13,,#N/A
23,2/18/25,1,S2,ENG702 / 21,JUNIOR ENG/B,JOHN CARVER,11,2026,A-,3.53 pts,0.86,,14,,#N/A
23,2/18/25,2,S2,VOC107 / 22,METALS MANUF & TECHNOLOGY II,DONALD O'BRIEN,11,2026,C-,2.00 pts,0.86,,14,,#N/A
23,2/18/25,3,S2,MAT702 / 23,ALGEBRA II B,JENNIFER REILLY,11,2026,,,0.43,,14,Active,Yes
23,2/18/25,4,S2,SCI504 / 24,PHYSICAL SCIENCE B,JAMES BENNETT,11,2026,F,1.33 pts,1,,14,,#N/A
23,2/18/25,5,S2,SOC702 / 25,US HISTORY/B,DAVE HAJEK,11,2026,F,0.19 pts,0.86,,14,,#N/A
23,2/18/25,6,S2,AID102 / AL6,TEACHER AIDE,ARELI LOPEZ LOPEZ,11,2026,,,0.57,,14,,#N/A
23,2/18/25,1,S2,SPA602 / 21,SPANISH II B,ARELI LOPEZ LOPEZ,10,2027,,,0,,15,,#N/A
23,2/18/25,2,S2,ENG602 / 22,SOPH ENG/B,KELLY GREGERSEN,10,2027,D+,1.90 pts,0,,15,,Yes
23,2/18/25,3,S2,SCI602 / 23,BIOLOGY B,GRANT MERRILL,10,2027,,,0,Linda,15,Active,Yes
23,2/18/25,4,S2,MAT523 / 24,GEOMETRY B,ROCHELLE AITON,10,2027,,,0,,15,,Yes
23,2/18/25,5,S2,VOC502 / 25,FINE ARTS WOODWORKING I,BRENT MANSELL,10,2027,A,4.00 pts,0,,15,,#N/A
23,2/18/25,6,S2,SOC109 / 26,WORLD HISTORY/B,RYAN ISAACSON,10,2027,,,0,,15,,#N/A
23,2/18/25,1,S2,SOC109 / 21,WORLD HISTORY/B,DAVID HOLLINGSWORTH,10,2027,A,3.75 pts,0,,16,,#N/A
23,2/18/25,2,S2,FAR108 / 22,CERAMICS I,ROBERT YEE,10,2027,B,3.00 pts,0,,16,,#N/A
23,2/18/25,3,S2,MAT523 / 23,GEOMETRY B,ROCHELLE AITON,10,2027,,,0,,16,,Yes
23,2/18/25,4,S2,SCI504 / 44,PHYSICAL SCIENCE B,WILLIAM BAUR,10,2027,C-,2.00 pts,0,,16,,#N/A
23,2/18/25,5,S2,HFL116 / 25,BAKING PASTRY ARTS I,KAYLA PAYNE,10,2027,A,4.00 pts,0,,16,,#N/A
23,2/18/25,6,S2,ENG602 / 26,SOPH ENG/B,MARCEE SALAS,10,2027,F,1.63 pts,0,,16,,#N/A
23,2/18/25,1,S2,MAT523 / 21,GEOMETRY B,ROCHELLE AITON,10,2027,,,1,,17,,Yes
23,2/18/25,1,S2,PED513 / 21,TEAM GAMES,SCOTT DIZMANG,10,2027,A,4.00 pts,0.86,,17,,#N/A
23,2/18/25,2,S2,ENG602 / 22,SOPH ENG/B,KELLY GREGERSEN,10,2027,A,3.80 pts,2.02,,17,,Yes
23,2/18/25,3,S2,SCI602 / 43,BIOLOGY B,DONNA SCHATZ,10,2027,,,1.86,,17,,#N/A
23,2/18/25,4,S2,SOC109 / 24,WORLD HISTORY/B,DAVID HOLLINGSWORTH,10,2027,C-,2.00 pts,1.86,,17,,#N/A
23,2/18/25,5,S2,HFL116 / 25,BAKING PASTRY ARTS I,KAYLA PAYNE,10,2027,A,4.00 pts,1.86,,17,,#N/A
23,2/18/25,6,S2,MAT523 / 46,GEOMETRY B,ROCHELLE AITON,10,2027,,,0.86,,17,,#N/A
23,2/18/25,1,S2,PED500 / 21,WEIGHT TRAINING,SCOTT BOOTHBY,12,2025,,2.00 pts,0.14,,18,,#N/A
23,2/18/25,1,S2,AACAL2 / 21,ACADEMIC ACHIEVEMENT B,AARON LABREE,12,2025,,,0.57,,18,,#N/A
23,2/18/25,2,S2,BUS302 / 22,PERSONAL FINANCE B,NICOLE SIMEK,12,2025,F,0.95 pts,0.71,,18,,Yes
23,2/18/25,3,S2,SOC801 / 23,CONTEMPORARY WORLD ISSUES,JIM REED,12,2025,A,4.00 pts,0.29,,18,,#N/A
23,2/18/25,4,S2,PED513 / 24,TEAM GAMES,SCOTT DIZMANG,12,2025,A,4.00 pts,0.57,,18,,#N/A
23,2/18/25,5,S2,ONT401 / 25,ON-TRACK/B,ROBERT YEE,12,2025,,,0.14,,18,,#N/A
23,2/18/25,6,S2,ENG802 / 26,SENIOR ENG/B,HEATHER CARVER,12,2025,,,0,,18,,#N/A
23,2/18/25,1,S2,HFL114 / 21,FAMILY HEALTH,THOMAS KESSINGER,9,2028,A,4.00 pts,1,,2,,#N/A
23,2/18/25,2,S2,ASL502 / 22,AMERICAN  SIGN LANGUAGE I/B,KYLA RITCHEY,9,2028,A-,3.50 pts,1,,2,,#N/A
23,2/18/25,3,S2,MAT521 / 43,ALGEBRA I B,JANET GROVE,9,2028,A,4.00 pts,1,,2,,#N/A
23,2/18/25,4,S2,SCI504 / 24,PHYSICAL SCIENCE B,JAMES BENNETT,9,2028,A,4.00 pts,1.14,,2,,#N/A
23,2/18/25,5,S2,VOC705 / 25,DIGITAL PHOTOGRAPHY I,ROSANNA RUFF,9,2028,A,3.90 pts,1,,2,,#N/A
23,2/18/25,6,S2,ENG502 / 26,FR ENGLISH/B,DAVID HOLLINGSWORTH,9,2028,,,1,,2,,Yes
23,2/18/25,1,S2,CTE115 / 21,ENGINEERING B,JASON BLAESING,11,2026,F,0.00 pts,0,,19,,#N/A
23,2/18/25,2,S2,FAR108 / 22,CERAMICS I,ROBERT YEE,11,2026,B,3.00 pts,0,,19,,#N/A
23,2/18/25,3,S2,PED101 / 23,PHYSICAL EDUCATION,SCOTT DIZMANG,11,2026,A,4.00 pts,0,,19,,#N/A
23,2/18/25,4,S2,ENG702 / 24,JUNIOR ENG/B,JOHN CARVER,11,2026,A,4.00 pts,0,,19,,#N/A
23,2/18/25,5,S2,SOC704 / 25,AP US HISTORY B,RYAN ISAACSON,11,2026,F,0.20 pts,0,,19,,#N/A
23,2/18/25,6,S2,MAT702 / 26,ALGEBRA II B,JASON BLAESING,11,2026,F,1.60 pts,0,Larry,19,Active,Yes
23,2/18/25,1,S2,ENG602 / 21,SOPH ENG/B,MARCEE SALAS,10,2027,B,3.05 pts,0.14,,20,,#N/A
23,2/18/25,2,S2,MAT523 / 42,GEOMETRY B,BRIAN ANDERSON,10,2027,A,4.00 pts,0,,20,,#N/A
23,2/18/25,3,S2,FAR109 / 23,CERAMICS II,ROBERT YEE,10,2027,,,0,,20,,#N/A
23,2/18/25,4,S2,SCI602 / 24,BIOLOGY B,GRANT MERRILL,10,2027,,,0,Linda,20,Active,Yes
23,2/18/25,5,S2,CTE101 / 25,MEDICAL CAREER & TERMS/B,DONNA SCHATZ,10,2027,,,0,,20,,#N/A
23,2/18/25,6,S2,SOC109 / 46,WORLD HISTORY/B,DAVE HAJEK,10,2027,B-,2.89 pts,0.14,,20,,#N/A
23,2/18/25,1,S2,SOC702 / 21,US HISTORY/B,DAVE HAJEK,11,2026,F,0.10 pts,4.86,,21,,#N/A
23,2/18/25,2,S2,MAT523 / 22,GEOMETRY B,ROCHELLE AITON,11,2026,,,4.86,,21,,Yes
23,2/18/25,3,S2,BUS302 / 23,PERSONAL FINANCE B,NICOLE SIMEK,11,2026,A,3.87 pts,4.86,,21,,Yes
23,2/18/25,4,S2,HFL119 / 24,ADV CULINARY ARTS B,ALEXANDRA YOST,11,2026,,,5.14,,21,,#N/A
23,2/18/25,5,S2,ENG702 / 25,JUNIOR ENG/B,JOHN CARVER,11,2026,F,0.53 pts,5.14,,21,,#N/A
23,2/18/25,6,S2,FAR113 / 26,INTRO TO ART AND DESIGN,ROBERT YEE,11,2026,B,3.00 pts,5.14,,21,,#N/A
23,2/18/25,1,S2,PED513 / 21,TEAM GAMES,SCOTT DIZMANG,11,2026,A,4.00 pts,0,,22,,#N/A
23,2/18/25,2,S2,HFL115 / 22,ADVANCED PASTRY ARTS I,KAYLA PAYNE,11,2026,A,4.00 pts,0,,22,,#N/A
23,2/18/25,3,S2,MAT702 / 23,ALGEBRA II B,JENNIFER REILLY,11,2026,,,0,,22,,Yes
23,2/18/25,4,S2,SCI504 / 44,PHYSICAL SCIENCE B,WILLIAM BAUR,11,2026,A,4.00 pts,0,,22,,#N/A
23,2/18/25,5,S2,SOC702 / 25,US HISTORY/B,DAVE HAJEK,11,2026,A,3.95 pts,0,,22,,#N/A
23,2/18/25,6,S2,ENG702 / 26,JUNIOR ENG/B,JOHN CARVER,11,2026,A,4.00 pts,0,,22,,#N/A
23,2/18/25,1,S2,MAT705 / 21,PRE-CALC B MAT 154,BRIAN ANDERSON,12,2025,C+,2.67 pts,0.25,,24,,#N/A
23,2/18/25,2,S2,RUN102 / 22,RUNNING START/B,,12,2025,,,0,,24,,#N/A
23,2/18/25,3,S2,RUN102 / 23,RUNNING START/B,,12,2025,,,0,,24,,#N/A
23,2/18/25,4,S2,RUN102 / 24,RUNNING START/B,,12,2025,,,0,,24,,#N/A
23,2/18/25,5,S2,ENG802 / 25,SENIOR ENG/B,HEATHER CARVER,12,2025,A,4.00 pts,0,,24,,#N/A
23,2/18/25,6,S2,SOC801 / 26,CONTEMPORARY WORLD ISSUES,JIM REED,12,2025,A,4.00 pts,0,,24,,#N/A
23,2/18/25,1,S2,PED500 / 21,WEIGHT TRAINING,SCOTT BOOTHBY,9,2028,A,4.00 pts,0,,25,,#N/A
23,2/18/25,2,S2,SCI504 / 42,PHYSICAL SCIENCE B,WILLIAM BAUR,9,2028,A,4.00 pts,0,,25,,#N/A
23,2/18/25,3,S2,FAR108 / 23,CERAMICS I,ROBERT YEE,9,2028,,,0,,25,,#N/A
23,2/18/25,4,S2,CTE230 / 24,SOCIAL MEDIA MARKETING I,NICOLE SIMEK,9,2028,,,0,,25,,#N/A
23,2/18/25,5,S2,MAT521 / 25,ALGEBRA I B,KEVIN REILLY,9,2028,B+,3.20 pts,0,,25,,#N/A
23,2/18/25,6,S2,ENG502 / 26,FR ENGLISH/B,DAVID HOLLINGSWORTH,9,2028,,,0,Alex W,25,Active,Yes
23,2/18/25,1,S2,ENG702 / 21,JUNIOR ENG/B,JOHN CARVER,11,2026,F,1.00 pts,3.57,,26,,#N/A
23,2/18/25,2,S2,SCI504 / 22,PHYSICAL SCIENCE B,JAMES BENNETT,11,2026,C+,2.67 pts,2.86,,26,,#N/A
23,2/18/25,3,S2,BUS302 / 23,PERSONAL FINANCE B,NICOLE SIMEK,11,2026,F,0.00 pts,2.57,,26,,Yes
23,2/18/25,4,S2,SOC702 / 24,US HISTORY/B,DAVE HAJEK,11,2026,B,2.90 pts,2.57,,26,,#N/A
23,2/18/25,5,S2,ONT401 / 25,ON-TRACK/B,ROBERT YEE,11,2026,,,2.86,,26,,#N/A
23,2/18/25,6,S2,FAR113 / 26,INTRO TO ART AND DESIGN,ROBERT YEE,11,2026,F,0.00 pts,1.86,,26,,#N/A
23,2/18/25,1,S2,MAT702 / 21,ALGEBRA II B,JENNIFER REILLY,11,2026,,,0.57,,29,,#N/A
23,2/18/25,2,S2,SCI504 / 42,PHYSICAL SCIENCE B,WILLIAM BAUR,11,2026,A,4.00 pts,0.43,,29,,#N/A
23,2/18/25,3,S2,ENG720 / 23,AP LANGUAGE/ COMPOSITON B,HEATHER CARVER,11,2026,F,1.50 pts,0,,29,,#N/A
23,2/18/25,4,S2,ASL506 / 24,AMER SIGN III/B,TAMI GRANT,11,2026,,,0,,29,,#N/A
23,2/18/25,5,S2,CTE502 / 25,PROJECT IN  LEADERSHIP/B,KYLA RITCHEY,11,2026,A,4.00 pts,0,,29,,#N/A
23,2/18/25,6,S2,SOC702 / 26,US HISTORY/B,SCOTT BOOTHBY,11,2026,B,2.95 pts,0.29,Melanie,29,Active,Yes
23,2/18/25,1,S2,ENG802 / 21,SENIOR ENG/B,HEATHER CARVER,12,2025,A,4.00 pts,0,,27,,#N/A
23,2/18/25,2,S2,BUS302 / 22,PERSONAL FINANCE B,NICOLE SIMEK,12,2025,F,0.51 pts,0,,27,,Yes
23,2/18/25,3,S2,ONT401 / 23,ON-TRACK/B,BRIAN ANDERSON,12,2025,U,0.20 pts,0,,27,,#N/A
23,2/18/25,4,S2,SOC801 / 24,CONTEMPORARY WORLD ISSUES,JIM REED,12,2025,A,4.00 pts,0,,27,,#N/A
23,2/18/25,5,S2,CTE101 / 25,MEDICAL CAREER & TERMS/B,DONNA SCHATZ,12,2025,,,0,,27,,#N/A
23,2/18/25,6,S2,ENG715 / 26,FILM AS LITERATURE,KELLY GREGERSEN,12,2025,B,3.10 pts,0,,27,,#N/A
23,2/18/25,1,S2,ENG602 / 21,SOPH ENG/B,MARCEE SALAS,10,2027,F,1.39 pts,0,,28,,#N/A
23,2/18/25,2,S2,SCI602 / 42,BIOLOGY B,DONNA SCHATZ,10,2027,,,0,,28,,#N/A
23,2/18/25,3,S2,ASL502 / 23,AMERICAN  SIGN LANGUAGE I/B,KYLA RITCHEY,10,2027,A,4.00 pts,0,,28,,#N/A
23,2/18/25,4,S2,MAT523 / 24,GEOMETRY B,ROCHELLE AITON,10,2027,,,0,,28,,Yes
23,2/18/25,5,S2,HFL116 / 25,BAKING PASTRY ARTS I,KAYLA PAYNE,10,2027,B,3.00 pts,0,,28,,#N/A
23,2/18/25,6,S2,SOC109 / 26,WORLD HISTORY/B,RYAN ISAACSON,10,2027,,,0,,28,,#N/A
23,2/18/25,1,S2,ENG802 / 21,SENIOR ENG/B,HEATHER CARVER,12,2025,,,1.71,,30,,#N/A
23,2/18/25,2,S2,ASL504 / 22,AMERICAN SIGN LANGUAGE II/B,TAMI GRANT,12,2025,,,1.43,,30,,#N/A
23,2/18/25,3,S2,HFL113 / 23,INTRO CULINARY ART,ALEXANDRA YOST,12,2025,B,3.10 pts,1.43,,30,,#N/A
23,2/18/25,4,S2,SOC801 / 24,CONTEMPORARY WORLD ISSUES,JIM REED,12,2025,A,4.00 pts,1.14,,30,,#N/A
23,2/18/25,5,S2,BUS302 / 25,PERSONAL FINANCE B,NICOLE SIMEK,12,2025,F,0.04 pts,1,,30,,Yes
23,2/18/25,6,S2,VOC621 / 26,METAL CRAFTS & PRODUCTION II,DONALD O'BRIEN,12,2025,A,3.67 pts,1.29,,30,,#N/A
23,2/18/25,1,S2,PED513 / 21,TEAM GAMES,SCOTT DIZMANG,11,2026,,,4.2,,31,,#N/A
23,2/18/25,2,S2,VOC705 / 22,DIGITAL PHOTOGRAPHY I,ROSANNA RUFF,11,2026,F,0.00 pts,4.2,,31,,#N/A
23,2/18/25,3,S2,ELE404 / 23,LANGUAGE SUPPORT/B,HAYLEY ALVARADO,11,2026,A,4.00 pts,4,,31,,#N/A
23,2/18/25,4,S2,FAR109 / 24,CERAMICS II,ROBERT YEE,11,2026,B,3.00 pts,4,,31,,#N/A
23,2/18/25,5,S2,NCR105 / 25,EARLY DISMISSAL,MARK CASTLE,11,2026,,,0,,31,,#N/A
23,2/18/25,6,S2,NCR105 / 26,EARLY DISMISSAL,MARK CASTLE,11,2026,,,0,,31,,#N/A
23,2/18/25,1,S2,SOC109 / 21,WORLD HISTORY/B,DAVID HOLLINGSWORTH,10,2027,B,3.00 pts,1,,32,,#N/A
23,2/18/25,2,S2,HFL114 / 22,FAMILY HEALTH,THOMAS KESSINGER,10,2027,A,4.00 pts,1,,32,,#N/A
23,2/18/25,3,S2,SCI602 / 43,BIOLOGY B,DONNA SCHATZ,10,2027,,,1,,32,,#N/A
23,2/18/25,4,S2,MAT523 / 24,GEOMETRY B,ROCHELLE AITON,10,2027,,,1,,32,,Yes
23,2/18/25,5,S2,ASL504 / 25,AMERICAN SIGN LANGUAGE II/B,TAMI GRANT,10,2027,,,1,,32,,#N/A
23,2/18/25,6,S2,ENG602 / 26,SOPH ENG/B,MARCEE SALAS,10,2027,C-,2.08 pts,1,,32,,#N/A
23,2/18/25,1,S2,PED513 / 21,TEAM GAMES,SCOTT DIZMANG,10,2027,A,4.00 pts,1,,33,,#N/A
23,2/18/25,2,S2,MAT523 / 22,GEOMETRY B,ROCHELLE AITON,10,2027,,,1,John L,33,Active,Yes
23,2/18/25,3,S2,ASL502 / 23,AMERICAN  SIGN LANGUAGE I/B,KYLA RITCHEY,10,2027,B,3.00 pts,1,,33,,#N/A
23,2/18/25,4,S2,SOC109 / 24,WORLD HISTORY/B,DAVID HOLLINGSWORTH,10,2027,F,0.00 pts,1,,33,,#N/A
23,2/18/25,5,S2,ENG602 / 25,SOPH ENG/B,MARCEE SALAS,10,2027,F,0.03 pts,1,,33,,Yes
23,2/18/25,6,S2,SCI602 / 46,BIOLOGY B,WILLIAM BAUR,10,2027,F,0.00 pts,1,,33,,Yes
23,2/18/25,1,S2,VOC504 / 21,ADV FINE ARTS WOODWORKING I,BRENT MANSELL,10,2027,F,0.00 pts,0.57,,34,,#N/A
23,2/18/25,2,S2,ENG602 / 22,SOPH ENG/B,KELLY GREGERSEN,10,2027,F,0.95 pts,0,Cindy,34,Active,Yes
23,2/18/25,3,S2,MAT523 / 23,GEOMETRY B,ROCHELLE AITON,10,2027,,,0.71,,34,,Yes
23,2/18/25,4,S2,PED513 / 24,TEAM GAMES,SCOTT DIZMANG,10,2027,A,4.00 pts,0.71,,34,,#N/A
23,2/18/25,5,S2,SCI602 / 25,BIOLOGY B,GRANT MERRILL,10,2027,,,0,,34,,#N/A
23,2/18/25,6,S2,SOC109 / 26,WORLD HISTORY/B,RYAN ISAACSON,10,2027,,,0,,34,,#N/A
23,2/18/25,1,S2,ENG802 / 21,SENIOR ENG/B,HEATHER CARVER,12,2025,A,4.00 pts,0,,35,,#N/A
23,2/18/25,2,S2,SCI504 / 22,PHYSICAL SCIENCE B,JAMES BENNETT,12,2025,A,4.00 pts,0,,35,,#N/A
23,2/18/25,3,S2,SOC801 / 23,CONTEMPORARY WORLD ISSUES,JIM REED,12,2025,F,0.00 pts,0,,35,,#N/A
23,2/18/25,4,S2,MAT521 / 24,ALGEBRA I B,KEVIN REILLY,12,2025,F,1.60 pts,0,,35,,#N/A
23,2/18/25,5,S2,ONT401 / 25,ON-TRACK/B,ROBERT YEE,12,2025,,,0,,35,,#N/A
23,2/18/25,6,S2,SCI602 / 46,BIOLOGY B,WILLIAM BAUR,12,2025,F,0.00 pts,0,,35,,Yes
23,2/18/25,1,S2,CTE115 / 21,ENGINEERING B,JASON BLAESING,11,2026,A,4.00 pts,0,,36,,#N/A
23,2/18/25,2,S2,MAT702 / 22,ALGEBRA II B,JASON BLAESING,11,2026,C,2.40 pts,0,Larry,36,Active,Yes
23,2/18/25,3,S2,FAR604 / 23,SCENE DESIGN,KELLY GREGERSEN,11,2026,B,3.10 pts,0,,36,,#N/A
23,2/18/25,4,S2,ENG702 / 24,JUNIOR ENG/B,JOHN CARVER,11,2026,B,3.05 pts,0,,36,,#N/A
23,2/18/25,5,S2,SOC702 / 25,US HISTORY/B,DAVE HAJEK,11,2026,A,3.99 pts,0,,36,,#N/A
23,2/18/25,6,S2,FAR543 / 26,WIND ENSEMB/B,DAVID DUARTE,11,2026,A,3.80 pts,0,,36,,#N/A
23,2/18/25,1,S2,PED500 / 21,WEIGHT TRAINING,SCOTT BOOTHBY,11,2026,A,4.00 pts,4,,37,,#N/A
23,2/18/25,2,S2,SCI504 / 22,PHYSICAL SCIENCE B,JAMES BENNETT,11,2026,F,1.33 pts,4,,37,,#N/A
23,2/18/25,3,S2,ONT401 / 23,ON-TRACK/B,BRIAN ANDERSON,11,2026,S,,4,,37,,#N/A
23,2/18/25,4,S2,ENG716 / 24,DRAMATIC LITERATURE,KELLY GREGERSEN,11,2026,F,0.00 pts,4,,37,,#N/A
23,2/18/25,5,S2,BUS302 / 25,PERSONAL FINANCE B,NICOLE SIMEK,11,2026,D+,1.90 pts,4,,37,,Yes
23,2/18/25,6,S2,SOC702 / 26,US HISTORY/B,SCOTT BOOTHBY,11,2026,C+,2.59 pts,4,,37,,Yes
23,2/18/25,1,S2,MAT523 / 21,GEOMETRY B,ROCHELLE AITON,10,2027,,,2,,38,,Yes
23,2/18/25,2,S2,VOC107 / 22,METALS MANUF & TECHNOLOGY II,DONALD O'BRIEN,10,2027,C-,2.00 pts,2,,38,,#N/A
23,2/18/25,3,S2,SCI602 / 43,BIOLOGY B,DONNA SCHATZ,10,2027,,,2,,38,,#N/A
23,2/18/25,4,S2,SOC109 / 24,WORLD HISTORY/B,DAVID HOLLINGSWORTH,10,2027,D,1.67 pts,2,,38,,#N/A
23,2/18/25,5,S2,ENG602 / 25,SOPH ENG/B,MARCEE SALAS,10,2027,D+,1.84 pts,2,,38,,Yes
23,2/18/25,6,S2,PED500 / 26,WEIGHT TRAINING,SCOTT DIZMANG,10,2027,A,4.00 pts,2,,38,,#N/A
23,2/18/25,1,S2,VOC620 / 21,METAL CRAFTS & PRODUCTION I,DONALD O'BRIEN,10,2027,C+,2.67 pts,0,,39,,#N/A
23,2/18/25,2,S2,SOC109 / 22,WORLD HISTORY/B,DAVID HOLLINGSWORTH,10,2027,C-,2.00 pts,0,,39,,#N/A
23,2/18/25,3,S2,MAT523 / 23,GEOMETRY B,ROCHELLE AITON,10,2027,,,0,,39,,Yes
23,2/18/25,4,S2,VOC503 / 24,FINE ARTS WOODS II,BRENT MANSELL,10,2027,A,4.00 pts,0,,39,,#N/A
23,2/18/25,5,S2,ENG602 / 25,SOPH ENG/B,MARCEE SALAS,10,2027,F,1.21 pts,0,,39,,Yes
23,2/18/25,6,S2,SCI602 / 46,BIOLOGY B,WILLIAM BAUR,10,2027,F,0.00 pts,0,,39,,Yes
23,2/18/25,1,S2,ENG702 / 21,JUNIOR ENG/B,JOHN CARVER,11,2026,B,3.05 pts,0,,40,,#N/A
23,2/18/25,2,S2,MAT702 / 22,ALGEBRA II B,JASON BLAESING,11,2026,F,1.60 pts,0,,40,,Yes
23,2/18/25,3,S2,SCI504 / 43,PHYSICAL SCIENCE B,WILLIAM BAUR,11,2026,B,3.00 pts,0,,40,,#N/A
23,2/18/25,4,S2,VOC504 / 24,ADV FINE ARTS WOODWORKING I,BRENT MANSELL,11,2026,A,4.00 pts,0,,40,,#N/A
23,2/18/25,5,S2,SPA602 / 25,SPANISH II B,ARELI LOPEZ LOPEZ,11,2026,A,4.00 pts,0,,40,,#N/A
23,2/18/25,6,S2,SOC702 / 26,US HISTORY/B,SCOTT BOOTHBY,11,2026,B,2.91 pts,0,,40,,Yes
23,2/18/25,1,S2,MAT702 / 21,ALGEBRA II B,JENNIFER REILLY,11,2026,,,5,,47,,#N/A
23,2/18/25,2,S2,SCI610 / 22,CHEMISTRY/B,GRANT MERRILL,11,2026,,,5,,47,,Yes
23,2/18/25,3,S2,ASL504 / 23,AMERICAN SIGN LANGUAGE II/B,TAMI GRANT,11,2026,,,5,,47,,#N/A
23,2/18/25,4,S2,SOC702 / 24,US HISTORY/B,DAVE HAJEK,11,2026,F,0.07 pts,5,,47,,#N/A
23,2/18/25,5,S2,PED500 / 25,WEIGHT TRAINING,SCOTT DIZMANG,11,2026,A,4.00 pts,5,,47,,#N/A
23,2/18/25,6,S2,ENG702 / 26,JUNIOR ENG/B,JOHN CARVER,11,2026,F,1.00 pts,5,,47,,#N/A
23,2/18/25,1,S2,ENG702 / 21,JUNIOR ENG/B,JOHN CARVER,11,2026,B,3.05 pts,0,,41,,#N/A
23,2/18/25,2,S2,SCI504 / 42,PHYSICAL SCIENCE B,WILLIAM BAUR,11,2026,F,0.00 pts,0,,41,,#N/A
23,2/18/25,3,S2,ASL504 / 23,AMERICAN SIGN LANGUAGE II/B,TAMI GRANT,11,2026,,,0.14,,41,,#N/A
23,2/18/25,4,S2,SOC702 / 24,US HISTORY/B,DAVE HAJEK,11,2026,B,2.99 pts,0,,41,,#N/A
23,2/18/25,5,S2,MAT702 / 45,ALGEBRA II B,JENNIFER REILLY,11,2026,,,0,,41,,Yes
23,2/18/25,6,S2,FAR113 / 26,INTRO TO ART AND DESIGN,ROBERT YEE,11,2026,B,3.00 pts,0,,41,,#N/A
23,2/18/25,1,S2,FAR607 / 21,ADVANCED ACTING/ B,KELLY GREGERSEN,12,2025,A,3.80 pts,0,,42,,#N/A
23,2/18/25,2,S2,SCI610 / 22,CHEMISTRY/B,GRANT MERRILL,12,2025,,,0,Jay,42,Active,Yes
23,2/18/25,3,S2,ENG802 / 23,SENIOR ENG/B,JOHN CARVER,12,2025,D+,1.97 pts,0,,42,,#N/A
23,2/18/25,4,S2,HFL119 / 24,ADV CULINARY ARTS B,ALEXANDRA YOST,12,2025,,,0,,42,,#N/A
23,2/18/25,5,S2,BUS302 / 25,PERSONAL FINANCE B,NICOLE SIMEK,12,2025,F,0.00 pts,0,,42,,Yes
23,2/18/25,6,S2,FAR543 / 26,WIND ENSEMB/B,DAVID DUARTE,12,2025,C,2.40 pts,0,,42,,#N/A
23,2/18/25,1,S2,ENG702 / 21,JUNIOR ENG/B,JOHN CARVER,11,2026,A-,3.53 pts,1.71,,43,,#N/A
23,2/18/25,2,S2,SCI504 / 22,PHYSICAL SCIENCE B,JAMES BENNETT,11,2026,A,4.00 pts,2,Larry,43,Active,#N/A
23,2/18/25,3,S2,ASL504 / 23,AMERICAN SIGN LANGUAGE II/B,TAMI GRANT,11,2026,,,2,,43,,#N/A
23,2/18/25,4,S2,SOC702 / 24,US HISTORY/B,DAVE HAJEK,11,2026,A,3.82 pts,1.71,,43,,#N/A
23,2/18/25,5,S2,SOC106 / 25,AP PSYCHOLOGY B,JIM REED,11,2026,F,0.00 pts,1.71,,43,,#N/A
23,2/18/25,6,S2,MAT702 / 26,ALGEBRA II B,JASON BLAESING,11,2026,F,0.00 pts,1.71,,43,,Yes
23,2/18/25,1,S2,MAT523 / 21,GEOMETRY B,ROCHELLE AITON,10,2027,,,3.14,,44,,Yes
23,2/18/25,2,S2,SCI602 / 42,BIOLOGY B,DONNA SCHATZ,10,2027,,,2.86,,44,,#N/A
23,2/18/25,3,S2,FAR604 / 23,SCENE DESIGN,KELLY GREGERSEN,10,2027,A,3.62 pts,2.71,,44,,#N/A
23,2/18/25,4,S2,HFL113 / 24,INTRO CULINARY ART,KAYLA PAYNE,10,2027,B,3.00 pts,2.71,,44,,#N/A
23,2/18/25,5,S2,ENG602 / 25,SOPH ENG/B,MARCEE SALAS,10,2027,F,0.71 pts,2.86,,44,,Yes
23,2/18/25,6,S2,SOC109 / 26,WORLD HISTORY/B,RYAN ISAACSON,10,2027,,,3.14,,44,,#N/A
23,2/18/25,1,S2,PED101 / 21,PHYSICAL EDUCATION,KATHERINE STURDYVIN-SCOBBA,11,2026,,,0,,45,,#N/A
23,2/18/25,2,S2,SCI610 / 22,CHEMISTRY/B,GRANT MERRILL,11,2026,,,0,Jay,45,Active,Yes
23,2/18/25,3,S2,ENG720 / 23,AP LANGUAGE/ COMPOSITON B,HEATHER CARVER,11,2026,F,0.00 pts,0,,45,,#N/A
23,2/18/25,4,S2,CTE231 / 24,SOCIAL MEDIA MARKETING II,NICOLE SIMEK,11,2026,,,0,,45,,#N/A
23,2/18/25,5,S2,SOC704 / 25,AP US HISTORY B,RYAN ISAACSON,11,2026,F,0.20 pts,0,,45,,#N/A
23,2/18/25,6,S2,MAT702 / 26,ALGEBRA II B,JASON BLAESING,11,2026,C,2.40 pts,0,,45,,Yes
23,2/18/25,6,S2,MAT702 / 26,ALGEBRA II B,JASON BLAESING,11,2026,C,2.40 pts,0,,50,,Yes
23,2/18/25,2,S2,ENG602 / 22,SOPH ENG/B,KELLY GREGERSEN,10,2027,B-,2.85 pts,0.71,,52,,Yes
23,2/18/25,4,S2,MAT523 / 24,GEOMETRY B,ROCHELLE AITON,10,2027,,,0,,52,,Yes
23,2/18/25,2,S2,MAT523 / 22,GEOMETRY B,ROCHELLE AITON,10,2027,,,2.29,,53,,Yes
23,2/18/25,4,S2,SCI602 / 24,BIOLOGY B,GRANT MERRILL,10,2027,,,2,,53,,Yes
23,2/18/25,6,S2,MAT702 / 26,ALGEBRA II B,JASON BLAESING,10,2027,A,4.00 pts,0,,54,,Yes
23,2/18/25,2,S2,SCI610 / 22,CHEMISTRY/B,GRANT MERRILL,11,2026,,,1,,55,,Yes
23,2/18/25,2,S2,MAT702 / 22,ALGEBRA II B,JASON BLAESING,11,2026,B+,3.20 pts,0,,56,,Yes
23,2/18/25,5,S2,MAT523 / 25,GEOMETRY B,BRIAN ANDERSON,10,2027,C-,2.00 pts,0,,59,,Yes
23,2/18/25,2,S2,SCI610 / 22,CHEMISTRY/B,GRANT MERRILL,11,2026,,,1,,60,,Yes
23,2/18/25,3,S2,MAT702 / 23,ALGEBRA II B,JENNIFER REILLY,11,2026,,,1,,60,,Yes
23,2/18/25,1,S2,ENG504 / 21,PRE-AP FRESHMAN ENGLISH/B,ANGELINA MERRILL,9,2028,C-,2.00 pts,0,,470,,Yes
23,2/18/25,2,S2,SCI610 / 22,CHEMISTRY/B,GRANT MERRILL,10,2027,,,0,,471,,Yes
23,2/18/25,3,S2,MAT702 / 23,ALGEBRA II B,JENNIFER REILLY,10,2027,,,0,,471,,Yes
23,2/18/25,2,S2,BUS302 / 22,PERSONAL FINANCE B,NICOLE SIMEK,12,2025,D+,1.90 pts,4,,61,,Yes
23,2/18/25,5,S2,MAT523 / 25,GEOMETRY B,BRIAN ANDERSON,10,2027,C-,2.00 pts,0.86,,63,,Yes
23,2/18/25,6,S2,ENG502 / 26,FR ENGLISH/B,DAVID HOLLINGSWORTH,9,2028,,,0,,472,,Yes
23,2/18/25,3,S2,BUS302 / 23,PERSONAL FINANCE B,NICOLE SIMEK,11,2026,B,2.92 pts,3.57,,65,,Yes
23,2/18/25,5,S2,MAT702 / 45,ALGEBRA II B,JENNIFER REILLY,11,2026,,,3.57,,65,,Yes
23,2/18/25,2,S2,MAT702 / 22,ALGEBRA II B,JASON BLAESING,10,2027,C,2.40 pts,2,,66,,Yes
23,2/18/25,5,S2,MAT702 / 45,ALGEBRA II B,JENNIFER REILLY,12,2025,,,0,,473,,Yes
23,2/18/25,3,S2,MAT523 / 23,GEOMETRY B,ROCHELLE AITON,10,2027,,,0,,67,,Yes
23,2/18/25,6,S2,SOC702 / 26,US HISTORY/B,SCOTT BOOTHBY,11,2026,A,4.00 pts,1,,68,,Yes
23,2/18/25,3,S2,MAT523 / 23,GEOMETRY B,ROCHELLE AITON,10,2027,,,0,,424,,Yes
23,2/18/25,3,S2,MAT523 / 23,GEOMETRY B,ROCHELLE AITON,9,2028,,,2,,69,,Yes
23,2/18/25,1,S2,SCI504 / 21,PHYSICAL SCIENCE B,JAMES BENNETT,9,2028,A,4.00 pts,0,,70,,Yes
23,2/18/25,6,S2,ENG502 / 26,FR ENGLISH/B,DAVID HOLLINGSWORTH,9,2028,,,0.14,,70,,Yes
23,2/18/25,6,S2,SOC702 / 26,US HISTORY/B,SCOTT BOOTHBY,11,2026,A,3.77 pts,0,,71,,Yes
23,2/18/25,1,S2,MAT523 / 21,GEOMETRY B,ROCHELLE AITON,10,2027,,,2.29,,72,,Yes
23,2/18/25,5,S2,ENG602 / 25,SOPH ENG/B,MARCEE SALAS,10,2027,C-,2.07 pts,2.29,,72,,Yes
22,2/11/25,4,S2,MAT702 / 24,ALGEBRA II B,JENNIFER REILLY,11,2026,,,2.57,,368,,Yes
23,2/18/25,2,S2,MAT523 / 22,GEOMETRY B,ROCHELLE AITON,9,2028,,,0.71,,76,,Yes
23,2/18/25,5,S2,MAT702 / 45,ALGEBRA II B,JENNIFER REILLY,11,2026,,,0,,475,,Yes
23,2/18/25,2,S2,ENG602 / 22,SOPH ENG/B,KELLY GREGERSEN,10,2027,B,3.05 pts,3,,77,,Yes
23,2/18/25,3,S2,SCI602 / 23,BIOLOGY B,GRANT MERRILL,10,2027,,,3,,77,,Yes
23,2/18/25,1,S2,ENG504 / 21,PRE-AP FRESHMAN ENGLISH/B,ANGELINA MERRILL,9,2028,A-,3.50 pts,0,,476,,Yes
23,2/18/25,4,S2,MAT523 / 24,GEOMETRY B,ROCHELLE AITON,10,2027,,,0,,425,,Yes
23,2/18/25,6,S2,MAT702 / 26,ALGEBRA II B,JASON BLAESING,10,2027,A,4.00 pts,0,,477,,Yes
23,2/18/25,1,S2,MAT523 / 21,GEOMETRY B,ROCHELLE AITON,9,2028,,,3.57,,79,,Yes
23,2/18/25,5,S2,MAT523 / 25,GEOMETRY B,BRIAN ANDERSON,10,2027,A,4.00 pts,0,,80,,Yes
23,2/18/25,2,S2,SCI610 / 22,CHEMISTRY/B,GRANT MERRILL,12,2025,,,0,,82,,Yes
23,2/18/25,1,S2,MAT523 / 21,GEOMETRY B,ROCHELLE AITON,10,2027,,,3,,83,,Yes
23,2/18/25,1,S2,MAT523 / 21,GEOMETRY B,ROCHELLE AITON,10,2027,,,0,,84,,Yes
23,2/18/25,6,S2,SOC702 / 26,US HISTORY/B,SCOTT BOOTHBY,11,2026,A,3.95 pts,0,,85,,Yes
23,2/18/25,2,S2,SCI610 / 22,CHEMISTRY/B,GRANT MERRILL,11,2026,,,0,,86,,Yes
23,2/18/25,6,S2,SOC702 / 26,US HISTORY/B,SCOTT BOOTHBY,11,2026,B-,2.82 pts,0,,86,,Yes
23,2/18/25,3,S2,MAT523 / 23,GEOMETRY B,ROCHELLE AITON,10,2027,,,0,,88,,Yes
23,2/18/25,5,S2,ENG602 / 25,SOPH ENG/B,MARCEE SALAS,10,2027,F,1.21 pts,0,,88,,Yes
23,2/18/25,6,S2,SCI602 / 46,BIOLOGY B,WILLIAM BAUR,10,2027,F,0.00 pts,0,,88,,Yes
23,2/18/25,6,S2,MAT702 / 26,ALGEBRA II B,JASON BLAESING,10,2027,C,2.40 pts,1.14,,89,,Yes
23,2/18/25,2,S2,BUS302 / 22,PERSONAL FINANCE B,NICOLE SIMEK,12,2025,,,2.29,,426,,Yes
23,2/18/25,3,S2,BUS302 / 23,PERSONAL FINANCE B,NICOLE SIMEK,12,2025,A-,3.42 pts,2,,90,,Yes
23,2/18/25,5,S2,BUS302 / 25,PERSONAL FINANCE B,NICOLE SIMEK,12,2025,A,3.96 pts,2,,478,,Yes
23,2/18/25,3,S2,SCI602 / 23,BIOLOGY B,GRANT MERRILL,10,2027,,,3.57,,92,,Yes
23,2/18/25,2,S2,BUS302 / 22,PERSONAL FINANCE B,NICOLE SIMEK,12,2025,A,4.00 pts,1,,93,,Yes
23,2/18/25,2,S2,ENG602 / 22,SOPH ENG/B,KELLY GREGERSEN,10,2027,F,0.95 pts,0,,94,,Yes
23,2/18/25,3,S2,BUS302 / 23,PERSONAL FINANCE B,NICOLE SIMEK,11,2026,C,2.38 pts,0,,479,,Yes
23,2/18/25,1,S2,ENG504 / 21,PRE-AP FRESHMAN ENGLISH/B,ANGELINA MERRILL,9,2028,A,3.83 pts,0,,480,,Yes
23,2/18/25,3,S2,BUS302 / 23,PERSONAL FINANCE B,NICOLE SIMEK,12,2025,A,4.00 pts,1,,481,,Yes
23,2/18/25,2,S2,BUS302 / 22,PERSONAL FINANCE B,NICOLE SIMEK,12,2025,A,3.98 pts,0,,96,,Yes
23,2/18/25,2,S2,BUS302 / 22,PERSONAL FINANCE B,NICOLE SIMEK,12,2025,B,2.94 pts,1.71,,97,,Yes
23,2/18/25,6,S2,ENG502 / 26,FR ENGLISH/B,DAVID HOLLINGSWORTH,9,2028,,,5.57,,98,,Yes
23,2/18/25,3,S2,SCI602 / 23,BIOLOGY B,GRANT MERRILL,10,2027,,,0,,99,,Yes
23,2/18/25,2,S2,SCI610 / 22,CHEMISTRY/B,GRANT MERRILL,11,2026,,,0,,100,,Yes
23,2/18/25,2,S2,SCI610 / 22,CHEMISTRY/B,GRANT MERRILL,11,2026,,,0,,101,,Yes
23,2/18/25,3,S2,SCI602 / 23,BIOLOGY B,GRANT MERRILL,10,2027,,,0,,482,,Yes
23,2/18/25,1,S2,MAT523 / 21,GEOMETRY B,ROCHELLE AITON,10,2027,,,0,,102,,Yes
23,2/18/25,2,S2,ENG602 / 22,SOPH ENG/B,KELLY GREGERSEN,10,2027,B,3.05 pts,0,,102,,Yes
23,2/18/25,3,S2,SCI602 / 23,BIOLOGY B,GRANT MERRILL,10,2027,,,0,,102,,Yes
23,2/18/25,2,S2,MAT523 / 22,GEOMETRY B,ROCHELLE AITON,10,2027,,,6,,463,,Yes
23,2/18/25,3,S2,MAT702 / 23,ALGEBRA II B,JENNIFER REILLY,11,2026,,,0.33,,103,,Yes
23,2/18/25,2,S2,BUS302 / 22,PERSONAL FINANCE B,NICOLE SIMEK,12,2025,B,3.01 pts,1,,104,,Yes
23,2/18/25,1,S2,SCI504 / 21,PHYSICAL SCIENCE B,JAMES BENNETT,12,2025,F,0.00 pts,0.14,,105,,Yes
23,2/18/25,2,S2,BUS302 / 22,PERSONAL FINANCE B,NICOLE SIMEK,12,2025,F,0.98 pts,0,,105,,Yes
23,2/18/25,6,S2,MAT702 / 26,ALGEBRA II B,JASON BLAESING,11,2026,B+,3.20 pts,0,,107,,Yes
23,2/18/25,5,S2,ENG602 / 25,SOPH ENG/B,MARCEE SALAS,10,2027,F,1.35 pts,0,,108,,Yes
23,2/18/25,5,S2,ENG602 / 25,SOPH ENG/B,MARCEE SALAS,10,2027,F,0.95 pts,0,,110,,Yes
23,2/18/25,6,S2,SCI602 / 26,BIOLOGY B,GRANT MERRILL,10,2027,,,0.14,,110,,Yes
23,2/18/25,4,S2,SCI602 / 24,BIOLOGY B,GRANT MERRILL,10,2027,,,0,,428,,Yes
23,2/18/25,6,S2,ENG502 / 26,FR ENGLISH/B,DAVID HOLLINGSWORTH,9,2028,,,0,,111,,Yes
23,2/18/25,6,S2,MAT702 / 26,ALGEBRA II B,JASON BLAESING,11,2026,F,1.60 pts,0,,112,,Yes
23,2/18/25,2,S2,MAT702 / 22,ALGEBRA II B,JASON BLAESING,11,2026,F,1.60 pts,2,,113,,Yes
23,2/18/25,2,S2,SCI610 / 22,CHEMISTRY/B,GRANT MERRILL,11,2026,,,0,,114,,Yes
23,2/18/25,3,S2,SCI602 / 23,BIOLOGY B,GRANT MERRILL,10,2027,,,10,,429,,Yes
23,2/18/25,1,S2,MAT523 / 21,GEOMETRY B,ROCHELLE AITON,10,2027,,,2.43,,116,,Yes
23,2/18/25,2,S2,ENG602 / 22,SOPH ENG/B,KELLY GREGERSEN,10,2027,B,3.05 pts,1.86,,116,,Yes
23,2/18/25,2,S2,ENG602 / 22,SOPH ENG/B,KELLY GREGERSEN,10,2027,B-,2.85 pts,1,,117,,Yes
23,2/18/25,3,S2,MAT523 / 23,GEOMETRY B,ROCHELLE AITON,10,2027,,,1.71,,117,,Yes
23,2/18/25,6,S2,SCI602 / 26,BIOLOGY B,GRANT MERRILL,10,2027,,,2.86,,117,,Yes
23,2/18/25,3,S2,MAT523 / 23,GEOMETRY B,ROCHELLE AITON,10,2027,,,0,,118,,Yes
23,2/18/25,1,S2,ENG504 / 21,PRE-AP FRESHMAN ENGLISH/B,ANGELINA MERRILL,9,2028,A,3.67 pts,0,,483,,Yes
23,2/18/25,6,S2,MAT702 / 26,ALGEBRA II B,JASON BLAESING,11,2026,A,4.00 pts,0,,119,,Yes
23,2/18/25,5,S2,MAT523 / 25,GEOMETRY B,BRIAN ANDERSON,10,2027,F,0.00 pts,2,,120,,Yes
23,2/18/25,2,S2,MAT702 / 22,ALGEBRA II B,JASON BLAESING,11,2026,F,0.00 pts,2.19,,121,,Yes
23,2/18/25,1,S2,MAT523 / 21,GEOMETRY B,ROCHELLE AITON,10,2027,,,0.14,,122,,Yes
23,2/18/25,2,S2,ENG602 / 22,SOPH ENG/B,KELLY GREGERSEN,10,2027,B-,2.85 pts,0,,122,,Yes
23,2/18/25,4,S2,MAT702 / 24,ALGEBRA II B,JENNIFER REILLY,11,2026,,,3.29,,368,,Yes
23,2/18/25,3,S2,SCI602 / 23,BIOLOGY B,GRANT MERRILL,10,2027,,,0,,126,,Yes
23,2/18/25,5,S2,MAT523 / 25,GEOMETRY B,BRIAN ANDERSON,10,2027,A,4.00 pts,0,,126,,Yes
23,2/18/25,5,S2,MAT702 / 45,ALGEBRA II B,JENNIFER REILLY,10,2027,,,2,,485,,Yes
23,2/18/25,6,S2,SCI602 / 26,BIOLOGY B,GRANT MERRILL,10,2027,,,0,,125,,Yes
23,2/18/25,6,S2,MAT702 / 26,ALGEBRA II B,JASON BLAESING,11,2026,A,4.00 pts,0,,127,,Yes
23,2/18/25,3,S2,MAT702 / 23,ALGEBRA II B,JENNIFER REILLY,11,2026,,,0,,128,,Yes
24,2/25/25,4,S2,MAT702 / 24,ALGEBRA II B,JENNIFER REILLY,11,2026,F,0.14 pts,6,,368,,Yes
23,2/18/25,5,S2,ENG602 / 25,SOPH ENG/B,MARCEE SALAS,10,2027,D,1.78 pts,1,,130,,Yes
23,2/18/25,5,S2,BUS302 / 25,PERSONAL FINANCE B,NICOLE SIMEK,11,2026,A,3.84 pts,0,,486,,Yes
23,2/18/25,1,S2,MAT523 / 21,GEOMETRY B,ROCHELLE AITON,10,2027,,,0.86,,487,,Yes
23,2/18/25,4,S2,SCI602 / 24,BIOLOGY B,GRANT MERRILL,10,2027,,,0.86,,487,,Yes
23,2/18/25,3,S2,MAT523 / 23,GEOMETRY B,ROCHELLE AITON,9,2028,,,0,,488,,Yes
23,2/18/25,2,S2,ENG602 / 22,SOPH ENG/B,KELLY GREGERSEN,10,2027,A,3.80 pts,0,,132,,Yes
23,2/18/25,3,S2,MAT523 / 23,GEOMETRY B,ROCHELLE AITON,10,2027,,,0,,132,,Yes
23,2/18/25,4,S2,SCI602 / 24,BIOLOGY B,GRANT MERRILL,10,2027,,,0.14,,431,,Yes
23,2/18/25,3,S2,MAT702 / 23,ALGEBRA II B,JENNIFER REILLY,10,2027,,,0.86,,432,,Yes
23,2/18/25,4,S2,SCI602 / 24,BIOLOGY B,GRANT MERRILL,10,2027,,,1.29,,432,,Yes
23,2/18/25,6,S2,SCI602 / 46,BIOLOGY B,WILLIAM BAUR,10,2027,C-,2.00 pts,0,,133,,Yes
23,2/18/25,6,S2,SOC702 / 26,US HISTORY/B,SCOTT BOOTHBY,11,2026,A,3.64 pts,2,,134,,Yes
23,2/18/25,2,S2,BUS302 / 22,PERSONAL FINANCE B,NICOLE SIMEK,12,2025,C,2.41 pts,1,,135,,Yes
23,2/18/25,6,S2,SCI602 / 26,BIOLOGY B,GRANT MERRILL,10,2027,,,0.14,,136,,Yes
23,2/18/25,3,S2,MAT523 / 23,GEOMETRY B,ROCHELLE AITON,10,2027,,,0,,137,,Yes
23,2/18/25,4,S2,SCI602 / 24,BIOLOGY B,GRANT MERRILL,10,2027,,,0,,137,,Yes
23,2/18/25,1,S2,ENG504 / 21,PRE-AP FRESHMAN ENGLISH/B,ANGELINA MERRILL,9,2028,F,1.17 pts,0,,489,,Yes
23,2/18/25,2,S2,ENG602 / 22,SOPH ENG/B,KELLY GREGERSEN,10,2027,F,0.95 pts,3.71,,433,,Yes
23,2/18/25,3,S2,SCI602 / 23,BIOLOGY B,GRANT MERRILL,10,2027,,,3.71,,433,,Yes
23,2/18/25,5,S2,MAT523 / 25,GEOMETRY B,BRIAN ANDERSON,10,2027,F,0.00 pts,3,,433,,Yes
23,2/18/25,6,S2,SCI602 / 46,BIOLOGY B,WILLIAM BAUR,10,2027,A,4.00 pts,0,,490,,Yes
23,2/18/25,5,S2,ENG602 / 25,SOPH ENG/B,MARCEE SALAS,10,2027,F,1.63 pts,0,,139,,Yes
25,3/4/25,4,S2,MAT702 / 24,ALGEBRA II B,JENNIFER REILLY,11,2026,F,1.20 pts,6.29,,368,,Yes
23,2/18/25,1,S2,ENG504 / 21,PRE-AP FRESHMAN ENGLISH/B,ANGELINA MERRILL,9,2028,B,3.00 pts,3,,434,,Yes
23,2/18/25,2,S2,MAT523 / 22,GEOMETRY B,ROCHELLE AITON,9,2028,,,3,,434,,Yes
23,2/18/25,2,S2,ENG602 / 22,SOPH ENG/B,KELLY GREGERSEN,10,2027,B,3.05 pts,1,,143,,Yes
23,2/18/25,4,S2,MAT523 / 24,GEOMETRY B,ROCHELLE AITON,10,2027,,,1.29,,143,,Yes
23,2/18/25,5,S2,MAT523 / 25,GEOMETRY B,BRIAN ANDERSON,10,2027,C+,2.67 pts,0,,144,,Yes
23,2/18/25,6,S2,SCI602 / 26,BIOLOGY B,GRANT MERRILL,10,2027,,,0,,144,,Yes
23,2/18/25,6,S2,MAT702 / 26,ALGEBRA II B,JASON BLAESING,11,2026,B+,3.20 pts,3,,145,,Yes
23,2/18/25,4,S2,MAT523 / 24,GEOMETRY B,ROCHELLE AITON,10,2027,,,0,,146,,Yes
23,2/18/25,6,S2,SCI602 / 26,BIOLOGY B,GRANT MERRILL,10,2027,,,0,,146,,Yes
23,2/18/25,3,S2,BUS302 / 23,PERSONAL FINANCE B,NICOLE SIMEK,11,2026,F,0.95 pts,0,,435,,Yes
23,2/18/25,3,S2,MAT702 / 23,ALGEBRA II B,JENNIFER REILLY,11,2026,,,1,,492,,Yes
23,2/18/25,6,S2,SOC702 / 26,US HISTORY/B,SCOTT BOOTHBY,11,2026,B-,2.86 pts,1,,147,,Yes
23,2/18/25,6,S2,MAT702 / 26,ALGEBRA II B,JASON BLAESING,11,2026,B+,3.20 pts,0,,148,,Yes
23,2/18/25,3,S2,MAT702 / 23,ALGEBRA II B,JENNIFER REILLY,12,2025,,,0,,149,,Yes
23,2/18/25,1,S2,SCI504 / 21,PHYSICAL SCIENCE B,JAMES BENNETT,9,2028,A,4.00 pts,0,,493,,Yes
23,2/18/25,5,S2,MAT702 / 45,ALGEBRA II B,JENNIFER REILLY,11,2026,,,0,,494,,Yes
23,2/18/25,2,S2,SCI610 / 22,CHEMISTRY/B,GRANT MERRILL,11,2026,,,0.86,,150,,Yes
23,2/18/25,3,S2,MAT702 / 23,ALGEBRA II B,JENNIFER REILLY,11,2026,,,0.86,,150,,Yes
23,2/18/25,5,S2,BUS302 / 25,PERSONAL FINANCE B,NICOLE SIMEK,12,2025,B-,2.85 pts,0,,495,,Yes
23,2/18/25,1,S2,ENG504 / 21,PRE-AP FRESHMAN ENGLISH/B,ANGELINA MERRILL,9,2028,A-,3.50 pts,0.14,,496,,Yes
23,2/18/25,2,S2,MAT702 / 22,ALGEBRA II B,JASON BLAESING,11,2026,C,2.40 pts,0,,152,,Yes
23,2/18/25,1,S2,SCI504 / 21,PHYSICAL SCIENCE B,JAMES BENNETT,9,2028,A,4.00 pts,5,,497,,Yes
23,2/18/25,1,S2,ENG504 / 21,PRE-AP FRESHMAN ENGLISH/B,ANGELINA MERRILL,9,2028,,3.00 pts,0,,497,,Yes
23,2/18/25,3,S2,MAT702 / 23,ALGEBRA II B,JENNIFER REILLY,10,2027,,,0,,153,,Yes
23,2/18/25,2,S2,MAT523 / 22,GEOMETRY B,ROCHELLE AITON,10,2027,,,1,,155,,Yes
23,2/18/25,3,S2,SCI602 / 23,BIOLOGY B,GRANT MERRILL,10,2027,,,1,,155,,Yes
23,2/18/25,1,S2,ENG504 / 21,PRE-AP FRESHMAN ENGLISH/B,ANGELINA MERRILL,9,2028,B,3.17 pts,2,,154,,Yes
23,2/18/25,5,S2,MAT523 / 25,GEOMETRY B,BRIAN ANDERSON,9,2028,B+,3.25 pts,2,,154,,Yes
23,2/18/25,2,S2,MAT702 / 22,ALGEBRA II B,JASON BLAESING,11,2026,A,4.00 pts,0,,498,,Yes
23,2/18/25,5,S2,BUS302 / 25,PERSONAL FINANCE B,NICOLE SIMEK,12,2025,D+,1.90 pts,0.29,,156,,Yes
23,2/18/25,2,S2,SCI610 / 22,CHEMISTRY/B,GRANT MERRILL,11,2026,,,0,,158,,Yes
23,2/18/25,5,S2,MAT523 / 25,GEOMETRY B,BRIAN ANDERSON,10,2027,C+,2.67 pts,0,,499,,Yes
23,2/18/25,5,S2,MAT523 / 25,GEOMETRY B,BRIAN ANDERSON,10,2027,C,2.33 pts,0,,159,,Yes
23,2/18/25,6,S2,SCI602 / 46,BIOLOGY B,WILLIAM BAUR,10,2027,A,4.00 pts,0,,159,,Yes
23,2/18/25,2,S2,MAT523 / 22,GEOMETRY B,ROCHELLE AITON,10,2027,,,5.57,,160,,Yes
23,2/18/25,6,S2,MAT702 / 26,ALGEBRA II B,JASON BLAESING,11,2026,B+,3.33 pts,1,,161,,Yes
23,2/18/25,2,S2,BUS302 / 22,PERSONAL FINANCE B,NICOLE SIMEK,12,2025,F,0.00 pts,4,,500,,Yes
23,2/18/25,4,S2,SCI602 / 24,BIOLOGY B,GRANT MERRILL,12,2025,,,4.4,,500,,Yes
23,2/18/25,2,S2,ENG602 / 22,SOPH ENG/B,KELLY GREGERSEN,10,2027,A,4.00 pts,0.14,,162,,Yes
23,2/18/25,4,S2,MAT523 / 24,GEOMETRY B,ROCHELLE AITON,10,2027,,,0,,162,,Yes
23,2/18/25,6,S2,SCI602 / 46,BIOLOGY B,WILLIAM BAUR,10,2027,A,4.00 pts,0,,162,,Yes
23,2/18/25,1,S2,SCI504 / 21,PHYSICAL SCIENCE B,JAMES BENNETT,11,2026,F,0.00 pts,5,,164,,Yes
23,2/18/25,5,S2,MAT702 / 45,ALGEBRA II B,JENNIFER REILLY,11,2026,,,4.43,,164,,Yes
23,2/18/25,6,S2,SCI602 / 46,BIOLOGY B,WILLIAM BAUR,10,2027,F,0.00 pts,1,,165,,Yes
23,2/18/25,2,S2,MAT523 / 22,GEOMETRY B,ROCHELLE AITON,9,2028,,,4,,166,,Yes
23,2/18/25,6,S2,ENG502 / 26,FR ENGLISH/B,DAVID HOLLINGSWORTH,9,2028,,,4.43,,166,,Yes
23,2/18/25,6,S2,SCI602 / 46,BIOLOGY B,WILLIAM BAUR,10,2027,F,0.00 pts,6,,462,,Yes
23,2/18/25,2,S2,MAT702 / 22,ALGEBRA II B,JASON BLAESING,11,2026,A,4.00 pts,1,,167,,Yes
23,2/18/25,6,S2,SOC702 / 26,US HISTORY/B,SCOTT BOOTHBY,11,2026,A,3.82 pts,1.43,,167,,Yes
23,2/18/25,2,S2,MAT523 / 22,GEOMETRY B,ROCHELLE AITON,10,2027,,,2,,168,,Yes
23,2/18/25,6,S2,SCI602 / 26,BIOLOGY B,GRANT MERRILL,10,2027,,,3,,169,,Yes
23,2/18/25,1,S2,SCI504 / 21,PHYSICAL SCIENCE B,JAMES BENNETT,9,2028,F,0.00 pts,2.14,,464,,Yes
23,2/18/25,6,S2,ENG502 / 26,FR ENGLISH/B,DAVID HOLLINGSWORTH,9,2028,,,2,,464,,Yes
23,2/18/25,6,S2,ENG502 / 26,FR ENGLISH/B,DAVID HOLLINGSWORTH,9,2028,,,0,,501,,Yes
23,2/18/25,4,S2,MAT523 / 24,GEOMETRY B,ROCHELLE AITON,10,2027,,,2,,170,,Yes
23,2/18/25,5,S2,ENG602 / 25,SOPH ENG/B,MARCEE SALAS,10,2027,F,0.26 pts,2,,170,,Yes
23,2/18/25,6,S2,SCI602 / 46,BIOLOGY B,WILLIAM BAUR,10,2027,F,0.00 pts,2,,170,,Yes
23,2/18/25,4,S2,MAT523 / 24,GEOMETRY B,ROCHELLE AITON,10,2027,,,0.86,,171,,Yes
23,2/18/25,6,S2,SCI602 / 46,BIOLOGY B,WILLIAM BAUR,10,2027,F,0.00 pts,1.57,,171,,Yes
23,2/18/25,3,S2,MAT702 / 23,ALGEBRA II B,JENNIFER REILLY,11,2026,,,0.67,,172,,Yes
23,2/18/25,1,S2,SCI504 / 21,PHYSICAL SCIENCE B,JAMES BENNETT,9,2028,F,1.33 pts,0.14,,502,,Yes
23,2/18/25,2,S2,MAT523 / 22,GEOMETRY B,ROCHELLE AITON,10,2027,,,0,,173,,Yes
23,2/18/25,6,S2,SCI602 / 46,BIOLOGY B,WILLIAM BAUR,10,2027,C-,2.00 pts,0,,173,,Yes
23,2/18/25,6,S2,SCI602 / 46,BIOLOGY B,WILLIAM BAUR,10,2027,A,4.00 pts,0,,174,,Yes
23,2/18/25,3,S2,BUS302 / 23,PERSONAL FINANCE B,NICOLE SIMEK,12,2025,A,4.00 pts,2,,176,,Yes
26,3/11/25,4,S2,MAT702 / 24,ALGEBRA II B,JENNIFER REILLY,11,2026,C,2.44 pts,8.14,,368,,Yes
23,2/18/25,2,S2,MAT523 / 22,GEOMETRY B,ROCHELLE AITON,10,2027,,,0.86,,437,,Yes
23,2/18/25,4,S2,SCI602 / 24,BIOLOGY B,GRANT MERRILL,10,2027,,,1.29,,437,,Yes
23,2/18/25,6,S2,SCI602 / 26,BIOLOGY B,GRANT MERRILL,12,2025,,,3,,178,,Yes
23,2/18/25,4,S2,MAT523 / 24,GEOMETRY B,ROCHELLE AITON,10,2027,,,0,,179,,Yes
23,2/18/25,5,S2,BUS302 / 25,PERSONAL FINANCE B,NICOLE SIMEK,12,2025,,,1,,503,,Yes
23,2/18/25,1,S2,SCI504 / 21,PHYSICAL SCIENCE B,JAMES BENNETT,11,2026,C+,2.67 pts,4.14,,438,,Yes
23,2/18/25,3,S2,MAT702 / 23,ALGEBRA II B,JENNIFER REILLY,11,2026,,,3.71,,438,,Yes
23,2/18/25,6,S2,ENG502 / 26,FR ENGLISH/B,DAVID HOLLINGSWORTH,9,2028,,,0,,181,,Yes
23,2/18/25,5,S2,MAT702 / 45,ALGEBRA II B,JENNIFER REILLY,11,2026,,,0,,504,,Yes
23,2/18/25,2,S2,MAT523 / 22,GEOMETRY B,ROCHELLE AITON,10,2027,,,1,,184,,Yes
23,2/18/25,4,S2,SCI602 / 24,BIOLOGY B,GRANT MERRILL,10,2027,,,1,,184,,Yes
23,2/18/25,2,S2,BUS302 / 22,PERSONAL FINANCE B,NICOLE SIMEK,11,2026,A-,3.43 pts,2,,185,,Yes
23,2/18/25,5,S2,BUS302 / 25,PERSONAL FINANCE B,NICOLE SIMEK,12,2025,B-,2.85 pts,1,,505,,Yes
23,2/18/25,5,S2,MAT702 / 45,ALGEBRA II B,JENNIFER REILLY,10,2027,,,1,,186,,Yes
23,2/18/25,6,S2,SCI602 / 46,BIOLOGY B,WILLIAM BAUR,10,2027,A,4.00 pts,1.14,,186,,Yes
23,2/18/25,6,S2,SOC702 / 26,US HISTORY/B,SCOTT BOOTHBY,11,2026,A,3.77 pts,1,,187,,Yes
23,2/18/25,6,S2,SCI602 / 46,BIOLOGY B,WILLIAM BAUR,12,2025,A,4.00 pts,2.29,,188,,Yes
23,2/18/25,6,S2,ENG502 / 26,FR ENGLISH/B,DAVID HOLLINGSWORTH,9,2028,,,0,,189,,Yes
23,2/18/25,3,S2,MAT702 / 23,ALGEBRA II B,JENNIFER REILLY,11,2026,,,3.29,,439,,Yes
23,2/18/25,1,S2,MAT523 / 21,GEOMETRY B,ROCHELLE AITON,10,2027,,,0,,190,,Yes
23,2/18/25,6,S2,SCI602 / 26,BIOLOGY B,GRANT MERRILL,10,2027,,,0,,190,,Yes
23,2/18/25,3,S2,MAT702 / 23,ALGEBRA II B,JENNIFER REILLY,11,2026,,,2.67,,191,,Yes
23,2/18/25,1,S2,MAT523 / 21,GEOMETRY B,ROCHELLE AITON,9,2028,,,0,,192,,Yes
23,2/18/25,1,S2,SCI504 / 21,PHYSICAL SCIENCE B,JAMES BENNETT,9,2028,F,0.00 pts,3.14,,506,,Yes
23,2/18/25,6,S2,ENG502 / 26,FR ENGLISH/B,DAVID HOLLINGSWORTH,9,2028,,,3.15,,506,,Yes
23,2/18/25,1,S2,MAT523 / 21,GEOMETRY B,ROCHELLE AITON,10,2027,,,0,,193,,Yes
23,2/18/25,5,S2,ENG602 / 25,SOPH ENG/B,MARCEE SALAS,10,2027,F,1.39 pts,0.57,,193,,Yes
23,2/18/25,5,S2,MAT523 / 25,GEOMETRY B,BRIAN ANDERSON,10,2027,F,0.00 pts,3,,194,,Yes
23,2/18/25,3,S2,BUS302 / 23,PERSONAL FINANCE B,NICOLE SIMEK,12,2025,F,0.03 pts,1.14,,195,,Yes
27,3/18/25,4,S2,MAT702 / 24,ALGEBRA II B,JENNIFER REILLY,11,2026,B,2.92 pts,10.14,,368,,Yes
23,2/18/25,6,S2,ENG502 / 26,FR ENGLISH/B,DAVID HOLLINGSWORTH,9,2028,,,0,,196,,Yes
23,2/18/25,1,S2,MAT523 / 21,GEOMETRY B,ROCHELLE AITON,10,2027,,,2.86,,198,,Yes
23,2/18/25,4,S2,SCI602 / 24,BIOLOGY B,GRANT MERRILL,10,2027,,,3.14,,198,,Yes
23,2/18/25,5,S2,MAT523 / 25,GEOMETRY B,BRIAN ANDERSON,10,2027,C+,2.67 pts,0,,199,,Yes
23,2/18/25,5,S2,BUS302 / 25,PERSONAL FINANCE B,NICOLE SIMEK,12,2025,A,4.00 pts,0,,200,,Yes
28,3/25/25,4,S2,MAT702 / 24,ALGEBRA II B,JENNIFER REILLY,11,2026,C+,2.67 pts,11.71,,368,,Yes
23,2/18/25,3,S2,MAT702 / 23,ALGEBRA II B,JENNIFER REILLY,10,2027,,,0.86,,509,,Yes
23,2/18/25,4,S2,MAT523 / 24,GEOMETRY B,ROCHELLE AITON,10,2027,,,0,,440,,Yes
23,2/18/25,1,S2,SCI504 / 21,PHYSICAL SCIENCE B,JAMES BENNETT,12,2025,F,1.33 pts,4.29,,201,,Yes
23,2/18/25,2,S2,BUS302 / 22,PERSONAL FINANCE B,NICOLE SIMEK,12,2025,F,0.98 pts,3.71,,201,,Yes
23,2/18/25,6,S2,MAT702 / 26,ALGEBRA II B,JASON BLAESING,11,2026,F,0.80 pts,2.71,,510,,Yes
23,2/18/25,1,S2,MAT523 / 21,GEOMETRY B,ROCHELLE AITON,10,2027,,,0,,202,,Yes
23,2/18/25,6,S2,SCI602 / 26,BIOLOGY B,GRANT MERRILL,10,2027,,,0,,202,,Yes
23,2/18/25,5,S2,MAT523 / 25,GEOMETRY B,BRIAN ANDERSON,10,2027,A,4.00 pts,0.71,,204,,Yes
23,2/18/25,6,S2,SCI602 / 26,BIOLOGY B,GRANT MERRILL,10,2027,,,0,,204,,Yes
23,2/18/25,5,S2,BUS302 / 25,PERSONAL FINANCE B,NICOLE SIMEK,12,2025,A,3.88 pts,4,,511,,Yes
23,2/18/25,3,S2,MAT523 / 23,GEOMETRY B,ROCHELLE AITON,10,2027,,,0.29,,205,,Yes
23,2/18/25,2,S2,MAT523 / 22,GEOMETRY B,ROCHELLE AITON,10,2027,,,0,,206,,Yes
23,2/18/25,6,S2,SCI602 / 46,BIOLOGY B,WILLIAM BAUR,10,2027,A,4.00 pts,0,,206,,Yes
23,2/18/25,1,S2,ENG504 / 21,PRE-AP FRESHMAN ENGLISH/B,ANGELINA MERRILL,9,2028,C-,2.00 pts,0,,512,,Yes
23,2/18/25,5,S2,MAT702 / 45,ALGEBRA II B,JENNIFER REILLY,11,2026,,,2.86,,207,,Yes
23,2/18/25,3,S2,MAT702 / 23,ALGEBRA II B,JENNIFER REILLY,11,2026,,,0.86,,208,,Yes
21,2/4/25,4,S2,MAT702 / 24,ALGEBRA II B,JENNIFER REILLY,11,2026,A,3.95 pts,0,,388,,Yes
23,2/18/25,3,S2,BUS302 / 23,PERSONAL FINANCE B,NICOLE SIMEK,11,2026,F,0.48 pts,0,,209,,Yes
23,2/18/25,6,S2,SOC702 / 26,US HISTORY/B,SCOTT BOOTHBY,11,2026,A,3.68 pts,0,,209,,Yes
23,2/18/25,5,S2,BUS302 / 25,PERSONAL FINANCE B,NICOLE SIMEK,12,2025,A,3.98 pts,4.86,,514,,Yes
23,2/18/25,6,S2,SOC702 / 26,US HISTORY/B,SCOTT BOOTHBY,11,2026,F,0.32 pts,4,,210,,Yes
23,2/18/25,2,S2,MAT702 / 22,ALGEBRA II B,JASON BLAESING,10,2027,,0.00 pts,0,,515,,Yes
23,2/18/25,3,S2,MAT523 / 23,GEOMETRY B,ROCHELLE AITON,10,2027,,,1,,516,,Yes
23,2/18/25,5,S2,BUS302 / 25,PERSONAL FINANCE B,NICOLE SIMEK,12,2025,A,3.96 pts,2.43,,517,,Yes
23,2/18/25,3,S2,MAT523 / 23,GEOMETRY B,ROCHELLE AITON,9,2028,,,5,,211,,Yes
22,2/11/25,4,S2,MAT702 / 24,ALGEBRA II B,JENNIFER REILLY,11,2026,,,0,,388,,Yes
23,2/18/25,1,S2,MAT523 / 21,GEOMETRY B,ROCHELLE AITON,10,2027,,,0,,469,,Yes
23,2/18/25,1,S2,SCI504 / 21,PHYSICAL SCIENCE B,JAMES BENNETT,9,2028,A,4.00 pts,0,,212,,Yes
23,2/18/25,6,S2,ENG502 / 26,FR ENGLISH/B,DAVID HOLLINGSWORTH,9,2028,,,0,,212,,Yes
23,2/18/25,5,S2,BUS302 / 25,PERSONAL FINANCE B,NICOLE SIMEK,12,2025,A,3.88 pts,0,,213,,Yes
23,2/18/25,5,S2,BUS302 / 25,PERSONAL FINANCE B,NICOLE SIMEK,12,2025,A,3.95 pts,0,,519,,Yes
23,2/18/25,6,S2,MAT702 / 26,ALGEBRA II B,JASON BLAESING,10,2027,A,4.00 pts,1,,520,,Yes
23,2/18/25,5,S2,MAT523 / 25,GEOMETRY B,BRIAN ANDERSON,10,2027,F,0.50 pts,1,,521,,Yes
23,2/18/25,5,S2,MAT523 / 25,GEOMETRY B,BRIAN ANDERSON,9,2028,A,4.00 pts,0,,522,,Yes
23,2/18/25,3,S2,BUS302 / 23,PERSONAL FINANCE B,NICOLE SIMEK,11,2026,A,3.92 pts,0,,523,,Yes
23,2/18/25,2,S2,MAT523 / 22,GEOMETRY B,ROCHELLE AITON,10,2027,,,0,,524,,Yes
23,2/18/25,4,S2,MAT523 / 24,GEOMETRY B,ROCHELLE AITON,11,2026,,,1,,214,,Yes
23,2/18/25,1,S2,MAT523 / 21,GEOMETRY B,ROCHELLE AITON,10,2027,,,2,,215,,Yes
23,2/18/25,6,S2,SCI602 / 26,BIOLOGY B,GRANT MERRILL,10,2027,,,2,,215,,Yes
23,2/18/25,3,S2,SCI602 / 23,BIOLOGY B,GRANT MERRILL,10,2027,,,1.86,,220,,Yes
23,2/18/25,2,S2,BUS302 / 22,PERSONAL FINANCE B,NICOLE SIMEK,12,2025,C,2.41 pts,1.57,,216,,Yes
23,2/18/25,1,S2,ENG504 / 21,PRE-AP FRESHMAN ENGLISH/B,ANGELINA MERRILL,9,2028,B-,2.83 pts,0.86,,219,,Yes
23,2/18/25,2,S2,MAT523 / 22,GEOMETRY B,ROCHELLE AITON,9,2028,,,0.86,,219,,Yes
23,2/18/25,1,S2,SCI504 / 21,PHYSICAL SCIENCE B,JAMES BENNETT,11,2026,A,4.00 pts,6,,218,,Yes
23,2/18/25,4,S2,MAT702 / 24,ALGEBRA II B,JENNIFER REILLY,11,2026,,,0,,388,,Yes
23,2/18/25,6,S2,SOC702 / 26,US HISTORY/B,SCOTT BOOTHBY,11,2026,F,0.14 pts,5.71,,218,,Yes
23,2/18/25,6,S2,ENG502 / 26,FR ENGLISH/B,DAVID HOLLINGSWORTH,9,2028,,,1,,217,,Yes
23,2/18/25,6,S2,SOC702 / 26,US HISTORY/B,SCOTT BOOTHBY,11,2026,A,3.73 pts,2,,224,,Yes
23,2/18/25,2,S2,MAT702 / 22,ALGEBRA II B,JASON BLAESING,11,2026,B+,3.20 pts,0,,222,,Yes
23,2/18/25,4,S2,MAT523 / 24,GEOMETRY B,ROCHELLE AITON,10,2027,,,1,,221,,Yes
23,2/18/25,5,S2,ENG602 / 25,SOPH ENG/B,MARCEE SALAS,10,2027,D+,1.84 pts,1,,221,,Yes
23,2/18/25,5,S2,MAT702 / 45,ALGEBRA II B,JENNIFER REILLY,10,2027,,,1,,525,,Yes
23,2/18/25,3,S2,BUS302 / 23,PERSONAL FINANCE B,NICOLE SIMEK,12,2025,F,0.95 pts,0,,526,,Yes
23,2/18/25,2,S2,MAT702 / 22,ALGEBRA II B,JASON BLAESING,11,2026,F,0.00 pts,0,,225,,Yes
23,2/18/25,5,S2,BUS302 / 25,PERSONAL FINANCE B,NICOLE SIMEK,12,2025,B-,2.85 pts,3,,527,,Yes
23,2/18/25,2,S2,MAT702 / 22,ALGEBRA II B,JASON BLAESING,10,2027,A,4.00 pts,0,,226,,Yes
23,2/18/25,6,S2,SCI602 / 26,BIOLOGY B,GRANT MERRILL,10,2027,,,0,,226,,Yes
23,2/18/25,2,S2,MAT523 / 22,GEOMETRY B,ROCHELLE AITON,9,2028,,,0,,228,,Yes
23,2/18/25,6,S2,ENG502 / 26,FR ENGLISH/B,DAVID HOLLINGSWORTH,9,2028,,,0,,229,,Yes
23,2/18/25,3,S2,MAT702 / 23,ALGEBRA II B,JENNIFER REILLY,11,2026,,,0,,528,,Yes
23,2/18/25,2,S2,BUS302 / 22,PERSONAL FINANCE B,NICOLE SIMEK,11,2026,A-,3.48 pts,1,,230,,Yes
23,2/18/25,2,S2,BUS302 / 22,PERSONAL FINANCE B,NICOLE SIMEK,12,2025,F,0.03 pts,0.86,,233,,Yes
23,2/18/25,2,S2,MAT523 / 22,GEOMETRY B,ROCHELLE AITON,10,2027,,,0,,236,,Yes
23,2/18/25,3,S2,SCI602 / 23,BIOLOGY B,GRANT MERRILL,10,2027,,,0,,236,,Yes
23,2/18/25,5,S2,ENG602 / 25,SOPH ENG/B,MARCEE SALAS,10,2027,C-,2.10 pts,0,,236,,Yes
23,2/18/25,2,S2,ENG602 / 22,SOPH ENG/B,KELLY GREGERSEN,10,2027,D+,1.90 pts,0,,235,,Yes
23,2/18/25,4,S2,SCI602 / 24,BIOLOGY B,GRANT MERRILL,10,2027,,,0.29,,235,,Yes
23,2/18/25,2,S2,MAT702 / 22,ALGEBRA II B,JASON BLAESING,10,2027,A,4.00 pts,1.86,,237,,Yes
23,2/18/25,3,S2,SCI602 / 23,BIOLOGY B,GRANT MERRILL,10,2027,,,1.86,,237,,Yes
23,2/18/25,4,S2,MAT523 / 24,GEOMETRY B,ROCHELLE AITON,10,2027,,,0,,238,,Yes
23,2/18/25,5,S2,ENG602 / 25,SOPH ENG/B,MARCEE SALAS,10,2027,F,1.27 pts,0,,238,,Yes
23,2/18/25,6,S2,SCI602 / 46,BIOLOGY B,WILLIAM BAUR,10,2027,A,4.00 pts,0,,238,,Yes
23,2/18/25,2,S2,BUS302 / 22,PERSONAL FINANCE B,NICOLE SIMEK,12,2025,C,2.41 pts,0.86,,240,,Yes
23,2/18/25,2,S2,MAT702 / 22,ALGEBRA II B,JASON BLAESING,11,2026,C-,2.00 pts,4,,241,,Yes
23,2/18/25,6,S2,ENG502 / 26,FR ENGLISH/B,DAVID HOLLINGSWORTH,9,2028,,,4.71,,243,,Yes
23,2/18/25,2,S2,SCI610 / 22,CHEMISTRY/B,GRANT MERRILL,11,2026,,,3,,242,,Yes
23,2/18/25,3,S2,BUS302 / 23,PERSONAL FINANCE B,NICOLE SIMEK,11,2026,A,3.95 pts,3,,242,,Yes
23,2/18/25,5,S2,MAT523 / 25,GEOMETRY B,BRIAN ANDERSON,10,2027,A,4.00 pts,0,,244,,Yes
23,2/18/25,6,S2,ENG502 / 26,FR ENGLISH/B,DAVID HOLLINGSWORTH,9,2028,,,2,,245,,Yes
23,2/18/25,2,S2,MAT523 / 22,GEOMETRY B,ROCHELLE AITON,10,2027,,,2.71,,246,,Yes
23,2/18/25,3,S2,MAT702 / 23,ALGEBRA II B,JENNIFER REILLY,10,2027,,,1.14,,247,,Yes
23,2/18/25,1,S2,MAT523 / 21,GEOMETRY B,ROCHELLE AITON,10,2027,,,1,,248,,Yes
23,2/18/25,2,S2,ENG602 / 22,SOPH ENG/B,KELLY GREGERSEN,10,2027,F,0.95 pts,3,,249,,Yes
23,2/18/25,5,S2,MAT702 / 45,ALGEBRA II B,JENNIFER REILLY,11,2026,,,1,,250,,Yes
23,2/18/25,6,S2,SOC702 / 26,US HISTORY/B,SCOTT BOOTHBY,11,2026,A-,3.55 pts,1,,250,,Yes
23,2/18/25,4,S2,MAT523 / 24,GEOMETRY B,ROCHELLE AITON,10,2027,,,0.29,,251,,Yes
23,2/18/25,5,S2,MAT523 / 25,GEOMETRY B,BRIAN ANDERSON,10,2027,A,3.75 pts,0,,252,,Yes
23,2/18/25,6,S2,SCI602 / 26,BIOLOGY B,GRANT MERRILL,10,2027,,,0.29,,252,,Yes
23,2/18/25,3,S2,BUS302 / 23,PERSONAL FINANCE B,NICOLE SIMEK,11,2026,F,1.01 pts,1.57,,253,,Yes
23,2/18/25,6,S2,SOC702 / 26,US HISTORY/B,SCOTT BOOTHBY,11,2026,F,0.00 pts,2.14,,253,,Yes
24,2/25/25,4,S2,MAT702 / 24,ALGEBRA II B,JENNIFER REILLY,11,2026,A,3.90 pts,0,,388,,Yes
23,2/18/25,6,S2,SOC702 / 26,US HISTORY/B,SCOTT BOOTHBY,11,2026,A-,3.45 pts,2,,255,,Yes
23,2/18/25,6,S2,MAT702 / 26,ALGEBRA II B,JASON BLAESING,11,2026,A,4.00 pts,0,,257,,Yes
23,2/18/25,6,S2,MAT702 / 26,ALGEBRA II B,JASON BLAESING,11,2026,F,1.60 pts,0,,258,,Yes
23,2/18/25,2,S2,MAT702 / 22,ALGEBRA II B,JASON BLAESING,11,2026,F,1.60 pts,0,,260,,Yes
23,2/18/25,2,S2,BUS302 / 22,PERSONAL FINANCE B,NICOLE SIMEK,12,2025,A,4.00 pts,0,,259,,Yes
23,2/18/25,2,S2,MAT702 / 22,ALGEBRA II B,JASON BLAESING,11,2026,A,4.00 pts,1,,262,,Yes
23,2/18/25,6,S2,ENG502 / 26,FR ENGLISH/B,DAVID HOLLINGSWORTH,9,2028,,,1.29,,529,,Yes
23,2/18/25,4,S2,MAT523 / 24,GEOMETRY B,ROCHELLE AITON,10,2027,,,0,,264,,Yes
23,2/18/25,3,S2,BUS302 / 23,PERSONAL FINANCE B,NICOLE SIMEK,11,2026,F,1.46 pts,0,,267,,Yes
23,2/18/25,6,S2,ENG502 / 26,FR ENGLISH/B,DAVID HOLLINGSWORTH,9,2028,,,3.43,,268,,Yes
23,2/18/25,5,S2,MAT523 / 25,GEOMETRY B,BRIAN ANDERSON,10,2027,A,4.00 pts,3,,269,,Yes
23,2/18/25,6,S2,SCI602 / 46,BIOLOGY B,WILLIAM BAUR,10,2027,C-,2.00 pts,3,,269,,Yes
25,3/4/25,4,S2,MAT702 / 24,ALGEBRA II B,JENNIFER REILLY,11,2026,A,3.95 pts,0,,388,,Yes
23,2/18/25,6,S2,ENG502 / 26,FR ENGLISH/B,DAVID HOLLINGSWORTH,9,2028,,,0.86,,270,,Yes
23,2/18/25,5,S2,MAT702 / 45,ALGEBRA II B,JENNIFER REILLY,10,2027,,,0,,531,,Yes
23,2/18/25,3,S2,MAT702 / 23,ALGEBRA II B,JENNIFER REILLY,11,2026,,,3.86,,271,,Yes
23,2/18/25,6,S2,SOC702 / 26,US HISTORY/B,SCOTT BOOTHBY,11,2026,F,0.00 pts,3.86,,271,,Yes
23,2/18/25,2,S2,MAT523 / 22,GEOMETRY B,ROCHELLE AITON,10,2027,,,2.71,,272,,Yes
23,2/18/25,3,S2,SCI602 / 23,BIOLOGY B,GRANT MERRILL,10,2027,,,2.71,,272,,Yes
23,2/18/25,5,S2,ENG602 / 25,SOPH ENG/B,MARCEE SALAS,10,2027,F,0.48 pts,2.71,,272,,Yes
23,2/18/25,2,S2,MAT523 / 22,GEOMETRY B,ROCHELLE AITON,10,2027,,,1.43,,273,,Yes
23,2/18/25,5,S2,ENG602 / 25,SOPH ENG/B,MARCEE SALAS,10,2027,F,1.19 pts,0.86,,273,,Yes
23,2/18/25,6,S2,SCI602 / 46,BIOLOGY B,WILLIAM BAUR,10,2027,F,0.00 pts,0.86,,273,,Yes
23,2/18/25,3,S2,MAT523 / 23,GEOMETRY B,ROCHELLE AITON,9,2028,,,1,,532,,Yes
23,2/18/25,2,S2,MAT702 / 22,ALGEBRA II B,JASON BLAESING,11,2026,F,0.80 pts,3.71,,274,,Yes
23,2/18/25,5,S2,MAT523 / 25,GEOMETRY B,BRIAN ANDERSON,10,2027,C+,2.67 pts,2,,533,,Yes
23,2/18/25,6,S2,SOC702 / 26,US HISTORY/B,SCOTT BOOTHBY,11,2026,A,3.77 pts,0,,275,,Yes
23,2/18/25,5,S2,BUS302 / 25,PERSONAL FINANCE B,NICOLE SIMEK,11,2026,F,0.00 pts,2.71,,276,,Yes
23,2/18/25,6,S2,SOC702 / 26,US HISTORY/B,SCOTT BOOTHBY,11,2026,A-,3.55 pts,2,,277,,Yes
23,2/18/25,1,S2,SCI504 / 21,PHYSICAL SCIENCE B,JAMES BENNETT,9,2028,A,4.00 pts,1.14,,534,,Yes
23,2/18/25,1,S2,ENG504 / 21,PRE-AP FRESHMAN ENGLISH/B,ANGELINA MERRILL,9,2028,B,3.17 pts,1,,535,,Yes
23,2/18/25,6,S2,MAT702 / 26,ALGEBRA II B,JASON BLAESING,11,2026,B+,3.33 pts,1,,278,,Yes
23,2/18/25,1,S2,MAT523 / 21,GEOMETRY B,ROCHELLE AITON,9,2028,,,1,,279,,Yes
23,2/18/25,1,S2,ENG504 / 21,PRE-AP FRESHMAN ENGLISH/B,ANGELINA MERRILL,9,2028,A,4.00 pts,1,,536,,Yes
23,2/18/25,3,S2,BUS302 / 23,PERSONAL FINANCE B,NICOLE SIMEK,12,2025,A,3.90 pts,1,,280,,Yes
23,2/18/25,5,S2,BUS302 / 25,PERSONAL FINANCE B,NICOLE SIMEK,12,2025,,3.88 pts,1.29,,280,,Yes
23,2/18/25,5,S2,BUS302 / 25,PERSONAL FINANCE B,NICOLE SIMEK,12,2025,A,3.96 pts,3,,537,,Yes
23,2/18/25,2,S2,MAT523 / 22,GEOMETRY B,ROCHELLE AITON,9,2028,,,0,,281,,Yes
23,2/18/25,2,S2,SCI610 / 22,CHEMISTRY/B,GRANT MERRILL,11,2026,,,2,,282,,Yes
23,2/18/25,3,S2,MAT702 / 23,ALGEBRA II B,JENNIFER REILLY,11,2026,,,2,,282,,Yes
23,2/18/25,3,S2,BUS302 / 23,PERSONAL FINANCE B,NICOLE SIMEK,12,2025,A,3.98 pts,0,,283,,Yes
23,2/18/25,3,S2,MAT523 / 23,GEOMETRY B,ROCHELLE AITON,9,2028,,,0,,284,,Yes
26,3/11/25,4,S2,MAT702 / 24,ALGEBRA II B,JENNIFER REILLY,11,2026,A,3.88 pts,0,,388,,Yes
23,2/18/25,1,S2,SCI504 / 21,PHYSICAL SCIENCE B,JAMES BENNETT,9,2028,A,4.00 pts,0.43,,285,,Yes
23,2/18/25,6,S2,ENG502 / 26,FR ENGLISH/B,DAVID HOLLINGSWORTH,9,2028,,,0.57,,285,,Yes
23,2/18/25,5,S2,BUS302 / 25,PERSONAL FINANCE B,NICOLE SIMEK,12,2025,A,3.91 pts,0,,539,,Yes
23,2/18/25,1,S2,ENG504 / 21,PRE-AP FRESHMAN ENGLISH/B,ANGELINA MERRILL,9,2028,C+,2.50 pts,0,,540,,Yes
23,2/18/25,5,S2,MAT702 / 45,ALGEBRA II B,JENNIFER REILLY,10,2027,,,0,,287,,Yes
23,2/18/25,6,S2,SCI602 / 26,BIOLOGY B,GRANT MERRILL,10,2027,,,0,,287,,Yes
23,2/18/25,5,S2,MAT702 / 45,ALGEBRA II B,JENNIFER REILLY,11,2026,,,0,,288,,Yes
23,2/18/25,6,S2,SOC702 / 26,US HISTORY/B,SCOTT BOOTHBY,11,2026,A,3.86 pts,0,,288,,Yes
23,2/18/25,2,S2,ENG602 / 22,SOPH ENG/B,KELLY GREGERSEN,10,2027,F,0.00 pts,1.57,,290,,Yes
23,2/18/25,5,S2,BUS302 / 25,PERSONAL FINANCE B,NICOLE SIMEK,12,2025,F,0.00 pts,1.86,,541,,Yes
23,2/18/25,4,S2,SCI602 / 24,BIOLOGY B,GRANT MERRILL,10,2027,,,1,,291,,Yes
23,2/18/25,3,S2,BUS302 / 23,PERSONAL FINANCE B,NICOLE SIMEK,12,2025,A,4.00 pts,0,,542,,Yes
23,2/18/25,3,S2,MAT523 / 23,GEOMETRY B,ROCHELLE AITON,10,2027,,,2,,293,,Yes
23,2/18/25,4,S2,SCI602 / 24,BIOLOGY B,GRANT MERRILL,10,2027,,,2,,293,,Yes
23,2/18/25,5,S2,MAT523 / 25,GEOMETRY B,BRIAN ANDERSON,10,2027,A,4.00 pts,0,,294,,Yes
23,2/18/25,6,S2,SCI602 / 46,BIOLOGY B,WILLIAM BAUR,10,2027,A,4.00 pts,0,,294,,Yes
23,2/18/25,6,S2,ENG502 / 26,FR ENGLISH/B,DAVID HOLLINGSWORTH,9,2028,,,0,,295,,Yes
23,2/18/25,6,S2,MAT702 / 26,ALGEBRA II B,JASON BLAESING,11,2026,C,2.40 pts,2.29,,296,,Yes
27,3/18/25,4,S2,MAT702 / 24,ALGEBRA II B,JENNIFER REILLY,11,2026,A,3.62 pts,0,,388,,Yes
28,3/25/25,4,S2,MAT702 / 24,ALGEBRA II B,JENNIFER REILLY,11,2026,A,3.95 pts,0,,388,,Yes
23,2/18/25,2,S2,SCI610 / 22,CHEMISTRY/B,GRANT MERRILL,11,2026,,,0,,297,,Yes
23,2/18/25,6,S2,MAT702 / 26,ALGEBRA II B,JASON BLAESING,11,2026,A,4.00 pts,0,,297,,Yes
23,2/18/25,3,S2,MAT702 / 23,ALGEBRA II B,JENNIFER REILLY,11,2026,,,0,,298,,Yes
23,2/18/25,2,S2,BUS302 / 22,PERSONAL FINANCE B,NICOLE SIMEK,12,2025,C,2.48 pts,0,,299,,Yes
23,2/18/25,3,S2,BUS302 / 23,PERSONAL FINANCE B,NICOLE SIMEK,11,2026,,0.00 pts,2.57,,300,,Yes
23,2/18/25,1,S2,MAT523 / 21,GEOMETRY B,ROCHELLE AITON,10,2027,,,1,,301,,Yes
23,2/18/25,4,S2,MAT523 / 24,GEOMETRY B,ROCHELLE AITON,10,2027,,,0,,443,,Yes
23,2/18/25,3,S2,MAT523 / 23,GEOMETRY B,ROCHELLE AITON,9,2028,,,3.71,,302,,Yes
23,2/18/25,6,S2,ENG502 / 26,FR ENGLISH/B,DAVID HOLLINGSWORTH,9,2028,,,3.71,,302,,Yes
23,2/18/25,2,S2,MAT702 / 22,ALGEBRA II B,JASON BLAESING,11,2026,A,4.00 pts,0,,545,,Yes
23,2/18/25,3,S2,BUS302 / 23,PERSONAL FINANCE B,NICOLE SIMEK,12,2025,D+,1.93 pts,1,,305,,Yes
23,2/18/25,5,S2,BUS302 / 25,PERSONAL FINANCE B,NICOLE SIMEK,12,2025,B-,2.85 pts,1.86,,546,,Yes
23,2/18/25,5,S2,MAT523 / 25,GEOMETRY B,BRIAN ANDERSON,9,2028,A,4.00 pts,4,,547,,Yes
23,2/18/25,1,S2,SCI504 / 21,PHYSICAL SCIENCE B,JAMES BENNETT,9,2028,A,4.00 pts,0,,306,,Yes
23,2/18/25,3,S2,MAT523 / 23,GEOMETRY B,ROCHELLE AITON,9,2028,,,0,,306,,Yes
23,2/18/25,2,S2,MAT702 / 22,ALGEBRA II B,JASON BLAESING,11,2026,A,4.00 pts,1,,307,,Yes
23,2/18/25,2,S2,ENG602 / 22,SOPH ENG/B,KELLY GREGERSEN,10,2027,F,0.00 pts,5,,309,,Yes
23,2/18/25,5,S2,MAT523 / 25,GEOMETRY B,BRIAN ANDERSON,10,2027,F,0.00 pts,4.71,,309,,Yes
23,2/18/25,6,S2,SCI602 / 26,BIOLOGY B,GRANT MERRILL,10,2027,,,4.43,,309,,Yes
23,2/18/25,1,S2,SCI504 / 21,PHYSICAL SCIENCE B,JAMES BENNETT,9,2028,A,4.00 pts,0.43,,308,,Yes
23,2/18/25,6,S2,ENG502 / 26,FR ENGLISH/B,DAVID HOLLINGSWORTH,9,2028,,,0,,308,,Yes
23,2/18/25,1,S2,SCI504 / 21,PHYSICAL SCIENCE B,JAMES BENNETT,9,2028,A,4.00 pts,0,,548,,Yes
23,2/18/25,3,S2,SCI602 / 23,BIOLOGY B,GRANT MERRILL,10,2027,,,1,,310,,Yes
23,2/18/25,4,S2,MAT523 / 24,GEOMETRY B,ROCHELLE AITON,10,2027,,,1,,310,,Yes
23,2/18/25,2,S2,MAT702 / 22,ALGEBRA II B,JASON BLAESING,11,2026,F,1.60 pts,4,,312,,Yes
23,2/18/25,6,S2,SOC702 / 26,US HISTORY/B,SCOTT BOOTHBY,11,2026,F,0.23 pts,4,,312,,Yes
23,2/18/25,3,S2,SCI602 / 23,BIOLOGY B,GRANT MERRILL,10,2027,,,0,,549,,Yes
29,4/8/25,4,S2,MAT702 / 24,ALGEBRA II B,JENNIFER REILLY,11,2026,A,3.96 pts,0,,388,,Yes
23,2/18/25,6,S2,MAT702 / 26,ALGEBRA II B,JASON BLAESING,11,2026,C+,2.67 pts,2,,313,,Yes
23,2/18/25,2,S2,MAT702 / 22,ALGEBRA II B,JASON BLAESING,11,2026,F,1.60 pts,2,,314,,Yes
23,2/18/25,2,S2,SCI610 / 22,CHEMISTRY/B,GRANT MERRILL,11,2026,,,0,,315,,Yes
30,4/15/25,4,S2,MAT702 / 24,ALGEBRA II B,JENNIFER REILLY,11,2026,A,3.95 pts,0,,388,,Yes
23,2/18/25,1,S2,ENG504 / 21,PRE-AP FRESHMAN ENGLISH/B,ANGELINA MERRILL,9,2028,A,3.83 pts,0,,551,,Yes
23,2/18/25,6,S2,MAT702 / 26,ALGEBRA II B,JASON BLAESING,11,2026,F,1.60 pts,2,,316,,Yes
23,2/18/25,2,S2,ENG602 / 22,SOPH ENG/B,KELLY GREGERSEN,10,2027,A,3.80 pts,5.29,,317,,Yes
23,2/18/25,3,S2,MAT523 / 23,GEOMETRY B,ROCHELLE AITON,10,2027,,,4.86,,317,,Yes
23,2/18/25,4,S2,SCI602 / 24,BIOLOGY B,GRANT MERRILL,10,2027,,,5.43,,317,,Yes
23,2/18/25,1,S2,MAT523 / 21,GEOMETRY B,ROCHELLE AITON,10,2027,,,0,,318,,Yes
23,2/18/25,3,S2,SCI602 / 23,BIOLOGY B,GRANT MERRILL,10,2027,,,0,,318,,Yes
23,2/18/25,2,S2,MAT702 / 22,ALGEBRA II B,JASON BLAESING,11,2026,F,0.80 pts,0,,319,,Yes
23,2/18/25,2,S2,MAT702 / 22,ALGEBRA II B,JASON BLAESING,11,2026,A,4.00 pts,0,,320,,Yes
23,2/18/25,6,S2,SOC702 / 26,US HISTORY/B,SCOTT BOOTHBY,11,2026,A-,3.59 pts,0.29,,320,,Yes
23,2/18/25,1,S2,ENG504 / 21,PRE-AP FRESHMAN ENGLISH/B,ANGELINA MERRILL,9,2028,C,2.33 pts,0.57,,552,,Yes
23,2/18/25,2,S2,BUS302 / 22,PERSONAL FINANCE B,NICOLE SIMEK,12,2025,F,0.00 pts,3.57,,321,,Yes
23,2/18/25,2,S2,BUS302 / 22,PERSONAL FINANCE B,NICOLE SIMEK,12,2025,F,0.00 pts,2.43,,322,,Yes
23,2/18/25,3,S2,BUS302 / 23,PERSONAL FINANCE B,NICOLE SIMEK,12,2025,B+,3.36 pts,0,,323,,Yes
23,2/18/25,2,S2,ENG602 / 22,SOPH ENG/B,KELLY GREGERSEN,10,2027,A,4.00 pts,0,,324,,Yes
23,2/18/25,4,S2,MAT523 / 24,GEOMETRY B,ROCHELLE AITON,10,2027,,,0,,324,,Yes
23,2/18/25,5,S2,BUS302 / 25,PERSONAL FINANCE B,NICOLE SIMEK,12,2025,F,0.00 pts,1,,553,,Yes
23,2/18/25,4,S2,SCI602 / 24,BIOLOGY B,GRANT MERRILL,10,2027,,,0,,445,,Yes
23,2/18/25,2,S2,BUS302 / 22,PERSONAL FINANCE B,NICOLE SIMEK,12,2025,A,3.91 pts,0,,325,,Yes
23,2/18/25,3,S2,BUS302 / 23,PERSONAL FINANCE B,NICOLE SIMEK,12,2025,A,3.98 pts,1,,326,,Yes
23,2/18/25,2,S2,BUS302 / 22,PERSONAL FINANCE B,NICOLE SIMEK,11,2026,A-,3.53 pts,0,,327,,Yes
23,2/18/25,6,S2,SOC702 / 26,US HISTORY/B,SCOTT BOOTHBY,11,2026,A,3.77 pts,0,,327,,Yes
23,2/18/25,2,S2,MAT702 / 22,ALGEBRA II B,JASON BLAESING,11,2026,A,4.00 pts,3,,554,,Yes
21,2/4/25,4,S2,MAT702 / 24,ALGEBRA II B,JENNIFER REILLY,10,2027,A,3.74 pts,7.86,,418,,Yes
23,2/18/25,5,S2,MAT702 / 45,ALGEBRA II B,JENNIFER REILLY,11,2026,,,0,,556,,Yes
23,2/18/25,6,S2,SCI602 / 46,BIOLOGY B,WILLIAM BAUR,10,2027,C-,2.00 pts,0,,330,,Yes
23,2/18/25,3,S2,BUS302 / 23,PERSONAL FINANCE B,NICOLE SIMEK,12,2025,F,0.95 pts,3.29,,331,,Yes
23,2/18/25,5,S2,MAT702 / 45,ALGEBRA II B,JENNIFER REILLY,12,2025,,,0,,557,,Yes
23,2/18/25,3,S2,BUS302 / 23,PERSONAL FINANCE B,NICOLE SIMEK,12,2025,F,1.00 pts,0.86,,332,,Yes
23,2/18/25,3,S2,SCI602 / 23,BIOLOGY B,GRANT MERRILL,10,2027,,,1,,333,,Yes
23,2/18/25,5,S2,ENG602 / 25,SOPH ENG/B,MARCEE SALAS,10,2027,F,0.74 pts,1,,333,,Yes
23,2/18/25,5,S2,MAT523 / 25,GEOMETRY B,BRIAN ANDERSON,10,2027,C-,2.00 pts,1,,334,,Yes
22,2/11/25,4,S2,MAT702 / 24,ALGEBRA II B,JENNIFER REILLY,10,2027,,,2,,418,,Yes
23,2/18/25,2,S2,MAT523 / 22,GEOMETRY B,ROCHELLE AITON,10,2027,,,1,,335,,Yes
23,2/18/25,3,S2,SCI602 / 23,BIOLOGY B,GRANT MERRILL,10,2027,,,1,,335,,Yes
23,2/18/25,6,S2,SCI602 / 46,BIOLOGY B,WILLIAM BAUR,10,2027,A,4.00 pts,1,,337,,Yes
23,2/18/25,6,S2,MAT702 / 26,ALGEBRA II B,JASON BLAESING,11,2026,F,0.80 pts,3,,336,,Yes
23,2/18/25,5,S2,MAT702 / 45,ALGEBRA II B,JENNIFER REILLY,11,2026,,,0.57,,559,,Yes
23,2/18/25,5,S2,BUS302 / 25,PERSONAL FINANCE B,NICOLE SIMEK,12,2025,D+,1.90 pts,0,,560,,Yes
23,2/18/25,4,S2,MAT523 / 24,GEOMETRY B,ROCHELLE AITON,10,2027,,,0,,338,,Yes
23,2/18/25,5,S2,ENG602 / 25,SOPH ENG/B,MARCEE SALAS,10,2027,C,2.46 pts,0,,338,,Yes
23,2/18/25,3,S2,MAT702 / 23,ALGEBRA II B,JENNIFER REILLY,11,2026,,,0,,339,,Yes
23,2/18/25,4,S2,MAT523 / 24,GEOMETRY B,ROCHELLE AITON,10,2027,,,2.86,,446,,Yes
23,2/18/25,4,S2,MAT523 / 24,GEOMETRY B,ROCHELLE AITON,10,2027,,,5.86,,447,,Yes
23,2/18/25,5,S2,ENG602 / 25,SOPH ENG/B,MARCEE SALAS,10,2027,F,0.00 pts,5.86,,447,,Yes
23,2/18/25,5,S2,MAT523 / 25,GEOMETRY B,BRIAN ANDERSON,10,2027,D,1.75 pts,2,,340,,Yes
23,2/18/25,6,S2,SCI602 / 46,BIOLOGY B,WILLIAM BAUR,10,2027,F,0.00 pts,2,,340,,Yes
23,2/18/25,1,S2,ENG504 / 21,PRE-AP FRESHMAN ENGLISH/B,ANGELINA MERRILL,9,2028,B-,2.83 pts,0,,561,,Yes
23,2/18/25,3,S2,BUS302 / 23,PERSONAL FINANCE B,NICOLE SIMEK,12,2025,A-,3.43 pts,1,,341,,Yes
23,2/18/25,6,S2,MAT702 / 26,ALGEBRA II B,JASON BLAESING,11,2026,A,4.00 pts,0,,342,,Yes
23,2/18/25,2,S2,ENG602 / 22,SOPH ENG/B,KELLY GREGERSEN,10,2027,F,0.00 pts,0.43,,347,,Yes
23,2/18/25,4,S2,SCI602 / 24,BIOLOGY B,GRANT MERRILL,10,2027,,,0.43,,347,,Yes
23,2/18/25,1,S2,ENG504 / 21,PRE-AP FRESHMAN ENGLISH/B,ANGELINA MERRILL,9,2028,B,3.17 pts,0,,348,,Yes
23,2/18/25,2,S2,MAT523 / 22,GEOMETRY B,ROCHELLE AITON,9,2028,,,0,,348,,Yes
23,2/18/25,2,S2,SCI610 / 22,CHEMISTRY/B,GRANT MERRILL,11,2026,,,0.43,,350,,Yes
23,2/18/25,1,S2,ENG504 / 21,PRE-AP FRESHMAN ENGLISH/B,ANGELINA MERRILL,9,2028,D+,1.83 pts,2.14,,562,,Yes
23,2/18/25,5,S2,MAT523 / 25,GEOMETRY B,BRIAN ANDERSON,9,2028,A,4.00 pts,0.57,,351,,Yes
23,2/18/25,3,S2,MAT702 / 23,ALGEBRA II B,JENNIFER REILLY,10,2027,,,1.14,,353,,Yes
23,2/18/25,5,S2,ENG602 / 25,SOPH ENG/B,MARCEE SALAS,10,2027,F,1.19 pts,1,,353,,Yes
23,2/18/25,6,S2,SCI602 / 46,BIOLOGY B,WILLIAM BAUR,10,2027,C-,2.00 pts,1,,353,,Yes
23,2/18/25,2,S2,SCI610 / 22,CHEMISTRY/B,GRANT MERRILL,12,2025,,,3,,354,,Yes
23,2/18/25,1,S2,ENG504 / 21,PRE-AP FRESHMAN ENGLISH/B,ANGELINA MERRILL,9,2028,C+,2.67 pts,0,,563,,Yes
23,2/18/25,6,S2,SOC702 / 26,US HISTORY/B,SCOTT BOOTHBY,11,2026,A-,3.59 pts,2.14,,356,,Yes
23,2/18/25,6,S2,MAT702 / 26,ALGEBRA II B,JASON BLAESING,11,2026,F,1.60 pts,2,,357,,Yes
23,2/18/25,4,S2,MAT702 / 24,ALGEBRA II B,JENNIFER REILLY,10,2027,,,2,,418,,Yes
23,2/18/25,3,S2,MAT523 / 23,GEOMETRY B,ROCHELLE AITON,9,2028,,,2,,358,,Yes
23,2/18/25,1,S2,SCI504 / 21,PHYSICAL SCIENCE B,JAMES BENNETT,9,2028,A,4.00 pts,0,,565,,Yes
23,2/18/25,6,S2,ENG502 / 26,FR ENGLISH/B,DAVID HOLLINGSWORTH,9,2028,,,0,,565,,Yes
23,2/18/25,2,S2,MAT523 / 22,GEOMETRY B,ROCHELLE AITON,10,2027,,,4.43,,360,,Yes
23,2/18/25,1,S2,ENG504 / 21,PRE-AP FRESHMAN ENGLISH/B,ANGELINA MERRILL,9,2028,A,3.83 pts,0,,566,,Yes
23,2/18/25,1,S2,SCI504 / 21,PHYSICAL SCIENCE B,JAMES BENNETT,11,2026,A,4.00 pts,0,,361,,Yes
23,2/18/25,6,S2,MAT702 / 26,ALGEBRA II B,JASON BLAESING,11,2026,A,4.00 pts,0,,361,,Yes
23,2/18/25,5,S2,BUS302 / 25,PERSONAL FINANCE B,NICOLE SIMEK,12,2025,F,1.05 pts,5.14,,362,,Yes
23,2/18/25,1,S2,ENG504 / 21,PRE-AP FRESHMAN ENGLISH/B,ANGELINA MERRILL,9,2028,,3.83 pts,0,,363,,Yes
23,2/18/25,3,S2,MAT523 / 23,GEOMETRY B,ROCHELLE AITON,9,2028,,,0,,363,,Yes
23,2/18/25,6,S2,ENG502 / 26,FR ENGLISH/B,DAVID HOLLINGSWORTH,9,2028,,,3,,567,,Yes
23,2/18/25,3,S2,MAT702 / 23,ALGEBRA II B,JENNIFER REILLY,10,2027,,,1,,364,,Yes
23,2/18/25,4,S2,SCI602 / 24,BIOLOGY B,GRANT MERRILL,10,2027,,,1,,364,,Yes
23,2/18/25,1,S2,ENG504 / 21,PRE-AP FRESHMAN ENGLISH/B,ANGELINA MERRILL,9,2028,A,3.67 pts,0,,568,,Yes
23,2/18/25,5,S2,MAT702 / 45,ALGEBRA II B,JENNIFER REILLY,11,2026,,,1,,569,,Yes
23,2/18/25,4,S2,SCI602 / 24,BIOLOGY B,GRANT MERRILL,10,2027,,,1,,448,,Yes
23,2/18/25,6,S2,ENG502 / 26,FR ENGLISH/B,DAVID HOLLINGSWORTH,9,2028,,,11,,366,,Yes
23,2/18/25,2,S2,BUS302 / 22,PERSONAL FINANCE B,NICOLE SIMEK,12,2025,D+,1.96 pts,0.57,,365,,Yes
23,2/18/25,1,S2,ENG504 / 21,PRE-AP FRESHMAN ENGLISH/B,ANGELINA MERRILL,9,2028,D+,1.83 pts,3,,450,,Yes
23,2/18/25,4,S2,MAT523 / 24,GEOMETRY B,ROCHELLE AITON,9,2028,,,3,,450,,Yes
23,2/18/25,1,S2,SCI504 / 21,PHYSICAL SCIENCE B,JAMES BENNETT,11,2026,F,1.33 pts,2,,570,,Yes
24,2/25/25,4,S2,MAT702 / 24,ALGEBRA II B,JENNIFER REILLY,10,2027,C-,2.10 pts,2,,418,,Yes
23,2/18/25,1,S2,SCI504 / 21,PHYSICAL SCIENCE B,JAMES BENNETT,9,2028,F,0.00 pts,0.14,,461,,Yes
23,2/18/25,6,S2,ENG502 / 26,FR ENGLISH/B,DAVID HOLLINGSWORTH,9,2028,,,0,,461,,Yes
23,2/18/25,3,S2,BUS302 / 23,PERSONAL FINANCE B,NICOLE SIMEK,12,2025,A,3.90 pts,0,,367,,Yes
23,2/18/25,2,S2,SCI610 / 22,CHEMISTRY/B,GRANT MERRILL,11,2026,,,3.14,,368,,Yes
25,3/4/25,4,S2,MAT702 / 24,ALGEBRA II B,JENNIFER REILLY,10,2027,A,3.73 pts,2.29,,418,,Yes
23,2/18/25,6,S2,SOC702 / 26,US HISTORY/B,SCOTT BOOTHBY,11,2026,B-,2.77 pts,2.14,,368,,Yes
23,2/18/25,5,S2,MAT523 / 25,GEOMETRY B,BRIAN ANDERSON,9,2028,A,4.00 pts,0,,369,,Yes
23,2/18/25,2,S2,BUS302 / 22,PERSONAL FINANCE B,NICOLE SIMEK,11,2026,D+,1.94 pts,4,,451,,Yes
23,2/18/25,6,S2,MAT702 / 26,ALGEBRA II B,JASON BLAESING,11,2026,A,4.00 pts,0,,370,,Yes
23,2/18/25,1,S2,ENG504 / 21,PRE-AP FRESHMAN ENGLISH/B,ANGELINA MERRILL,9,2028,B,3.00 pts,1,,571,,Yes
23,2/18/25,5,S2,ENG602 / 25,SOPH ENG/B,MARCEE SALAS,10,2027,C,2.34 pts,1.71,,371,,Yes
23,2/18/25,3,S2,SCI602 / 23,BIOLOGY B,GRANT MERRILL,10,2027,,,1,,372,,Yes
23,2/18/25,5,S2,MAT523 / 25,GEOMETRY B,BRIAN ANDERSON,10,2027,F,1.33 pts,1.43,,372,,Yes
23,2/18/25,4,S2,MAT523 / 24,GEOMETRY B,ROCHELLE AITON,10,2027,,,0,,452,,Yes
23,2/18/25,6,S2,SCI602 / 26,BIOLOGY B,GRANT MERRILL,10,2027,,,0,,452,,Yes
23,2/18/25,2,S2,ENG602 / 22,SOPH ENG/B,KELLY GREGERSEN,10,2027,A,4.00 pts,0,,572,,Yes
23,2/18/25,3,S2,MAT523 / 23,GEOMETRY B,ROCHELLE AITON,10,2027,,,0,,572,,Yes
23,2/18/25,6,S2,SCI602 / 26,BIOLOGY B,GRANT MERRILL,10,2027,,,1,,453,,Yes
23,2/18/25,5,S2,ENG602 / 25,SOPH ENG/B,MARCEE SALAS,10,2027,C-,2.10 pts,0,,373,,Yes
23,2/18/25,6,S2,SCI602 / 46,BIOLOGY B,WILLIAM BAUR,10,2027,A,4.00 pts,0,,373,,Yes
23,2/18/25,1,S2,ENG504 / 21,PRE-AP FRESHMAN ENGLISH/B,ANGELINA MERRILL,9,2028,C-,2.17 pts,1,,573,,Yes
23,2/18/25,3,S2,BUS302 / 23,PERSONAL FINANCE B,NICOLE SIMEK,11,2026,B-,2.85 pts,4,,574,,Yes
23,2/18/25,6,S2,SCI602 / 26,BIOLOGY B,GRANT MERRILL,10,2027,,,0,,375,,Yes
23,2/18/25,6,S2,SOC702 / 26,US HISTORY/B,SCOTT BOOTHBY,11,2026,F,0.14 pts,2,,376,,Yes
23,2/18/25,4,S2,SCI602 / 24,BIOLOGY B,GRANT MERRILL,10,2027,,,0.14,,374,,Yes
23,2/18/25,3,S2,SCI602 / 23,BIOLOGY B,GRANT MERRILL,9,2028,,,0.57,,595,,Yes
23,2/18/25,2,S2,BUS302 / 22,PERSONAL FINANCE B,NICOLE SIMEK,12,2025,F,0.00 pts,3,,377,,Yes
23,2/18/25,1,S2,MAT523 / 21,GEOMETRY B,ROCHELLE AITON,10,2027,,,0.29,,454,,Yes
23,2/18/25,3,S2,MAT702 / 23,ALGEBRA II B,JENNIFER REILLY,11,2026,,,3.14,,380,,Yes
23,2/18/25,6,S2,SOC702 / 26,US HISTORY/B,SCOTT BOOTHBY,11,2026,F,0.00 pts,3.29,,380,,Yes
23,2/18/25,5,S2,MAT702 / 45,ALGEBRA II B,JENNIFER REILLY,11,2026,,,1,,575,,Yes
26,3/11/25,4,S2,MAT702 / 24,ALGEBRA II B,JENNIFER REILLY,10,2027,A,3.86 pts,2.29,,418,,Yes
23,2/18/25,5,S2,ENG602 / 25,SOPH ENG/B,MARCEE SALAS,10,2027,F,1.36 pts,0,,455,,Yes
23,2/18/25,5,S2,ENG602 / 25,SOPH ENG/B,MARCEE SALAS,10,2027,C,2.44 pts,1,,456,,Yes
23,2/18/25,2,S2,MAT523 / 22,GEOMETRY B,ROCHELLE AITON,10,2027,,,0,,382,,Yes
23,2/18/25,2,S2,MAT523 / 22,GEOMETRY B,ROCHELLE AITON,10,2027,,,3.86,,383,,Yes
23,2/18/25,3,S2,SCI602 / 23,BIOLOGY B,GRANT MERRILL,10,2027,,,3.86,,383,,Yes
23,2/18/25,5,S2,ENG602 / 25,SOPH ENG/B,MARCEE SALAS,10,2027,F,0.03 pts,4.29,,383,,Yes
23,2/18/25,6,S2,MAT702 / 26,ALGEBRA II B,JASON BLAESING,10,2027,B+,3.20 pts,0,,384,,Yes
23,2/18/25,3,S2,BUS302 / 23,PERSONAL FINANCE B,NICOLE SIMEK,12,2025,A-,3.43 pts,0,,385,,Yes
23,2/18/25,2,S2,MAT523 / 22,GEOMETRY B,ROCHELLE AITON,10,2027,,,0,,386,,Yes
23,2/18/25,4,S2,SCI602 / 24,BIOLOGY B,GRANT MERRILL,10,2027,,,0.29,,386,,Yes
23,2/18/25,5,S2,MAT523 / 25,GEOMETRY B,BRIAN ANDERSON,10,2027,C-,2.00 pts,0,,576,,Yes
27,3/18/25,4,S2,MAT702 / 24,ALGEBRA II B,JENNIFER REILLY,10,2027,A,3.95 pts,2.57,,418,,Yes
23,2/18/25,5,S2,MAT702 / 45,ALGEBRA II B,JENNIFER REILLY,10,2027,,,0,,578,,Yes
23,2/18/25,2,S2,SCI610 / 22,CHEMISTRY/B,GRANT MERRILL,11,2026,,,0,,387,,Yes
23,2/18/25,3,S2,MAT702 / 23,ALGEBRA II B,JENNIFER REILLY,11,2026,,,0,,387,,Yes
23,2/18/25,2,S2,SCI610 / 22,CHEMISTRY/B,GRANT MERRILL,11,2026,,,0,,388,,Yes
28,3/25/25,4,S2,MAT702 / 24,ALGEBRA II B,JENNIFER REILLY,10,2027,A,3.73 pts,3.14,,418,,Yes
23,2/18/25,5,S2,BUS302 / 25,PERSONAL FINANCE B,NICOLE SIMEK,12,2025,A,3.84 pts,0.86,,579,,Yes
23,2/18/25,1,S2,MAT523 / 21,GEOMETRY B,ROCHELLE AITON,10,2027,,,2,,389,,Yes
23,2/18/25,3,S2,SCI602 / 23,BIOLOGY B,GRANT MERRILL,10,2027,,,2,,389,,Yes
23,2/18/25,6,S2,SOC702 / 26,US HISTORY/B,SCOTT BOOTHBY,11,2026,A-,3.45 pts,4.57,,580,,Yes
23,2/18/25,3,S2,SCI602 / 23,BIOLOGY B,GRANT MERRILL,10,2027,,,0.86,,391,,Yes
23,2/18/25,2,S2,ENG602 / 22,SOPH ENG/B,KELLY GREGERSEN,10,2027,A,4.00 pts,2,,392,,Yes
23,2/18/25,5,S2,MAT702 / 45,ALGEBRA II B,JENNIFER REILLY,10,2027,,,0,,581,,Yes
23,2/18/25,3,S2,BUS302 / 23,PERSONAL FINANCE B,NICOLE SIMEK,12,2025,B-,2.88 pts,2.86,,394,,Yes
23,2/18/25,4,S2,MAT523 / 24,GEOMETRY B,ROCHELLE AITON,10,2027,,,0.43,,458,,Yes
23,2/18/25,5,S2,MAT702 / 45,ALGEBRA II B,JENNIFER REILLY,11,2026,,,0,,582,,Yes
23,2/18/25,1,S2,SCI504 / 21,PHYSICAL SCIENCE B,JAMES BENNETT,9,2028,F,1.33 pts,3.14,,583,,Yes
23,2/18/25,6,S2,ENG502 / 26,FR ENGLISH/B,DAVID HOLLINGSWORTH,9,2028,,,3,,583,,Yes
23,2/18/25,1,S2,SCI504 / 21,PHYSICAL SCIENCE B,JAMES BENNETT,9,2028,A,4.00 pts,1,,584,,Yes
23,2/18/25,2,S2,MAT702 / 22,ALGEBRA II B,JASON BLAESING,10,2027,A,4.00 pts,0.14,,398,,Yes
23,2/18/25,3,S2,SCI602 / 23,BIOLOGY B,GRANT MERRILL,10,2027,,,0,,398,,Yes
23,2/18/25,1,S2,MAT523 / 21,GEOMETRY B,ROCHELLE AITON,10,2027,,,1,,399,,Yes
23,2/18/25,2,S2,ENG602 / 22,SOPH ENG/B,KELLY GREGERSEN,10,2027,B-,2.85 pts,1,,399,,Yes
23,2/18/25,6,S2,SCI602 / 26,BIOLOGY B,GRANT MERRILL,10,2027,,,1.14,,399,,Yes
23,2/18/25,3,S2,SCI602 / 23,BIOLOGY B,GRANT MERRILL,10,2027,,,5,,585,,Yes
23,2/18/25,1,S2,SCI504 / 21,PHYSICAL SCIENCE B,JAMES BENNETT,11,2026,C+,2.67 pts,3.29,,586,,Yes
29,4/8/25,4,S2,MAT702 / 24,ALGEBRA II B,JENNIFER REILLY,10,2027,A,3.78 pts,6.14,,418,,Yes
23,2/18/25,1,S2,ENG504 / 21,PRE-AP FRESHMAN ENGLISH/B,ANGELINA MERRILL,9,2028,B,3.17 pts,1.14,,587,,Yes
23,2/18/25,1,S2,SCI504 / 21,PHYSICAL SCIENCE B,JAMES BENNETT,12,2025,A,4.00 pts,0,,588,,Yes
23,2/18/25,4,S2,SCI602 / 24,BIOLOGY B,GRANT MERRILL,10,2027,,,2.71,,401,,Yes
23,2/18/25,5,S2,ENG602 / 25,SOPH ENG/B,MARCEE SALAS,10,2027,F,0.00 pts,3.43,,401,,Yes
23,2/18/25,5,S2,MAT523 / 25,GEOMETRY B,BRIAN ANDERSON,10,2027,C-,2.00 pts,1,,402,,Yes
23,2/18/25,3,S2,MAT523 / 23,GEOMETRY B,ROCHELLE AITON,10,2027,,,3,,403,,Yes
23,2/18/25,5,S2,ENG602 / 25,SOPH ENG/B,MARCEE SALAS,10,2027,F,1.15 pts,3,,403,,Yes
30,4/15/25,4,S2,MAT702 / 24,ALGEBRA II B,JENNIFER REILLY,10,2027,A,3.74 pts,7.14,,418,,Yes
21,2/4/25,4,S2,MAT702 / 24,ALGEBRA II B,JENNIFER REILLY,10,2027,A-,3.51 pts,1.71,,455,,Yes
23,2/18/25,2,S2,ENG602 / 22,SOPH ENG/B,KELLY GREGERSEN,10,2027,B,3.05 pts,0,,404,,Yes
23,2/18/25,3,S2,MAT523 / 23,GEOMETRY B,ROCHELLE AITON,10,2027,,,0,,404,,Yes
23,2/18/25,4,S2,SCI602 / 24,BIOLOGY B,GRANT MERRILL,10,2027,,,0,,404,,Yes
23,2/18/25,3,S2,MAT702 / 23,ALGEBRA II B,JENNIFER REILLY,10,2027,,,0,,405,,Yes
23,2/18/25,4,S2,SCI602 / 24,BIOLOGY B,GRANT MERRILL,10,2027,,,0,,405,,Yes
23,2/18/25,5,S2,ENG602 / 25,SOPH ENG/B,MARCEE SALAS,10,2027,B+,3.26 pts,0,,405,,Yes
23,2/18/25,3,S2,MAT702 / 23,ALGEBRA II B,JENNIFER REILLY,11,2026,,,0,,406,,Yes
23,2/18/25,1,S2,MAT523 / 21,GEOMETRY B,ROCHELLE AITON,10,2027,,,5,,407,,Yes
23,2/18/25,2,S2,ENG602 / 22,SOPH ENG/B,KELLY GREGERSEN,10,2027,D+,1.90 pts,5,,407,,Yes
23,2/18/25,6,S2,SCI602 / 46,BIOLOGY B,WILLIAM BAUR,10,2027,F,0.00 pts,5,,407,,Yes
23,2/18/25,5,S2,BUS302 / 25,PERSONAL FINANCE B,NICOLE SIMEK,12,2025,F,0.04 pts,2,,408,,Yes
23,2/18/25,4,S2,SCI602 / 24,BIOLOGY B,GRANT MERRILL,11,2026,,,0,,591,,Yes
23,2/18/25,5,S2,BUS302 / 25,PERSONAL FINANCE B,NICOLE SIMEK,11,2026,A,3.88 pts,1,,591,,Yes
23,2/18/25,6,S2,ENG502 / 26,FR ENGLISH/B,DAVID HOLLINGSWORTH,9,2028,,,6,,410,,Yes
23,2/18/25,2,S2,MAT523 / 22,GEOMETRY B,ROCHELLE AITON,10,2027,,,0,,411,,Yes
23,2/18/25,3,S2,SCI602 / 23,BIOLOGY B,GRANT MERRILL,10,2027,,,0,,411,,Yes
23,2/18/25,4,S2,MAT523 / 24,GEOMETRY B,ROCHELLE AITON,10,2027,,,0.71,,460,,Yes
23,2/18/25,1,S2,SCI504 / 21,PHYSICAL SCIENCE B,JAMES BENNETT,11,2026,A,4.00 pts,0,,412,,Yes
23,2/18/25,2,S2,MAT702 / 22,ALGEBRA II B,JASON BLAESING,11,2026,,0.00 pts,0,,412,,Yes
23,2/18/25,5,S2,MAT702 / 45,ALGEBRA II B,JENNIFER REILLY,11,2026,,,0,,412,,Yes
23,2/18/25,1,S2,SCI504 / 21,PHYSICAL SCIENCE B,JAMES BENNETT,9,2028,A,4.00 pts,0,,592,,Yes
23,2/18/25,3,S2,BUS302 / 23,PERSONAL FINANCE B,NICOLE SIMEK,12,2025,A,3.97 pts,8.86,,413,,Yes
23,2/18/25,1,S2,MAT523 / 21,GEOMETRY B,ROCHELLE AITON,10,2027,,,0.43,,414,,Yes
23,2/18/25,5,S2,ENG602 / 25,SOPH ENG/B,MARCEE SALAS,10,2027,D,1.74 pts,0,,414,,Yes
23,2/18/25,6,S2,SCI602 / 46,BIOLOGY B,WILLIAM BAUR,10,2027,A,4.00 pts,0,,414,,Yes
23,2/18/25,5,S2,BUS302 / 25,PERSONAL FINANCE B,NICOLE SIMEK,12,2025,A,4.00 pts,0.2,,593,,Yes
23,2/18/25,1,S2,SCI504 / 21,PHYSICAL SCIENCE B,JAMES BENNETT,12,2025,C+,2.67 pts,0.43,,415,,Yes
23,2/18/25,2,S2,BUS302 / 22,PERSONAL FINANCE B,NICOLE SIMEK,12,2025,C,2.46 pts,0.43,,415,,Yes
23,2/18/25,2,S2,ENG602 / 22,SOPH ENG/B,KELLY GREGERSEN,10,2027,A,4.00 pts,4,,416,,Yes
23,2/18/25,3,S2,SCI602 / 23,BIOLOGY B,GRANT MERRILL,10,2027,,,4.29,,416,,Yes
23,2/18/25,4,S2,MAT523 / 24,GEOMETRY B,ROCHELLE AITON,10,2027,,,4.29,,416,,Yes
23,2/18/25,6,S2,SCI602 / 46,BIOLOGY B,WILLIAM BAUR,10,2027,A,4.00 pts,0,,417,,Yes
23,2/18/25,2,S2,ENG602 / 22,SOPH ENG/B,KELLY GREGERSEN,10,2027,A,3.80 pts,2,,418,,Yes
22,2/11/25,4,S2,MAT702 / 24,ALGEBRA II B,JENNIFER REILLY,10,2027,,,0,,455,,Yes
23,2/18/25,6,S2,SCI602 / 26,BIOLOGY B,GRANT MERRILL,10,2027,,,2,,418,,Yes
23,2/18/25,3,S2,MAT523 / 23,GEOMETRY B,ROCHELLE AITON,9,2028,,,6,,419,,Yes
23,2/18/25,5,S2,MAT523 / 25,GEOMETRY B,BRIAN ANDERSON,9,2028,A,4.00 pts,0,,420,,Yes
23,2/18/25,1,S2,SCI504 / 21,PHYSICAL SCIENCE B,JAMES BENNETT,9,2028,A,4.00 pts,0,,594,,Yes
23,2/18/25,4,S2,SCI602 / 24,BIOLOGY B,GRANT MERRILL,10,2027,,,0,,421,,Yes
23,2/18/25,2,S2,BUS302 / 22,PERSONAL FINANCE B,NICOLE SIMEK,12,2025,F,0.50 pts,3.71,,422,,Yes
23,2/18/25,2,S2,SCI610 / 22,CHEMISTRY/B,GRANT MERRILL,12,2025,,,1.33,,423,,Yes
23,2/18/25,2,S2,ENG602 / 22,SOPH ENG/B,KELLY GREGERSEN,10,2027,B,2.90 pts,2.86,,48,,Yes
23,2/18/25,5,S2,MAT523 / 25,GEOMETRY B,BRIAN ANDERSON,10,2027,C-,2.00 pts,2.86,,48,,Yes
23,2/18/25,6,S2,SCI602 / 26,BIOLOGY B,GRANT MERRILL,10,2027,,,2.86,,48,,Yes
23,2/18/25,1,S2,SCI504 / 21,PHYSICAL SCIENCE B,JAMES BENNETT,12,2025,F,1.33 pts,2,,49,,Yes
23,2/18/25,6,S2,MAT702 / 26,ALGEBRA II B,JASON BLAESING,12,2025,F,1.60 pts,2,,49,,Yes
24,2/25/25,1,S2,ENG702 / 21,JUNIOR ENG/B,JOHN CARVER,11,2026,F,1.34 pts,3.33,,1,,#N/A
24,2/25/25,2,S2,FAR541 / 22,PERCUSSION/B,DAVID DUARTE,11,2026,,,2.14,,1,,#N/A
24,2/25/25,3,S2,PED101 / 23,PHYSICAL EDUCATION,SCOTT DIZMANG,11,2026,B,3.05 pts,1.9,,1,,#N/A
24,2/25/25,4,S2,CTE115 / 24,ENGINEERING B,JASON BLAESING,11,2026,A,4.00 pts,3.62,,1,,#N/A
24,2/25/25,5,S2,MAT702 / 45,ALGEBRA II B,JENNIFER REILLY,11,2026,F,1.00 pts,3.19,,1,,Yes
24,2/25/25,6,S2,SOC702 / 26,US HISTORY/B,SCOTT BOOTHBY,11,2026,F,0.76 pts,2.57,,1,,Yes
24,2/25/25,1,S2,CTA102 / 21,CTA S2,,11,2026,,,0,,3,,#N/A
24,2/25/25,2,S2,CTA102 / 21,CTA S2,,11,2026,,,0,,3,,#N/A
24,2/25/25,3,S2,CTA102 / 21,CTA S2,,11,2026,,,0,,3,,#N/A
23,2/18/25,4,S2,MAT702 / 24,ALGEBRA II B,JENNIFER REILLY,10,2027,,,0,,455,,Yes
24,2/25/25,5,S2,ASL504 / 25,AMERICAN SIGN LANGUAGE II/B,TAMI GRANT,11,2026,,,1.33,,3,,#N/A
24,2/25/25,6,S2,ENG702 / 26,JUNIOR ENG/B,JOHN CARVER,11,2026,B+,3.36 pts,1.33,,3,,#N/A
24,2/25/25,1,S2,FAR506 / 21,CONCERT CHOIR /B,DAVID DUARTE,10,2027,C-,2.13 pts,2.29,,4,,#N/A
24,2/25/25,2,S2,SPA502 / 22,SPANISH I B,ARELI LOPEZ LOPEZ,10,2027,D+,1.92 pts,1.43,,4,,#N/A
24,2/25/25,3,S2,SOC109 / 23,WORLD HISTORY/B,RYAN ISAACSON,10,2027,,,1.43,,4,,#N/A
24,2/25/25,4,S2,SCI602 / 24,BIOLOGY B,GRANT MERRILL,10,2027,F,0.00 pts,1.71,,4,,Yes
24,2/25/25,5,S2,ENG602 / 25,SOPH ENG/B,MARCEE SALAS,10,2027,F,1.25 pts,1.57,,4,,Yes
24,2/25/25,6,S2,MAT523 / 46,GEOMETRY B,ROCHELLE AITON,10,2027,D+,1.90 pts,1.43,,4,,#N/A
24,2/25/25,1,S2,VOC706 / 21,DIGITAL PHOTOGRAPHY II,ROSANNA RUFF,11,2026,B+,3.33 pts,0.43,,5,,#N/A
24,2/25/25,2,S2,SCI504 / 42,PHYSICAL SCIENCE B,WILLIAM BAUR,11,2026,C-,2.00 pts,0.71,,5,,#N/A
24,2/25/25,3,S2,BUS302 / 23,PERSONAL FINANCE B,NICOLE SIMEK,11,2026,F,0.95 pts,0.71,Jay,5,Active,Yes
24,2/25/25,4,S2,SOC702 / 24,US HISTORY/B,DAVE HAJEK,11,2026,B,3.00 pts,0.71,,5,,#N/A
24,2/25/25,5,S2,ENG702 / 25,JUNIOR ENG/B,JOHN CARVER,11,2026,D,1.71 pts,0.57,,5,,#N/A
24,2/25/25,6,S2,HFL113 / 26,INTRO CULINARY ART,ALEXANDRA YOST,11,2026,C+,2.50 pts,0.14,,5,,#N/A
24,2/25/25,1,S2,VOC620 / 21,METAL CRAFTS & PRODUCTION I,DONALD O'BRIEN,10,2027,,0.33 pts,0,,6,,#N/A
24,2/25/25,1,S2,PED500 / 21,WEIGHT TRAINING,SCOTT BOOTHBY,10,2027,C,2.33 pts,0.14,,6,,#N/A
24,2/25/25,2,S2,PED500 / 22,WEIGHT TRAINING,SCOTT BOOTHBY,10,2027,,4.00 pts,0,,6,,#N/A
24,2/25/25,2,S2,ELE404 / 22,LANGUAGE SUPPORT/B,HAYLEY ALVARADO,10,2027,A,4.00 pts,0,,6,,#N/A
24,2/25/25,3,S2,SOC109 / 23,WORLD HISTORY/B,RYAN ISAACSON,10,2027,,,0,,6,,#N/A
24,2/25/25,4,S2,MAT523 / 24,GEOMETRY B,ROCHELLE AITON,10,2027,B,2.90 pts,0,John L,6,Active,Yes
24,2/25/25,5,S2,ENG602 / 25,SOPH ENG/B,MARCEE SALAS,10,2027,D,1.76 pts,0,Pat,6,Active,Yes
24,2/25/25,6,S2,SCI602 / 46,BIOLOGY B,WILLIAM BAUR,10,2027,F,1.00 pts,0,Mimi,6,Active,Yes
24,2/25/25,1,S2,ENG802 / 21,SENIOR ENG/B,HEATHER CARVER,12,2025,,,2,,7,,#N/A
24,2/25/25,2,S2,BUS302 / 22,PERSONAL FINANCE B,NICOLE SIMEK,12,2025,F,1.37 pts,2,Doug,7,Active,Yes
24,2/25/25,3,S2,ONT401 / 23,ON-TRACK/B,BRIAN ANDERSON,12,2025,U,0.20 pts,2,,7,,#N/A
24,2/25/25,4,S2,ENG716 / 24,DRAMATIC LITERATURE,KELLY GREGERSEN,12,2025,F,1.63 pts,2,,7,,#N/A
24,2/25/25,5,S2,CTE101 / 25,MEDICAL CAREER & TERMS/B,DONNA SCHATZ,12,2025,A,3.96 pts,2,,7,,#N/A
24,2/25/25,6,S2,SOC801 / 26,CONTEMPORARY WORLD ISSUES,JIM REED,12,2025,A,4.00 pts,2,,7,,#N/A
24,2/25/25,1,S2,FAR721 / 21,PANTHER PLAYERS/B,KELLY GREGERSEN,11,2026,A,4.00 pts,4,,46,,#N/A
24,2/25/25,2,S2,SCI610 / 22,CHEMISTRY/B,GRANT MERRILL,11,2026,F,1.00 pts,4,,46,,Yes
24,2/25/25,3,S2,MAT702 / 23,ALGEBRA II B,JENNIFER REILLY,11,2026,D+,1.81 pts,4,,46,,Yes
24,2/25/25,4,S2,ENG716 / 24,DRAMATIC LITERATURE,KELLY GREGERSEN,11,2026,A,3.90 pts,4,,46,,#N/A
24,2/25/25,5,S2,SOC702 / 25,US HISTORY/B,DAVE HAJEK,11,2026,C-,2.02 pts,4,,46,,#N/A
24,2/25/25,6,S2,SPA502 / 26,SPANISH I B,ARELI LOPEZ LOPEZ,11,2026,A,3.87 pts,4,,46,,#N/A
24,2/25/25,1,S2,FAR721 / 21,PANTHER PLAYERS/B,KELLY GREGERSEN,12,2025,A,4.00 pts,1.29,,8,,#N/A
24,2/25/25,2,S2,BUS302 / 22,PERSONAL FINANCE B,NICOLE SIMEK,12,2025,D,1.68 pts,2.86,Jay,8,Active,Yes
24,2/25/25,3,S2,HFL113 / 23,INTRO CULINARY ART,ALEXANDRA YOST,12,2025,W,2.50 pts,2.57,,8,,#N/A
24,2/25/25,3,S2,AID102 / HC3,TEACHER AIDE,HEATHER CARVER,12,2025,,,0.29,,8,,#N/A
24,2/25/25,4,S2,ENG718 / 24,AP LITERATURE/COMPOSITION B,HEATHER CARVER,12,2025,A,4.00 pts,2.57,,8,,#N/A
24,2/25/25,5,S2,SOC801 / 25,CONTEMPORARY WORLD ISSUES,SCOTT BOOTHBY,12,2025,B+,3.24 pts,2.57,,8,,#N/A
24,2/25/25,6,S2,SCI504 / 26,PHYSICAL SCIENCE B,JAMES BENNETT,12,2025,C,2.40 pts,2.57,,8,,#N/A
24,2/25/25,1,S2,PED513 / 21,TEAM GAMES,SCOTT DIZMANG,10,2027,A,4.00 pts,0,,9,,#N/A
24,2/25/25,2,S2,SOC109 / 22,WORLD HISTORY/B,DAVID HOLLINGSWORTH,10,2027,B,3.03 pts,0,,9,,#N/A
24,2/25/25,3,S2,HFL116 / 23,BAKING PASTRY ARTS I,KAYLA PAYNE,10,2027,A,4.00 pts,0,,9,,#N/A
24,2/25/25,4,S2,SCI602 / 24,BIOLOGY B,GRANT MERRILL,10,2027,F,1.50 pts,0,Tom C,9,Active,Yes
24,2/25/25,5,S2,MAT523 / 25,GEOMETRY B,BRIAN ANDERSON,10,2027,B,3.02 pts,0,Linda,9,Active,Yes
24,2/25/25,6,S2,ENG602 / 26,SOPH ENG/B,MARCEE SALAS,10,2027,F,1.44 pts,0,,9,,#N/A
24,2/25/25,1,S2,MAT523 / 21,GEOMETRY B,ROCHELLE AITON,10,2027,C-,2.00 pts,0,John L,10,Active,Yes
24,2/25/25,2,S2,ENG602 / 22,SOPH ENG/B,KELLY GREGERSEN,10,2027,A,3.86 pts,0,,10,,Yes
24,2/25/25,3,S2,SOC109 / 23,WORLD HISTORY/B,RYAN ISAACSON,10,2027,,,0,,10,,#N/A
24,2/25/25,4,S2,HFL119 / 24,ADV CULINARY ARTS B,ALEXANDRA YOST,10,2027,A,3.75 pts,0,,10,,#N/A
24,2/25/25,5,S2,PED500 / 25,WEIGHT TRAINING,SCOTT DIZMANG,10,2027,A,4.00 pts,0,,10,,#N/A
24,2/25/25,6,S2,SCI602 / 26,BIOLOGY B,GRANT MERRILL,10,2027,A-,3.50 pts,0,Larry,10,Active,Yes
24,2/25/25,1,S2,SPA602 / 21,SPANISH II B,ARELI LOPEZ LOPEZ,11,2026,A,3.88 pts,1,,11,,#N/A
24,2/25/25,2,S2,HFL115 / 22,ADVANCED PASTRY ARTS I,KAYLA PAYNE,11,2026,A,4.00 pts,1,,11,,#N/A
24,2/25/25,3,S2,MAT702 / 23,ALGEBRA II B,JENNIFER REILLY,11,2026,D+,1.95 pts,1,,11,,Yes
24,2/25/25,4,S2,CTE115 / 24,ENGINEERING B,JASON BLAESING,11,2026,A,4.00 pts,1,,11,,#N/A
24,2/25/25,5,S2,SOC704 / 25,AP US HISTORY B,RYAN ISAACSON,11,2026,A,4.00 pts,1,,11,,#N/A
24,2/25/25,6,S2,ENG702 / 26,JUNIOR ENG/B,JOHN CARVER,11,2026,A,3.68 pts,1,,11,,#N/A
24,2/25/25,1,S2,CTE115 / 21,ENGINEERING B,JASON BLAESING,11,2026,F,0.00 pts,2,,12,,#N/A
24,2/25/25,2,S2,VOC705 / 22,DIGITAL PHOTOGRAPHY I,ROSANNA RUFF,11,2026,A,3.87 pts,2,,12,,#N/A
24,2/25/25,3,S2,PED500 / 23,WEIGHT TRAINING,SCOTT BOOTHBY,11,2026,A,3.67 pts,2,,12,,#N/A
24,2/25/25,4,S2,SOC702 / 24,US HISTORY/B,DAVE HAJEK,11,2026,F,0.27 pts,2,,12,,#N/A
24,2/25/25,5,S2,BUS302 / 25,PERSONAL FINANCE B,NICOLE SIMEK,11,2026,F,0.95 pts,2,,12,,Yes
24,2/25/25,6,S2,ENG702 / 26,JUNIOR ENG/B,JOHN CARVER,11,2026,C-,2.05 pts,2,,12,,#N/A
24,2/25/25,1,S2,MAT523 / 21,GEOMETRY B,ROCHELLE AITON,10,2027,F,0.00 pts,2,John L,13,Active,Yes
24,2/25/25,2,S2,ENG602 / 22,SOPH ENG/B,KELLY GREGERSEN,10,2027,A,3.64 pts,2,,13,,Yes
24,2/25/25,3,S2,SCI602 / 43,BIOLOGY B,DONNA SCHATZ,10,2027,F,0.19 pts,2,,13,,#N/A
24,2/25/25,4,S2,SCI504 / 44,PHYSICAL SCIENCE B,WILLIAM BAUR,10,2027,C-,2.00 pts,2,,13,,#N/A
24,2/25/25,5,S2,HFL116 / 25,BAKING PASTRY ARTS I,KAYLA PAYNE,10,2027,B,3.00 pts,2,,13,,#N/A
24,2/25/25,6,S2,SOC109 / 46,WORLD HISTORY/B,DAVE HAJEK,10,2027,B,2.95 pts,2,,13,,#N/A
24,2/25/25,1,S2,ENG702 / 21,JUNIOR ENG/B,JOHN CARVER,11,2026,A,3.68 pts,1,,14,,#N/A
24,2/25/25,2,S2,VOC107 / 22,METALS MANUF & TECHNOLOGY II,DONALD O'BRIEN,11,2026,A-,3.43 pts,1,,14,,#N/A
24,2/25/25,3,S2,MAT702 / 23,ALGEBRA II B,JENNIFER REILLY,11,2026,F,1.00 pts,0.43,,14,Active,Yes
24,2/25/25,4,S2,SCI504 / 24,PHYSICAL SCIENCE B,JAMES BENNETT,11,2026,B+,3.20 pts,1.14,,14,,#N/A
24,2/25/25,5,S2,SOC702 / 25,US HISTORY/B,DAVE HAJEK,11,2026,C-,2.09 pts,0.86,,14,,#N/A
24,2/25/25,6,S2,AID102 / AL6,TEACHER AIDE,ARELI LOPEZ LOPEZ,11,2026,,,0.57,,14,,#N/A
24,2/25/25,1,S2,SPA602 / 21,SPANISH II B,ARELI LOPEZ LOPEZ,10,2027,A,3.83 pts,0,,15,,#N/A
24,2/25/25,2,S2,ENG602 / 22,SOPH ENG/B,KELLY GREGERSEN,10,2027,B-,2.77 pts,0,,15,,Yes
24,2/25/25,3,S2,SCI602 / 23,BIOLOGY B,GRANT MERRILL,10,2027,C+,2.50 pts,0,Linda,15,Active,Yes
24,2/25/25,4,S2,MAT523 / 24,GEOMETRY B,ROCHELLE AITON,10,2027,D+,1.95 pts,0,,15,,Yes
24,2/25/25,5,S2,VOC502 / 25,FINE ARTS WOODWORKING I,BRENT MANSELL,10,2027,A,4.00 pts,0,,15,,#N/A
24,2/25/25,6,S2,SOC109 / 26,WORLD HISTORY/B,RYAN ISAACSON,10,2027,,,0,,15,,#N/A
24,2/25/25,1,S2,SOC109 / 21,WORLD HISTORY/B,DAVID HOLLINGSWORTH,10,2027,A-,3.52 pts,0,,16,,#N/A
24,2/25/25,2,S2,FAR108 / 22,CERAMICS I,ROBERT YEE,10,2027,B,3.00 pts,0,,16,,#N/A
24,2/25/25,3,S2,MAT523 / 23,GEOMETRY B,ROCHELLE AITON,10,2027,F,1.00 pts,0,,16,,Yes
24,2/25/25,4,S2,SCI504 / 44,PHYSICAL SCIENCE B,WILLIAM BAUR,10,2027,C-,2.00 pts,0,,16,,#N/A
24,2/25/25,5,S2,HFL116 / 25,BAKING PASTRY ARTS I,KAYLA PAYNE,10,2027,A,4.00 pts,0,,16,,#N/A
24,2/25/25,6,S2,ENG602 / 26,SOPH ENG/B,MARCEE SALAS,10,2027,D+,1.98 pts,0,,16,,#N/A
24,2/25/25,1,S2,MAT523 / 21,GEOMETRY B,ROCHELLE AITON,10,2027,,,1,,17,,Yes
24,2/25/25,1,S2,PED513 / 21,TEAM GAMES,SCOTT DIZMANG,10,2027,C-,2.10 pts,0.86,,17,,#N/A
24,2/25/25,2,S2,ENG602 / 22,SOPH ENG/B,KELLY GREGERSEN,10,2027,A,3.75 pts,2.02,,17,,Yes
24,2/25/25,3,S2,SCI602 / 43,BIOLOGY B,DONNA SCHATZ,10,2027,A,3.81 pts,1.86,,17,,#N/A
24,2/25/25,4,S2,SOC109 / 24,WORLD HISTORY/B,DAVID HOLLINGSWORTH,10,2027,C,2.49 pts,1.86,,17,,#N/A
24,2/25/25,5,S2,HFL116 / 25,BAKING PASTRY ARTS I,KAYLA PAYNE,10,2027,A,4.00 pts,1.86,,17,,#N/A
24,2/25/25,6,S2,MAT523 / 46,GEOMETRY B,ROCHELLE AITON,10,2027,F,0.95 pts,1.14,,17,,#N/A
24,2/25/25,1,S2,PED500 / 21,WEIGHT TRAINING,SCOTT BOOTHBY,12,2025,,2.00 pts,0.14,,18,,#N/A
24,2/25/25,1,S2,AACAL2 / 21,ACADEMIC ACHIEVEMENT B,AARON LABREE,12,2025,,,0.86,,18,,#N/A
24,2/25/25,2,S2,BUS302 / 22,PERSONAL FINANCE B,NICOLE SIMEK,12,2025,F,1.27 pts,1,Jay,18,Active,Yes
24,2/25/25,3,S2,SOC801 / 23,CONTEMPORARY WORLD ISSUES,JIM REED,12,2025,A,4.00 pts,0.57,,18,,#N/A
24,2/25/25,4,S2,PED513 / 24,TEAM GAMES,SCOTT DIZMANG,12,2025,A,4.00 pts,0.57,,18,,#N/A
24,2/25/25,5,S2,ONT401 / 25,ON-TRACK/B,ROBERT YEE,12,2025,,,0.14,,18,,#N/A
24,2/25/25,6,S2,ENG802 / 26,SENIOR ENG/B,HEATHER CARVER,12,2025,,,0,,18,,#N/A
24,2/25/25,1,S2,HFL114 / 21,FAMILY HEALTH,THOMAS KESSINGER,9,2028,A,4.00 pts,1,,2,,#N/A
24,2/25/25,2,S2,ASL502 / 22,AMERICAN  SIGN LANGUAGE I/B,KYLA RITCHEY,9,2028,A-,3.50 pts,1,,2,,#N/A
24,2/25/25,3,S2,MAT521 / 43,ALGEBRA I B,JANET GROVE,9,2028,B,3.05 pts,1,,2,,#N/A
24,2/25/25,4,S2,SCI504 / 24,PHYSICAL SCIENCE B,JAMES BENNETT,9,2028,A,4.00 pts,1.14,,2,,#N/A
24,2/25/25,5,S2,VOC705 / 25,DIGITAL PHOTOGRAPHY I,ROSANNA RUFF,9,2028,A,4.00 pts,1,,2,,#N/A
24,2/25/25,6,S2,ENG502 / 26,FR ENGLISH/B,DAVID HOLLINGSWORTH,9,2028,A,4.00 pts,1,Melanie,2,Active,Yes
24,2/25/25,1,S2,CTE115 / 21,ENGINEERING B,JASON BLAESING,11,2026,A,4.00 pts,0,,19,,#N/A
24,2/25/25,2,S2,FAR108 / 22,CERAMICS I,ROBERT YEE,11,2026,B,3.00 pts,0,,19,,#N/A
24,2/25/25,3,S2,PED101 / 23,PHYSICAL EDUCATION,SCOTT DIZMANG,11,2026,A,4.00 pts,0,,19,,#N/A
24,2/25/25,4,S2,ENG702 / 24,JUNIOR ENG/B,JOHN CARVER,11,2026,B-,2.71 pts,0,,19,,#N/A
24,2/25/25,5,S2,SOC704 / 25,AP US HISTORY B,RYAN ISAACSON,11,2026,F,0.20 pts,0,,19,,#N/A
24,2/25/25,6,S2,MAT702 / 26,ALGEBRA II B,JASON BLAESING,11,2026,C-,2.07 pts,0,Larry,19,Active,Yes
24,2/25/25,1,S2,ENG602 / 21,SOPH ENG/B,MARCEE SALAS,10,2027,B+,3.38 pts,0.14,,20,,#N/A
24,2/25/25,2,S2,MAT523 / 42,GEOMETRY B,BRIAN ANDERSON,10,2027,B,3.01 pts,0,,20,,#N/A
24,2/25/25,3,S2,FAR109 / 23,CERAMICS II,ROBERT YEE,10,2027,,,0,,20,,#N/A
24,2/25/25,4,S2,SCI602 / 24,BIOLOGY B,GRANT MERRILL,10,2027,C+,2.50 pts,0,Linda,20,Active,Yes
24,2/25/25,5,S2,CTE101 / 25,MEDICAL CAREER & TERMS/B,DONNA SCHATZ,10,2027,B,3.01 pts,0,,20,,#N/A
24,2/25/25,6,S2,SOC109 / 46,WORLD HISTORY/B,DAVE HAJEK,10,2027,B,2.94 pts,0.14,,20,,#N/A
24,2/25/25,1,S2,SOC702 / 21,US HISTORY/B,DAVE HAJEK,11,2026,F,0.29 pts,4.86,,21,,#N/A
24,2/25/25,2,S2,MAT523 / 22,GEOMETRY B,ROCHELLE AITON,11,2026,F,0.00 pts,4.86,John,21,Active,Yes
24,2/25/25,3,S2,BUS302 / 23,PERSONAL FINANCE B,NICOLE SIMEK,11,2026,D+,1.99 pts,4.86,Jay,21,Active,Yes
24,2/25/25,4,S2,HFL119 / 24,ADV CULINARY ARTS B,ALEXANDRA YOST,11,2026,A,4.00 pts,5.14,,21,,#N/A
24,2/25/25,5,S2,ENG702 / 25,JUNIOR ENG/B,JOHN CARVER,11,2026,F,1.32 pts,5.14,,21,,#N/A
24,2/25/25,6,S2,FAR113 / 26,INTRO TO ART AND DESIGN,ROBERT YEE,11,2026,,3.00 pts,5.14,,21,,#N/A
24,2/25/25,6,S2,FAR114 / 26,INTERMEDIATE ART,ROBERT YEE,11,2026,,,0,,21,,#N/A
24,2/25/25,1,S2,PED513 / 21,TEAM GAMES,SCOTT DIZMANG,11,2026,A,4.00 pts,0,,22,,#N/A
24,2/25/25,2,S2,HFL115 / 22,ADVANCED PASTRY ARTS I,KAYLA PAYNE,11,2026,A,4.00 pts,0,,22,,#N/A
24,2/25/25,3,S2,MAT702 / 23,ALGEBRA II B,JENNIFER REILLY,11,2026,C-,2.14 pts,0,,22,,Yes
24,2/25/25,4,S2,SCI504 / 44,PHYSICAL SCIENCE B,WILLIAM BAUR,11,2026,A,4.00 pts,0,,22,,#N/A
24,2/25/25,5,S2,SOC702 / 25,US HISTORY/B,DAVE HAJEK,11,2026,A,3.95 pts,0,,22,,#N/A
24,2/25/25,6,S2,ENG702 / 26,JUNIOR ENG/B,JOHN CARVER,11,2026,A,4.00 pts,0.14,,22,,#N/A
24,2/25/25,1,S2,MAT705 / 21,PRE-CALC B MAT 154,BRIAN ANDERSON,12,2025,A,3.88 pts,0.25,,24,,#N/A
24,2/25/25,2,S2,RUN102 / 22,RUNNING START/B,,12,2025,,,0,,24,,#N/A
24,2/25/25,3,S2,RUN102 / 23,RUNNING START/B,,12,2025,,,0,,24,,#N/A
24,2/25/25,4,S2,RUN102 / 24,RUNNING START/B,,12,2025,,,0,,24,,#N/A
24,2/25/25,5,S2,ENG802 / 25,SENIOR ENG/B,HEATHER CARVER,12,2025,A,4.00 pts,0,,24,,#N/A
24,2/25/25,6,S2,SOC801 / 26,CONTEMPORARY WORLD ISSUES,JIM REED,12,2025,A,4.00 pts,0,,24,,#N/A
24,2/25/25,1,S2,PED500 / 21,WEIGHT TRAINING,SCOTT BOOTHBY,9,2028,A,4.00 pts,0,,25,,#N/A
24,2/25/25,2,S2,SCI504 / 42,PHYSICAL SCIENCE B,WILLIAM BAUR,9,2028,A,4.00 pts,0,,25,,#N/A
24,2/25/25,3,S2,FAR108 / 23,CERAMICS I,ROBERT YEE,9,2028,,,0,,25,,#N/A
24,2/25/25,4,S2,CTE230 / 24,SOCIAL MEDIA MARKETING I,NICOLE SIMEK,9,2028,F,1.00 pts,0,,25,,#N/A
24,2/25/25,5,S2,MAT521 / 25,ALGEBRA I B,KEVIN REILLY,9,2028,B,2.94 pts,0,,25,,#N/A
24,2/25/25,6,S2,ENG502 / 26,FR ENGLISH/B,DAVID HOLLINGSWORTH,9,2028,A,3.67 pts,0,Alex W,25,Active,Yes
24,2/25/25,1,S2,ENG702 / 21,JUNIOR ENG/B,JOHN CARVER,11,2026,F,0.68 pts,5.86,,26,,#N/A
24,2/25/25,2,S2,SCI504 / 22,PHYSICAL SCIENCE B,JAMES BENNETT,11,2026,F,1.60 pts,4.57,,26,,#N/A
24,2/25/25,3,S2,BUS302 / 23,PERSONAL FINANCE B,NICOLE SIMEK,11,2026,F,0.95 pts,3.86,Jay,26,Active,Yes
24,2/25/25,4,S2,SOC702 / 24,US HISTORY/B,DAVE HAJEK,11,2026,B-,2.86 pts,4.14,,26,,#N/A
24,2/25/25,5,S2,ONT401 / 25,ON-TRACK/B,ROBERT YEE,11,2026,,,5.14,,26,,#N/A
24,2/25/25,6,S2,FAR113 / 26,INTRO TO ART AND DESIGN,ROBERT YEE,11,2026,F,0.00 pts,4.14,,26,,#N/A
24,2/25/25,1,S2,MAT702 / 21,ALGEBRA II B,JENNIFER REILLY,11,2026,D+,1.95 pts,1,,29,,#N/A
24,2/25/25,2,S2,SCI504 / 42,PHYSICAL SCIENCE B,WILLIAM BAUR,11,2026,A,4.00 pts,0.43,,29,,#N/A
24,2/25/25,3,S2,ENG720 / 23,AP LANGUAGE/ COMPOSITON B,HEATHER CARVER,11,2026,F,1.50 pts,0,,29,,#N/A
24,2/25/25,4,S2,ASL506 / 24,AMER SIGN III/B,TAMI GRANT,11,2026,,,0,,29,,#N/A
24,2/25/25,5,S2,CTE502 / 25,PROJECT IN  LEADERSHIP/B,KYLA RITCHEY,11,2026,A,4.00 pts,0,,29,,#N/A
24,2/25/25,6,S2,SOC702 / 26,US HISTORY/B,SCOTT BOOTHBY,11,2026,F,1.11 pts,0.71,Melanie,29,Active,Yes
24,2/25/25,1,S2,ENG802 / 21,SENIOR ENG/B,HEATHER CARVER,12,2025,A,4.00 pts,0.29,,27,,#N/A
24,2/25/25,2,S2,BUS302 / 22,PERSONAL FINANCE B,NICOLE SIMEK,12,2025,F,0.98 pts,0.29,Doug,27,Active,Yes
24,2/25/25,3,S2,ONT401 / 23,ON-TRACK/B,BRIAN ANDERSON,12,2025,U,0.20 pts,0,,27,,#N/A
24,2/25/25,4,S2,SOC801 / 24,CONTEMPORARY WORLD ISSUES,JIM REED,12,2025,A,4.00 pts,0,,27,,#N/A
24,2/25/25,5,S2,CTE101 / 25,MEDICAL CAREER & TERMS/B,DONNA SCHATZ,12,2025,F,1.47 pts,0,,27,,#N/A
24,2/25/25,6,S2,ENG715 / 26,FILM AS LITERATURE,KELLY GREGERSEN,12,2025,B,3.10 pts,0,,27,,#N/A
24,2/25/25,1,S2,ENG602 / 21,SOPH ENG/B,MARCEE SALAS,10,2027,D+,1.82 pts,0,,28,,#N/A
24,2/25/25,2,S2,SCI602 / 42,BIOLOGY B,DONNA SCHATZ,10,2027,B,3.10 pts,0,,28,,#N/A
24,2/25/25,3,S2,ASL502 / 23,AMERICAN  SIGN LANGUAGE I/B,KYLA RITCHEY,10,2027,A,4.00 pts,0,,28,,#N/A
24,2/25/25,4,S2,MAT523 / 24,GEOMETRY B,ROCHELLE AITON,10,2027,F,1.00 pts,0,,28,,Yes
24,2/25/25,5,S2,HFL116 / 25,BAKING PASTRY ARTS I,KAYLA PAYNE,10,2027,B,3.00 pts,0,,28,,#N/A
24,2/25/25,6,S2,SOC109 / 26,WORLD HISTORY/B,RYAN ISAACSON,10,2027,,,0,,28,,#N/A
24,2/25/25,1,S2,ENG802 / 21,SENIOR ENG/B,HEATHER CARVER,12,2025,,,5.71,,30,,#N/A
24,2/25/25,2,S2,ASL504 / 22,AMERICAN SIGN LANGUAGE II/B,TAMI GRANT,12,2025,,,5.43,,30,,#N/A
24,2/25/25,3,S2,HFL113 / 23,INTRO CULINARY ART,ALEXANDRA YOST,12,2025,B-,2.83 pts,5.43,,30,,#N/A
24,2/25/25,4,S2,SOC801 / 24,CONTEMPORARY WORLD ISSUES,JIM REED,12,2025,A,4.00 pts,5.14,,30,,#N/A
24,2/25/25,5,S2,BUS302 / 25,PERSONAL FINANCE B,NICOLE SIMEK,12,2025,A,3.93 pts,5,Doug,30,Active,Yes
24,2/25/25,6,S2,VOC621 / 26,METAL CRAFTS & PRODUCTION II,DONALD O'BRIEN,12,2025,B-,2.75 pts,5.29,,30,,#N/A
24,2/25/25,1,S2,PED513 / 21,TEAM GAMES,SCOTT DIZMANG,11,2026,F,0.00 pts,8.4,,31,,#N/A
24,2/25/25,2,S2,VOC705 / 22,DIGITAL PHOTOGRAPHY I,ROSANNA RUFF,11,2026,W,0.00 pts,5.2,,31,,#N/A
24,2/25/25,2,S2,ELE404 / 22,LANGUAGE SUPPORT/B,HAYLEY ALVARADO,11,2026,,,3.2,,31,,#N/A
24,2/25/25,3,S2,ELE404 / 23,LANGUAGE SUPPORT/B,HAYLEY ALVARADO,11,2026,A,4.00 pts,8,,31,,#N/A
24,2/25/25,4,S2,FAR109 / 24,CERAMICS II,ROBERT YEE,11,2026,B,3.00 pts,8.2,,31,,#N/A
24,2/25/25,5,S2,NCR105 / 25,EARLY DISMISSAL,MARK CASTLE,11,2026,,,0,,31,,#N/A
24,2/25/25,6,S2,NCR105 / 26,EARLY DISMISSAL,MARK CASTLE,11,2026,,,0,,31,,#N/A
24,2/25/25,1,S2,SOC109 / 21,WORLD HISTORY/B,DAVID HOLLINGSWORTH,10,2027,A-,3.49 pts,1,,32,,#N/A
24,2/25/25,2,S2,HFL114 / 22,FAMILY HEALTH,THOMAS KESSINGER,10,2027,A,4.00 pts,1,,32,,#N/A
24,2/25/25,3,S2,SCI602 / 43,BIOLOGY B,DONNA SCHATZ,10,2027,B,3.00 pts,1,,32,,#N/A
24,2/25/25,4,S2,MAT523 / 24,GEOMETRY B,ROCHELLE AITON,10,2027,F,0.95 pts,1,,32,,Yes
24,2/25/25,5,S2,ASL504 / 25,AMERICAN SIGN LANGUAGE II/B,TAMI GRANT,10,2027,,,1,,32,,#N/A
24,2/25/25,6,S2,ENG602 / 26,SOPH ENG/B,MARCEE SALAS,10,2027,C-,2.05 pts,1,,32,,#N/A
24,2/25/25,1,S2,PED513 / 21,TEAM GAMES,SCOTT DIZMANG,10,2027,A,4.00 pts,1.29,,33,,#N/A
24,2/25/25,2,S2,MAT523 / 22,GEOMETRY B,ROCHELLE AITON,10,2027,F,0.95 pts,1.29,John L,33,Active,Yes
24,2/25/25,3,S2,ASL502 / 23,AMERICAN  SIGN LANGUAGE I/B,KYLA RITCHEY,10,2027,B,3.00 pts,1,,33,,#N/A
24,2/25/25,4,S2,SOC109 / 24,WORLD HISTORY/B,DAVID HOLLINGSWORTH,10,2027,F,0.00 pts,1,,33,,#N/A
24,2/25/25,5,S2,ENG602 / 25,SOPH ENG/B,MARCEE SALAS,10,2027,F,0.95 pts,1,,33,,Yes
24,2/25/25,6,S2,SCI602 / 46,BIOLOGY B,WILLIAM BAUR,10,2027,F,0.00 pts,1.29,,33,,Yes
24,2/25/25,1,S2,VOC504 / 21,ADV FINE ARTS WOODWORKING I,BRENT MANSELL,10,2027,F,0.00 pts,1.14,,34,,#N/A
24,2/25/25,2,S2,ENG602 / 22,SOPH ENG/B,KELLY GREGERSEN,10,2027,D+,1.95 pts,0.14,Cindy,34,Active,Yes
24,2/25/25,3,S2,MAT523 / 23,GEOMETRY B,ROCHELLE AITON,10,2027,F,0.00 pts,1.14,,34,,Yes
24,2/25/25,4,S2,PED513 / 24,TEAM GAMES,SCOTT DIZMANG,10,2027,F,1.15 pts,1.29,,34,,#N/A
24,2/25/25,5,S2,SCI602 / 25,BIOLOGY B,GRANT MERRILL,10,2027,F,0.50 pts,0.14,,34,,#N/A
24,2/25/25,6,S2,SOC109 / 26,WORLD HISTORY/B,RYAN ISAACSON,10,2027,,,0.14,,34,,#N/A
24,2/25/25,1,S2,ENG802 / 21,SENIOR ENG/B,HEATHER CARVER,12,2025,A,4.00 pts,0,,35,,#N/A
24,2/25/25,2,S2,SCI504 / 22,PHYSICAL SCIENCE B,JAMES BENNETT,12,2025,C,2.40 pts,0,,35,,#N/A
24,2/25/25,3,S2,SOC801 / 23,CONTEMPORARY WORLD ISSUES,JIM REED,12,2025,F,0.00 pts,0,,35,,#N/A
24,2/25/25,4,S2,MAT521 / 24,ALGEBRA I B,KEVIN REILLY,12,2025,D+,1.97 pts,0,,35,,#N/A
24,2/25/25,5,S2,ONT401 / 25,ON-TRACK/B,ROBERT YEE,12,2025,,,0,,35,,#N/A
24,2/25/25,6,S2,SCI602 / 46,BIOLOGY B,WILLIAM BAUR,12,2025,F,0.00 pts,0,,35,,Yes
24,2/25/25,1,S2,CTE115 / 21,ENGINEERING B,JASON BLAESING,11,2026,A,4.00 pts,0,,36,,#N/A
24,2/25/25,2,S2,MAT702 / 22,ALGEBRA II B,JASON BLAESING,11,2026,F,1.15 pts,0,Larry,36,Active,Yes
24,2/25/25,3,S2,FAR604 / 23,SCENE DESIGN,KELLY GREGERSEN,11,2026,B,3.05 pts,0,,36,,#N/A
24,2/25/25,4,S2,ENG702 / 24,JUNIOR ENG/B,JOHN CARVER,11,2026,B+,3.36 pts,0,,36,,#N/A
24,2/25/25,5,S2,SOC702 / 25,US HISTORY/B,DAVE HAJEK,11,2026,A,3.96 pts,0,,36,,#N/A
24,2/25/25,6,S2,FAR543 / 26,WIND ENSEMB/B,DAVID DUARTE,11,2026,B,3.17 pts,0,,36,,#N/A
24,2/25/25,1,S2,PED500 / 21,WEIGHT TRAINING,SCOTT BOOTHBY,11,2026,C-,2.00 pts,4.14,,37,,#N/A
24,2/25/25,2,S2,SCI504 / 22,PHYSICAL SCIENCE B,JAMES BENNETT,11,2026,C,2.40 pts,4,,37,,#N/A
24,2/25/25,3,S2,ONT401 / 23,ON-TRACK/B,BRIAN ANDERSON,11,2026,U,0.20 pts,4,,37,,#N/A
24,2/25/25,4,S2,ENG716 / 24,DRAMATIC LITERATURE,KELLY GREGERSEN,11,2026,C-,2.00 pts,4,,37,,#N/A
24,2/25/25,5,S2,BUS302 / 25,PERSONAL FINANCE B,NICOLE SIMEK,11,2026,F,1.43 pts,4,Doug,37,Active,Yes
24,2/25/25,6,S2,SOC702 / 26,US HISTORY/B,SCOTT BOOTHBY,11,2026,F,1.23 pts,4,,37,,Yes
24,2/25/25,1,S2,MAT523 / 21,GEOMETRY B,ROCHELLE AITON,10,2027,D+,1.95 pts,2.14,,38,,Yes
24,2/25/25,2,S2,VOC107 / 22,METALS MANUF & TECHNOLOGY II,DONALD O'BRIEN,10,2027,A,4.00 pts,2.14,,38,,#N/A
24,2/25/25,3,S2,SCI602 / 43,BIOLOGY B,DONNA SCHATZ,10,2027,B,3.00 pts,2,,38,,#N/A
24,2/25/25,4,S2,SOC109 / 24,WORLD HISTORY/B,DAVID HOLLINGSWORTH,10,2027,A-,3.42 pts,2,,38,,#N/A
24,2/25/25,5,S2,ENG602 / 25,SOPH ENG/B,MARCEE SALAS,10,2027,C-,2.00 pts,2,,38,,Yes
24,2/25/25,6,S2,PED500 / 26,WEIGHT TRAINING,SCOTT DIZMANG,10,2027,A,4.00 pts,2,,38,,#N/A
24,2/25/25,1,S2,VOC620 / 21,METAL CRAFTS & PRODUCTION I,DONALD O'BRIEN,10,2027,A,4.00 pts,0,,39,,#N/A
24,2/25/25,2,S2,SOC109 / 22,WORLD HISTORY/B,DAVID HOLLINGSWORTH,10,2027,A-,3.46 pts,0,,39,,#N/A
24,2/25/25,3,S2,MAT523 / 23,GEOMETRY B,ROCHELLE AITON,10,2027,D+,1.95 pts,0,,39,,Yes
24,2/25/25,4,S2,VOC503 / 24,FINE ARTS WOODS II,BRENT MANSELL,10,2027,A,4.00 pts,0,,39,,#N/A
24,2/25/25,5,S2,ENG602 / 25,SOPH ENG/B,MARCEE SALAS,10,2027,C-,2.08 pts,0,,39,,Yes
24,2/25/25,6,S2,SCI602 / 46,BIOLOGY B,WILLIAM BAUR,10,2027,F,0.00 pts,0,,39,,Yes
24,2/25/25,1,S2,ENG702 / 21,JUNIOR ENG/B,JOHN CARVER,11,2026,B+,3.36 pts,0,,40,,#N/A
24,2/25/25,2,S2,MAT702 / 22,ALGEBRA II B,JASON BLAESING,11,2026,F,1.02 pts,0,,40,,Yes
24,2/25/25,3,S2,SCI504 / 43,PHYSICAL SCIENCE B,WILLIAM BAUR,11,2026,B,3.00 pts,0,,40,,#N/A
24,2/25/25,4,S2,VOC504 / 24,ADV FINE ARTS WOODWORKING I,BRENT MANSELL,11,2026,A,4.00 pts,0,,40,,#N/A
24,2/25/25,5,S2,SPA602 / 25,SPANISH II B,ARELI LOPEZ LOPEZ,11,2026,F,0.07 pts,0,,40,,#N/A
24,2/25/25,6,S2,SOC702 / 26,US HISTORY/B,SCOTT BOOTHBY,11,2026,C,2.26 pts,0,,40,,Yes
24,2/25/25,1,S2,MAT702 / 21,ALGEBRA II B,JENNIFER REILLY,11,2026,F,1.10 pts,5,,47,,#N/A
24,2/25/25,2,S2,SCI610 / 22,CHEMISTRY/B,GRANT MERRILL,11,2026,F,1.00 pts,5,,47,,Yes
24,2/25/25,3,S2,ASL504 / 23,AMERICAN SIGN LANGUAGE II/B,TAMI GRANT,11,2026,,,5,,47,,#N/A
24,2/25/25,4,S2,SOC702 / 24,US HISTORY/B,DAVE HAJEK,11,2026,F,0.33 pts,5,,47,,#N/A
24,2/25/25,5,S2,PED500 / 25,WEIGHT TRAINING,SCOTT DIZMANG,11,2026,A,4.00 pts,5,,47,,#N/A
24,2/25/25,6,S2,ENG702 / 26,JUNIOR ENG/B,JOHN CARVER,11,2026,F,1.64 pts,5,,47,,#N/A
24,2/25/25,1,S2,ENG702 / 21,JUNIOR ENG/B,JOHN CARVER,11,2026,B+,3.36 pts,0,,41,,#N/A
24,2/25/25,2,S2,SCI504 / 42,PHYSICAL SCIENCE B,WILLIAM BAUR,11,2026,B,3.00 pts,0,,41,,#N/A
24,2/25/25,3,S2,ASL504 / 23,AMERICAN SIGN LANGUAGE II/B,TAMI GRANT,11,2026,,,0.14,,41,,#N/A
24,2/25/25,4,S2,SOC702 / 24,US HISTORY/B,DAVE HAJEK,11,2026,B,3.05 pts,0,,41,,#N/A
24,2/25/25,5,S2,MAT702 / 45,ALGEBRA II B,JENNIFER REILLY,11,2026,F,1.19 pts,0,,41,,Yes
24,2/25/25,6,S2,FAR113 / 26,INTRO TO ART AND DESIGN,ROBERT YEE,11,2026,B,3.00 pts,0,,41,,#N/A
24,2/25/25,1,S2,FAR607 / 21,ADVANCED ACTING/ B,KELLY GREGERSEN,12,2025,A,3.80 pts,0,,42,,#N/A
24,2/25/25,2,S2,SCI610 / 22,CHEMISTRY/B,GRANT MERRILL,12,2025,B,3.00 pts,0,Jay,42,Active,Yes
24,2/25/25,3,S2,ENG802 / 23,SENIOR ENG/B,JOHN CARVER,12,2025,D+,1.97 pts,0.14,,42,,#N/A
24,2/25/25,4,S2,HFL119 / 24,ADV CULINARY ARTS B,ALEXANDRA YOST,12,2025,A,4.00 pts,0,,42,,#N/A
24,2/25/25,5,S2,BUS302 / 25,PERSONAL FINANCE B,NICOLE SIMEK,12,2025,C,2.22 pts,0,,42,,Yes
24,2/25/25,6,S2,FAR543 / 26,WIND ENSEMB/B,DAVID DUARTE,12,2025,C-,2.00 pts,0,,42,,#N/A
24,2/25/25,1,S2,ENG702 / 21,JUNIOR ENG/B,JOHN CARVER,11,2026,C,2.39 pts,2.86,,43,,#N/A
24,2/25/25,2,S2,SCI504 / 22,PHYSICAL SCIENCE B,JAMES BENNETT,11,2026,A,4.00 pts,2.86,Larry,43,Active,#N/A
24,2/25/25,3,S2,ASL504 / 23,AMERICAN SIGN LANGUAGE II/B,TAMI GRANT,11,2026,,,2.86,,43,,#N/A
24,2/25/25,4,S2,SOC702 / 24,US HISTORY/B,DAVE HAJEK,11,2026,A,3.65 pts,2.86,,43,,#N/A
24,2/25/25,5,S2,SOC106 / 25,AP PSYCHOLOGY B,JIM REED,11,2026,F,0.00 pts,2.86,,43,,#N/A
24,2/25/25,6,S2,MAT702 / 26,ALGEBRA II B,JASON BLAESING,11,2026,F,0.95 pts,3,,43,,Yes
24,2/25/25,1,S2,MAT523 / 21,GEOMETRY B,ROCHELLE AITON,10,2027,F,0.00 pts,4,,44,,Yes
24,2/25/25,2,S2,SCI602 / 42,BIOLOGY B,DONNA SCHATZ,10,2027,F,0.14 pts,3.43,,44,,#N/A
24,2/25/25,3,S2,FAR604 / 23,SCENE DESIGN,KELLY GREGERSEN,10,2027,D+,1.90 pts,3.43,,44,,#N/A
24,2/25/25,4,S2,HFL113 / 24,INTRO CULINARY ART,KAYLA PAYNE,10,2027,B,3.00 pts,3,,44,,#N/A
24,2/25/25,5,S2,ENG602 / 25,SOPH ENG/B,MARCEE SALAS,10,2027,F,0.77 pts,3.29,,44,,Yes
24,2/25/25,6,S2,SOC109 / 26,WORLD HISTORY/B,RYAN ISAACSON,10,2027,,,3.71,,44,,#N/A
24,2/25/25,1,S2,PED101 / 21,PHYSICAL EDUCATION,KATHERINE STURDYVIN-SCOBBA,11,2026,,,0,,45,,#N/A
24,2/25/25,2,S2,SCI610 / 22,CHEMISTRY/B,GRANT MERRILL,11,2026,F,0.00 pts,0,Jay,45,Active,Yes
24,2/25/25,3,S2,ENG720 / 23,AP LANGUAGE/ COMPOSITON B,HEATHER CARVER,11,2026,F,0.00 pts,0,,45,,#N/A
24,2/25/25,4,S2,CTE231 / 24,SOCIAL MEDIA MARKETING II,NICOLE SIMEK,11,2026,,,0,,45,,#N/A
24,2/25/25,5,S2,SOC704 / 25,AP US HISTORY B,RYAN ISAACSON,11,2026,F,0.20 pts,0,,45,,#N/A
24,2/25/25,6,S2,MAT702 / 26,ALGEBRA II B,JASON BLAESING,11,2026,F,1.12 pts,0,,45,,Yes
24,2/25/25,6,S2,MAT702 / 26,ALGEBRA II B,JASON BLAESING,11,2026,C-,2.07 pts,0,,50,,Yes
24,2/25/25,2,S2,ENG602 / 22,SOPH ENG/B,KELLY GREGERSEN,10,2027,A,3.73 pts,0.86,,52,,Yes
24,2/25/25,4,S2,MAT523 / 24,GEOMETRY B,ROCHELLE AITON,10,2027,C-,2.05 pts,0.14,,52,,Yes
24,2/25/25,2,S2,MAT523 / 22,GEOMETRY B,ROCHELLE AITON,10,2027,D+,1.90 pts,3.43,,53,,Yes
24,2/25/25,4,S2,SCI602 / 24,BIOLOGY B,GRANT MERRILL,10,2027,B,3.00 pts,3,,53,,Yes
24,2/25/25,6,S2,MAT702 / 26,ALGEBRA II B,JASON BLAESING,10,2027,B,3.05 pts,0,,54,,Yes
24,2/25/25,2,S2,SCI610 / 22,CHEMISTRY/B,GRANT MERRILL,11,2026,F,1.00 pts,1,,55,,Yes
24,2/25/25,2,S2,MAT702 / 22,ALGEBRA II B,JASON BLAESING,11,2026,C-,2.07 pts,0,,56,,Yes
24,2/25/25,5,S2,MAT523 / 25,GEOMETRY B,BRIAN ANDERSON,10,2027,D+,1.96 pts,0,,59,,Yes
24,2/25/25,2,S2,SCI610 / 22,CHEMISTRY/B,GRANT MERRILL,11,2026,F,1.00 pts,1,,60,,Yes
24,2/25/25,3,S2,MAT702 / 23,ALGEBRA II B,JENNIFER REILLY,11,2026,C-,2.14 pts,1,,60,,Yes
24,2/25/25,1,S2,ENG504 / 21,PRE-AP FRESHMAN ENGLISH/B,ANGELINA MERRILL,9,2028,A,3.80 pts,0,,470,,Yes
24,2/25/25,2,S2,SCI610 / 22,CHEMISTRY/B,GRANT MERRILL,10,2027,F,1.00 pts,0,,471,,Yes
24,2/25/25,3,S2,MAT702 / 23,ALGEBRA II B,JENNIFER REILLY,10,2027,F,0.29 pts,0,,471,,Yes
24,2/25/25,2,S2,BUS302 / 22,PERSONAL FINANCE B,NICOLE SIMEK,12,2025,D+,1.96 pts,4,,61,,Yes
24,2/25/25,5,S2,MAT523 / 25,GEOMETRY B,BRIAN ANDERSON,10,2027,F,0.03 pts,1.57,,63,,Yes
24,2/25/25,6,S2,ENG502 / 26,FR ENGLISH/B,DAVID HOLLINGSWORTH,9,2028,A,3.79 pts,0.14,,472,,Yes
24,2/25/25,3,S2,BUS302 / 23,PERSONAL FINANCE B,NICOLE SIMEK,11,2026,C,2.43 pts,5,,65,,Yes
24,2/25/25,5,S2,MAT702 / 45,ALGEBRA II B,JENNIFER REILLY,11,2026,C-,2.00 pts,4.43,,65,,Yes
24,2/25/25,2,S2,MAT702 / 22,ALGEBRA II B,JASON BLAESING,10,2027,A,4.00 pts,2,,66,,Yes
24,2/25/25,5,S2,MAT702 / 45,ALGEBRA II B,JENNIFER REILLY,12,2025,F,0.10 pts,0,,473,,Yes
24,2/25/25,3,S2,MAT523 / 23,GEOMETRY B,ROCHELLE AITON,10,2027,D+,1.95 pts,0,,67,,Yes
24,2/25/25,6,S2,SOC702 / 26,US HISTORY/B,SCOTT BOOTHBY,11,2026,A,4.00 pts,1,,68,,Yes
24,2/25/25,3,S2,MAT523 / 23,GEOMETRY B,ROCHELLE AITON,10,2027,D+,1.95 pts,0,,424,,Yes
24,2/25/25,3,S2,MAT523 / 23,GEOMETRY B,ROCHELLE AITON,9,2028,B,3.00 pts,2,,69,,Yes
24,2/25/25,1,S2,SCI504 / 21,PHYSICAL SCIENCE B,JAMES BENNETT,9,2028,A,4.00 pts,0.71,,70,,Yes
24,2/25/25,6,S2,ENG502 / 26,FR ENGLISH/B,DAVID HOLLINGSWORTH,9,2028,A,4.00 pts,0.14,,70,,Yes
24,2/25/25,6,S2,SOC702 / 26,US HISTORY/B,SCOTT BOOTHBY,11,2026,D+,1.97 pts,0,,71,,Yes
24,2/25/25,1,S2,MAT523 / 21,GEOMETRY B,ROCHELLE AITON,10,2027,F,0.95 pts,2.43,,72,,Yes
24,2/25/25,5,S2,ENG602 / 25,SOPH ENG/B,MARCEE SALAS,10,2027,C,2.27 pts,2.43,,72,,Yes
24,2/25/25,4,S2,MAT702 / 24,ALGEBRA II B,JENNIFER REILLY,10,2027,B-,2.86 pts,0,,455,,Yes
24,2/25/25,2,S2,MAT523 / 22,GEOMETRY B,ROCHELLE AITON,9,2028,B-,2.85 pts,1.14,,76,,Yes
24,2/25/25,5,S2,MAT702 / 45,ALGEBRA II B,JENNIFER REILLY,11,2026,B,3.10 pts,0,,475,,Yes
24,2/25/25,2,S2,ENG602 / 22,SOPH ENG/B,KELLY GREGERSEN,10,2027,A,3.98 pts,4,,77,,Yes
24,2/25/25,3,S2,SCI602 / 23,BIOLOGY B,GRANT MERRILL,10,2027,B,3.00 pts,4,,77,,Yes
24,2/25/25,1,S2,ENG504 / 21,PRE-AP FRESHMAN ENGLISH/B,ANGELINA MERRILL,9,2028,A,3.94 pts,0,,476,,Yes
24,2/25/25,4,S2,MAT523 / 24,GEOMETRY B,ROCHELLE AITON,10,2027,B,2.95 pts,1,,425,,Yes
24,2/25/25,6,S2,MAT702 / 26,ALGEBRA II B,JASON BLAESING,10,2027,C-,2.10 pts,0,,477,,Yes
24,2/25/25,1,S2,MAT523 / 21,GEOMETRY B,ROCHELLE AITON,9,2028,F,1.00 pts,3.86,,79,,Yes
24,2/25/25,5,S2,MAT523 / 25,GEOMETRY B,BRIAN ANDERSON,10,2027,B,3.10 pts,0,,80,,Yes
24,2/25/25,2,S2,SCI610 / 22,CHEMISTRY/B,GRANT MERRILL,12,2025,F,0.00 pts,7,,82,,Yes
24,2/25/25,1,S2,MAT523 / 21,GEOMETRY B,ROCHELLE AITON,10,2027,B-,2.85 pts,3,,83,,Yes
24,2/25/25,1,S2,MAT523 / 21,GEOMETRY B,ROCHELLE AITON,10,2027,F,1.00 pts,0,,84,,Yes
24,2/25/25,6,S2,SOC702 / 26,US HISTORY/B,SCOTT BOOTHBY,11,2026,C,2.43 pts,0,,85,,Yes
24,2/25/25,2,S2,SCI610 / 22,CHEMISTRY/B,GRANT MERRILL,11,2026,A,4.00 pts,0,,86,,Yes
24,2/25/25,6,S2,SOC702 / 26,US HISTORY/B,SCOTT BOOTHBY,11,2026,C,2.26 pts,0,,86,,Yes
24,2/25/25,3,S2,MAT523 / 23,GEOMETRY B,ROCHELLE AITON,10,2027,F,0.00 pts,3.43,,88,,Yes
24,2/25/25,5,S2,ENG602 / 25,SOPH ENG/B,MARCEE SALAS,10,2027,F,0.94 pts,3.86,,88,,Yes
24,2/25/25,6,S2,SCI602 / 46,BIOLOGY B,WILLIAM BAUR,10,2027,F,0.00 pts,3.86,,88,,Yes
24,2/25/25,6,S2,MAT702 / 26,ALGEBRA II B,JASON BLAESING,10,2027,B,3.02 pts,1.14,,89,,Yes
24,2/25/25,2,S2,BUS302 / 22,PERSONAL FINANCE B,NICOLE SIMEK,12,2025,F,0.95 pts,3.14,,426,,Yes
24,2/25/25,3,S2,BUS302 / 23,PERSONAL FINANCE B,NICOLE SIMEK,12,2025,B+,3.26 pts,2,,90,,Yes
24,2/25/25,5,S2,BUS302 / 25,PERSONAL FINANCE B,NICOLE SIMEK,12,2025,C+,2.66 pts,3,,478,,Yes
24,2/25/25,3,S2,SCI602 / 23,BIOLOGY B,GRANT MERRILL,10,2027,F,0.50 pts,7,,92,,Yes
24,2/25/25,2,S2,BUS302 / 22,PERSONAL FINANCE B,NICOLE SIMEK,12,2025,A,4.00 pts,1,,93,,Yes
24,2/25/25,2,S2,ENG602 / 22,SOPH ENG/B,KELLY GREGERSEN,10,2027,F,0.86 pts,0,,94,,Yes
24,2/25/25,3,S2,BUS302 / 23,PERSONAL FINANCE B,NICOLE SIMEK,11,2026,B-,2.85 pts,0,,479,,Yes
24,2/25/25,1,S2,ENG504 / 21,PRE-AP FRESHMAN ENGLISH/B,ANGELINA MERRILL,9,2028,A,3.96 pts,0,,480,,Yes
24,2/25/25,3,S2,BUS302 / 23,PERSONAL FINANCE B,NICOLE SIMEK,12,2025,A,3.90 pts,1,,481,,Yes
24,2/25/25,2,S2,BUS302 / 22,PERSONAL FINANCE B,NICOLE SIMEK,12,2025,A,3.98 pts,0.14,,96,,Yes
24,2/25/25,2,S2,BUS302 / 22,PERSONAL FINANCE B,NICOLE SIMEK,12,2025,B+,3.25 pts,1.86,,97,,Yes
24,2/25/25,6,S2,ENG502 / 26,FR ENGLISH/B,DAVID HOLLINGSWORTH,9,2028,A,3.90 pts,5.57,,98,,Yes
24,2/25/25,3,S2,SCI602 / 23,BIOLOGY B,GRANT MERRILL,10,2027,C-,2.00 pts,0,,99,,Yes
24,2/25/25,2,S2,SCI610 / 22,CHEMISTRY/B,GRANT MERRILL,11,2026,B,3.00 pts,0,,100,,Yes
24,2/25/25,2,S2,SCI610 / 22,CHEMISTRY/B,GRANT MERRILL,11,2026,C-,2.00 pts,0,,101,,Yes
24,2/25/25,3,S2,SCI602 / 23,BIOLOGY B,GRANT MERRILL,10,2027,B,3.00 pts,0.43,,482,,Yes
24,2/25/25,1,S2,MAT523 / 21,GEOMETRY B,ROCHELLE AITON,10,2027,A,4.00 pts,0,,102,,Yes
24,2/25/25,2,S2,ENG602 / 22,SOPH ENG/B,KELLY GREGERSEN,10,2027,A,4.00 pts,0,,102,,Yes
24,2/25/25,3,S2,SCI602 / 23,BIOLOGY B,GRANT MERRILL,10,2027,B,3.00 pts,0,,102,,Yes
24,2/25/25,2,S2,MAT523 / 22,GEOMETRY B,ROCHELLE AITON,10,2027,F,0.00 pts,10.43,,463,,Yes
24,2/25/25,3,S2,MAT702 / 23,ALGEBRA II B,JENNIFER REILLY,11,2026,F,0.00 pts,0.67,,103,,Yes
24,2/25/25,2,S2,BUS302 / 22,PERSONAL FINANCE B,NICOLE SIMEK,12,2025,B,3.01 pts,2.71,,104,,Yes
24,2/25/25,1,S2,SCI504 / 21,PHYSICAL SCIENCE B,JAMES BENNETT,12,2025,B+,3.20 pts,0.43,,105,,Yes
24,2/25/25,2,S2,BUS302 / 22,PERSONAL FINANCE B,NICOLE SIMEK,12,2025,C+,2.56 pts,0,,105,,Yes
24,2/25/25,6,S2,MAT702 / 26,ALGEBRA II B,JASON BLAESING,11,2026,F,1.12 pts,1,,107,,Yes
24,2/25/25,5,S2,ENG602 / 25,SOPH ENG/B,MARCEE SALAS,10,2027,D,1.79 pts,0,,108,,Yes
24,2/25/25,5,S2,ENG602 / 25,SOPH ENG/B,MARCEE SALAS,10,2027,F,0.94 pts,0,,110,,Yes
24,2/25/25,6,S2,SCI602 / 26,BIOLOGY B,GRANT MERRILL,10,2027,F,0.00 pts,0.14,,110,,Yes
24,2/25/25,4,S2,SCI602 / 24,BIOLOGY B,GRANT MERRILL,10,2027,B,3.00 pts,0,,428,,Yes
24,2/25/25,6,S2,ENG502 / 26,FR ENGLISH/B,DAVID HOLLINGSWORTH,9,2028,A,3.81 pts,0,,111,,Yes
24,2/25/25,6,S2,MAT702 / 26,ALGEBRA II B,JASON BLAESING,11,2026,F,1.12 pts,0,,112,,Yes
24,2/25/25,2,S2,MAT702 / 22,ALGEBRA II B,JASON BLAESING,11,2026,F,1.12 pts,2,,113,,Yes
24,2/25/25,2,S2,SCI610 / 22,CHEMISTRY/B,GRANT MERRILL,11,2026,F,1.00 pts,0,,114,,Yes
24,2/25/25,3,S2,SCI602 / 23,BIOLOGY B,GRANT MERRILL,10,2027,F,1.50 pts,8.43,,429,,Yes
24,2/25/25,1,S2,MAT523 / 21,GEOMETRY B,ROCHELLE AITON,10,2027,D+,1.95 pts,3.43,,116,,Yes
24,2/25/25,2,S2,ENG602 / 22,SOPH ENG/B,KELLY GREGERSEN,10,2027,A,3.77 pts,2.86,,116,,Yes
24,2/25/25,2,S2,ENG602 / 22,SOPH ENG/B,KELLY GREGERSEN,10,2027,C+,2.59 pts,1.71,,117,,Yes
24,2/25/25,3,S2,MAT523 / 23,GEOMETRY B,ROCHELLE AITON,10,2027,F,0.00 pts,3.57,,117,,Yes
24,2/25/25,6,S2,SCI602 / 26,BIOLOGY B,GRANT MERRILL,10,2027,F,0.00 pts,4.86,,117,,Yes
24,2/25/25,3,S2,MAT523 / 23,GEOMETRY B,ROCHELLE AITON,10,2027,A,3.95 pts,0,,118,,Yes
24,2/25/25,1,S2,ENG504 / 21,PRE-AP FRESHMAN ENGLISH/B,ANGELINA MERRILL,9,2028,A,3.95 pts,0,,483,,Yes
24,2/25/25,6,S2,MAT702 / 26,ALGEBRA II B,JASON BLAESING,11,2026,A,4.00 pts,0,,119,,Yes
24,2/25/25,5,S2,MAT523 / 25,GEOMETRY B,BRIAN ANDERSON,10,2027,D+,1.90 pts,3,,120,,Yes
24,2/25/25,2,S2,MAT702 / 22,ALGEBRA II B,JASON BLAESING,11,2026,F,0.00 pts,4.62,,121,,Yes
24,2/25/25,1,S2,MAT523 / 21,GEOMETRY B,ROCHELLE AITON,10,2027,F,1.00 pts,0.14,,122,,Yes
24,2/25/25,2,S2,ENG602 / 22,SOPH ENG/B,KELLY GREGERSEN,10,2027,C+,2.59 pts,0,,122,,Yes
25,3/4/25,4,S2,MAT702 / 24,ALGEBRA II B,JENNIFER REILLY,10,2027,B-,2.85 pts,0,,455,,Yes
24,2/25/25,3,S2,SCI602 / 23,BIOLOGY B,GRANT MERRILL,10,2027,A-,3.50 pts,0,,126,,Yes
24,2/25/25,5,S2,MAT523 / 25,GEOMETRY B,BRIAN ANDERSON,10,2027,B,2.98 pts,0,,126,,Yes
24,2/25/25,5,S2,MAT702 / 45,ALGEBRA II B,JENNIFER REILLY,10,2027,F,0.10 pts,5,,485,,Yes
24,2/25/25,6,S2,SCI602 / 26,BIOLOGY B,GRANT MERRILL,10,2027,C+,2.50 pts,0,,125,,Yes
24,2/25/25,6,S2,MAT702 / 26,ALGEBRA II B,JASON BLAESING,11,2026,C-,2.10 pts,0.67,,127,,Yes
24,2/25/25,3,S2,MAT702 / 23,ALGEBRA II B,JENNIFER REILLY,11,2026,C-,2.10 pts,1.43,,128,,Yes
26,3/11/25,4,S2,MAT702 / 24,ALGEBRA II B,JENNIFER REILLY,10,2027,B,2.94 pts,0,,455,,Yes
24,2/25/25,5,S2,ENG602 / 25,SOPH ENG/B,MARCEE SALAS,10,2027,A-,3.48 pts,1,,130,,Yes
24,2/25/25,5,S2,BUS302 / 25,PERSONAL FINANCE B,NICOLE SIMEK,11,2026,A,3.90 pts,0,,486,,Yes
24,2/25/25,1,S2,MAT523 / 21,GEOMETRY B,ROCHELLE AITON,10,2027,B,2.95 pts,1.86,,487,,Yes
24,2/25/25,4,S2,SCI602 / 24,BIOLOGY B,GRANT MERRILL,10,2027,F,1.50 pts,2.14,,487,,Yes
24,2/25/25,3,S2,MAT523 / 23,GEOMETRY B,ROCHELLE AITON,9,2028,B-,2.85 pts,0,,488,,Yes
24,2/25/25,2,S2,ENG602 / 22,SOPH ENG/B,KELLY GREGERSEN,10,2027,A-,3.45 pts,0,,132,,Yes
24,2/25/25,3,S2,MAT523 / 23,GEOMETRY B,ROCHELLE AITON,10,2027,F,0.95 pts,0,,132,,Yes
24,2/25/25,4,S2,SCI602 / 24,BIOLOGY B,GRANT MERRILL,10,2027,B,3.00 pts,0.29,,431,,Yes
24,2/25/25,3,S2,MAT702 / 23,ALGEBRA II B,JENNIFER REILLY,10,2027,C-,2.05 pts,0.86,,432,,Yes
24,2/25/25,4,S2,SCI602 / 24,BIOLOGY B,GRANT MERRILL,10,2027,A,4.00 pts,1.29,,432,,Yes
24,2/25/25,6,S2,SCI602 / 46,BIOLOGY B,WILLIAM BAUR,10,2027,C-,2.00 pts,0,,133,,Yes
24,2/25/25,6,S2,SOC702 / 26,US HISTORY/B,SCOTT BOOTHBY,11,2026,D,1.66 pts,2,,134,,Yes
24,2/25/25,2,S2,BUS302 / 22,PERSONAL FINANCE B,NICOLE SIMEK,12,2025,D+,1.93 pts,1,,135,,Yes
24,2/25/25,6,S2,SCI602 / 26,BIOLOGY B,GRANT MERRILL,10,2027,F,1.00 pts,0.14,,136,,Yes
24,2/25/25,3,S2,MAT523 / 23,GEOMETRY B,ROCHELLE AITON,10,2027,A,4.00 pts,0,,137,,Yes
24,2/25/25,4,S2,SCI602 / 24,BIOLOGY B,GRANT MERRILL,10,2027,B,3.00 pts,0,,137,,Yes
24,2/25/25,1,S2,ENG504 / 21,PRE-AP FRESHMAN ENGLISH/B,ANGELINA MERRILL,9,2028,B+,3.23 pts,0.71,,489,,Yes
24,2/25/25,2,S2,ENG602 / 22,SOPH ENG/B,KELLY GREGERSEN,10,2027,C-,2.16 pts,3.71,,433,,Yes
24,2/25/25,3,S2,SCI602 / 23,BIOLOGY B,GRANT MERRILL,10,2027,F,0.00 pts,4.43,,433,,Yes
24,2/25/25,5,S2,MAT523 / 25,GEOMETRY B,BRIAN ANDERSON,10,2027,F,0.00 pts,3,,433,,Yes
24,2/25/25,6,S2,SCI602 / 46,BIOLOGY B,WILLIAM BAUR,10,2027,A,4.00 pts,0,,490,,Yes
24,2/25/25,5,S2,ENG602 / 25,SOPH ENG/B,MARCEE SALAS,10,2027,D+,1.83 pts,0.57,,139,,Yes
27,3/18/25,4,S2,MAT702 / 24,ALGEBRA II B,JENNIFER REILLY,10,2027,B+,3.26 pts,0,,455,,Yes
24,2/25/25,1,S2,ENG504 / 21,PRE-AP FRESHMAN ENGLISH/B,ANGELINA MERRILL,9,2028,A,3.84 pts,3,,434,,Yes
24,2/25/25,2,S2,MAT523 / 22,GEOMETRY B,ROCHELLE AITON,9,2028,B,2.95 pts,3,,434,,Yes
24,2/25/25,2,S2,ENG602 / 22,SOPH ENG/B,KELLY GREGERSEN,10,2027,B,2.95 pts,1,,143,,Yes
24,2/25/25,4,S2,MAT523 / 24,GEOMETRY B,ROCHELLE AITON,10,2027,F,1.00 pts,1.29,,143,,Yes
24,2/25/25,5,S2,MAT523 / 25,GEOMETRY B,BRIAN ANDERSON,10,2027,B,2.99 pts,1.43,,144,,Yes
24,2/25/25,6,S2,SCI602 / 26,BIOLOGY B,GRANT MERRILL,10,2027,F,0.00 pts,1.43,,144,,Yes
24,2/25/25,6,S2,MAT702 / 26,ALGEBRA II B,JASON BLAESING,11,2026,C-,2.10 pts,3,,145,,Yes
24,2/25/25,4,S2,MAT523 / 24,GEOMETRY B,ROCHELLE AITON,10,2027,A,4.00 pts,0,,146,,Yes
24,2/25/25,6,S2,SCI602 / 26,BIOLOGY B,GRANT MERRILL,10,2027,A-,3.50 pts,0,,146,,Yes
24,2/25/25,3,S2,BUS302 / 23,PERSONAL FINANCE B,NICOLE SIMEK,11,2026,F,0.63 pts,0,,435,,Yes
24,2/25/25,3,S2,MAT702 / 23,ALGEBRA II B,JENNIFER REILLY,11,2026,A,3.81 pts,1.86,,492,,Yes
24,2/25/25,6,S2,SOC702 / 26,US HISTORY/B,SCOTT BOOTHBY,11,2026,C,2.24 pts,3.86,,147,,Yes
24,2/25/25,6,S2,MAT702 / 26,ALGEBRA II B,JASON BLAESING,11,2026,C-,2.10 pts,0,,148,,Yes
24,2/25/25,3,S2,MAT702 / 23,ALGEBRA II B,JENNIFER REILLY,12,2025,A,3.95 pts,0,,149,,Yes
24,2/25/25,1,S2,SCI504 / 21,PHYSICAL SCIENCE B,JAMES BENNETT,9,2028,A,4.00 pts,3,,493,,Yes
24,2/25/25,5,S2,MAT702 / 45,ALGEBRA II B,JENNIFER REILLY,11,2026,C-,2.05 pts,0.43,,494,,Yes
24,2/25/25,2,S2,SCI610 / 22,CHEMISTRY/B,GRANT MERRILL,11,2026,F,1.00 pts,1,,150,,Yes
24,2/25/25,3,S2,MAT702 / 23,ALGEBRA II B,JENNIFER REILLY,11,2026,B,2.95 pts,1,,150,,Yes
24,2/25/25,5,S2,BUS302 / 25,PERSONAL FINANCE B,NICOLE SIMEK,12,2025,B,3.19 pts,0,,495,,Yes
24,2/25/25,1,S2,ENG504 / 21,PRE-AP FRESHMAN ENGLISH/B,ANGELINA MERRILL,9,2028,B,3.09 pts,0.14,,496,,Yes
24,2/25/25,2,S2,MAT702 / 22,ALGEBRA II B,JASON BLAESING,11,2026,C-,2.00 pts,0,,152,,Yes
24,2/25/25,1,S2,SCI504 / 21,PHYSICAL SCIENCE B,JAMES BENNETT,9,2028,A,4.00 pts,4,,497,,Yes
24,2/25/25,1,S2,ENG504 / 21,PRE-AP FRESHMAN ENGLISH/B,ANGELINA MERRILL,9,2028,,3.00 pts,0,,497,,Yes
24,2/25/25,3,S2,MAT702 / 23,ALGEBRA II B,JENNIFER REILLY,10,2027,F,0.10 pts,0.57,,153,,Yes
24,2/25/25,2,S2,MAT523 / 22,GEOMETRY B,ROCHELLE AITON,10,2027,A,4.00 pts,1,,155,,Yes
24,2/25/25,3,S2,SCI602 / 23,BIOLOGY B,GRANT MERRILL,10,2027,A-,3.50 pts,1,,155,,Yes
24,2/25/25,1,S2,ENG504 / 21,PRE-AP FRESHMAN ENGLISH/B,ANGELINA MERRILL,9,2028,A-,3.50 pts,2,,154,,Yes
24,2/25/25,5,S2,MAT523 / 25,GEOMETRY B,BRIAN ANDERSON,9,2028,B,3.04 pts,2,,154,,Yes
24,2/25/25,2,S2,MAT702 / 22,ALGEBRA II B,JASON BLAESING,11,2026,C-,2.10 pts,0,,498,,Yes
24,2/25/25,5,S2,BUS302 / 25,PERSONAL FINANCE B,NICOLE SIMEK,12,2025,C,2.22 pts,0.57,,156,,Yes
24,2/25/25,2,S2,SCI610 / 22,CHEMISTRY/B,GRANT MERRILL,11,2026,F,1.00 pts,0,,158,,Yes
24,2/25/25,5,S2,MAT523 / 25,GEOMETRY B,BRIAN ANDERSON,10,2027,B,2.98 pts,0,,499,,Yes
24,2/25/25,5,S2,MAT523 / 25,GEOMETRY B,BRIAN ANDERSON,10,2027,B,2.93 pts,2,,159,,Yes
24,2/25/25,6,S2,SCI602 / 46,BIOLOGY B,WILLIAM BAUR,10,2027,A,4.00 pts,1.86,,159,,Yes
24,2/25/25,2,S2,MAT523 / 22,GEOMETRY B,ROCHELLE AITON,10,2027,F,0.00 pts,10.13,,160,,Yes
24,2/25/25,6,S2,MAT702 / 26,ALGEBRA II B,JASON BLAESING,11,2026,C-,2.10 pts,2,,161,,Yes
24,2/25/25,2,S2,BUS302 / 22,PERSONAL FINANCE B,NICOLE SIMEK,12,2025,W,0.00 pts,4,,500,,Yes
24,2/25/25,4,S2,SCI602 / 24,BIOLOGY B,GRANT MERRILL,12,2025,W,,4.4,,500,,Yes
24,2/25/25,2,S2,ENG602 / 22,SOPH ENG/B,KELLY GREGERSEN,10,2027,A,4.00 pts,0.14,,162,,Yes
24,2/25/25,4,S2,MAT523 / 24,GEOMETRY B,ROCHELLE AITON,10,2027,A,3.95 pts,0,,162,,Yes
24,2/25/25,6,S2,SCI602 / 46,BIOLOGY B,WILLIAM BAUR,10,2027,A,4.00 pts,0.14,,162,,Yes
24,2/25/25,1,S2,SCI504 / 21,PHYSICAL SCIENCE B,JAMES BENNETT,11,2026,F,0.00 pts,9.29,,164,,Yes
24,2/25/25,5,S2,MAT702 / 45,ALGEBRA II B,JENNIFER REILLY,11,2026,F,0.00 pts,9.43,,164,,Yes
24,2/25/25,6,S2,SCI602 / 46,BIOLOGY B,WILLIAM BAUR,10,2027,F,0.00 pts,1,,165,,Yes
24,2/25/25,2,S2,MAT523 / 22,GEOMETRY B,ROCHELLE AITON,9,2028,A,3.95 pts,4,,166,,Yes
24,2/25/25,6,S2,ENG502 / 26,FR ENGLISH/B,DAVID HOLLINGSWORTH,9,2028,A,4.00 pts,4.43,,166,,Yes
24,2/25/25,6,S2,SCI602 / 46,BIOLOGY B,WILLIAM BAUR,10,2027,F,0.00 pts,9,,462,,Yes
24,2/25/25,2,S2,MAT702 / 22,ALGEBRA II B,JASON BLAESING,11,2026,C-,2.07 pts,1.86,,167,,Yes
24,2/25/25,6,S2,SOC702 / 26,US HISTORY/B,SCOTT BOOTHBY,11,2026,F,1.47 pts,2.29,,167,,Yes
24,2/25/25,2,S2,MAT523 / 22,GEOMETRY B,ROCHELLE AITON,10,2027,D+,1.90 pts,3,,168,,Yes
24,2/25/25,6,S2,SCI602 / 26,BIOLOGY B,GRANT MERRILL,10,2027,F,1.50 pts,3,,169,,Yes
24,2/25/25,1,S2,SCI504 / 21,PHYSICAL SCIENCE B,JAMES BENNETT,9,2028,B+,3.20 pts,2.14,,464,,Yes
24,2/25/25,6,S2,ENG502 / 26,FR ENGLISH/B,DAVID HOLLINGSWORTH,9,2028,F,0.14 pts,2,,464,,Yes
24,2/25/25,6,S2,ENG502 / 26,FR ENGLISH/B,DAVID HOLLINGSWORTH,9,2028,F,0.10 pts,1,,501,,Yes
24,2/25/25,4,S2,MAT523 / 24,GEOMETRY B,ROCHELLE AITON,10,2027,F,0.95 pts,2,,170,,Yes
24,2/25/25,5,S2,ENG602 / 25,SOPH ENG/B,MARCEE SALAS,10,2027,F,1.33 pts,2,,170,,Yes
24,2/25/25,6,S2,SCI602 / 46,BIOLOGY B,WILLIAM BAUR,10,2027,F,0.00 pts,2,,170,,Yes
24,2/25/25,4,S2,MAT523 / 24,GEOMETRY B,ROCHELLE AITON,10,2027,B,2.90 pts,1.57,,171,,Yes
24,2/25/25,6,S2,SCI602 / 46,BIOLOGY B,WILLIAM BAUR,10,2027,F,0.00 pts,2,,171,,Yes
24,2/25/25,3,S2,MAT702 / 23,ALGEBRA II B,JENNIFER REILLY,11,2026,A,3.90 pts,0.67,,172,,Yes
24,2/25/25,1,S2,SCI504 / 21,PHYSICAL SCIENCE B,JAMES BENNETT,9,2028,F,1.60 pts,0.43,,502,,Yes
24,2/25/25,2,S2,MAT523 / 22,GEOMETRY B,ROCHELLE AITON,10,2027,B,3.05 pts,0,,173,,Yes
24,2/25/25,6,S2,SCI602 / 46,BIOLOGY B,WILLIAM BAUR,10,2027,C-,2.00 pts,0,,173,,Yes
24,2/25/25,6,S2,SCI602 / 46,BIOLOGY B,WILLIAM BAUR,10,2027,A,4.00 pts,0,,174,,Yes
24,2/25/25,3,S2,BUS302 / 23,PERSONAL FINANCE B,NICOLE SIMEK,12,2025,A,4.00 pts,2.86,,176,,Yes
28,3/25/25,4,S2,MAT702 / 24,ALGEBRA II B,JENNIFER REILLY,10,2027,B+,3.39 pts,1.71,,455,,Yes
24,2/25/25,2,S2,MAT523 / 22,GEOMETRY B,ROCHELLE AITON,10,2027,D+,1.95 pts,2.14,,437,,Yes
24,2/25/25,4,S2,SCI602 / 24,BIOLOGY B,GRANT MERRILL,10,2027,F,1.50 pts,2.43,,437,,Yes
24,2/25/25,6,S2,SCI602 / 46,BIOLOGY B,WILLIAM BAUR,12,2025,,,2,,178,,Yes
24,2/25/25,6,S2,SCI602 / 26,BIOLOGY B,GRANT MERRILL,12,2025,,0.00 pts,5,,178,,Yes
24,2/25/25,4,S2,MAT523 / 24,GEOMETRY B,ROCHELLE AITON,10,2027,C-,2.00 pts,0,,179,,Yes
24,2/25/25,5,S2,BUS302 / 25,PERSONAL FINANCE B,NICOLE SIMEK,12,2025,A,3.87 pts,1.71,,503,,Yes
24,2/25/25,1,S2,SCI504 / 21,PHYSICAL SCIENCE B,JAMES BENNETT,11,2026,F,1.60 pts,7.71,,438,,Yes
24,2/25/25,3,S2,MAT702 / 23,ALGEBRA II B,JENNIFER REILLY,11,2026,D+,1.81 pts,6.29,,438,,Yes
24,2/25/25,6,S2,ENG502 / 26,FR ENGLISH/B,DAVID HOLLINGSWORTH,9,2028,A,3.71 pts,0,,181,,Yes
24,2/25/25,5,S2,MAT702 / 45,ALGEBRA II B,JENNIFER REILLY,11,2026,F,1.19 pts,0,,504,,Yes
24,2/25/25,2,S2,MAT523 / 22,GEOMETRY B,ROCHELLE AITON,10,2027,B,3.00 pts,2,,184,,Yes
24,2/25/25,4,S2,SCI602 / 24,BIOLOGY B,GRANT MERRILL,10,2027,C-,2.00 pts,2,,184,,Yes
24,2/25/25,2,S2,BUS302 / 22,PERSONAL FINANCE B,NICOLE SIMEK,11,2026,A-,3.59 pts,2,,185,,Yes
24,2/25/25,5,S2,BUS302 / 25,PERSONAL FINANCE B,NICOLE SIMEK,12,2025,C+,2.53 pts,2.29,,505,,Yes
24,2/25/25,5,S2,MAT702 / 45,ALGEBRA II B,JENNIFER REILLY,10,2027,B,2.90 pts,2,,186,,Yes
24,2/25/25,6,S2,SCI602 / 46,BIOLOGY B,WILLIAM BAUR,10,2027,A,4.00 pts,2.14,,186,,Yes
24,2/25/25,6,S2,SOC702 / 26,US HISTORY/B,SCOTT BOOTHBY,11,2026,F,1.40 pts,2,,187,,Yes
24,2/25/25,6,S2,SCI602 / 46,BIOLOGY B,WILLIAM BAUR,12,2025,A,4.00 pts,3,,188,,Yes
24,2/25/25,6,S2,ENG502 / 26,FR ENGLISH/B,DAVID HOLLINGSWORTH,9,2028,A,3.71 pts,0,,189,,Yes
24,2/25/25,3,S2,MAT702 / 23,ALGEBRA II B,JENNIFER REILLY,11,2026,D+,1.95 pts,3.29,,439,,Yes
24,2/25/25,1,S2,MAT523 / 21,GEOMETRY B,ROCHELLE AITON,10,2027,B,3.05 pts,0.71,,190,,Yes
24,2/25/25,6,S2,SCI602 / 26,BIOLOGY B,GRANT MERRILL,10,2027,F,1.50 pts,0.57,,190,,Yes
24,2/25/25,3,S2,MAT702 / 23,ALGEBRA II B,JENNIFER REILLY,11,2026,D+,1.95 pts,4,,191,,Yes
24,2/25/25,1,S2,MAT523 / 21,GEOMETRY B,ROCHELLE AITON,9,2028,A,4.00 pts,0,,192,,Yes
24,2/25/25,1,S2,SCI504 / 21,PHYSICAL SCIENCE B,JAMES BENNETT,9,2028,F,0.80 pts,6.29,,506,,Yes
24,2/25/25,6,S2,ENG502 / 26,FR ENGLISH/B,DAVID HOLLINGSWORTH,9,2028,F,0.10 pts,6.01,,506,,Yes
24,2/25/25,1,S2,MAT523 / 21,GEOMETRY B,ROCHELLE AITON,10,2027,D+,1.95 pts,0,,193,,Yes
24,2/25/25,5,S2,ENG602 / 25,SOPH ENG/B,MARCEE SALAS,10,2027,C+,2.67 pts,0.57,,193,,Yes
24,2/25/25,5,S2,MAT523 / 25,GEOMETRY B,BRIAN ANDERSON,10,2027,F,0.00 pts,6.29,,194,,Yes
24,2/25/25,3,S2,BUS302 / 23,PERSONAL FINANCE B,NICOLE SIMEK,12,2025,F,0.03 pts,3.29,,195,,Yes
29,4/8/25,4,S2,MAT702 / 24,ALGEBRA II B,JENNIFER REILLY,10,2027,A-,3.51 pts,1.71,,455,,Yes
24,2/25/25,6,S2,ENG502 / 26,FR ENGLISH/B,DAVID HOLLINGSWORTH,9,2028,A,3.81 pts,0,,196,,Yes
24,2/25/25,1,S2,MAT523 / 21,GEOMETRY B,ROCHELLE AITON,10,2027,C-,2.00 pts,3.29,,198,,Yes
24,2/25/25,4,S2,SCI602 / 24,BIOLOGY B,GRANT MERRILL,10,2027,C+,2.50 pts,3.29,,198,,Yes
24,2/25/25,5,S2,MAT523 / 25,GEOMETRY B,BRIAN ANDERSON,10,2027,B,2.95 pts,0,,199,,Yes
24,2/25/25,5,S2,BUS302 / 25,PERSONAL FINANCE B,NICOLE SIMEK,12,2025,A,3.68 pts,0,,200,,Yes
30,4/15/25,4,S2,MAT702 / 24,ALGEBRA II B,JENNIFER REILLY,10,2027,A-,3.50 pts,1.71,,455,,Yes
24,2/25/25,3,S2,MAT702 / 23,ALGEBRA II B,JENNIFER REILLY,10,2027,B,3.05 pts,0.86,,509,,Yes
24,2/25/25,4,S2,MAT523 / 24,GEOMETRY B,ROCHELLE AITON,10,2027,A,4.00 pts,0,,440,,Yes
24,2/25/25,1,S2,SCI504 / 21,PHYSICAL SCIENCE B,JAMES BENNETT,12,2025,C,2.40 pts,6.86,,201,,Yes
24,2/25/25,2,S2,BUS302 / 22,PERSONAL FINANCE B,NICOLE SIMEK,12,2025,F,0.98 pts,6.29,,201,,Yes
24,2/25/25,6,S2,MAT702 / 26,ALGEBRA II B,JASON BLAESING,11,2026,F,0.98 pts,3.71,,510,,Yes
24,2/25/25,1,S2,MAT523 / 21,GEOMETRY B,ROCHELLE AITON,10,2027,F,1.05 pts,0,,202,,Yes
24,2/25/25,6,S2,SCI602 / 26,BIOLOGY B,GRANT MERRILL,10,2027,C-,2.00 pts,0,,202,,Yes
24,2/25/25,5,S2,MAT523 / 25,GEOMETRY B,BRIAN ANDERSON,10,2027,B,3.01 pts,0.71,,204,,Yes
24,2/25/25,6,S2,SCI602 / 26,BIOLOGY B,GRANT MERRILL,10,2027,F,1.50 pts,0,,204,,Yes
24,2/25/25,5,S2,BUS302 / 25,PERSONAL FINANCE B,NICOLE SIMEK,12,2025,A,3.88 pts,3.67,,511,,Yes
24,2/25/25,3,S2,MAT523 / 23,GEOMETRY B,ROCHELLE AITON,10,2027,C-,2.00 pts,1.14,,205,,Yes
24,2/25/25,2,S2,MAT523 / 22,GEOMETRY B,ROCHELLE AITON,10,2027,A,4.00 pts,0,,206,,Yes
24,2/25/25,6,S2,SCI602 / 46,BIOLOGY B,WILLIAM BAUR,10,2027,A,4.00 pts,0,,206,,Yes
24,2/25/25,1,S2,ENG504 / 21,PRE-AP FRESHMAN ENGLISH/B,ANGELINA MERRILL,9,2028,C-,2.05 pts,4,,512,,Yes
24,2/25/25,5,S2,MAT702 / 45,ALGEBRA II B,JENNIFER REILLY,11,2026,D+,1.86 pts,3.86,,207,,Yes
24,2/25/25,3,S2,MAT702 / 23,ALGEBRA II B,JENNIFER REILLY,11,2026,B,3.00 pts,1.86,,208,,Yes
21,2/4/25,4,S2,MAT702 / 24,ALGEBRA II B,JENNIFER REILLY,11,2026,B,2.99 pts,14.92,,474,,Yes
24,2/25/25,3,S2,BUS302 / 23,PERSONAL FINANCE B,NICOLE SIMEK,11,2026,F,0.32 pts,2,,209,,Yes
24,2/25/25,6,S2,SOC702 / 26,US HISTORY/B,SCOTT BOOTHBY,11,2026,,1.86 pts,2,,209,,Yes
24,2/25/25,5,S2,BUS302 / 25,PERSONAL FINANCE B,NICOLE SIMEK,12,2025,B+,3.32 pts,6.86,,514,,Yes
24,2/25/25,6,S2,SOC702 / 26,US HISTORY/B,SCOTT BOOTHBY,11,2026,F,1.15 pts,4,,210,,Yes
24,2/25/25,2,S2,MAT702 / 22,ALGEBRA II B,JASON BLAESING,10,2027,,0.00 pts,0,,515,,Yes
24,2/25/25,3,S2,MAT523 / 23,GEOMETRY B,ROCHELLE AITON,10,2027,A,3.95 pts,1,,516,,Yes
24,2/25/25,5,S2,BUS302 / 25,PERSONAL FINANCE B,NICOLE SIMEK,12,2025,W,3.91 pts,2.43,,517,,Yes
24,2/25/25,3,S2,MAT523 / 23,GEOMETRY B,ROCHELLE AITON,9,2028,A,3.80 pts,3,,211,,Yes
22,2/11/25,4,S2,MAT702 / 24,ALGEBRA II B,JENNIFER REILLY,11,2026,,,1,,474,,Yes
24,2/25/25,1,S2,MAT523 / 21,GEOMETRY B,ROCHELLE AITON,10,2027,D+,1.95 pts,0,,469,,Yes
24,2/25/25,1,S2,SCI504 / 21,PHYSICAL SCIENCE B,JAMES BENNETT,9,2028,A,4.00 pts,0,,212,,Yes
24,2/25/25,6,S2,ENG502 / 26,FR ENGLISH/B,DAVID HOLLINGSWORTH,9,2028,A,3.95 pts,0.29,,212,,Yes
24,2/25/25,5,S2,BUS302 / 25,PERSONAL FINANCE B,NICOLE SIMEK,12,2025,A,3.90 pts,0,,213,,Yes
24,2/25/25,5,S2,BUS302 / 25,PERSONAL FINANCE B,NICOLE SIMEK,12,2025,B,2.97 pts,1,,519,,Yes
24,2/25/25,6,S2,MAT702 / 26,ALGEBRA II B,JASON BLAESING,10,2027,A,4.00 pts,1,,520,,Yes
24,2/25/25,5,S2,MAT523 / 25,GEOMETRY B,BRIAN ANDERSON,10,2027,F,0.98 pts,1,,521,,Yes
24,2/25/25,5,S2,MAT523 / 25,GEOMETRY B,BRIAN ANDERSON,9,2028,A,4.00 pts,0,,522,,Yes
24,2/25/25,3,S2,BUS302 / 23,PERSONAL FINANCE B,NICOLE SIMEK,11,2026,A,3.92 pts,0,,523,,Yes
24,2/25/25,2,S2,MAT523 / 22,GEOMETRY B,ROCHELLE AITON,10,2027,B,3.00 pts,0,,524,,Yes
24,2/25/25,4,S2,MAT523 / 24,GEOMETRY B,ROCHELLE AITON,11,2026,F,0.95 pts,1.86,,214,,Yes
24,2/25/25,1,S2,MAT523 / 21,GEOMETRY B,ROCHELLE AITON,10,2027,C-,2.00 pts,2,,215,,Yes
24,2/25/25,6,S2,SCI602 / 26,BIOLOGY B,GRANT MERRILL,10,2027,C+,2.50 pts,2,,215,,Yes
24,2/25/25,3,S2,SCI602 / 23,BIOLOGY B,GRANT MERRILL,10,2027,A,4.00 pts,3.86,,220,,Yes
24,2/25/25,2,S2,BUS302 / 22,PERSONAL FINANCE B,NICOLE SIMEK,12,2025,C,2.40 pts,2.29,,216,,Yes
24,2/25/25,1,S2,ENG504 / 21,PRE-AP FRESHMAN ENGLISH/B,ANGELINA MERRILL,9,2028,,2.98 pts,0.83,,219,,Yes
24,2/25/25,2,S2,MAT523 / 22,GEOMETRY B,ROCHELLE AITON,9,2028,,0.15 pts,0.83,,219,,Yes
24,2/25/25,3,S2,MAT523 / 23,GEOMETRY B,ROCHELLE AITON,9,2028,A,3.80 pts,0,,219,,Yes
24,2/25/25,1,S2,SCI504 / 21,PHYSICAL SCIENCE B,JAMES BENNETT,11,2026,B+,3.20 pts,7,,218,,Yes
23,2/18/25,4,S2,MAT702 / 24,ALGEBRA II B,JENNIFER REILLY,11,2026,,,2,,474,,Yes
24,2/25/25,6,S2,SOC702 / 26,US HISTORY/B,SCOTT BOOTHBY,11,2026,F,0.35 pts,6.71,,218,,Yes
24,2/25/25,6,S2,ENG502 / 26,FR ENGLISH/B,DAVID HOLLINGSWORTH,9,2028,A,3.81 pts,2,,217,,Yes
24,2/25/25,6,S2,SOC702 / 26,US HISTORY/B,SCOTT BOOTHBY,11,2026,A,3.90 pts,2,,224,,Yes
24,2/25/25,2,S2,MAT702 / 22,ALGEBRA II B,JASON BLAESING,11,2026,A,4.00 pts,0,,222,,Yes
24,2/25/25,4,S2,MAT523 / 24,GEOMETRY B,ROCHELLE AITON,10,2027,B,3.00 pts,2,,221,,Yes
24,2/25/25,5,S2,ENG602 / 25,SOPH ENG/B,MARCEE SALAS,10,2027,D,1.70 pts,2,,221,,Yes
24,2/25/25,5,S2,MAT702 / 45,ALGEBRA II B,JENNIFER REILLY,10,2027,C-,2.14 pts,1,,525,,Yes
24,2/25/25,3,S2,BUS302 / 23,PERSONAL FINANCE B,NICOLE SIMEK,12,2025,C,2.38 pts,0,,526,,Yes
24,2/25/25,2,S2,MAT702 / 22,ALGEBRA II B,JASON BLAESING,11,2026,F,0.95 pts,0,,225,,Yes
24,2/25/25,5,S2,BUS302 / 25,PERSONAL FINANCE B,NICOLE SIMEK,12,2025,F,1.43 pts,3,,527,,Yes
24,2/25/25,2,S2,MAT702 / 22,ALGEBRA II B,JASON BLAESING,10,2027,A,4.00 pts,0,,226,,Yes
24,2/25/25,6,S2,SCI602 / 26,BIOLOGY B,GRANT MERRILL,10,2027,C+,2.50 pts,0,,226,,Yes
24,2/25/25,2,S2,MAT523 / 22,GEOMETRY B,ROCHELLE AITON,9,2028,B,3.00 pts,0,,228,,Yes
24,2/25/25,6,S2,ENG502 / 26,FR ENGLISH/B,DAVID HOLLINGSWORTH,9,2028,A,3.79 pts,0,,229,,Yes
24,2/25/25,3,S2,MAT702 / 23,ALGEBRA II B,JENNIFER REILLY,11,2026,A,3.81 pts,1,,528,,Yes
24,2/25/25,2,S2,BUS302 / 22,PERSONAL FINANCE B,NICOLE SIMEK,11,2026,A-,3.48 pts,2,,230,,Yes
24,2/25/25,2,S2,BUS302 / 22,PERSONAL FINANCE B,NICOLE SIMEK,12,2025,B,2.96 pts,2.29,,233,,Yes
24,2/25/25,2,S2,MAT523 / 22,GEOMETRY B,ROCHELLE AITON,10,2027,B,2.90 pts,2,,236,,Yes
24,2/25/25,3,S2,SCI602 / 23,BIOLOGY B,GRANT MERRILL,10,2027,C-,2.00 pts,2,,236,,Yes
24,2/25/25,5,S2,ENG602 / 25,SOPH ENG/B,MARCEE SALAS,10,2027,C,2.36 pts,2,,236,,Yes
24,2/25/25,2,S2,ENG602 / 22,SOPH ENG/B,KELLY GREGERSEN,10,2027,C-,2.00 pts,2,,235,,Yes
24,2/25/25,4,S2,SCI602 / 24,BIOLOGY B,GRANT MERRILL,10,2027,C+,2.50 pts,2.29,,235,,Yes
24,2/25/25,2,S2,MAT702 / 22,ALGEBRA II B,JASON BLAESING,10,2027,B,3.05 pts,1.86,,237,,Yes
24,2/25/25,3,S2,SCI602 / 23,BIOLOGY B,GRANT MERRILL,10,2027,A,4.00 pts,1.86,,237,,Yes
24,2/25/25,4,S2,MAT523 / 24,GEOMETRY B,ROCHELLE AITON,10,2027,C-,2.05 pts,0,,238,,Yes
24,2/25/25,5,S2,ENG602 / 25,SOPH ENG/B,MARCEE SALAS,10,2027,D+,1.98 pts,0,,238,,Yes
24,2/25/25,6,S2,SCI602 / 46,BIOLOGY B,WILLIAM BAUR,10,2027,A,4.00 pts,0,,238,,Yes
24,2/25/25,2,S2,BUS302 / 22,PERSONAL FINANCE B,NICOLE SIMEK,12,2025,C+,2.56 pts,0.83,,240,,Yes
24,2/25/25,2,S2,MAT702 / 22,ALGEBRA II B,JASON BLAESING,11,2026,B,2.98 pts,4,,241,,Yes
24,2/25/25,6,S2,ENG502 / 26,FR ENGLISH/B,DAVID HOLLINGSWORTH,9,2028,F,0.00 pts,6.29,,243,,Yes
24,2/25/25,2,S2,SCI610 / 22,CHEMISTRY/B,GRANT MERRILL,11,2026,B,3.00 pts,4,,242,,Yes
24,2/25/25,3,S2,BUS302 / 23,PERSONAL FINANCE B,NICOLE SIMEK,11,2026,A,3.96 pts,4,,242,,Yes
24,2/25/25,5,S2,MAT523 / 25,GEOMETRY B,BRIAN ANDERSON,10,2027,B,3.01 pts,1,,244,,Yes
24,2/25/25,2,S2,MAT523 / 22,GEOMETRY B,ROCHELLE AITON,10,2027,B-,2.85 pts,2.71,,246,,Yes
24,2/25/25,3,S2,MAT702 / 23,ALGEBRA II B,JENNIFER REILLY,10,2027,B-,2.81 pts,2.14,,247,,Yes
24,2/25/25,1,S2,MAT523 / 21,GEOMETRY B,ROCHELLE AITON,10,2027,F,0.95 pts,2.43,,248,,Yes
24,2/25/25,2,S2,ENG602 / 22,SOPH ENG/B,KELLY GREGERSEN,10,2027,F,0.93 pts,3.86,,249,,Yes
24,2/25/25,5,S2,MAT702 / 45,ALGEBRA II B,JENNIFER REILLY,11,2026,C-,2.14 pts,1,,250,,Yes
24,2/25/25,6,S2,SOC702 / 26,US HISTORY/B,SCOTT BOOTHBY,11,2026,B,3.19 pts,1,,250,,Yes
24,2/25/25,4,S2,MAT523 / 24,GEOMETRY B,ROCHELLE AITON,10,2027,D+,1.90 pts,1.29,,251,,Yes
24,2/25/25,5,S2,MAT523 / 25,GEOMETRY B,BRIAN ANDERSON,10,2027,A,3.93 pts,0,,252,,Yes
24,2/25/25,6,S2,SCI602 / 26,BIOLOGY B,GRANT MERRILL,10,2027,C+,2.50 pts,0.29,,252,,Yes
24,2/25/25,3,S2,BUS302 / 23,PERSONAL FINANCE B,NICOLE SIMEK,11,2026,F,1.32 pts,1.57,,253,,Yes
24,2/25/25,6,S2,SOC702 / 26,US HISTORY/B,SCOTT BOOTHBY,11,2026,F,1.58 pts,2.14,,253,,Yes
24,2/25/25,4,S2,MAT702 / 24,ALGEBRA II B,JENNIFER REILLY,11,2026,F,0.00 pts,5,,474,,Yes
24,2/25/25,6,S2,SOC702 / 26,US HISTORY/B,SCOTT BOOTHBY,11,2026,F,1.23 pts,2,,255,,Yes
24,2/25/25,6,S2,MAT702 / 26,ALGEBRA II B,JASON BLAESING,11,2026,C-,2.10 pts,0,,257,,Yes
24,2/25/25,6,S2,MAT702 / 26,ALGEBRA II B,JASON BLAESING,11,2026,F,1.12 pts,0,,258,,Yes
24,2/25/25,2,S2,MAT702 / 22,ALGEBRA II B,JASON BLAESING,11,2026,B,3.02 pts,0,,260,,Yes
24,2/25/25,2,S2,BUS302 / 22,PERSONAL FINANCE B,NICOLE SIMEK,12,2025,A,4.00 pts,0,,259,,Yes
24,2/25/25,2,S2,MAT702 / 22,ALGEBRA II B,JASON BLAESING,11,2026,C-,2.10 pts,1,,262,,Yes
24,2/25/25,6,S2,ENG502 / 26,FR ENGLISH/B,DAVID HOLLINGSWORTH,9,2028,A,3.71 pts,2.71,,529,,Yes
24,2/25/25,4,S2,MAT523 / 24,GEOMETRY B,ROCHELLE AITON,10,2027,A,3.95 pts,0,,264,,Yes
24,2/25/25,3,S2,BUS302 / 23,PERSONAL FINANCE B,NICOLE SIMEK,11,2026,D+,1.93 pts,0,,267,,Yes
24,2/25/25,6,S2,ENG502 / 26,FR ENGLISH/B,DAVID HOLLINGSWORTH,9,2028,B-,2.81 pts,3.43,,268,,Yes
24,2/25/25,5,S2,MAT523 / 25,GEOMETRY B,BRIAN ANDERSON,10,2027,C+,2.67 pts,7,,269,,Yes
24,2/25/25,6,S2,SCI602 / 46,BIOLOGY B,WILLIAM BAUR,10,2027,C-,2.00 pts,7,,269,,Yes
25,3/4/25,4,S2,MAT702 / 24,ALGEBRA II B,JENNIFER REILLY,11,2026,F,0.12 pts,5.25,,474,,Yes
24,2/25/25,6,S2,ENG502 / 26,FR ENGLISH/B,DAVID HOLLINGSWORTH,9,2028,B-,2.71 pts,0.86,,270,,Yes
24,2/25/25,5,S2,MAT702 / 45,ALGEBRA II B,JENNIFER REILLY,10,2027,F,1.10 pts,0,,531,,Yes
24,2/25/25,3,S2,MAT702 / 23,ALGEBRA II B,JENNIFER REILLY,11,2026,B-,2.86 pts,3.86,,271,,Yes
24,2/25/25,6,S2,SOC702 / 26,US HISTORY/B,SCOTT BOOTHBY,11,2026,F,0.34 pts,3.86,,271,,Yes
24,2/25/25,2,S2,MAT523 / 22,GEOMETRY B,ROCHELLE AITON,10,2027,D+,1.90 pts,5.57,,272,,Yes
24,2/25/25,3,S2,SCI602 / 23,BIOLOGY B,GRANT MERRILL,10,2027,F,1.50 pts,5.57,,272,,Yes
24,2/25/25,5,S2,ENG602 / 25,SOPH ENG/B,MARCEE SALAS,10,2027,F,0.44 pts,5.57,,272,,Yes
24,2/25/25,2,S2,MAT523 / 22,GEOMETRY B,ROCHELLE AITON,10,2027,F,1.00 pts,2.71,,273,,Yes
24,2/25/25,5,S2,ENG602 / 25,SOPH ENG/B,MARCEE SALAS,10,2027,F,1.08 pts,1.71,,273,,Yes
24,2/25/25,6,S2,SCI602 / 46,BIOLOGY B,WILLIAM BAUR,10,2027,F,0.00 pts,2,,273,,Yes
24,2/25/25,3,S2,MAT523 / 23,GEOMETRY B,ROCHELLE AITON,9,2028,B,3.00 pts,1,,532,,Yes
24,2/25/25,2,S2,MAT702 / 22,ALGEBRA II B,JASON BLAESING,11,2026,D+,1.93 pts,6,,274,,Yes
24,2/25/25,5,S2,MAT523 / 25,GEOMETRY B,BRIAN ANDERSON,10,2027,B,2.94 pts,3.86,,533,,Yes
24,2/25/25,6,S2,SOC702 / 26,US HISTORY/B,SCOTT BOOTHBY,11,2026,A-,3.48 pts,0,,275,,Yes
24,2/25/25,5,S2,BUS302 / 25,PERSONAL FINANCE B,NICOLE SIMEK,11,2026,F,0.01 pts,3.57,,276,,Yes
24,2/25/25,6,S2,SOC702 / 26,US HISTORY/B,SCOTT BOOTHBY,11,2026,C,2.48 pts,3,,277,,Yes
24,2/25/25,1,S2,SCI504 / 21,PHYSICAL SCIENCE B,JAMES BENNETT,9,2028,A,4.00 pts,1.43,,534,,Yes
24,2/25/25,1,S2,ENG504 / 21,PRE-AP FRESHMAN ENGLISH/B,ANGELINA MERRILL,9,2028,C-,2.13 pts,1,,535,,Yes
24,2/25/25,6,S2,MAT702 / 26,ALGEBRA II B,JASON BLAESING,11,2026,C-,2.07 pts,2,,278,,Yes
24,2/25/25,1,S2,MAT523 / 21,GEOMETRY B,ROCHELLE AITON,9,2028,A,4.00 pts,1,,279,,Yes
24,2/25/25,1,S2,ENG504 / 21,PRE-AP FRESHMAN ENGLISH/B,ANGELINA MERRILL,9,2028,A,4.00 pts,1,,536,,Yes
24,2/25/25,3,S2,BUS302 / 23,PERSONAL FINANCE B,NICOLE SIMEK,12,2025,A,3.90 pts,5,,280,,Yes
24,2/25/25,5,S2,BUS302 / 25,PERSONAL FINANCE B,NICOLE SIMEK,12,2025,,3.88 pts,1.29,,280,,Yes
24,2/25/25,5,S2,BUS302 / 25,PERSONAL FINANCE B,NICOLE SIMEK,12,2025,C-,2.07 pts,7,,537,,Yes
24,2/25/25,2,S2,MAT523 / 22,GEOMETRY B,ROCHELLE AITON,9,2028,A,3.95 pts,0,,281,,Yes
24,2/25/25,2,S2,SCI610 / 22,CHEMISTRY/B,GRANT MERRILL,11,2026,F,0.00 pts,5,,282,,Yes
24,2/25/25,3,S2,MAT702 / 23,ALGEBRA II B,JENNIFER REILLY,11,2026,C-,2.14 pts,5,,282,,Yes
24,2/25/25,3,S2,BUS302 / 23,PERSONAL FINANCE B,NICOLE SIMEK,12,2025,A,4.00 pts,0,,283,,Yes
24,2/25/25,3,S2,MAT523 / 23,GEOMETRY B,ROCHELLE AITON,9,2028,A,3.95 pts,0,,284,,Yes
26,3/11/25,4,S2,MAT702 / 24,ALGEBRA II B,JENNIFER REILLY,11,2026,D+,1.87 pts,6.5,,474,,Yes
24,2/25/25,1,S2,SCI504 / 21,PHYSICAL SCIENCE B,JAMES BENNETT,9,2028,A,4.00 pts,0.43,,285,,Yes
24,2/25/25,6,S2,ENG502 / 26,FR ENGLISH/B,DAVID HOLLINGSWORTH,9,2028,A,4.00 pts,0.57,,285,,Yes
24,2/25/25,5,S2,BUS302 / 25,PERSONAL FINANCE B,NICOLE SIMEK,12,2025,A-,3.42 pts,2,,539,,Yes
24,2/25/25,1,S2,ENG504 / 21,PRE-AP FRESHMAN ENGLISH/B,ANGELINA MERRILL,9,2028,B,3.06 pts,0,,540,,Yes
24,2/25/25,5,S2,MAT702 / 45,ALGEBRA II B,JENNIFER REILLY,10,2027,B,3.10 pts,0,,287,,Yes
24,2/25/25,6,S2,SCI602 / 26,BIOLOGY B,GRANT MERRILL,10,2027,A-,3.50 pts,0,,287,,Yes
24,2/25/25,5,S2,MAT702 / 45,ALGEBRA II B,JENNIFER REILLY,11,2026,B,3.00 pts,0,,288,,Yes
24,2/25/25,6,S2,SOC702 / 26,US HISTORY/B,SCOTT BOOTHBY,11,2026,A,3.63 pts,0,,288,,Yes
24,2/25/25,2,S2,ENG602 / 22,SOPH ENG/B,KELLY GREGERSEN,10,2027,A-,3.45 pts,2.29,,290,,Yes
24,2/25/25,5,S2,BUS302 / 25,PERSONAL FINANCE B,NICOLE SIMEK,12,2025,F,0.48 pts,2.14,,541,,Yes
24,2/25/25,4,S2,SCI602 / 24,BIOLOGY B,GRANT MERRILL,10,2027,C-,2.00 pts,2,,291,,Yes
24,2/25/25,3,S2,BUS302 / 23,PERSONAL FINANCE B,NICOLE SIMEK,12,2025,A-,3.53 pts,0,,542,,Yes
24,2/25/25,3,S2,MAT523 / 23,GEOMETRY B,ROCHELLE AITON,10,2027,D+,1.90 pts,6,,293,,Yes
24,2/25/25,4,S2,SCI602 / 24,BIOLOGY B,GRANT MERRILL,10,2027,F,0.00 pts,6,,293,,Yes
24,2/25/25,5,S2,MAT523 / 25,GEOMETRY B,BRIAN ANDERSON,10,2027,B,3.04 pts,0,,294,,Yes
24,2/25/25,6,S2,SCI602 / 46,BIOLOGY B,WILLIAM BAUR,10,2027,A,4.00 pts,0,,294,,Yes
24,2/25/25,6,S2,ENG502 / 26,FR ENGLISH/B,DAVID HOLLINGSWORTH,9,2028,A,3.81 pts,0,,295,,Yes
24,2/25/25,6,S2,MAT702 / 26,ALGEBRA II B,JASON BLAESING,11,2026,F,0.10 pts,4,,296,,Yes
27,3/18/25,4,S2,MAT702 / 24,ALGEBRA II B,JENNIFER REILLY,11,2026,C,2.22 pts,8.25,,474,,Yes
28,3/25/25,4,S2,MAT702 / 24,ALGEBRA II B,JENNIFER REILLY,11,2026,D,1.67 pts,9.92,,474,,Yes
24,2/25/25,2,S2,SCI610 / 22,CHEMISTRY/B,GRANT MERRILL,11,2026,C-,2.00 pts,0,,297,,Yes
24,2/25/25,6,S2,MAT702 / 26,ALGEBRA II B,JASON BLAESING,11,2026,A,4.00 pts,0,,297,,Yes
24,2/25/25,3,S2,MAT702 / 23,ALGEBRA II B,JENNIFER REILLY,11,2026,A,4.00 pts,0,,298,,Yes
24,2/25/25,2,S2,BUS302 / 22,PERSONAL FINANCE B,NICOLE SIMEK,12,2025,B,2.98 pts,0.43,,299,,Yes
24,2/25/25,3,S2,BUS302 / 23,PERSONAL FINANCE B,NICOLE SIMEK,11,2026,,0.00 pts,2.57,,300,,Yes
24,2/25/25,1,S2,MAT523 / 21,GEOMETRY B,ROCHELLE AITON,10,2027,C-,2.00 pts,1,,301,,Yes
24,2/25/25,4,S2,MAT523 / 24,GEOMETRY B,ROCHELLE AITON,10,2027,B,3.00 pts,0,,443,,Yes
24,2/25/25,3,S2,MAT523 / 23,GEOMETRY B,ROCHELLE AITON,9,2028,A,3.80 pts,5,,302,,Yes
24,2/25/25,6,S2,ENG502 / 26,FR ENGLISH/B,DAVID HOLLINGSWORTH,9,2028,F,0.19 pts,5,,302,,Yes
24,2/25/25,2,S2,MAT702 / 22,ALGEBRA II B,JASON BLAESING,11,2026,A,4.00 pts,0,,545,,Yes
24,2/25/25,3,S2,BUS302 / 23,PERSONAL FINANCE B,NICOLE SIMEK,12,2025,F,1.61 pts,1,,305,,Yes
24,2/25/25,5,S2,BUS302 / 25,PERSONAL FINANCE B,NICOLE SIMEK,12,2025,B-,2.85 pts,2.71,,546,,Yes
24,2/25/25,5,S2,MAT523 / 25,GEOMETRY B,BRIAN ANDERSON,9,2028,B,3.04 pts,7.86,,547,,Yes
24,2/25/25,1,S2,SCI504 / 21,PHYSICAL SCIENCE B,JAMES BENNETT,9,2028,A,4.00 pts,1,,306,,Yes
24,2/25/25,3,S2,MAT523 / 23,GEOMETRY B,ROCHELLE AITON,9,2028,A,3.90 pts,2.29,,306,,Yes
24,2/25/25,2,S2,MAT702 / 22,ALGEBRA II B,JASON BLAESING,11,2026,A,4.00 pts,1,,307,,Yes
24,2/25/25,2,S2,ENG602 / 22,SOPH ENG/B,KELLY GREGERSEN,10,2027,F,0.00 pts,7.86,,309,,Yes
24,2/25/25,5,S2,MAT523 / 25,GEOMETRY B,BRIAN ANDERSON,10,2027,F,0.00 pts,6.29,,309,,Yes
24,2/25/25,6,S2,SCI602 / 26,BIOLOGY B,GRANT MERRILL,10,2027,F,0.00 pts,6.57,,309,,Yes
24,2/25/25,1,S2,SCI504 / 21,PHYSICAL SCIENCE B,JAMES BENNETT,9,2028,A,4.00 pts,0.43,,308,,Yes
24,2/25/25,6,S2,ENG502 / 26,FR ENGLISH/B,DAVID HOLLINGSWORTH,9,2028,F,0.07 pts,0,,308,,Yes
24,2/25/25,1,S2,SCI504 / 21,PHYSICAL SCIENCE B,JAMES BENNETT,9,2028,A,4.00 pts,1,,548,,Yes
24,2/25/25,3,S2,SCI602 / 23,BIOLOGY B,GRANT MERRILL,10,2027,A-,3.50 pts,1,,310,,Yes
24,2/25/25,4,S2,MAT523 / 24,GEOMETRY B,ROCHELLE AITON,10,2027,B,2.95 pts,1,,310,,Yes
24,2/25/25,2,S2,MAT702 / 22,ALGEBRA II B,JASON BLAESING,11,2026,F,1.02 pts,4,,312,,Yes
24,2/25/25,6,S2,SOC702 / 26,US HISTORY/B,SCOTT BOOTHBY,11,2026,F,1.00 pts,4,,312,,Yes
24,2/25/25,3,S2,SCI602 / 23,BIOLOGY B,GRANT MERRILL,10,2027,A,4.00 pts,0,,549,,Yes
29,4/8/25,4,S2,MAT702 / 24,ALGEBRA II B,JENNIFER REILLY,11,2026,C-,2.16 pts,11.92,,474,,Yes
24,2/25/25,6,S2,MAT702 / 26,ALGEBRA II B,JASON BLAESING,11,2026,C-,2.10 pts,2,,313,,Yes
24,2/25/25,2,S2,MAT702 / 22,ALGEBRA II B,JASON BLAESING,11,2026,C-,2.07 pts,2,,314,,Yes
24,2/25/25,2,S2,SCI610 / 22,CHEMISTRY/B,GRANT MERRILL,11,2026,F,1.00 pts,0,,315,,Yes
30,4/15/25,4,S2,MAT702 / 24,ALGEBRA II B,JENNIFER REILLY,11,2026,B-,2.89 pts,14.92,,474,,Yes
24,2/25/25,1,S2,ENG504 / 21,PRE-AP FRESHMAN ENGLISH/B,ANGELINA MERRILL,9,2028,A,3.83 pts,0,,551,,Yes
24,2/25/25,6,S2,MAT702 / 26,ALGEBRA II B,JASON BLAESING,11,2026,C-,2.07 pts,2,,316,,Yes
24,2/25/25,2,S2,ENG602 / 22,SOPH ENG/B,KELLY GREGERSEN,10,2027,A,3.64 pts,6,,317,,Yes
24,2/25/25,3,S2,MAT523 / 23,GEOMETRY B,ROCHELLE AITON,10,2027,D+,1.90 pts,5.71,,317,,Yes
24,2/25/25,4,S2,SCI602 / 24,BIOLOGY B,GRANT MERRILL,10,2027,F,0.50 pts,6.29,,317,,Yes
24,2/25/25,1,S2,MAT523 / 21,GEOMETRY B,ROCHELLE AITON,10,2027,F,0.00 pts,4,,318,,Yes
24,2/25/25,3,S2,SCI602 / 23,BIOLOGY B,GRANT MERRILL,10,2027,F,0.00 pts,4,,318,,Yes
24,2/25/25,2,S2,MAT702 / 22,ALGEBRA II B,JASON BLAESING,11,2026,B,3.02 pts,0,,319,,Yes
24,2/25/25,2,S2,MAT702 / 22,ALGEBRA II B,JASON BLAESING,11,2026,A,4.00 pts,0,,320,,Yes
24,2/25/25,6,S2,SOC702 / 26,US HISTORY/B,SCOTT BOOTHBY,11,2026,B,3.15 pts,0.43,,320,,Yes
24,2/25/25,1,S2,ENG504 / 21,PRE-AP FRESHMAN ENGLISH/B,ANGELINA MERRILL,9,2028,C+,2.67 pts,0.57,,552,,Yes
24,2/25/25,2,S2,BUS302 / 22,PERSONAL FINANCE B,NICOLE SIMEK,12,2025,F,0.00 pts,7,,321,,Yes
24,2/25/25,2,S2,BUS302 / 22,PERSONAL FINANCE B,NICOLE SIMEK,12,2025,F,1.27 pts,2.43,,322,,Yes
24,2/25/25,3,S2,BUS302 / 23,PERSONAL FINANCE B,NICOLE SIMEK,12,2025,B+,3.22 pts,1.57,,323,,Yes
24,2/25/25,2,S2,ENG602 / 22,SOPH ENG/B,KELLY GREGERSEN,10,2027,A,3.95 pts,0,,324,,Yes
24,2/25/25,4,S2,MAT523 / 24,GEOMETRY B,ROCHELLE AITON,10,2027,A,4.00 pts,0,,324,,Yes
24,2/25/25,5,S2,BUS302 / 25,PERSONAL FINANCE B,NICOLE SIMEK,12,2025,F,1.43 pts,2.71,,553,,Yes
24,2/25/25,4,S2,SCI602 / 24,BIOLOGY B,GRANT MERRILL,10,2027,F,1.50 pts,3,,445,,Yes
24,2/25/25,2,S2,BUS302 / 22,PERSONAL FINANCE B,NICOLE SIMEK,12,2025,A,3.91 pts,2,,325,,Yes
24,2/25/25,3,S2,BUS302 / 23,PERSONAL FINANCE B,NICOLE SIMEK,12,2025,A,4.00 pts,2,,326,,Yes
24,2/25/25,2,S2,BUS302 / 22,PERSONAL FINANCE B,NICOLE SIMEK,11,2026,B,3.05 pts,0,,327,,Yes
24,2/25/25,6,S2,SOC702 / 26,US HISTORY/B,SCOTT BOOTHBY,11,2026,F,1.39 pts,0,,327,,Yes
24,2/25/25,2,S2,MAT702 / 22,ALGEBRA II B,JASON BLAESING,11,2026,F,0.20 pts,5,,554,,Yes
21,2/4/25,4,S2,MAT702 / 24,ALGEBRA II B,JENNIFER REILLY,11,2026,C,2.49 pts,3.33,,484,,Yes
24,2/25/25,5,S2,MAT702 / 45,ALGEBRA II B,JENNIFER REILLY,11,2026,C-,2.05 pts,0,,556,,Yes
24,2/25/25,6,S2,SCI602 / 46,BIOLOGY B,WILLIAM BAUR,10,2027,C-,2.00 pts,0,,330,,Yes
24,2/25/25,3,S2,BUS302 / 23,PERSONAL FINANCE B,NICOLE SIMEK,12,2025,F,1.27 pts,5.57,,331,,Yes
24,2/25/25,5,S2,MAT702 / 45,ALGEBRA II B,JENNIFER REILLY,12,2025,B,3.00 pts,0,,557,,Yes
24,2/25/25,3,S2,BUS302 / 23,PERSONAL FINANCE B,NICOLE SIMEK,12,2025,C,2.27 pts,2.57,,332,,Yes
24,2/25/25,3,S2,SCI602 / 23,BIOLOGY B,GRANT MERRILL,10,2027,F,1.50 pts,1,,333,,Yes
24,2/25/25,5,S2,ENG602 / 25,SOPH ENG/B,MARCEE SALAS,10,2027,B,3.10 pts,1,,333,,Yes
24,2/25/25,5,S2,MAT523 / 25,GEOMETRY B,BRIAN ANDERSON,10,2027,B,3.03 pts,2.14,,334,,Yes
22,2/11/25,4,S2,MAT702 / 24,ALGEBRA II B,JENNIFER REILLY,11,2026,,,1,,484,,Yes
24,2/25/25,2,S2,MAT523 / 22,GEOMETRY B,ROCHELLE AITON,10,2027,C-,2.00 pts,1,,335,,Yes
24,2/25/25,3,S2,SCI602 / 23,BIOLOGY B,GRANT MERRILL,10,2027,C+,2.50 pts,1,,335,,Yes
24,2/25/25,6,S2,SCI602 / 46,BIOLOGY B,WILLIAM BAUR,10,2027,A,4.00 pts,2,,337,,Yes
24,2/25/25,6,S2,MAT702 / 26,ALGEBRA II B,JASON BLAESING,11,2026,C-,2.07 pts,3,,336,,Yes
24,2/25/25,5,S2,MAT702 / 45,ALGEBRA II B,JENNIFER REILLY,11,2026,B-,2.86 pts,0.86,,559,,Yes
24,2/25/25,5,S2,BUS302 / 25,PERSONAL FINANCE B,NICOLE SIMEK,12,2025,B-,2.85 pts,0,,560,,Yes
24,2/25/25,4,S2,MAT523 / 24,GEOMETRY B,ROCHELLE AITON,10,2027,B,3.00 pts,0,,338,,Yes
24,2/25/25,5,S2,ENG602 / 25,SOPH ENG/B,MARCEE SALAS,10,2027,C+,2.50 pts,0,,338,,Yes
24,2/25/25,3,S2,MAT702 / 23,ALGEBRA II B,JENNIFER REILLY,11,2026,C-,2.10 pts,0,,339,,Yes
24,2/25/25,4,S2,MAT523 / 24,GEOMETRY B,ROCHELLE AITON,10,2027,F,0.00 pts,7.86,,446,,Yes
24,2/25/25,4,S2,MAT523 / 24,GEOMETRY B,ROCHELLE AITON,10,2027,F,0.00 pts,9.86,,447,,Yes
24,2/25/25,5,S2,ENG602 / 25,SOPH ENG/B,MARCEE SALAS,10,2027,F,0.00 pts,9.14,,447,,Yes
24,2/25/25,5,S2,MAT523 / 25,GEOMETRY B,BRIAN ANDERSON,10,2027,C-,2.08 pts,2,,340,,Yes
24,2/25/25,6,S2,SCI602 / 46,BIOLOGY B,WILLIAM BAUR,10,2027,F,0.00 pts,2,,340,,Yes
24,2/25/25,1,S2,ENG504 / 21,PRE-AP FRESHMAN ENGLISH/B,ANGELINA MERRILL,9,2028,C+,2.56 pts,1,,561,,Yes
24,2/25/25,3,S2,BUS302 / 23,PERSONAL FINANCE B,NICOLE SIMEK,12,2025,B+,3.27 pts,1,,341,,Yes
24,2/25/25,6,S2,MAT702 / 26,ALGEBRA II B,JASON BLAESING,11,2026,B,3.05 pts,1.43,,342,,Yes
24,2/25/25,2,S2,ENG602 / 22,SOPH ENG/B,KELLY GREGERSEN,10,2027,F,0.00 pts,0.43,,347,,Yes
24,2/25/25,4,S2,SCI602 / 24,BIOLOGY B,GRANT MERRILL,10,2027,C+,2.50 pts,0.43,,347,,Yes
24,2/25/25,1,S2,ENG504 / 21,PRE-AP FRESHMAN ENGLISH/B,ANGELINA MERRILL,9,2028,B+,3.22 pts,0,,348,,Yes
24,2/25/25,2,S2,MAT523 / 22,GEOMETRY B,ROCHELLE AITON,9,2028,A,4.00 pts,0,,348,,Yes
24,2/25/25,2,S2,SCI610 / 22,CHEMISTRY/B,GRANT MERRILL,11,2026,F,1.00 pts,0.43,,350,,Yes
24,2/25/25,1,S2,ENG504 / 21,PRE-AP FRESHMAN ENGLISH/B,ANGELINA MERRILL,9,2028,D,1.78 pts,4.86,,562,,Yes
24,2/25/25,5,S2,MAT523 / 25,GEOMETRY B,BRIAN ANDERSON,9,2028,B,3.10 pts,0.57,,351,,Yes
24,2/25/25,3,S2,MAT702 / 23,ALGEBRA II B,JENNIFER REILLY,10,2027,D+,1.81 pts,2.57,,353,,Yes
24,2/25/25,5,S2,ENG602 / 25,SOPH ENG/B,MARCEE SALAS,10,2027,F,1.57 pts,2,,353,,Yes
24,2/25/25,6,S2,SCI602 / 46,BIOLOGY B,WILLIAM BAUR,10,2027,C-,2.00 pts,2,,353,,Yes
24,2/25/25,2,S2,SCI610 / 22,CHEMISTRY/B,GRANT MERRILL,12,2025,F,0.00 pts,6,,354,,Yes
24,2/25/25,1,S2,ENG504 / 21,PRE-AP FRESHMAN ENGLISH/B,ANGELINA MERRILL,9,2028,C+,2.56 pts,0,,563,,Yes
24,2/25/25,6,S2,SOC702 / 26,US HISTORY/B,SCOTT BOOTHBY,11,2026,C-,2.19 pts,2.57,,356,,Yes
24,2/25/25,6,S2,MAT702 / 26,ALGEBRA II B,JASON BLAESING,11,2026,B,2.95 pts,2,,357,,Yes
23,2/18/25,4,S2,MAT702 / 24,ALGEBRA II B,JENNIFER REILLY,11,2026,,,1,,484,,Yes
24,2/25/25,3,S2,MAT523 / 23,GEOMETRY B,ROCHELLE AITON,9,2028,A,3.80 pts,2,,358,,Yes
24,2/25/25,1,S2,SCI504 / 21,PHYSICAL SCIENCE B,JAMES BENNETT,9,2028,A,4.00 pts,0,,565,,Yes
24,2/25/25,6,S2,ENG502 / 26,FR ENGLISH/B,DAVID HOLLINGSWORTH,9,2028,A,4.00 pts,0,,565,,Yes
24,2/25/25,2,S2,MAT523 / 22,GEOMETRY B,ROCHELLE AITON,10,2027,F,0.00 pts,8.57,,360,,Yes
24,2/25/25,1,S2,ENG504 / 21,PRE-AP FRESHMAN ENGLISH/B,ANGELINA MERRILL,9,2028,A,3.89 pts,0,,566,,Yes
24,2/25/25,1,S2,SCI504 / 21,PHYSICAL SCIENCE B,JAMES BENNETT,11,2026,A,4.00 pts,0,,361,,Yes
24,2/25/25,6,S2,MAT702 / 26,ALGEBRA II B,JASON BLAESING,11,2026,C-,2.10 pts,0,,361,,Yes
24,2/25/25,5,S2,BUS302 / 25,PERSONAL FINANCE B,NICOLE SIMEK,12,2025,F,0.55 pts,7.14,,362,,Yes
24,2/25/25,1,S2,ENG504 / 21,PRE-AP FRESHMAN ENGLISH/B,ANGELINA MERRILL,9,2028,,3.83 pts,0,,363,,Yes
24,2/25/25,3,S2,MAT523 / 23,GEOMETRY B,ROCHELLE AITON,9,2028,A,4.00 pts,0,,363,,Yes
24,2/25/25,6,S2,ENG502 / 26,FR ENGLISH/B,DAVID HOLLINGSWORTH,9,2028,A,3.62 pts,3,,567,,Yes
24,2/25/25,3,S2,MAT702 / 23,ALGEBRA II B,JENNIFER REILLY,10,2027,B,3.05 pts,1,,364,,Yes
24,2/25/25,4,S2,SCI602 / 24,BIOLOGY B,GRANT MERRILL,10,2027,C-,2.00 pts,1,,364,,Yes
24,2/25/25,1,S2,ENG504 / 21,PRE-AP FRESHMAN ENGLISH/B,ANGELINA MERRILL,9,2028,A-,3.44 pts,0,,568,,Yes
24,2/25/25,5,S2,MAT702 / 45,ALGEBRA II B,JENNIFER REILLY,11,2026,C-,2.10 pts,1,,569,,Yes
24,2/25/25,4,S2,SCI602 / 24,BIOLOGY B,GRANT MERRILL,10,2027,A,4.00 pts,1,,448,,Yes
24,2/25/25,6,S2,ENG502 / 26,FR ENGLISH/B,DAVID HOLLINGSWORTH,9,2028,A,3.67 pts,13.71,,366,,Yes
24,2/25/25,2,S2,BUS302 / 22,PERSONAL FINANCE B,NICOLE SIMEK,12,2025,D+,1.94 pts,0.71,,365,,Yes
24,2/25/25,1,S2,ENG504 / 21,PRE-AP FRESHMAN ENGLISH/B,ANGELINA MERRILL,9,2028,D+,1.89 pts,3,,450,,Yes
24,2/25/25,4,S2,MAT523 / 24,GEOMETRY B,ROCHELLE AITON,9,2028,B-,2.85 pts,3,,450,,Yes
24,2/25/25,1,S2,SCI504 / 21,PHYSICAL SCIENCE B,JAMES BENNETT,11,2026,B+,3.20 pts,3.57,,570,,Yes
24,2/25/25,4,S2,MAT702 / 24,ALGEBRA II B,JENNIFER REILLY,11,2026,F,1.00 pts,1,,484,,Yes
24,2/25/25,1,S2,SCI504 / 21,PHYSICAL SCIENCE B,JAMES BENNETT,9,2028,B+,3.20 pts,1,,461,,Yes
24,2/25/25,6,S2,ENG502 / 26,FR ENGLISH/B,DAVID HOLLINGSWORTH,9,2028,A,3.71 pts,0.86,,461,,Yes
24,2/25/25,3,S2,BUS302 / 23,PERSONAL FINANCE B,NICOLE SIMEK,12,2025,A,3.94 pts,0,,367,,Yes
24,2/25/25,2,S2,SCI610 / 22,CHEMISTRY/B,GRANT MERRILL,11,2026,F,1.00 pts,5.71,,368,,Yes
25,3/4/25,4,S2,MAT702 / 24,ALGEBRA II B,JENNIFER REILLY,11,2026,F,1.08 pts,1,,484,,Yes
24,2/25/25,6,S2,SOC702 / 26,US HISTORY/B,SCOTT BOOTHBY,11,2026,D,1.65 pts,4.71,,368,,Yes
24,2/25/25,5,S2,MAT523 / 25,GEOMETRY B,BRIAN ANDERSON,9,2028,A,4.00 pts,0,,369,,Yes
24,2/25/25,2,S2,BUS302 / 22,PERSONAL FINANCE B,NICOLE SIMEK,11,2026,D+,1.93 pts,4.86,,451,,Yes
24,2/25/25,6,S2,MAT702 / 26,ALGEBRA II B,JASON BLAESING,11,2026,C-,2.10 pts,0,,370,,Yes
24,2/25/25,1,S2,ENG504 / 21,PRE-AP FRESHMAN ENGLISH/B,ANGELINA MERRILL,9,2028,A-,3.50 pts,2,,571,,Yes
24,2/25/25,5,S2,ENG602 / 25,SOPH ENG/B,MARCEE SALAS,10,2027,C+,2.57 pts,3.14,,371,,Yes
24,2/25/25,3,S2,SCI602 / 23,BIOLOGY B,GRANT MERRILL,10,2027,A-,3.50 pts,1.43,,372,,Yes
24,2/25/25,5,S2,MAT523 / 25,GEOMETRY B,BRIAN ANDERSON,10,2027,D+,1.99 pts,1.43,,372,,Yes
24,2/25/25,4,S2,MAT523 / 24,GEOMETRY B,ROCHELLE AITON,10,2027,A,3.95 pts,0,,452,,Yes
24,2/25/25,6,S2,SCI602 / 26,BIOLOGY B,GRANT MERRILL,10,2027,F,1.00 pts,0,,452,,Yes
24,2/25/25,2,S2,ENG602 / 22,SOPH ENG/B,KELLY GREGERSEN,10,2027,A,4.00 pts,1,,572,,Yes
24,2/25/25,3,S2,MAT523 / 23,GEOMETRY B,ROCHELLE AITON,10,2027,A,3.95 pts,1,,572,,Yes
24,2/25/25,6,S2,SCI602 / 26,BIOLOGY B,GRANT MERRILL,10,2027,F,1.00 pts,1,,453,,Yes
24,2/25/25,5,S2,ENG602 / 25,SOPH ENG/B,MARCEE SALAS,10,2027,C+,2.61 pts,0,,373,,Yes
24,2/25/25,6,S2,SCI602 / 46,BIOLOGY B,WILLIAM BAUR,10,2027,A,4.00 pts,0,,373,,Yes
24,2/25/25,1,S2,ENG504 / 21,PRE-AP FRESHMAN ENGLISH/B,ANGELINA MERRILL,9,2028,C-,2.17 pts,1.86,,573,,Yes
24,2/25/25,3,S2,BUS302 / 23,PERSONAL FINANCE B,NICOLE SIMEK,11,2026,C,2.22 pts,4,,574,,Yes
24,2/25/25,6,S2,SCI602 / 26,BIOLOGY B,GRANT MERRILL,10,2027,C-,2.00 pts,0,,375,,Yes
24,2/25/25,6,S2,SOC702 / 26,US HISTORY/B,SCOTT BOOTHBY,11,2026,F,0.19 pts,2,,376,,Yes
24,2/25/25,4,S2,SCI602 / 24,BIOLOGY B,GRANT MERRILL,10,2027,C+,2.50 pts,1,,374,,Yes
24,2/25/25,3,S2,SCI602 / 23,BIOLOGY B,GRANT MERRILL,9,2028,F,0.00 pts,3.43,,595,,Yes
24,2/25/25,2,S2,BUS302 / 22,PERSONAL FINANCE B,NICOLE SIMEK,12,2025,F,0.00 pts,4,,377,,Yes
24,2/25/25,1,S2,MAT523 / 21,GEOMETRY B,ROCHELLE AITON,10,2027,B,3.05 pts,1.29,,454,,Yes
24,2/25/25,3,S2,MAT702 / 23,ALGEBRA II B,JENNIFER REILLY,11,2026,F,0.00 pts,4.57,,380,,Yes
24,2/25/25,6,S2,SOC702 / 26,US HISTORY/B,SCOTT BOOTHBY,11,2026,F,0.06 pts,4.29,,380,,Yes
24,2/25/25,5,S2,MAT702 / 45,ALGEBRA II B,JENNIFER REILLY,11,2026,C-,2.14 pts,1,,575,,Yes
26,3/11/25,4,S2,MAT702 / 24,ALGEBRA II B,JENNIFER REILLY,11,2026,C,2.37 pts,1,,484,,Yes
24,2/25/25,5,S2,ENG602 / 25,SOPH ENG/B,MARCEE SALAS,10,2027,F,1.51 pts,0,,455,,Yes
24,2/25/25,5,S2,ENG602 / 25,SOPH ENG/B,MARCEE SALAS,10,2027,C,2.23 pts,1.71,,456,,Yes
24,2/25/25,2,S2,MAT523 / 22,GEOMETRY B,ROCHELLE AITON,10,2027,B,3.00 pts,0,,382,,Yes
24,2/25/25,2,S2,MAT523 / 22,GEOMETRY B,ROCHELLE AITON,10,2027,B-,2.85 pts,4.86,,383,,Yes
24,2/25/25,3,S2,SCI602 / 23,BIOLOGY B,GRANT MERRILL,10,2027,A-,3.50 pts,5,,383,,Yes
24,2/25/25,5,S2,ENG602 / 25,SOPH ENG/B,MARCEE SALAS,10,2027,F,1.43 pts,5.29,,383,,Yes
24,2/25/25,6,S2,MAT702 / 26,ALGEBRA II B,JASON BLAESING,10,2027,B,3.05 pts,0,,384,,Yes
24,2/25/25,3,S2,BUS302 / 23,PERSONAL FINANCE B,NICOLE SIMEK,12,2025,A-,3.56 pts,0,,385,,Yes
24,2/25/25,2,S2,MAT523 / 22,GEOMETRY B,ROCHELLE AITON,10,2027,B,3.05 pts,4,,386,,Yes
24,2/25/25,4,S2,SCI602 / 24,BIOLOGY B,GRANT MERRILL,10,2027,F,1.00 pts,4.71,,386,,Yes
24,2/25/25,5,S2,MAT523 / 25,GEOMETRY B,BRIAN ANDERSON,10,2027,D+,1.97 pts,0,,576,,Yes
27,3/18/25,4,S2,MAT702 / 24,ALGEBRA II B,JENNIFER REILLY,11,2026,C+,2.57 pts,1,,484,,Yes
24,2/25/25,5,S2,MAT702 / 45,ALGEBRA II B,JENNIFER REILLY,10,2027,A,4.00 pts,0,,578,,Yes
24,2/25/25,2,S2,SCI610 / 22,CHEMISTRY/B,GRANT MERRILL,11,2026,F,1.00 pts,0.29,,387,,Yes
24,2/25/25,3,S2,MAT702 / 23,ALGEBRA II B,JENNIFER REILLY,11,2026,B,3.00 pts,0,,387,,Yes
24,2/25/25,2,S2,SCI610 / 22,CHEMISTRY/B,GRANT MERRILL,11,2026,F,1.00 pts,0,,388,,Yes
28,3/25/25,4,S2,MAT702 / 24,ALGEBRA II B,JENNIFER REILLY,11,2026,C+,2.64 pts,2,,484,,Yes
24,2/25/25,5,S2,BUS302 / 25,PERSONAL FINANCE B,NICOLE SIMEK,12,2025,A-,3.53 pts,1,,579,,Yes
24,2/25/25,1,S2,MAT523 / 21,GEOMETRY B,ROCHELLE AITON,10,2027,A,3.90 pts,1,,389,,Yes
24,2/25/25,3,S2,SCI602 / 23,BIOLOGY B,GRANT MERRILL,10,2027,C+,2.50 pts,1.14,,389,,Yes
24,2/25/25,6,S2,SOC702 / 26,US HISTORY/B,SCOTT BOOTHBY,11,2026,F,1.23 pts,7.57,,580,,Yes
24,2/25/25,3,S2,SCI602 / 23,BIOLOGY B,GRANT MERRILL,10,2027,F,0.50 pts,1.86,,391,,Yes
24,2/25/25,2,S2,ENG602 / 22,SOPH ENG/B,KELLY GREGERSEN,10,2027,A,4.00 pts,2,,392,,Yes
24,2/25/25,5,S2,MAT702 / 45,ALGEBRA II B,JENNIFER REILLY,10,2027,F,0.14 pts,1.29,,581,,Yes
24,2/25/25,3,S2,BUS302 / 23,PERSONAL FINANCE B,NICOLE SIMEK,12,2025,B-,2.88 pts,3.86,,394,,Yes
24,2/25/25,4,S2,MAT523 / 24,GEOMETRY B,ROCHELLE AITON,10,2027,D+,1.95 pts,0.43,,458,,Yes
24,2/25/25,5,S2,MAT702 / 45,ALGEBRA II B,JENNIFER REILLY,11,2026,C-,2.14 pts,1,,582,,Yes
24,2/25/25,1,S2,SCI504 / 21,PHYSICAL SCIENCE B,JAMES BENNETT,9,2028,C,2.40 pts,4.71,,583,,Yes
24,2/25/25,6,S2,ENG502 / 26,FR ENGLISH/B,DAVID HOLLINGSWORTH,9,2028,A,3.69 pts,4.14,,583,,Yes
24,2/25/25,1,S2,SCI504 / 21,PHYSICAL SCIENCE B,JAMES BENNETT,9,2028,A,4.00 pts,2,,584,,Yes
24,2/25/25,2,S2,MAT702 / 22,ALGEBRA II B,JASON BLAESING,10,2027,B,3.05 pts,0.29,,398,,Yes
24,2/25/25,3,S2,SCI602 / 23,BIOLOGY B,GRANT MERRILL,10,2027,C+,2.50 pts,0,,398,,Yes
24,2/25/25,1,S2,MAT523 / 21,GEOMETRY B,ROCHELLE AITON,10,2027,F,1.00 pts,1,,399,,Yes
24,2/25/25,2,S2,ENG602 / 22,SOPH ENG/B,KELLY GREGERSEN,10,2027,A,3.64 pts,1,,399,,Yes
24,2/25/25,6,S2,SCI602 / 26,BIOLOGY B,GRANT MERRILL,10,2027,C-,2.00 pts,1.29,,399,,Yes
24,2/25/25,3,S2,SCI602 / 23,BIOLOGY B,GRANT MERRILL,10,2027,F,0.00 pts,7.43,,585,,Yes
24,2/25/25,1,S2,SCI504 / 21,PHYSICAL SCIENCE B,JAMES BENNETT,11,2026,C,2.40 pts,5.57,,586,,Yes
29,4/8/25,4,S2,MAT702 / 24,ALGEBRA II B,JENNIFER REILLY,11,2026,C+,2.52 pts,3.33,,484,,Yes
24,2/25/25,1,S2,ENG504 / 21,PRE-AP FRESHMAN ENGLISH/B,ANGELINA MERRILL,9,2028,B,3.17 pts,1.14,,587,,Yes
24,2/25/25,1,S2,SCI504 / 21,PHYSICAL SCIENCE B,JAMES BENNETT,12,2025,A,4.00 pts,0.71,,588,,Yes
24,2/25/25,4,S2,SCI602 / 24,BIOLOGY B,GRANT MERRILL,10,2027,F,1.50 pts,2.71,,401,,Yes
24,2/25/25,5,S2,ENG602 / 25,SOPH ENG/B,MARCEE SALAS,10,2027,F,1.57 pts,3.43,,401,,Yes
24,2/25/25,5,S2,MAT523 / 25,GEOMETRY B,BRIAN ANDERSON,10,2027,F,1.04 pts,2,,402,,Yes
24,2/25/25,3,S2,MAT523 / 23,GEOMETRY B,ROCHELLE AITON,10,2027,D+,1.90 pts,3,,403,,Yes
24,2/25/25,5,S2,ENG602 / 25,SOPH ENG/B,MARCEE SALAS,10,2027,B,3.06 pts,3,,403,,Yes
30,4/15/25,4,S2,MAT702 / 24,ALGEBRA II B,JENNIFER REILLY,11,2026,C,2.49 pts,3.33,,484,,Yes
21,2/4/25,4,S2,MAT702 / 24,ALGEBRA II B,JENNIFER REILLY,11,2026,B,2.92 pts,6.33,,491,,Yes
24,2/25/25,2,S2,ENG602 / 22,SOPH ENG/B,KELLY GREGERSEN,10,2027,A,4.00 pts,0,,404,,Yes
24,2/25/25,3,S2,MAT523 / 23,GEOMETRY B,ROCHELLE AITON,10,2027,A,3.85 pts,0,,404,,Yes
24,2/25/25,4,S2,SCI602 / 24,BIOLOGY B,GRANT MERRILL,10,2027,B,3.00 pts,0,,404,,Yes
24,2/25/25,3,S2,MAT702 / 23,ALGEBRA II B,JENNIFER REILLY,10,2027,D+,1.95 pts,0,,405,,Yes
24,2/25/25,4,S2,SCI602 / 24,BIOLOGY B,GRANT MERRILL,10,2027,B,3.00 pts,0,,405,,Yes
24,2/25/25,5,S2,ENG602 / 25,SOPH ENG/B,MARCEE SALAS,10,2027,A-,3.45 pts,0,,405,,Yes
24,2/25/25,3,S2,MAT702 / 23,ALGEBRA II B,JENNIFER REILLY,11,2026,C-,2.05 pts,0,,406,,Yes
24,2/25/25,1,S2,MAT523 / 21,GEOMETRY B,ROCHELLE AITON,10,2027,F,0.00 pts,7,,407,,Yes
24,2/25/25,2,S2,ENG602 / 22,SOPH ENG/B,KELLY GREGERSEN,10,2027,B-,2.77 pts,7,,407,,Yes
24,2/25/25,6,S2,SCI602 / 46,BIOLOGY B,WILLIAM BAUR,10,2027,F,0.00 pts,7.29,,407,,Yes
24,2/25/25,5,S2,BUS302 / 25,PERSONAL FINANCE B,NICOLE SIMEK,12,2025,C,2.24 pts,2,,408,,Yes
24,2/25/25,4,S2,SCI602 / 24,BIOLOGY B,GRANT MERRILL,11,2026,A-,3.50 pts,0,,591,,Yes
24,2/25/25,5,S2,BUS302 / 25,PERSONAL FINANCE B,NICOLE SIMEK,11,2026,A,3.88 pts,1,,591,,Yes
24,2/25/25,6,S2,ENG502 / 26,FR ENGLISH/B,DAVID HOLLINGSWORTH,9,2028,F,0.10 pts,7.71,,410,,Yes
24,2/25/25,2,S2,MAT523 / 22,GEOMETRY B,ROCHELLE AITON,10,2027,F,0.15 pts,0,,411,,Yes
24,2/25/25,3,S2,SCI602 / 23,BIOLOGY B,GRANT MERRILL,10,2027,C+,2.50 pts,0,,411,,Yes
24,2/25/25,4,S2,MAT523 / 24,GEOMETRY B,ROCHELLE AITON,10,2027,D+,1.90 pts,0.71,,460,,Yes
24,2/25/25,1,S2,SCI504 / 21,PHYSICAL SCIENCE B,JAMES BENNETT,11,2026,B+,3.20 pts,0,,412,,Yes
24,2/25/25,2,S2,MAT702 / 22,ALGEBRA II B,JASON BLAESING,11,2026,,0.00 pts,0,,412,,Yes
24,2/25/25,5,S2,MAT702 / 45,ALGEBRA II B,JENNIFER REILLY,11,2026,F,1.14 pts,0,,412,,Yes
24,2/25/25,1,S2,SCI504 / 21,PHYSICAL SCIENCE B,JAMES BENNETT,9,2028,A,4.00 pts,0.14,,592,,Yes
24,2/25/25,3,S2,BUS302 / 23,PERSONAL FINANCE B,NICOLE SIMEK,12,2025,A,3.97 pts,11.71,,413,,Yes
24,2/25/25,1,S2,MAT523 / 21,GEOMETRY B,ROCHELLE AITON,10,2027,D+,1.95 pts,0.43,,414,,Yes
24,2/25/25,5,S2,ENG602 / 25,SOPH ENG/B,MARCEE SALAS,10,2027,C-,2.06 pts,0,,414,,Yes
24,2/25/25,6,S2,SCI602 / 46,BIOLOGY B,WILLIAM BAUR,10,2027,A,4.00 pts,0,,414,,Yes
24,2/25/25,5,S2,BUS302 / 25,PERSONAL FINANCE B,NICOLE SIMEK,12,2025,A,4.00 pts,1.2,,593,,Yes
24,2/25/25,1,S2,SCI504 / 21,PHYSICAL SCIENCE B,JAMES BENNETT,12,2025,B+,3.20 pts,1.57,,415,,Yes
24,2/25/25,2,S2,BUS302 / 22,PERSONAL FINANCE B,NICOLE SIMEK,12,2025,C,2.30 pts,1.29,,415,,Yes
24,2/25/25,2,S2,ENG602 / 22,SOPH ENG/B,KELLY GREGERSEN,10,2027,B,3.11 pts,5.71,,416,,Yes
24,2/25/25,3,S2,SCI602 / 23,BIOLOGY B,GRANT MERRILL,10,2027,F,0.00 pts,6,,416,,Yes
24,2/25/25,4,S2,MAT523 / 24,GEOMETRY B,ROCHELLE AITON,10,2027,F,0.00 pts,6,,416,,Yes
24,2/25/25,6,S2,SCI602 / 46,BIOLOGY B,WILLIAM BAUR,10,2027,A,4.00 pts,0,,417,,Yes
24,2/25/25,2,S2,ENG602 / 22,SOPH ENG/B,KELLY GREGERSEN,10,2027,A,3.64 pts,2.29,,418,,Yes
22,2/11/25,4,S2,MAT702 / 24,ALGEBRA II B,JENNIFER REILLY,11,2026,,,3,,491,,Yes
24,2/25/25,6,S2,SCI602 / 26,BIOLOGY B,GRANT MERRILL,10,2027,F,1.00 pts,2,,418,,Yes
24,2/25/25,3,S2,MAT523 / 23,GEOMETRY B,ROCHELLE AITON,9,2028,F,0.00 pts,9.86,,419,,Yes
24,2/25/25,5,S2,MAT523 / 25,GEOMETRY B,BRIAN ANDERSON,9,2028,C-,2.09 pts,0,,420,,Yes
24,2/25/25,1,S2,SCI504 / 21,PHYSICAL SCIENCE B,JAMES BENNETT,9,2028,A,4.00 pts,0,,594,,Yes
24,2/25/25,4,S2,SCI602 / 24,BIOLOGY B,GRANT MERRILL,10,2027,B,3.00 pts,0,,421,,Yes
24,2/25/25,2,S2,BUS302 / 22,PERSONAL FINANCE B,NICOLE SIMEK,12,2025,F,1.63 pts,4.29,,422,,Yes
24,2/25/25,2,S2,SCI610 / 22,CHEMISTRY/B,GRANT MERRILL,12,2025,F,0.00 pts,2.5,,423,,Yes
24,2/25/25,2,S2,ENG602 / 22,SOPH ENG/B,KELLY GREGERSEN,10,2027,C+,2.64 pts,3,,48,,Yes
24,2/25/25,5,S2,MAT523 / 25,GEOMETRY B,BRIAN ANDERSON,10,2027,B,2.92 pts,3.14,,48,,Yes
24,2/25/25,6,S2,SCI602 / 26,BIOLOGY B,GRANT MERRILL,10,2027,A,4.00 pts,3.14,,48,,Yes
24,2/25/25,1,S2,SCI504 / 21,PHYSICAL SCIENCE B,JAMES BENNETT,12,2025,B+,3.20 pts,2.14,,49,,Yes
24,2/25/25,6,S2,MAT702 / 26,ALGEBRA II B,JASON BLAESING,12,2025,F,1.05 pts,2.14,,49,,Yes
25,3/4/25,1,S2,ENG702 / 21,JUNIOR ENG/B,JOHN CARVER,11,2026,F,0.83 pts,4.62,,1,,#N/A
25,3/4/25,2,S2,FAR541 / 22,PERCUSSION/B,DAVID DUARTE,11,2026,,,3.43,,1,,#N/A
25,3/4/25,3,S2,PED101 / 23,PHYSICAL EDUCATION,SCOTT DIZMANG,11,2026,B,3.05 pts,2.62,,1,,#N/A
25,3/4/25,4,S2,CTE115 / 24,ENGINEERING B,JASON BLAESING,11,2026,F,0.07 pts,4.9,,1,,#N/A
25,3/4/25,5,S2,MAT702 / 45,ALGEBRA II B,JENNIFER REILLY,11,2026,F,0.95 pts,4.48,,1,,Yes
25,3/4/25,6,S2,SOC702 / 26,US HISTORY/B,SCOTT BOOTHBY,11,2026,F,0.76 pts,3,,1,,Yes
25,3/4/25,1,S2,CTA102 / 21,CTA S2,,11,2026,,,0,,3,,#N/A
25,3/4/25,2,S2,CTA102 / 21,CTA S2,,11,2026,,,0,,3,,#N/A
25,3/4/25,3,S2,CTA102 / 21,CTA S2,,11,2026,,,0,,3,,#N/A
23,2/18/25,4,S2,MAT702 / 24,ALGEBRA II B,JENNIFER REILLY,11,2026,,,3,,491,,Yes
25,3/4/25,5,S2,ASL504 / 25,AMERICAN SIGN LANGUAGE II/B,TAMI GRANT,11,2026,,,1.33,,3,,#N/A
25,3/4/25,6,S2,ENG702 / 26,JUNIOR ENG/B,JOHN CARVER,11,2026,B,2.95 pts,1.33,,3,,#N/A
25,3/4/25,1,S2,FAR506 / 21,CONCERT CHOIR /B,DAVID DUARTE,10,2027,C+,2.50 pts,2.71,,4,,#N/A
25,3/4/25,2,S2,SPA502 / 22,SPANISH I B,ARELI LOPEZ LOPEZ,10,2027,D+,1.96 pts,1.71,,4,,#N/A
25,3/4/25,3,S2,SOC109 / 23,WORLD HISTORY/B,RYAN ISAACSON,10,2027,F,0.33 pts,1.71,,4,,#N/A
25,3/4/25,4,S2,SCI602 / 24,BIOLOGY B,GRANT MERRILL,10,2027,F,0.00 pts,2.29,,4,,Yes
25,3/4/25,5,S2,ENG602 / 25,SOPH ENG/B,MARCEE SALAS,10,2027,F,1.26 pts,1.71,,4,,Yes
25,3/4/25,6,S2,MAT523 / 46,GEOMETRY B,ROCHELLE AITON,10,2027,F,1.43 pts,1.43,,4,,#N/A
25,3/4/25,1,S2,VOC706 / 21,DIGITAL PHOTOGRAPHY II,ROSANNA RUFF,11,2026,C-,2.05 pts,0.43,,5,,#N/A
25,3/4/25,2,S2,SCI504 / 42,PHYSICAL SCIENCE B,WILLIAM BAUR,11,2026,A,3.90 pts,0.71,,5,,#N/A
25,3/4/25,3,S2,BUS302 / 23,PERSONAL FINANCE B,NICOLE SIMEK,11,2026,F,1.30 pts,0.86,,5,,Yes
25,3/4/25,4,S2,SOC702 / 24,US HISTORY/B,DAVE HAJEK,11,2026,B,2.99 pts,1.14,,5,,#N/A
25,3/4/25,5,S2,ENG702 / 25,JUNIOR ENG/B,JOHN CARVER,11,2026,D+,1.85 pts,1,,5,,#N/A
25,3/4/25,6,S2,HFL113 / 26,INTRO CULINARY ART,ALEXANDRA YOST,11,2026,A-,3.42 pts,0.57,,5,,#N/A
25,3/4/25,1,S2,VOC620 / 21,METAL CRAFTS & PRODUCTION I,DONALD O'BRIEN,10,2027,,0.33 pts,0,,6,,#N/A
25,3/4/25,1,S2,PED500 / 21,WEIGHT TRAINING,SCOTT BOOTHBY,10,2027,B-,2.75 pts,0.14,,6,,#N/A
25,3/4/25,2,S2,PED500 / 22,WEIGHT TRAINING,SCOTT BOOTHBY,10,2027,,4.00 pts,0,,6,,#N/A
25,3/4/25,2,S2,ELE404 / 22,LANGUAGE SUPPORT/B,HAYLEY ALVARADO,10,2027,A,4.00 pts,0,,6,,#N/A
25,3/4/25,3,S2,SOC109 / 23,WORLD HISTORY/B,RYAN ISAACSON,10,2027,F,1.00 pts,0,,6,,#N/A
25,3/4/25,4,S2,MAT523 / 24,GEOMETRY B,ROCHELLE AITON,10,2027,A-,3.40 pts,0,John L,6,Active,Yes
25,3/4/25,5,S2,ENG602 / 25,SOPH ENG/B,MARCEE SALAS,10,2027,D,1.69 pts,0,Pat,6,Active,Yes
25,3/4/25,6,S2,SCI602 / 46,BIOLOGY B,WILLIAM BAUR,10,2027,F,0.05 pts,0,Mimi,6,Active,Yes
25,3/4/25,1,S2,ENG802 / 21,SENIOR ENG/B,HEATHER CARVER,12,2025,F,0.23 pts,2,,7,,#N/A
25,3/4/25,2,S2,BUS302 / 22,PERSONAL FINANCE B,NICOLE SIMEK,12,2025,F,0.71 pts,2,,7,,Yes
25,3/4/25,3,S2,ONT401 / 23,ON-TRACK/B,BRIAN ANDERSON,12,2025,U,0.20 pts,2,,7,,#N/A
25,3/4/25,4,S2,ENG716 / 24,DRAMATIC LITERATURE,KELLY GREGERSEN,12,2025,F,1.34 pts,2,,7,,#N/A
25,3/4/25,5,S2,CTE101 / 25,MEDICAL CAREER & TERMS/B,DONNA SCHATZ,12,2025,B,3.01 pts,2,,7,,#N/A
25,3/4/25,6,S2,SOC801 / 26,CONTEMPORARY WORLD ISSUES,JIM REED,12,2025,F,0.14 pts,2,,7,,#N/A
25,3/4/25,1,S2,FAR721 / 21,PANTHER PLAYERS/B,KELLY GREGERSEN,11,2026,A,4.00 pts,4,,46,,#N/A
25,3/4/25,2,S2,SCI610 / 22,CHEMISTRY/B,GRANT MERRILL,11,2026,F,0.07 pts,4,,46,,Yes
25,3/4/25,3,S2,MAT702 / 23,ALGEBRA II B,JENNIFER REILLY,11,2026,C,2.32 pts,4,,46,,Yes
25,3/4/25,4,S2,ENG716 / 24,DRAMATIC LITERATURE,KELLY GREGERSEN,11,2026,A,3.80 pts,4,,46,,#N/A
25,3/4/25,5,S2,SOC702 / 25,US HISTORY/B,DAVE HAJEK,11,2026,C-,2.01 pts,4,,46,,#N/A
25,3/4/25,6,S2,SPA502 / 26,SPANISH I B,ARELI LOPEZ LOPEZ,11,2026,D+,1.95 pts,4,,46,,#N/A
25,3/4/25,1,S2,FAR721 / 21,PANTHER PLAYERS/B,KELLY GREGERSEN,12,2025,A,4.00 pts,1.29,,8,,#N/A
25,3/4/25,2,S2,BUS302 / 22,PERSONAL FINANCE B,NICOLE SIMEK,12,2025,F,0.85 pts,2.86,,8,,Yes
25,3/4/25,3,S2,HFL113 / 23,INTRO CULINARY ART,ALEXANDRA YOST,12,2025,W,2.22 pts,2.57,,8,,#N/A
25,3/4/25,3,S2,AID102 / HC3,TEACHER AIDE,HEATHER CARVER,12,2025,,,0.71,,8,,#N/A
25,3/4/25,4,S2,ENG718 / 24,AP LITERATURE/COMPOSITION B,HEATHER CARVER,12,2025,C-,2.00 pts,3,,8,,#N/A
25,3/4/25,5,S2,SOC801 / 25,CONTEMPORARY WORLD ISSUES,SCOTT BOOTHBY,12,2025,C,2.21 pts,3,,8,,#N/A
25,3/4/25,6,S2,SCI504 / 26,PHYSICAL SCIENCE B,JAMES BENNETT,12,2025,F,1.53 pts,3,,8,,#N/A
25,3/4/25,1,S2,PED513 / 21,TEAM GAMES,SCOTT DIZMANG,10,2027,A,4.00 pts,1,,9,,#N/A
25,3/4/25,2,S2,SOC109 / 22,WORLD HISTORY/B,DAVID HOLLINGSWORTH,10,2027,B+,3.28 pts,1,,9,,#N/A
25,3/4/25,3,S2,HFL116 / 23,BAKING PASTRY ARTS I,KAYLA PAYNE,10,2027,A,4.00 pts,1,,9,,#N/A
25,3/4/25,4,S2,SCI602 / 24,BIOLOGY B,GRANT MERRILL,10,2027,F,1.33 pts,1,Tom C,9,Active,Yes
25,3/4/25,5,S2,MAT523 / 25,GEOMETRY B,BRIAN ANDERSON,10,2027,B,2.94 pts,1,Linda,9,Active,Yes
25,3/4/25,6,S2,ENG602 / 26,SOPH ENG/B,MARCEE SALAS,10,2027,D,1.66 pts,1,,9,,#N/A
25,3/4/25,1,S2,MAT523 / 21,GEOMETRY B,ROCHELLE AITON,10,2027,C+,2.50 pts,2,John L,10,Active,Yes
25,3/4/25,2,S2,ENG602 / 22,SOPH ENG/B,KELLY GREGERSEN,10,2027,C,2.23 pts,2,,10,,Yes
25,3/4/25,3,S2,SOC109 / 23,WORLD HISTORY/B,RYAN ISAACSON,10,2027,F,1.33 pts,2,,10,,#N/A
25,3/4/25,4,S2,HFL119 / 24,ADV CULINARY ARTS B,ALEXANDRA YOST,10,2027,A,3.63 pts,2,,10,,#N/A
25,3/4/25,5,S2,PED500 / 25,WEIGHT TRAINING,SCOTT DIZMANG,10,2027,A,4.00 pts,2,,10,,#N/A
25,3/4/25,6,S2,SCI602 / 26,BIOLOGY B,GRANT MERRILL,10,2027,B+,3.33 pts,2,Larry,10,Active,Yes
25,3/4/25,1,S2,SPA602 / 21,SPANISH II B,ARELI LOPEZ LOPEZ,11,2026,A,3.70 pts,3,,11,,#N/A
25,3/4/25,2,S2,HFL115 / 22,ADVANCED PASTRY ARTS I,KAYLA PAYNE,11,2026,A,4.00 pts,3,,11,,#N/A
25,3/4/25,3,S2,MAT702 / 23,ALGEBRA II B,JENNIFER REILLY,11,2026,F,1.10 pts,3.14,Larry,11,Active,Yes
25,3/4/25,4,S2,CTE115 / 24,ENGINEERING B,JASON BLAESING,11,2026,F,0.07 pts,3.14,,11,,#N/A
25,3/4/25,5,S2,SOC704 / 25,AP US HISTORY B,RYAN ISAACSON,11,2026,B-,2.73 pts,3,,11,,#N/A
25,3/4/25,6,S2,ENG702 / 26,JUNIOR ENG/B,JOHN CARVER,11,2026,B-,2.81 pts,3,,11,,#N/A
25,3/4/25,1,S2,CTE115 / 21,ENGINEERING B,JASON BLAESING,11,2026,F,0.07 pts,2,,12,,#N/A
25,3/4/25,2,S2,VOC705 / 22,DIGITAL PHOTOGRAPHY I,ROSANNA RUFF,11,2026,A,3.89 pts,2,,12,,#N/A
25,3/4/25,3,S2,PED500 / 23,WEIGHT TRAINING,SCOTT BOOTHBY,11,2026,A,3.75 pts,2,,12,,#N/A
25,3/4/25,4,S2,SOC702 / 24,US HISTORY/B,DAVE HAJEK,11,2026,F,0.26 pts,2,,12,,#N/A
25,3/4/25,5,S2,BUS302 / 25,PERSONAL FINANCE B,NICOLE SIMEK,11,2026,C,2.27 pts,2,,12,,Yes
25,3/4/25,6,S2,ENG702 / 26,JUNIOR ENG/B,JOHN CARVER,11,2026,F,1.04 pts,2,,12,,#N/A
25,3/4/25,1,S2,MAT523 / 21,GEOMETRY B,ROCHELLE AITON,10,2027,F,0.95 pts,2.14,John L,13,Active,Yes
25,3/4/25,2,S2,ENG602 / 22,SOPH ENG/B,KELLY GREGERSEN,10,2027,B+,3.27 pts,2,,13,,Yes
25,3/4/25,3,S2,SCI602 / 43,BIOLOGY B,DONNA SCHATZ,10,2027,F,0.19 pts,2,,13,,#N/A
25,3/4/25,4,S2,SCI504 / 44,PHYSICAL SCIENCE B,WILLIAM BAUR,10,2027,F,0.10 pts,2.14,,13,,#N/A
25,3/4/25,5,S2,HFL116 / 25,BAKING PASTRY ARTS I,KAYLA PAYNE,10,2027,B,3.00 pts,2,,13,,#N/A
25,3/4/25,6,S2,SOC109 / 46,WORLD HISTORY/B,DAVE HAJEK,10,2027,C-,2.10 pts,2,,13,,#N/A
25,3/4/25,1,S2,ENG702 / 21,JUNIOR ENG/B,JOHN CARVER,11,2026,A-,3.45 pts,1,,14,,#N/A
25,3/4/25,2,S2,VOC107 / 22,METALS MANUF & TECHNOLOGY II,DONALD O'BRIEN,11,2026,A,3.75 pts,1,,14,,#N/A
25,3/4/25,3,S2,MAT702 / 23,ALGEBRA II B,JENNIFER REILLY,11,2026,F,0.98 pts,0.43,Jonathan,14,Active,Yes
25,3/4/25,4,S2,SCI504 / 24,PHYSICAL SCIENCE B,JAMES BENNETT,11,2026,A-,3.46 pts,1.14,,14,,#N/A
25,3/4/25,5,S2,SOC702 / 25,US HISTORY/B,DAVE HAJEK,11,2026,C-,2.08 pts,0.86,,14,,#N/A
25,3/4/25,6,S2,AID102 / AL6,TEACHER AIDE,ARELI LOPEZ LOPEZ,11,2026,,,0.57,,14,,#N/A
25,3/4/25,1,S2,SPA602 / 21,SPANISH II B,ARELI LOPEZ LOPEZ,10,2027,A,3.76 pts,0,,15,,#N/A
25,3/4/25,2,S2,ENG602 / 22,SOPH ENG/B,KELLY GREGERSEN,10,2027,F,1.48 pts,0,,15,,Yes
25,3/4/25,3,S2,SCI602 / 23,BIOLOGY B,GRANT MERRILL,10,2027,F,0.12 pts,0,Linda,15,Active,Yes
25,3/4/25,4,S2,MAT523 / 24,GEOMETRY B,ROCHELLE AITON,10,2027,D+,1.93 pts,0,,15,,Yes
25,3/4/25,5,S2,VOC502 / 25,FINE ARTS WOODWORKING I,BRENT MANSELL,10,2027,A,4.00 pts,0,,15,,#N/A
25,3/4/25,6,S2,SOC109 / 26,WORLD HISTORY/B,RYAN ISAACSON,10,2027,C+,2.67 pts,0,,15,,#N/A
25,3/4/25,1,S2,SOC109 / 21,WORLD HISTORY/B,DAVID HOLLINGSWORTH,10,2027,A,3.64 pts,0,,16,,#N/A
25,3/4/25,2,S2,FAR108 / 22,CERAMICS I,ROBERT YEE,10,2027,B,3.00 pts,0,,16,,#N/A
25,3/4/25,3,S2,MAT523 / 23,GEOMETRY B,ROCHELLE AITON,10,2027,F,1.45 pts,0,,16,,Yes
25,3/4/25,4,S2,SCI504 / 44,PHYSICAL SCIENCE B,WILLIAM BAUR,10,2027,F,1.05 pts,0,,16,,#N/A
25,3/4/25,5,S2,HFL116 / 25,BAKING PASTRY ARTS I,KAYLA PAYNE,10,2027,A,4.00 pts,0,,16,,#N/A
25,3/4/25,6,S2,ENG602 / 26,SOPH ENG/B,MARCEE SALAS,10,2027,C,2.25 pts,0,,16,,#N/A
25,3/4/25,1,S2,MAT523 / 21,GEOMETRY B,ROCHELLE AITON,10,2027,,,1,,17,,Yes
25,3/4/25,1,S2,PED513 / 21,TEAM GAMES,SCOTT DIZMANG,10,2027,C-,2.10 pts,1.71,,17,,#N/A
25,3/4/25,2,S2,ENG602 / 22,SOPH ENG/B,KELLY GREGERSEN,10,2027,B-,2.89 pts,2.02,,17,,Yes
25,3/4/25,3,S2,SCI602 / 43,BIOLOGY B,DONNA SCHATZ,10,2027,A,3.81 pts,1.86,,17,,#N/A
25,3/4/25,4,S2,SOC109 / 24,WORLD HISTORY/B,DAVID HOLLINGSWORTH,10,2027,C+,2.60 pts,2.57,,17,,#N/A
25,3/4/25,5,S2,HFL116 / 25,BAKING PASTRY ARTS I,KAYLA PAYNE,10,2027,A,4.00 pts,2.29,,17,,#N/A
25,3/4/25,6,S2,MAT523 / 46,GEOMETRY B,ROCHELLE AITON,10,2027,F,0.48 pts,1.86,,17,,#N/A
25,3/4/25,1,S2,PED500 / 21,WEIGHT TRAINING,SCOTT BOOTHBY,12,2025,,2.00 pts,0.14,,18,,#N/A
25,3/4/25,1,S2,AACAL2 / 21,ACADEMIC ACHIEVEMENT B,AARON LABREE,12,2025,,,1.43,,18,,#N/A
25,3/4/25,2,S2,BUS302 / 22,PERSONAL FINANCE B,NICOLE SIMEK,12,2025,F,0.65 pts,1.57,,18,,Yes
25,3/4/25,3,S2,SOC801 / 23,CONTEMPORARY WORLD ISSUES,JIM REED,12,2025,F,0.07 pts,1.14,,18,,#N/A
25,3/4/25,4,S2,PED513 / 24,TEAM GAMES,SCOTT DIZMANG,12,2025,A,4.00 pts,1.14,,18,,#N/A
25,3/4/25,5,S2,ONT401 / 25,ON-TRACK/B,ROBERT YEE,12,2025,,,0.14,,18,,#N/A
25,3/4/25,6,S2,ENG802 / 26,SENIOR ENG/B,HEATHER CARVER,12,2025,F,0.27 pts,0,,18,,#N/A
25,3/4/25,1,S2,HFL114 / 21,FAMILY HEALTH,THOMAS KESSINGER,9,2028,A,4.00 pts,1,,2,,#N/A
25,3/4/25,2,S2,ASL502 / 22,AMERICAN  SIGN LANGUAGE I/B,KYLA RITCHEY,9,2028,A-,3.50 pts,1,,2,,#N/A
25,3/4/25,3,S2,MAT521 / 43,ALGEBRA I B,JANET GROVE,9,2028,B,3.05 pts,1,,2,,#N/A
25,3/4/25,4,S2,SCI504 / 24,PHYSICAL SCIENCE B,JAMES BENNETT,9,2028,C-,2.10 pts,1.14,,2,,#N/A
25,3/4/25,5,S2,VOC705 / 25,DIGITAL PHOTOGRAPHY I,ROSANNA RUFF,9,2028,A,3.94 pts,1,,2,,#N/A
25,3/4/25,6,S2,ENG502 / 26,FR ENGLISH/B,DAVID HOLLINGSWORTH,9,2028,A-,3.52 pts,1,Melanie,2,Active,Yes
25,3/4/25,1,S2,CTE115 / 21,ENGINEERING B,JASON BLAESING,11,2026,D+,1.97 pts,0,,19,,#N/A
25,3/4/25,2,S2,FAR108 / 22,CERAMICS I,ROBERT YEE,11,2026,B,3.00 pts,0,,19,,#N/A
25,3/4/25,3,S2,PED101 / 23,PHYSICAL EDUCATION,SCOTT DIZMANG,11,2026,A,4.00 pts,0,,19,,#N/A
25,3/4/25,4,S2,ENG702 / 24,JUNIOR ENG/B,JOHN CARVER,11,2026,F,1.37 pts,0.14,,19,,#N/A
25,3/4/25,5,S2,SOC704 / 25,AP US HISTORY B,RYAN ISAACSON,11,2026,F,0.20 pts,0,,19,,#N/A
25,3/4/25,6,S2,MAT702 / 26,ALGEBRA II B,JASON BLAESING,11,2026,D+,1.97 pts,0,Larry,19,Active,Yes
25,3/4/25,1,S2,ENG602 / 21,SOPH ENG/B,MARCEE SALAS,10,2027,A-,3.53 pts,1.86,,20,,#N/A
25,3/4/25,2,S2,MAT523 / 42,GEOMETRY B,BRIAN ANDERSON,10,2027,B,2.99 pts,1.71,,20,,#N/A
25,3/4/25,3,S2,FAR109 / 23,CERAMICS II,ROBERT YEE,10,2027,,,1,,20,,#N/A
25,3/4/25,3,S2,FAR108 / 23,CERAMICS I,ROBERT YEE,10,2027,,,0.71,,20,,#N/A
25,3/4/25,4,S2,SCI602 / 24,BIOLOGY B,GRANT MERRILL,10,2027,C+,2.67 pts,1.71,Linda,20,Active,Yes
25,3/4/25,5,S2,CTE101 / 25,MEDICAL CAREER & TERMS/B,DONNA SCHATZ,10,2027,B+,3.33 pts,1,,20,,#N/A
25,3/4/25,6,S2,SOC109 / 46,WORLD HISTORY/B,DAVE HAJEK,10,2027,B-,2.70 pts,1.86,,20,,#N/A
25,3/4/25,1,S2,SOC702 / 21,US HISTORY/B,DAVE HAJEK,11,2026,F,0.28 pts,4.86,,21,,#N/A
25,3/4/25,2,S2,MAT523 / 22,GEOMETRY B,ROCHELLE AITON,11,2026,F,0.95 pts,4.86,John,21,Active,Yes
25,3/4/25,3,S2,BUS302 / 23,PERSONAL FINANCE B,NICOLE SIMEK,11,2026,B,2.96 pts,4.86,,21,,Yes
25,3/4/25,4,S2,HFL119 / 24,ADV CULINARY ARTS B,ALEXANDRA YOST,11,2026,A,3.88 pts,5.14,,21,,#N/A
25,3/4/25,5,S2,ENG702 / 25,JUNIOR ENG/B,JOHN CARVER,11,2026,F,1.15 pts,5.14,,21,,#N/A
25,3/4/25,6,S2,FAR113 / 26,INTRO TO ART AND DESIGN,ROBERT YEE,11,2026,,3.00 pts,5.14,,21,,#N/A
25,3/4/25,6,S2,FAR114 / 26,INTERMEDIATE ART,ROBERT YEE,11,2026,,,0,,21,,#N/A
25,3/4/25,1,S2,PED513 / 21,TEAM GAMES,SCOTT DIZMANG,11,2026,A,4.00 pts,0,,22,,#N/A
25,3/4/25,2,S2,HFL115 / 22,ADVANCED PASTRY ARTS I,KAYLA PAYNE,11,2026,A,4.00 pts,0,,22,,#N/A
25,3/4/25,3,S2,MAT702 / 23,ALGEBRA II B,JENNIFER REILLY,11,2026,C-,2.12 pts,0,Larry,22,Active,Yes
25,3/4/25,4,S2,SCI504 / 44,PHYSICAL SCIENCE B,WILLIAM BAUR,11,2026,A,4.00 pts,0,,22,,#N/A
25,3/4/25,5,S2,SOC702 / 25,US HISTORY/B,DAVE HAJEK,11,2026,A,3.95 pts,0,,22,,#N/A
25,3/4/25,6,S2,ENG702 / 26,JUNIOR ENG/B,JOHN CARVER,11,2026,A-,3.51 pts,0.14,,22,,#N/A
25,3/4/25,1,S2,MAT705 / 21,PRE-CALC B MAT 154,BRIAN ANDERSON,12,2025,A-,3.46 pts,0.5,,24,,#N/A
25,3/4/25,2,S2,RUN102 / 22,RUNNING START/B,,12,2025,,,0,,24,,#N/A
25,3/4/25,3,S2,RUN102 / 23,RUNNING START/B,,12,2025,,,0,,24,,#N/A
25,3/4/25,4,S2,RUN102 / 24,RUNNING START/B,,12,2025,,,0,,24,,#N/A
25,3/4/25,5,S2,ENG802 / 25,SENIOR ENG/B,HEATHER CARVER,12,2025,A,4.00 pts,0.25,,24,,#N/A
25,3/4/25,6,S2,SOC801 / 26,CONTEMPORARY WORLD ISSUES,JIM REED,12,2025,A,3.99 pts,0,,24,,#N/A
25,3/4/25,1,S2,PED500 / 21,WEIGHT TRAINING,SCOTT BOOTHBY,9,2028,A,4.00 pts,0,,25,,#N/A
25,3/4/25,2,S2,SCI504 / 42,PHYSICAL SCIENCE B,WILLIAM BAUR,9,2028,F,1.15 pts,0,,25,,#N/A
25,3/4/25,3,S2,FAR108 / 23,CERAMICS I,ROBERT YEE,9,2028,,,0,,25,,#N/A
25,3/4/25,4,S2,CTE230 / 24,SOCIAL MEDIA MARKETING I,NICOLE SIMEK,9,2028,F,1.00 pts,0,,25,,#N/A
25,3/4/25,5,S2,MAT521 / 25,ALGEBRA I B,KEVIN REILLY,9,2028,A,3.84 pts,0,,25,,#N/A
25,3/4/25,6,S2,ENG502 / 26,FR ENGLISH/B,DAVID HOLLINGSWORTH,9,2028,F,0.66 pts,0,Alex W,25,Active,Yes
25,3/4/25,1,S2,ENG702 / 21,JUNIOR ENG/B,JOHN CARVER,11,2026,F,0.33 pts,7.29,,26,,#N/A
25,3/4/25,2,S2,SCI504 / 22,PHYSICAL SCIENCE B,JAMES BENNETT,11,2026,F,0.07 pts,5.71,,26,,#N/A
25,3/4/25,3,S2,BUS302 / 23,PERSONAL FINANCE B,NICOLE SIMEK,11,2026,F,0.49 pts,5.29,,26,,Yes
25,3/4/25,4,S2,SOC702 / 24,US HISTORY/B,DAVE HAJEK,11,2026,B-,2.85 pts,4.57,,26,,#N/A
25,3/4/25,5,S2,ONT401 / 25,ON-TRACK/B,ROBERT YEE,11,2026,,,6.29,,26,,#N/A
25,3/4/25,6,S2,FAR113 / 26,INTRO TO ART AND DESIGN,ROBERT YEE,11,2026,F,0.00 pts,4.86,,26,,#N/A
25,3/4/25,1,S2,MAT702 / 21,ALGEBRA II B,JENNIFER REILLY,11,2026,F,1.00 pts,5,,29,,#N/A
25,3/4/25,2,S2,SCI504 / 42,PHYSICAL SCIENCE B,WILLIAM BAUR,11,2026,A,4.00 pts,4.43,,29,,#N/A
25,3/4/25,3,S2,ENG720 / 23,AP LANGUAGE/ COMPOSITON B,HEATHER CARVER,11,2026,F,0.93 pts,4,,29,,#N/A
25,3/4/25,4,S2,ASL506 / 24,AMER SIGN III/B,TAMI GRANT,11,2026,,,4,,29,,#N/A
25,3/4/25,5,S2,CTE502 / 25,PROJECT IN  LEADERSHIP/B,KYLA RITCHEY,11,2026,A,4.00 pts,4,,29,,#N/A
25,3/4/25,6,S2,SOC702 / 26,US HISTORY/B,SCOTT BOOTHBY,11,2026,F,1.10 pts,4.71,Melanie,29,Active,Yes
25,3/4/25,1,S2,ENG802 / 21,SENIOR ENG/B,HEATHER CARVER,12,2025,F,0.23 pts,0.29,,27,,#N/A
25,3/4/25,2,S2,BUS302 / 22,PERSONAL FINANCE B,NICOLE SIMEK,12,2025,F,0.50 pts,0.29,,27,,Yes
25,3/4/25,3,S2,ONT401 / 23,ON-TRACK/B,BRIAN ANDERSON,12,2025,U,0.15 pts,0,,27,,#N/A
25,3/4/25,4,S2,SOC801 / 24,CONTEMPORARY WORLD ISSUES,JIM REED,12,2025,F,0.11 pts,0,,27,,#N/A
25,3/4/25,5,S2,CTE101 / 25,MEDICAL CAREER & TERMS/B,DONNA SCHATZ,12,2025,F,1.62 pts,0,,27,,#N/A
25,3/4/25,6,S2,ENG715 / 26,FILM AS LITERATURE,KELLY GREGERSEN,12,2025,B,3.00 pts,0,,27,,#N/A
25,3/4/25,1,S2,ENG602 / 21,SOPH ENG/B,MARCEE SALAS,10,2027,D+,1.82 pts,0,,28,,#N/A
25,3/4/25,2,S2,SCI602 / 42,BIOLOGY B,DONNA SCHATZ,10,2027,B,3.10 pts,0.29,,28,,#N/A
25,3/4/25,3,S2,ASL502 / 23,AMERICAN  SIGN LANGUAGE I/B,KYLA RITCHEY,10,2027,A,4.00 pts,0,,28,,#N/A
25,3/4/25,4,S2,MAT523 / 24,GEOMETRY B,ROCHELLE AITON,10,2027,F,1.45 pts,0,,28,,Yes
25,3/4/25,5,S2,HFL116 / 25,BAKING PASTRY ARTS I,KAYLA PAYNE,10,2027,B,3.00 pts,0,,28,,#N/A
25,3/4/25,6,S2,SOC109 / 26,WORLD HISTORY/B,RYAN ISAACSON,10,2027,D,1.67 pts,0.29,,28,,#N/A
25,3/4/25,1,S2,ENG802 / 21,SENIOR ENG/B,HEATHER CARVER,12,2025,F,0.41 pts,5.86,,30,,#N/A
25,3/4/25,2,S2,ASL504 / 22,AMERICAN SIGN LANGUAGE II/B,TAMI GRANT,12,2025,,,5.43,,30,,#N/A
25,3/4/25,3,S2,HFL113 / 23,INTRO CULINARY ART,ALEXANDRA YOST,12,2025,A,3.73 pts,5.43,,30,,#N/A
25,3/4/25,4,S2,SOC801 / 24,CONTEMPORARY WORLD ISSUES,JIM REED,12,2025,B,3.01 pts,5.14,,30,,#N/A
25,3/4/25,5,S2,BUS302 / 25,PERSONAL FINANCE B,NICOLE SIMEK,12,2025,A-,3.48 pts,5,,30,,Yes
25,3/4/25,6,S2,VOC621 / 26,METAL CRAFTS & PRODUCTION II,DONALD O'BRIEN,12,2025,C+,2.58 pts,5.43,,30,,#N/A
25,3/4/25,1,S2,PED513 / 21,TEAM GAMES,SCOTT DIZMANG,11,2026,F,0.00 pts,11.8,,31,,#N/A
25,3/4/25,2,S2,VOC705 / 22,DIGITAL PHOTOGRAPHY I,ROSANNA RUFF,11,2026,W,0.00 pts,5.2,,31,,#N/A
25,3/4/25,2,S2,ELE404 / 22,LANGUAGE SUPPORT/B,HAYLEY ALVARADO,11,2026,,,6.4,,31,,#N/A
25,3/4/25,3,S2,ELE404 / 23,LANGUAGE SUPPORT/B,HAYLEY ALVARADO,11,2026,A,4.00 pts,11.2,,31,,#N/A
25,3/4/25,4,S2,FAR109 / 24,CERAMICS II,ROBERT YEE,11,2026,B,3.00 pts,11,,31,,#N/A
25,3/4/25,5,S2,NCR105 / 25,EARLY DISMISSAL,MARK CASTLE,11,2026,,,0,,31,,#N/A
25,3/4/25,6,S2,NCR105 / 26,EARLY DISMISSAL,MARK CASTLE,11,2026,,,0,,31,,#N/A
25,3/4/25,1,S2,SOC109 / 21,WORLD HISTORY/B,DAVID HOLLINGSWORTH,10,2027,B,3.17 pts,1,,32,,#N/A
25,3/4/25,2,S2,HFL114 / 22,FAMILY HEALTH,THOMAS KESSINGER,10,2027,A,4.00 pts,1,,32,,#N/A
25,3/4/25,3,S2,SCI602 / 43,BIOLOGY B,DONNA SCHATZ,10,2027,B,3.00 pts,1,,32,,#N/A
25,3/4/25,4,S2,MAT523 / 24,GEOMETRY B,ROCHELLE AITON,10,2027,F,1.45 pts,1,,32,,Yes
25,3/4/25,5,S2,ASL504 / 25,AMERICAN SIGN LANGUAGE II/B,TAMI GRANT,10,2027,,,1,,32,,#N/A
25,3/4/25,6,S2,ENG602 / 26,SOPH ENG/B,MARCEE SALAS,10,2027,C,2.27 pts,1,,32,,#N/A
25,3/4/25,1,S2,PED513 / 21,TEAM GAMES,SCOTT DIZMANG,10,2027,A,4.00 pts,1.29,,33,,#N/A
25,3/4/25,2,S2,MAT523 / 22,GEOMETRY B,ROCHELLE AITON,10,2027,F,1.43 pts,1.29,John L,33,Active,Yes
25,3/4/25,3,S2,ASL502 / 23,AMERICAN  SIGN LANGUAGE I/B,KYLA RITCHEY,10,2027,B,3.00 pts,1.43,,33,,#N/A
25,3/4/25,4,S2,SOC109 / 24,WORLD HISTORY/B,DAVID HOLLINGSWORTH,10,2027,F,0.02 pts,1.43,,33,,#N/A
25,3/4/25,5,S2,ENG602 / 25,SOPH ENG/B,MARCEE SALAS,10,2027,F,0.94 pts,1.43,,33,,Yes
25,3/4/25,6,S2,SCI602 / 46,BIOLOGY B,WILLIAM BAUR,10,2027,F,0.00 pts,1.71,,33,,Yes
25,3/4/25,1,S2,VOC504 / 21,ADV FINE ARTS WOODWORKING I,BRENT MANSELL,10,2027,A,3.80 pts,1.86,,34,,#N/A
25,3/4/25,2,S2,ENG602 / 22,SOPH ENG/B,KELLY GREGERSEN,10,2027,F,1.14 pts,0.14,Cindy,34,Active,Yes
25,3/4/25,3,S2,MAT523 / 23,GEOMETRY B,ROCHELLE AITON,10,2027,F,0.48 pts,1.86,,34,,Yes
25,3/4/25,4,S2,PED513 / 24,TEAM GAMES,SCOTT DIZMANG,10,2027,F,1.15 pts,2,,34,,#N/A
25,3/4/25,5,S2,SCI602 / 25,BIOLOGY B,GRANT MERRILL,10,2027,F,0.33 pts,0.86,,34,,#N/A
25,3/4/25,6,S2,SOC109 / 26,WORLD HISTORY/B,RYAN ISAACSON,10,2027,F,1.33 pts,0.14,,34,,#N/A
25,3/4/25,1,S2,ENG802 / 21,SENIOR ENG/B,HEATHER CARVER,12,2025,F,0.20 pts,0,,35,,#N/A
25,3/4/25,2,S2,SCI504 / 22,PHYSICAL SCIENCE B,JAMES BENNETT,12,2025,C,2.48 pts,0.14,,35,,#N/A
25,3/4/25,3,S2,SOC801 / 23,CONTEMPORARY WORLD ISSUES,JIM REED,12,2025,F,1.04 pts,0,,35,,#N/A
25,3/4/25,4,S2,MAT521 / 24,ALGEBRA I B,KEVIN REILLY,12,2025,B-,2.84 pts,0,,35,,#N/A
25,3/4/25,5,S2,ONT401 / 25,ON-TRACK/B,ROBERT YEE,12,2025,,,0,,35,,#N/A
25,3/4/25,6,S2,SCI602 / 46,BIOLOGY B,WILLIAM BAUR,12,2025,D+,1.90 pts,0,,35,,Yes
25,3/4/25,1,S2,CTE115 / 21,ENGINEERING B,JASON BLAESING,11,2026,D,1.78 pts,0,,36,,#N/A
25,3/4/25,2,S2,MAT702 / 22,ALGEBRA II B,JASON BLAESING,11,2026,F,1.29 pts,0,Larry,36,Active,Yes
25,3/4/25,3,S2,FAR604 / 23,SCENE DESIGN,KELLY GREGERSEN,11,2026,B,3.05 pts,0,,36,,#N/A
25,3/4/25,4,S2,ENG702 / 24,JUNIOR ENG/B,JOHN CARVER,11,2026,B,3.03 pts,0,,36,,#N/A
25,3/4/25,5,S2,SOC702 / 25,US HISTORY/B,DAVE HAJEK,11,2026,A,3.97 pts,0,,36,,#N/A
25,3/4/25,6,S2,FAR543 / 26,WIND ENSEMB/B,DAVID DUARTE,11,2026,B,3.17 pts,0,,36,,#N/A
25,3/4/25,1,S2,PED500 / 21,WEIGHT TRAINING,SCOTT BOOTHBY,11,2026,C-,2.00 pts,5,,37,,#N/A
25,3/4/25,2,S2,SCI504 / 22,PHYSICAL SCIENCE B,JAMES BENNETT,11,2026,F,0.10 pts,4.86,,37,,#N/A
25,3/4/25,3,S2,ONT401 / 23,ON-TRACK/B,BRIAN ANDERSON,11,2026,U,0.20 pts,4.86,,37,,#N/A
25,3/4/25,4,S2,ENG716 / 24,DRAMATIC LITERATURE,KELLY GREGERSEN,11,2026,D+,1.95 pts,4.86,,37,,#N/A
25,3/4/25,5,S2,BUS302 / 25,PERSONAL FINANCE B,NICOLE SIMEK,11,2026,F,0.95 pts,4.86,,37,,Yes
25,3/4/25,6,S2,SOC702 / 26,US HISTORY/B,SCOTT BOOTHBY,11,2026,F,1.21 pts,4.86,,37,,Yes
25,3/4/25,1,S2,MAT523 / 21,GEOMETRY B,ROCHELLE AITON,10,2027,F,1.45 pts,3.14,,38,,Yes
25,3/4/25,2,S2,VOC107 / 22,METALS MANUF & TECHNOLOGY II,DONALD O'BRIEN,10,2027,A,4.00 pts,3.14,,38,,#N/A
25,3/4/25,3,S2,SCI602 / 43,BIOLOGY B,DONNA SCHATZ,10,2027,B,3.00 pts,3,,38,,#N/A
25,3/4/25,4,S2,SOC109 / 24,WORLD HISTORY/B,DAVID HOLLINGSWORTH,10,2027,B,3.10 pts,3,,38,,#N/A
25,3/4/25,5,S2,ENG602 / 25,SOPH ENG/B,MARCEE SALAS,10,2027,D+,1.93 pts,3,,38,,Yes
25,3/4/25,6,S2,PED500 / 26,WEIGHT TRAINING,SCOTT DIZMANG,10,2027,A,4.00 pts,3,,38,,#N/A
25,3/4/25,1,S2,VOC620 / 21,METAL CRAFTS & PRODUCTION I,DONALD O'BRIEN,10,2027,A,4.00 pts,0,,39,,#N/A
25,3/4/25,2,S2,SOC109 / 22,WORLD HISTORY/B,DAVID HOLLINGSWORTH,10,2027,B,3.12 pts,0,,39,,#N/A
25,3/4/25,3,S2,MAT523 / 23,GEOMETRY B,ROCHELLE AITON,10,2027,D+,1.98 pts,0,,39,,Yes
25,3/4/25,4,S2,VOC503 / 24,FINE ARTS WOODS II,BRENT MANSELL,10,2027,A,4.00 pts,0,,39,,#N/A
25,3/4/25,5,S2,ENG602 / 25,SOPH ENG/B,MARCEE SALAS,10,2027,C-,2.07 pts,0,,39,,Yes
25,3/4/25,6,S2,SCI602 / 46,BIOLOGY B,WILLIAM BAUR,10,2027,F,0.95 pts,0,,39,,Yes
25,3/4/25,1,S2,ENG702 / 21,JUNIOR ENG/B,JOHN CARVER,11,2026,B,3.02 pts,0.14,,40,,#N/A
25,3/4/25,2,S2,MAT702 / 22,ALGEBRA II B,JASON BLAESING,11,2026,F,1.02 pts,0.14,Larry,40,Active,Yes
25,3/4/25,3,S2,SCI504 / 43,PHYSICAL SCIENCE B,WILLIAM BAUR,11,2026,F,1.10 pts,0,,40,,#N/A
25,3/4/25,4,S2,VOC504 / 24,ADV FINE ARTS WOODWORKING I,BRENT MANSELL,11,2026,A,4.00 pts,0,,40,,#N/A
25,3/4/25,5,S2,SPA602 / 25,SPANISH II B,ARELI LOPEZ LOPEZ,11,2026,F,0.07 pts,0,,40,,#N/A
25,3/4/25,6,S2,SOC702 / 26,US HISTORY/B,SCOTT BOOTHBY,11,2026,C,2.29 pts,0,,40,,Yes
25,3/4/25,1,S2,MAT702 / 21,ALGEBRA II B,JENNIFER REILLY,11,2026,D+,1.98 pts,5,,47,,#N/A
25,3/4/25,2,S2,SCI610 / 22,CHEMISTRY/B,GRANT MERRILL,11,2026,A,3.90 pts,5,,47,,Yes
25,3/4/25,3,S2,ASL504 / 23,AMERICAN SIGN LANGUAGE II/B,TAMI GRANT,11,2026,,,5,,47,,#N/A
25,3/4/25,4,S2,SOC702 / 24,US HISTORY/B,DAVE HAJEK,11,2026,F,0.29 pts,5,,47,,#N/A
25,3/4/25,5,S2,PED500 / 25,WEIGHT TRAINING,SCOTT DIZMANG,11,2026,A,4.00 pts,5,,47,,#N/A
25,3/4/25,6,S2,ENG702 / 26,JUNIOR ENG/B,JOHN CARVER,11,2026,B-,2.80 pts,5,,47,,#N/A
25,3/4/25,1,S2,ENG702 / 21,JUNIOR ENG/B,JOHN CARVER,11,2026,B-,2.86 pts,0.43,,41,,#N/A
25,3/4/25,2,S2,SCI504 / 42,PHYSICAL SCIENCE B,WILLIAM BAUR,11,2026,C-,2.05 pts,0,,41,,#N/A
25,3/4/25,3,S2,ASL504 / 23,AMERICAN SIGN LANGUAGE II/B,TAMI GRANT,11,2026,,,0.14,,41,,#N/A
25,3/4/25,4,S2,SOC702 / 24,US HISTORY/B,DAVE HAJEK,11,2026,B,3.03 pts,0.43,,41,,#N/A
25,3/4/25,5,S2,MAT702 / 45,ALGEBRA II B,JENNIFER REILLY,11,2026,C-,2.00 pts,0.43,,41,,Yes
25,3/4/25,6,S2,FAR113 / 26,INTRO TO ART AND DESIGN,ROBERT YEE,11,2026,F,0.15 pts,0.43,,41,,#N/A
25,3/4/25,1,S2,FAR607 / 21,ADVANCED ACTING/ B,KELLY GREGERSEN,12,2025,A,3.80 pts,0,,42,,#N/A
25,3/4/25,2,S2,SCI610 / 22,CHEMISTRY/B,GRANT MERRILL,12,2025,B,2.90 pts,0,Jay,42,Active,Yes
25,3/4/25,3,S2,ENG802 / 23,SENIOR ENG/B,JOHN CARVER,12,2025,F,1.21 pts,0.14,,42,,#N/A
25,3/4/25,4,S2,HFL119 / 24,ADV CULINARY ARTS B,ALEXANDRA YOST,12,2025,B+,3.38 pts,0,,42,,#N/A
25,3/4/25,5,S2,BUS302 / 25,PERSONAL FINANCE B,NICOLE SIMEK,12,2025,B,3.09 pts,0,,42,,Yes
25,3/4/25,6,S2,FAR543 / 26,WIND ENSEMB/B,DAVID DUARTE,12,2025,C-,2.00 pts,0,,42,,#N/A
25,3/4/25,1,S2,ENG702 / 21,JUNIOR ENG/B,JOHN CARVER,11,2026,B+,3.36 pts,3.86,,43,,#N/A
25,3/4/25,2,S2,SCI504 / 22,PHYSICAL SCIENCE B,JAMES BENNETT,11,2026,F,1.59 pts,3.86,Larry,43,Active,#N/A
25,3/4/25,3,S2,ASL504 / 23,AMERICAN SIGN LANGUAGE II/B,TAMI GRANT,11,2026,,,3.86,,43,,#N/A
25,3/4/25,4,S2,SOC702 / 24,US HISTORY/B,DAVE HAJEK,11,2026,A,3.64 pts,3.86,,43,,#N/A
25,3/4/25,5,S2,SOC106 / 25,AP PSYCHOLOGY B,JIM REED,11,2026,F,0.13 pts,3.86,,43,,#N/A
25,3/4/25,6,S2,MAT702 / 26,ALGEBRA II B,JASON BLAESING,11,2026,F,0.90 pts,4,,43,,Yes
25,3/4/25,1,S2,MAT523 / 21,GEOMETRY B,ROCHELLE AITON,10,2027,F,0.00 pts,5.14,,44,,Yes
25,3/4/25,2,S2,SCI602 / 42,BIOLOGY B,DONNA SCHATZ,10,2027,F,0.14 pts,3.71,,44,,#N/A
25,3/4/25,3,S2,FAR604 / 23,SCENE DESIGN,KELLY GREGERSEN,10,2027,D+,1.90 pts,4,,44,,#N/A
25,3/4/25,4,S2,HFL113 / 24,INTRO CULINARY ART,KAYLA PAYNE,10,2027,B,3.00 pts,3,,44,,#N/A
25,3/4/25,5,S2,ENG602 / 25,SOPH ENG/B,MARCEE SALAS,10,2027,F,0.77 pts,3.86,,44,,Yes
25,3/4/25,6,S2,SOC109 / 26,WORLD HISTORY/B,RYAN ISAACSON,10,2027,F,0.00 pts,4.86,,44,,#N/A
25,3/4/25,1,S2,PED101 / 21,PHYSICAL EDUCATION,KATHERINE STURDYVIN-SCOBBA,11,2026,B,3.00 pts,0,,45,,#N/A
25,3/4/25,2,S2,SCI610 / 22,CHEMISTRY/B,GRANT MERRILL,11,2026,B,2.95 pts,0,Jay,45,Active,Yes
25,3/4/25,3,S2,ENG720 / 23,AP LANGUAGE/ COMPOSITON B,HEATHER CARVER,11,2026,A,3.71 pts,0,,45,,#N/A
25,3/4/25,4,S2,CTE231 / 24,SOCIAL MEDIA MARKETING II,NICOLE SIMEK,11,2026,A,4.00 pts,0,,45,,#N/A
25,3/4/25,5,S2,SOC704 / 25,AP US HISTORY B,RYAN ISAACSON,11,2026,B-,2.73 pts,0,,45,,#N/A
25,3/4/25,6,S2,MAT702 / 26,ALGEBRA II B,JASON BLAESING,11,2026,F,1.21 pts,0,,45,,Yes
25,3/4/25,6,S2,MAT702 / 26,ALGEBRA II B,JASON BLAESING,11,2026,B,3.06 pts,0,,50,,Yes
25,3/4/25,2,S2,ENG602 / 22,SOPH ENG/B,KELLY GREGERSEN,10,2027,B-,2.89 pts,1.86,,52,,Yes
25,3/4/25,4,S2,MAT523 / 24,GEOMETRY B,ROCHELLE AITON,10,2027,C-,2.03 pts,1.14,,52,,Yes
25,3/4/25,2,S2,MAT523 / 22,GEOMETRY B,ROCHELLE AITON,10,2027,D+,1.90 pts,5.43,,53,,Yes
25,3/4/25,4,S2,SCI602 / 24,BIOLOGY B,GRANT MERRILL,10,2027,C,2.33 pts,5,,53,,Yes
25,3/4/25,6,S2,MAT702 / 26,ALGEBRA II B,JASON BLAESING,10,2027,A,4.00 pts,0,,54,,Yes
25,3/4/25,2,S2,SCI610 / 22,CHEMISTRY/B,GRANT MERRILL,11,2026,B,2.90 pts,1.14,,55,,Yes
25,3/4/25,2,S2,MAT702 / 22,ALGEBRA II B,JASON BLAESING,11,2026,B,3.06 pts,0,,56,,Yes
25,3/4/25,5,S2,MAT523 / 25,GEOMETRY B,BRIAN ANDERSON,10,2027,D+,1.91 pts,0,,59,,Yes
25,3/4/25,2,S2,SCI610 / 22,CHEMISTRY/B,GRANT MERRILL,11,2026,A,3.90 pts,1,,60,,Yes
25,3/4/25,3,S2,MAT702 / 23,ALGEBRA II B,JENNIFER REILLY,11,2026,A-,3.51 pts,1,,60,,Yes
25,3/4/25,1,S2,ENG504 / 21,PRE-AP FRESHMAN ENGLISH/B,ANGELINA MERRILL,9,2028,B+,3.31 pts,0.29,,470,,Yes
25,3/4/25,2,S2,SCI610 / 22,CHEMISTRY/B,GRANT MERRILL,10,2027,B,2.93 pts,1.43,,471,,Yes
25,3/4/25,3,S2,MAT702 / 23,ALGEBRA II B,JENNIFER REILLY,10,2027,F,1.54 pts,1,,471,,Yes
25,3/4/25,2,S2,BUS302 / 22,PERSONAL FINANCE B,NICOLE SIMEK,12,2025,C,2.46 pts,4,,61,,Yes
25,3/4/25,5,S2,MAT523 / 25,GEOMETRY B,BRIAN ANDERSON,10,2027,F,1.39 pts,2.86,,63,,Yes
25,3/4/25,6,S2,ENG502 / 26,FR ENGLISH/B,DAVID HOLLINGSWORTH,9,2028,C+,2.64 pts,1.29,,472,,Yes
25,3/4/25,3,S2,BUS302 / 23,PERSONAL FINANCE B,NICOLE SIMEK,11,2026,F,0.83 pts,6.57,,65,,Yes
25,3/4/25,5,S2,MAT702 / 45,ALGEBRA II B,JENNIFER REILLY,11,2026,D+,1.91 pts,6,,65,,Yes
25,3/4/25,2,S2,MAT702 / 22,ALGEBRA II B,JASON BLAESING,10,2027,A,4.00 pts,3,,66,,Yes
25,3/4/25,5,S2,MAT702 / 45,ALGEBRA II B,JENNIFER REILLY,12,2025,F,0.98 pts,1.57,,473,,Yes
25,3/4/25,3,S2,MAT523 / 23,GEOMETRY B,ROCHELLE AITON,10,2027,D+,1.93 pts,0.86,,67,,Yes
25,3/4/25,6,S2,SOC702 / 26,US HISTORY/B,SCOTT BOOTHBY,11,2026,A,4.00 pts,4,,68,,Yes
25,3/4/25,3,S2,MAT523 / 23,GEOMETRY B,ROCHELLE AITON,10,2027,D+,1.93 pts,0,,424,,Yes
25,3/4/25,3,S2,MAT523 / 23,GEOMETRY B,ROCHELLE AITON,9,2028,B,3.03 pts,3,,69,,Yes
25,3/4/25,1,S2,SCI504 / 21,PHYSICAL SCIENCE B,JAMES BENNETT,9,2028,F,1.63 pts,2.14,,70,,Yes
25,3/4/25,6,S2,ENG502 / 26,FR ENGLISH/B,DAVID HOLLINGSWORTH,9,2028,C,2.39 pts,1.29,,70,,Yes
25,3/4/25,6,S2,SOC702 / 26,US HISTORY/B,SCOTT BOOTHBY,11,2026,B,3.19 pts,0,,71,,Yes
25,3/4/25,1,S2,MAT523 / 21,GEOMETRY B,ROCHELLE AITON,10,2027,F,0.98 pts,2.71,,72,,Yes
25,3/4/25,5,S2,ENG602 / 25,SOPH ENG/B,MARCEE SALAS,10,2027,C,2.21 pts,2.43,,72,,Yes
24,2/25/25,4,S2,MAT702 / 24,ALGEBRA II B,JENNIFER REILLY,11,2026,F,1.00 pts,3,,491,,Yes
25,3/4/25,2,S2,MAT523 / 22,GEOMETRY B,ROCHELLE AITON,9,2028,B+,3.33 pts,1.43,,76,,Yes
25,3/4/25,5,S2,MAT702 / 45,ALGEBRA II B,JENNIFER REILLY,11,2026,A,4.00 pts,0,,475,,Yes
25,3/4/25,2,S2,ENG602 / 22,SOPH ENG/B,KELLY GREGERSEN,10,2027,C,2.26 pts,5,,77,,Yes
25,3/4/25,3,S2,SCI602 / 23,BIOLOGY B,GRANT MERRILL,10,2027,A,3.92 pts,5,,77,,Yes
25,3/4/25,1,S2,ENG504 / 21,PRE-AP FRESHMAN ENGLISH/B,ANGELINA MERRILL,9,2028,A-,3.52 pts,0,,476,,Yes
25,3/4/25,4,S2,MAT523 / 24,GEOMETRY B,ROCHELLE AITON,10,2027,B,2.95 pts,1.29,,425,,Yes
25,3/4/25,6,S2,MAT702 / 26,ALGEBRA II B,JASON BLAESING,10,2027,B,3.10 pts,0,,477,,Yes
25,3/4/25,1,S2,MAT523 / 21,GEOMETRY B,ROCHELLE AITON,9,2028,F,1.48 pts,3.86,,79,,Yes
25,3/4/25,5,S2,MAT523 / 25,GEOMETRY B,BRIAN ANDERSON,10,2027,A,3.70 pts,0,,80,,Yes
25,3/4/25,2,S2,SCI610 / 22,CHEMISTRY/B,GRANT MERRILL,12,2025,F,0.02 pts,7.14,,82,,Yes
25,3/4/25,1,S2,MAT523 / 21,GEOMETRY B,ROCHELLE AITON,10,2027,C,2.40 pts,3,,83,,Yes
25,3/4/25,1,S2,MAT523 / 21,GEOMETRY B,ROCHELLE AITON,10,2027,F,1.03 pts,1,,84,,Yes
25,3/4/25,6,S2,SOC702 / 26,US HISTORY/B,SCOTT BOOTHBY,11,2026,A,3.67 pts,0,,85,,Yes
25,3/4/25,2,S2,SCI610 / 22,CHEMISTRY/B,GRANT MERRILL,11,2026,A,3.97 pts,0,,86,,Yes
25,3/4/25,6,S2,SOC702 / 26,US HISTORY/B,SCOTT BOOTHBY,11,2026,A-,3.44 pts,0,,86,,Yes
25,3/4/25,3,S2,MAT523 / 23,GEOMETRY B,ROCHELLE AITON,10,2027,F,0.00 pts,6.14,,88,,Yes
25,3/4/25,5,S2,ENG602 / 25,SOPH ENG/B,MARCEE SALAS,10,2027,F,0.95 pts,6.14,,88,,Yes
25,3/4/25,6,S2,SCI602 / 46,BIOLOGY B,WILLIAM BAUR,10,2027,F,0.00 pts,6.14,,88,,Yes
25,3/4/25,6,S2,MAT702 / 26,ALGEBRA II B,JASON BLAESING,10,2027,A,3.97 pts,1.14,,89,,Yes
25,3/4/25,2,S2,BUS302 / 22,PERSONAL FINANCE B,NICOLE SIMEK,12,2025,F,0.63 pts,4.43,,426,,Yes
25,3/4/25,3,S2,BUS302 / 23,PERSONAL FINANCE B,NICOLE SIMEK,12,2025,A,3.63 pts,2,,90,,Yes
25,3/4/25,5,S2,BUS302 / 25,PERSONAL FINANCE B,NICOLE SIMEK,12,2025,A,3.99 pts,7,,478,,Yes
25,3/4/25,3,S2,SCI602 / 23,BIOLOGY B,GRANT MERRILL,10,2027,F,0.02 pts,11.43,,92,,Yes
25,3/4/25,2,S2,BUS302 / 22,PERSONAL FINANCE B,NICOLE SIMEK,12,2025,A,3.99 pts,3,,93,,Yes
25,3/4/25,2,S2,ENG602 / 22,SOPH ENG/B,KELLY GREGERSEN,10,2027,F,0.49 pts,0,,94,,Yes
25,3/4/25,3,S2,BUS302 / 23,PERSONAL FINANCE B,NICOLE SIMEK,11,2026,A-,3.41 pts,0,,479,,Yes
25,3/4/25,1,S2,ENG504 / 21,PRE-AP FRESHMAN ENGLISH/B,ANGELINA MERRILL,9,2028,A,3.99 pts,0,,480,,Yes
25,3/4/25,3,S2,BUS302 / 23,PERSONAL FINANCE B,NICOLE SIMEK,12,2025,A,3.92 pts,1.29,,481,,Yes
25,3/4/25,2,S2,BUS302 / 22,PERSONAL FINANCE B,NICOLE SIMEK,12,2025,B+,3.32 pts,0.14,,96,,Yes
25,3/4/25,2,S2,BUS302 / 22,PERSONAL FINANCE B,NICOLE SIMEK,12,2025,A,3.61 pts,1.86,,97,,Yes
25,3/4/25,6,S2,ENG502 / 26,FR ENGLISH/B,DAVID HOLLINGSWORTH,9,2028,B+,3.32 pts,5.57,,98,,Yes
25,3/4/25,3,S2,SCI602 / 23,BIOLOGY B,GRANT MERRILL,10,2027,D+,1.97 pts,0,,99,,Yes
25,3/4/25,2,S2,SCI610 / 22,CHEMISTRY/B,GRANT MERRILL,11,2026,A,3.98 pts,0,,100,,Yes
25,3/4/25,2,S2,SCI610 / 22,CHEMISTRY/B,GRANT MERRILL,11,2026,B,3.02 pts,0,,101,,Yes
25,3/4/25,3,S2,SCI602 / 23,BIOLOGY B,GRANT MERRILL,10,2027,B,3.02 pts,0.29,,482,,Yes
25,3/4/25,1,S2,MAT523 / 21,GEOMETRY B,ROCHELLE AITON,10,2027,A-,3.53 pts,0,,102,,Yes
25,3/4/25,2,S2,ENG602 / 22,SOPH ENG/B,KELLY GREGERSEN,10,2027,C,2.27 pts,0,,102,,Yes
25,3/4/25,3,S2,SCI602 / 23,BIOLOGY B,GRANT MERRILL,10,2027,B,2.97 pts,0,,102,,Yes
25,3/4/25,3,S2,MAT702 / 23,ALGEBRA II B,JENNIFER REILLY,11,2026,B-,2.78 pts,0.67,,103,,Yes
25,3/4/25,2,S2,BUS302 / 22,PERSONAL FINANCE B,NICOLE SIMEK,12,2025,F,1.03 pts,7.29,,104,,Yes
25,3/4/25,1,S2,SCI504 / 21,PHYSICAL SCIENCE B,JAMES BENNETT,12,2025,F,1.08 pts,0.29,,105,,Yes
25,3/4/25,2,S2,BUS302 / 22,PERSONAL FINANCE B,NICOLE SIMEK,12,2025,C,2.28 pts,0,,105,,Yes
25,3/4/25,6,S2,MAT702 / 26,ALGEBRA II B,JASON BLAESING,11,2026,F,1.21 pts,2.14,,107,,Yes
25,3/4/25,5,S2,ENG602 / 25,SOPH ENG/B,MARCEE SALAS,10,2027,D+,1.81 pts,0,,108,,Yes
25,3/4/25,5,S2,ENG602 / 25,SOPH ENG/B,MARCEE SALAS,10,2027,F,0.94 pts,0,,110,,Yes
25,3/4/25,6,S2,SCI602 / 26,BIOLOGY B,GRANT MERRILL,10,2027,F,0.00 pts,0.14,,110,,Yes
25,3/4/25,4,S2,SCI602 / 24,BIOLOGY B,GRANT MERRILL,10,2027,B,3.00 pts,0,,428,,Yes
25,3/4/25,6,S2,ENG502 / 26,FR ENGLISH/B,DAVID HOLLINGSWORTH,9,2028,A,3.64 pts,0,,111,,Yes
25,3/4/25,6,S2,MAT702 / 26,ALGEBRA II B,JASON BLAESING,11,2026,B,3.06 pts,0,,112,,Yes
25,3/4/25,2,S2,MAT702 / 22,ALGEBRA II B,JASON BLAESING,11,2026,C-,2.02 pts,4,,113,,Yes
25,3/4/25,2,S2,SCI610 / 22,CHEMISTRY/B,GRANT MERRILL,11,2026,B,2.97 pts,0,,114,,Yes
25,3/4/25,3,S2,SCI602 / 23,BIOLOGY B,GRANT MERRILL,10,2027,B+,3.33 pts,8.43,,429,,Yes
25,3/4/25,1,S2,MAT523 / 21,GEOMETRY B,ROCHELLE AITON,10,2027,F,1.05 pts,3.57,,116,,Yes
25,3/4/25,2,S2,ENG602 / 22,SOPH ENG/B,KELLY GREGERSEN,10,2027,A-,3.40 pts,3,,116,,Yes
25,3/4/25,2,S2,ENG602 / 22,SOPH ENG/B,KELLY GREGERSEN,10,2027,C,2.22 pts,1.71,,117,,Yes
25,3/4/25,3,S2,MAT523 / 23,GEOMETRY B,ROCHELLE AITON,10,2027,F,0.00 pts,5.43,,117,,Yes
25,3/4/25,6,S2,SCI602 / 26,BIOLOGY B,GRANT MERRILL,10,2027,F,0.00 pts,6.71,,117,,Yes
25,3/4/25,3,S2,MAT523 / 23,GEOMETRY B,ROCHELLE AITON,10,2027,A,3.98 pts,0,,118,,Yes
25,3/4/25,1,S2,ENG504 / 21,PRE-AP FRESHMAN ENGLISH/B,ANGELINA MERRILL,9,2028,A,3.95 pts,2,,483,,Yes
25,3/4/25,6,S2,MAT702 / 26,ALGEBRA II B,JASON BLAESING,11,2026,A,4.00 pts,0,,119,,Yes
25,3/4/25,5,S2,MAT523 / 25,GEOMETRY B,BRIAN ANDERSON,10,2027,D+,1.81 pts,4.43,,120,,Yes
25,3/4/25,2,S2,MAT702 / 22,ALGEBRA II B,JASON BLAESING,11,2026,F,0.00 pts,6.62,,121,,Yes
25,3/4/25,1,S2,MAT523 / 21,GEOMETRY B,ROCHELLE AITON,10,2027,F,0.50 pts,0.43,,122,,Yes
25,3/4/25,2,S2,ENG602 / 22,SOPH ENG/B,KELLY GREGERSEN,10,2027,F,1.36 pts,0,,122,,Yes
25,3/4/25,4,S2,MAT702 / 24,ALGEBRA II B,JENNIFER REILLY,11,2026,F,1.14 pts,3,,491,,Yes
25,3/4/25,3,S2,SCI602 / 23,BIOLOGY B,GRANT MERRILL,10,2027,B,3.02 pts,0,,126,,Yes
25,3/4/25,5,S2,MAT523 / 25,GEOMETRY B,BRIAN ANDERSON,10,2027,A-,3.46 pts,0,,126,,Yes
25,3/4/25,5,S2,MAT702 / 45,ALGEBRA II B,JENNIFER REILLY,10,2027,F,0.09 pts,7.86,,485,,Yes
25,3/4/25,6,S2,SCI602 / 26,BIOLOGY B,GRANT MERRILL,10,2027,C,2.33 pts,0,,125,,Yes
25,3/4/25,6,S2,MAT702 / 26,ALGEBRA II B,JASON BLAESING,11,2026,A,4.00 pts,1.67,,127,,Yes
25,3/4/25,3,S2,MAT702 / 23,ALGEBRA II B,JENNIFER REILLY,11,2026,A-,3.42 pts,1.43,,128,,Yes
26,3/11/25,4,S2,MAT702 / 24,ALGEBRA II B,JENNIFER REILLY,11,2026,C,2.40 pts,4,,491,,Yes
25,3/4/25,5,S2,ENG602 / 25,SOPH ENG/B,MARCEE SALAS,10,2027,A-,3.50 pts,1,,130,,Yes
25,3/4/25,5,S2,BUS302 / 25,PERSONAL FINANCE B,NICOLE SIMEK,11,2026,A,3.97 pts,0,,486,,Yes
25,3/4/25,1,S2,MAT523 / 21,GEOMETRY B,ROCHELLE AITON,10,2027,B+,3.38 pts,1.86,,487,,Yes
25,3/4/25,4,S2,SCI602 / 24,BIOLOGY B,GRANT MERRILL,10,2027,F,1.33 pts,2.14,,487,,Yes
25,3/4/25,3,S2,MAT523 / 23,GEOMETRY B,ROCHELLE AITON,9,2028,C,2.38 pts,0,,488,,Yes
25,3/4/25,2,S2,ENG602 / 22,SOPH ENG/B,KELLY GREGERSEN,10,2027,D,1.79 pts,0,,132,,Yes
25,3/4/25,3,S2,MAT523 / 23,GEOMETRY B,ROCHELLE AITON,10,2027,F,0.95 pts,0,,132,,Yes
25,3/4/25,4,S2,SCI602 / 24,BIOLOGY B,GRANT MERRILL,10,2027,B,3.00 pts,1.29,,431,,Yes
25,3/4/25,3,S2,MAT702 / 23,ALGEBRA II B,JENNIFER REILLY,10,2027,B,2.93 pts,3.86,,432,,Yes
25,3/4/25,4,S2,SCI602 / 24,BIOLOGY B,GRANT MERRILL,10,2027,C+,2.67 pts,4.29,,432,,Yes
25,3/4/25,6,S2,SCI602 / 46,BIOLOGY B,WILLIAM BAUR,10,2027,A,3.90 pts,3,,133,,Yes
25,3/4/25,6,S2,SOC702 / 26,US HISTORY/B,SCOTT BOOTHBY,11,2026,B-,2.89 pts,3.71,,134,,Yes
25,3/4/25,2,S2,BUS302 / 22,PERSONAL FINANCE B,NICOLE SIMEK,12,2025,B,2.93 pts,2,,135,,Yes
25,3/4/25,6,S2,SCI602 / 26,BIOLOGY B,GRANT MERRILL,10,2027,F,1.00 pts,0.14,,136,,Yes
25,3/4/25,3,S2,MAT523 / 23,GEOMETRY B,ROCHELLE AITON,10,2027,A-,3.53 pts,0,,137,,Yes
25,3/4/25,4,S2,SCI602 / 24,BIOLOGY B,GRANT MERRILL,10,2027,C+,2.67 pts,0.29,,137,,Yes
25,3/4/25,1,S2,ENG504 / 21,PRE-AP FRESHMAN ENGLISH/B,ANGELINA MERRILL,9,2028,C,2.48 pts,1.71,,489,,Yes
25,3/4/25,2,S2,ENG602 / 22,SOPH ENG/B,KELLY GREGERSEN,10,2027,F,1.33 pts,3.71,,433,,Yes
25,3/4/25,3,S2,SCI602 / 23,BIOLOGY B,GRANT MERRILL,10,2027,F,0.02 pts,4.71,,433,,Yes
25,3/4/25,5,S2,MAT523 / 25,GEOMETRY B,BRIAN ANDERSON,10,2027,C,2.26 pts,3,,433,,Yes
25,3/4/25,6,S2,SCI602 / 46,BIOLOGY B,WILLIAM BAUR,10,2027,B,3.05 pts,0,,490,,Yes
25,3/4/25,5,S2,ENG602 / 25,SOPH ENG/B,MARCEE SALAS,10,2027,D+,1.82 pts,0.57,,139,,Yes
27,3/18/25,4,S2,MAT702 / 24,ALGEBRA II B,JENNIFER REILLY,11,2026,C,2.28 pts,4,,491,,Yes
25,3/4/25,1,S2,ENG504 / 21,PRE-AP FRESHMAN ENGLISH/B,ANGELINA MERRILL,9,2028,A-,3.49 pts,4,,434,,Yes
25,3/4/25,2,S2,MAT523 / 22,GEOMETRY B,ROCHELLE AITON,9,2028,B,2.95 pts,4,,434,,Yes
25,3/4/25,2,S2,ENG602 / 22,SOPH ENG/B,KELLY GREGERSEN,10,2027,D,1.66 pts,5,,143,,Yes
25,3/4/25,4,S2,MAT523 / 24,GEOMETRY B,ROCHELLE AITON,10,2027,F,0.98 pts,5.29,,143,,Yes
25,3/4/25,5,S2,MAT523 / 25,GEOMETRY B,BRIAN ANDERSON,10,2027,C+,2.52 pts,2.29,,144,,Yes
25,3/4/25,6,S2,SCI602 / 26,BIOLOGY B,GRANT MERRILL,10,2027,F,0.00 pts,2.29,,144,,Yes
25,3/4/25,6,S2,MAT702 / 26,ALGEBRA II B,JASON BLAESING,11,2026,B,2.90 pts,3.57,,145,,Yes
25,3/4/25,4,S2,MAT523 / 24,GEOMETRY B,ROCHELLE AITON,10,2027,A,3.98 pts,0,,146,,Yes
25,3/4/25,6,S2,SCI602 / 26,BIOLOGY B,GRANT MERRILL,10,2027,C+,2.67 pts,0.14,,146,,Yes
25,3/4/25,3,S2,BUS302 / 23,PERSONAL FINANCE B,NICOLE SIMEK,11,2026,F,0.32 pts,0.43,,435,,Yes
25,3/4/25,3,S2,MAT702 / 23,ALGEBRA II B,JENNIFER REILLY,11,2026,B-,2.88 pts,2,,492,,Yes
25,3/4/25,6,S2,SOC702 / 26,US HISTORY/B,SCOTT BOOTHBY,11,2026,A-,3.56 pts,3.86,,147,,Yes
25,3/4/25,6,S2,MAT702 / 26,ALGEBRA II B,JASON BLAESING,11,2026,B,3.05 pts,1,,148,,Yes
25,3/4/25,3,S2,MAT702 / 23,ALGEBRA II B,JENNIFER REILLY,12,2025,A-,3.48 pts,0,,149,,Yes
25,3/4/25,1,S2,SCI504 / 21,PHYSICAL SCIENCE B,JAMES BENNETT,9,2028,A,4.00 pts,3,,493,,Yes
25,3/4/25,5,S2,MAT702 / 45,ALGEBRA II B,JENNIFER REILLY,11,2026,B,3.00 pts,0.43,,494,,Yes
25,3/4/25,2,S2,SCI610 / 22,CHEMISTRY/B,GRANT MERRILL,11,2026,B,2.97 pts,1,,150,,Yes
25,3/4/25,3,S2,MAT702 / 23,ALGEBRA II B,JENNIFER REILLY,11,2026,C+,2.56 pts,1,,150,,Yes
25,3/4/25,5,S2,BUS302 / 25,PERSONAL FINANCE B,NICOLE SIMEK,12,2025,B,3.18 pts,0,,495,,Yes
25,3/4/25,1,S2,ENG504 / 21,PRE-AP FRESHMAN ENGLISH/B,ANGELINA MERRILL,9,2028,A-,3.51 pts,0.14,,496,,Yes
25,3/4/25,2,S2,MAT702 / 22,ALGEBRA II B,JASON BLAESING,11,2026,D+,1.90 pts,0,,152,,Yes
25,3/4/25,1,S2,SCI504 / 21,PHYSICAL SCIENCE B,JAMES BENNETT,9,2028,F,1.63 pts,4,,497,,Yes
25,3/4/25,1,S2,ENG504 / 21,PRE-AP FRESHMAN ENGLISH/B,ANGELINA MERRILL,9,2028,,3.00 pts,0,,497,,Yes
25,3/4/25,3,S2,MAT702 / 23,ALGEBRA II B,JENNIFER REILLY,10,2027,A,3.76 pts,0.86,,153,,Yes
25,3/4/25,2,S2,MAT523 / 22,GEOMETRY B,ROCHELLE AITON,10,2027,A,3.90 pts,1,,155,,Yes
25,3/4/25,3,S2,SCI602 / 23,BIOLOGY B,GRANT MERRILL,10,2027,C-,2.07 pts,1,,155,,Yes
25,3/4/25,1,S2,ENG504 / 21,PRE-AP FRESHMAN ENGLISH/B,ANGELINA MERRILL,9,2028,A-,3.51 pts,2,,154,,Yes
25,3/4/25,5,S2,MAT523 / 25,GEOMETRY B,BRIAN ANDERSON,9,2028,B,3.02 pts,2,,154,,Yes
25,3/4/25,2,S2,MAT702 / 22,ALGEBRA II B,JASON BLAESING,11,2026,A,3.90 pts,0,,498,,Yes
25,3/4/25,5,S2,BUS302 / 25,PERSONAL FINANCE B,NICOLE SIMEK,12,2025,C+,2.62 pts,0.71,,156,,Yes
25,3/4/25,2,S2,SCI610 / 22,CHEMISTRY/B,GRANT MERRILL,11,2026,A,3.90 pts,0,,158,,Yes
25,3/4/25,5,S2,MAT523 / 25,GEOMETRY B,BRIAN ANDERSON,10,2027,B+,3.37 pts,0,,499,,Yes
25,3/4/25,5,S2,MAT523 / 25,GEOMETRY B,BRIAN ANDERSON,10,2027,F,1.44 pts,2.86,,159,,Yes
25,3/4/25,6,S2,SCI602 / 46,BIOLOGY B,WILLIAM BAUR,10,2027,F,0.20 pts,2.71,,159,,Yes
25,3/4/25,2,S2,MAT523 / 22,GEOMETRY B,ROCHELLE AITON,10,2027,F,0.00 pts,14.47,,160,,Yes
25,3/4/25,6,S2,MAT702 / 26,ALGEBRA II B,JASON BLAESING,11,2026,A,4.00 pts,3,,161,,Yes
25,3/4/25,2,S2,BUS302 / 22,PERSONAL FINANCE B,NICOLE SIMEK,12,2025,W,0.00 pts,4,,500,,Yes
25,3/4/25,4,S2,SCI602 / 24,BIOLOGY B,GRANT MERRILL,12,2025,W,,4.4,,500,,Yes
25,3/4/25,2,S2,ENG602 / 22,SOPH ENG/B,KELLY GREGERSEN,10,2027,B,3.14 pts,0.14,,162,,Yes
25,3/4/25,4,S2,MAT523 / 24,GEOMETRY B,ROCHELLE AITON,10,2027,A,3.88 pts,0,,162,,Yes
25,3/4/25,6,S2,SCI602 / 46,BIOLOGY B,WILLIAM BAUR,10,2027,C-,2.10 pts,0.14,,162,,Yes
25,3/4/25,1,S2,SCI504 / 21,PHYSICAL SCIENCE B,JAMES BENNETT,11,2026,F,0.00 pts,12.29,,164,,Yes
25,3/4/25,5,S2,MAT702 / 45,ALGEBRA II B,JENNIFER REILLY,11,2026,F,0.00 pts,12.43,,164,,Yes
25,3/4/25,6,S2,SCI602 / 46,BIOLOGY B,WILLIAM BAUR,10,2027,D+,1.90 pts,1,,165,,Yes
25,3/4/25,2,S2,MAT523 / 22,GEOMETRY B,ROCHELLE AITON,9,2028,A,3.98 pts,4,,166,,Yes
25,3/4/25,6,S2,ENG502 / 26,FR ENGLISH/B,DAVID HOLLINGSWORTH,9,2028,A,3.68 pts,4.43,,166,,Yes
25,3/4/25,6,S2,SCI602 / 46,BIOLOGY B,WILLIAM BAUR,10,2027,B-,2.85 pts,9,,462,,Yes
25,3/4/25,2,S2,MAT702 / 22,ALGEBRA II B,JASON BLAESING,11,2026,C-,2.02 pts,3.29,,167,,Yes
25,3/4/25,6,S2,SOC702 / 26,US HISTORY/B,SCOTT BOOTHBY,11,2026,F,1.51 pts,3,,167,,Yes
25,3/4/25,2,S2,MAT523 / 22,GEOMETRY B,ROCHELLE AITON,10,2027,C,2.38 pts,3,,168,,Yes
25,3/4/25,6,S2,SCI602 / 26,BIOLOGY B,GRANT MERRILL,10,2027,F,1.33 pts,3,,169,,Yes
25,3/4/25,1,S2,SCI504 / 21,PHYSICAL SCIENCE B,JAMES BENNETT,9,2028,C-,2.07 pts,3,,464,,Yes
25,3/4/25,6,S2,ENG502 / 26,FR ENGLISH/B,DAVID HOLLINGSWORTH,9,2028,F,0.04 pts,2.86,,464,,Yes
25,3/4/25,6,S2,ENG502 / 26,FR ENGLISH/B,DAVID HOLLINGSWORTH,9,2028,F,0.05 pts,1,,501,,Yes
25,3/4/25,4,S2,MAT523 / 24,GEOMETRY B,ROCHELLE AITON,10,2027,F,1.45 pts,2,,170,,Yes
25,3/4/25,5,S2,ENG602 / 25,SOPH ENG/B,MARCEE SALAS,10,2027,F,1.33 pts,2,,170,,Yes
25,3/4/25,6,S2,SCI602 / 46,BIOLOGY B,WILLIAM BAUR,10,2027,F,0.95 pts,2,,170,,Yes
25,3/4/25,4,S2,MAT523 / 24,GEOMETRY B,ROCHELLE AITON,10,2027,B-,2.88 pts,1.86,,171,,Yes
25,3/4/25,6,S2,SCI602 / 46,BIOLOGY B,WILLIAM BAUR,10,2027,B-,2.85 pts,2.14,,171,,Yes
25,3/4/25,3,S2,MAT702 / 23,ALGEBRA II B,JENNIFER REILLY,11,2026,B,2.99 pts,0.67,,172,,Yes
25,3/4/25,1,S2,SCI504 / 21,PHYSICAL SCIENCE B,JAMES BENNETT,9,2028,F,1.59 pts,0.43,,502,,Yes
25,3/4/25,2,S2,MAT523 / 22,GEOMETRY B,ROCHELLE AITON,10,2027,B,3.03 pts,0,,173,,Yes
25,3/4/25,6,S2,SCI602 / 46,BIOLOGY B,WILLIAM BAUR,10,2027,A,3.90 pts,0,,173,,Yes
25,3/4/25,6,S2,SCI602 / 46,BIOLOGY B,WILLIAM BAUR,10,2027,B,3.05 pts,0,,174,,Yes
25,3/4/25,3,S2,BUS302 / 23,PERSONAL FINANCE B,NICOLE SIMEK,12,2025,A,4.00 pts,2.86,,176,,Yes
28,3/25/25,4,S2,MAT702 / 24,ALGEBRA II B,JENNIFER REILLY,11,2026,B-,2.70 pts,4,,491,,Yes
25,3/4/25,2,S2,MAT523 / 22,GEOMETRY B,ROCHELLE AITON,10,2027,D+,1.93 pts,3,,437,,Yes
25,3/4/25,4,S2,SCI602 / 24,BIOLOGY B,GRANT MERRILL,10,2027,F,1.33 pts,3.29,,437,,Yes
25,3/4/25,6,S2,SCI602 / 46,BIOLOGY B,WILLIAM BAUR,12,2025,A,4.00 pts,3,,178,,Yes
25,3/4/25,6,S2,SCI602 / 26,BIOLOGY B,GRANT MERRILL,12,2025,,0.00 pts,5,,178,,Yes
25,3/4/25,4,S2,MAT523 / 24,GEOMETRY B,ROCHELLE AITON,10,2027,B,2.98 pts,0,,179,,Yes
25,3/4/25,5,S2,BUS302 / 25,PERSONAL FINANCE B,NICOLE SIMEK,12,2025,A-,3.43 pts,4.71,,503,,Yes
25,3/4/25,1,S2,SCI504 / 21,PHYSICAL SCIENCE B,JAMES BENNETT,11,2026,F,0.07 pts,9.29,,438,,Yes
25,3/4/25,3,S2,MAT702 / 23,ALGEBRA II B,JENNIFER REILLY,11,2026,C,2.32 pts,8,,438,,Yes
25,3/4/25,6,S2,ENG502 / 26,FR ENGLISH/B,DAVID HOLLINGSWORTH,9,2028,F,0.68 pts,0.86,,181,,Yes
25,3/4/25,5,S2,MAT702 / 45,ALGEBRA II B,JENNIFER REILLY,11,2026,C-,2.11 pts,0,,504,,Yes
25,3/4/25,2,S2,MAT523 / 22,GEOMETRY B,ROCHELLE AITON,10,2027,A-,3.48 pts,2,,184,,Yes
25,3/4/25,4,S2,SCI602 / 24,BIOLOGY B,GRANT MERRILL,10,2027,C-,2.00 pts,2,,184,,Yes
25,3/4/25,2,S2,BUS302 / 22,PERSONAL FINANCE B,NICOLE SIMEK,11,2026,A,3.79 pts,2.71,,185,,Yes
25,3/4/25,5,S2,BUS302 / 25,PERSONAL FINANCE B,NICOLE SIMEK,12,2025,B-,2.76 pts,3.14,,505,,Yes
25,3/4/25,5,S2,MAT702 / 45,ALGEBRA II B,JENNIFER REILLY,10,2027,A,3.95 pts,2,,186,,Yes
25,3/4/25,6,S2,SCI602 / 46,BIOLOGY B,WILLIAM BAUR,10,2027,B,3.05 pts,2.14,,186,,Yes
25,3/4/25,6,S2,SOC702 / 26,US HISTORY/B,SCOTT BOOTHBY,11,2026,C+,2.65 pts,2,,187,,Yes
25,3/4/25,6,S2,SCI602 / 46,BIOLOGY B,WILLIAM BAUR,12,2025,F,1.15 pts,3,,188,,Yes
25,3/4/25,6,S2,ENG502 / 26,FR ENGLISH/B,DAVID HOLLINGSWORTH,9,2028,B,2.99 pts,0,,189,,Yes
25,3/4/25,3,S2,MAT702 / 23,ALGEBRA II B,JENNIFER REILLY,11,2026,B-,2.89 pts,3.29,,439,,Yes
25,3/4/25,1,S2,MAT523 / 21,GEOMETRY B,ROCHELLE AITON,10,2027,F,1.63 pts,2.71,,190,,Yes
25,3/4/25,6,S2,SCI602 / 26,BIOLOGY B,GRANT MERRILL,10,2027,F,1.33 pts,2.57,,190,,Yes
25,3/4/25,3,S2,MAT702 / 23,ALGEBRA II B,JENNIFER REILLY,11,2026,A-,3.41 pts,5.67,,191,,Yes
25,3/4/25,1,S2,MAT523 / 21,GEOMETRY B,ROCHELLE AITON,9,2028,A,4.00 pts,0,,192,,Yes
25,3/4/25,1,S2,SCI504 / 21,PHYSICAL SCIENCE B,JAMES BENNETT,9,2028,F,0.03 pts,10.71,,506,,Yes
25,3/4/25,6,S2,ENG502 / 26,FR ENGLISH/B,DAVID HOLLINGSWORTH,9,2028,F,0.03 pts,9.72,,506,,Yes
25,3/4/25,1,S2,MAT523 / 21,GEOMETRY B,ROCHELLE AITON,10,2027,C-,2.00 pts,0,,193,,Yes
25,3/4/25,5,S2,ENG602 / 25,SOPH ENG/B,MARCEE SALAS,10,2027,C+,2.67 pts,0.57,,193,,Yes
25,3/4/25,5,S2,MAT523 / 25,GEOMETRY B,BRIAN ANDERSON,10,2027,F,1.40 pts,6.76,,194,,Yes
25,3/4/25,3,S2,BUS302 / 23,PERSONAL FINANCE B,NICOLE SIMEK,12,2025,F,0.02 pts,4.29,,195,,Yes
29,4/8/25,4,S2,MAT702 / 24,ALGEBRA II B,JENNIFER REILLY,11,2026,B,2.95 pts,4.67,,491,,Yes
25,3/4/25,6,S2,ENG502 / 26,FR ENGLISH/B,DAVID HOLLINGSWORTH,9,2028,B,2.97 pts,0,,196,,Yes
25,3/4/25,1,S2,MAT523 / 21,GEOMETRY B,ROCHELLE AITON,10,2027,D+,1.95 pts,3.29,,198,,Yes
25,3/4/25,4,S2,SCI602 / 24,BIOLOGY B,GRANT MERRILL,10,2027,D,1.67 pts,3.29,,198,,Yes
25,3/4/25,5,S2,MAT523 / 25,GEOMETRY B,BRIAN ANDERSON,10,2027,B,2.96 pts,0,,199,,Yes
25,3/4/25,5,S2,BUS302 / 25,PERSONAL FINANCE B,NICOLE SIMEK,12,2025,A,3.84 pts,0,,200,,Yes
30,4/15/25,4,S2,MAT702 / 24,ALGEBRA II B,JENNIFER REILLY,11,2026,B,2.92 pts,5.33,,491,,Yes
25,3/4/25,3,S2,MAT702 / 23,ALGEBRA II B,JENNIFER REILLY,10,2027,A,3.94 pts,1.57,,509,,Yes
25,3/4/25,4,S2,MAT523 / 24,GEOMETRY B,ROCHELLE AITON,10,2027,A,4.00 pts,0,,440,,Yes
25,3/4/25,1,S2,SCI504 / 21,PHYSICAL SCIENCE B,JAMES BENNETT,12,2025,F,1.53 pts,8.29,,201,,Yes
25,3/4/25,2,S2,BUS302 / 22,PERSONAL FINANCE B,NICOLE SIMEK,12,2025,F,0.50 pts,7.29,,201,,Yes
25,3/4/25,6,S2,MAT702 / 26,ALGEBRA II B,JASON BLAESING,11,2026,F,0.98 pts,4.43,,510,,Yes
25,3/4/25,1,S2,MAT523 / 21,GEOMETRY B,ROCHELLE AITON,10,2027,F,0.53 pts,0.29,,202,,Yes
25,3/4/25,6,S2,SCI602 / 26,BIOLOGY B,GRANT MERRILL,10,2027,D,1.67 pts,0,,202,,Yes
25,3/4/25,5,S2,MAT523 / 25,GEOMETRY B,BRIAN ANDERSON,10,2027,A-,3.51 pts,0.71,,204,,Yes
25,3/4/25,6,S2,SCI602 / 26,BIOLOGY B,GRANT MERRILL,10,2027,A,3.67 pts,0,,204,,Yes
25,3/4/25,5,S2,BUS302 / 25,PERSONAL FINANCE B,NICOLE SIMEK,12,2025,A,3.93 pts,3.67,,511,,Yes
25,3/4/25,3,S2,MAT523 / 23,GEOMETRY B,ROCHELLE AITON,10,2027,B+,3.38 pts,2.14,,205,,Yes
25,3/4/25,2,S2,MAT523 / 22,GEOMETRY B,ROCHELLE AITON,10,2027,A,4.00 pts,0,,206,,Yes
25,3/4/25,6,S2,SCI602 / 46,BIOLOGY B,WILLIAM BAUR,10,2027,B,3.05 pts,0,,206,,Yes
25,3/4/25,1,S2,ENG504 / 21,PRE-AP FRESHMAN ENGLISH/B,ANGELINA MERRILL,9,2028,F,0.75 pts,8,,512,,Yes
25,3/4/25,5,S2,MAT702 / 45,ALGEBRA II B,JENNIFER REILLY,11,2026,D,1.77 pts,6.86,,207,,Yes
25,3/4/25,3,S2,MAT702 / 23,ALGEBRA II B,JENNIFER REILLY,11,2026,B,3.02 pts,1.86,,208,,Yes
21,2/4/25,4,S2,MAT702 / 24,ALGEBRA II B,JENNIFER REILLY,11,2026,C-,2.17 pts,5.67,,507,,Yes
25,3/4/25,3,S2,BUS302 / 23,PERSONAL FINANCE B,NICOLE SIMEK,11,2026,F,0.16 pts,2,,209,,Yes
25,3/4/25,6,S2,SOC702 / 26,US HISTORY/B,SCOTT BOOTHBY,11,2026,,1.86 pts,2,,209,,Yes
25,3/4/25,5,S2,BUS302 / 25,PERSONAL FINANCE B,NICOLE SIMEK,12,2025,B,3.16 pts,7,,514,,Yes
25,3/4/25,6,S2,SOC702 / 26,US HISTORY/B,SCOTT BOOTHBY,11,2026,C,2.40 pts,4,,210,,Yes
25,3/4/25,2,S2,MAT702 / 22,ALGEBRA II B,JASON BLAESING,10,2027,,0.00 pts,0,,515,,Yes
25,3/4/25,3,S2,MAT523 / 23,GEOMETRY B,ROCHELLE AITON,10,2027,A,3.98 pts,1,,516,,Yes
25,3/4/25,5,S2,BUS302 / 25,PERSONAL FINANCE B,NICOLE SIMEK,12,2025,W,3.91 pts,2.43,,517,,Yes
25,3/4/25,3,S2,MAT523 / 23,GEOMETRY B,ROCHELLE AITON,9,2028,B-,2.85 pts,3,,211,,Yes
22,2/11/25,4,S2,MAT702 / 24,ALGEBRA II B,JENNIFER REILLY,11,2026,,,0,,507,,Yes
25,3/4/25,1,S2,MAT523 / 21,GEOMETRY B,ROCHELLE AITON,10,2027,D+,1.93 pts,0,,469,,Yes
25,3/4/25,1,S2,SCI504 / 21,PHYSICAL SCIENCE B,JAMES BENNETT,9,2028,F,1.15 pts,0,,212,,Yes
25,3/4/25,6,S2,ENG502 / 26,FR ENGLISH/B,DAVID HOLLINGSWORTH,9,2028,B,2.99 pts,0.71,,212,,Yes
25,3/4/25,5,S2,BUS302 / 25,PERSONAL FINANCE B,NICOLE SIMEK,12,2025,A,3.97 pts,0,,213,,Yes
25,3/4/25,5,S2,BUS302 / 25,PERSONAL FINANCE B,NICOLE SIMEK,12,2025,A-,3.48 pts,1,,519,,Yes
25,3/4/25,6,S2,MAT702 / 26,ALGEBRA II B,JASON BLAESING,10,2027,A,4.00 pts,1,,520,,Yes
25,3/4/25,5,S2,MAT523 / 25,GEOMETRY B,BRIAN ANDERSON,10,2027,F,1.08 pts,1,,521,,Yes
25,3/4/25,5,S2,MAT523 / 25,GEOMETRY B,BRIAN ANDERSON,9,2028,A,4.00 pts,0,,522,,Yes
25,3/4/25,3,S2,BUS302 / 23,PERSONAL FINANCE B,NICOLE SIMEK,11,2026,B,2.97 pts,0,,523,,Yes
25,3/4/25,2,S2,MAT523 / 22,GEOMETRY B,ROCHELLE AITON,10,2027,A-,3.50 pts,0,,524,,Yes
25,3/4/25,4,S2,MAT523 / 24,GEOMETRY B,ROCHELLE AITON,11,2026,F,0.95 pts,3.57,,214,,Yes
25,3/4/25,1,S2,MAT523 / 21,GEOMETRY B,ROCHELLE AITON,10,2027,C-,2.00 pts,4,,215,,Yes
25,3/4/25,6,S2,SCI602 / 26,BIOLOGY B,GRANT MERRILL,10,2027,D,1.67 pts,4,,215,,Yes
25,3/4/25,3,S2,SCI602 / 23,BIOLOGY B,GRANT MERRILL,10,2027,F,0.13 pts,7,,220,,Yes
25,3/4/25,2,S2,BUS302 / 22,PERSONAL FINANCE B,NICOLE SIMEK,12,2025,F,0.82 pts,3.43,,216,,Yes
25,3/4/25,1,S2,ENG504 / 21,PRE-AP FRESHMAN ENGLISH/B,ANGELINA MERRILL,9,2028,,3.01 pts,0.83,,219,,Yes
25,3/4/25,2,S2,MAT523 / 22,GEOMETRY B,ROCHELLE AITON,9,2028,,0.15 pts,0.83,,219,,Yes
25,3/4/25,3,S2,MAT523 / 23,GEOMETRY B,ROCHELLE AITON,9,2028,C-,2.00 pts,3,,219,,Yes
25,3/4/25,1,S2,SCI504 / 21,PHYSICAL SCIENCE B,JAMES BENNETT,11,2026,C-,2.07 pts,8,,218,,Yes
23,2/18/25,4,S2,MAT702 / 24,ALGEBRA II B,JENNIFER REILLY,11,2026,,,0,,507,,Yes
25,3/4/25,6,S2,SOC702 / 26,US HISTORY/B,SCOTT BOOTHBY,11,2026,F,0.35 pts,8.14,,218,,Yes
25,3/4/25,6,S2,ENG502 / 26,FR ENGLISH/B,DAVID HOLLINGSWORTH,9,2028,B+,3.32 pts,2.86,,217,,Yes
25,3/4/25,6,S2,SOC702 / 26,US HISTORY/B,SCOTT BOOTHBY,11,2026,A,3.84 pts,5.67,,224,,Yes
25,3/4/25,2,S2,MAT702 / 22,ALGEBRA II B,JASON BLAESING,11,2026,A,4.00 pts,0,,222,,Yes
25,3/4/25,4,S2,MAT523 / 24,GEOMETRY B,ROCHELLE AITON,10,2027,B,2.93 pts,5,,221,,Yes
25,3/4/25,5,S2,ENG602 / 25,SOPH ENG/B,MARCEE SALAS,10,2027,F,1.62 pts,5,,221,,Yes
25,3/4/25,5,S2,MAT702 / 45,ALGEBRA II B,JENNIFER REILLY,10,2027,A,3.95 pts,1,,525,,Yes
25,3/4/25,3,S2,BUS302 / 23,PERSONAL FINANCE B,NICOLE SIMEK,12,2025,C,2.44 pts,0,,526,,Yes
25,3/4/25,2,S2,MAT702 / 22,ALGEBRA II B,JASON BLAESING,11,2026,F,1.10 pts,0,,225,,Yes
25,3/4/25,5,S2,BUS302 / 25,PERSONAL FINANCE B,NICOLE SIMEK,12,2025,C,2.44 pts,3,,527,,Yes
25,3/4/25,2,S2,MAT702 / 22,ALGEBRA II B,JASON BLAESING,10,2027,A,4.00 pts,0,,226,,Yes
25,3/4/25,6,S2,SCI602 / 26,BIOLOGY B,GRANT MERRILL,10,2027,C+,2.67 pts,0,,226,,Yes
25,3/4/25,2,S2,MAT523 / 22,GEOMETRY B,ROCHELLE AITON,9,2028,A-,3.50 pts,0,,228,,Yes
25,3/4/25,6,S2,ENG502 / 26,FR ENGLISH/B,DAVID HOLLINGSWORTH,9,2028,D+,1.82 pts,0.14,,229,,Yes
25,3/4/25,3,S2,MAT702 / 23,ALGEBRA II B,JENNIFER REILLY,11,2026,A,3.84 pts,2,,528,,Yes
25,3/4/25,2,S2,BUS302 / 22,PERSONAL FINANCE B,NICOLE SIMEK,11,2026,C+,2.68 pts,2,,230,,Yes
25,3/4/25,2,S2,BUS302 / 22,PERSONAL FINANCE B,NICOLE SIMEK,12,2025,B,2.93 pts,3.57,,233,,Yes
25,3/4/25,2,S2,MAT523 / 22,GEOMETRY B,ROCHELLE AITON,10,2027,B-,2.88 pts,2,,236,,Yes
25,3/4/25,3,S2,SCI602 / 23,BIOLOGY B,GRANT MERRILL,10,2027,F,0.08 pts,2,,236,,Yes
25,3/4/25,5,S2,ENG602 / 25,SOPH ENG/B,MARCEE SALAS,10,2027,C,2.36 pts,2,,236,,Yes
25,3/4/25,2,S2,ENG602 / 22,SOPH ENG/B,KELLY GREGERSEN,10,2027,F,1.15 pts,2,,235,,Yes
25,3/4/25,4,S2,SCI602 / 24,BIOLOGY B,GRANT MERRILL,10,2027,B,3.00 pts,2.29,,235,,Yes
25,3/4/25,2,S2,MAT702 / 22,ALGEBRA II B,JASON BLAESING,10,2027,A,4.00 pts,2.86,,237,,Yes
25,3/4/25,3,S2,SCI602 / 23,BIOLOGY B,GRANT MERRILL,10,2027,F,0.18 pts,2.86,,237,,Yes
25,3/4/25,4,S2,MAT523 / 24,GEOMETRY B,ROCHELLE AITON,10,2027,C-,2.05 pts,0,,238,,Yes
25,3/4/25,5,S2,ENG602 / 25,SOPH ENG/B,MARCEE SALAS,10,2027,D+,1.97 pts,0,,238,,Yes
25,3/4/25,6,S2,SCI602 / 46,BIOLOGY B,WILLIAM BAUR,10,2027,A,4.00 pts,0,,238,,Yes
25,3/4/25,2,S2,BUS302 / 22,PERSONAL FINANCE B,NICOLE SIMEK,12,2025,C,2.28 pts,1,,240,,Yes
25,3/4/25,2,S2,MAT702 / 22,ALGEBRA II B,JASON BLAESING,11,2026,B,3.03 pts,4,,241,,Yes
25,3/4/25,6,S2,ENG502 / 26,FR ENGLISH/B,DAVID HOLLINGSWORTH,9,2028,F,0.00 pts,7.29,,243,,Yes
25,3/4/25,2,S2,SCI610 / 22,CHEMISTRY/B,GRANT MERRILL,11,2026,A,3.95 pts,5,,242,,Yes
25,3/4/25,3,S2,BUS302 / 23,PERSONAL FINANCE B,NICOLE SIMEK,11,2026,A,3.99 pts,5,,242,,Yes
25,3/4/25,5,S2,MAT523 / 25,GEOMETRY B,BRIAN ANDERSON,10,2027,C,2.49 pts,1.29,,244,,Yes
25,3/4/25,2,S2,MAT523 / 22,GEOMETRY B,ROCHELLE AITON,10,2027,B-,2.85 pts,3.71,,246,,Yes
25,3/4/25,3,S2,MAT702 / 23,ALGEBRA II B,JENNIFER REILLY,10,2027,B+,3.39 pts,2.14,,247,,Yes
25,3/4/25,1,S2,MAT523 / 21,GEOMETRY B,ROCHELLE AITON,10,2027,F,1.43 pts,4,,248,,Yes
25,3/4/25,2,S2,ENG602 / 22,SOPH ENG/B,KELLY GREGERSEN,10,2027,F,0.54 pts,4.57,,249,,Yes
25,3/4/25,5,S2,MAT702 / 45,ALGEBRA II B,JENNIFER REILLY,11,2026,A,4.00 pts,1,,250,,Yes
25,3/4/25,6,S2,SOC702 / 26,US HISTORY/B,SCOTT BOOTHBY,11,2026,B,3.14 pts,1,,250,,Yes
25,3/4/25,4,S2,MAT523 / 24,GEOMETRY B,ROCHELLE AITON,10,2027,D+,1.90 pts,1.43,,251,,Yes
25,3/4/25,5,S2,MAT523 / 25,GEOMETRY B,BRIAN ANDERSON,10,2027,A,3.83 pts,2,,252,,Yes
25,3/4/25,6,S2,SCI602 / 26,BIOLOGY B,GRANT MERRILL,10,2027,D,1.67 pts,2.29,,252,,Yes
25,3/4/25,3,S2,BUS302 / 23,PERSONAL FINANCE B,NICOLE SIMEK,11,2026,C-,2.13 pts,1.57,,253,,Yes
25,3/4/25,6,S2,SOC702 / 26,US HISTORY/B,SCOTT BOOTHBY,11,2026,F,1.62 pts,2.14,,253,,Yes
24,2/25/25,4,S2,MAT702 / 24,ALGEBRA II B,JENNIFER REILLY,11,2026,F,1.05 pts,1.33,,507,,Yes
25,3/4/25,6,S2,SOC702 / 26,US HISTORY/B,SCOTT BOOTHBY,11,2026,B-,2.76 pts,3,,255,,Yes
25,3/4/25,6,S2,MAT702 / 26,ALGEBRA II B,JASON BLAESING,11,2026,A,4.00 pts,0,,257,,Yes
25,3/4/25,6,S2,MAT702 / 26,ALGEBRA II B,JASON BLAESING,11,2026,F,1.06 pts,4,,258,,Yes
25,3/4/25,2,S2,MAT702 / 22,ALGEBRA II B,JASON BLAESING,11,2026,B,3.06 pts,0,,260,,Yes
25,3/4/25,2,S2,BUS302 / 22,PERSONAL FINANCE B,NICOLE SIMEK,12,2025,A,3.99 pts,0,,259,,Yes
25,3/4/25,2,S2,MAT702 / 22,ALGEBRA II B,JASON BLAESING,11,2026,B,3.10 pts,2,,262,,Yes
25,3/4/25,6,S2,ENG502 / 26,FR ENGLISH/B,DAVID HOLLINGSWORTH,9,2028,F,1.19 pts,4.71,,529,,Yes
25,3/4/25,4,S2,MAT523 / 24,GEOMETRY B,ROCHELLE AITON,10,2027,A,3.93 pts,2,,264,,Yes
25,3/4/25,3,S2,BUS302 / 23,PERSONAL FINANCE B,NICOLE SIMEK,11,2026,C,2.45 pts,0,,267,,Yes
25,3/4/25,6,S2,ENG502 / 26,FR ENGLISH/B,DAVID HOLLINGSWORTH,9,2028,C,2.45 pts,5.43,,268,,Yes
25,3/4/25,5,S2,MAT523 / 25,GEOMETRY B,BRIAN ANDERSON,10,2027,A-,3.42 pts,7,,269,,Yes
25,3/4/25,6,S2,SCI602 / 46,BIOLOGY B,WILLIAM BAUR,10,2027,A,3.90 pts,7,,269,,Yes
25,3/4/25,4,S2,MAT702 / 24,ALGEBRA II B,JENNIFER REILLY,11,2026,F,1.12 pts,4,,507,,Yes
25,3/4/25,6,S2,ENG502 / 26,FR ENGLISH/B,DAVID HOLLINGSWORTH,9,2028,C,2.45 pts,0.86,,270,,Yes
25,3/4/25,5,S2,MAT702 / 45,ALGEBRA II B,JENNIFER REILLY,10,2027,F,1.17 pts,0,,531,,Yes
25,3/4/25,3,S2,MAT702 / 23,ALGEBRA II B,JENNIFER REILLY,11,2026,B,2.95 pts,3.86,,271,,Yes
25,3/4/25,6,S2,SOC702 / 26,US HISTORY/B,SCOTT BOOTHBY,11,2026,F,1.56 pts,3.86,,271,,Yes
25,3/4/25,2,S2,MAT523 / 22,GEOMETRY B,ROCHELLE AITON,10,2027,D+,1.90 pts,8.29,,272,,Yes
25,3/4/25,3,S2,SCI602 / 23,BIOLOGY B,GRANT MERRILL,10,2027,A,3.85 pts,8.29,,272,,Yes
25,3/4/25,5,S2,ENG602 / 25,SOPH ENG/B,MARCEE SALAS,10,2027,F,0.50 pts,8.29,,272,,Yes
25,3/4/25,2,S2,MAT523 / 22,GEOMETRY B,ROCHELLE AITON,10,2027,F,0.98 pts,3.43,,273,,Yes
25,3/4/25,5,S2,ENG602 / 25,SOPH ENG/B,MARCEE SALAS,10,2027,F,1.08 pts,1.71,,273,,Yes
25,3/4/25,6,S2,SCI602 / 46,BIOLOGY B,WILLIAM BAUR,10,2027,D+,1.90 pts,2,,273,,Yes
25,3/4/25,3,S2,MAT523 / 23,GEOMETRY B,ROCHELLE AITON,9,2028,A-,3.48 pts,1,,532,,Yes
25,3/4/25,2,S2,MAT702 / 22,ALGEBRA II B,JASON BLAESING,11,2026,D+,1.94 pts,7.86,,274,,Yes
25,3/4/25,5,S2,MAT523 / 25,GEOMETRY B,BRIAN ANDERSON,10,2027,B-,2.87 pts,5.57,,533,,Yes
25,3/4/25,6,S2,SOC702 / 26,US HISTORY/B,SCOTT BOOTHBY,11,2026,A-,3.43 pts,3.17,,275,,Yes
25,3/4/25,5,S2,BUS302 / 25,PERSONAL FINANCE B,NICOLE SIMEK,11,2026,F,0.00 pts,5,,276,,Yes
25,3/4/25,6,S2,SOC702 / 26,US HISTORY/B,SCOTT BOOTHBY,11,2026,C,2.46 pts,4,,277,,Yes
25,3/4/25,1,S2,SCI504 / 21,PHYSICAL SCIENCE B,JAMES BENNETT,9,2028,F,1.59 pts,2.43,,534,,Yes
25,3/4/25,1,S2,ENG504 / 21,PRE-AP FRESHMAN ENGLISH/B,ANGELINA MERRILL,9,2028,B,3.03 pts,1.86,,535,,Yes
25,3/4/25,6,S2,MAT702 / 26,ALGEBRA II B,JASON BLAESING,11,2026,B,3.02 pts,3,,278,,Yes
25,3/4/25,1,S2,MAT523 / 21,GEOMETRY B,ROCHELLE AITON,9,2028,A,4.00 pts,1,,279,,Yes
25,3/4/25,1,S2,ENG504 / 21,PRE-AP FRESHMAN ENGLISH/B,ANGELINA MERRILL,9,2028,A,4.00 pts,1,,536,,Yes
25,3/4/25,3,S2,BUS302 / 23,PERSONAL FINANCE B,NICOLE SIMEK,12,2025,A-,3.44 pts,5,,280,,Yes
25,3/4/25,5,S2,BUS302 / 25,PERSONAL FINANCE B,NICOLE SIMEK,12,2025,,3.88 pts,1.29,,280,,Yes
25,3/4/25,5,S2,BUS302 / 25,PERSONAL FINANCE B,NICOLE SIMEK,12,2025,A,3.95 pts,8.14,,537,,Yes
25,3/4/25,2,S2,MAT523 / 22,GEOMETRY B,ROCHELLE AITON,9,2028,A,3.98 pts,0,,281,,Yes
25,3/4/25,2,S2,SCI610 / 22,CHEMISTRY/B,GRANT MERRILL,11,2026,B-,2.88 pts,6,,282,,Yes
25,3/4/25,3,S2,MAT702 / 23,ALGEBRA II B,JENNIFER REILLY,11,2026,D,1.66 pts,6,,282,,Yes
25,3/4/25,3,S2,BUS302 / 23,PERSONAL FINANCE B,NICOLE SIMEK,12,2025,A,3.99 pts,0,,283,,Yes
25,3/4/25,3,S2,MAT523 / 23,GEOMETRY B,ROCHELLE AITON,9,2028,A,3.98 pts,0,,284,,Yes
26,3/11/25,4,S2,MAT702 / 24,ALGEBRA II B,JENNIFER REILLY,11,2026,F,1.49 pts,4.33,,507,,Yes
25,3/4/25,1,S2,SCI504 / 21,PHYSICAL SCIENCE B,JAMES BENNETT,9,2028,B,3.05 pts,0.86,,285,,Yes
25,3/4/25,6,S2,ENG502 / 26,FR ENGLISH/B,DAVID HOLLINGSWORTH,9,2028,B+,3.35 pts,0.57,,285,,Yes
25,3/4/25,6,S2,ENG502 / 26,FR ENGLISH/B,DAVID HOLLINGSWORTH,9,2028,F,0.00 pts,0,,596,,Yes
25,3/4/25,5,S2,BUS302 / 25,PERSONAL FINANCE B,NICOLE SIMEK,12,2025,A,3.62 pts,2,,539,,Yes
25,3/4/25,1,S2,ENG504 / 21,PRE-AP FRESHMAN ENGLISH/B,ANGELINA MERRILL,9,2028,B,3.02 pts,0,,540,,Yes
25,3/4/25,5,S2,MAT702 / 45,ALGEBRA II B,JENNIFER REILLY,10,2027,A,4.00 pts,0,,287,,Yes
25,3/4/25,6,S2,SCI602 / 26,BIOLOGY B,GRANT MERRILL,10,2027,B+,3.33 pts,0,,287,,Yes
25,3/4/25,5,S2,MAT702 / 45,ALGEBRA II B,JENNIFER REILLY,11,2026,B,3.05 pts,1,,288,,Yes
25,3/4/25,6,S2,SOC702 / 26,US HISTORY/B,SCOTT BOOTHBY,11,2026,A,3.62 pts,1,,288,,Yes
25,3/4/25,2,S2,ENG602 / 22,SOPH ENG/B,KELLY GREGERSEN,10,2027,B,3.08 pts,2.29,,290,,Yes
25,3/4/25,5,S2,BUS302 / 25,PERSONAL FINANCE B,NICOLE SIMEK,12,2025,F,0.32 pts,3.14,,541,,Yes
25,3/4/25,4,S2,SCI602 / 24,BIOLOGY B,GRANT MERRILL,10,2027,D,1.67 pts,2,,291,,Yes
25,3/4/25,3,S2,BUS302 / 23,PERSONAL FINANCE B,NICOLE SIMEK,12,2025,A,3.74 pts,0,,542,,Yes
25,3/4/25,3,S2,MAT523 / 23,GEOMETRY B,ROCHELLE AITON,10,2027,D+,1.90 pts,6,,293,,Yes
25,3/4/25,4,S2,SCI602 / 24,BIOLOGY B,GRANT MERRILL,10,2027,F,0.33 pts,6,,293,,Yes
25,3/4/25,5,S2,MAT523 / 25,GEOMETRY B,BRIAN ANDERSON,10,2027,B,3.09 pts,0.86,,294,,Yes
25,3/4/25,6,S2,SCI602 / 46,BIOLOGY B,WILLIAM BAUR,10,2027,B,3.05 pts,0.86,,294,,Yes
25,3/4/25,6,S2,ENG502 / 26,FR ENGLISH/B,DAVID HOLLINGSWORTH,9,2028,A,4.00 pts,0,,295,,Yes
25,3/4/25,6,S2,MAT702 / 26,ALGEBRA II B,JASON BLAESING,11,2026,C-,2.02 pts,5,,296,,Yes
27,3/18/25,4,S2,MAT702 / 24,ALGEBRA II B,JENNIFER REILLY,11,2026,D+,1.98 pts,4.67,,507,,Yes
28,3/25/25,4,S2,MAT702 / 24,ALGEBRA II B,JENNIFER REILLY,11,2026,C,2.22 pts,4.67,,507,,Yes
25,3/4/25,2,S2,SCI610 / 22,CHEMISTRY/B,GRANT MERRILL,11,2026,A,3.88 pts,1.86,,297,,Yes
25,3/4/25,6,S2,MAT702 / 26,ALGEBRA II B,JASON BLAESING,11,2026,A,4.00 pts,1.71,,297,,Yes
25,3/4/25,3,S2,MAT702 / 23,ALGEBRA II B,JENNIFER REILLY,11,2026,A,4.00 pts,0,,298,,Yes
25,3/4/25,2,S2,BUS302 / 22,PERSONAL FINANCE B,NICOLE SIMEK,12,2025,A-,3.46 pts,0.43,,299,,Yes
25,3/4/25,3,S2,BUS302 / 23,PERSONAL FINANCE B,NICOLE SIMEK,11,2026,,0.00 pts,2.57,,300,,Yes
25,3/4/25,1,S2,MAT523 / 21,GEOMETRY B,ROCHELLE AITON,10,2027,A-,3.48 pts,1,,301,,Yes
25,3/4/25,4,S2,MAT523 / 24,GEOMETRY B,ROCHELLE AITON,10,2027,A-,3.43 pts,0,,443,,Yes
25,3/4/25,3,S2,MAT523 / 23,GEOMETRY B,ROCHELLE AITON,9,2028,A,3.83 pts,5.29,,302,,Yes
25,3/4/25,6,S2,ENG502 / 26,FR ENGLISH/B,DAVID HOLLINGSWORTH,9,2028,F,1.36 pts,5,,302,,Yes
25,3/4/25,2,S2,MAT702 / 22,ALGEBRA II B,JASON BLAESING,11,2026,A,4.00 pts,0.6,,545,,Yes
25,3/4/25,3,S2,BUS302 / 23,PERSONAL FINANCE B,NICOLE SIMEK,12,2025,C,2.28 pts,1,,305,,Yes
25,3/4/25,5,S2,BUS302 / 25,PERSONAL FINANCE B,NICOLE SIMEK,12,2025,C,2.44 pts,2.71,,546,,Yes
25,3/4/25,5,S2,MAT523 / 25,GEOMETRY B,BRIAN ANDERSON,9,2028,A,3.99 pts,7.86,,547,,Yes
25,3/4/25,1,S2,SCI504 / 21,PHYSICAL SCIENCE B,JAMES BENNETT,9,2028,F,0.20 pts,6,,306,,Yes
25,3/4/25,3,S2,MAT523 / 23,GEOMETRY B,ROCHELLE AITON,9,2028,D+,1.95 pts,7.29,,306,,Yes
25,3/4/25,2,S2,MAT702 / 22,ALGEBRA II B,JASON BLAESING,11,2026,A,4.00 pts,3,,307,,Yes
25,3/4/25,2,S2,ENG602 / 22,SOPH ENG/B,KELLY GREGERSEN,10,2027,F,0.00 pts,8.29,,309,,Yes
25,3/4/25,5,S2,MAT523 / 25,GEOMETRY B,BRIAN ANDERSON,10,2027,F,0.00 pts,6.71,,309,,Yes
25,3/4/25,6,S2,SCI602 / 26,BIOLOGY B,GRANT MERRILL,10,2027,F,0.33 pts,7,,309,,Yes
25,3/4/25,1,S2,SCI504 / 21,PHYSICAL SCIENCE B,JAMES BENNETT,9,2028,F,1.15 pts,0.43,,308,,Yes
25,3/4/25,6,S2,ENG502 / 26,FR ENGLISH/B,DAVID HOLLINGSWORTH,9,2028,C,2.47 pts,0,,308,,Yes
25,3/4/25,1,S2,SCI504 / 21,PHYSICAL SCIENCE B,JAMES BENNETT,9,2028,A-,3.53 pts,1,,548,,Yes
25,3/4/25,3,S2,SCI602 / 23,BIOLOGY B,GRANT MERRILL,10,2027,C-,2.07 pts,1,,310,,Yes
25,3/4/25,4,S2,MAT523 / 24,GEOMETRY B,ROCHELLE AITON,10,2027,C,2.48 pts,1,,310,,Yes
25,3/4/25,2,S2,MAT702 / 22,ALGEBRA II B,JASON BLAESING,11,2026,F,0.97 pts,7,,312,,Yes
25,3/4/25,6,S2,SOC702 / 26,US HISTORY/B,SCOTT BOOTHBY,11,2026,C-,2.19 pts,7,,312,,Yes
25,3/4/25,3,S2,SCI602 / 23,BIOLOGY B,GRANT MERRILL,10,2027,F,1.12 pts,0,,549,,Yes
29,4/8/25,4,S2,MAT702 / 24,ALGEBRA II B,JENNIFER REILLY,11,2026,C-,2.18 pts,5.67,,507,,Yes
25,3/4/25,6,S2,MAT702 / 26,ALGEBRA II B,JASON BLAESING,11,2026,B,3.10 pts,2,,313,,Yes
25,3/4/25,2,S2,MAT702 / 22,ALGEBRA II B,JASON BLAESING,11,2026,C-,2.11 pts,2,,314,,Yes
25,3/4/25,2,S2,SCI610 / 22,CHEMISTRY/B,GRANT MERRILL,11,2026,A,3.87 pts,0,,315,,Yes
30,4/15/25,4,S2,MAT702 / 24,ALGEBRA II B,JENNIFER REILLY,11,2026,C-,2.17 pts,5.67,,507,,Yes
25,3/4/25,1,S2,ENG504 / 21,PRE-AP FRESHMAN ENGLISH/B,ANGELINA MERRILL,9,2028,A,3.99 pts,0,,551,,Yes
25,3/4/25,6,S2,MAT702 / 26,ALGEBRA II B,JASON BLAESING,11,2026,A,3.83 pts,2,,316,,Yes
25,3/4/25,2,S2,ENG602 / 22,SOPH ENG/B,KELLY GREGERSEN,10,2027,D+,1.97 pts,8.57,,317,,Yes
25,3/4/25,3,S2,MAT523 / 23,GEOMETRY B,ROCHELLE AITON,10,2027,F,0.95 pts,8.43,,317,,Yes
25,3/4/25,4,S2,SCI602 / 24,BIOLOGY B,GRANT MERRILL,10,2027,F,0.33 pts,8.43,,317,,Yes
25,3/4/25,1,S2,MAT523 / 21,GEOMETRY B,ROCHELLE AITON,10,2027,F,1.48 pts,4,,318,,Yes
25,3/4/25,3,S2,SCI602 / 23,BIOLOGY B,GRANT MERRILL,10,2027,B,2.90 pts,4,,318,,Yes
25,3/4/25,2,S2,MAT702 / 22,ALGEBRA II B,JASON BLAESING,11,2026,B,3.06 pts,0,,319,,Yes
25,3/4/25,2,S2,MAT702 / 22,ALGEBRA II B,JASON BLAESING,11,2026,A,4.00 pts,0,,320,,Yes
25,3/4/25,6,S2,SOC702 / 26,US HISTORY/B,SCOTT BOOTHBY,11,2026,B,3.11 pts,0.86,,320,,Yes
25,3/4/25,1,S2,ENG504 / 21,PRE-AP FRESHMAN ENGLISH/B,ANGELINA MERRILL,9,2028,A,3.93 pts,0.57,,552,,Yes
25,3/4/25,2,S2,BUS302 / 22,PERSONAL FINANCE B,NICOLE SIMEK,12,2025,F,0.00 pts,10.86,,321,,Yes
25,3/4/25,2,S2,BUS302 / 22,PERSONAL FINANCE B,NICOLE SIMEK,12,2025,C+,2.62 pts,3.43,,322,,Yes
25,3/4/25,3,S2,BUS302 / 23,PERSONAL FINANCE B,NICOLE SIMEK,12,2025,A-,3.59 pts,1.57,,323,,Yes
25,3/4/25,2,S2,ENG602 / 22,SOPH ENG/B,KELLY GREGERSEN,10,2027,A,3.97 pts,0,,324,,Yes
25,3/4/25,4,S2,MAT523 / 24,GEOMETRY B,ROCHELLE AITON,10,2027,A,4.00 pts,0,,324,,Yes
25,3/4/25,5,S2,BUS302 / 25,PERSONAL FINANCE B,NICOLE SIMEK,12,2025,C-,2.11 pts,3.86,,553,,Yes
25,3/4/25,4,S2,SCI602 / 24,BIOLOGY B,GRANT MERRILL,10,2027,D,1.67 pts,3,,445,,Yes
25,3/4/25,2,S2,BUS302 / 22,PERSONAL FINANCE B,NICOLE SIMEK,12,2025,A,3.94 pts,2,,325,,Yes
25,3/4/25,3,S2,BUS302 / 23,PERSONAL FINANCE B,NICOLE SIMEK,12,2025,A,3.99 pts,2,,326,,Yes
25,3/4/25,2,S2,BUS302 / 22,PERSONAL FINANCE B,NICOLE SIMEK,11,2026,A-,3.49 pts,0,,327,,Yes
25,3/4/25,6,S2,SOC702 / 26,US HISTORY/B,SCOTT BOOTHBY,11,2026,C+,2.63 pts,0,,327,,Yes
25,3/4/25,2,S2,MAT702 / 22,ALGEBRA II B,JASON BLAESING,11,2026,F,1.29 pts,5,,554,,Yes
21,2/4/25,4,S2,MAT702 / 24,ALGEBRA II B,JENNIFER REILLY,11,2026,B,2.91 pts,8,,508,,Yes
25,3/4/25,5,S2,MAT702 / 45,ALGEBRA II B,JENNIFER REILLY,11,2026,D+,1.95 pts,0,,556,,Yes
25,3/4/25,6,S2,SCI602 / 46,BIOLOGY B,WILLIAM BAUR,10,2027,F,0.10 pts,0.86,,330,,Yes
25,3/4/25,3,S2,BUS302 / 23,PERSONAL FINANCE B,NICOLE SIMEK,12,2025,F,0.65 pts,9.43,,331,,Yes
25,3/4/25,5,S2,MAT702 / 45,ALGEBRA II B,JENNIFER REILLY,12,2025,B-,2.86 pts,3,,557,,Yes
25,3/4/25,3,S2,BUS302 / 23,PERSONAL FINANCE B,NICOLE SIMEK,12,2025,B,3.12 pts,2.57,,332,,Yes
25,3/4/25,3,S2,SCI602 / 23,BIOLOGY B,GRANT MERRILL,10,2027,A,3.85 pts,2,,333,,Yes
25,3/4/25,5,S2,ENG602 / 25,SOPH ENG/B,MARCEE SALAS,10,2027,B,3.09 pts,2,,333,,Yes
25,3/4/25,5,S2,MAT523 / 25,GEOMETRY B,BRIAN ANDERSON,10,2027,B,2.97 pts,3.71,,334,,Yes
22,2/11/25,4,S2,MAT702 / 24,ALGEBRA II B,JENNIFER REILLY,11,2026,,,0.33,,508,,Yes
25,3/4/25,2,S2,MAT523 / 22,GEOMETRY B,ROCHELLE AITON,10,2027,C+,2.50 pts,1,,335,,Yes
25,3/4/25,3,S2,SCI602 / 23,BIOLOGY B,GRANT MERRILL,10,2027,C-,2.03 pts,1,,335,,Yes
25,3/4/25,6,S2,SCI602 / 46,BIOLOGY B,WILLIAM BAUR,10,2027,A,4.00 pts,3,,337,,Yes
25,3/4/25,6,S2,MAT702 / 26,ALGEBRA II B,JASON BLAESING,11,2026,B,3.06 pts,3,,336,,Yes
25,3/4/25,5,S2,MAT702 / 45,ALGEBRA II B,JENNIFER REILLY,11,2026,B-,2.73 pts,1.57,,559,,Yes
25,3/4/25,5,S2,BUS302 / 25,PERSONAL FINANCE B,NICOLE SIMEK,12,2025,B,2.93 pts,0,,560,,Yes
25,3/4/25,4,S2,MAT523 / 24,GEOMETRY B,ROCHELLE AITON,10,2027,B,3.00 pts,0,,338,,Yes
25,3/4/25,5,S2,ENG602 / 25,SOPH ENG/B,MARCEE SALAS,10,2027,C,2.49 pts,0,,338,,Yes
25,3/4/25,3,S2,MAT702 / 23,ALGEBRA II B,JENNIFER REILLY,11,2026,C+,2.53 pts,0,,339,,Yes
25,3/4/25,4,S2,MAT523 / 24,GEOMETRY B,ROCHELLE AITON,10,2027,F,0.00 pts,9.43,,446,,Yes
25,3/4/25,4,S2,MAT523 / 24,GEOMETRY B,ROCHELLE AITON,10,2027,F,0.00 pts,14.71,,447,,Yes
25,3/4/25,5,S2,ENG602 / 25,SOPH ENG/B,MARCEE SALAS,10,2027,F,0.00 pts,14.71,,447,,Yes
25,3/4/25,5,S2,MAT523 / 25,GEOMETRY B,BRIAN ANDERSON,10,2027,C+,2.51 pts,2,,340,,Yes
25,3/4/25,6,S2,SCI602 / 46,BIOLOGY B,WILLIAM BAUR,10,2027,F,0.00 pts,2,,340,,Yes
25,3/4/25,1,S2,ENG504 / 21,PRE-AP FRESHMAN ENGLISH/B,ANGELINA MERRILL,9,2028,A,3.94 pts,1,,561,,Yes
25,3/4/25,3,S2,BUS302 / 23,PERSONAL FINANCE B,NICOLE SIMEK,12,2025,A,3.63 pts,1,,341,,Yes
25,3/4/25,6,S2,MAT702 / 26,ALGEBRA II B,JASON BLAESING,11,2026,B,3.10 pts,1.43,,342,,Yes
25,3/4/25,2,S2,ENG602 / 22,SOPH ENG/B,KELLY GREGERSEN,10,2027,C+,2.64 pts,0.43,,347,,Yes
25,3/4/25,4,S2,SCI602 / 24,BIOLOGY B,GRANT MERRILL,10,2027,C+,2.67 pts,0.43,,347,,Yes
25,3/4/25,1,S2,ENG504 / 21,PRE-AP FRESHMAN ENGLISH/B,ANGELINA MERRILL,9,2028,A-,3.47 pts,0,,348,,Yes
25,3/4/25,2,S2,MAT523 / 22,GEOMETRY B,ROCHELLE AITON,9,2028,A,4.00 pts,0,,348,,Yes
25,3/4/25,2,S2,SCI610 / 22,CHEMISTRY/B,GRANT MERRILL,11,2026,A,3.95 pts,1.29,,350,,Yes
25,3/4/25,1,S2,ENG504 / 21,PRE-AP FRESHMAN ENGLISH/B,ANGELINA MERRILL,9,2028,F,0.41 pts,5.71,,562,,Yes
25,3/4/25,5,S2,MAT523 / 25,GEOMETRY B,BRIAN ANDERSON,9,2028,A-,3.45 pts,0.57,,351,,Yes
25,3/4/25,3,S2,MAT702 / 23,ALGEBRA II B,JENNIFER REILLY,10,2027,B-,2.85 pts,2.86,,353,,Yes
25,3/4/25,5,S2,ENG602 / 25,SOPH ENG/B,MARCEE SALAS,10,2027,D,1.66 pts,2,,353,,Yes
25,3/4/25,6,S2,SCI602 / 46,BIOLOGY B,WILLIAM BAUR,10,2027,A,3.90 pts,2,,353,,Yes
25,3/4/25,2,S2,SCI610 / 22,CHEMISTRY/B,GRANT MERRILL,12,2025,W,2.85 pts,8.14,,354,,Yes
25,3/4/25,1,S2,ENG504 / 21,PRE-AP FRESHMAN ENGLISH/B,ANGELINA MERRILL,9,2028,F,1.61 pts,0,,563,,Yes
25,3/4/25,6,S2,SOC702 / 26,US HISTORY/B,SCOTT BOOTHBY,11,2026,C-,2.16 pts,5.07,,356,,Yes
25,3/4/25,6,S2,MAT702 / 26,ALGEBRA II B,JASON BLAESING,11,2026,B-,2.81 pts,2.57,,357,,Yes
23,2/18/25,4,S2,MAT702 / 24,ALGEBRA II B,JENNIFER REILLY,11,2026,,,1.33,,508,,Yes
25,3/4/25,3,S2,MAT523 / 23,GEOMETRY B,ROCHELLE AITON,9,2028,A,3.80 pts,2,,358,,Yes
25,3/4/25,1,S2,SCI504 / 21,PHYSICAL SCIENCE B,JAMES BENNETT,9,2028,C-,2.10 pts,0,,565,,Yes
25,3/4/25,6,S2,ENG502 / 26,FR ENGLISH/B,DAVID HOLLINGSWORTH,9,2028,A,3.67 pts,0,,565,,Yes
25,3/4/25,2,S2,MAT523 / 22,GEOMETRY B,ROCHELLE AITON,10,2027,F,0.00 pts,14,,360,,Yes
25,3/4/25,1,S2,ENG504 / 21,PRE-AP FRESHMAN ENGLISH/B,ANGELINA MERRILL,9,2028,A-,3.50 pts,2,,566,,Yes
25,3/4/25,1,S2,SCI504 / 21,PHYSICAL SCIENCE B,JAMES BENNETT,11,2026,C+,2.58 pts,0.57,,361,,Yes
25,3/4/25,6,S2,MAT702 / 26,ALGEBRA II B,JASON BLAESING,11,2026,B,3.10 pts,0,,361,,Yes
25,3/4/25,5,S2,BUS302 / 25,PERSONAL FINANCE B,NICOLE SIMEK,12,2025,F,0.53 pts,9.86,,362,,Yes
25,3/4/25,1,S2,ENG504 / 21,PRE-AP FRESHMAN ENGLISH/B,ANGELINA MERRILL,9,2028,,3.83 pts,0,,363,,Yes
25,3/4/25,3,S2,MAT523 / 23,GEOMETRY B,ROCHELLE AITON,9,2028,A,4.00 pts,0,,363,,Yes
25,3/4/25,6,S2,ENG502 / 26,FR ENGLISH/B,DAVID HOLLINGSWORTH,9,2028,A-,3.57 pts,3,,567,,Yes
25,3/4/25,3,S2,MAT702 / 23,ALGEBRA II B,JENNIFER REILLY,10,2027,A-,3.51 pts,1,,364,,Yes
25,3/4/25,4,S2,SCI602 / 24,BIOLOGY B,GRANT MERRILL,10,2027,C-,2.00 pts,1,,364,,Yes
25,3/4/25,1,S2,ENG504 / 21,PRE-AP FRESHMAN ENGLISH/B,ANGELINA MERRILL,9,2028,A-,3.51 pts,0,,568,,Yes
25,3/4/25,5,S2,MAT702 / 45,ALGEBRA II B,JENNIFER REILLY,11,2026,C-,2.12 pts,1.33,,569,,Yes
25,3/4/25,4,S2,SCI602 / 24,BIOLOGY B,GRANT MERRILL,10,2027,A,3.67 pts,2,,448,,Yes
25,3/4/25,6,S2,ENG502 / 26,FR ENGLISH/B,DAVID HOLLINGSWORTH,9,2028,C+,2.50 pts,13.71,,366,,Yes
25,3/4/25,2,S2,BUS302 / 22,PERSONAL FINANCE B,NICOLE SIMEK,12,2025,D+,1.97 pts,0.71,,365,,Yes
25,3/4/25,1,S2,ENG504 / 21,PRE-AP FRESHMAN ENGLISH/B,ANGELINA MERRILL,9,2028,B,3.19 pts,3,,450,,Yes
25,3/4/25,4,S2,MAT523 / 24,GEOMETRY B,ROCHELLE AITON,9,2028,B-,2.85 pts,3,,450,,Yes
25,3/4/25,1,S2,SCI504 / 21,PHYSICAL SCIENCE B,JAMES BENNETT,11,2026,F,0.20 pts,6.57,,570,,Yes
24,2/25/25,4,S2,MAT702 / 24,ALGEBRA II B,JENNIFER REILLY,11,2026,F,0.05 pts,3.33,,508,,Yes
25,3/4/25,1,S2,SCI504 / 21,PHYSICAL SCIENCE B,JAMES BENNETT,9,2028,F,1.12 pts,1.29,,461,,Yes
25,3/4/25,6,S2,ENG502 / 26,FR ENGLISH/B,DAVID HOLLINGSWORTH,9,2028,D,1.68 pts,1,,461,,Yes
25,3/4/25,3,S2,BUS302 / 23,PERSONAL FINANCE B,NICOLE SIMEK,12,2025,A,3.98 pts,0,,367,,Yes
25,3/4/25,2,S2,SCI610 / 22,CHEMISTRY/B,GRANT MERRILL,11,2026,F,0.12 pts,6.14,,368,,Yes
25,3/4/25,4,S2,MAT702 / 24,ALGEBRA II B,JENNIFER REILLY,11,2026,F,0.23 pts,4,,508,,Yes
25,3/4/25,6,S2,SOC702 / 26,US HISTORY/B,SCOTT BOOTHBY,11,2026,D,1.68 pts,4.86,,368,,Yes
25,3/4/25,5,S2,MAT523 / 25,GEOMETRY B,BRIAN ANDERSON,9,2028,A,3.94 pts,0,,369,,Yes
25,3/4/25,2,S2,BUS302 / 22,PERSONAL FINANCE B,NICOLE SIMEK,11,2026,F,1.29 pts,8.14,,451,,Yes
25,3/4/25,6,S2,MAT702 / 26,ALGEBRA II B,JASON BLAESING,11,2026,B,3.10 pts,0.43,,370,,Yes
25,3/4/25,1,S2,ENG504 / 21,PRE-AP FRESHMAN ENGLISH/B,ANGELINA MERRILL,9,2028,A,3.91 pts,3.71,,571,,Yes
25,3/4/25,5,S2,ENG602 / 25,SOPH ENG/B,MARCEE SALAS,10,2027,C,2.47 pts,3.86,,371,,Yes
25,3/4/25,3,S2,SCI602 / 23,BIOLOGY B,GRANT MERRILL,10,2027,B,3.00 pts,1.43,,372,,Yes
25,3/4/25,5,S2,MAT523 / 25,GEOMETRY B,BRIAN ANDERSON,10,2027,C+,2.56 pts,1.43,,372,,Yes
25,3/4/25,4,S2,MAT523 / 24,GEOMETRY B,ROCHELLE AITON,10,2027,A-,3.48 pts,0,,452,,Yes
25,3/4/25,6,S2,SCI602 / 26,BIOLOGY B,GRANT MERRILL,10,2027,D,1.67 pts,0,,452,,Yes
25,3/4/25,2,S2,ENG602 / 22,SOPH ENG/B,KELLY GREGERSEN,10,2027,A,4.00 pts,1,,572,,Yes
25,3/4/25,3,S2,MAT523 / 23,GEOMETRY B,ROCHELLE AITON,10,2027,A,3.95 pts,1,,572,,Yes
25,3/4/25,6,S2,SCI602 / 26,BIOLOGY B,GRANT MERRILL,10,2027,F,1.00 pts,1,,453,,Yes
25,3/4/25,5,S2,ENG602 / 25,SOPH ENG/B,MARCEE SALAS,10,2027,C+,2.60 pts,0,,373,,Yes
25,3/4/25,6,S2,SCI602 / 46,BIOLOGY B,WILLIAM BAUR,10,2027,B,3.05 pts,0,,373,,Yes
25,3/4/25,1,S2,ENG504 / 21,PRE-AP FRESHMAN ENGLISH/B,ANGELINA MERRILL,9,2028,B-,2.71 pts,2,,573,,Yes
25,3/4/25,3,S2,BUS302 / 23,PERSONAL FINANCE B,NICOLE SIMEK,11,2026,B,3.11 pts,4,,574,,Yes
25,3/4/25,6,S2,SCI602 / 26,BIOLOGY B,GRANT MERRILL,10,2027,F,1.33 pts,1,,375,,Yes
25,3/4/25,6,S2,SOC702 / 26,US HISTORY/B,SCOTT BOOTHBY,11,2026,B+,3.27 pts,2,,376,,Yes
25,3/4/25,4,S2,SCI602 / 24,BIOLOGY B,GRANT MERRILL,10,2027,C+,2.67 pts,1,,374,,Yes
25,3/4/25,3,S2,SCI602 / 23,BIOLOGY B,GRANT MERRILL,9,2028,F,0.00 pts,11,,595,,Yes
25,3/4/25,2,S2,BUS302 / 22,PERSONAL FINANCE B,NICOLE SIMEK,12,2025,F,1.46 pts,5,,377,,Yes
25,3/4/25,1,S2,MAT523 / 21,GEOMETRY B,ROCHELLE AITON,10,2027,A-,3.53 pts,1.29,,454,,Yes
25,3/4/25,3,S2,MAT702 / 23,ALGEBRA II B,JENNIFER REILLY,11,2026,F,0.93 pts,4.57,,380,,Yes
25,3/4/25,6,S2,SOC702 / 26,US HISTORY/B,SCOTT BOOTHBY,11,2026,F,1.27 pts,4.57,,380,,Yes
25,3/4/25,5,S2,MAT702 / 45,ALGEBRA II B,JENNIFER REILLY,11,2026,A,3.89 pts,1,,575,,Yes
26,3/11/25,4,S2,MAT702 / 24,ALGEBRA II B,JENNIFER REILLY,11,2026,D+,1.93 pts,4.33,,508,,Yes
25,3/4/25,5,S2,ENG602 / 25,SOPH ENG/B,MARCEE SALAS,10,2027,F,1.51 pts,0,,455,,Yes
25,3/4/25,5,S2,ENG602 / 25,SOPH ENG/B,MARCEE SALAS,10,2027,B,2.96 pts,2.43,,456,,Yes
25,3/4/25,2,S2,MAT523 / 22,GEOMETRY B,ROCHELLE AITON,10,2027,B,2.93 pts,2,,382,,Yes
25,3/4/25,2,S2,MAT523 / 22,GEOMETRY B,ROCHELLE AITON,10,2027,B,2.95 pts,4.86,,383,,Yes
25,3/4/25,3,S2,SCI602 / 23,BIOLOGY B,GRANT MERRILL,10,2027,F,1.12 pts,5,,383,,Yes
25,3/4/25,5,S2,ENG602 / 25,SOPH ENG/B,MARCEE SALAS,10,2027,F,1.43 pts,5.71,,383,,Yes
25,3/4/25,6,S2,MAT702 / 26,ALGEBRA II B,JASON BLAESING,10,2027,B,3.10 pts,1,,384,,Yes
25,3/4/25,3,S2,BUS302 / 23,PERSONAL FINANCE B,NICOLE SIMEK,12,2025,A,3.79 pts,0,,385,,Yes
25,3/4/25,2,S2,MAT523 / 22,GEOMETRY B,ROCHELLE AITON,10,2027,B,2.95 pts,4,,386,,Yes
25,3/4/25,4,S2,SCI602 / 24,BIOLOGY B,GRANT MERRILL,10,2027,F,0.67 pts,4.43,,386,,Yes
25,3/4/25,5,S2,MAT523 / 25,GEOMETRY B,BRIAN ANDERSON,10,2027,D+,1.94 pts,0,,576,,Yes
27,3/18/25,4,S2,MAT702 / 24,ALGEBRA II B,JENNIFER REILLY,11,2026,C,2.31 pts,4.67,,508,,Yes
25,3/4/25,5,S2,MAT702 / 45,ALGEBRA II B,JENNIFER REILLY,10,2027,A,4.00 pts,0,,578,,Yes
25,3/4/25,2,S2,SCI610 / 22,CHEMISTRY/B,GRANT MERRILL,11,2026,A,3.87 pts,0.29,,387,,Yes
25,3/4/25,3,S2,MAT702 / 23,ALGEBRA II B,JENNIFER REILLY,11,2026,A-,3.49 pts,0,,387,,Yes
25,3/4/25,2,S2,SCI610 / 22,CHEMISTRY/B,GRANT MERRILL,11,2026,A,3.92 pts,0,,388,,Yes
28,3/25/25,4,S2,MAT702 / 24,ALGEBRA II B,JENNIFER REILLY,11,2026,C+,2.68 pts,5.33,,508,,Yes
25,3/4/25,5,S2,BUS302 / 25,PERSONAL FINANCE B,NICOLE SIMEK,12,2025,A,3.75 pts,1,,579,,Yes
25,3/4/25,1,S2,MAT523 / 21,GEOMETRY B,ROCHELLE AITON,10,2027,A-,3.45 pts,1,,389,,Yes
25,3/4/25,3,S2,SCI602 / 23,BIOLOGY B,GRANT MERRILL,10,2027,F,1.08 pts,1,,389,,Yes
25,3/4/25,6,S2,SOC702 / 26,US HISTORY/B,SCOTT BOOTHBY,11,2026,D+,1.81 pts,11.14,,580,,Yes
25,3/4/25,3,S2,SCI602 / 23,BIOLOGY B,GRANT MERRILL,10,2027,F,0.03 pts,3.29,,391,,Yes
25,3/4/25,2,S2,ENG602 / 22,SOPH ENG/B,KELLY GREGERSEN,10,2027,A-,3.57 pts,2,,392,,Yes
25,3/4/25,5,S2,MAT702 / 45,ALGEBRA II B,JENNIFER REILLY,10,2027,A-,3.59 pts,1.29,,581,,Yes
25,3/4/25,3,S2,BUS302 / 23,PERSONAL FINANCE B,NICOLE SIMEK,12,2025,B,2.93 pts,3.86,,394,,Yes
25,3/4/25,4,S2,MAT523 / 24,GEOMETRY B,ROCHELLE AITON,10,2027,B,2.98 pts,0.43,,458,,Yes
25,3/4/25,5,S2,MAT702 / 45,ALGEBRA II B,JENNIFER REILLY,11,2026,B,2.91 pts,1,,582,,Yes
25,3/4/25,1,S2,SCI504 / 21,PHYSICAL SCIENCE B,JAMES BENNETT,9,2028,C-,2.03 pts,5.57,,583,,Yes
25,3/4/25,6,S2,ENG502 / 26,FR ENGLISH/B,DAVID HOLLINGSWORTH,9,2028,F,0.70 pts,4.86,,583,,Yes
25,3/4/25,1,S2,SCI504 / 21,PHYSICAL SCIENCE B,JAMES BENNETT,9,2028,C+,2.54 pts,3.14,,584,,Yes
25,3/4/25,2,S2,MAT702 / 22,ALGEBRA II B,JASON BLAESING,10,2027,A,4.00 pts,0.29,,398,,Yes
25,3/4/25,3,S2,SCI602 / 23,BIOLOGY B,GRANT MERRILL,10,2027,F,1.08 pts,0,,398,,Yes
25,3/4/25,1,S2,MAT523 / 21,GEOMETRY B,ROCHELLE AITON,10,2027,F,0.98 pts,1,,399,,Yes
25,3/4/25,2,S2,ENG602 / 22,SOPH ENG/B,KELLY GREGERSEN,10,2027,D+,1.97 pts,1,,399,,Yes
25,3/4/25,6,S2,SCI602 / 26,BIOLOGY B,GRANT MERRILL,10,2027,B,3.00 pts,1.29,,399,,Yes
25,3/4/25,3,S2,SCI602 / 23,BIOLOGY B,GRANT MERRILL,10,2027,F,0.00 pts,10.71,,585,,Yes
25,3/4/25,1,S2,SCI504 / 21,PHYSICAL SCIENCE B,JAMES BENNETT,11,2026,C-,2.03 pts,6.43,,586,,Yes
29,4/8/25,4,S2,MAT702 / 24,ALGEBRA II B,JENNIFER REILLY,11,2026,B,2.93 pts,6.33,,508,,Yes
25,3/4/25,1,S2,ENG504 / 21,PRE-AP FRESHMAN ENGLISH/B,ANGELINA MERRILL,9,2028,C+,2.51 pts,1.14,,587,,Yes
25,3/4/25,1,S2,SCI504 / 21,PHYSICAL SCIENCE B,JAMES BENNETT,12,2025,F,1.15 pts,1,,588,,Yes
25,3/4/25,4,S2,SCI602 / 24,BIOLOGY B,GRANT MERRILL,10,2027,F,1.33 pts,3.57,,401,,Yes
25,3/4/25,5,S2,ENG602 / 25,SOPH ENG/B,MARCEE SALAS,10,2027,F,1.58 pts,4.29,,401,,Yes
25,3/4/25,5,S2,MAT523 / 25,GEOMETRY B,BRIAN ANDERSON,10,2027,F,1.54 pts,3,,402,,Yes
25,3/4/25,3,S2,MAT523 / 23,GEOMETRY B,ROCHELLE AITON,10,2027,F,1.03 pts,4,,403,,Yes
25,3/4/25,5,S2,ENG602 / 25,SOPH ENG/B,MARCEE SALAS,10,2027,B,3.06 pts,4,,403,,Yes
30,4/15/25,4,S2,MAT702 / 24,ALGEBRA II B,JENNIFER REILLY,11,2026,B,2.90 pts,7.33,,508,,Yes
21,2/4/25,4,S2,MAT702 / 24,ALGEBRA II B,JENNIFER REILLY,11,2026,B+,3.27 pts,1.71,,513,,Yes
25,3/4/25,2,S2,ENG602 / 22,SOPH ENG/B,KELLY GREGERSEN,10,2027,A-,3.57 pts,0,,404,,Yes
25,3/4/25,3,S2,MAT523 / 23,GEOMETRY B,ROCHELLE AITON,10,2027,B+,3.35 pts,0,,404,,Yes
25,3/4/25,4,S2,SCI602 / 24,BIOLOGY B,GRANT MERRILL,10,2027,C,2.33 pts,0,,404,,Yes
25,3/4/25,3,S2,MAT702 / 23,ALGEBRA II B,JENNIFER REILLY,10,2027,D+,1.96 pts,0,,405,,Yes
25,3/4/25,4,S2,SCI602 / 24,BIOLOGY B,GRANT MERRILL,10,2027,C-,2.00 pts,0,,405,,Yes
25,3/4/25,5,S2,ENG602 / 25,SOPH ENG/B,MARCEE SALAS,10,2027,A-,3.44 pts,0,,405,,Yes
25,3/4/25,3,S2,MAT702 / 23,ALGEBRA II B,JENNIFER REILLY,11,2026,C-,2.07 pts,0,,406,,Yes
25,3/4/25,1,S2,MAT523 / 21,GEOMETRY B,ROCHELLE AITON,10,2027,F,0.00 pts,7.57,,407,,Yes
25,3/4/25,2,S2,ENG602 / 22,SOPH ENG/B,KELLY GREGERSEN,10,2027,B-,2.77 pts,7,,407,,Yes
25,3/4/25,6,S2,SCI602 / 46,BIOLOGY B,WILLIAM BAUR,10,2027,B-,2.85 pts,8,,407,,Yes
25,3/4/25,5,S2,BUS302 / 25,PERSONAL FINANCE B,NICOLE SIMEK,12,2025,C+,2.61 pts,2.29,,408,,Yes
25,3/4/25,4,S2,SCI602 / 24,BIOLOGY B,GRANT MERRILL,11,2026,B,3.00 pts,0,,591,,Yes
25,3/4/25,5,S2,BUS302 / 25,PERSONAL FINANCE B,NICOLE SIMEK,11,2026,A,3.93 pts,1,,591,,Yes
25,3/4/25,6,S2,ENG502 / 26,FR ENGLISH/B,DAVID HOLLINGSWORTH,9,2028,F,0.71 pts,9.14,,410,,Yes
25,3/4/25,2,S2,MAT523 / 22,GEOMETRY B,ROCHELLE AITON,10,2027,C+,2.50 pts,0,,411,,Yes
25,3/4/25,3,S2,SCI602 / 23,BIOLOGY B,GRANT MERRILL,10,2027,F,0.10 pts,0,,411,,Yes
25,3/4/25,4,S2,MAT523 / 24,GEOMETRY B,ROCHELLE AITON,10,2027,C,2.40 pts,0.71,,460,,Yes
25,3/4/25,1,S2,SCI504 / 21,PHYSICAL SCIENCE B,JAMES BENNETT,11,2026,C-,2.07 pts,0,,412,,Yes
25,3/4/25,2,S2,MAT702 / 22,ALGEBRA II B,JASON BLAESING,11,2026,,0.00 pts,0,,412,,Yes
25,3/4/25,5,S2,MAT702 / 45,ALGEBRA II B,JENNIFER REILLY,11,2026,D+,1.95 pts,0,,412,,Yes
25,3/4/25,1,S2,SCI504 / 21,PHYSICAL SCIENCE B,JAMES BENNETT,9,2028,F,1.63 pts,0.43,,592,,Yes
25,3/4/25,3,S2,BUS302 / 23,PERSONAL FINANCE B,NICOLE SIMEK,12,2025,A,3.97 pts,20.29,,413,,Yes
25,3/4/25,1,S2,MAT523 / 21,GEOMETRY B,ROCHELLE AITON,10,2027,C,2.48 pts,0.43,,414,,Yes
25,3/4/25,5,S2,ENG602 / 25,SOPH ENG/B,MARCEE SALAS,10,2027,C-,2.05 pts,0,,414,,Yes
25,3/4/25,6,S2,SCI602 / 46,BIOLOGY B,WILLIAM BAUR,10,2027,B,3.05 pts,0,,414,,Yes
25,3/4/25,5,S2,BUS302 / 25,PERSONAL FINANCE B,NICOLE SIMEK,12,2025,A,4.00 pts,2.2,,593,,Yes
25,3/4/25,1,S2,SCI504 / 21,PHYSICAL SCIENCE B,JAMES BENNETT,12,2025,C-,2.07 pts,1.57,,415,,Yes
25,3/4/25,2,S2,BUS302 / 22,PERSONAL FINANCE B,NICOLE SIMEK,12,2025,C+,2.63 pts,1.43,,415,,Yes
25,3/4/25,2,S2,ENG602 / 22,SOPH ENG/B,KELLY GREGERSEN,10,2027,B,3.12 pts,6,,416,,Yes
25,3/4/25,3,S2,SCI602 / 23,BIOLOGY B,GRANT MERRILL,10,2027,F,0.07 pts,6.29,,416,,Yes
25,3/4/25,4,S2,MAT523 / 24,GEOMETRY B,ROCHELLE AITON,10,2027,F,1.45 pts,5.86,,416,,Yes
25,3/4/25,6,S2,SCI602 / 46,BIOLOGY B,WILLIAM BAUR,10,2027,A,4.00 pts,0,,417,,Yes
25,3/4/25,2,S2,ENG602 / 22,SOPH ENG/B,KELLY GREGERSEN,10,2027,D+,1.97 pts,2.57,,418,,Yes
22,2/11/25,4,S2,MAT702 / 24,ALGEBRA II B,JENNIFER REILLY,11,2026,,,0,,513,,Yes
25,3/4/25,6,S2,SCI602 / 26,BIOLOGY B,GRANT MERRILL,10,2027,F,1.33 pts,2,,418,,Yes
25,3/4/25,3,S2,MAT523 / 23,GEOMETRY B,ROCHELLE AITON,9,2028,F,0.00 pts,14.57,,419,,Yes
25,3/4/25,5,S2,MAT523 / 25,GEOMETRY B,BRIAN ANDERSON,9,2028,C+,2.61 pts,0,,420,,Yes
25,3/4/25,1,S2,SCI504 / 21,PHYSICAL SCIENCE B,JAMES BENNETT,9,2028,B,3.05 pts,1,,594,,Yes
25,3/4/25,4,S2,SCI602 / 24,BIOLOGY B,GRANT MERRILL,10,2027,C-,2.00 pts,3,,421,,Yes
25,3/4/25,2,S2,BUS302 / 22,PERSONAL FINANCE B,NICOLE SIMEK,12,2025,F,1.32 pts,6.29,,422,,Yes
25,3/4/25,2,S2,SCI610 / 22,CHEMISTRY/B,GRANT MERRILL,12,2025,F,0.02 pts,3.17,,423,,Yes
25,3/4/25,2,S2,ENG602 / 22,SOPH ENG/B,KELLY GREGERSEN,10,2027,D+,1.82 pts,4,,48,,Yes
25,3/4/25,5,S2,MAT523 / 25,GEOMETRY B,BRIAN ANDERSON,10,2027,B-,2.78 pts,4.14,,48,,Yes
25,3/4/25,6,S2,SCI602 / 26,BIOLOGY B,GRANT MERRILL,10,2027,B+,3.33 pts,4.29,,48,,Yes
25,3/4/25,1,S2,SCI504 / 21,PHYSICAL SCIENCE B,JAMES BENNETT,12,2025,C-,2.03 pts,3.29,,49,,Yes
25,3/4/25,6,S2,MAT702 / 26,ALGEBRA II B,JASON BLAESING,12,2025,F,1.05 pts,3.29,,49,,Yes
26,3/11/25,1,S2,ENG702 / 21,JUNIOR ENG/B,JOHN CARVER,11,2026,F,0.55 pts,7.19,,1,,#N/A
26,3/11/25,2,S2,FAR541 / 22,PERCUSSION/B,DAVID DUARTE,11,2026,,,5.86,,1,,#N/A
26,3/11/25,3,S2,PED101 / 23,PHYSICAL EDUCATION,SCOTT DIZMANG,11,2026,B,3.05 pts,5.05,,1,,#N/A
26,3/11/25,4,S2,CTE115 / 24,ENGINEERING B,JASON BLAESING,11,2026,F,0.38 pts,7.48,,1,,#N/A
26,3/11/25,5,S2,ONT401 / 25,ON-TRACK/B,ROBERT YEE,11,2026,,,1.86,,1,,#N/A
26,3/11/25,5,S2,MAT702 / 45,ALGEBRA II B,JENNIFER REILLY,11,2026,W,0.98 pts,5.05,,1,,Yes
26,3/11/25,6,S2,SOC702 / 26,US HISTORY/B,SCOTT BOOTHBY,11,2026,F,0.81 pts,4.86,,1,,Yes
26,3/11/25,1,S2,CTA102 / 21,CTA S2,,11,2026,,,0,,3,,#N/A
26,3/11/25,2,S2,CTA102 / 21,CTA S2,,11,2026,,,0,,3,,#N/A
26,3/11/25,3,S2,CTA102 / 21,CTA S2,,11,2026,,,0,,3,,#N/A
23,2/18/25,4,S2,MAT702 / 24,ALGEBRA II B,JENNIFER REILLY,11,2026,,,0,,513,,Yes
26,3/11/25,5,S2,ASL504 / 25,AMERICAN SIGN LANGUAGE II/B,TAMI GRANT,11,2026,A,4.00 pts,1.33,,3,,#N/A
26,3/11/25,6,S2,ENG702 / 26,JUNIOR ENG/B,JOHN CARVER,11,2026,B,3.12 pts,1.33,,3,,#N/A
26,3/11/25,1,S2,FAR506 / 21,CONCERT CHOIR /B,DAVID DUARTE,10,2027,C-,2.08 pts,3,,4,,#N/A
26,3/11/25,2,S2,SPA502 / 22,SPANISH I B,ARELI LOPEZ LOPEZ,10,2027,F,1.45 pts,1.86,,4,,#N/A
26,3/11/25,3,S2,SOC109 / 23,WORLD HISTORY/B,RYAN ISAACSON,10,2027,F,0.75 pts,1.71,,4,,#N/A
26,3/11/25,4,S2,SCI602 / 24,BIOLOGY B,GRANT MERRILL,10,2027,F,0.00 pts,2.57,,4,,Yes
26,3/11/25,5,S2,ENG602 / 25,SOPH ENG/B,MARCEE SALAS,10,2027,F,1.41 pts,1.71,,4,,Yes
26,3/11/25,6,S2,MAT523 / 46,GEOMETRY B,ROCHELLE AITON,10,2027,F,1.43 pts,1.43,,4,,#N/A
26,3/11/25,1,S2,VOC706 / 21,DIGITAL PHOTOGRAPHY II,ROSANNA RUFF,11,2026,B,3.17 pts,0.57,,5,,#N/A
26,3/11/25,2,S2,SCI504 / 42,PHYSICAL SCIENCE B,WILLIAM BAUR,11,2026,C,2.45 pts,0.71,,5,,#N/A
26,3/11/25,3,S2,BUS302 / 23,PERSONAL FINANCE B,NICOLE SIMEK,11,2026,C-,2.00 pts,0.86,,5,,Yes
26,3/11/25,4,S2,SOC702 / 24,US HISTORY/B,DAVE HAJEK,11,2026,D+,1.89 pts,1.71,,5,,#N/A
26,3/11/25,5,S2,ENG702 / 25,JUNIOR ENG/B,JOHN CARVER,11,2026,F,1.47 pts,1.43,,5,,#N/A
26,3/11/25,6,S2,HFL113 / 26,INTRO CULINARY ART,ALEXANDRA YOST,11,2026,A-,3.42 pts,1,,5,,#N/A
26,3/11/25,1,S2,VOC620 / 21,METAL CRAFTS & PRODUCTION I,DONALD O'BRIEN,10,2027,,0.33 pts,0,,6,,#N/A
26,3/11/25,1,S2,PED500 / 21,WEIGHT TRAINING,SCOTT BOOTHBY,10,2027,B,3.00 pts,0.14,,6,,#N/A
26,3/11/25,2,S2,PED500 / 22,WEIGHT TRAINING,SCOTT BOOTHBY,10,2027,,4.00 pts,0,,6,,#N/A
26,3/11/25,2,S2,ELE404 / 22,LANGUAGE SUPPORT/B,HAYLEY ALVARADO,10,2027,A,4.00 pts,0,,6,,#N/A
26,3/11/25,3,S2,SOC109 / 23,WORLD HISTORY/B,RYAN ISAACSON,10,2027,D,1.67 pts,0,,6,,#N/A
26,3/11/25,4,S2,MAT523 / 24,GEOMETRY B,ROCHELLE AITON,10,2027,A-,3.40 pts,0,John L,6,Active,Yes
26,3/11/25,5,S2,ENG602 / 25,SOPH ENG/B,MARCEE SALAS,10,2027,D+,1.82 pts,0,Pat,6,Active,Yes
26,3/11/25,6,S2,SCI602 / 46,BIOLOGY B,WILLIAM BAUR,10,2027,F,0.58 pts,0,Mimi,6,Active,Yes
26,3/11/25,1,S2,ENG802 / 21,SENIOR ENG/B,HEATHER CARVER,12,2025,F,1.49 pts,4,,7,,#N/A
26,3/11/25,2,S2,BUS302 / 22,PERSONAL FINANCE B,NICOLE SIMEK,12,2025,F,1.11 pts,4,,7,,Yes
26,3/11/25,3,S2,ONT401 / 23,ON-TRACK/B,BRIAN ANDERSON,12,2025,U,0.20 pts,4,,7,,#N/A
26,3/11/25,4,S2,ENG716 / 24,DRAMATIC LITERATURE,KELLY GREGERSEN,12,2025,F,1.31 pts,4,,7,,#N/A
26,3/11/25,5,S2,CTE101 / 25,MEDICAL CAREER & TERMS/B,DONNA SCHATZ,12,2025,B-,2.76 pts,4,,7,,#N/A
26,3/11/25,6,S2,SOC801 / 26,CONTEMPORARY WORLD ISSUES,JIM REED,12,2025,F,1.42 pts,4,,7,,#N/A
26,3/11/25,1,S2,FAR721 / 21,PANTHER PLAYERS/B,KELLY GREGERSEN,11,2026,A,4.00 pts,4.43,,46,,#N/A
26,3/11/25,2,S2,SCI610 / 22,CHEMISTRY/B,GRANT MERRILL,11,2026,F,1.32 pts,4.43,,46,,Yes
26,3/11/25,3,S2,MAT702 / 23,ALGEBRA II B,JENNIFER REILLY,11,2026,C,2.26 pts,4.43,,46,,Yes
26,3/11/25,4,S2,ENG716 / 24,DRAMATIC LITERATURE,KELLY GREGERSEN,11,2026,A,3.90 pts,4.43,,46,,#N/A
26,3/11/25,5,S2,SOC702 / 25,US HISTORY/B,DAVE HAJEK,11,2026,D,1.68 pts,4.14,,46,,#N/A
26,3/11/25,6,S2,SPA502 / 26,SPANISH I B,ARELI LOPEZ LOPEZ,11,2026,B,2.94 pts,4.14,,46,,#N/A
26,3/11/25,1,S2,FAR721 / 21,PANTHER PLAYERS/B,KELLY GREGERSEN,12,2025,A,4.00 pts,1.29,,8,,#N/A
26,3/11/25,2,S2,BUS302 / 22,PERSONAL FINANCE B,NICOLE SIMEK,12,2025,F,0.88 pts,2.86,,8,,Yes
26,3/11/25,3,S2,HFL113 / 23,INTRO CULINARY ART,ALEXANDRA YOST,12,2025,W,2.22 pts,2.57,,8,,#N/A
26,3/11/25,3,S2,AID102 / HC3,TEACHER AIDE,HEATHER CARVER,12,2025,,,0.71,,8,,#N/A
26,3/11/25,4,S2,ENG718 / 24,AP LITERATURE/COMPOSITION B,HEATHER CARVER,12,2025,F,1.07 pts,3,,8,,#N/A
26,3/11/25,5,S2,SOC801 / 25,CONTEMPORARY WORLD ISSUES,SCOTT BOOTHBY,12,2025,C,2.40 pts,3,,8,,#N/A
26,3/11/25,6,S2,SCI504 / 26,PHYSICAL SCIENCE B,JAMES BENNETT,12,2025,F,1.64 pts,3,,8,,#N/A
26,3/11/25,1,S2,PED513 / 21,TEAM GAMES,SCOTT DIZMANG,10,2027,A,4.00 pts,1,,9,,#N/A
26,3/11/25,2,S2,SOC109 / 22,WORLD HISTORY/B,DAVID HOLLINGSWORTH,10,2027,B+,3.33 pts,1,,9,,#N/A
26,3/11/25,3,S2,HFL116 / 23,BAKING PASTRY ARTS I,KAYLA PAYNE,10,2027,A,4.00 pts,1,,9,,#N/A
26,3/11/25,4,S2,SCI602 / 24,BIOLOGY B,GRANT MERRILL,10,2027,F,0.04 pts,1,Tom C,9,Active,Yes
26,3/11/25,5,S2,MAT523 / 25,GEOMETRY B,BRIAN ANDERSON,10,2027,C-,2.01 pts,1,Linda,9,Active,Yes
26,3/11/25,6,S2,ENG602 / 26,SOPH ENG/B,MARCEE SALAS,10,2027,F,1.54 pts,1,,9,,#N/A
26,3/11/25,1,S2,MAT523 / 21,GEOMETRY B,ROCHELLE AITON,10,2027,C+,2.50 pts,3,John L,10,Active,Yes
26,3/11/25,2,S2,ENG602 / 22,SOPH ENG/B,KELLY GREGERSEN,10,2027,B+,3.26 pts,3,,10,,Yes
26,3/11/25,3,S2,SOC109 / 23,WORLD HISTORY/B,RYAN ISAACSON,10,2027,F,1.00 pts,3,,10,,#N/A
26,3/11/25,4,S2,HFL119 / 24,ADV CULINARY ARTS B,ALEXANDRA YOST,10,2027,A,3.63 pts,3,,10,,#N/A
26,3/11/25,5,S2,PED500 / 25,WEIGHT TRAINING,SCOTT DIZMANG,10,2027,A,4.00 pts,3,,10,,#N/A
26,3/11/25,6,S2,SCI602 / 26,BIOLOGY B,GRANT MERRILL,10,2027,A,3.88 pts,3,Larry,10,Active,Yes
26,3/11/25,1,S2,SPA602 / 21,SPANISH II B,ARELI LOPEZ LOPEZ,11,2026,A-,3.47 pts,3,,11,,#N/A
26,3/11/25,2,S2,HFL115 / 22,ADVANCED PASTRY ARTS I,KAYLA PAYNE,11,2026,A,3.71 pts,3,,11,,#N/A
26,3/11/25,3,S2,MAT702 / 23,ALGEBRA II B,JENNIFER REILLY,11,2026,F,1.07 pts,3.14,Larry,11,Active,Yes
26,3/11/25,4,S2,CTE115 / 24,ENGINEERING B,JASON BLAESING,11,2026,F,0.20 pts,3.14,,11,,#N/A
26,3/11/25,5,S2,SOC704 / 25,AP US HISTORY B,RYAN ISAACSON,11,2026,B-,2.73 pts,3,,11,,#N/A
26,3/11/25,6,S2,ENG702 / 26,JUNIOR ENG/B,JOHN CARVER,11,2026,C,2.42 pts,3,,11,,#N/A
26,3/11/25,1,S2,CTE115 / 21,ENGINEERING B,JASON BLAESING,11,2026,C,2.31 pts,2,,12,,#N/A
26,3/11/25,2,S2,VOC705 / 22,DIGITAL PHOTOGRAPHY I,ROSANNA RUFF,11,2026,A,3.91 pts,2,,12,,#N/A
26,3/11/25,3,S2,PED500 / 23,WEIGHT TRAINING,SCOTT BOOTHBY,11,2026,A,3.80 pts,2.14,,12,,#N/A
26,3/11/25,4,S2,SOC702 / 24,US HISTORY/B,DAVE HAJEK,11,2026,F,0.73 pts,2,,12,,#N/A
26,3/11/25,5,S2,BUS302 / 25,PERSONAL FINANCE B,NICOLE SIMEK,11,2026,C+,2.51 pts,2,,12,,Yes
26,3/11/25,6,S2,ENG702 / 26,JUNIOR ENG/B,JOHN CARVER,11,2026,F,0.91 pts,2,,12,,#N/A
26,3/11/25,1,S2,MAT523 / 21,GEOMETRY B,ROCHELLE AITON,10,2027,F,1.00 pts,2.14,John L,13,Active,Yes
26,3/11/25,2,S2,ENG602 / 22,SOPH ENG/B,KELLY GREGERSEN,10,2027,B,3.15 pts,2.14,,13,,Yes
26,3/11/25,3,S2,SCI602 / 43,BIOLOGY B,DONNA SCHATZ,10,2027,A-,3.51 pts,2,,13,,#N/A
26,3/11/25,4,S2,SCI504 / 44,PHYSICAL SCIENCE B,WILLIAM BAUR,10,2027,F,0.05 pts,2,,13,,#N/A
26,3/11/25,5,S2,HFL116 / 25,BAKING PASTRY ARTS I,KAYLA PAYNE,10,2027,B,3.00 pts,2,,13,,#N/A
26,3/11/25,6,S2,SOC109 / 46,WORLD HISTORY/B,DAVE HAJEK,10,2027,C-,2.10 pts,2,,13,,#N/A
26,3/11/25,1,S2,ENG702 / 21,JUNIOR ENG/B,JOHN CARVER,11,2026,B,3.12 pts,1,,14,,#N/A
26,3/11/25,2,S2,VOC107 / 22,METALS MANUF & TECHNOLOGY II,DONALD O'BRIEN,11,2026,A,3.75 pts,1,,14,,#N/A
26,3/11/25,3,S2,MAT702 / 23,ALGEBRA II B,JENNIFER REILLY,11,2026,F,0.95 pts,0.43,Jonathan,14,Active,Yes
26,3/11/25,4,S2,SCI504 / 24,PHYSICAL SCIENCE B,JAMES BENNETT,11,2026,A-,3.48 pts,1.14,,14,,#N/A
26,3/11/25,5,S2,SOC702 / 25,US HISTORY/B,DAVE HAJEK,11,2026,F,1.11 pts,0.86,,14,,#N/A
26,3/11/25,6,S2,AID102 / AL6,TEACHER AIDE,ARELI LOPEZ LOPEZ,11,2026,,,0.57,,14,,#N/A
26,3/11/25,1,S2,SPA602 / 21,SPANISH II B,ARELI LOPEZ LOPEZ,10,2027,A,3.76 pts,0,,15,,#N/A
26,3/11/25,2,S2,ENG602 / 22,SOPH ENG/B,KELLY GREGERSEN,10,2027,C+,2.66 pts,0,,15,,Yes
26,3/11/25,3,S2,SCI602 / 23,BIOLOGY B,GRANT MERRILL,10,2027,D+,1.96 pts,0,Linda,15,Active,Yes
26,3/11/25,4,S2,MAT523 / 24,GEOMETRY B,ROCHELLE AITON,10,2027,D+,1.93 pts,0,,15,,Yes
26,3/11/25,5,S2,VOC502 / 25,FINE ARTS WOODWORKING I,BRENT MANSELL,10,2027,A,4.00 pts,0,,15,,#N/A
26,3/11/25,6,S2,SOC109 / 26,WORLD HISTORY/B,RYAN ISAACSON,10,2027,C+,2.67 pts,0,,15,,#N/A
26,3/11/25,1,S2,SOC109 / 21,WORLD HISTORY/B,DAVID HOLLINGSWORTH,10,2027,A,3.67 pts,0,,16,,#N/A
26,3/11/25,2,S2,FAR108 / 22,CERAMICS I,ROBERT YEE,10,2027,B,3.00 pts,0,,16,,#N/A
26,3/11/25,3,S2,MAT523 / 23,GEOMETRY B,ROCHELLE AITON,10,2027,F,1.48 pts,0,,16,,Yes
26,3/11/25,4,S2,SCI504 / 44,PHYSICAL SCIENCE B,WILLIAM BAUR,10,2027,F,0.63 pts,0,,16,,#N/A
26,3/11/25,5,S2,HFL116 / 25,BAKING PASTRY ARTS I,KAYLA PAYNE,10,2027,A,4.00 pts,0,,16,,#N/A
26,3/11/25,6,S2,ENG602 / 26,SOPH ENG/B,MARCEE SALAS,10,2027,C,2.39 pts,0,,16,,#N/A
26,3/11/25,1,S2,MAT523 / 21,GEOMETRY B,ROCHELLE AITON,10,2027,,,1,,17,,Yes
26,3/11/25,1,S2,PED513 / 21,TEAM GAMES,SCOTT DIZMANG,10,2027,C-,2.10 pts,3.29,,17,,#N/A
26,3/11/25,2,S2,ENG602 / 22,SOPH ENG/B,KELLY GREGERSEN,10,2027,B,2.91 pts,3.31,,17,,Yes
26,3/11/25,3,S2,SCI602 / 43,BIOLOGY B,DONNA SCHATZ,10,2027,B+,3.36 pts,3.14,,17,,#N/A
26,3/11/25,4,S2,SOC109 / 24,WORLD HISTORY/B,DAVID HOLLINGSWORTH,10,2027,C+,2.57 pts,3.86,,17,,#N/A
26,3/11/25,5,S2,HFL116 / 25,BAKING PASTRY ARTS I,KAYLA PAYNE,10,2027,A,4.00 pts,3.29,,17,,#N/A
26,3/11/25,6,S2,MAT523 / 46,GEOMETRY B,ROCHELLE AITON,10,2027,F,0.48 pts,3.43,,17,,#N/A
26,3/11/25,1,S2,PED500 / 21,WEIGHT TRAINING,SCOTT BOOTHBY,12,2025,,2.00 pts,0.14,,18,,#N/A
26,3/11/25,1,S2,AACAL2 / 21,ACADEMIC ACHIEVEMENT B,AARON LABREE,12,2025,,,2.57,,18,,#N/A
26,3/11/25,2,S2,BUS302 / 22,PERSONAL FINANCE B,NICOLE SIMEK,12,2025,F,0.75 pts,2.29,,18,,Yes
26,3/11/25,3,S2,SOC801 / 23,CONTEMPORARY WORLD ISSUES,JIM REED,12,2025,F,0.06 pts,2.43,,18,,#N/A
26,3/11/25,4,S2,PED513 / 24,TEAM GAMES,SCOTT DIZMANG,12,2025,A,4.00 pts,2.71,,18,,#N/A
26,3/11/25,5,S2,ONT401 / 25,ON-TRACK/B,ROBERT YEE,12,2025,,,0.57,,18,,#N/A
26,3/11/25,6,S2,ENG802 / 26,SENIOR ENG/B,HEATHER CARVER,12,2025,D,1.78 pts,1,,18,,#N/A
26,3/11/25,1,S2,HFL114 / 21,FAMILY HEALTH,THOMAS KESSINGER,9,2028,A,4.00 pts,1,,2,,#N/A
26,3/11/25,2,S2,ASL502 / 22,AMERICAN  SIGN LANGUAGE I/B,KYLA RITCHEY,9,2028,D,1.76 pts,1,,2,,#N/A
26,3/11/25,3,S2,MAT521 / 43,ALGEBRA I B,JANET GROVE,9,2028,C+,2.58 pts,1,,2,,#N/A
26,3/11/25,4,S2,SCI504 / 24,PHYSICAL SCIENCE B,JAMES BENNETT,9,2028,C-,2.19 pts,1.14,,2,,#N/A
26,3/11/25,5,S2,VOC705 / 25,DIGITAL PHOTOGRAPHY I,ROSANNA RUFF,9,2028,A,4.00 pts,1,,2,,#N/A
26,3/11/25,6,S2,ENG502 / 26,FR ENGLISH/B,DAVID HOLLINGSWORTH,9,2028,A,4.00 pts,1.14,Melanie,2,Active,Yes
26,3/11/25,1,S2,CTE115 / 21,ENGINEERING B,JASON BLAESING,11,2026,D+,1.93 pts,0,,19,,#N/A
26,3/11/25,2,S2,FAR108 / 22,CERAMICS I,ROBERT YEE,11,2026,B,3.00 pts,0,,19,,#N/A
26,3/11/25,3,S2,PED101 / 23,PHYSICAL EDUCATION,SCOTT DIZMANG,11,2026,A,4.00 pts,0,,19,,#N/A
26,3/11/25,4,S2,ENG702 / 24,JUNIOR ENG/B,JOHN CARVER,11,2026,F,1.64 pts,0.14,,19,,#N/A
26,3/11/25,5,S2,SOC704 / 25,AP US HISTORY B,RYAN ISAACSON,11,2026,F,0.20 pts,0,,19,,#N/A
26,3/11/25,6,S2,MAT702 / 26,ALGEBRA II B,JASON BLAESING,11,2026,D+,1.93 pts,0,Larry,19,Active,Yes
26,3/11/25,1,S2,ENG602 / 21,SOPH ENG/B,MARCEE SALAS,10,2027,A-,3.50 pts,4.14,,20,,#N/A
26,3/11/25,2,S2,MAT523 / 42,GEOMETRY B,BRIAN ANDERSON,10,2027,B+,3.26 pts,4,,20,,#N/A
26,3/11/25,3,S2,FAR109 / 23,CERAMICS II,ROBERT YEE,10,2027,,,1,,20,,#N/A
26,3/11/25,3,S2,FAR108 / 23,CERAMICS I,ROBERT YEE,10,2027,,,3,,20,,#N/A
26,3/11/25,4,S2,SCI602 / 24,BIOLOGY B,GRANT MERRILL,10,2027,B,2.91 pts,4,Linda,20,Active,Yes
26,3/11/25,5,S2,CTE101 / 25,MEDICAL CAREER & TERMS/B,DONNA SCHATZ,10,2027,C,2.33 pts,4,,20,,#N/A
26,3/11/25,6,S2,SOC109 / 46,WORLD HISTORY/B,DAVE HAJEK,10,2027,B-,2.70 pts,4.14,,20,,#N/A
26,3/11/25,1,S2,SOC702 / 21,US HISTORY/B,DAVE HAJEK,11,2026,F,0.58 pts,4.86,,21,,#N/A
26,3/11/25,2,S2,MAT523 / 22,GEOMETRY B,ROCHELLE AITON,11,2026,F,0.95 pts,4.86,John,21,Active,Yes
26,3/11/25,3,S2,BUS302 / 23,PERSONAL FINANCE B,NICOLE SIMEK,11,2026,C,2.28 pts,4.86,,21,,Yes
26,3/11/25,4,S2,HFL119 / 24,ADV CULINARY ARTS B,ALEXANDRA YOST,11,2026,A,3.88 pts,5.14,,21,,#N/A
26,3/11/25,5,S2,ENG702 / 25,JUNIOR ENG/B,JOHN CARVER,11,2026,D,1.65 pts,5.14,,21,,#N/A
26,3/11/25,6,S2,FAR113 / 26,INTRO TO ART AND DESIGN,ROBERT YEE,11,2026,,3.00 pts,5.14,,21,,#N/A
26,3/11/25,6,S2,FAR114 / 26,INTERMEDIATE ART,ROBERT YEE,11,2026,,,0,,21,,#N/A
26,3/11/25,1,S2,PED513 / 21,TEAM GAMES,SCOTT DIZMANG,11,2026,A,4.00 pts,0,,22,,#N/A
26,3/11/25,2,S2,HFL115 / 22,ADVANCED PASTRY ARTS I,KAYLA PAYNE,11,2026,A,3.93 pts,0,,22,,#N/A
26,3/11/25,3,S2,MAT702 / 23,ALGEBRA II B,JENNIFER REILLY,11,2026,C-,2.13 pts,0,Larry,22,Active,Yes
26,3/11/25,4,S2,SCI504 / 44,PHYSICAL SCIENCE B,WILLIAM BAUR,11,2026,B,3.05 pts,0,,22,,#N/A
26,3/11/25,5,S2,SOC702 / 25,US HISTORY/B,DAVE HAJEK,11,2026,B,3.00 pts,0.29,,22,,#N/A
26,3/11/25,6,S2,ENG702 / 26,JUNIOR ENG/B,JOHN CARVER,11,2026,B+,3.23 pts,0.43,,22,,#N/A
26,3/11/25,1,S2,MAT705 / 21,PRE-CALC B MAT 154,BRIAN ANDERSON,12,2025,A-,3.46 pts,0.5,,24,,#N/A
26,3/11/25,2,S2,RUN102 / 22,RUNNING START/B,,12,2025,,,0,,24,,#N/A
26,3/11/25,3,S2,RUN102 / 23,RUNNING START/B,,12,2025,,,0,,24,,#N/A
26,3/11/25,4,S2,RUN102 / 24,RUNNING START/B,,12,2025,,,0,,24,,#N/A
26,3/11/25,5,S2,ENG802 / 25,SENIOR ENG/B,HEATHER CARVER,12,2025,A-,3.52 pts,0.25,,24,,#N/A
26,3/11/25,6,S2,SOC801 / 26,CONTEMPORARY WORLD ISSUES,JIM REED,12,2025,A,3.99 pts,0,,24,,#N/A
26,3/11/25,1,S2,PED500 / 21,WEIGHT TRAINING,SCOTT BOOTHBY,9,2028,A,4.00 pts,0,,25,,#N/A
26,3/11/25,2,S2,SCI504 / 42,PHYSICAL SCIENCE B,WILLIAM BAUR,9,2028,F,0.63 pts,0,,25,,#N/A
26,3/11/25,3,S2,FAR108 / 23,CERAMICS I,ROBERT YEE,9,2028,,,0,,25,,#N/A
26,3/11/25,4,S2,CTE230 / 24,SOCIAL MEDIA MARKETING I,NICOLE SIMEK,9,2028,F,1.00 pts,0,,25,,#N/A
26,3/11/25,5,S2,MAT521 / 25,ALGEBRA I B,KEVIN REILLY,9,2028,B,2.94 pts,0,,25,,#N/A
26,3/11/25,6,S2,ENG502 / 26,FR ENGLISH/B,DAVID HOLLINGSWORTH,9,2028,F,0.64 pts,0,Alex W,25,Active,Yes
26,3/11/25,1,S2,ENG702 / 21,JUNIOR ENG/B,JOHN CARVER,11,2026,F,0.78 pts,8.86,,26,,#N/A
26,3/11/25,2,S2,SCI504 / 22,PHYSICAL SCIENCE B,JAMES BENNETT,11,2026,B+,3.23 pts,7,,26,,#N/A
26,3/11/25,3,S2,BUS302 / 23,PERSONAL FINANCE B,NICOLE SIMEK,11,2026,F,1.31 pts,6.71,,26,,Yes
26,3/11/25,4,S2,SOC702 / 24,US HISTORY/B,DAVE HAJEK,11,2026,F,1.50 pts,5.43,,26,,#N/A
26,3/11/25,5,S2,ONT401 / 25,ON-TRACK/B,ROBERT YEE,11,2026,,,7.57,,26,,#N/A
26,3/11/25,6,S2,FAR113 / 26,INTRO TO ART AND DESIGN,ROBERT YEE,11,2026,F,0.00 pts,6.57,,26,,#N/A
26,3/11/25,1,S2,MAT702 / 21,ALGEBRA II B,JENNIFER REILLY,11,2026,C,2.33 pts,5.71,,29,,#N/A
26,3/11/25,2,S2,SCI504 / 42,PHYSICAL SCIENCE B,WILLIAM BAUR,11,2026,C-,2.03 pts,5.14,,29,,#N/A
26,3/11/25,3,S2,ENG720 / 23,AP LANGUAGE/ COMPOSITON B,HEATHER CARVER,11,2026,C,2.29 pts,4.71,,29,,#N/A
26,3/11/25,4,S2,ASL506 / 24,AMER SIGN III/B,TAMI GRANT,11,2026,A-,3.50 pts,4.29,,29,,#N/A
26,3/11/25,5,S2,CTE502 / 25,PROJECT IN  LEADERSHIP/B,KYLA RITCHEY,11,2026,A,4.00 pts,4,,29,,#N/A
26,3/11/25,6,S2,SOC702 / 26,US HISTORY/B,SCOTT BOOTHBY,11,2026,C+,2.51 pts,4.71,Melanie,29,Active,Yes
26,3/11/25,1,S2,ENG802 / 21,SENIOR ENG/B,HEATHER CARVER,12,2025,F,1.50 pts,0.29,,27,,#N/A
26,3/11/25,2,S2,BUS302 / 22,PERSONAL FINANCE B,NICOLE SIMEK,12,2025,F,0.65 pts,0.29,,27,,Yes
26,3/11/25,3,S2,ONT401 / 23,ON-TRACK/B,BRIAN ANDERSON,12,2025,U,0.16 pts,0,,27,,#N/A
26,3/11/25,4,S2,SOC801 / 24,CONTEMPORARY WORLD ISSUES,JIM REED,12,2025,F,0.40 pts,0,,27,,#N/A
26,3/11/25,5,S2,CTE101 / 25,MEDICAL CAREER & TERMS/B,DONNA SCHATZ,12,2025,F,1.18 pts,0,,27,,#N/A
26,3/11/25,6,S2,ENG715 / 26,FILM AS LITERATURE,KELLY GREGERSEN,12,2025,B,2.97 pts,0,,27,,#N/A
26,3/11/25,1,S2,ENG602 / 21,SOPH ENG/B,MARCEE SALAS,10,2027,D+,1.83 pts,0,,28,,#N/A
26,3/11/25,2,S2,SCI602 / 42,BIOLOGY B,DONNA SCHATZ,10,2027,B-,2.87 pts,0.29,,28,,#N/A
26,3/11/25,3,S2,ASL502 / 23,AMERICAN  SIGN LANGUAGE I/B,KYLA RITCHEY,10,2027,B,3.02 pts,0,,28,,#N/A
26,3/11/25,4,S2,MAT523 / 24,GEOMETRY B,ROCHELLE AITON,10,2027,F,1.45 pts,0,,28,,Yes
26,3/11/25,5,S2,HFL116 / 25,BAKING PASTRY ARTS I,KAYLA PAYNE,10,2027,B,3.00 pts,0,,28,,#N/A
26,3/11/25,6,S2,SOC109 / 26,WORLD HISTORY/B,RYAN ISAACSON,10,2027,D,1.67 pts,0.43,,28,,#N/A
26,3/11/25,1,S2,ENG802 / 21,SENIOR ENG/B,HEATHER CARVER,12,2025,F,1.61 pts,6.14,,30,,#N/A
26,3/11/25,2,S2,ASL504 / 22,AMERICAN SIGN LANGUAGE II/B,TAMI GRANT,12,2025,A-,3.42 pts,5.43,,30,,#N/A
26,3/11/25,3,S2,HFL113 / 23,INTRO CULINARY ART,ALEXANDRA YOST,12,2025,A,3.73 pts,5.71,,30,,#N/A
26,3/11/25,4,S2,SOC801 / 24,CONTEMPORARY WORLD ISSUES,JIM REED,12,2025,B+,3.33 pts,5.14,,30,,#N/A
26,3/11/25,5,S2,BUS302 / 25,PERSONAL FINANCE B,NICOLE SIMEK,12,2025,B+,3.33 pts,5,,30,,Yes
26,3/11/25,6,S2,VOC621 / 26,METAL CRAFTS & PRODUCTION II,DONALD O'BRIEN,12,2025,B,2.95 pts,5.57,,30,,#N/A
26,3/11/25,1,S2,SOC109 / 21,WORLD HISTORY/B,DAVID HOLLINGSWORTH,10,2027,B+,3.31 pts,1,,32,,#N/A
26,3/11/25,2,S2,HFL114 / 22,FAMILY HEALTH,THOMAS KESSINGER,10,2027,A,4.00 pts,1,,32,,#N/A
26,3/11/25,3,S2,SCI602 / 43,BIOLOGY B,DONNA SCHATZ,10,2027,B,3.00 pts,1,,32,,#N/A
26,3/11/25,4,S2,MAT523 / 24,GEOMETRY B,ROCHELLE AITON,10,2027,F,1.45 pts,1,,32,,Yes
26,3/11/25,5,S2,ASL504 / 25,AMERICAN SIGN LANGUAGE II/B,TAMI GRANT,10,2027,B,2.92 pts,1,,32,,#N/A
26,3/11/25,6,S2,ENG602 / 26,SOPH ENG/B,MARCEE SALAS,10,2027,C,2.30 pts,1,,32,,#N/A
26,3/11/25,1,S2,PED513 / 21,TEAM GAMES,SCOTT DIZMANG,10,2027,A,4.00 pts,1.29,,33,,#N/A
26,3/11/25,2,S2,MAT523 / 22,GEOMETRY B,ROCHELLE AITON,10,2027,F,1.43 pts,1.29,John L,33,Active,Yes
26,3/11/25,3,S2,ASL502 / 23,AMERICAN  SIGN LANGUAGE I/B,KYLA RITCHEY,10,2027,B,2.92 pts,1.43,,33,,#N/A
26,3/11/25,4,S2,SOC109 / 24,WORLD HISTORY/B,DAVID HOLLINGSWORTH,10,2027,F,0.31 pts,1.43,,33,,#N/A
26,3/11/25,5,S2,ENG602 / 25,SOPH ENG/B,MARCEE SALAS,10,2027,F,0.94 pts,1.43,,33,,Yes
26,3/11/25,6,S2,SCI602 / 46,BIOLOGY B,WILLIAM BAUR,10,2027,F,0.00 pts,1.71,,33,,Yes
26,3/11/25,1,S2,VOC504 / 21,ADV FINE ARTS WOODWORKING I,BRENT MANSELL,10,2027,A,3.80 pts,2.71,,34,,#N/A
26,3/11/25,2,S2,ENG602 / 22,SOPH ENG/B,KELLY GREGERSEN,10,2027,F,0.60 pts,0.14,Cindy,34,Active,Yes
26,3/11/25,3,S2,MAT523 / 23,GEOMETRY B,ROCHELLE AITON,10,2027,F,0.48 pts,2.29,,34,,Yes
26,3/11/25,4,S2,PED513 / 24,TEAM GAMES,SCOTT DIZMANG,10,2027,F,1.15 pts,2.86,,34,,#N/A
26,3/11/25,5,S2,SCI602 / 25,BIOLOGY B,GRANT MERRILL,10,2027,F,0.96 pts,1.57,,34,,#N/A
26,3/11/25,6,S2,SOC109 / 26,WORLD HISTORY/B,RYAN ISAACSON,10,2027,F,1.33 pts,1,,34,,#N/A
26,3/11/25,1,S2,ENG802 / 21,SENIOR ENG/B,HEATHER CARVER,12,2025,F,1.51 pts,0,,35,,#N/A
26,3/11/25,2,S2,SCI504 / 22,PHYSICAL SCIENCE B,JAMES BENNETT,12,2025,C,2.36 pts,0.29,,35,,#N/A
26,3/11/25,3,S2,SOC801 / 23,CONTEMPORARY WORLD ISSUES,JIM REED,12,2025,F,0.72 pts,0,,35,,#N/A
26,3/11/25,4,S2,MAT521 / 24,ALGEBRA I B,KEVIN REILLY,12,2025,C,2.48 pts,0.14,,35,,#N/A
26,3/11/25,5,S2,ONT401 / 25,ON-TRACK/B,ROBERT YEE,12,2025,,,0.43,,35,,#N/A
26,3/11/25,6,S2,SCI602 / 46,BIOLOGY B,WILLIAM BAUR,12,2025,B,2.90 pts,0.29,,35,,Yes
26,3/11/25,1,S2,CTE115 / 21,ENGINEERING B,JASON BLAESING,11,2026,C-,2.10 pts,0,,36,,#N/A
26,3/11/25,2,S2,MAT702 / 22,ALGEBRA II B,JASON BLAESING,11,2026,F,1.63 pts,0,Larry,36,Active,Yes
26,3/11/25,3,S2,FAR604 / 23,SCENE DESIGN,KELLY GREGERSEN,11,2026,B+,3.37 pts,0,,36,,#N/A
26,3/11/25,4,S2,ENG702 / 24,JUNIOR ENG/B,JOHN CARVER,11,2026,C,2.46 pts,0,,36,,#N/A
26,3/11/25,5,S2,SOC702 / 25,US HISTORY/B,DAVE HAJEK,11,2026,C+,2.57 pts,0.29,,36,,#N/A
26,3/11/25,6,S2,FAR543 / 26,WIND ENSEMB/B,DAVID DUARTE,11,2026,B,3.17 pts,0.29,,36,,#N/A
26,3/11/25,1,S2,PED500 / 21,WEIGHT TRAINING,SCOTT BOOTHBY,11,2026,C-,2.00 pts,5.14,,37,,#N/A
26,3/11/25,2,S2,SCI504 / 22,PHYSICAL SCIENCE B,JAMES BENNETT,11,2026,F,0.29 pts,4.86,,37,,#N/A
26,3/11/25,3,S2,ONT401 / 23,ON-TRACK/B,BRIAN ANDERSON,11,2026,U,0.20 pts,4.86,,37,,#N/A
26,3/11/25,4,S2,ENG716 / 24,DRAMATIC LITERATURE,KELLY GREGERSEN,11,2026,C-,2.05 pts,4.86,,37,,#N/A
26,3/11/25,5,S2,BUS302 / 25,PERSONAL FINANCE B,NICOLE SIMEK,11,2026,F,0.66 pts,4.86,,37,,Yes
26,3/11/25,6,S2,SOC702 / 26,US HISTORY/B,SCOTT BOOTHBY,11,2026,F,1.37 pts,4.86,,37,,Yes
26,3/11/25,1,S2,MAT523 / 21,GEOMETRY B,ROCHELLE AITON,10,2027,F,1.45 pts,4.14,,38,,Yes
26,3/11/25,2,S2,VOC107 / 22,METALS MANUF & TECHNOLOGY II,DONALD O'BRIEN,10,2027,A,4.00 pts,3.57,,38,,#N/A
26,3/11/25,3,S2,SCI602 / 43,BIOLOGY B,DONNA SCHATZ,10,2027,B,3.00 pts,3.43,,38,,#N/A
26,3/11/25,4,S2,SOC109 / 24,WORLD HISTORY/B,DAVID HOLLINGSWORTH,10,2027,B,3.10 pts,3.57,,38,,#N/A
26,3/11/25,5,S2,ENG602 / 25,SOPH ENG/B,MARCEE SALAS,10,2027,C-,2.04 pts,3.57,,38,,Yes
26,3/11/25,6,S2,PED500 / 26,WEIGHT TRAINING,SCOTT DIZMANG,10,2027,A,4.00 pts,3.57,,38,,#N/A
26,3/11/25,1,S2,VOC620 / 21,METAL CRAFTS & PRODUCTION I,DONALD O'BRIEN,10,2027,A,4.00 pts,1,,39,,#N/A
26,3/11/25,2,S2,SOC109 / 22,WORLD HISTORY/B,DAVID HOLLINGSWORTH,10,2027,B,3.15 pts,1,,39,,#N/A
26,3/11/25,3,S2,MAT523 / 23,GEOMETRY B,ROCHELLE AITON,10,2027,D+,1.98 pts,1,,39,,Yes
26,3/11/25,4,S2,VOC503 / 24,FINE ARTS WOODS II,BRENT MANSELL,10,2027,A,4.00 pts,1,,39,,#N/A
26,3/11/25,5,S2,ENG602 / 25,SOPH ENG/B,MARCEE SALAS,10,2027,C-,2.11 pts,1,,39,,Yes
26,3/11/25,6,S2,SCI602 / 46,BIOLOGY B,WILLIAM BAUR,10,2027,F,0.95 pts,1,,39,,Yes
26,3/11/25,1,S2,ENG702 / 21,JUNIOR ENG/B,JOHN CARVER,11,2026,C,2.33 pts,0.14,,40,,#N/A
26,3/11/25,2,S2,MAT702 / 22,ALGEBRA II B,JASON BLAESING,11,2026,F,0.98 pts,0.29,Larry,40,Active,Yes
26,3/11/25,3,S2,SCI504 / 43,PHYSICAL SCIENCE B,WILLIAM BAUR,11,2026,F,1.13 pts,0,,40,,#N/A
26,3/11/25,4,S2,VOC504 / 24,ADV FINE ARTS WOODWORKING I,BRENT MANSELL,11,2026,A,4.00 pts,0,,40,,#N/A
26,3/11/25,5,S2,SPA602 / 25,SPANISH II B,ARELI LOPEZ LOPEZ,11,2026,F,0.25 pts,0,,40,,#N/A
26,3/11/25,6,S2,SOC702 / 26,US HISTORY/B,SCOTT BOOTHBY,11,2026,C,2.47 pts,0,,40,,Yes
26,3/11/25,1,S2,MAT702 / 21,ALGEBRA II B,JENNIFER REILLY,11,2026,C,2.42 pts,5,,47,,#N/A
26,3/11/25,2,S2,SCI610 / 22,CHEMISTRY/B,GRANT MERRILL,11,2026,D+,1.98 pts,5,,47,,Yes
26,3/11/25,3,S2,ASL504 / 23,AMERICAN SIGN LANGUAGE II/B,TAMI GRANT,11,2026,B,3.17 pts,5,,47,,#N/A
26,3/11/25,4,S2,SOC702 / 24,US HISTORY/B,DAVE HAJEK,11,2026,F,0.77 pts,5,,47,,#N/A
26,3/11/25,5,S2,PED500 / 25,WEIGHT TRAINING,SCOTT DIZMANG,11,2026,A,4.00 pts,5,,47,,#N/A
26,3/11/25,6,S2,ENG702 / 26,JUNIOR ENG/B,JOHN CARVER,11,2026,B,3.08 pts,5,,47,,#N/A
26,3/11/25,1,S2,ENG702 / 21,JUNIOR ENG/B,JOHN CARVER,11,2026,C,2.40 pts,0.57,,41,,#N/A
26,3/11/25,2,S2,SCI504 / 42,PHYSICAL SCIENCE B,WILLIAM BAUR,11,2026,F,1.55 pts,0,,41,,#N/A
26,3/11/25,3,S2,ASL504 / 23,AMERICAN SIGN LANGUAGE II/B,TAMI GRANT,11,2026,B+,3.33 pts,0.14,,41,,#N/A
26,3/11/25,4,S2,SOC702 / 24,US HISTORY/B,DAVE HAJEK,11,2026,C-,2.07 pts,0.43,,41,,#N/A
26,3/11/25,5,S2,MAT702 / 45,ALGEBRA II B,JENNIFER REILLY,11,2026,D+,1.98 pts,0.43,,41,,Yes
26,3/11/25,6,S2,FAR113 / 26,INTRO TO ART AND DESIGN,ROBERT YEE,11,2026,F,1.46 pts,0.57,,41,,#N/A
26,3/11/25,1,S2,FAR607 / 21,ADVANCED ACTING/ B,KELLY GREGERSEN,12,2025,A,3.90 pts,0.86,,42,,#N/A
26,3/11/25,2,S2,SCI610 / 22,CHEMISTRY/B,GRANT MERRILL,12,2025,F,1.30 pts,0.86,Jay,42,Active,Yes
26,3/11/25,3,S2,ENG802 / 23,SENIOR ENG/B,JOHN CARVER,12,2025,F,0.92 pts,1,,42,,#N/A
26,3/11/25,4,S2,HFL119 / 24,ADV CULINARY ARTS B,ALEXANDRA YOST,12,2025,B+,3.38 pts,0.86,,42,,#N/A
26,3/11/25,5,S2,BUS302 / 25,PERSONAL FINANCE B,NICOLE SIMEK,12,2025,B,3.09 pts,0.86,,42,,Yes
26,3/11/25,6,S2,FAR543 / 26,WIND ENSEMB/B,DAVID DUARTE,12,2025,C-,2.00 pts,0.86,,42,,#N/A
26,3/11/25,1,S2,ENG702 / 21,JUNIOR ENG/B,JOHN CARVER,11,2026,B,2.94 pts,4.57,,43,,#N/A
26,3/11/25,2,S2,SCI504 / 22,PHYSICAL SCIENCE B,JAMES BENNETT,11,2026,B,3.06 pts,4.57,Larry,43,Active,#N/A
26,3/11/25,3,S2,ASL504 / 23,AMERICAN SIGN LANGUAGE II/B,TAMI GRANT,11,2026,B,3.17 pts,4.57,,43,,#N/A
26,3/11/25,4,S2,SOC702 / 24,US HISTORY/B,DAVE HAJEK,11,2026,C,2.29 pts,4.57,,43,,#N/A
26,3/11/25,5,S2,SOC106 / 25,AP PSYCHOLOGY B,JIM REED,11,2026,F,1.50 pts,4.57,,43,,#N/A
26,3/11/25,6,S2,MAT702 / 26,ALGEBRA II B,JASON BLAESING,11,2026,F,1.49 pts,4.71,,43,,Yes
26,3/11/25,1,S2,MAT523 / 21,GEOMETRY B,ROCHELLE AITON,10,2027,F,0.00 pts,7.29,,44,,Yes
26,3/11/25,2,S2,SCI602 / 42,BIOLOGY B,DONNA SCHATZ,10,2027,F,0.14 pts,5.57,,44,,#N/A
26,3/11/25,3,S2,FAR604 / 23,SCENE DESIGN,KELLY GREGERSEN,10,2027,C+,2.60 pts,6.14,,44,,#N/A
26,3/11/25,4,S2,HFL113 / 24,INTRO CULINARY ART,KAYLA PAYNE,10,2027,B,3.00 pts,4.86,,44,,#N/A
26,3/11/25,5,S2,ENG602 / 25,SOPH ENG/B,MARCEE SALAS,10,2027,F,0.82 pts,5.71,,44,,Yes
26,3/11/25,6,S2,SOC109 / 26,WORLD HISTORY/B,RYAN ISAACSON,10,2027,F,0.00 pts,6.86,,44,,#N/A
26,3/11/25,1,S2,PED101 / 21,PHYSICAL EDUCATION,KATHERINE STURDYVIN-SCOBBA,11,2026,B,3.00 pts,0.29,,45,,#N/A
26,3/11/25,2,S2,SCI610 / 22,CHEMISTRY/B,GRANT MERRILL,11,2026,D,1.66 pts,0.29,Jay,45,Active,Yes
26,3/11/25,3,S2,ENG720 / 23,AP LANGUAGE/ COMPOSITON B,HEATHER CARVER,11,2026,B+,3.31 pts,0,,45,,#N/A
26,3/11/25,4,S2,CTE231 / 24,SOCIAL MEDIA MARKETING II,NICOLE SIMEK,11,2026,A,4.00 pts,0,,45,,#N/A
26,3/11/25,5,S2,SOC704 / 25,AP US HISTORY B,RYAN ISAACSON,11,2026,B-,2.73 pts,0,,45,,#N/A
26,3/11/25,6,S2,MAT702 / 26,ALGEBRA II B,JASON BLAESING,11,2026,F,1.57 pts,0,,45,,Yes
26,3/11/25,6,S2,MAT702 / 26,ALGEBRA II B,JASON BLAESING,11,2026,B,3.06 pts,1,,50,,Yes
26,3/11/25,2,S2,ENG602 / 22,SOPH ENG/B,KELLY GREGERSEN,10,2027,A-,3.40 pts,1.86,,52,,Yes
26,3/11/25,4,S2,MAT523 / 24,GEOMETRY B,ROCHELLE AITON,10,2027,C-,2.03 pts,1.14,,52,,Yes
26,3/11/25,2,S2,MAT523 / 22,GEOMETRY B,ROCHELLE AITON,10,2027,F,0.95 pts,7.14,,53,,Yes
26,3/11/25,4,S2,SCI602 / 24,BIOLOGY B,GRANT MERRILL,10,2027,F,0.09 pts,6.71,,53,,Yes
26,3/11/25,6,S2,MAT702 / 26,ALGEBRA II B,JASON BLAESING,10,2027,A,4.00 pts,0,,54,,Yes
26,3/11/25,2,S2,SCI610 / 22,CHEMISTRY/B,GRANT MERRILL,11,2026,F,1.62 pts,1.14,,55,,Yes
26,3/11/25,2,S2,MAT702 / 22,ALGEBRA II B,JASON BLAESING,11,2026,A-,3.47 pts,0,,56,,Yes
26,3/11/25,5,S2,MAT523 / 25,GEOMETRY B,BRIAN ANDERSON,10,2027,F,1.27 pts,0,,59,,Yes
26,3/11/25,2,S2,SCI610 / 22,CHEMISTRY/B,GRANT MERRILL,11,2026,C+,2.61 pts,1,,60,,Yes
26,3/11/25,3,S2,MAT702 / 23,ALGEBRA II B,JENNIFER REILLY,11,2026,A-,3.49 pts,1,,60,,Yes
26,3/11/25,1,S2,ENG504 / 21,PRE-AP FRESHMAN ENGLISH/B,ANGELINA MERRILL,9,2028,C+,2.63 pts,0.29,,470,,Yes
26,3/11/25,2,S2,SCI610 / 22,CHEMISTRY/B,GRANT MERRILL,10,2027,F,1.49 pts,4.43,,471,,Yes
26,3/11/25,3,S2,MAT702 / 23,ALGEBRA II B,JENNIFER REILLY,10,2027,F,1.50 pts,4,,471,,Yes
26,3/11/25,2,S2,BUS302 / 22,PERSONAL FINANCE B,NICOLE SIMEK,12,2025,B,2.98 pts,4,,61,,Yes
26,3/11/25,5,S2,MAT523 / 25,GEOMETRY B,BRIAN ANDERSON,10,2027,D+,1.83 pts,4,,63,,Yes
26,3/11/25,6,S2,ENG502 / 26,FR ENGLISH/B,DAVID HOLLINGSWORTH,9,2028,B,3.14 pts,1.29,,472,,Yes
26,3/11/25,3,S2,BUS302 / 23,PERSONAL FINANCE B,NICOLE SIMEK,11,2026,F,0.91 pts,7.71,,65,,Yes
26,3/11/25,5,S2,MAT702 / 45,ALGEBRA II B,JENNIFER REILLY,11,2026,D+,1.90 pts,6.71,,65,,Yes
26,3/11/25,2,S2,MAT702 / 22,ALGEBRA II B,JASON BLAESING,10,2027,A,3.95 pts,3,,66,,Yes
26,3/11/25,5,S2,MAT702 / 45,ALGEBRA II B,JENNIFER REILLY,12,2025,D+,1.86 pts,1.57,,473,,Yes
26,3/11/25,3,S2,MAT523 / 23,GEOMETRY B,ROCHELLE AITON,10,2027,D+,1.93 pts,0.86,,67,,Yes
26,3/11/25,6,S2,SOC702 / 26,US HISTORY/B,SCOTT BOOTHBY,11,2026,A,3.98 pts,4,,68,,Yes
26,3/11/25,3,S2,MAT523 / 23,GEOMETRY B,ROCHELLE AITON,10,2027,D+,1.93 pts,0,,424,,Yes
26,3/11/25,3,S2,MAT523 / 23,GEOMETRY B,ROCHELLE AITON,9,2028,B,3.03 pts,3,,69,,Yes
26,3/11/25,1,S2,SCI504 / 21,PHYSICAL SCIENCE B,JAMES BENNETT,9,2028,D,1.74 pts,2.14,,70,,Yes
26,3/11/25,6,S2,ENG502 / 26,FR ENGLISH/B,DAVID HOLLINGSWORTH,9,2028,A,4.00 pts,1.29,,70,,Yes
26,3/11/25,6,S2,SOC702 / 26,US HISTORY/B,SCOTT BOOTHBY,11,2026,B+,3.37 pts,0,,71,,Yes
26,3/11/25,1,S2,MAT523 / 21,GEOMETRY B,ROCHELLE AITON,10,2027,F,0.98 pts,3.86,,72,,Yes
26,3/11/25,5,S2,ENG602 / 25,SOPH ENG/B,MARCEE SALAS,10,2027,C,2.20 pts,3.43,,72,,Yes
24,2/25/25,4,S2,MAT702 / 24,ALGEBRA II B,JENNIFER REILLY,11,2026,C-,2.10 pts,0,,513,,Yes
26,3/11/25,2,S2,MAT523 / 22,GEOMETRY B,ROCHELLE AITON,9,2028,B+,3.33 pts,1.43,,76,,Yes
26,3/11/25,5,S2,MAT702 / 45,ALGEBRA II B,JENNIFER REILLY,11,2026,A,3.90 pts,5,,475,,Yes
26,3/11/25,2,S2,ENG602 / 22,SOPH ENG/B,KELLY GREGERSEN,10,2027,A,3.97 pts,5,,77,,Yes
26,3/11/25,3,S2,SCI602 / 23,BIOLOGY B,GRANT MERRILL,10,2027,A,3.91 pts,5,,77,,Yes
26,3/11/25,1,S2,ENG504 / 21,PRE-AP FRESHMAN ENGLISH/B,ANGELINA MERRILL,9,2028,A,3.75 pts,0,,476,,Yes
26,3/11/25,4,S2,MAT523 / 24,GEOMETRY B,ROCHELLE AITON,10,2027,B,2.95 pts,1.29,,425,,Yes
26,3/11/25,6,S2,MAT702 / 26,ALGEBRA II B,JASON BLAESING,10,2027,A-,3.54 pts,0,,477,,Yes
26,3/11/25,1,S2,MAT523 / 21,GEOMETRY B,ROCHELLE AITON,9,2028,F,1.48 pts,4.86,,79,,Yes
26,3/11/25,5,S2,MAT523 / 25,GEOMETRY B,BRIAN ANDERSON,10,2027,A-,3.56 pts,0,,80,,Yes
26,3/11/25,2,S2,SCI610 / 22,CHEMISTRY/B,GRANT MERRILL,12,2025,F,1.28 pts,7.14,,82,,Yes
26,3/11/25,1,S2,MAT523 / 21,GEOMETRY B,ROCHELLE AITON,10,2027,C,2.40 pts,4.14,,83,,Yes
26,3/11/25,1,S2,MAT523 / 21,GEOMETRY B,ROCHELLE AITON,10,2027,F,1.03 pts,1,,84,,Yes
26,3/11/25,6,S2,SOC702 / 26,US HISTORY/B,SCOTT BOOTHBY,11,2026,A-,3.52 pts,0,,85,,Yes
26,3/11/25,2,S2,SCI610 / 22,CHEMISTRY/B,GRANT MERRILL,11,2026,C+,2.66 pts,0,,86,,Yes
26,3/11/25,6,S2,SOC702 / 26,US HISTORY/B,SCOTT BOOTHBY,11,2026,B+,3.34 pts,0,,86,,Yes
26,3/11/25,3,S2,MAT523 / 23,GEOMETRY B,ROCHELLE AITON,10,2027,F,0.00 pts,6.14,,88,,Yes
26,3/11/25,5,S2,ENG602 / 25,SOPH ENG/B,MARCEE SALAS,10,2027,F,1.06 pts,6.14,,88,,Yes
26,3/11/25,6,S2,SCI602 / 46,BIOLOGY B,WILLIAM BAUR,10,2027,F,0.03 pts,6.14,,88,,Yes
26,3/11/25,6,S2,MAT702 / 26,ALGEBRA II B,JASON BLAESING,10,2027,A,3.89 pts,1.14,,89,,Yes
26,3/11/25,2,S2,BUS302 / 22,PERSONAL FINANCE B,NICOLE SIMEK,12,2025,,0.32 pts,6.43,,426,,Yes
26,3/11/25,3,S2,BUS302 / 23,PERSONAL FINANCE B,NICOLE SIMEK,12,2025,A,3.76 pts,2.14,,90,,Yes
26,3/11/25,5,S2,BUS302 / 25,PERSONAL FINANCE B,NICOLE SIMEK,12,2025,A,3.99 pts,9,,478,,Yes
26,3/11/25,3,S2,SCI602 / 23,BIOLOGY B,GRANT MERRILL,10,2027,F,0.03 pts,16.43,,92,,Yes
26,3/11/25,2,S2,BUS302 / 22,PERSONAL FINANCE B,NICOLE SIMEK,12,2025,A,3.99 pts,4,,93,,Yes
26,3/11/25,2,S2,ENG602 / 22,SOPH ENG/B,KELLY GREGERSEN,10,2027,F,0.25 pts,0,,94,,Yes
26,3/11/25,3,S2,BUS302 / 23,PERSONAL FINANCE B,NICOLE SIMEK,11,2026,B+,3.22 pts,0,,479,,Yes
26,3/11/25,1,S2,ENG504 / 21,PRE-AP FRESHMAN ENGLISH/B,ANGELINA MERRILL,9,2028,A,3.99 pts,0,,480,,Yes
26,3/11/25,3,S2,BUS302 / 23,PERSONAL FINANCE B,NICOLE SIMEK,12,2025,A,3.95 pts,1.29,,481,,Yes
26,3/11/25,2,S2,BUS302 / 22,PERSONAL FINANCE B,NICOLE SIMEK,12,2025,B+,3.23 pts,0.29,,96,,Yes
26,3/11/25,2,S2,BUS302 / 22,PERSONAL FINANCE B,NICOLE SIMEK,12,2025,A,3.74 pts,3.86,,97,,Yes
26,3/11/25,6,S2,ENG502 / 26,FR ENGLISH/B,DAVID HOLLINGSWORTH,9,2028,B+,3.31 pts,5.57,,98,,Yes
26,3/11/25,3,S2,SCI602 / 23,BIOLOGY B,GRANT MERRILL,10,2027,D+,1.99 pts,0,,99,,Yes
26,3/11/25,2,S2,SCI610 / 22,CHEMISTRY/B,GRANT MERRILL,11,2026,A,3.94 pts,0,,100,,Yes
26,3/11/25,2,S2,SCI610 / 22,CHEMISTRY/B,GRANT MERRILL,11,2026,C,2.34 pts,0.29,,101,,Yes
26,3/11/25,3,S2,SCI602 / 23,BIOLOGY B,GRANT MERRILL,10,2027,B,3.01 pts,0.57,,482,,Yes
26,3/11/25,1,S2,MAT523 / 21,GEOMETRY B,ROCHELLE AITON,10,2027,A-,3.53 pts,0,,102,,Yes
26,3/11/25,2,S2,ENG602 / 22,SOPH ENG/B,KELLY GREGERSEN,10,2027,A,4.00 pts,0,,102,,Yes
26,3/11/25,3,S2,SCI602 / 23,BIOLOGY B,GRANT MERRILL,10,2027,B,2.95 pts,0,,102,,Yes
26,3/11/25,3,S2,MAT702 / 23,ALGEBRA II B,JENNIFER REILLY,11,2026,B+,3.33 pts,0.67,,103,,Yes
26,3/11/25,2,S2,BUS302 / 22,PERSONAL FINANCE B,NICOLE SIMEK,12,2025,F,1.01 pts,10.86,,104,,Yes
26,3/11/25,1,S2,SCI504 / 21,PHYSICAL SCIENCE B,JAMES BENNETT,12,2025,C-,2.13 pts,0.57,,105,,Yes
26,3/11/25,2,S2,BUS302 / 22,PERSONAL FINANCE B,NICOLE SIMEK,12,2025,C,2.48 pts,0,,105,,Yes
26,3/11/25,6,S2,MAT702 / 26,ALGEBRA II B,JASON BLAESING,11,2026,F,1.64 pts,2.14,,107,,Yes
26,3/11/25,5,S2,ENG602 / 25,SOPH ENG/B,MARCEE SALAS,10,2027,C-,2.00 pts,0,,108,,Yes
26,3/11/25,5,S2,ENG602 / 25,SOPH ENG/B,MARCEE SALAS,10,2027,F,0.94 pts,1,,110,,Yes
26,3/11/25,6,S2,SCI602 / 26,BIOLOGY B,GRANT MERRILL,10,2027,F,0.95 pts,1.29,,110,,Yes
26,3/11/25,4,S2,SCI602 / 24,BIOLOGY B,GRANT MERRILL,10,2027,C-,2.01 pts,0,,428,,Yes
26,3/11/25,6,S2,ENG502 / 26,FR ENGLISH/B,DAVID HOLLINGSWORTH,9,2028,A,3.65 pts,0,,111,,Yes
26,3/11/25,6,S2,MAT702 / 26,ALGEBRA II B,JASON BLAESING,11,2026,A-,3.52 pts,0,,112,,Yes
26,3/11/25,2,S2,MAT702 / 22,ALGEBRA II B,JASON BLAESING,11,2026,C-,2.06 pts,4,,113,,Yes
26,3/11/25,2,S2,SCI610 / 22,CHEMISTRY/B,GRANT MERRILL,11,2026,C+,2.67 pts,0,,114,,Yes
26,3/11/25,3,S2,SCI602 / 23,BIOLOGY B,GRANT MERRILL,10,2027,B-,2.86 pts,8.43,,429,,Yes
26,3/11/25,1,S2,MAT523 / 21,GEOMETRY B,ROCHELLE AITON,10,2027,F,1.05 pts,4.57,,116,,Yes
26,3/11/25,2,S2,ENG602 / 22,SOPH ENG/B,KELLY GREGERSEN,10,2027,A,3.69 pts,4,,116,,Yes
26,3/11/25,2,S2,ENG602 / 22,SOPH ENG/B,KELLY GREGERSEN,10,2027,B,3.07 pts,1.71,,117,,Yes
26,3/11/25,3,S2,MAT523 / 23,GEOMETRY B,ROCHELLE AITON,10,2027,F,0.00 pts,5.43,,117,,Yes
26,3/11/25,6,S2,SCI602 / 26,BIOLOGY B,GRANT MERRILL,10,2027,F,0.04 pts,6.71,,117,,Yes
26,3/11/25,3,S2,MAT523 / 23,GEOMETRY B,ROCHELLE AITON,10,2027,A,3.98 pts,0,,118,,Yes
26,3/11/25,1,S2,ENG504 / 21,PRE-AP FRESHMAN ENGLISH/B,ANGELINA MERRILL,9,2028,A,3.99 pts,2,,483,,Yes
26,3/11/25,6,S2,MAT702 / 26,ALGEBRA II B,JASON BLAESING,11,2026,A,4.00 pts,2,,119,,Yes
26,3/11/25,5,S2,MAT523 / 25,GEOMETRY B,BRIAN ANDERSON,10,2027,F,1.22 pts,5.71,,120,,Yes
26,3/11/25,2,S2,MAT702 / 22,ALGEBRA II B,JASON BLAESING,11,2026,F,0.93 pts,8.48,,121,,Yes
26,3/11/25,1,S2,MAT523 / 21,GEOMETRY B,ROCHELLE AITON,10,2027,F,1.45 pts,0.57,,122,,Yes
26,3/11/25,2,S2,ENG602 / 22,SOPH ENG/B,KELLY GREGERSEN,10,2027,F,0.73 pts,0,,122,,Yes
25,3/4/25,4,S2,MAT702 / 24,ALGEBRA II B,JENNIFER REILLY,11,2026,A,3.73 pts,0,,513,,Yes
26,3/11/25,3,S2,SCI602 / 23,BIOLOGY B,GRANT MERRILL,10,2027,B,3.00 pts,0,,126,,Yes
26,3/11/25,5,S2,MAT523 / 25,GEOMETRY B,BRIAN ANDERSON,10,2027,C,2.30 pts,0,,126,,Yes
26,3/11/25,5,S2,MAT702 / 45,ALGEBRA II B,JENNIFER REILLY,10,2027,F,0.11 pts,9,,485,,Yes
26,3/11/25,6,S2,SCI602 / 26,BIOLOGY B,GRANT MERRILL,10,2027,B,2.96 pts,0,,125,,Yes
26,3/11/25,6,S2,MAT702 / 26,ALGEBRA II B,JASON BLAESING,11,2026,A-,3.54 pts,1.67,,127,,Yes
26,3/11/25,3,S2,MAT702 / 23,ALGEBRA II B,JENNIFER REILLY,11,2026,A-,3.40 pts,1.43,,128,,Yes
26,3/11/25,4,S2,MAT702 / 24,ALGEBRA II B,JENNIFER REILLY,11,2026,B-,2.86 pts,0,,513,,Yes
26,3/11/25,5,S2,ENG602 / 25,SOPH ENG/B,MARCEE SALAS,10,2027,A,3.60 pts,2,,130,,Yes
26,3/11/25,5,S2,BUS302 / 25,PERSONAL FINANCE B,NICOLE SIMEK,11,2026,A,3.65 pts,0,,486,,Yes
26,3/11/25,1,S2,MAT523 / 21,GEOMETRY B,ROCHELLE AITON,10,2027,B+,3.38 pts,2,,487,,Yes
26,3/11/25,4,S2,SCI602 / 24,BIOLOGY B,GRANT MERRILL,10,2027,B,2.94 pts,2.14,,487,,Yes
26,3/11/25,3,S2,MAT523 / 23,GEOMETRY B,ROCHELLE AITON,9,2028,C,2.38 pts,0,,488,,Yes
26,3/11/25,2,S2,ENG602 / 22,SOPH ENG/B,KELLY GREGERSEN,10,2027,F,0.97 pts,0,,132,,Yes
26,3/11/25,3,S2,MAT523 / 23,GEOMETRY B,ROCHELLE AITON,10,2027,F,0.95 pts,0,,132,,Yes
26,3/11/25,4,S2,SCI602 / 24,BIOLOGY B,GRANT MERRILL,10,2027,A,3.96 pts,1.29,,431,,Yes
26,3/11/25,3,S2,MAT702 / 23,ALGEBRA II B,JENNIFER REILLY,10,2027,A,3.80 pts,3.86,,432,,Yes
26,3/11/25,4,S2,SCI602 / 24,BIOLOGY B,GRANT MERRILL,10,2027,A,3.93 pts,4.71,,432,,Yes
26,3/11/25,6,S2,SCI602 / 46,BIOLOGY B,WILLIAM BAUR,10,2027,B,2.90 pts,3,,133,,Yes
26,3/11/25,6,S2,SOC702 / 26,US HISTORY/B,SCOTT BOOTHBY,11,2026,C+,2.69 pts,3.71,,134,,Yes
26,3/11/25,2,S2,BUS302 / 22,PERSONAL FINANCE B,NICOLE SIMEK,12,2025,D+,1.94 pts,2,,135,,Yes
26,3/11/25,6,S2,SCI602 / 26,BIOLOGY B,GRANT MERRILL,10,2027,B,2.91 pts,0.14,,136,,Yes
26,3/11/25,3,S2,MAT523 / 23,GEOMETRY B,ROCHELLE AITON,10,2027,A-,3.53 pts,0,,137,,Yes
26,3/11/25,4,S2,SCI602 / 24,BIOLOGY B,GRANT MERRILL,10,2027,C-,2.05 pts,0.29,,137,,Yes
26,3/11/25,1,S2,ENG504 / 21,PRE-AP FRESHMAN ENGLISH/B,ANGELINA MERRILL,9,2028,B,2.96 pts,2.14,,489,,Yes
26,3/11/25,2,S2,ENG602 / 22,SOPH ENG/B,KELLY GREGERSEN,10,2027,B+,3.26 pts,5.29,,433,,Yes
26,3/11/25,3,S2,SCI602 / 23,BIOLOGY B,GRANT MERRILL,10,2027,F,0.01 pts,5.71,,433,,Yes
26,3/11/25,5,S2,MAT523 / 25,GEOMETRY B,BRIAN ANDERSON,10,2027,F,1.51 pts,4,,433,,Yes
26,3/11/25,6,S2,SCI602 / 46,BIOLOGY B,WILLIAM BAUR,10,2027,A-,3.48 pts,0,,490,,Yes
26,3/11/25,5,S2,ENG602 / 25,SOPH ENG/B,MARCEE SALAS,10,2027,C-,2.02 pts,0.57,,139,,Yes
27,3/18/25,4,S2,MAT702 / 24,ALGEBRA II B,JENNIFER REILLY,11,2026,C+,2.59 pts,0.71,,513,,Yes
26,3/11/25,1,S2,ENG504 / 21,PRE-AP FRESHMAN ENGLISH/B,ANGELINA MERRILL,9,2028,B+,3.24 pts,5,,434,,Yes
26,3/11/25,2,S2,MAT523 / 22,GEOMETRY B,ROCHELLE AITON,9,2028,B,2.95 pts,5,,434,,Yes
26,3/11/25,2,S2,ENG602 / 22,SOPH ENG/B,KELLY GREGERSEN,10,2027,F,0.85 pts,8.86,,143,,Yes
26,3/11/25,4,S2,MAT523 / 24,GEOMETRY B,ROCHELLE AITON,10,2027,F,0.98 pts,9.14,,143,,Yes
26,3/11/25,5,S2,MAT523 / 25,GEOMETRY B,BRIAN ANDERSON,10,2027,B-,2.86 pts,2.29,,144,,Yes
26,3/11/25,6,S2,SCI602 / 26,BIOLOGY B,GRANT MERRILL,10,2027,B,2.91 pts,2.29,,144,,Yes
26,3/11/25,6,S2,MAT702 / 26,ALGEBRA II B,JASON BLAESING,11,2026,B,2.95 pts,4.71,,145,,Yes
26,3/11/25,4,S2,MAT523 / 24,GEOMETRY B,ROCHELLE AITON,10,2027,A,3.98 pts,1,,146,,Yes
26,3/11/25,6,S2,SCI602 / 26,BIOLOGY B,GRANT MERRILL,10,2027,A,3.89 pts,1.14,,146,,Yes
26,3/11/25,3,S2,BUS302 / 23,PERSONAL FINANCE B,NICOLE SIMEK,11,2026,F,0.54 pts,0.43,,435,,Yes
26,3/11/25,3,S2,MAT702 / 23,ALGEBRA II B,JENNIFER REILLY,11,2026,B-,2.81 pts,2.86,,492,,Yes
26,3/11/25,6,S2,SOC702 / 26,US HISTORY/B,SCOTT BOOTHBY,11,2026,B-,2.70 pts,5.86,,147,,Yes
26,3/11/25,6,S2,MAT702 / 26,ALGEBRA II B,JASON BLAESING,11,2026,A-,3.54 pts,2,,148,,Yes
26,3/11/25,3,S2,MAT702 / 23,ALGEBRA II B,JENNIFER REILLY,12,2025,A-,3.49 pts,1,,149,,Yes
26,3/11/25,1,S2,SCI504 / 21,PHYSICAL SCIENCE B,JAMES BENNETT,9,2028,A,4.00 pts,3.14,,493,,Yes
26,3/11/25,5,S2,MAT702 / 45,ALGEBRA II B,JENNIFER REILLY,11,2026,A-,3.44 pts,0.43,,494,,Yes
26,3/11/25,2,S2,SCI610 / 22,CHEMISTRY/B,GRANT MERRILL,11,2026,D,1.67 pts,2.71,,150,,Yes
26,3/11/25,3,S2,MAT702 / 23,ALGEBRA II B,JENNIFER REILLY,11,2026,A-,3.40 pts,2.43,,150,,Yes
26,3/11/25,5,S2,BUS302 / 25,PERSONAL FINANCE B,NICOLE SIMEK,12,2025,A-,3.40 pts,0,,495,,Yes
26,3/11/25,1,S2,ENG504 / 21,PRE-AP FRESHMAN ENGLISH/B,ANGELINA MERRILL,9,2028,A,3.75 pts,0.14,,496,,Yes
26,3/11/25,2,S2,MAT702 / 22,ALGEBRA II B,JASON BLAESING,11,2026,F,1.44 pts,0.57,,152,,Yes
26,3/11/25,1,S2,SCI504 / 21,PHYSICAL SCIENCE B,JAMES BENNETT,9,2028,C-,2.19 pts,4,,497,,Yes
26,3/11/25,1,S2,ENG504 / 21,PRE-AP FRESHMAN ENGLISH/B,ANGELINA MERRILL,9,2028,,3.00 pts,0,,497,,Yes
26,3/11/25,3,S2,MAT702 / 23,ALGEBRA II B,JENNIFER REILLY,10,2027,A,3.67 pts,1.86,,153,,Yes
26,3/11/25,2,S2,MAT523 / 22,GEOMETRY B,ROCHELLE AITON,10,2027,A,3.90 pts,2,,155,,Yes
26,3/11/25,3,S2,SCI602 / 23,BIOLOGY B,GRANT MERRILL,10,2027,C-,2.04 pts,2,,155,,Yes
26,3/11/25,1,S2,ENG504 / 21,PRE-AP FRESHMAN ENGLISH/B,ANGELINA MERRILL,9,2028,B,3.02 pts,2,,154,,Yes
26,3/11/25,5,S2,MAT523 / 25,GEOMETRY B,BRIAN ANDERSON,9,2028,B,2.95 pts,2,,154,,Yes
26,3/11/25,2,S2,MAT702 / 22,ALGEBRA II B,JASON BLAESING,11,2026,B,3.05 pts,0,,498,,Yes
26,3/11/25,5,S2,BUS302 / 25,PERSONAL FINANCE B,NICOLE SIMEK,12,2025,C+,2.62 pts,1.29,,156,,Yes
26,3/11/25,2,S2,SCI610 / 22,CHEMISTRY/B,GRANT MERRILL,11,2026,C,2.29 pts,3,,158,,Yes
26,3/11/25,5,S2,MAT523 / 25,GEOMETRY B,BRIAN ANDERSON,10,2027,C,2.34 pts,0,,499,,Yes
26,3/11/25,5,S2,MAT523 / 25,GEOMETRY B,BRIAN ANDERSON,10,2027,F,0.96 pts,4.14,,159,,Yes
26,3/11/25,6,S2,SCI602 / 46,BIOLOGY B,WILLIAM BAUR,10,2027,F,1.60 pts,3.86,,159,,Yes
26,3/11/25,6,S2,MAT702 / 26,ALGEBRA II B,JASON BLAESING,11,2026,B,3.07 pts,3.5,,161,,Yes
26,3/11/25,2,S2,BUS302 / 22,PERSONAL FINANCE B,NICOLE SIMEK,12,2025,W,0.00 pts,4,,500,,Yes
26,3/11/25,4,S2,SCI602 / 24,BIOLOGY B,GRANT MERRILL,12,2025,W,,4.4,,500,,Yes
26,3/11/25,2,S2,ENG602 / 22,SOPH ENG/B,KELLY GREGERSEN,10,2027,D,1.66 pts,0.14,,162,,Yes
26,3/11/25,4,S2,MAT523 / 24,GEOMETRY B,ROCHELLE AITON,10,2027,A,3.88 pts,0,,162,,Yes
26,3/11/25,6,S2,SCI602 / 46,BIOLOGY B,WILLIAM BAUR,10,2027,F,1.60 pts,0.14,,162,,Yes
26,3/11/25,1,S2,SCI504 / 21,PHYSICAL SCIENCE B,JAMES BENNETT,11,2026,F,0.00 pts,15.43,,164,,Yes
26,3/11/25,5,S2,MAT702 / 45,ALGEBRA II B,JENNIFER REILLY,11,2026,F,0.00 pts,15.57,,164,,Yes
26,3/11/25,6,S2,SCI602 / 46,BIOLOGY B,WILLIAM BAUR,10,2027,D+,1.98 pts,1,,165,,Yes
26,3/11/25,2,S2,MAT523 / 22,GEOMETRY B,ROCHELLE AITON,9,2028,A,3.98 pts,4,,166,,Yes
26,3/11/25,6,S2,ENG502 / 26,FR ENGLISH/B,DAVID HOLLINGSWORTH,9,2028,A,3.69 pts,4.43,,166,,Yes
26,3/11/25,6,S2,SCI602 / 46,BIOLOGY B,WILLIAM BAUR,10,2027,B,2.93 pts,11.71,,462,,Yes
26,3/11/25,2,S2,MAT702 / 22,ALGEBRA II B,JASON BLAESING,11,2026,C,2.45 pts,4,,167,,Yes
26,3/11/25,6,S2,SOC702 / 26,US HISTORY/B,SCOTT BOOTHBY,11,2026,D+,1.86 pts,3.71,,167,,Yes
26,3/11/25,2,S2,MAT523 / 22,GEOMETRY B,ROCHELLE AITON,10,2027,C,2.38 pts,5.71,,168,,Yes
26,3/11/25,6,S2,SCI602 / 26,BIOLOGY B,GRANT MERRILL,10,2027,D+,1.96 pts,3,,169,,Yes
26,3/11/25,1,S2,SCI504 / 21,PHYSICAL SCIENCE B,JAMES BENNETT,9,2028,D+,1.97 pts,7.14,,464,,Yes
26,3/11/25,6,S2,ENG502 / 26,FR ENGLISH/B,DAVID HOLLINGSWORTH,9,2028,F,0.04 pts,7,,464,,Yes
26,3/11/25,6,S2,ENG502 / 26,FR ENGLISH/B,DAVID HOLLINGSWORTH,9,2028,C-,2.10 pts,1.86,,501,,Yes
26,3/11/25,4,S2,MAT523 / 24,GEOMETRY B,ROCHELLE AITON,10,2027,F,1.45 pts,2,,170,,Yes
26,3/11/25,5,S2,ENG602 / 25,SOPH ENG/B,MARCEE SALAS,10,2027,F,1.38 pts,2,,170,,Yes
26,3/11/25,6,S2,SCI602 / 46,BIOLOGY B,WILLIAM BAUR,10,2027,F,0.98 pts,2,,170,,Yes
26,3/11/25,4,S2,MAT523 / 24,GEOMETRY B,ROCHELLE AITON,10,2027,B-,2.88 pts,1.86,,171,,Yes
26,3/11/25,6,S2,SCI602 / 46,BIOLOGY B,WILLIAM BAUR,10,2027,C,2.40 pts,2.86,,171,,Yes
26,3/11/25,3,S2,MAT702 / 23,ALGEBRA II B,JENNIFER REILLY,11,2026,A,3.95 pts,0.67,,172,,Yes
26,3/11/25,1,S2,SCI504 / 21,PHYSICAL SCIENCE B,JAMES BENNETT,9,2028,D+,1.97 pts,0.43,,502,,Yes
26,3/11/25,2,S2,MAT523 / 22,GEOMETRY B,ROCHELLE AITON,10,2027,B,3.03 pts,0,,173,,Yes
26,3/11/25,6,S2,SCI602 / 46,BIOLOGY B,WILLIAM BAUR,10,2027,A-,3.40 pts,0,,173,,Yes
26,3/11/25,6,S2,SCI602 / 46,BIOLOGY B,WILLIAM BAUR,10,2027,A-,3.48 pts,1.29,,174,,Yes
26,3/11/25,3,S2,BUS302 / 23,PERSONAL FINANCE B,NICOLE SIMEK,12,2025,A,4.00 pts,2.86,,176,,Yes
28,3/25/25,4,S2,MAT702 / 24,ALGEBRA II B,JENNIFER REILLY,11,2026,C,2.42 pts,0.71,,513,,Yes
26,3/11/25,2,S2,MAT523 / 22,GEOMETRY B,ROCHELLE AITON,10,2027,D+,1.93 pts,3.14,,437,,Yes
26,3/11/25,4,S2,SCI602 / 24,BIOLOGY B,GRANT MERRILL,10,2027,B,2.94 pts,3.43,,437,,Yes
26,3/11/25,6,S2,SCI602 / 46,BIOLOGY B,WILLIAM BAUR,12,2025,C-,2.00 pts,4.5,,178,,Yes
26,3/11/25,6,S2,SCI602 / 26,BIOLOGY B,GRANT MERRILL,12,2025,,0.00 pts,5,,178,,Yes
26,3/11/25,4,S2,MAT523 / 24,GEOMETRY B,ROCHELLE AITON,10,2027,B,2.98 pts,0,,179,,Yes
26,3/11/25,5,S2,BUS302 / 25,PERSONAL FINANCE B,NICOLE SIMEK,12,2025,C+,2.63 pts,6.57,,503,,Yes
26,3/11/25,1,S2,SCI504 / 21,PHYSICAL SCIENCE B,JAMES BENNETT,11,2026,F,0.06 pts,12.29,,438,,Yes
26,3/11/25,3,S2,MAT702 / 23,ALGEBRA II B,JENNIFER REILLY,11,2026,C,2.26 pts,9.86,,438,,Yes
26,3/11/25,6,S2,ENG502 / 26,FR ENGLISH/B,DAVID HOLLINGSWORTH,9,2028,C+,2.61 pts,0.86,,181,,Yes
26,3/11/25,5,S2,MAT702 / 45,ALGEBRA II B,JENNIFER REILLY,11,2026,C+,2.56 pts,0,,504,,Yes
26,3/11/25,2,S2,MAT523 / 22,GEOMETRY B,ROCHELLE AITON,10,2027,A-,3.48 pts,2,,184,,Yes
26,3/11/25,4,S2,SCI602 / 24,BIOLOGY B,GRANT MERRILL,10,2027,C-,2.03 pts,2,,184,,Yes
26,3/11/25,2,S2,BUS302 / 22,PERSONAL FINANCE B,NICOLE SIMEK,11,2026,A,3.86 pts,3,,185,,Yes
26,3/11/25,5,S2,BUS302 / 25,PERSONAL FINANCE B,NICOLE SIMEK,12,2025,B-,2.76 pts,5.29,,505,,Yes
26,3/11/25,5,S2,MAT702 / 45,ALGEBRA II B,JENNIFER REILLY,10,2027,A,3.98 pts,3,,186,,Yes
26,3/11/25,6,S2,SCI602 / 46,BIOLOGY B,WILLIAM BAUR,10,2027,C+,2.58 pts,3.14,,186,,Yes
26,3/11/25,6,S2,SOC702 / 26,US HISTORY/B,SCOTT BOOTHBY,11,2026,B,2.93 pts,2,,187,,Yes
26,3/11/25,6,S2,SCI602 / 46,BIOLOGY B,WILLIAM BAUR,12,2025,F,1.15 pts,3,,188,,Yes
26,3/11/25,6,S2,ENG502 / 26,FR ENGLISH/B,DAVID HOLLINGSWORTH,9,2028,B,3.08 pts,0,,189,,Yes
26,3/11/25,3,S2,MAT702 / 23,ALGEBRA II B,JENNIFER REILLY,11,2026,B-,2.85 pts,3.71,,439,,Yes
26,3/11/25,1,S2,MAT523 / 21,GEOMETRY B,ROCHELLE AITON,10,2027,C+,2.58 pts,2.71,,190,,Yes
26,3/11/25,6,S2,SCI602 / 26,BIOLOGY B,GRANT MERRILL,10,2027,B,2.93 pts,2.57,,190,,Yes
26,3/11/25,3,S2,MAT702 / 23,ALGEBRA II B,JENNIFER REILLY,11,2026,A,3.79 pts,7.33,,191,,Yes
26,3/11/25,1,S2,MAT523 / 21,GEOMETRY B,ROCHELLE AITON,9,2028,A,4.00 pts,0,,192,,Yes
26,3/11/25,1,S2,SCI504 / 21,PHYSICAL SCIENCE B,JAMES BENNETT,9,2028,F,0.03 pts,15.14,,506,,Yes
26,3/11/25,6,S2,ENG502 / 26,FR ENGLISH/B,DAVID HOLLINGSWORTH,9,2028,F,0.03 pts,14.15,,506,,Yes
26,3/11/25,1,S2,MAT523 / 21,GEOMETRY B,ROCHELLE AITON,10,2027,C-,2.00 pts,0.14,,193,,Yes
26,3/11/25,5,S2,ENG602 / 25,SOPH ENG/B,MARCEE SALAS,10,2027,B-,2.87 pts,0.57,,193,,Yes
26,3/11/25,5,S2,MAT523 / 25,GEOMETRY B,BRIAN ANDERSON,10,2027,F,0.96 pts,6.48,,194,,Yes
26,3/11/25,3,S2,BUS302 / 23,PERSONAL FINANCE B,NICOLE SIMEK,12,2025,F,0.01 pts,5.86,,195,,Yes
29,4/8/25,4,S2,MAT702 / 24,ALGEBRA II B,JENNIFER REILLY,11,2026,B+,3.29 pts,0.71,,513,,Yes
26,3/11/25,6,S2,ENG502 / 26,FR ENGLISH/B,DAVID HOLLINGSWORTH,9,2028,B,2.93 pts,1,,196,,Yes
26,3/11/25,1,S2,MAT523 / 21,GEOMETRY B,ROCHELLE AITON,10,2027,D+,1.95 pts,3.29,,198,,Yes
26,3/11/25,4,S2,SCI602 / 24,BIOLOGY B,GRANT MERRILL,10,2027,C-,2.00 pts,3.29,,198,,Yes
26,3/11/25,5,S2,MAT523 / 25,GEOMETRY B,BRIAN ANDERSON,10,2027,B,2.93 pts,0,,199,,Yes
26,3/11/25,5,S2,BUS302 / 25,PERSONAL FINANCE B,NICOLE SIMEK,12,2025,A,3.89 pts,0,,200,,Yes
30,4/15/25,4,S2,MAT702 / 24,ALGEBRA II B,JENNIFER REILLY,11,2026,B+,3.27 pts,1.71,,513,,Yes
26,3/11/25,3,S2,MAT702 / 23,ALGEBRA II B,JENNIFER REILLY,10,2027,A,3.91 pts,1.57,,509,,Yes
26,3/11/25,4,S2,MAT523 / 24,GEOMETRY B,ROCHELLE AITON,10,2027,A,4.00 pts,0,,440,,Yes
26,3/11/25,1,S2,SCI504 / 21,PHYSICAL SCIENCE B,JAMES BENNETT,12,2025,F,1.64 pts,11.86,,201,,Yes
26,3/11/25,2,S2,BUS302 / 22,PERSONAL FINANCE B,NICOLE SIMEK,12,2025,F,1.29 pts,10.86,,201,,Yes
26,3/11/25,6,S2,MAT702 / 26,ALGEBRA II B,JASON BLAESING,11,2026,F,0.53 pts,5.86,,510,,Yes
26,3/11/25,1,S2,MAT523 / 21,GEOMETRY B,ROCHELLE AITON,10,2027,F,1.50 pts,0.29,,202,,Yes
26,3/11/25,6,S2,SCI602 / 26,BIOLOGY B,GRANT MERRILL,10,2027,B,2.96 pts,0,,202,,Yes
26,3/11/25,5,S2,MAT523 / 25,GEOMETRY B,BRIAN ANDERSON,10,2027,A,3.62 pts,0.71,,204,,Yes
26,3/11/25,6,S2,SCI602 / 26,BIOLOGY B,GRANT MERRILL,10,2027,B,3.00 pts,0,,204,,Yes
26,3/11/25,5,S2,BUS302 / 25,PERSONAL FINANCE B,NICOLE SIMEK,12,2025,A,3.62 pts,4.67,,511,,Yes
26,3/11/25,3,S2,MAT523 / 23,GEOMETRY B,ROCHELLE AITON,10,2027,B+,3.38 pts,2.14,,205,,Yes
26,3/11/25,2,S2,MAT523 / 22,GEOMETRY B,ROCHELLE AITON,10,2027,A,4.00 pts,0,,206,,Yes
26,3/11/25,6,S2,SCI602 / 46,BIOLOGY B,WILLIAM BAUR,10,2027,A-,3.53 pts,0,,206,,Yes
26,3/11/25,1,S2,ENG504 / 21,PRE-AP FRESHMAN ENGLISH/B,ANGELINA MERRILL,9,2028,F,1.52 pts,8,,512,,Yes
26,3/11/25,5,S2,MAT702 / 45,ALGEBRA II B,JENNIFER REILLY,11,2026,B-,2.74 pts,7.86,,207,,Yes
26,3/11/25,3,S2,MAT702 / 23,ALGEBRA II B,JENNIFER REILLY,11,2026,A-,3.40 pts,1.86,,208,,Yes
21,2/4/25,4,S2,MAT702 / 24,ALGEBRA II B,JENNIFER REILLY,11,2026,A,3.61 pts,3.67,,518,,Yes
26,3/11/25,3,S2,BUS302 / 23,PERSONAL FINANCE B,NICOLE SIMEK,11,2026,F,0.11 pts,2.14,,209,,Yes
26,3/11/25,6,S2,SOC702 / 26,US HISTORY/B,SCOTT BOOTHBY,11,2026,,1.86 pts,2,,209,,Yes
26,3/11/25,5,S2,BUS302 / 25,PERSONAL FINANCE B,NICOLE SIMEK,12,2025,B,3.18 pts,7.71,,514,,Yes
26,3/11/25,6,S2,SOC702 / 26,US HISTORY/B,SCOTT BOOTHBY,11,2026,B-,2.78 pts,4,,210,,Yes
26,3/11/25,2,S2,MAT702 / 22,ALGEBRA II B,JASON BLAESING,10,2027,,0.00 pts,0,,515,,Yes
26,3/11/25,3,S2,MAT523 / 23,GEOMETRY B,ROCHELLE AITON,10,2027,A,3.98 pts,1.43,,516,,Yes
26,3/11/25,5,S2,BUS302 / 25,PERSONAL FINANCE B,NICOLE SIMEK,12,2025,W,3.91 pts,2.43,,517,,Yes
26,3/11/25,3,S2,MAT523 / 23,GEOMETRY B,ROCHELLE AITON,9,2028,B-,2.85 pts,3,,211,,Yes
22,2/11/25,4,S2,MAT702 / 24,ALGEBRA II B,JENNIFER REILLY,11,2026,,,1,,518,,Yes
26,3/11/25,1,S2,MAT523 / 21,GEOMETRY B,ROCHELLE AITON,10,2027,D+,1.93 pts,0,,469,,Yes
26,3/11/25,1,S2,SCI504 / 21,PHYSICAL SCIENCE B,JAMES BENNETT,9,2028,F,1.29 pts,0,,212,,Yes
26,3/11/25,6,S2,ENG502 / 26,FR ENGLISH/B,DAVID HOLLINGSWORTH,9,2028,B,2.98 pts,1.29,,212,,Yes
26,3/11/25,5,S2,BUS302 / 25,PERSONAL FINANCE B,NICOLE SIMEK,12,2025,A,3.98 pts,0,,213,,Yes
26,3/11/25,5,S2,BUS302 / 25,PERSONAL FINANCE B,NICOLE SIMEK,12,2025,A-,3.48 pts,2,,519,,Yes
26,3/11/25,6,S2,MAT702 / 26,ALGEBRA II B,JASON BLAESING,10,2027,A,4.00 pts,1,,520,,Yes
26,3/11/25,5,S2,MAT523 / 25,GEOMETRY B,BRIAN ANDERSON,10,2027,F,1.63 pts,2,,521,,Yes
26,3/11/25,5,S2,MAT523 / 25,GEOMETRY B,BRIAN ANDERSON,9,2028,A,4.00 pts,0,,522,,Yes
26,3/11/25,3,S2,BUS302 / 23,PERSONAL FINANCE B,NICOLE SIMEK,11,2026,B+,3.32 pts,0,,523,,Yes
26,3/11/25,2,S2,MAT523 / 22,GEOMETRY B,ROCHELLE AITON,10,2027,A-,3.50 pts,0,,524,,Yes
26,3/11/25,4,S2,MAT523 / 24,GEOMETRY B,ROCHELLE AITON,11,2026,F,0.95 pts,3.57,,214,,Yes
26,3/11/25,1,S2,MAT523 / 21,GEOMETRY B,ROCHELLE AITON,10,2027,C-,2.00 pts,5.57,,215,,Yes
26,3/11/25,6,S2,SCI602 / 26,BIOLOGY B,GRANT MERRILL,10,2027,B,2.94 pts,5,,215,,Yes
26,3/11/25,3,S2,SCI602 / 23,BIOLOGY B,GRANT MERRILL,10,2027,F,0.06 pts,10,,220,,Yes
26,3/11/25,2,S2,BUS302 / 22,PERSONAL FINANCE B,NICOLE SIMEK,12,2025,F,1.24 pts,3.71,,216,,Yes
26,3/11/25,1,S2,ENG504 / 21,PRE-AP FRESHMAN ENGLISH/B,ANGELINA MERRILL,9,2028,,3.01 pts,0.83,,219,,Yes
26,3/11/25,2,S2,MAT523 / 22,GEOMETRY B,ROCHELLE AITON,9,2028,,0.15 pts,0.83,,219,,Yes
26,3/11/25,3,S2,MAT523 / 23,GEOMETRY B,ROCHELLE AITON,9,2028,A,3.90 pts,3,,219,,Yes
26,3/11/25,1,S2,SCI504 / 21,PHYSICAL SCIENCE B,JAMES BENNETT,11,2026,C-,2.16 pts,9,,218,,Yes
23,2/18/25,4,S2,MAT702 / 24,ALGEBRA II B,JENNIFER REILLY,11,2026,,,2,,518,,Yes
26,3/11/25,6,S2,SOC702 / 26,US HISTORY/B,SCOTT BOOTHBY,11,2026,B,3.04 pts,8.71,,218,,Yes
26,3/11/25,6,S2,ENG502 / 26,FR ENGLISH/B,DAVID HOLLINGSWORTH,9,2028,B+,3.32 pts,2.86,,217,,Yes
26,3/11/25,6,S2,SOC702 / 26,US HISTORY/B,SCOTT BOOTHBY,11,2026,A,3.90 pts,5.67,,224,,Yes
26,3/11/25,2,S2,MAT702 / 22,ALGEBRA II B,JASON BLAESING,11,2026,A-,3.44 pts,0,,222,,Yes
26,3/11/25,4,S2,MAT523 / 24,GEOMETRY B,ROCHELLE AITON,10,2027,B,2.93 pts,5,,221,,Yes
26,3/11/25,5,S2,ENG602 / 25,SOPH ENG/B,MARCEE SALAS,10,2027,F,1.46 pts,5,,221,,Yes
26,3/11/25,5,S2,MAT702 / 45,ALGEBRA II B,JENNIFER REILLY,10,2027,A,3.91 pts,1,,525,,Yes
26,3/11/25,3,S2,BUS302 / 23,PERSONAL FINANCE B,NICOLE SIMEK,12,2025,C,2.44 pts,1,,526,,Yes
26,3/11/25,2,S2,MAT702 / 22,ALGEBRA II B,JASON BLAESING,11,2026,C-,2.00 pts,0,,225,,Yes
26,3/11/25,5,S2,BUS302 / 25,PERSONAL FINANCE B,NICOLE SIMEK,12,2025,C+,2.62 pts,3,,527,,Yes
26,3/11/25,2,S2,MAT702 / 22,ALGEBRA II B,JASON BLAESING,10,2027,A,4.00 pts,0,,226,,Yes
26,3/11/25,6,S2,SCI602 / 26,BIOLOGY B,GRANT MERRILL,10,2027,A,3.93 pts,0,,226,,Yes
26,3/11/25,2,S2,MAT523 / 22,GEOMETRY B,ROCHELLE AITON,9,2028,A-,3.50 pts,0,,228,,Yes
26,3/11/25,6,S2,ENG502 / 26,FR ENGLISH/B,DAVID HOLLINGSWORTH,9,2028,C+,2.54 pts,0.14,,229,,Yes
26,3/11/25,3,S2,MAT702 / 23,ALGEBRA II B,JENNIFER REILLY,11,2026,A,3.81 pts,2,,528,,Yes
26,3/11/25,2,S2,BUS302 / 22,PERSONAL FINANCE B,NICOLE SIMEK,11,2026,A-,3.56 pts,2,,230,,Yes
26,3/11/25,2,S2,BUS302 / 22,PERSONAL FINANCE B,NICOLE SIMEK,12,2025,B,2.98 pts,11.71,,233,,Yes
26,3/11/25,2,S2,MAT523 / 22,GEOMETRY B,ROCHELLE AITON,10,2027,B-,2.88 pts,2,,236,,Yes
26,3/11/25,3,S2,SCI602 / 23,BIOLOGY B,GRANT MERRILL,10,2027,A,3.89 pts,2,,236,,Yes
26,3/11/25,5,S2,ENG602 / 25,SOPH ENG/B,MARCEE SALAS,10,2027,C-,2.01 pts,2,,236,,Yes
26,3/11/25,2,S2,ENG602 / 22,SOPH ENG/B,KELLY GREGERSEN,10,2027,B+,3.26 pts,2,,235,,Yes
26,3/11/25,4,S2,SCI602 / 24,BIOLOGY B,GRANT MERRILL,10,2027,F,0.13 pts,2.29,,235,,Yes
26,3/11/25,2,S2,MAT702 / 22,ALGEBRA II B,JASON BLAESING,10,2027,A,4.00 pts,2.86,,237,,Yes
26,3/11/25,3,S2,SCI602 / 23,BIOLOGY B,GRANT MERRILL,10,2027,A,3.99 pts,2.86,,237,,Yes
26,3/11/25,4,S2,MAT523 / 24,GEOMETRY B,ROCHELLE AITON,10,2027,C-,2.05 pts,0,,238,,Yes
26,3/11/25,5,S2,ENG602 / 25,SOPH ENG/B,MARCEE SALAS,10,2027,C-,2.18 pts,0,,238,,Yes
26,3/11/25,6,S2,SCI602 / 46,BIOLOGY B,WILLIAM BAUR,10,2027,B,3.05 pts,0,,238,,Yes
26,3/11/25,2,S2,BUS302 / 22,PERSONAL FINANCE B,NICOLE SIMEK,12,2025,B-,2.86 pts,1,,240,,Yes
26,3/11/25,2,S2,MAT702 / 22,ALGEBRA II B,JASON BLAESING,11,2026,C+,2.53 pts,4,,241,,Yes
26,3/11/25,6,S2,ENG502 / 26,FR ENGLISH/B,DAVID HOLLINGSWORTH,9,2028,F,0.49 pts,7.29,,243,,Yes
26,3/11/25,2,S2,SCI610 / 22,CHEMISTRY/B,GRANT MERRILL,11,2026,C+,2.65 pts,6.57,,242,,Yes
26,3/11/25,3,S2,BUS302 / 23,PERSONAL FINANCE B,NICOLE SIMEK,11,2026,A,3.67 pts,6.43,,242,,Yes
26,3/11/25,5,S2,MAT523 / 25,GEOMETRY B,BRIAN ANDERSON,10,2027,B-,2.89 pts,1.29,,244,,Yes
26,3/11/25,2,S2,MAT523 / 22,GEOMETRY B,ROCHELLE AITON,10,2027,F,1.43 pts,4.43,,246,,Yes
26,3/11/25,3,S2,MAT702 / 23,ALGEBRA II B,JENNIFER REILLY,10,2027,A,3.83 pts,2.14,,247,,Yes
26,3/11/25,1,S2,MAT523 / 21,GEOMETRY B,ROCHELLE AITON,10,2027,F,1.43 pts,6.71,,248,,Yes
26,3/11/25,2,S2,ENG602 / 22,SOPH ENG/B,KELLY GREGERSEN,10,2027,F,0.29 pts,4.57,,249,,Yes
26,3/11/25,5,S2,MAT702 / 45,ALGEBRA II B,JENNIFER REILLY,11,2026,A,3.94 pts,1.29,,250,,Yes
26,3/11/25,6,S2,SOC702 / 26,US HISTORY/B,SCOTT BOOTHBY,11,2026,B+,3.35 pts,1.29,,250,,Yes
26,3/11/25,4,S2,MAT523 / 24,GEOMETRY B,ROCHELLE AITON,10,2027,D+,1.90 pts,1.43,,251,,Yes
26,3/11/25,5,S2,MAT523 / 25,GEOMETRY B,BRIAN ANDERSON,10,2027,C+,2.63 pts,3.86,,252,,Yes
26,3/11/25,6,S2,SCI602 / 26,BIOLOGY B,GRANT MERRILL,10,2027,D+,1.97 pts,4.14,,252,,Yes
26,3/11/25,3,S2,BUS302 / 23,PERSONAL FINANCE B,NICOLE SIMEK,11,2026,D,1.73 pts,1.57,,253,,Yes
26,3/11/25,6,S2,SOC702 / 26,US HISTORY/B,SCOTT BOOTHBY,11,2026,D+,1.94 pts,2.14,,253,,Yes
24,2/25/25,4,S2,MAT702 / 24,ALGEBRA II B,JENNIFER REILLY,11,2026,C-,2.14 pts,2,,518,,Yes
26,3/11/25,6,S2,SOC702 / 26,US HISTORY/B,SCOTT BOOTHBY,11,2026,B-,2.77 pts,3,,255,,Yes
26,3/11/25,6,S2,MAT702 / 26,ALGEBRA II B,JASON BLAESING,11,2026,A,4.00 pts,5,,257,,Yes
26,3/11/25,6,S2,MAT702 / 26,ALGEBRA II B,JASON BLAESING,11,2026,F,0.64 pts,4,,258,,Yes
26,3/11/25,2,S2,MAT702 / 22,ALGEBRA II B,JASON BLAESING,11,2026,A-,3.47 pts,0.29,,260,,Yes
26,3/11/25,2,S2,BUS302 / 22,PERSONAL FINANCE B,NICOLE SIMEK,12,2025,A,3.99 pts,0,,259,,Yes
26,3/11/25,2,S2,MAT702 / 22,ALGEBRA II B,JASON BLAESING,11,2026,A-,3.49 pts,2,,262,,Yes
26,3/11/25,6,S2,ENG502 / 26,FR ENGLISH/B,DAVID HOLLINGSWORTH,9,2028,F,1.17 pts,6.86,,529,,Yes
26,3/11/25,4,S2,MAT523 / 24,GEOMETRY B,ROCHELLE AITON,10,2027,A,3.93 pts,2,,264,,Yes
26,3/11/25,3,S2,BUS302 / 23,PERSONAL FINANCE B,NICOLE SIMEK,11,2026,C,2.38 pts,0,,267,,Yes
26,3/11/25,6,S2,ENG502 / 26,FR ENGLISH/B,DAVID HOLLINGSWORTH,9,2028,C,2.49 pts,5.43,,268,,Yes
26,3/11/25,5,S2,MAT523 / 25,GEOMETRY B,BRIAN ANDERSON,10,2027,C,2.30 pts,8,,269,,Yes
26,3/11/25,6,S2,SCI602 / 46,BIOLOGY B,WILLIAM BAUR,10,2027,A,3.93 pts,8,,269,,Yes
25,3/4/25,4,S2,MAT702 / 24,ALGEBRA II B,JENNIFER REILLY,11,2026,B,3.09 pts,2,,518,,Yes
26,3/11/25,6,S2,ENG502 / 26,FR ENGLISH/B,DAVID HOLLINGSWORTH,9,2028,C,2.37 pts,1.71,,270,,Yes
26,3/11/25,5,S2,MAT702 / 45,ALGEBRA II B,JENNIFER REILLY,10,2027,C+,2.53 pts,0,,531,,Yes
26,3/11/25,3,S2,MAT702 / 23,ALGEBRA II B,JENNIFER REILLY,11,2026,B+,3.33 pts,3.86,,271,,Yes
26,3/11/25,6,S2,SOC702 / 26,US HISTORY/B,SCOTT BOOTHBY,11,2026,F,1.17 pts,4.29,,271,,Yes
26,3/11/25,2,S2,MAT523 / 22,GEOMETRY B,ROCHELLE AITON,10,2027,D+,1.90 pts,10.14,,272,,Yes
26,3/11/25,3,S2,SCI602 / 23,BIOLOGY B,GRANT MERRILL,10,2027,A,3.85 pts,10.14,,272,,Yes
26,3/11/25,5,S2,ENG602 / 25,SOPH ENG/B,MARCEE SALAS,10,2027,F,0.77 pts,10.71,,272,,Yes
26,3/11/25,2,S2,MAT523 / 22,GEOMETRY B,ROCHELLE AITON,10,2027,F,0.98 pts,5.86,,273,,Yes
26,3/11/25,5,S2,ENG602 / 25,SOPH ENG/B,MARCEE SALAS,10,2027,F,1.29 pts,3.43,,273,,Yes
26,3/11/25,6,S2,SCI602 / 46,BIOLOGY B,WILLIAM BAUR,10,2027,B,2.90 pts,3.71,,273,,Yes
26,3/11/25,3,S2,MAT523 / 23,GEOMETRY B,ROCHELLE AITON,9,2028,A-,3.48 pts,1,,532,,Yes
26,3/11/25,2,S2,MAT702 / 22,ALGEBRA II B,JASON BLAESING,11,2026,F,0.99 pts,11.57,,274,,Yes
26,3/11/25,5,S2,MAT523 / 25,GEOMETRY B,BRIAN ANDERSON,10,2027,B,3.12 pts,7.57,,533,,Yes
26,3/11/25,6,S2,SOC702 / 26,US HISTORY/B,SCOTT BOOTHBY,11,2026,C+,2.63 pts,3.17,,275,,Yes
26,3/11/25,5,S2,BUS302 / 25,PERSONAL FINANCE B,NICOLE SIMEK,11,2026,F,0.00 pts,5.71,,276,,Yes
26,3/11/25,6,S2,SOC702 / 26,US HISTORY/B,SCOTT BOOTHBY,11,2026,C+,2.57 pts,5,,277,,Yes
26,3/11/25,1,S2,SCI504 / 21,PHYSICAL SCIENCE B,JAMES BENNETT,9,2028,B,3.06 pts,3.29,,534,,Yes
26,3/11/25,1,S2,ENG504 / 21,PRE-AP FRESHMAN ENGLISH/B,ANGELINA MERRILL,9,2028,A-,3.50 pts,1.86,,535,,Yes
26,3/11/25,6,S2,MAT702 / 26,ALGEBRA II B,JASON BLAESING,11,2026,B,2.93 pts,6,,278,,Yes
26,3/11/25,1,S2,MAT523 / 21,GEOMETRY B,ROCHELLE AITON,9,2028,A,4.00 pts,1,,279,,Yes
26,3/11/25,1,S2,ENG504 / 21,PRE-AP FRESHMAN ENGLISH/B,ANGELINA MERRILL,9,2028,A,4.00 pts,1,,536,,Yes
26,3/11/25,3,S2,BUS302 / 23,PERSONAL FINANCE B,NICOLE SIMEK,12,2025,B,3.19 pts,6.86,,280,,Yes
26,3/11/25,5,S2,BUS302 / 25,PERSONAL FINANCE B,NICOLE SIMEK,12,2025,,3.88 pts,1.29,,280,,Yes
26,3/11/25,5,S2,BUS302 / 25,PERSONAL FINANCE B,NICOLE SIMEK,12,2025,A,3.64 pts,9.14,,537,,Yes
26,3/11/25,2,S2,MAT523 / 22,GEOMETRY B,ROCHELLE AITON,9,2028,A,3.98 pts,0,,281,,Yes
26,3/11/25,2,S2,SCI610 / 22,CHEMISTRY/B,GRANT MERRILL,11,2026,F,1.61 pts,7,,282,,Yes
26,3/11/25,3,S2,MAT702 / 23,ALGEBRA II B,JENNIFER REILLY,11,2026,A-,3.52 pts,7,,282,,Yes
26,3/11/25,3,S2,BUS302 / 23,PERSONAL FINANCE B,NICOLE SIMEK,12,2025,A,3.67 pts,0.71,,283,,Yes
26,3/11/25,3,S2,MAT523 / 23,GEOMETRY B,ROCHELLE AITON,9,2028,A,3.98 pts,1,,284,,Yes
26,3/11/25,4,S2,MAT702 / 24,ALGEBRA II B,JENNIFER REILLY,11,2026,A-,3.43 pts,3,,518,,Yes
26,3/11/25,1,S2,SCI504 / 21,PHYSICAL SCIENCE B,JAMES BENNETT,9,2028,A-,3.55 pts,0.86,,285,,Yes
26,3/11/25,6,S2,ENG502 / 26,FR ENGLISH/B,DAVID HOLLINGSWORTH,9,2028,A,3.99 pts,0.57,,285,,Yes
26,3/11/25,6,S2,ENG502 / 26,FR ENGLISH/B,DAVID HOLLINGSWORTH,9,2028,B+,3.33 pts,0,,596,,Yes
26,3/11/25,5,S2,BUS302 / 25,PERSONAL FINANCE B,NICOLE SIMEK,12,2025,A-,3.42 pts,2,,539,,Yes
26,3/11/25,1,S2,ENG504 / 21,PRE-AP FRESHMAN ENGLISH/B,ANGELINA MERRILL,9,2028,A-,3.49 pts,0,,540,,Yes
26,3/11/25,5,S2,MAT702 / 45,ALGEBRA II B,JENNIFER REILLY,10,2027,A,4.00 pts,0,,287,,Yes
26,3/11/25,6,S2,SCI602 / 26,BIOLOGY B,GRANT MERRILL,10,2027,B,3.01 pts,0,,287,,Yes
26,3/11/25,5,S2,MAT702 / 45,ALGEBRA II B,JENNIFER REILLY,11,2026,B,3.05 pts,1,,288,,Yes
26,3/11/25,6,S2,SOC702 / 26,US HISTORY/B,SCOTT BOOTHBY,11,2026,A,3.72 pts,1,,288,,Yes
26,3/11/25,2,S2,ENG602 / 22,SOPH ENG/B,KELLY GREGERSEN,10,2027,D,1.66 pts,3.29,,290,,Yes
26,3/11/25,5,S2,BUS302 / 25,PERSONAL FINANCE B,NICOLE SIMEK,12,2025,F,0.76 pts,3.86,,541,,Yes
26,3/11/25,4,S2,SCI602 / 24,BIOLOGY B,GRANT MERRILL,10,2027,D+,1.99 pts,2,,291,,Yes
26,3/11/25,3,S2,BUS302 / 23,PERSONAL FINANCE B,NICOLE SIMEK,12,2025,A-,3.49 pts,0,,542,,Yes
26,3/11/25,3,S2,MAT523 / 23,GEOMETRY B,ROCHELLE AITON,10,2027,D+,1.90 pts,6.71,,293,,Yes
26,3/11/25,4,S2,SCI602 / 24,BIOLOGY B,GRANT MERRILL,10,2027,A,3.84 pts,6.71,,293,,Yes
26,3/11/25,5,S2,MAT523 / 25,GEOMETRY B,BRIAN ANDERSON,10,2027,B,2.99 pts,1.14,,294,,Yes
26,3/11/25,6,S2,SCI602 / 46,BIOLOGY B,WILLIAM BAUR,10,2027,A-,3.50 pts,0.86,,294,,Yes
26,3/11/25,6,S2,ENG502 / 26,FR ENGLISH/B,DAVID HOLLINGSWORTH,9,2028,A,3.99 pts,0,,295,,Yes
26,3/11/25,6,S2,MAT702 / 26,ALGEBRA II B,JASON BLAESING,11,2026,F,1.03 pts,6.14,,296,,Yes
27,3/18/25,4,S2,MAT702 / 24,ALGEBRA II B,JENNIFER REILLY,11,2026,B,3.05 pts,3,,518,,Yes
28,3/25/25,4,S2,MAT702 / 24,ALGEBRA II B,JENNIFER REILLY,11,2026,B+,3.28 pts,3,,518,,Yes
26,3/11/25,2,S2,SCI610 / 22,CHEMISTRY/B,GRANT MERRILL,11,2026,C,2.28 pts,1.86,,297,,Yes
26,3/11/25,6,S2,MAT702 / 26,ALGEBRA II B,JASON BLAESING,11,2026,A,4.00 pts,1.71,,297,,Yes
26,3/11/25,3,S2,MAT702 / 23,ALGEBRA II B,JENNIFER REILLY,11,2026,A,3.97 pts,0,,298,,Yes
26,3/11/25,2,S2,BUS302 / 22,PERSONAL FINANCE B,NICOLE SIMEK,12,2025,A,3.64 pts,0.86,,299,,Yes
26,3/11/25,3,S2,BUS302 / 23,PERSONAL FINANCE B,NICOLE SIMEK,11,2026,,0.00 pts,2.57,,300,,Yes
26,3/11/25,1,S2,MAT523 / 21,GEOMETRY B,ROCHELLE AITON,10,2027,A-,3.48 pts,1,,301,,Yes
26,3/11/25,4,S2,MAT523 / 24,GEOMETRY B,ROCHELLE AITON,10,2027,A-,3.43 pts,0,,443,,Yes
26,3/11/25,3,S2,MAT523 / 23,GEOMETRY B,ROCHELLE AITON,9,2028,A,3.83 pts,5.29,,302,,Yes
26,3/11/25,6,S2,ENG502 / 26,FR ENGLISH/B,DAVID HOLLINGSWORTH,9,2028,B+,3.21 pts,5,,302,,Yes
26,3/11/25,2,S2,MAT702 / 22,ALGEBRA II B,JASON BLAESING,11,2026,A,3.95 pts,0.6,,545,,Yes
26,3/11/25,3,S2,BUS302 / 23,PERSONAL FINANCE B,NICOLE SIMEK,12,2025,C-,2.15 pts,1,,305,,Yes
26,3/11/25,5,S2,BUS302 / 25,PERSONAL FINANCE B,NICOLE SIMEK,12,2025,C,2.44 pts,4.14,,546,,Yes
26,3/11/25,5,S2,MAT523 / 25,GEOMETRY B,BRIAN ANDERSON,9,2028,A,3.98 pts,7.86,,547,,Yes
26,3/11/25,1,S2,SCI504 / 21,PHYSICAL SCIENCE B,JAMES BENNETT,9,2028,F,0.19 pts,8,,306,,Yes
26,3/11/25,3,S2,MAT523 / 23,GEOMETRY B,ROCHELLE AITON,9,2028,D+,1.95 pts,9.29,,306,,Yes
26,3/11/25,2,S2,MAT702 / 22,ALGEBRA II B,JASON BLAESING,11,2026,A-,3.54 pts,3,,307,,Yes
26,3/11/25,2,S2,ENG602 / 22,SOPH ENG/B,KELLY GREGERSEN,10,2027,F,0.00 pts,12.14,,309,,Yes
26,3/11/25,5,S2,MAT523 / 25,GEOMETRY B,BRIAN ANDERSON,10,2027,F,0.00 pts,10.57,,309,,Yes
26,3/11/25,6,S2,SCI602 / 26,BIOLOGY B,GRANT MERRILL,10,2027,F,0.96 pts,10.86,,309,,Yes
26,3/11/25,1,S2,SCI504 / 21,PHYSICAL SCIENCE B,JAMES BENNETT,9,2028,F,1.29 pts,0.43,,308,,Yes
26,3/11/25,6,S2,ENG502 / 26,FR ENGLISH/B,DAVID HOLLINGSWORTH,9,2028,C,2.42 pts,0,,308,,Yes
26,3/11/25,1,S2,SCI504 / 21,PHYSICAL SCIENCE B,JAMES BENNETT,9,2028,A-,3.55 pts,5,,548,,Yes
26,3/11/25,3,S2,SCI602 / 23,BIOLOGY B,GRANT MERRILL,10,2027,C-,2.06 pts,1,,310,,Yes
26,3/11/25,4,S2,MAT523 / 24,GEOMETRY B,ROCHELLE AITON,10,2027,C,2.48 pts,1,,310,,Yes
26,3/11/25,2,S2,MAT702 / 22,ALGEBRA II B,JASON BLAESING,11,2026,F,1.47 pts,7,,312,,Yes
26,3/11/25,6,S2,SOC702 / 26,US HISTORY/B,SCOTT BOOTHBY,11,2026,D+,1.94 pts,7,,312,,Yes
26,3/11/25,3,S2,SCI602 / 23,BIOLOGY B,GRANT MERRILL,10,2027,F,1.06 pts,0,,549,,Yes
29,4/8/25,4,S2,MAT702 / 24,ALGEBRA II B,JENNIFER REILLY,11,2026,A,3.61 pts,3.67,,518,,Yes
26,3/11/25,6,S2,MAT702 / 26,ALGEBRA II B,JASON BLAESING,11,2026,A-,3.54 pts,2,,313,,Yes
26,3/11/25,2,S2,MAT702 / 22,ALGEBRA II B,JASON BLAESING,11,2026,B,2.98 pts,2,,314,,Yes
26,3/11/25,2,S2,SCI610 / 22,CHEMISTRY/B,GRANT MERRILL,11,2026,C+,2.58 pts,0,,315,,Yes
30,4/15/25,4,S2,MAT702 / 24,ALGEBRA II B,JENNIFER REILLY,11,2026,A,3.60 pts,3.67,,518,,Yes
26,3/11/25,1,S2,ENG504 / 21,PRE-AP FRESHMAN ENGLISH/B,ANGELINA MERRILL,9,2028,A,4.00 pts,0.86,,551,,Yes
26,3/11/25,6,S2,MAT702 / 26,ALGEBRA II B,JASON BLAESING,11,2026,B+,3.35 pts,2.71,,316,,Yes
26,3/11/25,2,S2,ENG602 / 22,SOPH ENG/B,KELLY GREGERSEN,10,2027,B,2.92 pts,9.29,,317,,Yes
26,3/11/25,3,S2,MAT523 / 23,GEOMETRY B,ROCHELLE AITON,10,2027,C,2.40 pts,9,,317,,Yes
26,3/11/25,4,S2,SCI602 / 24,BIOLOGY B,GRANT MERRILL,10,2027,B-,2.86 pts,8.57,,317,,Yes
26,3/11/25,1,S2,MAT523 / 21,GEOMETRY B,ROCHELLE AITON,10,2027,F,1.48 pts,4,,318,,Yes
26,3/11/25,3,S2,SCI602 / 23,BIOLOGY B,GRANT MERRILL,10,2027,B,2.91 pts,4,,318,,Yes
26,3/11/25,2,S2,MAT702 / 22,ALGEBRA II B,JASON BLAESING,11,2026,A-,3.42 pts,0,,319,,Yes
26,3/11/25,2,S2,MAT702 / 22,ALGEBRA II B,JASON BLAESING,11,2026,A,3.95 pts,0,,320,,Yes
26,3/11/25,6,S2,SOC702 / 26,US HISTORY/B,SCOTT BOOTHBY,11,2026,B,3.08 pts,0.86,,320,,Yes
26,3/11/25,1,S2,ENG504 / 21,PRE-AP FRESHMAN ENGLISH/B,ANGELINA MERRILL,9,2028,A,3.71 pts,0.57,,552,,Yes
26,3/11/25,2,S2,BUS302 / 22,PERSONAL FINANCE B,NICOLE SIMEK,12,2025,F,0.00 pts,14.57,,321,,Yes
26,3/11/25,2,S2,BUS302 / 22,PERSONAL FINANCE B,NICOLE SIMEK,12,2025,C-,2.12 pts,6.43,,322,,Yes
26,3/11/25,3,S2,BUS302 / 23,PERSONAL FINANCE B,NICOLE SIMEK,12,2025,A-,3.40 pts,1.57,,323,,Yes
26,3/11/25,2,S2,ENG602 / 22,SOPH ENG/B,KELLY GREGERSEN,10,2027,A,3.99 pts,0,,324,,Yes
26,3/11/25,4,S2,MAT523 / 24,GEOMETRY B,ROCHELLE AITON,10,2027,A,4.00 pts,0,,324,,Yes
26,3/11/25,5,S2,BUS302 / 25,PERSONAL FINANCE B,NICOLE SIMEK,12,2025,B-,2.75 pts,3.86,,553,,Yes
26,3/11/25,4,S2,SCI602 / 24,BIOLOGY B,GRANT MERRILL,10,2027,C-,2.01 pts,3.86,,445,,Yes
26,3/11/25,2,S2,BUS302 / 22,PERSONAL FINANCE B,NICOLE SIMEK,12,2025,A,3.96 pts,3,,325,,Yes
26,3/11/25,3,S2,BUS302 / 23,PERSONAL FINANCE B,NICOLE SIMEK,12,2025,A,3.99 pts,2,,326,,Yes
26,3/11/25,2,S2,BUS302 / 22,PERSONAL FINANCE B,NICOLE SIMEK,11,2026,B+,3.33 pts,0.29,,327,,Yes
26,3/11/25,6,S2,SOC702 / 26,US HISTORY/B,SCOTT BOOTHBY,11,2026,B-,2.72 pts,0,,327,,Yes
26,3/11/25,2,S2,MAT702 / 22,ALGEBRA II B,JASON BLAESING,11,2026,F,1.63 pts,5,,554,,Yes
21,2/4/25,4,S2,MAT702 / 24,ALGEBRA II B,JENNIFER REILLY,11,2026,A,3.97 pts,2.33,,530,,Yes
26,3/11/25,5,S2,MAT702 / 45,ALGEBRA II B,JENNIFER REILLY,11,2026,D+,1.96 pts,0,,556,,Yes
26,3/11/25,6,S2,SCI602 / 46,BIOLOGY B,WILLIAM BAUR,10,2027,F,0.58 pts,0.86,,330,,Yes
26,3/11/25,3,S2,BUS302 / 23,PERSONAL FINANCE B,NICOLE SIMEK,12,2025,F,0.65 pts,12.14,,331,,Yes
26,3/11/25,5,S2,MAT702 / 45,ALGEBRA II B,JENNIFER REILLY,12,2025,C-,2.10 pts,3,,557,,Yes
26,3/11/25,3,S2,BUS302 / 23,PERSONAL FINANCE B,NICOLE SIMEK,12,2025,A-,3.42 pts,2.57,,332,,Yes
26,3/11/25,3,S2,SCI602 / 23,BIOLOGY B,GRANT MERRILL,10,2027,A,3.86 pts,3,,333,,Yes
26,3/11/25,5,S2,ENG602 / 25,SOPH ENG/B,MARCEE SALAS,10,2027,B,3.16 pts,3,,333,,Yes
26,3/11/25,5,S2,MAT523 / 25,GEOMETRY B,BRIAN ANDERSON,10,2027,B+,3.21 pts,4.29,,334,,Yes
22,2/11/25,4,S2,MAT702 / 24,ALGEBRA II B,JENNIFER REILLY,11,2026,,,0,,530,,Yes
26,3/11/25,2,S2,MAT523 / 22,GEOMETRY B,ROCHELLE AITON,10,2027,C+,2.50 pts,1,,335,,Yes
26,3/11/25,3,S2,SCI602 / 23,BIOLOGY B,GRANT MERRILL,10,2027,C-,2.00 pts,1,,335,,Yes
26,3/11/25,6,S2,SCI602 / 46,BIOLOGY B,WILLIAM BAUR,10,2027,A,4.00 pts,3,,337,,Yes
26,3/11/25,6,S2,MAT702 / 26,ALGEBRA II B,JASON BLAESING,11,2026,A-,3.52 pts,3,,336,,Yes
26,3/11/25,5,S2,MAT702 / 45,ALGEBRA II B,JENNIFER REILLY,11,2026,C,2.33 pts,2.86,,559,,Yes
26,3/11/25,5,S2,BUS302 / 25,PERSONAL FINANCE B,NICOLE SIMEK,12,2025,B+,3.29 pts,0,,560,,Yes
26,3/11/25,4,S2,MAT523 / 24,GEOMETRY B,ROCHELLE AITON,10,2027,B,3.00 pts,0,,338,,Yes
26,3/11/25,5,S2,ENG602 / 25,SOPH ENG/B,MARCEE SALAS,10,2027,C+,2.51 pts,0,,338,,Yes
26,3/11/25,3,S2,MAT702 / 23,ALGEBRA II B,JENNIFER REILLY,11,2026,B+,3.37 pts,0,,339,,Yes
26,3/11/25,4,S2,MAT523 / 24,GEOMETRY B,ROCHELLE AITON,10,2027,F,0.00 pts,12,,446,,Yes
26,3/11/25,5,S2,MAT523 / 25,GEOMETRY B,BRIAN ANDERSON,10,2027,D,1.65 pts,3.29,,340,,Yes
26,3/11/25,6,S2,SCI602 / 46,BIOLOGY B,WILLIAM BAUR,10,2027,F,1.50 pts,3.29,,340,,Yes
26,3/11/25,1,S2,ENG504 / 21,PRE-AP FRESHMAN ENGLISH/B,ANGELINA MERRILL,9,2028,A,3.97 pts,1,,561,,Yes
26,3/11/25,3,S2,BUS302 / 23,PERSONAL FINANCE B,NICOLE SIMEK,12,2025,A,3.76 pts,1,,341,,Yes
26,3/11/25,6,S2,MAT702 / 26,ALGEBRA II B,JASON BLAESING,11,2026,A-,3.54 pts,1.43,,342,,Yes
26,3/11/25,2,S2,ENG602 / 22,SOPH ENG/B,KELLY GREGERSEN,10,2027,F,1.44 pts,0.43,,347,,Yes
26,3/11/25,4,S2,SCI602 / 24,BIOLOGY B,GRANT MERRILL,10,2027,B,2.96 pts,0.43,,347,,Yes
26,3/11/25,1,S2,ENG504 / 21,PRE-AP FRESHMAN ENGLISH/B,ANGELINA MERRILL,9,2028,A-,3.48 pts,0,,348,,Yes
26,3/11/25,2,S2,MAT523 / 22,GEOMETRY B,ROCHELLE AITON,9,2028,A,4.00 pts,0,,348,,Yes
26,3/11/25,2,S2,SCI610 / 22,CHEMISTRY/B,GRANT MERRILL,11,2026,B+,3.28 pts,1.43,,350,,Yes
26,3/11/25,1,S2,ENG504 / 21,PRE-AP FRESHMAN ENGLISH/B,ANGELINA MERRILL,9,2028,F,1.27 pts,5.71,,562,,Yes
26,3/11/25,5,S2,MAT523 / 25,GEOMETRY B,BRIAN ANDERSON,9,2028,C,2.41 pts,0.57,,351,,Yes
26,3/11/25,3,S2,MAT702 / 23,ALGEBRA II B,JENNIFER REILLY,10,2027,B-,2.81 pts,2.86,,353,,Yes
26,3/11/25,5,S2,ENG602 / 25,SOPH ENG/B,MARCEE SALAS,10,2027,D+,1.86 pts,2,,353,,Yes
26,3/11/25,6,S2,SCI602 / 46,BIOLOGY B,WILLIAM BAUR,10,2027,A,3.93 pts,2,,353,,Yes
26,3/11/25,2,S2,SCI610 / 22,CHEMISTRY/B,GRANT MERRILL,12,2025,W,1.43 pts,8.14,,354,,Yes
26,3/11/25,1,S2,ENG504 / 21,PRE-AP FRESHMAN ENGLISH/B,ANGELINA MERRILL,9,2028,C+,2.52 pts,0,,563,,Yes
26,3/11/25,6,S2,SOC702 / 26,US HISTORY/B,SCOTT BOOTHBY,11,2026,C,2.33 pts,6.24,,356,,Yes
26,3/11/25,6,S2,MAT702 / 26,ALGEBRA II B,JASON BLAESING,11,2026,C,2.41 pts,3.57,,357,,Yes
23,2/18/25,4,S2,MAT702 / 24,ALGEBRA II B,JENNIFER REILLY,11,2026,,,0,,530,,Yes
26,3/11/25,3,S2,MAT523 / 23,GEOMETRY B,ROCHELLE AITON,9,2028,A,3.80 pts,3,,358,,Yes
26,3/11/25,1,S2,SCI504 / 21,PHYSICAL SCIENCE B,JAMES BENNETT,9,2028,C+,2.64 pts,0,,565,,Yes
26,3/11/25,6,S2,ENG502 / 26,FR ENGLISH/B,DAVID HOLLINGSWORTH,9,2028,A,3.66 pts,0,,565,,Yes
26,3/11/25,1,S2,ENG504 / 21,PRE-AP FRESHMAN ENGLISH/B,ANGELINA MERRILL,9,2028,A,3.76 pts,2,,566,,Yes
26,3/11/25,1,S2,SCI504 / 21,PHYSICAL SCIENCE B,JAMES BENNETT,11,2026,C+,2.64 pts,0.43,,361,,Yes
26,3/11/25,6,S2,MAT702 / 26,ALGEBRA II B,JASON BLAESING,11,2026,B,3.07 pts,0,,361,,Yes
26,3/11/25,5,S2,BUS302 / 25,PERSONAL FINANCE B,NICOLE SIMEK,12,2025,F,0.53 pts,12.29,,362,,Yes
26,3/11/25,1,S2,ENG504 / 21,PRE-AP FRESHMAN ENGLISH/B,ANGELINA MERRILL,9,2028,,3.83 pts,0,,363,,Yes
26,3/11/25,3,S2,MAT523 / 23,GEOMETRY B,ROCHELLE AITON,9,2028,A,4.00 pts,0,,363,,Yes
26,3/11/25,6,S2,ENG502 / 26,FR ENGLISH/B,DAVID HOLLINGSWORTH,9,2028,A,3.61 pts,3,,567,,Yes
26,3/11/25,3,S2,MAT702 / 23,ALGEBRA II B,JENNIFER REILLY,10,2027,A,3.94 pts,1,,364,,Yes
26,3/11/25,4,S2,SCI602 / 24,BIOLOGY B,GRANT MERRILL,10,2027,C-,2.00 pts,1,,364,,Yes
26,3/11/25,1,S2,ENG504 / 21,PRE-AP FRESHMAN ENGLISH/B,ANGELINA MERRILL,9,2028,A-,3.51 pts,0,,568,,Yes
26,3/11/25,5,S2,MAT702 / 45,ALGEBRA II B,JENNIFER REILLY,11,2026,C+,2.50 pts,3.33,,569,,Yes
26,3/11/25,4,S2,SCI602 / 24,BIOLOGY B,GRANT MERRILL,10,2027,B,2.96 pts,2,,448,,Yes
26,3/11/25,6,S2,ENG502 / 26,FR ENGLISH/B,DAVID HOLLINGSWORTH,9,2028,C,2.43 pts,13.71,,366,,Yes
26,3/11/25,2,S2,BUS302 / 22,PERSONAL FINANCE B,NICOLE SIMEK,12,2025,D+,1.94 pts,0.71,,365,,Yes
26,3/11/25,1,S2,ENG504 / 21,PRE-AP FRESHMAN ENGLISH/B,ANGELINA MERRILL,9,2028,A-,3.57 pts,3,,450,,Yes
26,3/11/25,4,S2,MAT523 / 24,GEOMETRY B,ROCHELLE AITON,9,2028,B-,2.85 pts,3.86,,450,,Yes
26,3/11/25,1,S2,SCI504 / 21,PHYSICAL SCIENCE B,JAMES BENNETT,11,2026,D,1.74 pts,6.57,,570,,Yes
24,2/25/25,4,S2,MAT702 / 24,ALGEBRA II B,JENNIFER REILLY,11,2026,C-,2.05 pts,0,,530,,Yes
26,3/11/25,1,S2,SCI504 / 21,PHYSICAL SCIENCE B,JAMES BENNETT,9,2028,D,1.71 pts,2.86,,461,,Yes
26,3/11/25,6,S2,ENG502 / 26,FR ENGLISH/B,DAVID HOLLINGSWORTH,9,2028,F,1.64 pts,2.57,,461,,Yes
26,3/11/25,3,S2,BUS302 / 23,PERSONAL FINANCE B,NICOLE SIMEK,12,2025,A,3.99 pts,0,,367,,Yes
26,3/11/25,2,S2,SCI610 / 22,CHEMISTRY/B,GRANT MERRILL,11,2026,F,1.04 pts,8,,368,,Yes
25,3/4/25,4,S2,MAT702 / 24,ALGEBRA II B,JENNIFER REILLY,11,2026,A,3.86 pts,0,,530,,Yes
26,3/11/25,6,S2,SOC702 / 26,US HISTORY/B,SCOTT BOOTHBY,11,2026,D+,1.94 pts,6.86,,368,,Yes
26,3/11/25,5,S2,MAT523 / 25,GEOMETRY B,BRIAN ANDERSON,9,2028,A,3.88 pts,0.29,,369,,Yes
26,3/11/25,2,S2,BUS302 / 22,PERSONAL FINANCE B,NICOLE SIMEK,11,2026,F,1.40 pts,9.14,,451,,Yes
26,3/11/25,6,S2,MAT702 / 26,ALGEBRA II B,JASON BLAESING,11,2026,B,3.07 pts,0.43,,370,,Yes
26,3/11/25,1,S2,ENG504 / 21,PRE-AP FRESHMAN ENGLISH/B,ANGELINA MERRILL,9,2028,A,3.98 pts,3.71,,571,,Yes
26,3/11/25,5,S2,ENG602 / 25,SOPH ENG/B,MARCEE SALAS,10,2027,C,2.43 pts,4.29,,371,,Yes
26,3/11/25,3,S2,SCI602 / 23,BIOLOGY B,GRANT MERRILL,10,2027,B,2.99 pts,1.43,,372,,Yes
26,3/11/25,5,S2,MAT523 / 25,GEOMETRY B,BRIAN ANDERSON,10,2027,B,2.93 pts,1.43,,372,,Yes
26,3/11/25,4,S2,MAT523 / 24,GEOMETRY B,ROCHELLE AITON,10,2027,A,3.95 pts,0,,452,,Yes
26,3/11/25,6,S2,SCI602 / 26,BIOLOGY B,GRANT MERRILL,10,2027,A,3.89 pts,0,,452,,Yes
26,3/11/25,2,S2,ENG602 / 22,SOPH ENG/B,KELLY GREGERSEN,10,2027,C-,2.15 pts,2,,572,,Yes
26,3/11/25,3,S2,MAT523 / 23,GEOMETRY B,ROCHELLE AITON,10,2027,A,3.95 pts,2,,572,,Yes
26,3/11/25,6,S2,SCI602 / 26,BIOLOGY B,GRANT MERRILL,10,2027,B,2.94 pts,1,,453,,Yes
26,3/11/25,5,S2,ENG602 / 25,SOPH ENG/B,MARCEE SALAS,10,2027,B-,2.72 pts,0,,373,,Yes
26,3/11/25,6,S2,SCI602 / 46,BIOLOGY B,WILLIAM BAUR,10,2027,A-,3.53 pts,0,,373,,Yes
26,3/11/25,1,S2,ENG504 / 21,PRE-AP FRESHMAN ENGLISH/B,ANGELINA MERRILL,9,2028,C-,2.13 pts,3,,573,,Yes
26,3/11/25,3,S2,BUS302 / 23,PERSONAL FINANCE B,NICOLE SIMEK,11,2026,A-,3.41 pts,4.14,,574,,Yes
26,3/11/25,6,S2,SCI602 / 26,BIOLOGY B,GRANT MERRILL,10,2027,B,2.94 pts,1,,375,,Yes
26,3/11/25,6,S2,SOC702 / 26,US HISTORY/B,SCOTT BOOTHBY,11,2026,B,3.18 pts,2,,376,,Yes
26,3/11/25,4,S2,SCI602 / 24,BIOLOGY B,GRANT MERRILL,10,2027,C-,2.01 pts,1,,374,,Yes
26,3/11/25,3,S2,SCI602 / 23,BIOLOGY B,GRANT MERRILL,9,2028,F,0.00 pts,16.71,,595,,Yes
26,3/11/25,2,S2,BUS302 / 22,PERSONAL FINANCE B,NICOLE SIMEK,12,2025,F,1.61 pts,5.86,,377,,Yes
26,3/11/25,1,S2,MAT523 / 21,GEOMETRY B,ROCHELLE AITON,10,2027,A-,3.53 pts,1.29,,454,,Yes
26,3/11/25,3,S2,MAT702 / 23,ALGEBRA II B,JENNIFER REILLY,11,2026,F,0.90 pts,5.57,,380,,Yes
26,3/11/25,6,S2,SOC702 / 26,US HISTORY/B,SCOTT BOOTHBY,11,2026,D,1.69 pts,5,,380,,Yes
26,3/11/25,5,S2,MAT702 / 45,ALGEBRA II B,JENNIFER REILLY,11,2026,A,3.85 pts,2,,575,,Yes
26,3/11/25,4,S2,MAT702 / 24,ALGEBRA II B,JENNIFER REILLY,11,2026,A,3.93 pts,0,,530,,Yes
26,3/11/25,5,S2,ENG602 / 25,SOPH ENG/B,MARCEE SALAS,10,2027,F,1.52 pts,0,,455,,Yes
26,3/11/25,5,S2,ENG602 / 25,SOPH ENG/B,MARCEE SALAS,10,2027,B,3.11 pts,3.86,,456,,Yes
26,3/11/25,2,S2,MAT523 / 22,GEOMETRY B,ROCHELLE AITON,10,2027,B,2.93 pts,2,,382,,Yes
26,3/11/25,2,S2,MAT523 / 22,GEOMETRY B,ROCHELLE AITON,10,2027,B,2.95 pts,5.86,,383,,Yes
26,3/11/25,3,S2,SCI602 / 23,BIOLOGY B,GRANT MERRILL,10,2027,F,1.09 pts,6,,383,,Yes
26,3/11/25,5,S2,ENG602 / 25,SOPH ENG/B,MARCEE SALAS,10,2027,D,1.67 pts,6.71,,383,,Yes
26,3/11/25,6,S2,MAT702 / 26,ALGEBRA II B,JASON BLAESING,10,2027,A-,3.44 pts,1,,384,,Yes
26,3/11/25,3,S2,BUS302 / 23,PERSONAL FINANCE B,NICOLE SIMEK,12,2025,A,3.79 pts,0.86,,385,,Yes
26,3/11/25,2,S2,MAT523 / 22,GEOMETRY B,ROCHELLE AITON,10,2027,A-,3.48 pts,4.29,,386,,Yes
26,3/11/25,4,S2,SCI602 / 24,BIOLOGY B,GRANT MERRILL,10,2027,D+,1.92 pts,4.71,,386,,Yes
26,3/11/25,5,S2,MAT523 / 25,GEOMETRY B,BRIAN ANDERSON,10,2027,C,2.30 pts,0,,576,,Yes
27,3/18/25,4,S2,MAT702 / 24,ALGEBRA II B,JENNIFER REILLY,11,2026,A,3.95 pts,0,,530,,Yes
26,3/11/25,5,S2,MAT702 / 45,ALGEBRA II B,JENNIFER REILLY,10,2027,A,3.97 pts,0,,578,,Yes
26,3/11/25,2,S2,SCI610 / 22,CHEMISTRY/B,GRANT MERRILL,11,2026,B,2.95 pts,0.29,,387,,Yes
26,3/11/25,3,S2,MAT702 / 23,ALGEBRA II B,JENNIFER REILLY,11,2026,A,3.89 pts,0,,387,,Yes
26,3/11/25,2,S2,SCI610 / 22,CHEMISTRY/B,GRANT MERRILL,11,2026,D+,1.99 pts,0,,388,,Yes
28,3/25/25,4,S2,MAT702 / 24,ALGEBRA II B,JENNIFER REILLY,11,2026,A,3.96 pts,0,,530,,Yes
26,3/11/25,5,S2,BUS302 / 25,PERSONAL FINANCE B,NICOLE SIMEK,12,2025,A-,3.51 pts,1,,579,,Yes
26,3/11/25,1,S2,MAT523 / 21,GEOMETRY B,ROCHELLE AITON,10,2027,A,3.93 pts,1,,389,,Yes
26,3/11/25,3,S2,SCI602 / 23,BIOLOGY B,GRANT MERRILL,10,2027,F,1.09 pts,1,,389,,Yes
26,3/11/25,6,S2,SOC702 / 26,US HISTORY/B,SCOTT BOOTHBY,11,2026,F,1.37 pts,12.29,,580,,Yes
26,3/11/25,3,S2,SCI602 / 23,BIOLOGY B,GRANT MERRILL,10,2027,F,0.04 pts,4,,391,,Yes
26,3/11/25,2,S2,ENG602 / 22,SOPH ENG/B,KELLY GREGERSEN,10,2027,A,3.76 pts,2,,392,,Yes
26,3/11/25,5,S2,MAT702 / 45,ALGEBRA II B,JENNIFER REILLY,10,2027,B-,2.79 pts,2.29,,581,,Yes
26,3/11/25,3,S2,BUS302 / 23,PERSONAL FINANCE B,NICOLE SIMEK,12,2025,B,2.95 pts,3.86,,394,,Yes
26,3/11/25,4,S2,MAT523 / 24,GEOMETRY B,ROCHELLE AITON,10,2027,B,2.98 pts,0.43,,458,,Yes
26,3/11/25,5,S2,MAT702 / 45,ALGEBRA II B,JENNIFER REILLY,11,2026,B-,2.88 pts,1,,582,,Yes
26,3/11/25,1,S2,SCI504 / 21,PHYSICAL SCIENCE B,JAMES BENNETT,9,2028,C-,2.13 pts,5.57,,583,,Yes
26,3/11/25,6,S2,ENG502 / 26,FR ENGLISH/B,DAVID HOLLINGSWORTH,9,2028,B,2.90 pts,5.29,,583,,Yes
26,3/11/25,1,S2,SCI504 / 21,PHYSICAL SCIENCE B,JAMES BENNETT,9,2028,C+,2.61 pts,3.29,,584,,Yes
26,3/11/25,2,S2,MAT702 / 22,ALGEBRA II B,JASON BLAESING,10,2027,A,4.00 pts,1.29,,398,,Yes
26,3/11/25,3,S2,SCI602 / 23,BIOLOGY B,GRANT MERRILL,10,2027,F,1.05 pts,1,,398,,Yes
26,3/11/25,1,S2,MAT523 / 21,GEOMETRY B,ROCHELLE AITON,10,2027,F,0.98 pts,1,,399,,Yes
26,3/11/25,2,S2,ENG602 / 22,SOPH ENG/B,KELLY GREGERSEN,10,2027,D+,1.99 pts,1,,399,,Yes
26,3/11/25,6,S2,SCI602 / 26,BIOLOGY B,GRANT MERRILL,10,2027,B,2.92 pts,1.43,,399,,Yes
26,3/11/25,3,S2,SCI602 / 23,BIOLOGY B,GRANT MERRILL,10,2027,F,0.00 pts,13.29,,585,,Yes
26,3/11/25,1,S2,SCI504 / 21,PHYSICAL SCIENCE B,JAMES BENNETT,11,2026,C-,2.13 pts,7.86,,586,,Yes
29,4/8/25,4,S2,MAT702 / 24,ALGEBRA II B,JENNIFER REILLY,11,2026,A,3.97 pts,1,,530,,Yes
26,3/11/25,1,S2,ENG504 / 21,PRE-AP FRESHMAN ENGLISH/B,ANGELINA MERRILL,9,2028,B,2.99 pts,2.14,,587,,Yes
26,3/11/25,1,S2,SCI504 / 21,PHYSICAL SCIENCE B,JAMES BENNETT,12,2025,C-,2.19 pts,2,,588,,Yes
26,3/11/25,4,S2,SCI602 / 24,BIOLOGY B,GRANT MERRILL,10,2027,F,1.03 pts,4.57,,401,,Yes
26,3/11/25,5,S2,ENG602 / 25,SOPH ENG/B,MARCEE SALAS,10,2027,D,1.79 pts,5.29,,401,,Yes
26,3/11/25,5,S2,MAT523 / 25,GEOMETRY B,BRIAN ANDERSON,10,2027,D+,1.93 pts,3,,402,,Yes
26,3/11/25,3,S2,MAT523 / 23,GEOMETRY B,ROCHELLE AITON,10,2027,F,1.03 pts,4,,403,,Yes
26,3/11/25,5,S2,ENG602 / 25,SOPH ENG/B,MARCEE SALAS,10,2027,B,3.06 pts,4,,403,,Yes
30,4/15/25,4,S2,MAT702 / 24,ALGEBRA II B,JENNIFER REILLY,11,2026,A,3.96 pts,2.33,,530,,Yes
21,2/4/25,4,S2,MAT702 / 24,ALGEBRA II B,JENNIFER REILLY,11,2026,A,3.92 pts,5,,538,,Yes
26,3/11/25,2,S2,ENG602 / 22,SOPH ENG/B,KELLY GREGERSEN,10,2027,D+,1.91 pts,0,,404,,Yes
26,3/11/25,3,S2,MAT523 / 23,GEOMETRY B,ROCHELLE AITON,10,2027,B+,3.35 pts,0,,404,,Yes
26,3/11/25,4,S2,SCI602 / 24,BIOLOGY B,GRANT MERRILL,10,2027,C-,2.00 pts,0,,404,,Yes
26,3/11/25,3,S2,MAT702 / 23,ALGEBRA II B,JENNIFER REILLY,10,2027,D+,1.91 pts,0,,405,,Yes
26,3/11/25,4,S2,SCI602 / 24,BIOLOGY B,GRANT MERRILL,10,2027,A,3.89 pts,0,,405,,Yes
26,3/11/25,5,S2,ENG602 / 25,SOPH ENG/B,MARCEE SALAS,10,2027,A-,3.57 pts,0,,405,,Yes
26,3/11/25,3,S2,MAT702 / 23,ALGEBRA II B,JENNIFER REILLY,11,2026,C,2.48 pts,0,,406,,Yes
26,3/11/25,1,S2,MAT523 / 21,GEOMETRY B,ROCHELLE AITON,10,2027,F,0.00 pts,8.71,,407,,Yes
26,3/11/25,2,S2,ENG602 / 22,SOPH ENG/B,KELLY GREGERSEN,10,2027,F,1.49 pts,8.14,,407,,Yes
26,3/11/25,6,S2,SCI602 / 46,BIOLOGY B,WILLIAM BAUR,10,2027,F,1.43 pts,9.14,,407,,Yes
26,3/11/25,5,S2,BUS302 / 25,PERSONAL FINANCE B,NICOLE SIMEK,12,2025,B-,2.74 pts,2.29,,408,,Yes
26,3/11/25,4,S2,SCI602 / 24,BIOLOGY B,GRANT MERRILL,11,2026,B,2.95 pts,0,,591,,Yes
26,3/11/25,5,S2,BUS302 / 25,PERSONAL FINANCE B,NICOLE SIMEK,11,2026,A,3.62 pts,1,,591,,Yes
26,3/11/25,6,S2,ENG502 / 26,FR ENGLISH/B,DAVID HOLLINGSWORTH,9,2028,F,0.71 pts,13,,410,,Yes
26,3/11/25,2,S2,MAT523 / 22,GEOMETRY B,ROCHELLE AITON,10,2027,C+,2.50 pts,0,,411,,Yes
26,3/11/25,3,S2,SCI602 / 23,BIOLOGY B,GRANT MERRILL,10,2027,F,1.04 pts,0,,411,,Yes
26,3/11/25,4,S2,MAT523 / 24,GEOMETRY B,ROCHELLE AITON,10,2027,C,2.40 pts,0.71,,460,,Yes
26,3/11/25,1,S2,SCI504 / 21,PHYSICAL SCIENCE B,JAMES BENNETT,11,2026,C-,2.16 pts,0,,412,,Yes
26,3/11/25,2,S2,MAT702 / 22,ALGEBRA II B,JASON BLAESING,11,2026,,0.00 pts,0,,412,,Yes
26,3/11/25,5,S2,MAT702 / 45,ALGEBRA II B,JENNIFER REILLY,11,2026,D+,1.99 pts,0,,412,,Yes
26,3/11/25,1,S2,SCI504 / 21,PHYSICAL SCIENCE B,JAMES BENNETT,9,2028,C+,2.64 pts,0.57,,592,,Yes
26,3/11/25,3,S2,BUS302 / 23,PERSONAL FINANCE B,NICOLE SIMEK,12,2025,A,4.00 pts,18.43,,413,,Yes
26,3/11/25,1,S2,MAT523 / 21,GEOMETRY B,ROCHELLE AITON,10,2027,C,2.48 pts,0.43,,414,,Yes
26,3/11/25,5,S2,ENG602 / 25,SOPH ENG/B,MARCEE SALAS,10,2027,C-,2.07 pts,0,,414,,Yes
26,3/11/25,6,S2,SCI602 / 46,BIOLOGY B,WILLIAM BAUR,10,2027,B,3.03 pts,0,,414,,Yes
26,3/11/25,5,S2,BUS302 / 25,PERSONAL FINANCE B,NICOLE SIMEK,12,2025,A,4.00 pts,2.2,,593,,Yes
26,3/11/25,1,S2,SCI504 / 21,PHYSICAL SCIENCE B,JAMES BENNETT,12,2025,C-,2.16 pts,2.71,,415,,Yes
26,3/11/25,2,S2,BUS302 / 22,PERSONAL FINANCE B,NICOLE SIMEK,12,2025,B-,2.71 pts,2.43,,415,,Yes
26,3/11/25,2,S2,ENG602 / 22,SOPH ENG/B,KELLY GREGERSEN,10,2027,F,1.64 pts,8.29,,416,,Yes
26,3/11/25,3,S2,SCI602 / 23,BIOLOGY B,GRANT MERRILL,10,2027,F,0.04 pts,8.29,,416,,Yes
26,3/11/25,4,S2,MAT523 / 24,GEOMETRY B,ROCHELLE AITON,10,2027,F,1.45 pts,8.14,,416,,Yes
26,3/11/25,6,S2,SCI602 / 46,BIOLOGY B,WILLIAM BAUR,10,2027,A-,3.50 pts,0,,417,,Yes
26,3/11/25,2,S2,ENG602 / 22,SOPH ENG/B,KELLY GREGERSEN,10,2027,F,1.06 pts,2.57,,418,,Yes
22,2/11/25,4,S2,MAT702 / 24,ALGEBRA II B,JENNIFER REILLY,11,2026,,,0,,538,,Yes
26,3/11/25,6,S2,SCI602 / 26,BIOLOGY B,GRANT MERRILL,10,2027,B,2.92 pts,2,,418,,Yes
26,3/11/25,3,S2,MAT523 / 23,GEOMETRY B,ROCHELLE AITON,9,2028,F,0.00 pts,15.57,,419,,Yes
26,3/11/25,5,S2,MAT523 / 25,GEOMETRY B,BRIAN ANDERSON,9,2028,B,3.04 pts,0,,420,,Yes
26,3/11/25,1,S2,SCI504 / 21,PHYSICAL SCIENCE B,JAMES BENNETT,9,2028,B,3.10 pts,1,,594,,Yes
26,3/11/25,4,S2,SCI602 / 24,BIOLOGY B,GRANT MERRILL,10,2027,F,0.11 pts,3,,421,,Yes
26,3/11/25,2,S2,BUS302 / 22,PERSONAL FINANCE B,NICOLE SIMEK,12,2025,F,1.28 pts,9.29,,422,,Yes
26,3/11/25,2,S2,SCI610 / 22,CHEMISTRY/B,GRANT MERRILL,12,2025,F,1.01 pts,3.33,,423,,Yes
26,3/11/25,2,S2,ENG602 / 22,SOPH ENG/B,KELLY GREGERSEN,10,2027,C,2.38 pts,5,,48,,Yes
26,3/11/25,5,S2,MAT523 / 25,GEOMETRY B,BRIAN ANDERSON,10,2027,D+,1.90 pts,5.14,,48,,Yes
26,3/11/25,6,S2,SCI602 / 26,BIOLOGY B,GRANT MERRILL,10,2027,B,2.96 pts,5.29,,48,,Yes
26,3/11/25,1,S2,SCI504 / 21,PHYSICAL SCIENCE B,JAMES BENNETT,12,2025,C-,2.13 pts,4.29,,49,,Yes
26,3/11/25,6,S2,MAT702 / 26,ALGEBRA II B,JASON BLAESING,12,2025,F,1.49 pts,4.43,,49,,Yes
27,3/18/25,1,S2,ENG702 / 21,JUNIOR ENG/B,JOHN CARVER,11,2026,F,0.86 pts,8.76,,1,,#N/A
27,3/18/25,2,S2,FAR541 / 22,PERCUSSION/B,DAVID DUARTE,11,2026,,,7,,1,,#N/A
27,3/18/25,3,S2,PED101 / 23,PHYSICAL EDUCATION,SCOTT DIZMANG,11,2026,F,1.63 pts,6.33,,1,,#N/A
27,3/18/25,4,S2,CTE115 / 24,ENGINEERING B,JASON BLAESING,11,2026,F,0.29 pts,9.05,,1,,#N/A
27,3/18/25,5,S2,ONT401 / 25,ON-TRACK/B,ROBERT YEE,11,2026,,,2.14,,1,,#N/A
27,3/18/25,5,S2,MAT702 / 45,ALGEBRA II B,JENNIFER REILLY,11,2026,W,0.98 pts,5.05,,1,,Yes
27,3/18/25,6,S2,SOC702 / 26,US HISTORY/B,SCOTT BOOTHBY,11,2026,F,1.38 pts,6.29,,1,,Yes
27,3/18/25,1,S2,CTA102 / 21,CTA S2,,11,2026,,,0,,3,,#N/A
27,3/18/25,2,S2,CTA102 / 21,CTA S2,,11,2026,,,0,,3,,#N/A
27,3/18/25,3,S2,CTA102 / 21,CTA S2,,11,2026,,,0,,3,,#N/A
23,2/18/25,4,S2,MAT702 / 24,ALGEBRA II B,JENNIFER REILLY,11,2026,,,0,,538,,Yes
27,3/18/25,5,S2,ASL504 / 25,AMERICAN SIGN LANGUAGE II/B,TAMI GRANT,11,2026,A,4.00 pts,2.33,,3,,#N/A
27,3/18/25,6,S2,ENG702 / 26,JUNIOR ENG/B,JOHN CARVER,11,2026,B,3.12 pts,2.33,,3,,#N/A
27,3/18/25,1,S2,FAR506 / 21,CONCERT CHOIR /B,DAVID DUARTE,10,2027,B,2.93 pts,3.86,,4,,#N/A
27,3/18/25,2,S2,SPA502 / 22,SPANISH I B,ARELI LOPEZ LOPEZ,10,2027,F,1.45 pts,2.57,,4,,#N/A
27,3/18/25,3,S2,SOC109 / 23,WORLD HISTORY/B,RYAN ISAACSON,10,2027,F,0.75 pts,2.14,,4,,#N/A
27,3/18/25,4,S2,SCI602 / 24,BIOLOGY B,GRANT MERRILL,10,2027,F,0.45 pts,3.14,,4,,Yes
27,3/18/25,5,S2,ENG602 / 25,SOPH ENG/B,MARCEE SALAS,10,2027,F,1.40 pts,1.71,,4,,Yes
27,3/18/25,6,S2,MAT523 / 46,GEOMETRY B,ROCHELLE AITON,10,2027,F,1.60 pts,1.43,,4,,#N/A
27,3/18/25,1,S2,VOC706 / 21,DIGITAL PHOTOGRAPHY II,ROSANNA RUFF,11,2026,B,3.17 pts,0.57,,5,,#N/A
27,3/18/25,2,S2,SCI504 / 42,PHYSICAL SCIENCE B,WILLIAM BAUR,11,2026,C,2.31 pts,0.71,,5,,#N/A
27,3/18/25,3,S2,BUS302 / 23,PERSONAL FINANCE B,NICOLE SIMEK,11,2026,D+,1.95 pts,0.86,,5,,Yes
27,3/18/25,4,S2,SOC702 / 24,US HISTORY/B,DAVE HAJEK,11,2026,C,2.26 pts,1.71,,5,,#N/A
27,3/18/25,5,S2,ENG702 / 25,JUNIOR ENG/B,JOHN CARVER,11,2026,C-,2.13 pts,1.57,,5,,#N/A
27,3/18/25,6,S2,HFL113 / 26,INTRO CULINARY ART,ALEXANDRA YOST,11,2026,A,3.93 pts,1,,5,,#N/A
27,3/18/25,1,S2,VOC620 / 21,METAL CRAFTS & PRODUCTION I,DONALD O'BRIEN,10,2027,,0.33 pts,0,,6,,#N/A
27,3/18/25,1,S2,PED500 / 21,WEIGHT TRAINING,SCOTT BOOTHBY,10,2027,B,3.00 pts,0.14,,6,,#N/A
27,3/18/25,2,S2,PED500 / 22,WEIGHT TRAINING,SCOTT BOOTHBY,10,2027,,4.00 pts,0,,6,,#N/A
27,3/18/25,2,S2,ELE404 / 22,LANGUAGE SUPPORT/B,HAYLEY ALVARADO,10,2027,A,4.00 pts,0,,6,,#N/A
27,3/18/25,3,S2,SOC109 / 23,WORLD HISTORY/B,RYAN ISAACSON,10,2027,D,1.67 pts,0,,6,,#N/A
27,3/18/25,4,S2,MAT523 / 24,GEOMETRY B,ROCHELLE AITON,10,2027,B,2.92 pts,0,John L,6,Active,Yes
27,3/18/25,5,S2,ENG602 / 25,SOPH ENG/B,MARCEE SALAS,10,2027,C-,2.17 pts,0,Pat,6,Active,Yes
27,3/18/25,6,S2,SCI602 / 46,BIOLOGY B,WILLIAM BAUR,10,2027,A,3.93 pts,0,Mimi,6,Active,Yes
27,3/18/25,1,S2,ENG802 / 21,SENIOR ENG/B,HEATHER CARVER,12,2025,F,1.21 pts,5,,7,,#N/A
27,3/18/25,2,S2,BUS302 / 22,PERSONAL FINANCE B,NICOLE SIMEK,12,2025,F,1.11 pts,4.86,,7,,Yes
27,3/18/25,3,S2,ONT401 / 23,ON-TRACK/B,BRIAN ANDERSON,12,2025,U,0.20 pts,4.86,,7,,#N/A
27,3/18/25,4,S2,ENG716 / 24,DRAMATIC LITERATURE,KELLY GREGERSEN,12,2025,F,1.30 pts,4.86,,7,,#N/A
27,3/18/25,5,S2,CTE101 / 25,MEDICAL CAREER & TERMS/B,DONNA SCHATZ,12,2025,B-,2.76 pts,4,,7,,#N/A
27,3/18/25,6,S2,SOC801 / 26,CONTEMPORARY WORLD ISSUES,JIM REED,12,2025,F,1.45 pts,4.86,,7,,#N/A
27,3/18/25,1,S2,FAR721 / 21,PANTHER PLAYERS/B,KELLY GREGERSEN,11,2026,A,4.00 pts,5.43,,46,,#N/A
27,3/18/25,2,S2,SCI610 / 22,CHEMISTRY/B,GRANT MERRILL,11,2026,F,1.24 pts,5.43,,46,,Yes
27,3/18/25,3,S2,MAT702 / 23,ALGEBRA II B,JENNIFER REILLY,11,2026,F,1.57 pts,5.43,,46,,Yes
27,3/18/25,4,S2,ENG716 / 24,DRAMATIC LITERATURE,KELLY GREGERSEN,11,2026,A,3.88 pts,5.43,,46,,#N/A
27,3/18/25,5,S2,SOC702 / 25,US HISTORY/B,DAVE HAJEK,11,2026,C+,2.55 pts,5.14,,46,,#N/A
27,3/18/25,6,S2,SPA502 / 26,SPANISH I B,ARELI LOPEZ LOPEZ,11,2026,B,2.94 pts,5.14,,46,,#N/A
27,3/18/25,1,S2,FAR721 / 21,PANTHER PLAYERS/B,KELLY GREGERSEN,12,2025,A,4.00 pts,1.86,,8,,#N/A
27,3/18/25,2,S2,BUS302 / 22,PERSONAL FINANCE B,NICOLE SIMEK,12,2025,F,0.88 pts,3.43,,8,,Yes
27,3/18/25,3,S2,HFL113 / 23,INTRO CULINARY ART,ALEXANDRA YOST,12,2025,W,2.22 pts,2.57,,8,,#N/A
27,3/18/25,3,S2,AID102 / HC3,TEACHER AIDE,HEATHER CARVER,12,2025,,,1.29,,8,,#N/A
27,3/18/25,4,S2,ENG718 / 24,AP LITERATURE/COMPOSITION B,HEATHER CARVER,12,2025,C-,2.02 pts,3.57,,8,,#N/A
27,3/18/25,5,S2,SOC801 / 25,CONTEMPORARY WORLD ISSUES,SCOTT BOOTHBY,12,2025,C,2.46 pts,3.57,,8,,#N/A
27,3/18/25,6,S2,SCI504 / 26,PHYSICAL SCIENCE B,JAMES BENNETT,12,2025,F,1.55 pts,3.57,,8,,#N/A
27,3/18/25,1,S2,PED513 / 21,TEAM GAMES,SCOTT DIZMANG,10,2027,A,4.00 pts,1,,9,,#N/A
27,3/18/25,2,S2,SOC109 / 22,WORLD HISTORY/B,DAVID HOLLINGSWORTH,10,2027,A,3.66 pts,1,,9,,#N/A
27,3/18/25,3,S2,HFL116 / 23,BAKING PASTRY ARTS I,KAYLA PAYNE,10,2027,A,4.00 pts,1,,9,,#N/A
27,3/18/25,4,S2,SCI602 / 24,BIOLOGY B,GRANT MERRILL,10,2027,F,0.50 pts,1,Tom C,9,Active,Yes
27,3/18/25,5,S2,MAT523 / 25,GEOMETRY B,BRIAN ANDERSON,10,2027,B,2.90 pts,1,Linda,9,Active,Yes
27,3/18/25,6,S2,ENG602 / 26,SOPH ENG/B,MARCEE SALAS,10,2027,F,1.57 pts,1,,9,,#N/A
27,3/18/25,1,S2,MAT523 / 21,GEOMETRY B,ROCHELLE AITON,10,2027,D+,1.98 pts,3,John L,10,Active,Yes
27,3/18/25,2,S2,ENG602 / 22,SOPH ENG/B,KELLY GREGERSEN,10,2027,B+,3.26 pts,3,,10,,Yes
27,3/18/25,3,S2,SOC109 / 23,WORLD HISTORY/B,RYAN ISAACSON,10,2027,D,1.75 pts,3,,10,,#N/A
27,3/18/25,4,S2,HFL119 / 24,ADV CULINARY ARTS B,ALEXANDRA YOST,10,2027,A,3.60 pts,3,,10,,#N/A
27,3/18/25,5,S2,PED500 / 25,WEIGHT TRAINING,SCOTT DIZMANG,10,2027,A-,3.50 pts,3,,10,,#N/A
27,3/18/25,6,S2,SCI602 / 26,BIOLOGY B,GRANT MERRILL,10,2027,B-,2.80 pts,3,Larry,10,Active,Yes
27,3/18/25,1,S2,SPA602 / 21,SPANISH II B,ARELI LOPEZ LOPEZ,11,2026,A-,3.47 pts,3,,11,,#N/A
27,3/18/25,2,S2,HFL115 / 22,ADVANCED PASTRY ARTS I,KAYLA PAYNE,11,2026,A,3.71 pts,3,,11,,#N/A
27,3/18/25,3,S2,MAT702 / 23,ALGEBRA II B,JENNIFER REILLY,11,2026,F,1.36 pts,3.14,Larry,11,Active,Yes
27,3/18/25,4,S2,CTE115 / 24,ENGINEERING B,JASON BLAESING,11,2026,C-,2.08 pts,3.14,,11,,#N/A
27,3/18/25,5,S2,SOC704 / 25,AP US HISTORY B,RYAN ISAACSON,11,2026,F,1.40 pts,3,,11,,#N/A
27,3/18/25,6,S2,ENG702 / 26,JUNIOR ENG/B,JOHN CARVER,11,2026,B-,2.84 pts,3,,11,,#N/A
27,3/18/25,1,S2,CTE115 / 21,ENGINEERING B,JASON BLAESING,11,2026,C-,2.00 pts,2,,12,,#N/A
27,3/18/25,2,S2,VOC705 / 22,DIGITAL PHOTOGRAPHY I,ROSANNA RUFF,11,2026,A,3.89 pts,2,,12,,#N/A
27,3/18/25,3,S2,PED500 / 23,WEIGHT TRAINING,SCOTT BOOTHBY,11,2026,A,3.80 pts,2.14,,12,,#N/A
27,3/18/25,4,S2,SOC702 / 24,US HISTORY/B,DAVE HAJEK,11,2026,F,0.52 pts,2,,12,,#N/A
27,3/18/25,5,S2,BUS302 / 25,PERSONAL FINANCE B,NICOLE SIMEK,11,2026,C,2.47 pts,2,,12,,Yes
27,3/18/25,6,S2,ENG702 / 26,JUNIOR ENG/B,JOHN CARVER,11,2026,F,1.23 pts,2,,12,,#N/A
27,3/18/25,1,S2,MAT523 / 21,GEOMETRY B,ROCHELLE AITON,10,2027,F,1.62 pts,2.86,John L,13,Active,Yes
27,3/18/25,2,S2,ENG602 / 22,SOPH ENG/B,KELLY GREGERSEN,10,2027,B,3.15 pts,2.86,,13,,Yes
27,3/18/25,3,S2,SCI602 / 43,BIOLOGY B,DONNA SCHATZ,10,2027,B+,3.33 pts,2.86,,13,,#N/A
27,3/18/25,4,S2,SCI504 / 44,PHYSICAL SCIENCE B,WILLIAM BAUR,10,2027,F,0.03 pts,2.86,,13,,#N/A
27,3/18/25,5,S2,HFL116 / 25,BAKING PASTRY ARTS I,KAYLA PAYNE,10,2027,B,3.00 pts,2.86,,13,,#N/A
27,3/18/25,6,S2,SOC109 / 46,WORLD HISTORY/B,DAVE HAJEK,10,2027,C-,2.09 pts,2.86,,13,,#N/A
27,3/18/25,1,S2,ENG702 / 21,JUNIOR ENG/B,JOHN CARVER,11,2026,B,3.12 pts,1.43,,14,,#N/A
27,3/18/25,2,S2,VOC107 / 22,METALS MANUF & TECHNOLOGY II,DONALD O'BRIEN,11,2026,A,3.75 pts,1.43,,14,,#N/A
27,3/18/25,3,S2,MAT702 / 23,ALGEBRA II B,JENNIFER REILLY,11,2026,F,0.97 pts,0.71,,14,Active,Yes
27,3/18/25,4,S2,SCI504 / 24,PHYSICAL SCIENCE B,JAMES BENNETT,11,2026,B+,3.39 pts,1.29,,14,,#N/A
27,3/18/25,5,S2,SOC702 / 25,US HISTORY/B,DAVE HAJEK,11,2026,C,2.34 pts,1.14,,14,,#N/A
27,3/18/25,6,S2,AID102 / AL6,TEACHER AIDE,ARELI LOPEZ LOPEZ,11,2026,,,0.57,,14,,#N/A
27,3/18/25,1,S2,SPA602 / 21,SPANISH II B,ARELI LOPEZ LOPEZ,10,2027,B-,2.80 pts,0,,15,,#N/A
27,3/18/25,2,S2,ENG602 / 22,SOPH ENG/B,KELLY GREGERSEN,10,2027,C+,2.66 pts,0,,15,,Yes
27,3/18/25,3,S2,SCI602 / 23,BIOLOGY B,GRANT MERRILL,10,2027,F,1.43 pts,0.14,Linda,15,Active,Yes
27,3/18/25,4,S2,MAT523 / 24,GEOMETRY B,ROCHELLE AITON,10,2027,F,1.62 pts,0,,15,,Yes
27,3/18/25,5,S2,VOC502 / 25,FINE ARTS WOODWORKING I,BRENT MANSELL,10,2027,A,4.00 pts,0,,15,,#N/A
27,3/18/25,6,S2,SOC109 / 26,WORLD HISTORY/B,RYAN ISAACSON,10,2027,C,2.25 pts,0,,15,,#N/A
27,3/18/25,1,S2,SOC109 / 21,WORLD HISTORY/B,DAVID HOLLINGSWORTH,10,2027,B+,3.36 pts,0.14,,16,,#N/A
27,3/18/25,2,S2,FAR108 / 22,CERAMICS I,ROBERT YEE,10,2027,B,3.00 pts,0,,16,,#N/A
27,3/18/25,3,S2,MAT523 / 23,GEOMETRY B,ROCHELLE AITON,10,2027,F,1.33 pts,0,,16,,Yes
27,3/18/25,4,S2,SCI504 / 44,PHYSICAL SCIENCE B,WILLIAM BAUR,10,2027,F,0.75 pts,0,,16,,#N/A
27,3/18/25,5,S2,HFL116 / 25,BAKING PASTRY ARTS I,KAYLA PAYNE,10,2027,A,4.00 pts,0,,16,,#N/A
27,3/18/25,6,S2,ENG602 / 26,SOPH ENG/B,MARCEE SALAS,10,2027,C,2.38 pts,0,,16,,#N/A
27,3/18/25,1,S2,MAT523 / 21,GEOMETRY B,ROCHELLE AITON,10,2027,,,1,,17,,Yes
27,3/18/25,1,S2,PED513 / 21,TEAM GAMES,SCOTT DIZMANG,10,2027,F,1.63 pts,3.86,,17,,#N/A
27,3/18/25,2,S2,ENG602 / 22,SOPH ENG/B,KELLY GREGERSEN,10,2027,B+,3.37 pts,3.31,,17,,Yes
27,3/18/25,3,S2,SCI602 / 43,BIOLOGY B,DONNA SCHATZ,10,2027,C-,2.15 pts,3.14,,17,,#N/A
27,3/18/25,4,S2,SOC109 / 24,WORLD HISTORY/B,DAVID HOLLINGSWORTH,10,2027,C,2.32 pts,4.29,,17,,#N/A
27,3/18/25,5,S2,HFL116 / 25,BAKING PASTRY ARTS I,KAYLA PAYNE,10,2027,A,4.00 pts,3.57,,17,,#N/A
27,3/18/25,6,S2,MAT523 / 46,GEOMETRY B,ROCHELLE AITON,10,2027,F,0.32 pts,3.86,,17,,#N/A
27,3/18/25,1,S2,PED500 / 21,WEIGHT TRAINING,SCOTT BOOTHBY,12,2025,,2.00 pts,0.14,,18,,#N/A
27,3/18/25,1,S2,AACAL2 / 21,ACADEMIC ACHIEVEMENT B,AARON LABREE,12,2025,,,3.14,,18,,#N/A
27,3/18/25,2,S2,BUS302 / 22,PERSONAL FINANCE B,NICOLE SIMEK,12,2025,D,1.72 pts,2.57,,18,,Yes
27,3/18/25,3,S2,SOC801 / 23,CONTEMPORARY WORLD ISSUES,JIM REED,12,2025,F,0.80 pts,2.43,,18,,#N/A
27,3/18/25,4,S2,PED513 / 24,TEAM GAMES,SCOTT DIZMANG,12,2025,C-,2.10 pts,3.29,,18,,#N/A
27,3/18/25,5,S2,ONT401 / 25,ON-TRACK/B,ROBERT YEE,12,2025,,,0.86,,18,,#N/A
27,3/18/25,6,S2,ENG802 / 26,SENIOR ENG/B,HEATHER CARVER,12,2025,B-,2.74 pts,1,,18,,#N/A
27,3/18/25,1,S2,HFL114 / 21,FAMILY HEALTH,THOMAS KESSINGER,9,2028,A,3.92 pts,1,,2,,#N/A
27,3/18/25,2,S2,ASL502 / 22,AMERICAN  SIGN LANGUAGE I/B,KYLA RITCHEY,9,2028,D,1.76 pts,1,,2,,#N/A
27,3/18/25,3,S2,MAT521 / 43,ALGEBRA I B,JANET GROVE,9,2028,C+,2.54 pts,1,,2,,#N/A
27,3/18/25,4,S2,SCI504 / 24,PHYSICAL SCIENCE B,JAMES BENNETT,9,2028,C-,2.19 pts,1.14,,2,,#N/A
27,3/18/25,5,S2,VOC705 / 25,DIGITAL PHOTOGRAPHY I,ROSANNA RUFF,9,2028,A,3.97 pts,1,,2,,#N/A
27,3/18/25,6,S2,ENG502 / 26,FR ENGLISH/B,DAVID HOLLINGSWORTH,9,2028,B-,2.73 pts,1.14,Melanie,2,Active,Yes
27,3/18/25,1,S2,CTE115 / 21,ENGINEERING B,JASON BLAESING,11,2026,F,1.29 pts,0,,19,,#N/A
27,3/18/25,2,S2,FAR108 / 22,CERAMICS I,ROBERT YEE,11,2026,B,3.00 pts,0,,19,,#N/A
27,3/18/25,3,S2,PED101 / 23,PHYSICAL EDUCATION,SCOTT DIZMANG,11,2026,A-,3.53 pts,0,,19,,#N/A
27,3/18/25,4,S2,ENG702 / 24,JUNIOR ENG/B,JOHN CARVER,11,2026,D,1.65 pts,0.14,,19,,#N/A
27,3/18/25,5,S2,SOC704 / 25,AP US HISTORY B,RYAN ISAACSON,11,2026,F,0.10 pts,0,,19,,#N/A
27,3/18/25,6,S2,MAT702 / 26,ALGEBRA II B,JASON BLAESING,11,2026,C,2.29 pts,0,Larry,19,Active,Yes
27,3/18/25,1,S2,ENG602 / 21,SOPH ENG/B,MARCEE SALAS,10,2027,A-,3.50 pts,4.14,,20,,#N/A
27,3/18/25,2,S2,MAT523 / 42,GEOMETRY B,BRIAN ANDERSON,10,2027,B+,3.23 pts,4,,20,,#N/A
27,3/18/25,3,S2,FAR109 / 23,CERAMICS II,ROBERT YEE,10,2027,,,1,,20,,#N/A
27,3/18/25,3,S2,FAR108 / 23,CERAMICS I,ROBERT YEE,10,2027,,,3,,20,,#N/A
27,3/18/25,4,S2,SCI602 / 24,BIOLOGY B,GRANT MERRILL,10,2027,B+,3.24 pts,4,Linda,20,Active,Yes
27,3/18/25,5,S2,CTE101 / 25,MEDICAL CAREER & TERMS/B,DONNA SCHATZ,10,2027,C,2.33 pts,4,,20,,#N/A
27,3/18/25,6,S2,SOC109 / 46,WORLD HISTORY/B,DAVE HAJEK,10,2027,B-,2.70 pts,4.14,,20,,#N/A
27,3/18/25,1,S2,SOC702 / 21,US HISTORY/B,DAVE HAJEK,11,2026,F,0.62 pts,5,,21,,#N/A
27,3/18/25,2,S2,MAT523 / 22,GEOMETRY B,ROCHELLE AITON,11,2026,F,0.63 pts,4.86,John,21,Active,Yes
27,3/18/25,3,S2,BUS302 / 23,PERSONAL FINANCE B,NICOLE SIMEK,11,2026,C,2.28 pts,4.86,,21,,Yes
27,3/18/25,4,S2,HFL119 / 24,ADV CULINARY ARTS B,ALEXANDRA YOST,11,2026,A-,3.50 pts,5.14,,21,,#N/A
27,3/18/25,5,S2,ENG702 / 25,JUNIOR ENG/B,JOHN CARVER,11,2026,D,1.65 pts,5.29,,21,,#N/A
27,3/18/25,6,S2,FAR113 / 26,INTRO TO ART AND DESIGN,ROBERT YEE,11,2026,,3.00 pts,5.14,,21,,#N/A
27,3/18/25,6,S2,FAR114 / 26,INTERMEDIATE ART,ROBERT YEE,11,2026,,,0.14,,21,,#N/A
27,3/18/25,1,S2,PED513 / 21,TEAM GAMES,SCOTT DIZMANG,11,2026,A,4.00 pts,0,,22,,#N/A
27,3/18/25,2,S2,HFL115 / 22,ADVANCED PASTRY ARTS I,KAYLA PAYNE,11,2026,A,3.93 pts,0,,22,,#N/A
27,3/18/25,3,S2,MAT702 / 23,ALGEBRA II B,JENNIFER REILLY,11,2026,C-,2.10 pts,0.14,Larry,22,Active,Yes
27,3/18/25,4,S2,SCI504 / 44,PHYSICAL SCIENCE B,WILLIAM BAUR,11,2026,B,3.03 pts,0,,22,,#N/A
27,3/18/25,5,S2,SOC702 / 25,US HISTORY/B,DAVE HAJEK,11,2026,B+,3.24 pts,0.29,,22,,#N/A
27,3/18/25,6,S2,ENG702 / 26,JUNIOR ENG/B,JOHN CARVER,11,2026,B+,3.23 pts,0.43,,22,,#N/A
27,3/18/25,1,S2,MAT705 / 21,PRE-CALC B MAT 154,BRIAN ANDERSON,12,2025,B-,2.82 pts,0.5,,24,,#N/A
27,3/18/25,2,S2,RUN102 / 22,RUNNING START/B,,12,2025,,,0,,24,,#N/A
27,3/18/25,3,S2,RUN102 / 23,RUNNING START/B,,12,2025,,,0,,24,,#N/A
27,3/18/25,4,S2,RUN102 / 24,RUNNING START/B,,12,2025,,,0,,24,,#N/A
27,3/18/25,5,S2,ENG802 / 25,SENIOR ENG/B,HEATHER CARVER,12,2025,A,3.74 pts,0.25,,24,,#N/A
27,3/18/25,6,S2,SOC801 / 26,CONTEMPORARY WORLD ISSUES,JIM REED,12,2025,A,3.99 pts,0,,24,,#N/A
27,3/18/25,1,S2,PED500 / 21,WEIGHT TRAINING,SCOTT BOOTHBY,9,2028,B,3.10 pts,0,,25,,#N/A
27,3/18/25,2,S2,SCI504 / 42,PHYSICAL SCIENCE B,WILLIAM BAUR,9,2028,F,0.75 pts,0,,25,,#N/A
27,3/18/25,3,S2,FAR108 / 23,CERAMICS I,ROBERT YEE,9,2028,,,0,,25,,#N/A
27,3/18/25,4,S2,CTE230 / 24,SOCIAL MEDIA MARKETING I,NICOLE SIMEK,9,2028,D+,1.95 pts,0,,25,,#N/A
27,3/18/25,5,S2,MAT521 / 25,ALGEBRA I B,KEVIN REILLY,9,2028,B,2.95 pts,0,,25,,#N/A
27,3/18/25,6,S2,ENG502 / 26,FR ENGLISH/B,DAVID HOLLINGSWORTH,9,2028,F,0.33 pts,0,Alex W,25,Active,Yes
27,3/18/25,1,S2,ENG702 / 21,JUNIOR ENG/B,JOHN CARVER,11,2026,F,0.99 pts,10.71,,26,,#N/A
27,3/18/25,2,S2,SCI504 / 22,PHYSICAL SCIENCE B,JAMES BENNETT,11,2026,B+,3.23 pts,8.86,,26,,#N/A
27,3/18/25,3,S2,BUS302 / 23,PERSONAL FINANCE B,NICOLE SIMEK,11,2026,F,1.29 pts,8.14,,26,,Yes
27,3/18/25,4,S2,SOC702 / 24,US HISTORY/B,DAVE HAJEK,11,2026,C,2.27 pts,6.71,,26,,#N/A
27,3/18/25,5,S2,ONT401 / 25,ON-TRACK/B,ROBERT YEE,11,2026,,,8.86,,26,,#N/A
27,3/18/25,6,S2,FAR113 / 26,INTRO TO ART AND DESIGN,ROBERT YEE,11,2026,F,0.00 pts,8.86,,26,,#N/A
27,3/18/25,1,S2,MAT702 / 21,ALGEBRA II B,JENNIFER REILLY,11,2026,C,2.28 pts,6.14,,29,,#N/A
27,3/18/25,2,S2,SCI504 / 42,PHYSICAL SCIENCE B,WILLIAM BAUR,11,2026,A,3.63 pts,5.57,,29,,#N/A
27,3/18/25,3,S2,ENG720 / 23,AP LANGUAGE/ COMPOSITON B,HEATHER CARVER,11,2026,C+,2.62 pts,5.14,,29,,#N/A
27,3/18/25,4,S2,ASL506 / 24,AMER SIGN III/B,TAMI GRANT,11,2026,A-,3.50 pts,4.29,,29,,#N/A
27,3/18/25,5,S2,CTE502 / 25,PROJECT IN  LEADERSHIP/B,KYLA RITCHEY,11,2026,A,3.71 pts,4,,29,,#N/A
27,3/18/25,6,S2,SOC702 / 26,US HISTORY/B,SCOTT BOOTHBY,11,2026,B-,2.73 pts,5.14,Melanie,29,Active,Yes
27,3/18/25,1,S2,ENG802 / 21,SENIOR ENG/B,HEATHER CARVER,12,2025,D,1.75 pts,0.29,,27,,#N/A
27,3/18/25,2,S2,BUS302 / 22,PERSONAL FINANCE B,NICOLE SIMEK,12,2025,F,0.65 pts,0.29,,27,,Yes
27,3/18/25,3,S2,ONT401 / 23,ON-TRACK/B,BRIAN ANDERSON,12,2025,U,0.17 pts,0,,27,,#N/A
27,3/18/25,4,S2,SOC801 / 24,CONTEMPORARY WORLD ISSUES,JIM REED,12,2025,F,0.48 pts,0,,27,,#N/A
27,3/18/25,5,S2,CTE101 / 25,MEDICAL CAREER & TERMS/B,DONNA SCHATZ,12,2025,F,1.18 pts,0,,27,,#N/A
27,3/18/25,6,S2,ENG715 / 26,FILM AS LITERATURE,KELLY GREGERSEN,12,2025,F,1.55 pts,0,,27,,#N/A
27,3/18/25,1,S2,ENG602 / 21,SOPH ENG/B,MARCEE SALAS,10,2027,D,1.77 pts,1,,28,,#N/A
27,3/18/25,2,S2,SCI602 / 42,BIOLOGY B,DONNA SCHATZ,10,2027,C,2.22 pts,1.29,,28,,#N/A
27,3/18/25,3,S2,ASL502 / 23,AMERICAN  SIGN LANGUAGE I/B,KYLA RITCHEY,10,2027,B,3.12 pts,1,,28,,#N/A
27,3/18/25,4,S2,MAT523 / 24,GEOMETRY B,ROCHELLE AITON,10,2027,F,1.32 pts,1,,28,,Yes
27,3/18/25,5,S2,HFL116 / 25,BAKING PASTRY ARTS I,KAYLA PAYNE,10,2027,B,3.00 pts,1,,28,,#N/A
27,3/18/25,6,S2,SOC109 / 26,WORLD HISTORY/B,RYAN ISAACSON,10,2027,F,1.25 pts,1.43,,28,,#N/A
27,3/18/25,1,S2,ENG802 / 21,SENIOR ENG/B,HEATHER CARVER,12,2025,C+,2.55 pts,6.29,,30,,#N/A
27,3/18/25,2,S2,ASL504 / 22,AMERICAN SIGN LANGUAGE II/B,TAMI GRANT,12,2025,A-,3.42 pts,5.43,,30,,#N/A
27,3/18/25,3,S2,HFL113 / 23,INTRO CULINARY ART,ALEXANDRA YOST,12,2025,A,3.96 pts,5.71,,30,,#N/A
27,3/18/25,4,S2,SOC801 / 24,CONTEMPORARY WORLD ISSUES,JIM REED,12,2025,B+,3.37 pts,5.14,,30,,#N/A
27,3/18/25,5,S2,BUS302 / 25,PERSONAL FINANCE B,NICOLE SIMEK,12,2025,B+,3.32 pts,5,,30,,Yes
27,3/18/25,6,S2,VOC621 / 26,METAL CRAFTS & PRODUCTION II,DONALD O'BRIEN,12,2025,B,2.95 pts,5.71,,30,,#N/A
27,3/18/25,1,S2,SOC109 / 21,WORLD HISTORY/B,DAVID HOLLINGSWORTH,10,2027,A,3.65 pts,1,,32,,#N/A
27,3/18/25,2,S2,HFL114 / 22,FAMILY HEALTH,THOMAS KESSINGER,10,2027,A,3.86 pts,1,,32,,#N/A
27,3/18/25,3,S2,SCI602 / 43,BIOLOGY B,DONNA SCHATZ,10,2027,B,3.14 pts,1,,32,,#N/A
27,3/18/25,4,S2,MAT523 / 24,GEOMETRY B,ROCHELLE AITON,10,2027,F,1.30 pts,1.57,,32,,Yes
27,3/18/25,5,S2,ASL504 / 25,AMERICAN SIGN LANGUAGE II/B,TAMI GRANT,10,2027,B,2.92 pts,1.57,,32,,#N/A
27,3/18/25,6,S2,ENG602 / 26,SOPH ENG/B,MARCEE SALAS,10,2027,C,2.33 pts,1.57,,32,,#N/A
27,3/18/25,1,S2,PED513 / 21,TEAM GAMES,SCOTT DIZMANG,10,2027,A,4.00 pts,1.29,,33,,#N/A
27,3/18/25,2,S2,MAT523 / 22,GEOMETRY B,ROCHELLE AITON,10,2027,F,0.95 pts,1.29,John L,33,Active,Yes
27,3/18/25,3,S2,ASL502 / 23,AMERICAN  SIGN LANGUAGE I/B,KYLA RITCHEY,10,2027,B,3.02 pts,1.43,,33,,#N/A
27,3/18/25,4,S2,SOC109 / 24,WORLD HISTORY/B,DAVID HOLLINGSWORTH,10,2027,F,0.17 pts,1.43,,33,,#N/A
27,3/18/25,5,S2,ENG602 / 25,SOPH ENG/B,MARCEE SALAS,10,2027,F,0.95 pts,1.43,,33,,Yes
27,3/18/25,6,S2,SCI602 / 46,BIOLOGY B,WILLIAM BAUR,10,2027,F,0.00 pts,1.71,,33,,Yes
27,3/18/25,1,S2,VOC504 / 21,ADV FINE ARTS WOODWORKING I,BRENT MANSELL,10,2027,A,3.80 pts,3.29,,34,,#N/A
27,3/18/25,2,S2,ENG602 / 22,SOPH ENG/B,KELLY GREGERSEN,10,2027,F,0.60 pts,0.29,Cindy,34,Active,Yes
27,3/18/25,3,S2,MAT523 / 23,GEOMETRY B,ROCHELLE AITON,10,2027,F,0.63 pts,2.71,,34,,Yes
27,3/18/25,4,S2,PED513 / 24,TEAM GAMES,SCOTT DIZMANG,10,2027,F,0.68 pts,3.43,,34,,#N/A
27,3/18/25,5,S2,SCI602 / 25,BIOLOGY B,GRANT MERRILL,10,2027,F,0.91 pts,1.57,,34,,#N/A
27,3/18/25,6,S2,SOC109 / 26,WORLD HISTORY/B,RYAN ISAACSON,10,2027,F,1.25 pts,1,,34,,#N/A
27,3/18/25,1,S2,ENG802 / 21,SENIOR ENG/B,HEATHER CARVER,12,2025,D,1.70 pts,1,,35,,#N/A
27,3/18/25,2,S2,SCI504 / 22,PHYSICAL SCIENCE B,JAMES BENNETT,12,2025,C,2.36 pts,1.71,,35,,#N/A
27,3/18/25,3,S2,SOC801 / 23,CONTEMPORARY WORLD ISSUES,JIM REED,12,2025,F,0.69 pts,1,,35,,#N/A
27,3/18/25,4,S2,MAT521 / 24,ALGEBRA I B,KEVIN REILLY,12,2025,C,2.41 pts,1.57,,35,,#N/A
27,3/18/25,5,S2,ONT401 / 25,ON-TRACK/B,ROBERT YEE,12,2025,,,1.86,,35,,#N/A
27,3/18/25,6,S2,SCI602 / 46,BIOLOGY B,WILLIAM BAUR,12,2025,D+,1.97 pts,1.71,,35,,Yes
27,3/18/25,1,S2,CTE115 / 21,ENGINEERING B,JASON BLAESING,11,2026,F,1.36 pts,0,,36,,#N/A
27,3/18/25,2,S2,MAT702 / 22,ALGEBRA II B,JASON BLAESING,11,2026,F,1.51 pts,0,Larry,36,Active,Yes
27,3/18/25,3,S2,FAR604 / 23,SCENE DESIGN,KELLY GREGERSEN,11,2026,B+,3.37 pts,0,,36,,#N/A
27,3/18/25,4,S2,ENG702 / 24,JUNIOR ENG/B,JOHN CARVER,11,2026,C,2.46 pts,0,,36,,#N/A
27,3/18/25,5,S2,SOC702 / 25,US HISTORY/B,DAVE HAJEK,11,2026,C+,2.54 pts,0.29,,36,,#N/A
27,3/18/25,6,S2,FAR543 / 26,WIND ENSEMB/B,DAVID DUARTE,11,2026,A-,3.58 pts,0.29,,36,,#N/A
27,3/18/25,1,S2,PED500 / 21,WEIGHT TRAINING,SCOTT BOOTHBY,11,2026,C-,2.10 pts,5.14,,37,,#N/A
27,3/18/25,2,S2,SCI504 / 22,PHYSICAL SCIENCE B,JAMES BENNETT,11,2026,F,0.29 pts,4.86,,37,,#N/A
27,3/18/25,3,S2,ONT401 / 23,ON-TRACK/B,BRIAN ANDERSON,11,2026,U,0.20 pts,4.86,,37,,#N/A
27,3/18/25,4,S2,ENG716 / 24,DRAMATIC LITERATURE,KELLY GREGERSEN,11,2026,C-,2.04 pts,4.86,,37,,#N/A
27,3/18/25,5,S2,BUS302 / 25,PERSONAL FINANCE B,NICOLE SIMEK,11,2026,F,0.64 pts,4.86,,37,,Yes
27,3/18/25,6,S2,SOC702 / 26,US HISTORY/B,SCOTT BOOTHBY,11,2026,D,1.71 pts,4.86,,37,,Yes
27,3/18/25,1,S2,MAT523 / 21,GEOMETRY B,ROCHELLE AITON,10,2027,F,1.28 pts,5.14,,38,,Yes
27,3/18/25,2,S2,VOC107 / 22,METALS MANUF & TECHNOLOGY II,DONALD O'BRIEN,10,2027,A,4.00 pts,4.57,,38,,#N/A
27,3/18/25,3,S2,SCI602 / 43,BIOLOGY B,DONNA SCHATZ,10,2027,C,2.30 pts,4.43,,38,,#N/A
27,3/18/25,4,S2,SOC109 / 24,WORLD HISTORY/B,DAVID HOLLINGSWORTH,10,2027,C+,2.58 pts,4.57,,38,,#N/A
27,3/18/25,5,S2,ENG602 / 25,SOPH ENG/B,MARCEE SALAS,10,2027,D+,1.94 pts,4.57,,38,,Yes
27,3/18/25,6,S2,PED500 / 26,WEIGHT TRAINING,SCOTT DIZMANG,10,2027,A,3.75 pts,4.57,,38,,#N/A
27,3/18/25,1,S2,VOC620 / 21,METAL CRAFTS & PRODUCTION I,DONALD O'BRIEN,10,2027,A,4.00 pts,1.14,,39,,#N/A
27,3/18/25,2,S2,SOC109 / 22,WORLD HISTORY/B,DAVID HOLLINGSWORTH,10,2027,B,3.09 pts,1.14,,39,,#N/A
27,3/18/25,3,S2,MAT523 / 23,GEOMETRY B,ROCHELLE AITON,10,2027,D,1.65 pts,1,,39,,Yes
27,3/18/25,4,S2,VOC503 / 24,FINE ARTS WOODS II,BRENT MANSELL,10,2027,A,4.00 pts,1,,39,,#N/A
27,3/18/25,5,S2,ENG602 / 25,SOPH ENG/B,MARCEE SALAS,10,2027,C-,2.05 pts,1,,39,,Yes
27,3/18/25,6,S2,SCI602 / 46,BIOLOGY B,WILLIAM BAUR,10,2027,D+,1.93 pts,1,,39,,Yes
27,3/18/25,1,S2,ENG702 / 21,JUNIOR ENG/B,JOHN CARVER,11,2026,C+,2.54 pts,0.14,,40,,#N/A
27,3/18/25,2,S2,MAT702 / 22,ALGEBRA II B,JASON BLAESING,11,2026,F,1.04 pts,0.29,Larry,40,Active,Yes
27,3/18/25,3,S2,SCI504 / 43,PHYSICAL SCIENCE B,WILLIAM BAUR,11,2026,F,1.08 pts,0,,40,,#N/A
27,3/18/25,4,S2,VOC504 / 24,ADV FINE ARTS WOODWORKING I,BRENT MANSELL,11,2026,A,4.00 pts,0,,40,,#N/A
27,3/18/25,5,S2,SPA602 / 25,SPANISH II B,ARELI LOPEZ LOPEZ,11,2026,B-,2.83 pts,0,,40,,#N/A
27,3/18/25,6,S2,SOC702 / 26,US HISTORY/B,SCOTT BOOTHBY,11,2026,C+,2.61 pts,0,,40,,Yes
27,3/18/25,1,S2,MAT702 / 21,ALGEBRA II B,JENNIFER REILLY,11,2026,C+,2.60 pts,5.29,,47,,#N/A
27,3/18/25,2,S2,SCI610 / 22,CHEMISTRY/B,GRANT MERRILL,11,2026,D,1.74 pts,5.29,,47,,Yes
27,3/18/25,3,S2,ASL504 / 23,AMERICAN SIGN LANGUAGE II/B,TAMI GRANT,11,2026,B,3.17 pts,5,,47,,#N/A
27,3/18/25,4,S2,SOC702 / 24,US HISTORY/B,DAVE HAJEK,11,2026,F,0.57 pts,5,,47,,#N/A
27,3/18/25,5,S2,PED500 / 25,WEIGHT TRAINING,SCOTT DIZMANG,11,2026,A,3.75 pts,5,,47,,#N/A
27,3/18/25,6,S2,ENG702 / 26,JUNIOR ENG/B,JOHN CARVER,11,2026,B,3.09 pts,5,,47,,#N/A
27,3/18/25,1,S2,ENG702 / 21,JUNIOR ENG/B,JOHN CARVER,11,2026,C,2.40 pts,0.57,,41,,#N/A
27,3/18/25,2,S2,SCI504 / 42,PHYSICAL SCIENCE B,WILLIAM BAUR,11,2026,C-,2.02 pts,0,,41,,#N/A
27,3/18/25,3,S2,ASL504 / 23,AMERICAN SIGN LANGUAGE II/B,TAMI GRANT,11,2026,B+,3.33 pts,0.14,,41,,#N/A
27,3/18/25,4,S2,SOC702 / 24,US HISTORY/B,DAVE HAJEK,11,2026,C-,2.10 pts,0.43,,41,,#N/A
27,3/18/25,5,S2,MAT702 / 45,ALGEBRA II B,JENNIFER REILLY,11,2026,D+,1.98 pts,0.43,,41,,Yes
27,3/18/25,6,S2,FAR113 / 26,INTRO TO ART AND DESIGN,ROBERT YEE,11,2026,F,1.46 pts,0.57,,41,,#N/A
27,3/18/25,1,S2,FAR607 / 21,ADVANCED ACTING/ B,KELLY GREGERSEN,12,2025,A,3.90 pts,1,,42,,#N/A
27,3/18/25,2,S2,SCI610 / 22,CHEMISTRY/B,GRANT MERRILL,12,2025,F,0.99 pts,1.14,Jay,42,Active,Yes
27,3/18/25,3,S2,ENG802 / 23,SENIOR ENG/B,JOHN CARVER,12,2025,F,0.92 pts,1.14,,42,,#N/A
27,3/18/25,4,S2,HFL119 / 24,ADV CULINARY ARTS B,ALEXANDRA YOST,12,2025,A-,3.50 pts,1,,42,,#N/A
27,3/18/25,5,S2,BUS302 / 25,PERSONAL FINANCE B,NICOLE SIMEK,12,2025,C-,2.04 pts,1,,42,,Yes
27,3/18/25,6,S2,FAR543 / 26,WIND ENSEMB/B,DAVID DUARTE,12,2025,C-,2.00 pts,1,,42,,#N/A
27,3/18/25,1,S2,ENG702 / 21,JUNIOR ENG/B,JOHN CARVER,11,2026,B,2.94 pts,4.57,,43,,#N/A
27,3/18/25,2,S2,SCI504 / 22,PHYSICAL SCIENCE B,JAMES BENNETT,11,2026,B,3.06 pts,4.57,Larry,43,Active,#N/A
27,3/18/25,3,S2,ASL504 / 23,AMERICAN SIGN LANGUAGE II/B,TAMI GRANT,11,2026,B,3.17 pts,4.57,,43,,#N/A
27,3/18/25,4,S2,SOC702 / 24,US HISTORY/B,DAVE HAJEK,11,2026,B-,2.83 pts,4.57,,43,,#N/A
27,3/18/25,5,S2,SOC106 / 25,AP PSYCHOLOGY B,JIM REED,11,2026,F,1.50 pts,4.57,,43,,#N/A
27,3/18/25,6,S2,MAT702 / 26,ALGEBRA II B,JASON BLAESING,11,2026,F,1.32 pts,4.71,,43,,Yes
27,3/18/25,1,S2,MAT523 / 21,GEOMETRY B,ROCHELLE AITON,10,2027,F,0.00 pts,11.57,,44,,Yes
27,3/18/25,2,S2,SCI602 / 42,BIOLOGY B,DONNA SCHATZ,10,2027,F,0.11 pts,9.71,,44,,#N/A
27,3/18/25,3,S2,FAR604 / 23,SCENE DESIGN,KELLY GREGERSEN,10,2027,C+,2.60 pts,10.43,,44,,#N/A
27,3/18/25,4,S2,HFL113 / 24,INTRO CULINARY ART,KAYLA PAYNE,10,2027,B,3.00 pts,9.14,,44,,#N/A
27,3/18/25,5,S2,ENG602 / 25,SOPH ENG/B,MARCEE SALAS,10,2027,F,0.75 pts,9.86,,44,,Yes
27,3/18/25,6,S2,SOC109 / 26,WORLD HISTORY/B,RYAN ISAACSON,10,2027,F,0.00 pts,11.14,,44,,#N/A
27,3/18/25,1,S2,PED101 / 21,PHYSICAL EDUCATION,KATHERINE STURDYVIN-SCOBBA,11,2026,B,3.00 pts,1.29,,45,,#N/A
27,3/18/25,2,S2,SCI610 / 22,CHEMISTRY/B,GRANT MERRILL,11,2026,D,1.74 pts,1.29,Jay,45,Active,Yes
27,3/18/25,3,S2,ENG720 / 23,AP LANGUAGE/ COMPOSITON B,HEATHER CARVER,11,2026,B+,3.31 pts,1,,45,,#N/A
27,3/18/25,4,S2,CTE231 / 24,SOCIAL MEDIA MARKETING II,NICOLE SIMEK,11,2026,A,4.00 pts,1,,45,,#N/A
27,3/18/25,5,S2,SOC704 / 25,AP US HISTORY B,RYAN ISAACSON,11,2026,F,1.40 pts,1,,45,,#N/A
27,3/18/25,6,S2,MAT702 / 26,ALGEBRA II B,JASON BLAESING,11,2026,F,1.42 pts,1,,45,,Yes
27,3/18/25,6,S2,MAT702 / 26,ALGEBRA II B,JASON BLAESING,11,2026,B-,2.71 pts,1,,50,,Yes
27,3/18/25,2,S2,ENG602 / 22,SOPH ENG/B,KELLY GREGERSEN,10,2027,A-,3.40 pts,1.86,,52,,Yes
27,3/18/25,4,S2,MAT523 / 24,GEOMETRY B,ROCHELLE AITON,10,2027,D,1.73 pts,1.14,,52,,Yes
27,3/18/25,2,S2,MAT523 / 22,GEOMETRY B,ROCHELLE AITON,10,2027,F,0.63 pts,8.14,,53,,Yes
27,3/18/25,4,S2,SCI602 / 24,BIOLOGY B,GRANT MERRILL,10,2027,F,1.08 pts,7.43,,53,,Yes
27,3/18/25,6,S2,MAT702 / 26,ALGEBRA II B,JASON BLAESING,10,2027,A,3.68 pts,0,,54,,Yes
27,3/18/25,2,S2,SCI610 / 22,CHEMISTRY/B,GRANT MERRILL,11,2026,F,1.23 pts,2.29,,55,,Yes
27,3/18/25,2,S2,MAT702 / 22,ALGEBRA II B,JASON BLAESING,11,2026,B,3.04 pts,0,,56,,Yes
27,3/18/25,5,S2,MAT523 / 25,GEOMETRY B,BRIAN ANDERSON,10,2027,F,0.96 pts,0,,59,,Yes
27,3/18/25,2,S2,SCI610 / 22,CHEMISTRY/B,GRANT MERRILL,11,2026,D+,1.98 pts,1.67,,60,,Yes
27,3/18/25,3,S2,MAT702 / 23,ALGEBRA II B,JENNIFER REILLY,11,2026,B,3.05 pts,1.67,,60,,Yes
27,3/18/25,1,S2,ENG504 / 21,PRE-AP FRESHMAN ENGLISH/B,ANGELINA MERRILL,9,2028,B,2.98 pts,0.29,,470,,Yes
27,3/18/25,2,S2,SCI610 / 22,CHEMISTRY/B,GRANT MERRILL,10,2027,W,1.49 pts,4.43,,471,,Yes
27,3/18/25,3,S2,MAT702 / 23,ALGEBRA II B,JENNIFER REILLY,10,2027,C,2.33 pts,4,,471,,Yes
27,3/18/25,2,S2,BUS302 / 22,PERSONAL FINANCE B,NICOLE SIMEK,12,2025,B,2.95 pts,4.29,,61,,Yes
27,3/18/25,5,S2,MAT523 / 25,GEOMETRY B,BRIAN ANDERSON,10,2027,D+,1.83 pts,5.86,,63,,Yes
27,3/18/25,6,S2,ENG502 / 26,FR ENGLISH/B,DAVID HOLLINGSWORTH,9,2028,A-,3.43 pts,1.29,,472,,Yes
27,3/18/25,3,S2,BUS302 / 23,PERSONAL FINANCE B,NICOLE SIMEK,11,2026,D+,1.89 pts,7.71,,65,,Yes
27,3/18/25,5,S2,MAT702 / 45,ALGEBRA II B,JENNIFER REILLY,11,2026,C+,2.56 pts,6.71,,65,,Yes
27,3/18/25,2,S2,MAT702 / 22,ALGEBRA II B,JASON BLAESING,10,2027,A,3.69 pts,3,,66,,Yes
27,3/18/25,5,S2,MAT702 / 45,ALGEBRA II B,JENNIFER REILLY,12,2025,F,1.28 pts,2.43,,473,,Yes
27,3/18/25,3,S2,MAT523 / 23,GEOMETRY B,ROCHELLE AITON,10,2027,F,1.30 pts,1.71,,67,,Yes
27,3/18/25,6,S2,SOC702 / 26,US HISTORY/B,SCOTT BOOTHBY,11,2026,A,3.92 pts,5,,68,,Yes
27,3/18/25,3,S2,MAT523 / 23,GEOMETRY B,ROCHELLE AITON,10,2027,D+,1.92 pts,0.86,,424,,Yes
27,3/18/25,3,S2,MAT523 / 23,GEOMETRY B,ROCHELLE AITON,9,2028,C+,2.67 pts,3.43,,69,,Yes
27,3/18/25,1,S2,SCI504 / 21,PHYSICAL SCIENCE B,JAMES BENNETT,9,2028,D,1.74 pts,2.14,,70,,Yes
27,3/18/25,6,S2,ENG502 / 26,FR ENGLISH/B,DAVID HOLLINGSWORTH,9,2028,A,4.00 pts,1.71,,70,,Yes
27,3/18/25,6,S2,SOC702 / 26,US HISTORY/B,SCOTT BOOTHBY,11,2026,B-,2.78 pts,0,,71,,Yes
27,3/18/25,1,S2,MAT523 / 21,GEOMETRY B,ROCHELLE AITON,10,2027,F,1.28 pts,4,,72,,Yes
27,3/18/25,5,S2,ENG602 / 25,SOPH ENG/B,MARCEE SALAS,10,2027,C,2.29 pts,3.71,,72,,Yes
24,2/25/25,4,S2,MAT702 / 24,ALGEBRA II B,JENNIFER REILLY,11,2026,F,0.10 pts,4,,538,,Yes
27,3/18/25,2,S2,MAT523 / 22,GEOMETRY B,ROCHELLE AITON,9,2028,B,3.18 pts,1.43,,76,,Yes
27,3/18/25,5,S2,MAT702 / 45,ALGEBRA II B,JENNIFER REILLY,11,2026,C+,2.69 pts,6,,475,,Yes
27,3/18/25,2,S2,ENG602 / 22,SOPH ENG/B,KELLY GREGERSEN,10,2027,A,3.97 pts,5,,77,,Yes
27,3/18/25,3,S2,SCI602 / 23,BIOLOGY B,GRANT MERRILL,10,2027,B+,3.33 pts,5,,77,,Yes
27,3/18/25,1,S2,ENG504 / 21,PRE-AP FRESHMAN ENGLISH/B,ANGELINA MERRILL,9,2028,A,3.75 pts,0,,476,,Yes
27,3/18/25,4,S2,MAT523 / 24,GEOMETRY B,ROCHELLE AITON,10,2027,C,2.30 pts,1.29,,425,,Yes
27,3/18/25,6,S2,MAT702 / 26,ALGEBRA II B,JASON BLAESING,10,2027,C,2.40 pts,0,,477,,Yes
27,3/18/25,1,S2,MAT523 / 21,GEOMETRY B,ROCHELLE AITON,9,2028,D,1.65 pts,4.86,,79,,Yes
27,3/18/25,5,S2,MAT523 / 25,GEOMETRY B,BRIAN ANDERSON,10,2027,A,3.62 pts,0,,80,,Yes
27,3/18/25,2,S2,SCI610 / 22,CHEMISTRY/B,GRANT MERRILL,12,2025,F,1.20 pts,8,,82,,Yes
27,3/18/25,1,S2,MAT523 / 21,GEOMETRY B,ROCHELLE AITON,10,2027,C,2.23 pts,5.14,,83,,Yes
27,3/18/25,1,S2,MAT523 / 21,GEOMETRY B,ROCHELLE AITON,10,2027,F,1.00 pts,1,,84,,Yes
27,3/18/25,6,S2,SOC702 / 26,US HISTORY/B,SCOTT BOOTHBY,11,2026,A-,3.43 pts,0,,85,,Yes
27,3/18/25,2,S2,SCI610 / 22,CHEMISTRY/B,GRANT MERRILL,11,2026,C+,2.50 pts,1.86,,86,,Yes
27,3/18/25,6,S2,SOC702 / 26,US HISTORY/B,SCOTT BOOTHBY,11,2026,A-,3.48 pts,1.86,,86,,Yes
27,3/18/25,3,S2,MAT523 / 23,GEOMETRY B,ROCHELLE AITON,10,2027,F,0.00 pts,7.29,,88,,Yes
27,3/18/25,5,S2,ENG602 / 25,SOPH ENG/B,MARCEE SALAS,10,2027,F,1.08 pts,7.14,,88,,Yes
27,3/18/25,6,S2,SCI602 / 46,BIOLOGY B,WILLIAM BAUR,10,2027,F,0.02 pts,7.14,,88,,Yes
27,3/18/25,6,S2,MAT702 / 26,ALGEBRA II B,JASON BLAESING,10,2027,C+,2.67 pts,4.14,,89,,Yes
27,3/18/25,2,S2,BUS302 / 22,PERSONAL FINANCE B,NICOLE SIMEK,12,2025,W,0.21 pts,6.43,,426,,Yes
27,3/18/25,3,S2,BUS302 / 23,PERSONAL FINANCE B,NICOLE SIMEK,12,2025,A,3.70 pts,2.14,,90,,Yes
27,3/18/25,5,S2,BUS302 / 25,PERSONAL FINANCE B,NICOLE SIMEK,12,2025,C+,2.69 pts,12,,478,,Yes
27,3/18/25,3,S2,SCI602 / 23,BIOLOGY B,GRANT MERRILL,10,2027,W,0.15 pts,16.43,,92,,Yes
27,3/18/25,2,S2,BUS302 / 22,PERSONAL FINANCE B,NICOLE SIMEK,12,2025,A,3.99 pts,4.29,,93,,Yes
27,3/18/25,2,S2,ENG602 / 22,SOPH ENG/B,KELLY GREGERSEN,10,2027,F,0.25 pts,0,,94,,Yes
27,3/18/25,3,S2,BUS302 / 23,PERSONAL FINANCE B,NICOLE SIMEK,11,2026,B+,3.22 pts,0,,479,,Yes
27,3/18/25,1,S2,ENG504 / 21,PRE-AP FRESHMAN ENGLISH/B,ANGELINA MERRILL,9,2028,A,3.98 pts,0,,480,,Yes
27,3/18/25,3,S2,BUS302 / 23,PERSONAL FINANCE B,NICOLE SIMEK,12,2025,A,3.89 pts,1.29,,481,,Yes
27,3/18/25,2,S2,BUS302 / 22,PERSONAL FINANCE B,NICOLE SIMEK,12,2025,B+,3.23 pts,1.14,,96,,Yes
27,3/18/25,2,S2,BUS302 / 22,PERSONAL FINANCE B,NICOLE SIMEK,12,2025,A,3.71 pts,4.71,,97,,Yes
27,3/18/25,6,S2,ENG502 / 26,FR ENGLISH/B,DAVID HOLLINGSWORTH,9,2028,B-,2.71 pts,5.57,,98,,Yes
27,3/18/25,3,S2,SCI602 / 23,BIOLOGY B,GRANT MERRILL,10,2027,C+,2.52 pts,0,,99,,Yes
27,3/18/25,2,S2,SCI610 / 22,CHEMISTRY/B,GRANT MERRILL,11,2026,A,3.94 pts,0,,100,,Yes
27,3/18/25,2,S2,SCI610 / 22,CHEMISTRY/B,GRANT MERRILL,11,2026,C-,2.08 pts,0.29,,101,,Yes
27,3/18/25,3,S2,SCI602 / 23,BIOLOGY B,GRANT MERRILL,10,2027,,3.01 pts,1.57,,482,,Yes
27,3/18/25,1,S2,MAT523 / 21,GEOMETRY B,ROCHELLE AITON,10,2027,B+,3.35 pts,0,,102,,Yes
27,3/18/25,2,S2,ENG602 / 22,SOPH ENG/B,KELLY GREGERSEN,10,2027,A,4.00 pts,0,,102,,Yes
27,3/18/25,3,S2,SCI602 / 23,BIOLOGY B,GRANT MERRILL,10,2027,C+,2.56 pts,0,,102,,Yes
27,3/18/25,3,S2,MAT702 / 23,ALGEBRA II B,JENNIFER REILLY,11,2026,A-,3.56 pts,1,,103,,Yes
27,3/18/25,2,S2,BUS302 / 22,PERSONAL FINANCE B,NICOLE SIMEK,12,2025,F,0.68 pts,11.57,,104,,Yes
27,3/18/25,1,S2,SCI504 / 21,PHYSICAL SCIENCE B,JAMES BENNETT,12,2025,C-,2.03 pts,0.71,,105,,Yes
27,3/18/25,2,S2,BUS302 / 22,PERSONAL FINANCE B,NICOLE SIMEK,12,2025,C,2.48 pts,0,,105,,Yes
27,3/18/25,6,S2,MAT702 / 26,ALGEBRA II B,JASON BLAESING,11,2026,D,1.74 pts,2.14,,107,,Yes
27,3/18/25,5,S2,ENG602 / 25,SOPH ENG/B,MARCEE SALAS,10,2027,D+,1.92 pts,0,,108,,Yes
27,3/18/25,5,S2,ENG602 / 25,SOPH ENG/B,MARCEE SALAS,10,2027,F,0.95 pts,1,,110,,Yes
27,3/18/25,6,S2,SCI602 / 26,BIOLOGY B,GRANT MERRILL,10,2027,F,0.90 pts,1.57,,110,,Yes
27,3/18/25,4,S2,SCI602 / 24,BIOLOGY B,GRANT MERRILL,10,2027,C+,2.58 pts,0,,428,,Yes
27,3/18/25,6,S2,ENG502 / 26,FR ENGLISH/B,DAVID HOLLINGSWORTH,9,2028,A,3.77 pts,0,,111,,Yes
27,3/18/25,6,S2,MAT702 / 26,ALGEBRA II B,JASON BLAESING,11,2026,B,3.02 pts,1,,112,,Yes
27,3/18/25,2,S2,MAT702 / 22,ALGEBRA II B,JASON BLAESING,11,2026,C-,2.06 pts,4,,113,,Yes
27,3/18/25,2,S2,SCI610 / 22,CHEMISTRY/B,GRANT MERRILL,11,2026,C,2.28 pts,0,,114,,Yes
27,3/18/25,3,S2,SCI602 / 23,BIOLOGY B,GRANT MERRILL,10,2027,B,2.95 pts,9.14,,429,,Yes
27,3/18/25,1,S2,MAT523 / 21,GEOMETRY B,ROCHELLE AITON,10,2027,F,1.02 pts,4.57,,116,,Yes
27,3/18/25,2,S2,ENG602 / 22,SOPH ENG/B,KELLY GREGERSEN,10,2027,A,3.69 pts,4,,116,,Yes
27,3/18/25,2,S2,ENG602 / 22,SOPH ENG/B,KELLY GREGERSEN,10,2027,B,3.07 pts,1.71,,117,,Yes
27,3/18/25,3,S2,MAT523 / 23,GEOMETRY B,ROCHELLE AITON,10,2027,F,0.00 pts,6,,117,,Yes
27,3/18/25,6,S2,SCI602 / 26,BIOLOGY B,GRANT MERRILL,10,2027,F,0.09 pts,7.14,,117,,Yes
27,3/18/25,3,S2,MAT523 / 23,GEOMETRY B,ROCHELLE AITON,10,2027,B+,3.33 pts,0.43,,118,,Yes
27,3/18/25,1,S2,ENG504 / 21,PRE-AP FRESHMAN ENGLISH/B,ANGELINA MERRILL,9,2028,A,3.99 pts,2,,483,,Yes
27,3/18/25,6,S2,MAT702 / 26,ALGEBRA II B,JASON BLAESING,11,2026,C+,2.68 pts,5,,119,,Yes
27,3/18/25,5,S2,MAT523 / 25,GEOMETRY B,BRIAN ANDERSON,10,2027,F,1.23 pts,7.71,,120,,Yes
27,3/18/25,2,S2,MAT702 / 22,ALGEBRA II B,JASON BLAESING,11,2026,F,0.95 pts,9.76,,121,,Yes
27,3/18/25,1,S2,MAT523 / 21,GEOMETRY B,ROCHELLE AITON,10,2027,F,1.60 pts,1,,122,,Yes
27,3/18/25,2,S2,ENG602 / 22,SOPH ENG/B,KELLY GREGERSEN,10,2027,F,0.73 pts,0,,122,,Yes
25,3/4/25,4,S2,MAT702 / 24,ALGEBRA II B,JENNIFER REILLY,11,2026,A,3.67 pts,4,,538,,Yes
27,3/18/25,3,S2,SCI602 / 23,BIOLOGY B,GRANT MERRILL,10,2027,A-,3.49 pts,0,,126,,Yes
27,3/18/25,5,S2,MAT523 / 25,GEOMETRY B,BRIAN ANDERSON,10,2027,B+,3.32 pts,0,,126,,Yes
27,3/18/25,5,S2,MAT702 / 45,ALGEBRA II B,JENNIFER REILLY,10,2027,F,1.34 pts,11,,485,,Yes
27,3/18/25,6,S2,SCI602 / 26,BIOLOGY B,GRANT MERRILL,10,2027,B,3.02 pts,0,,125,,Yes
27,3/18/25,6,S2,MAT702 / 26,ALGEBRA II B,JASON BLAESING,11,2026,B,3.05 pts,2.67,,127,,Yes
27,3/18/25,3,S2,MAT702 / 23,ALGEBRA II B,JENNIFER REILLY,11,2026,A,3.62 pts,1.43,,128,,Yes
26,3/11/25,4,S2,MAT702 / 24,ALGEBRA II B,JENNIFER REILLY,11,2026,A,3.83 pts,4,,538,,Yes
27,3/18/25,5,S2,ENG602 / 25,SOPH ENG/B,MARCEE SALAS,10,2027,A,3.68 pts,2,,130,,Yes
27,3/18/25,5,S2,BUS302 / 25,PERSONAL FINANCE B,NICOLE SIMEK,11,2026,A,3.92 pts,0,,486,,Yes
27,3/18/25,1,S2,MAT523 / 21,GEOMETRY B,ROCHELLE AITON,10,2027,B,2.92 pts,3,,487,,Yes
27,3/18/25,4,S2,SCI602 / 24,BIOLOGY B,GRANT MERRILL,10,2027,B+,3.39 pts,3.14,,487,,Yes
27,3/18/25,3,S2,MAT523 / 23,GEOMETRY B,ROCHELLE AITON,9,2028,C+,2.55 pts,0,,488,,Yes
27,3/18/25,2,S2,ENG602 / 22,SOPH ENG/B,KELLY GREGERSEN,10,2027,F,0.97 pts,0,,132,,Yes
27,3/18/25,3,S2,MAT523 / 23,GEOMETRY B,ROCHELLE AITON,10,2027,F,0.95 pts,0,,132,,Yes
27,3/18/25,4,S2,SCI602 / 24,BIOLOGY B,GRANT MERRILL,10,2027,C-,2.14 pts,2.29,,431,,Yes
27,3/18/25,3,S2,MAT702 / 23,ALGEBRA II B,JENNIFER REILLY,10,2027,A,3.87 pts,3.86,,432,,Yes
27,3/18/25,4,S2,SCI602 / 24,BIOLOGY B,GRANT MERRILL,10,2027,A,3.84 pts,4.86,,432,,Yes
27,3/18/25,6,S2,SCI602 / 46,BIOLOGY B,WILLIAM BAUR,10,2027,C+,2.61 pts,3,,133,,Yes
27,3/18/25,6,S2,SOC702 / 26,US HISTORY/B,SCOTT BOOTHBY,11,2026,B-,2.78 pts,6,,134,,Yes
27,3/18/25,2,S2,BUS302 / 22,PERSONAL FINANCE B,NICOLE SIMEK,12,2025,D+,1.94 pts,2,,135,,Yes
27,3/18/25,6,S2,SCI602 / 26,BIOLOGY B,GRANT MERRILL,10,2027,B-,2.82 pts,0.43,,136,,Yes
27,3/18/25,3,S2,MAT523 / 23,GEOMETRY B,ROCHELLE AITON,10,2027,B,3.05 pts,0,,137,,Yes
27,3/18/25,4,S2,SCI602 / 24,BIOLOGY B,GRANT MERRILL,10,2027,B,3.04 pts,0.29,,137,,Yes
27,3/18/25,1,S2,ENG504 / 21,PRE-AP FRESHMAN ENGLISH/B,ANGELINA MERRILL,9,2028,B,2.96 pts,2.86,,489,,Yes
27,3/18/25,2,S2,ENG602 / 22,SOPH ENG/B,KELLY GREGERSEN,10,2027,B+,3.26 pts,5.71,,433,,Yes
27,3/18/25,3,S2,SCI602 / 23,BIOLOGY B,GRANT MERRILL,10,2027,F,0.92 pts,6.86,,433,,Yes
27,3/18/25,5,S2,MAT523 / 25,GEOMETRY B,BRIAN ANDERSON,10,2027,C,2.26 pts,5.43,,433,,Yes
27,3/18/25,6,S2,SCI602 / 46,BIOLOGY B,WILLIAM BAUR,10,2027,A,3.97 pts,0,,490,,Yes
27,3/18/25,5,S2,ENG602 / 25,SOPH ENG/B,MARCEE SALAS,10,2027,C-,2.13 pts,0.57,,139,,Yes
27,3/18/25,4,S2,MAT702 / 24,ALGEBRA II B,JENNIFER REILLY,11,2026,A-,3.55 pts,4,,538,,Yes
27,3/18/25,1,S2,ENG504 / 21,PRE-AP FRESHMAN ENGLISH/B,ANGELINA MERRILL,9,2028,B+,3.23 pts,5,,434,,Yes
27,3/18/25,2,S2,MAT523 / 22,GEOMETRY B,ROCHELLE AITON,9,2028,C+,2.63 pts,5,,434,,Yes
27,3/18/25,2,S2,ENG602 / 22,SOPH ENG/B,KELLY GREGERSEN,10,2027,F,0.85 pts,8.86,,143,,Yes
27,3/18/25,4,S2,MAT523 / 24,GEOMETRY B,ROCHELLE AITON,10,2027,F,0.33 pts,9.14,,143,,Yes
27,3/18/25,5,S2,MAT523 / 25,GEOMETRY B,BRIAN ANDERSON,10,2027,C+,2.62 pts,2.29,,144,,Yes
27,3/18/25,6,S2,SCI602 / 26,BIOLOGY B,GRANT MERRILL,10,2027,B,2.90 pts,2.29,,144,,Yes
27,3/18/25,6,S2,MAT702 / 26,ALGEBRA II B,JASON BLAESING,11,2026,B,3.05 pts,5.71,,145,,Yes
27,3/18/25,4,S2,MAT523 / 24,GEOMETRY B,ROCHELLE AITON,10,2027,B+,3.28 pts,1.14,,146,,Yes
27,3/18/25,6,S2,SCI602 / 26,BIOLOGY B,GRANT MERRILL,10,2027,A,3.83 pts,1.14,,146,,Yes
27,3/18/25,3,S2,BUS302 / 23,PERSONAL FINANCE B,NICOLE SIMEK,11,2026,F,0.54 pts,0.43,,435,,Yes
27,3/18/25,3,S2,MAT702 / 23,ALGEBRA II B,JENNIFER REILLY,11,2026,C+,2.56 pts,4,,492,,Yes
27,3/18/25,6,S2,SOC702 / 26,US HISTORY/B,SCOTT BOOTHBY,11,2026,C-,2.16 pts,9.71,,147,,Yes
27,3/18/25,6,S2,MAT702 / 26,ALGEBRA II B,JASON BLAESING,11,2026,B,3.03 pts,2,,148,,Yes
27,3/18/25,3,S2,MAT702 / 23,ALGEBRA II B,JENNIFER REILLY,12,2025,A,3.67 pts,1,,149,,Yes
27,3/18/25,1,S2,SCI504 / 21,PHYSICAL SCIENCE B,JAMES BENNETT,9,2028,A,4.00 pts,3.14,,493,,Yes
27,3/18/25,5,S2,MAT702 / 45,ALGEBRA II B,JENNIFER REILLY,11,2026,B+,3.31 pts,0.43,,494,,Yes
27,3/18/25,2,S2,SCI610 / 22,CHEMISTRY/B,GRANT MERRILL,11,2026,F,1.28 pts,2.86,,150,,Yes
27,3/18/25,3,S2,MAT702 / 23,ALGEBRA II B,JENNIFER REILLY,11,2026,C,2.39 pts,2.86,,150,,Yes
27,3/18/25,5,S2,BUS302 / 25,PERSONAL FINANCE B,NICOLE SIMEK,12,2025,B+,3.35 pts,0,,495,,Yes
27,3/18/25,1,S2,ENG504 / 21,PRE-AP FRESHMAN ENGLISH/B,ANGELINA MERRILL,9,2028,A,3.74 pts,0.86,,496,,Yes
27,3/18/25,2,S2,MAT702 / 22,ALGEBRA II B,JASON BLAESING,11,2026,D,1.70 pts,0.57,,152,,Yes
27,3/18/25,1,S2,SCI504 / 21,PHYSICAL SCIENCE B,JAMES BENNETT,9,2028,B,3.10 pts,4,,497,,Yes
27,3/18/25,1,S2,ENG504 / 21,PRE-AP FRESHMAN ENGLISH/B,ANGELINA MERRILL,9,2028,,3.00 pts,0,,497,,Yes
27,3/18/25,3,S2,MAT702 / 23,ALGEBRA II B,JENNIFER REILLY,10,2027,A,3.77 pts,1.86,,153,,Yes
27,3/18/25,2,S2,MAT523 / 22,GEOMETRY B,ROCHELLE AITON,10,2027,A,3.90 pts,2,,155,,Yes
27,3/18/25,3,S2,SCI602 / 23,BIOLOGY B,GRANT MERRILL,10,2027,B,3.02 pts,2,,155,,Yes
27,3/18/25,1,S2,ENG504 / 21,PRE-AP FRESHMAN ENGLISH/B,ANGELINA MERRILL,9,2028,B,3.01 pts,2,,154,,Yes
27,3/18/25,5,S2,MAT523 / 25,GEOMETRY B,BRIAN ANDERSON,9,2028,B,2.93 pts,2,,154,,Yes
27,3/18/25,2,S2,MAT702 / 22,ALGEBRA II B,JASON BLAESING,11,2026,B-,2.72 pts,0,,498,,Yes
27,3/18/25,5,S2,BUS302 / 25,PERSONAL FINANCE B,NICOLE SIMEK,12,2025,D,1.78 pts,1.43,,156,,Yes
27,3/18/25,2,S2,SCI610 / 22,CHEMISTRY/B,GRANT MERRILL,11,2026,D,1.74 pts,4,,158,,Yes
27,3/18/25,5,S2,MAT523 / 25,GEOMETRY B,BRIAN ANDERSON,10,2027,C,2.23 pts,0,,499,,Yes
27,3/18/25,5,S2,MAT523 / 25,GEOMETRY B,BRIAN ANDERSON,10,2027,F,0.99 pts,5.14,,159,,Yes
27,3/18/25,6,S2,SCI602 / 46,BIOLOGY B,WILLIAM BAUR,10,2027,F,1.41 pts,4.86,,159,,Yes
27,3/18/25,6,S2,MAT702 / 26,ALGEBRA II B,JASON BLAESING,11,2026,B,3.05 pts,5.5,,161,,Yes
27,3/18/25,2,S2,BUS302 / 22,PERSONAL FINANCE B,NICOLE SIMEK,12,2025,W,0.00 pts,4,,500,,Yes
27,3/18/25,4,S2,SCI602 / 24,BIOLOGY B,GRANT MERRILL,12,2025,W,,4.4,,500,,Yes
27,3/18/25,2,S2,ENG602 / 22,SOPH ENG/B,KELLY GREGERSEN,10,2027,A-,3.52 pts,0.14,,162,,Yes
27,3/18/25,4,S2,MAT523 / 24,GEOMETRY B,ROCHELLE AITON,10,2027,A-,3.55 pts,0,,162,,Yes
27,3/18/25,6,S2,SCI602 / 46,BIOLOGY B,WILLIAM BAUR,10,2027,C,2.37 pts,0.14,,162,,Yes
27,3/18/25,1,S2,SCI504 / 21,PHYSICAL SCIENCE B,JAMES BENNETT,11,2026,F,0.00 pts,19.43,,164,,Yes
27,3/18/25,5,S2,MAT702 / 45,ALGEBRA II B,JENNIFER REILLY,11,2026,F,0.00 pts,19.57,,164,,Yes
27,3/18/25,6,S2,SCI602 / 46,BIOLOGY B,WILLIAM BAUR,10,2027,C-,2.05 pts,1,,165,,Yes
27,3/18/25,2,S2,MAT523 / 22,GEOMETRY B,ROCHELLE AITON,9,2028,A,3.93 pts,4,,166,,Yes
27,3/18/25,6,S2,ENG502 / 26,FR ENGLISH/B,DAVID HOLLINGSWORTH,9,2028,A,3.76 pts,4.43,,166,,Yes
27,3/18/25,6,S2,SCI602 / 46,BIOLOGY B,WILLIAM BAUR,10,2027,D+,1.98 pts,13.57,,462,,Yes
27,3/18/25,2,S2,MAT702 / 22,ALGEBRA II B,JASON BLAESING,11,2026,C,2.32 pts,5.14,,167,,Yes
27,3/18/25,6,S2,SOC702 / 26,US HISTORY/B,SCOTT BOOTHBY,11,2026,C,2.27 pts,4.71,,167,,Yes
27,3/18/25,2,S2,MAT523 / 22,GEOMETRY B,ROCHELLE AITON,10,2027,C+,2.53 pts,6.71,,168,,Yes
27,3/18/25,6,S2,SCI602 / 26,BIOLOGY B,GRANT MERRILL,10,2027,C-,2.00 pts,3,,169,,Yes
27,3/18/25,1,S2,SCI504 / 21,PHYSICAL SCIENCE B,JAMES BENNETT,9,2028,D+,1.97 pts,7.14,,464,,Yes
27,3/18/25,6,S2,ENG502 / 26,FR ENGLISH/B,DAVID HOLLINGSWORTH,9,2028,F,0.19 pts,7.71,,464,,Yes
27,3/18/25,6,S2,ENG502 / 26,FR ENGLISH/B,DAVID HOLLINGSWORTH,9,2028,F,1.48 pts,3,,501,,Yes
27,3/18/25,4,S2,MAT523 / 24,GEOMETRY B,ROCHELLE AITON,10,2027,F,1.30 pts,2.71,,170,,Yes
27,3/18/25,5,S2,ENG602 / 25,SOPH ENG/B,MARCEE SALAS,10,2027,F,1.36 pts,2.71,,170,,Yes
27,3/18/25,6,S2,SCI602 / 46,BIOLOGY B,WILLIAM BAUR,10,2027,F,0.98 pts,2,,170,,Yes
27,3/18/25,4,S2,MAT523 / 24,GEOMETRY B,ROCHELLE AITON,10,2027,C+,2.57 pts,2.14,,171,,Yes
27,3/18/25,6,S2,SCI602 / 46,BIOLOGY B,WILLIAM BAUR,10,2027,C,2.29 pts,3.71,,171,,Yes
27,3/18/25,3,S2,MAT702 / 23,ALGEBRA II B,JENNIFER REILLY,11,2026,A,3.66 pts,0.67,,172,,Yes
27,3/18/25,1,S2,SCI504 / 21,PHYSICAL SCIENCE B,JAMES BENNETT,9,2028,C-,2.06 pts,0.57,,502,,Yes
27,3/18/25,2,S2,MAT523 / 22,GEOMETRY B,ROCHELLE AITON,10,2027,B,3.00 pts,0,,173,,Yes
27,3/18/25,6,S2,SCI602 / 46,BIOLOGY B,WILLIAM BAUR,10,2027,B,2.95 pts,0,,173,,Yes
27,3/18/25,6,S2,SCI602 / 46,BIOLOGY B,WILLIAM BAUR,10,2027,A,3.97 pts,1.29,,174,,Yes
27,3/18/25,3,S2,BUS302 / 23,PERSONAL FINANCE B,NICOLE SIMEK,12,2025,A,4.00 pts,2.86,,176,,Yes
28,3/25/25,4,S2,MAT702 / 24,ALGEBRA II B,JENNIFER REILLY,11,2026,A,3.90 pts,4,,538,,Yes
27,3/18/25,2,S2,MAT523 / 22,GEOMETRY B,ROCHELLE AITON,10,2027,F,1.63 pts,3.14,,437,,Yes
27,3/18/25,4,S2,SCI602 / 24,BIOLOGY B,GRANT MERRILL,10,2027,D+,1.99 pts,3.43,,437,,Yes
27,3/18/25,6,S2,SCI602 / 46,BIOLOGY B,WILLIAM BAUR,12,2025,C-,2.00 pts,4.5,,178,,Yes
27,3/18/25,6,S2,SCI602 / 26,BIOLOGY B,GRANT MERRILL,12,2025,,0.00 pts,5,,178,,Yes
27,3/18/25,4,S2,MAT523 / 24,GEOMETRY B,ROCHELLE AITON,10,2027,C,2.35 pts,0,,179,,Yes
27,3/18/25,5,S2,BUS302 / 25,PERSONAL FINANCE B,NICOLE SIMEK,12,2025,C+,2.59 pts,7.57,,503,,Yes
27,3/18/25,1,S2,SCI504 / 21,PHYSICAL SCIENCE B,JAMES BENNETT,11,2026,F,0.06 pts,15.29,,438,,Yes
27,3/18/25,3,S2,MAT702 / 23,ALGEBRA II B,JENNIFER REILLY,11,2026,F,1.56 pts,12.29,,438,,Yes
27,3/18/25,6,S2,ENG502 / 26,FR ENGLISH/B,DAVID HOLLINGSWORTH,9,2028,D,1.69 pts,1.29,,181,,Yes
27,3/18/25,5,S2,MAT702 / 45,ALGEBRA II B,JENNIFER REILLY,11,2026,C,2.38 pts,2,,504,,Yes
27,3/18/25,2,S2,MAT523 / 22,GEOMETRY B,ROCHELLE AITON,10,2027,B+,3.32 pts,2,,184,,Yes
27,3/18/25,4,S2,SCI602 / 24,BIOLOGY B,GRANT MERRILL,10,2027,F,1.62 pts,2,,184,,Yes
27,3/18/25,2,S2,BUS302 / 22,PERSONAL FINANCE B,NICOLE SIMEK,11,2026,A,3.85 pts,4.86,,185,,Yes
27,3/18/25,5,S2,BUS302 / 25,PERSONAL FINANCE B,NICOLE SIMEK,12,2025,D+,1.82 pts,7.71,,505,,Yes
27,3/18/25,5,S2,MAT702 / 45,ALGEBRA II B,JENNIFER REILLY,10,2027,A,3.67 pts,3,,186,,Yes
27,3/18/25,6,S2,SCI602 / 46,BIOLOGY B,WILLIAM BAUR,10,2027,A,4.00 pts,3.14,,186,,Yes
27,3/18/25,6,S2,SOC702 / 26,US HISTORY/B,SCOTT BOOTHBY,11,2026,C,2.41 pts,4.14,,187,,Yes
27,3/18/25,6,S2,SCI602 / 46,BIOLOGY B,WILLIAM BAUR,12,2025,C-,2.07 pts,3,,188,,Yes
27,3/18/25,6,S2,ENG502 / 26,FR ENGLISH/B,DAVID HOLLINGSWORTH,9,2028,C-,2.10 pts,0,,189,,Yes
27,3/18/25,3,S2,MAT702 / 23,ALGEBRA II B,JENNIFER REILLY,11,2026,B+,3.20 pts,3.86,,439,,Yes
27,3/18/25,1,S2,MAT523 / 21,GEOMETRY B,ROCHELLE AITON,10,2027,C-,2.10 pts,2.71,,190,,Yes
27,3/18/25,6,S2,SCI602 / 26,BIOLOGY B,GRANT MERRILL,10,2027,B-,2.84 pts,2.57,,190,,Yes
27,3/18/25,3,S2,MAT702 / 23,ALGEBRA II B,JENNIFER REILLY,11,2026,B+,3.28 pts,7.33,,191,,Yes
27,3/18/25,1,S2,MAT523 / 21,GEOMETRY B,ROCHELLE AITON,9,2028,A,4.00 pts,0,,192,,Yes
27,3/18/25,1,S2,SCI504 / 21,PHYSICAL SCIENCE B,JAMES BENNETT,9,2028,F,0.03 pts,19.71,,506,,Yes
27,3/18/25,6,S2,ENG502 / 26,FR ENGLISH/B,DAVID HOLLINGSWORTH,9,2028,F,0.03 pts,18.72,,506,,Yes
27,3/18/25,1,S2,MAT523 / 21,GEOMETRY B,ROCHELLE AITON,10,2027,C-,2.02 pts,0.14,,193,,Yes
27,3/18/25,5,S2,ENG602 / 25,SOPH ENG/B,MARCEE SALAS,10,2027,B-,2.80 pts,0.57,,193,,Yes
27,3/18/25,5,S2,MAT523 / 25,GEOMETRY B,BRIAN ANDERSON,10,2027,D+,1.90 pts,6.76,,194,,Yes
27,3/18/25,3,S2,BUS302 / 23,PERSONAL FINANCE B,NICOLE SIMEK,12,2025,F,0.01 pts,6.57,,195,,Yes
29,4/8/25,4,S2,MAT702 / 24,ALGEBRA II B,JENNIFER REILLY,11,2026,A,3.92 pts,5,,538,,Yes
27,3/18/25,6,S2,ENG502 / 26,FR ENGLISH/B,DAVID HOLLINGSWORTH,9,2028,C,2.22 pts,1,,196,,Yes
27,3/18/25,1,S2,MAT523 / 21,GEOMETRY B,ROCHELLE AITON,10,2027,F,1.63 pts,4.29,,198,,Yes
27,3/18/25,4,S2,SCI602 / 24,BIOLOGY B,GRANT MERRILL,10,2027,C+,2.53 pts,4.43,,198,,Yes
27,3/18/25,5,S2,MAT523 / 25,GEOMETRY B,BRIAN ANDERSON,10,2027,B,2.90 pts,0,,199,,Yes
27,3/18/25,5,S2,BUS302 / 25,PERSONAL FINANCE B,NICOLE SIMEK,12,2025,A,3.84 pts,0.57,,200,,Yes
30,4/15/25,4,S2,MAT702 / 24,ALGEBRA II B,JENNIFER REILLY,11,2026,A,3.92 pts,5,,538,,Yes
27,3/18/25,3,S2,MAT702 / 23,ALGEBRA II B,JENNIFER REILLY,10,2027,A,3.96 pts,1.57,,509,,Yes
27,3/18/25,4,S2,MAT523 / 24,GEOMETRY B,ROCHELLE AITON,10,2027,A,3.98 pts,0,,440,,Yes
27,3/18/25,1,S2,SCI504 / 21,PHYSICAL SCIENCE B,JAMES BENNETT,12,2025,F,1.64 pts,14.29,,201,,Yes
27,3/18/25,2,S2,BUS302 / 22,PERSONAL FINANCE B,NICOLE SIMEK,12,2025,F,1.29 pts,13.14,,201,,Yes
27,3/18/25,6,S2,MAT702 / 26,ALGEBRA II B,JASON BLAESING,11,2026,F,1.03 pts,6.86,,510,,Yes
27,3/18/25,1,S2,MAT523 / 21,GEOMETRY B,ROCHELLE AITON,10,2027,D,1.65 pts,0.29,,202,,Yes
27,3/18/25,6,S2,SCI602 / 26,BIOLOGY B,GRANT MERRILL,10,2027,B,3.00 pts,0,,202,,Yes
27,3/18/25,5,S2,MAT523 / 25,GEOMETRY B,BRIAN ANDERSON,10,2027,A,3.66 pts,0.71,,204,,Yes
27,3/18/25,6,S2,SCI602 / 26,BIOLOGY B,GRANT MERRILL,10,2027,B,3.04 pts,0,,204,,Yes
27,3/18/25,5,S2,BUS302 / 25,PERSONAL FINANCE B,NICOLE SIMEK,12,2025,A-,3.56 pts,5.67,,511,,Yes
27,3/18/25,3,S2,MAT523 / 23,GEOMETRY B,ROCHELLE AITON,10,2027,B-,2.88 pts,2.14,,205,,Yes
27,3/18/25,2,S2,MAT523 / 22,GEOMETRY B,ROCHELLE AITON,10,2027,B+,3.35 pts,0,,206,,Yes
27,3/18/25,6,S2,SCI602 / 46,BIOLOGY B,WILLIAM BAUR,10,2027,B+,3.36 pts,0,,206,,Yes
27,3/18/25,1,S2,ENG504 / 21,PRE-AP FRESHMAN ENGLISH/B,ANGELINA MERRILL,9,2028,F,1.52 pts,8,,512,,Yes
27,3/18/25,5,S2,MAT702 / 45,ALGEBRA II B,JENNIFER REILLY,11,2026,D+,1.89 pts,9.86,,207,,Yes
27,3/18/25,3,S2,MAT702 / 23,ALGEBRA II B,JENNIFER REILLY,11,2026,A,3.61 pts,1.86,,208,,Yes
21,2/4/25,4,S2,MAT702 / 24,ALGEBRA II B,JENNIFER REILLY,12,2025,C,2.39 pts,1.33,,543,,Yes
27,3/18/25,3,S2,BUS302 / 23,PERSONAL FINANCE B,NICOLE SIMEK,11,2026,F,0.11 pts,2.43,,209,,Yes
27,3/18/25,6,S2,SOC702 / 26,US HISTORY/B,SCOTT BOOTHBY,11,2026,,1.93 pts,2,,209,,Yes
27,3/18/25,5,S2,BUS302 / 25,PERSONAL FINANCE B,NICOLE SIMEK,12,2025,C-,2.10 pts,8.71,,514,,Yes
27,3/18/25,6,S2,SOC702 / 26,US HISTORY/B,SCOTT BOOTHBY,11,2026,A,3.61 pts,4,,210,,Yes
27,3/18/25,2,S2,MAT702 / 22,ALGEBRA II B,JASON BLAESING,10,2027,,0.00 pts,0,,515,,Yes
27,3/18/25,3,S2,MAT523 / 23,GEOMETRY B,ROCHELLE AITON,10,2027,B+,3.32 pts,1.43,,516,,Yes
27,3/18/25,5,S2,BUS302 / 25,PERSONAL FINANCE B,NICOLE SIMEK,12,2025,W,3.91 pts,2.43,,517,,Yes
27,3/18/25,3,S2,MAT523 / 23,GEOMETRY B,ROCHELLE AITON,9,2028,C+,2.55 pts,3,,211,,Yes
22,2/11/25,4,S2,MAT702 / 24,ALGEBRA II B,JENNIFER REILLY,12,2025,,,0,,543,,Yes
27,3/18/25,1,S2,MAT523 / 21,GEOMETRY B,ROCHELLE AITON,10,2027,F,1.62 pts,2,,469,,Yes
27,3/18/25,1,S2,SCI504 / 21,PHYSICAL SCIENCE B,JAMES BENNETT,9,2028,F,1.29 pts,0,,212,,Yes
27,3/18/25,6,S2,ENG502 / 26,FR ENGLISH/B,DAVID HOLLINGSWORTH,9,2028,B+,3.29 pts,1.86,,212,,Yes
27,3/18/25,5,S2,BUS302 / 25,PERSONAL FINANCE B,NICOLE SIMEK,12,2025,A,3.98 pts,0,,213,,Yes
27,3/18/25,5,S2,BUS302 / 25,PERSONAL FINANCE B,NICOLE SIMEK,12,2025,C,2.31 pts,2,,519,,Yes
27,3/18/25,6,S2,MAT702 / 26,ALGEBRA II B,JASON BLAESING,10,2027,A,3.98 pts,1,,520,,Yes
27,3/18/25,5,S2,MAT523 / 25,GEOMETRY B,BRIAN ANDERSON,10,2027,F,1.25 pts,2,,521,,Yes
27,3/18/25,5,S2,MAT523 / 25,GEOMETRY B,BRIAN ANDERSON,9,2028,A,4.00 pts,0,,522,,Yes
27,3/18/25,3,S2,BUS302 / 23,PERSONAL FINANCE B,NICOLE SIMEK,11,2026,B+,3.32 pts,0,,523,,Yes
27,3/18/25,2,S2,MAT523 / 22,GEOMETRY B,ROCHELLE AITON,10,2027,B+,3.33 pts,0,,524,,Yes
27,3/18/25,4,S2,MAT523 / 24,GEOMETRY B,ROCHELLE AITON,11,2026,F,0.65 pts,3.57,,214,,Yes
27,3/18/25,1,S2,MAT523 / 21,GEOMETRY B,ROCHELLE AITON,10,2027,D+,1.97 pts,5.57,,215,,Yes
27,3/18/25,6,S2,SCI602 / 26,BIOLOGY B,GRANT MERRILL,10,2027,B-,2.85 pts,5,,215,,Yes
27,3/18/25,3,S2,SCI602 / 23,BIOLOGY B,GRANT MERRILL,10,2027,D+,1.87 pts,10,,220,,Yes
27,3/18/25,2,S2,BUS302 / 22,PERSONAL FINANCE B,NICOLE SIMEK,12,2025,D+,1.84 pts,4.29,,216,,Yes
27,3/18/25,1,S2,ENG504 / 21,PRE-AP FRESHMAN ENGLISH/B,ANGELINA MERRILL,9,2028,,3.01 pts,0.83,,219,,Yes
27,3/18/25,2,S2,MAT523 / 22,GEOMETRY B,ROCHELLE AITON,9,2028,,0.15 pts,0.83,,219,,Yes
27,3/18/25,3,S2,MAT523 / 23,GEOMETRY B,ROCHELLE AITON,9,2028,A,3.90 pts,3,,219,,Yes
27,3/18/25,1,S2,SCI504 / 21,PHYSICAL SCIENCE B,JAMES BENNETT,11,2026,C-,2.16 pts,11.43,,218,,Yes
23,2/18/25,4,S2,MAT702 / 24,ALGEBRA II B,JENNIFER REILLY,12,2025,,,0,,543,,Yes
27,3/18/25,6,S2,SOC702 / 26,US HISTORY/B,SCOTT BOOTHBY,11,2026,B,3.06 pts,10.57,,218,,Yes
27,3/18/25,6,S2,ENG502 / 26,FR ENGLISH/B,DAVID HOLLINGSWORTH,9,2028,A-,3.48 pts,2.86,,217,,Yes
27,3/18/25,6,S2,SOC702 / 26,US HISTORY/B,SCOTT BOOTHBY,11,2026,A,3.91 pts,6.67,,224,,Yes
27,3/18/25,2,S2,MAT702 / 22,ALGEBRA II B,JASON BLAESING,11,2026,B,3.05 pts,0,,222,,Yes
27,3/18/25,4,S2,MAT523 / 24,GEOMETRY B,ROCHELLE AITON,10,2027,C,2.33 pts,5,,221,,Yes
27,3/18/25,5,S2,ENG602 / 25,SOPH ENG/B,MARCEE SALAS,10,2027,F,1.60 pts,5,,221,,Yes
27,3/18/25,5,S2,MAT702 / 45,ALGEBRA II B,JENNIFER REILLY,10,2027,A,3.67 pts,1,,525,,Yes
27,3/18/25,3,S2,BUS302 / 23,PERSONAL FINANCE B,NICOLE SIMEK,12,2025,C,2.38 pts,1,,526,,Yes
27,3/18/25,2,S2,MAT702 / 22,ALGEBRA II B,JASON BLAESING,11,2026,C-,2.00 pts,0,,225,,Yes
27,3/18/25,5,S2,BUS302 / 25,PERSONAL FINANCE B,NICOLE SIMEK,12,2025,B,2.91 pts,3,,527,,Yes
27,3/18/25,2,S2,MAT702 / 22,ALGEBRA II B,JASON BLAESING,10,2027,B+,3.38 pts,0,,226,,Yes
27,3/18/25,6,S2,SCI602 / 26,BIOLOGY B,GRANT MERRILL,10,2027,A,3.88 pts,0,,226,,Yes
27,3/18/25,2,S2,MAT523 / 22,GEOMETRY B,ROCHELLE AITON,9,2028,A,3.67 pts,0,,228,,Yes
27,3/18/25,6,S2,ENG502 / 26,FR ENGLISH/B,DAVID HOLLINGSWORTH,9,2028,D,1.66 pts,0.14,,229,,Yes
27,3/18/25,3,S2,MAT702 / 23,ALGEBRA II B,JENNIFER REILLY,11,2026,C+,2.61 pts,5,,528,,Yes
27,3/18/25,2,S2,BUS302 / 22,PERSONAL FINANCE B,NICOLE SIMEK,11,2026,A-,3.56 pts,3,,230,,Yes
27,3/18/25,2,S2,BUS302 / 22,PERSONAL FINANCE B,NICOLE SIMEK,12,2025,B,2.99 pts,11.71,,233,,Yes
27,3/18/25,2,S2,MAT523 / 22,GEOMETRY B,ROCHELLE AITON,10,2027,C+,2.58 pts,2,,236,,Yes
27,3/18/25,3,S2,SCI602 / 23,BIOLOGY B,GRANT MERRILL,10,2027,B+,3.38 pts,2,,236,,Yes
27,3/18/25,5,S2,ENG602 / 25,SOPH ENG/B,MARCEE SALAS,10,2027,C,2.35 pts,2,,236,,Yes
27,3/18/25,2,S2,ENG602 / 22,SOPH ENG/B,KELLY GREGERSEN,10,2027,A,3.72 pts,2.43,,235,,Yes
27,3/18/25,4,S2,SCI602 / 24,BIOLOGY B,GRANT MERRILL,10,2027,F,0.60 pts,2.29,,235,,Yes
27,3/18/25,2,S2,MAT702 / 22,ALGEBRA II B,JASON BLAESING,10,2027,A,3.69 pts,2.86,,237,,Yes
27,3/18/25,3,S2,SCI602 / 23,BIOLOGY B,GRANT MERRILL,10,2027,A,3.98 pts,2.86,,237,,Yes
27,3/18/25,4,S2,MAT523 / 24,GEOMETRY B,ROCHELLE AITON,10,2027,D,1.73 pts,0,,238,,Yes
27,3/18/25,5,S2,ENG602 / 25,SOPH ENG/B,MARCEE SALAS,10,2027,C,2.22 pts,0,,238,,Yes
27,3/18/25,6,S2,SCI602 / 46,BIOLOGY B,WILLIAM BAUR,10,2027,B+,3.36 pts,0,,238,,Yes
27,3/18/25,2,S2,BUS302 / 22,PERSONAL FINANCE B,NICOLE SIMEK,12,2025,B-,2.81 pts,1.17,,240,,Yes
27,3/18/25,2,S2,MAT702 / 22,ALGEBRA II B,JASON BLAESING,11,2026,B-,2.72 pts,4,,241,,Yes
27,3/18/25,6,S2,ENG502 / 26,FR ENGLISH/B,DAVID HOLLINGSWORTH,9,2028,F,0.37 pts,8.86,,243,,Yes
27,3/18/25,2,S2,SCI610 / 22,CHEMISTRY/B,GRANT MERRILL,11,2026,C,2.25 pts,7.57,,242,,Yes
27,3/18/25,3,S2,BUS302 / 23,PERSONAL FINANCE B,NICOLE SIMEK,11,2026,A,3.99 pts,7.43,,242,,Yes
27,3/18/25,5,S2,MAT523 / 25,GEOMETRY B,BRIAN ANDERSON,10,2027,C+,2.63 pts,1.29,,244,,Yes
27,3/18/25,2,S2,MAT523 / 22,GEOMETRY B,ROCHELLE AITON,10,2027,F,1.28 pts,5.71,,246,,Yes
27,3/18/25,3,S2,MAT702 / 23,ALGEBRA II B,JENNIFER REILLY,10,2027,C+,2.66 pts,3.14,,247,,Yes
27,3/18/25,1,S2,MAT523 / 21,GEOMETRY B,ROCHELLE AITON,10,2027,F,1.43 pts,7.14,,248,,Yes
27,3/18/25,2,S2,ENG602 / 22,SOPH ENG/B,KELLY GREGERSEN,10,2027,F,0.29 pts,4.57,,249,,Yes
27,3/18/25,5,S2,MAT702 / 45,ALGEBRA II B,JENNIFER REILLY,11,2026,A,3.69 pts,2,,250,,Yes
27,3/18/25,6,S2,SOC702 / 26,US HISTORY/B,SCOTT BOOTHBY,11,2026,A-,3.53 pts,2,,250,,Yes
27,3/18/25,4,S2,MAT523 / 24,GEOMETRY B,ROCHELLE AITON,10,2027,F,1.27 pts,1.86,,251,,Yes
27,3/18/25,5,S2,MAT523 / 25,GEOMETRY B,BRIAN ANDERSON,10,2027,C+,2.62 pts,6.29,,252,,Yes
27,3/18/25,6,S2,SCI602 / 26,BIOLOGY B,GRANT MERRILL,10,2027,C-,2.01 pts,6.57,,252,,Yes
27,3/18/25,3,S2,BUS302 / 23,PERSONAL FINANCE B,NICOLE SIMEK,11,2026,D,1.76 pts,1.57,,253,,Yes
27,3/18/25,6,S2,SOC702 / 26,US HISTORY/B,SCOTT BOOTHBY,11,2026,C-,2.17 pts,2.86,,253,,Yes
24,2/25/25,4,S2,MAT702 / 24,ALGEBRA II B,JENNIFER REILLY,12,2025,F,1.00 pts,0.33,,543,,Yes
27,3/18/25,6,S2,SOC702 / 26,US HISTORY/B,SCOTT BOOTHBY,11,2026,B,2.91 pts,5,,255,,Yes
27,3/18/25,6,S2,MAT702 / 26,ALGEBRA II B,JASON BLAESING,11,2026,B-,2.73 pts,5,,257,,Yes
27,3/18/25,6,S2,MAT702 / 26,ALGEBRA II B,JASON BLAESING,11,2026,F,1.06 pts,4,,258,,Yes
27,3/18/25,2,S2,MAT702 / 22,ALGEBRA II B,JASON BLAESING,11,2026,B,3.01 pts,0.71,,260,,Yes
27,3/18/25,2,S2,BUS302 / 22,PERSONAL FINANCE B,NICOLE SIMEK,12,2025,A,3.99 pts,0,,259,,Yes
27,3/18/25,2,S2,MAT702 / 22,ALGEBRA II B,JASON BLAESING,11,2026,B,3.07 pts,2,,262,,Yes
27,3/18/25,6,S2,ENG502 / 26,FR ENGLISH/B,DAVID HOLLINGSWORTH,9,2028,F,0.73 pts,8.43,,529,,Yes
27,3/18/25,4,S2,MAT523 / 24,GEOMETRY B,ROCHELLE AITON,10,2027,A,3.90 pts,2.29,,264,,Yes
27,3/18/25,3,S2,BUS302 / 23,PERSONAL FINANCE B,NICOLE SIMEK,11,2026,C,2.26 pts,1,,267,,Yes
27,3/18/25,6,S2,ENG502 / 26,FR ENGLISH/B,DAVID HOLLINGSWORTH,9,2028,B-,2.85 pts,5.43,,268,,Yes
27,3/18/25,5,S2,MAT523 / 25,GEOMETRY B,BRIAN ANDERSON,10,2027,B+,3.37 pts,8,,269,,Yes
27,3/18/25,6,S2,SCI602 / 46,BIOLOGY B,WILLIAM BAUR,10,2027,A,3.63 pts,8,,269,,Yes
25,3/4/25,4,S2,MAT702 / 24,ALGEBRA II B,JENNIFER REILLY,12,2025,F,1.08 pts,0.33,,543,,Yes
27,3/18/25,6,S2,ENG502 / 26,FR ENGLISH/B,DAVID HOLLINGSWORTH,9,2028,F,1.57 pts,1.71,,270,,Yes
27,3/18/25,5,S2,MAT702 / 45,ALGEBRA II B,JENNIFER REILLY,10,2027,B,2.99 pts,0,,531,,Yes
27,3/18/25,3,S2,MAT702 / 23,ALGEBRA II B,JENNIFER REILLY,11,2026,B+,3.23 pts,3.86,,271,,Yes
27,3/18/25,6,S2,SOC702 / 26,US HISTORY/B,SCOTT BOOTHBY,11,2026,F,0.97 pts,4.71,,271,,Yes
27,3/18/25,2,S2,MAT523 / 22,GEOMETRY B,ROCHELLE AITON,10,2027,C+,2.53 pts,11.86,,272,,Yes
27,3/18/25,3,S2,SCI602 / 23,BIOLOGY B,GRANT MERRILL,10,2027,B,2.93 pts,11.14,,272,,Yes
27,3/18/25,5,S2,ENG602 / 25,SOPH ENG/B,MARCEE SALAS,10,2027,F,0.66 pts,12.43,,272,,Yes
27,3/18/25,2,S2,MAT523 / 22,GEOMETRY B,ROCHELLE AITON,10,2027,F,0.49 pts,7,,273,,Yes
27,3/18/25,5,S2,ENG602 / 25,SOPH ENG/B,MARCEE SALAS,10,2027,F,1.54 pts,3.71,,273,,Yes
27,3/18/25,6,S2,SCI602 / 46,BIOLOGY B,WILLIAM BAUR,10,2027,D+,1.97 pts,4,,273,,Yes
27,3/18/25,3,S2,MAT523 / 23,GEOMETRY B,ROCHELLE AITON,9,2028,A,3.60 pts,1.86,,532,,Yes
27,3/18/25,2,S2,MAT702 / 22,ALGEBRA II B,JASON BLAESING,11,2026,D+,1.98 pts,13.43,,274,,Yes
27,3/18/25,5,S2,MAT523 / 25,GEOMETRY B,BRIAN ANDERSON,10,2027,B,3.09 pts,9.14,,533,,Yes
27,3/18/25,6,S2,SOC702 / 26,US HISTORY/B,SCOTT BOOTHBY,11,2026,B-,2.71 pts,3.17,,275,,Yes
27,3/18/25,5,S2,BUS302 / 25,PERSONAL FINANCE B,NICOLE SIMEK,11,2026,F,0.00 pts,8,,276,,Yes
27,3/18/25,6,S2,SOC702 / 26,US HISTORY/B,SCOTT BOOTHBY,11,2026,C-,2.14 pts,6,,277,,Yes
27,3/18/25,1,S2,SCI504 / 21,PHYSICAL SCIENCE B,JAMES BENNETT,9,2028,B,3.06 pts,4,,534,,Yes
27,3/18/25,1,S2,ENG504 / 21,PRE-AP FRESHMAN ENGLISH/B,ANGELINA MERRILL,9,2028,A-,3.49 pts,1.86,,535,,Yes
27,3/18/25,6,S2,MAT702 / 26,ALGEBRA II B,JASON BLAESING,11,2026,B,3.02 pts,6,,278,,Yes
27,3/18/25,1,S2,MAT523 / 21,GEOMETRY B,ROCHELLE AITON,9,2028,A,4.00 pts,1,,279,,Yes
27,3/18/25,1,S2,ENG504 / 21,PRE-AP FRESHMAN ENGLISH/B,ANGELINA MERRILL,9,2028,A,3.99 pts,4,,536,,Yes
27,3/18/25,3,S2,BUS302 / 23,PERSONAL FINANCE B,NICOLE SIMEK,12,2025,B-,2.78 pts,7,,280,,Yes
27,3/18/25,5,S2,BUS302 / 25,PERSONAL FINANCE B,NICOLE SIMEK,12,2025,,3.88 pts,1.29,,280,,Yes
27,3/18/25,5,S2,BUS302 / 25,PERSONAL FINANCE B,NICOLE SIMEK,12,2025,A-,3.54 pts,10,,537,,Yes
27,3/18/25,2,S2,MAT523 / 22,GEOMETRY B,ROCHELLE AITON,9,2028,B-,2.70 pts,0,,281,,Yes
27,3/18/25,2,S2,SCI610 / 22,CHEMISTRY/B,GRANT MERRILL,11,2026,F,1.45 pts,11,,282,,Yes
27,3/18/25,3,S2,MAT702 / 23,ALGEBRA II B,JENNIFER REILLY,11,2026,C,2.41 pts,11,,282,,Yes
27,3/18/25,3,S2,BUS302 / 23,PERSONAL FINANCE B,NICOLE SIMEK,12,2025,A,3.99 pts,0.71,,283,,Yes
27,3/18/25,3,S2,MAT523 / 23,GEOMETRY B,ROCHELLE AITON,9,2028,A,3.67 pts,1,,284,,Yes
26,3/11/25,4,S2,MAT702 / 24,ALGEBRA II B,JENNIFER REILLY,12,2025,D+,1.92 pts,0.33,,543,,Yes
27,3/18/25,1,S2,SCI504 / 21,PHYSICAL SCIENCE B,JAMES BENNETT,9,2028,A-,3.55 pts,1.29,,285,,Yes
27,3/18/25,6,S2,ENG502 / 26,FR ENGLISH/B,DAVID HOLLINGSWORTH,9,2028,A,3.97 pts,0.57,,285,,Yes
27,3/18/25,6,S2,ENG502 / 26,FR ENGLISH/B,DAVID HOLLINGSWORTH,9,2028,B,2.98 pts,0,,596,,Yes
27,3/18/25,5,S2,BUS302 / 25,PERSONAL FINANCE B,NICOLE SIMEK,12,2025,A,3.71 pts,2.43,,539,,Yes
27,3/18/25,1,S2,ENG504 / 21,PRE-AP FRESHMAN ENGLISH/B,ANGELINA MERRILL,9,2028,A-,3.49 pts,0,,540,,Yes
27,3/18/25,5,S2,MAT702 / 45,ALGEBRA II B,JENNIFER REILLY,10,2027,B-,2.75 pts,8,,287,,Yes
27,3/18/25,6,S2,SCI602 / 26,BIOLOGY B,GRANT MERRILL,10,2027,B,3.05 pts,8,,287,,Yes
27,3/18/25,5,S2,MAT702 / 45,ALGEBRA II B,JENNIFER REILLY,11,2026,B,3.03 pts,1,,288,,Yes
27,3/18/25,6,S2,SOC702 / 26,US HISTORY/B,SCOTT BOOTHBY,11,2026,A,3.76 pts,1,,288,,Yes
27,3/18/25,2,S2,ENG602 / 22,SOPH ENG/B,KELLY GREGERSEN,10,2027,D,1.66 pts,3.29,,290,,Yes
27,3/18/25,5,S2,BUS302 / 25,PERSONAL FINANCE B,NICOLE SIMEK,12,2025,F,0.75 pts,3.86,,541,,Yes
27,3/18/25,4,S2,SCI602 / 24,BIOLOGY B,GRANT MERRILL,10,2027,F,1.50 pts,2,,291,,Yes
27,3/18/25,3,S2,BUS302 / 23,PERSONAL FINANCE B,NICOLE SIMEK,12,2025,A-,3.50 pts,0,,542,,Yes
27,3/18/25,3,S2,MAT523 / 23,GEOMETRY B,ROCHELLE AITON,10,2027,F,1.62 pts,7.86,,293,,Yes
27,3/18/25,4,S2,SCI602 / 24,BIOLOGY B,GRANT MERRILL,10,2027,C,2.39 pts,7.86,,293,,Yes
27,3/18/25,5,S2,MAT523 / 25,GEOMETRY B,BRIAN ANDERSON,10,2027,B-,2.79 pts,1.14,,294,,Yes
27,3/18/25,6,S2,SCI602 / 46,BIOLOGY B,WILLIAM BAUR,10,2027,A,3.98 pts,0.86,,294,,Yes
27,3/18/25,6,S2,ENG502 / 26,FR ENGLISH/B,DAVID HOLLINGSWORTH,9,2028,A,3.76 pts,0.14,,295,,Yes
27,3/18/25,6,S2,MAT702 / 26,ALGEBRA II B,JASON BLAESING,11,2026,F,0.71 pts,10.43,,296,,Yes
27,3/18/25,4,S2,MAT702 / 24,ALGEBRA II B,JENNIFER REILLY,12,2025,C-,2.01 pts,0.33,,543,,Yes
28,3/25/25,4,S2,MAT702 / 24,ALGEBRA II B,JENNIFER REILLY,12,2025,C,2.24 pts,0.33,,543,,Yes
27,3/18/25,2,S2,SCI610 / 22,CHEMISTRY/B,GRANT MERRILL,11,2026,D+,1.96 pts,1.86,,297,,Yes
27,3/18/25,6,S2,MAT702 / 26,ALGEBRA II B,JASON BLAESING,11,2026,A,3.68 pts,1.71,,297,,Yes
27,3/18/25,3,S2,MAT702 / 23,ALGEBRA II B,JENNIFER REILLY,11,2026,B+,3.38 pts,0,,298,,Yes
27,3/18/25,2,S2,BUS302 / 22,PERSONAL FINANCE B,NICOLE SIMEK,12,2025,A,3.64 pts,1.43,,299,,Yes
27,3/18/25,3,S2,BUS302 / 23,PERSONAL FINANCE B,NICOLE SIMEK,11,2026,,0.00 pts,2.57,,300,,Yes
27,3/18/25,1,S2,MAT523 / 21,GEOMETRY B,ROCHELLE AITON,10,2027,A,3.60 pts,1,,301,,Yes
27,3/18/25,4,S2,MAT523 / 24,GEOMETRY B,ROCHELLE AITON,10,2027,C+,2.62 pts,0,,443,,Yes
27,3/18/25,3,S2,MAT523 / 23,GEOMETRY B,ROCHELLE AITON,9,2028,A-,3.50 pts,6.29,,302,,Yes
27,3/18/25,6,S2,ENG502 / 26,FR ENGLISH/B,DAVID HOLLINGSWORTH,9,2028,C-,2.17 pts,6,,302,,Yes
27,3/18/25,2,S2,MAT702 / 22,ALGEBRA II B,JASON BLAESING,11,2026,B,3.07 pts,0.6,,545,,Yes
27,3/18/25,3,S2,BUS302 / 23,PERSONAL FINANCE B,NICOLE SIMEK,12,2025,C-,2.15 pts,1,,305,,Yes
27,3/18/25,5,S2,BUS302 / 25,PERSONAL FINANCE B,NICOLE SIMEK,12,2025,F,1.61 pts,5.14,,546,,Yes
27,3/18/25,5,S2,MAT523 / 25,GEOMETRY B,BRIAN ANDERSON,9,2028,A,4.00 pts,7.86,,547,,Yes
27,3/18/25,1,S2,SCI504 / 21,PHYSICAL SCIENCE B,JAMES BENNETT,9,2028,B,3.10 pts,9,,306,,Yes
27,3/18/25,3,S2,MAT523 / 23,GEOMETRY B,ROCHELLE AITON,9,2028,F,1.30 pts,10.29,,306,,Yes
27,3/18/25,2,S2,MAT702 / 22,ALGEBRA II B,JASON BLAESING,11,2026,B+,3.38 pts,4,,307,,Yes
27,3/18/25,2,S2,ENG602 / 22,SOPH ENG/B,KELLY GREGERSEN,10,2027,F,0.00 pts,14.29,,309,,Yes
27,3/18/25,5,S2,MAT523 / 25,GEOMETRY B,BRIAN ANDERSON,10,2027,F,0.00 pts,13.14,,309,,Yes
27,3/18/25,6,S2,SCI602 / 26,BIOLOGY B,GRANT MERRILL,10,2027,F,0.91 pts,14,,309,,Yes
27,3/18/25,1,S2,SCI504 / 21,PHYSICAL SCIENCE B,JAMES BENNETT,9,2028,F,1.29 pts,0.43,,308,,Yes
27,3/18/25,6,S2,ENG502 / 26,FR ENGLISH/B,DAVID HOLLINGSWORTH,9,2028,F,1.60 pts,0.57,,308,,Yes
27,3/18/25,1,S2,SCI504 / 21,PHYSICAL SCIENCE B,JAMES BENNETT,9,2028,A-,3.55 pts,5,,548,,Yes
27,3/18/25,3,S2,SCI602 / 23,BIOLOGY B,GRANT MERRILL,10,2027,B,3.05 pts,1,,310,,Yes
27,3/18/25,4,S2,MAT523 / 24,GEOMETRY B,ROCHELLE AITON,10,2027,C,2.32 pts,1,,310,,Yes
27,3/18/25,2,S2,MAT702 / 22,ALGEBRA II B,JASON BLAESING,11,2026,D,1.66 pts,7.14,,312,,Yes
27,3/18/25,6,S2,SOC702 / 26,US HISTORY/B,SCOTT BOOTHBY,11,2026,C-,2.13 pts,7.57,,312,,Yes
27,3/18/25,3,S2,SCI602 / 23,BIOLOGY B,GRANT MERRILL,10,2027,C-,2.06 pts,0,,549,,Yes
29,4/8/25,4,S2,MAT702 / 24,ALGEBRA II B,JENNIFER REILLY,12,2025,C,2.39 pts,1.33,,543,,Yes
27,3/18/25,6,S2,MAT702 / 26,ALGEBRA II B,JASON BLAESING,11,2026,C,2.42 pts,3,,313,,Yes
27,3/18/25,2,S2,MAT702 / 22,ALGEBRA II B,JASON BLAESING,11,2026,C+,2.66 pts,2,,314,,Yes
27,3/18/25,2,S2,SCI610 / 22,CHEMISTRY/B,GRANT MERRILL,11,2026,C+,2.66 pts,0,,315,,Yes
30,4/15/25,4,S2,MAT702 / 24,ALGEBRA II B,JENNIFER REILLY,12,2025,C,2.36 pts,1.33,,543,,Yes
27,3/18/25,1,S2,ENG504 / 21,PRE-AP FRESHMAN ENGLISH/B,ANGELINA MERRILL,9,2028,A,3.99 pts,0.86,,551,,Yes
27,3/18/25,6,S2,MAT702 / 26,ALGEBRA II B,JASON BLAESING,11,2026,B+,3.31 pts,2.71,,316,,Yes
27,3/18/25,2,S2,ENG602 / 22,SOPH ENG/B,KELLY GREGERSEN,10,2027,B,2.92 pts,11.86,,317,,Yes
27,3/18/25,3,S2,MAT523 / 23,GEOMETRY B,ROCHELLE AITON,10,2027,F,1.60 pts,11.57,,317,,Yes
27,3/18/25,4,S2,SCI602 / 24,BIOLOGY B,GRANT MERRILL,10,2027,D+,1.87 pts,10.86,,317,,Yes
27,3/18/25,1,S2,MAT523 / 21,GEOMETRY B,ROCHELLE AITON,10,2027,F,1.63 pts,4,,318,,Yes
27,3/18/25,3,S2,SCI602 / 23,BIOLOGY B,GRANT MERRILL,10,2027,B-,2.82 pts,4.14,,318,,Yes
27,3/18/25,2,S2,MAT702 / 22,ALGEBRA II B,JASON BLAESING,11,2026,C+,2.66 pts,0,,319,,Yes
27,3/18/25,2,S2,MAT702 / 22,ALGEBRA II B,JASON BLAESING,11,2026,B+,3.38 pts,0,,320,,Yes
27,3/18/25,6,S2,SOC702 / 26,US HISTORY/B,SCOTT BOOTHBY,11,2026,B,2.90 pts,1.14,,320,,Yes
27,3/18/25,1,S2,ENG504 / 21,PRE-AP FRESHMAN ENGLISH/B,ANGELINA MERRILL,9,2028,A,3.72 pts,0.57,,552,,Yes
27,3/18/25,2,S2,BUS302 / 22,PERSONAL FINANCE B,NICOLE SIMEK,12,2025,F,0.00 pts,18.14,,321,,Yes
27,3/18/25,2,S2,BUS302 / 22,PERSONAL FINANCE B,NICOLE SIMEK,12,2025,C-,2.07 pts,7.57,,322,,Yes
27,3/18/25,3,S2,BUS302 / 23,PERSONAL FINANCE B,NICOLE SIMEK,12,2025,B+,3.34 pts,2.29,,323,,Yes
27,3/18/25,2,S2,ENG602 / 22,SOPH ENG/B,KELLY GREGERSEN,10,2027,A,3.99 pts,0.43,,324,,Yes
27,3/18/25,4,S2,MAT523 / 24,GEOMETRY B,ROCHELLE AITON,10,2027,B+,3.37 pts,0,,324,,Yes
27,3/18/25,5,S2,BUS302 / 25,PERSONAL FINANCE B,NICOLE SIMEK,12,2025,B-,2.70 pts,4.71,,553,,Yes
27,3/18/25,4,S2,SCI602 / 24,BIOLOGY B,GRANT MERRILL,10,2027,C-,2.09 pts,4,,445,,Yes
27,3/18/25,2,S2,BUS302 / 22,PERSONAL FINANCE B,NICOLE SIMEK,12,2025,A,3.91 pts,3,,325,,Yes
27,3/18/25,3,S2,BUS302 / 23,PERSONAL FINANCE B,NICOLE SIMEK,12,2025,A,3.99 pts,2,,326,,Yes
27,3/18/25,2,S2,BUS302 / 22,PERSONAL FINANCE B,NICOLE SIMEK,11,2026,B+,3.34 pts,0.29,,327,,Yes
27,3/18/25,6,S2,SOC702 / 26,US HISTORY/B,SCOTT BOOTHBY,11,2026,B,2.99 pts,0,,327,,Yes
27,3/18/25,2,S2,MAT702 / 22,ALGEBRA II B,JASON BLAESING,11,2026,D,1.78 pts,6,,554,,Yes
21,2/4/25,4,S2,MAT702 / 24,ALGEBRA II B,JENNIFER REILLY,11,2026,A,3.68 pts,4.67,,544,,Yes
27,3/18/25,5,S2,MAT702 / 45,ALGEBRA II B,JENNIFER REILLY,11,2026,C-,2.02 pts,0,,556,,Yes
27,3/18/25,6,S2,SCI602 / 46,BIOLOGY B,WILLIAM BAUR,10,2027,D,1.68 pts,0.86,,330,,Yes
27,3/18/25,3,S2,BUS302 / 23,PERSONAL FINANCE B,NICOLE SIMEK,12,2025,D,1.72 pts,13.86,,331,,Yes
27,3/18/25,5,S2,MAT702 / 45,ALGEBRA II B,JENNIFER REILLY,12,2025,C,2.37 pts,3.43,,557,,Yes
27,3/18/25,3,S2,BUS302 / 23,PERSONAL FINANCE B,NICOLE SIMEK,12,2025,B+,3.38 pts,3.14,,332,,Yes
27,3/18/25,3,S2,SCI602 / 23,BIOLOGY B,GRANT MERRILL,10,2027,B+,3.39 pts,4,,333,,Yes
27,3/18/25,5,S2,ENG602 / 25,SOPH ENG/B,MARCEE SALAS,10,2027,B-,2.85 pts,4,,333,,Yes
27,3/18/25,5,S2,MAT523 / 25,GEOMETRY B,BRIAN ANDERSON,10,2027,B,2.95 pts,5.29,,334,,Yes
22,2/11/25,4,S2,MAT702 / 24,ALGEBRA II B,JENNIFER REILLY,11,2026,,,1,,544,,Yes
27,3/18/25,2,S2,MAT523 / 22,GEOMETRY B,ROCHELLE AITON,10,2027,C,2.35 pts,1,,335,,Yes
27,3/18/25,3,S2,SCI602 / 23,BIOLOGY B,GRANT MERRILL,10,2027,C,2.48 pts,1,,335,,Yes
27,3/18/25,6,S2,SCI602 / 46,BIOLOGY B,WILLIAM BAUR,10,2027,B-,2.71 pts,3.14,,337,,Yes
27,3/18/25,6,S2,MAT702 / 26,ALGEBRA II B,JASON BLAESING,11,2026,A,3.66 pts,3,,336,,Yes
27,3/18/25,5,S2,MAT702 / 45,ALGEBRA II B,JENNIFER REILLY,11,2026,C,2.23 pts,3.14,,559,,Yes
27,3/18/25,5,S2,BUS302 / 25,PERSONAL FINANCE B,NICOLE SIMEK,12,2025,B+,3.24 pts,0,,560,,Yes
27,3/18/25,4,S2,MAT523 / 24,GEOMETRY B,ROCHELLE AITON,10,2027,B,2.98 pts,0,,338,,Yes
27,3/18/25,5,S2,ENG602 / 25,SOPH ENG/B,MARCEE SALAS,10,2027,C,2.43 pts,0,,338,,Yes
27,3/18/25,3,S2,MAT702 / 23,ALGEBRA II B,JENNIFER REILLY,11,2026,C+,2.68 pts,0,,339,,Yes
27,3/18/25,4,S2,MAT523 / 24,GEOMETRY B,ROCHELLE AITON,10,2027,F,0.00 pts,17,,446,,Yes
27,3/18/25,5,S2,MAT523 / 25,GEOMETRY B,BRIAN ANDERSON,10,2027,D,1.69 pts,5,,340,,Yes
27,3/18/25,6,S2,SCI602 / 46,BIOLOGY B,WILLIAM BAUR,10,2027,F,1.02 pts,4.29,,340,,Yes
27,3/18/25,1,S2,ENG504 / 21,PRE-AP FRESHMAN ENGLISH/B,ANGELINA MERRILL,9,2028,A,3.96 pts,3,,561,,Yes
27,3/18/25,3,S2,BUS302 / 23,PERSONAL FINANCE B,NICOLE SIMEK,12,2025,A,3.76 pts,1,,341,,Yes
27,3/18/25,6,S2,MAT702 / 26,ALGEBRA II B,JASON BLAESING,11,2026,C,2.42 pts,3,,342,,Yes
27,3/18/25,2,S2,ENG602 / 22,SOPH ENG/B,KELLY GREGERSEN,10,2027,F,1.44 pts,0.43,,347,,Yes
27,3/18/25,4,S2,SCI602 / 24,BIOLOGY B,GRANT MERRILL,10,2027,B+,3.37 pts,0.43,,347,,Yes
27,3/18/25,1,S2,ENG504 / 21,PRE-AP FRESHMAN ENGLISH/B,ANGELINA MERRILL,9,2028,A-,3.47 pts,0,,348,,Yes
27,3/18/25,2,S2,MAT523 / 22,GEOMETRY B,ROCHELLE AITON,9,2028,A,3.98 pts,0,,348,,Yes
27,3/18/25,2,S2,SCI610 / 22,CHEMISTRY/B,GRANT MERRILL,11,2026,B+,3.20 pts,1.43,,350,,Yes
27,3/18/25,1,S2,ENG504 / 21,PRE-AP FRESHMAN ENGLISH/B,ANGELINA MERRILL,9,2028,F,1.27 pts,8.71,,562,,Yes
27,3/18/25,5,S2,MAT523 / 25,GEOMETRY B,BRIAN ANDERSON,9,2028,B+,3.28 pts,1.57,,351,,Yes
27,3/18/25,3,S2,MAT702 / 23,ALGEBRA II B,JENNIFER REILLY,10,2027,C+,2.55 pts,3.71,,353,,Yes
27,3/18/25,5,S2,ENG602 / 25,SOPH ENG/B,MARCEE SALAS,10,2027,D+,1.80 pts,2.86,,353,,Yes
27,3/18/25,6,S2,SCI602 / 46,BIOLOGY B,WILLIAM BAUR,10,2027,A,3.95 pts,2.86,,353,,Yes
27,3/18/25,2,S2,SCI610 / 22,CHEMISTRY/B,GRANT MERRILL,12,2025,W,1.43 pts,8.14,,354,,Yes
27,3/18/25,1,S2,ENG504 / 21,PRE-AP FRESHMAN ENGLISH/B,ANGELINA MERRILL,9,2028,C+,2.52 pts,0,,563,,Yes
27,3/18/25,6,S2,SOC702 / 26,US HISTORY/B,SCOTT BOOTHBY,11,2026,D+,1.91 pts,9.74,,356,,Yes
27,3/18/25,6,S2,MAT702 / 26,ALGEBRA II B,JASON BLAESING,11,2026,D,1.65 pts,3.57,,357,,Yes
23,2/18/25,4,S2,MAT702 / 24,ALGEBRA II B,JENNIFER REILLY,11,2026,,,1,,544,,Yes
27,3/18/25,3,S2,MAT523 / 23,GEOMETRY B,ROCHELLE AITON,9,2028,A,3.80 pts,4,,358,,Yes
27,3/18/25,1,S2,SCI504 / 21,PHYSICAL SCIENCE B,JAMES BENNETT,9,2028,C+,2.64 pts,0,,565,,Yes
27,3/18/25,6,S2,ENG502 / 26,FR ENGLISH/B,DAVID HOLLINGSWORTH,9,2028,A,3.75 pts,0,,565,,Yes
27,3/18/25,1,S2,ENG504 / 21,PRE-AP FRESHMAN ENGLISH/B,ANGELINA MERRILL,9,2028,A,3.76 pts,2,,566,,Yes
27,3/18/25,1,S2,SCI504 / 21,PHYSICAL SCIENCE B,JAMES BENNETT,11,2026,C+,2.64 pts,0.43,,361,,Yes
27,3/18/25,6,S2,MAT702 / 26,ALGEBRA II B,JASON BLAESING,11,2026,B-,2.73 pts,0,,361,,Yes
27,3/18/25,5,S2,BUS302 / 25,PERSONAL FINANCE B,NICOLE SIMEK,12,2025,F,0.12 pts,15.14,,362,,Yes
27,3/18/25,1,S2,ENG504 / 21,PRE-AP FRESHMAN ENGLISH/B,ANGELINA MERRILL,9,2028,,3.83 pts,0,,363,,Yes
27,3/18/25,3,S2,MAT523 / 23,GEOMETRY B,ROCHELLE AITON,9,2028,A,4.00 pts,0,,363,,Yes
27,3/18/25,6,S2,ENG502 / 26,FR ENGLISH/B,DAVID HOLLINGSWORTH,9,2028,A,3.76 pts,3,,567,,Yes
27,3/18/25,3,S2,MAT702 / 23,ALGEBRA II B,JENNIFER REILLY,10,2027,A,3.98 pts,1,,364,,Yes
27,3/18/25,4,S2,SCI602 / 24,BIOLOGY B,GRANT MERRILL,10,2027,C-,2.00 pts,1,,364,,Yes
27,3/18/25,1,S2,ENG504 / 21,PRE-AP FRESHMAN ENGLISH/B,ANGELINA MERRILL,9,2028,A-,3.50 pts,0,,568,,Yes
27,3/18/25,5,S2,MAT702 / 45,ALGEBRA II B,JENNIFER REILLY,11,2026,D,1.73 pts,3.33,,569,,Yes
27,3/18/25,4,S2,SCI602 / 24,BIOLOGY B,GRANT MERRILL,10,2027,C+,2.55 pts,2,,448,,Yes
27,3/18/25,6,S2,ENG502 / 26,FR ENGLISH/B,DAVID HOLLINGSWORTH,9,2028,F,1.61 pts,13.71,,366,,Yes
27,3/18/25,2,S2,BUS302 / 22,PERSONAL FINANCE B,NICOLE SIMEK,12,2025,D+,1.94 pts,0.71,,365,,Yes
27,3/18/25,1,S2,ENG504 / 21,PRE-AP FRESHMAN ENGLISH/B,ANGELINA MERRILL,9,2028,A-,3.56 pts,3,,450,,Yes
27,3/18/25,4,S2,MAT523 / 24,GEOMETRY B,ROCHELLE AITON,9,2028,C+,2.53 pts,3.86,,450,,Yes
27,3/18/25,1,S2,SCI504 / 21,PHYSICAL SCIENCE B,JAMES BENNETT,11,2026,D,1.74 pts,6.57,,570,,Yes
24,2/25/25,4,S2,MAT702 / 24,ALGEBRA II B,JENNIFER REILLY,11,2026,B,2.90 pts,1.33,,544,,Yes
27,3/18/25,1,S2,SCI504 / 21,PHYSICAL SCIENCE B,JAMES BENNETT,9,2028,F,1.61 pts,3,,461,,Yes
27,3/18/25,6,S2,ENG502 / 26,FR ENGLISH/B,DAVID HOLLINGSWORTH,9,2028,D+,1.93 pts,2.57,,461,,Yes
27,3/18/25,3,S2,BUS302 / 23,PERSONAL FINANCE B,NICOLE SIMEK,12,2025,A,3.99 pts,6,,367,,Yes
27,3/18/25,2,S2,SCI610 / 22,CHEMISTRY/B,GRANT MERRILL,11,2026,F,1.04 pts,10,,368,,Yes
25,3/4/25,4,S2,MAT702 / 24,ALGEBRA II B,JENNIFER REILLY,11,2026,B-,2.89 pts,1.33,,544,,Yes
27,3/18/25,6,S2,SOC702 / 26,US HISTORY/B,SCOTT BOOTHBY,11,2026,F,1.58 pts,8.86,,368,,Yes
27,3/18/25,5,S2,MAT523 / 25,GEOMETRY B,BRIAN ANDERSON,9,2028,A,3.92 pts,0.29,,369,,Yes
27,3/18/25,2,S2,BUS302 / 22,PERSONAL FINANCE B,NICOLE SIMEK,11,2026,F,1.43 pts,11.14,,451,,Yes
27,3/18/25,6,S2,MAT702 / 26,ALGEBRA II B,JASON BLAESING,11,2026,B+,3.37 pts,1.43,,370,,Yes
27,3/18/25,1,S2,ENG504 / 21,PRE-AP FRESHMAN ENGLISH/B,ANGELINA MERRILL,9,2028,A,3.98 pts,3.71,,571,,Yes
27,3/18/25,5,S2,ENG602 / 25,SOPH ENG/B,MARCEE SALAS,10,2027,C,2.44 pts,4.86,,371,,Yes
27,3/18/25,3,S2,SCI602 / 23,BIOLOGY B,GRANT MERRILL,10,2027,B,3.03 pts,1.43,,372,,Yes
27,3/18/25,5,S2,MAT523 / 25,GEOMETRY B,BRIAN ANDERSON,10,2027,C+,2.50 pts,1.43,,372,,Yes
27,3/18/25,4,S2,MAT523 / 24,GEOMETRY B,ROCHELLE AITON,10,2027,B+,3.33 pts,0,,452,,Yes
27,3/18/25,6,S2,SCI602 / 26,BIOLOGY B,GRANT MERRILL,10,2027,A,3.87 pts,0,,452,,Yes
27,3/18/25,2,S2,ENG602 / 22,SOPH ENG/B,KELLY GREGERSEN,10,2027,A-,3.54 pts,3.86,,572,,Yes
27,3/18/25,3,S2,MAT523 / 23,GEOMETRY B,ROCHELLE AITON,10,2027,B+,3.30 pts,4,,572,,Yes
27,3/18/25,6,S2,SCI602 / 26,BIOLOGY B,GRANT MERRILL,10,2027,B,2.93 pts,1,,453,,Yes
27,3/18/25,5,S2,ENG602 / 25,SOPH ENG/B,MARCEE SALAS,10,2027,B-,2.70 pts,0,,373,,Yes
27,3/18/25,6,S2,SCI602 / 46,BIOLOGY B,WILLIAM BAUR,10,2027,A,4.00 pts,0,,373,,Yes
27,3/18/25,1,S2,ENG504 / 21,PRE-AP FRESHMAN ENGLISH/B,ANGELINA MERRILL,9,2028,C-,2.12 pts,3,,573,,Yes
27,3/18/25,3,S2,BUS302 / 23,PERSONAL FINANCE B,NICOLE SIMEK,11,2026,A-,3.41 pts,4.14,,574,,Yes
27,3/18/25,6,S2,SCI602 / 26,BIOLOGY B,GRANT MERRILL,10,2027,B-,2.81 pts,1,,375,,Yes
27,3/18/25,6,S2,SOC702 / 26,US HISTORY/B,SCOTT BOOTHBY,11,2026,C+,2.59 pts,2,,376,,Yes
27,3/18/25,4,S2,SCI602 / 24,BIOLOGY B,GRANT MERRILL,10,2027,C-,2.01 pts,1,,374,,Yes
27,3/18/25,3,S2,SCI602 / 23,BIOLOGY B,GRANT MERRILL,9,2028,F,0.00 pts,18.71,,595,,Yes
27,3/18/25,2,S2,BUS302 / 22,PERSONAL FINANCE B,NICOLE SIMEK,12,2025,F,1.61 pts,6.86,,377,,Yes
27,3/18/25,1,S2,MAT523 / 21,GEOMETRY B,ROCHELLE AITON,10,2027,B,3.05 pts,1.29,,454,,Yes
27,3/18/25,3,S2,MAT702 / 23,ALGEBRA II B,JENNIFER REILLY,11,2026,F,0.62 pts,6.45,,380,,Yes
27,3/18/25,6,S2,SOC702 / 26,US HISTORY/B,SCOTT BOOTHBY,11,2026,C-,2.00 pts,4.6,,380,,Yes
27,3/18/25,5,S2,MAT702 / 45,ALGEBRA II B,JENNIFER REILLY,11,2026,A-,3.58 pts,2,,575,,Yes
26,3/11/25,4,S2,MAT702 / 24,ALGEBRA II B,JENNIFER REILLY,11,2026,B+,3.36 pts,1.67,,544,,Yes
27,3/18/25,5,S2,ENG602 / 25,SOPH ENG/B,MARCEE SALAS,10,2027,F,1.48 pts,0,,455,,Yes
27,3/18/25,5,S2,ENG602 / 25,SOPH ENG/B,MARCEE SALAS,10,2027,B,3.15 pts,5,,456,,Yes
27,3/18/25,2,S2,MAT523 / 22,GEOMETRY B,ROCHELLE AITON,10,2027,C+,2.60 pts,2,,382,,Yes
27,3/18/25,2,S2,MAT523 / 22,GEOMETRY B,ROCHELLE AITON,10,2027,B,2.95 pts,5.86,,383,,Yes
27,3/18/25,3,S2,SCI602 / 23,BIOLOGY B,GRANT MERRILL,10,2027,C+,2.54 pts,6,,383,,Yes
27,3/18/25,5,S2,ENG602 / 25,SOPH ENG/B,MARCEE SALAS,10,2027,D+,1.82 pts,6.71,,383,,Yes
27,3/18/25,6,S2,MAT702 / 26,ALGEBRA II B,JASON BLAESING,10,2027,B+,3.37 pts,1,,384,,Yes
27,3/18/25,3,S2,BUS302 / 23,PERSONAL FINANCE B,NICOLE SIMEK,12,2025,A,3.70 pts,3.71,,385,,Yes
27,3/18/25,2,S2,MAT523 / 22,GEOMETRY B,ROCHELLE AITON,10,2027,C,2.32 pts,6.43,,386,,Yes
27,3/18/25,4,S2,SCI602 / 24,BIOLOGY B,GRANT MERRILL,10,2027,F,1.38 pts,6.86,,386,,Yes
27,3/18/25,5,S2,MAT523 / 25,GEOMETRY B,BRIAN ANDERSON,10,2027,C,2.21 pts,0,,576,,Yes
27,3/18/25,4,S2,MAT702 / 24,ALGEBRA II B,JENNIFER REILLY,11,2026,A-,3.58 pts,1.67,,544,,Yes
27,3/18/25,5,S2,MAT702 / 45,ALGEBRA II B,JENNIFER REILLY,10,2027,A,3.98 pts,0,,578,,Yes
27,3/18/25,2,S2,SCI610 / 22,CHEMISTRY/B,GRANT MERRILL,11,2026,B,2.95 pts,0.29,,387,,Yes
27,3/18/25,3,S2,MAT702 / 23,ALGEBRA II B,JENNIFER REILLY,11,2026,A,3.93 pts,0,,387,,Yes
27,3/18/25,2,S2,SCI610 / 22,CHEMISTRY/B,GRANT MERRILL,11,2026,D,1.75 pts,0,,388,,Yes
28,3/25/25,4,S2,MAT702 / 24,ALGEBRA II B,JENNIFER REILLY,11,2026,A,3.64 pts,2.67,,544,,Yes
27,3/18/25,5,S2,BUS302 / 25,PERSONAL FINANCE B,NICOLE SIMEK,12,2025,A,3.84 pts,1,,579,,Yes
27,3/18/25,1,S2,MAT523 / 21,GEOMETRY B,ROCHELLE AITON,10,2027,B+,3.27 pts,1.14,,389,,Yes
27,3/18/25,3,S2,SCI602 / 23,BIOLOGY B,GRANT MERRILL,10,2027,C-,2.12 pts,1,,389,,Yes
27,3/18/25,6,S2,SOC702 / 26,US HISTORY/B,SCOTT BOOTHBY,11,2026,F,1.14 pts,14,,580,,Yes
27,3/18/25,3,S2,SCI602 / 23,BIOLOGY B,GRANT MERRILL,10,2027,F,0.58 pts,5,,391,,Yes
27,3/18/25,2,S2,ENG602 / 22,SOPH ENG/B,KELLY GREGERSEN,10,2027,B+,3.30 pts,2,,392,,Yes
27,3/18/25,5,S2,MAT702 / 45,ALGEBRA II B,JENNIFER REILLY,10,2027,D+,1.97 pts,3.14,,581,,Yes
27,3/18/25,3,S2,BUS302 / 23,PERSONAL FINANCE B,NICOLE SIMEK,12,2025,B,2.90 pts,3.86,,394,,Yes
27,3/18/25,4,S2,MAT523 / 24,GEOMETRY B,ROCHELLE AITON,10,2027,C,2.32 pts,0.43,,458,,Yes
27,3/18/25,5,S2,MAT702 / 45,ALGEBRA II B,JENNIFER REILLY,11,2026,C+,2.64 pts,3,,582,,Yes
27,3/18/25,1,S2,SCI504 / 21,PHYSICAL SCIENCE B,JAMES BENNETT,9,2028,C-,2.13 pts,6,,583,,Yes
27,3/18/25,6,S2,ENG502 / 26,FR ENGLISH/B,DAVID HOLLINGSWORTH,9,2028,C-,2.17 pts,5.71,,583,,Yes
27,3/18/25,1,S2,SCI504 / 21,PHYSICAL SCIENCE B,JAMES BENNETT,9,2028,C+,2.61 pts,4.29,,584,,Yes
27,3/18/25,2,S2,MAT702 / 22,ALGEBRA II B,JASON BLAESING,10,2027,B+,3.38 pts,1.29,,398,,Yes
27,3/18/25,3,S2,SCI602 / 23,BIOLOGY B,GRANT MERRILL,10,2027,C,2.40 pts,1,,398,,Yes
27,3/18/25,1,S2,MAT523 / 21,GEOMETRY B,ROCHELLE AITON,10,2027,F,1.00 pts,4.14,,399,,Yes
27,3/18/25,2,S2,ENG602 / 22,SOPH ENG/B,KELLY GREGERSEN,10,2027,D+,1.99 pts,4,,399,,Yes
27,3/18/25,6,S2,SCI602 / 26,BIOLOGY B,GRANT MERRILL,10,2027,B-,2.79 pts,4.57,,399,,Yes
27,3/18/25,3,S2,SCI602 / 23,BIOLOGY B,GRANT MERRILL,10,2027,F,0.90 pts,16.14,,585,,Yes
27,3/18/25,1,S2,SCI504 / 21,PHYSICAL SCIENCE B,JAMES BENNETT,11,2026,C-,2.13 pts,10.86,,586,,Yes
29,4/8/25,4,S2,MAT702 / 24,ALGEBRA II B,JENNIFER REILLY,11,2026,A,3.71 pts,4.67,,544,,Yes
27,3/18/25,1,S2,ENG504 / 21,PRE-AP FRESHMAN ENGLISH/B,ANGELINA MERRILL,9,2028,B,2.99 pts,2.14,,587,,Yes
27,3/18/25,1,S2,SCI504 / 21,PHYSICAL SCIENCE B,JAMES BENNETT,12,2025,C-,2.19 pts,2,,588,,Yes
27,3/18/25,4,S2,SCI602 / 24,BIOLOGY B,GRANT MERRILL,10,2027,C-,2.06 pts,4.57,,401,,Yes
27,3/18/25,5,S2,ENG602 / 25,SOPH ENG/B,MARCEE SALAS,10,2027,D+,1.91 pts,5.29,,401,,Yes
27,3/18/25,5,S2,MAT523 / 25,GEOMETRY B,BRIAN ANDERSON,10,2027,D+,1.92 pts,3.43,,402,,Yes
27,3/18/25,3,S2,MAT523 / 23,GEOMETRY B,ROCHELLE AITON,10,2027,F,1.37 pts,4,,403,,Yes
27,3/18/25,5,S2,ENG602 / 25,SOPH ENG/B,MARCEE SALAS,10,2027,B,3.04 pts,4,,403,,Yes
30,4/15/25,4,S2,MAT702 / 24,ALGEBRA II B,JENNIFER REILLY,11,2026,A,3.68 pts,4.67,,544,,Yes
21,2/4/25,4,S2,MAT702 / 24,ALGEBRA II B,JENNIFER REILLY,11,2026,A,3.80 pts,3.33,,550,,Yes
27,3/18/25,2,S2,ENG602 / 22,SOPH ENG/B,KELLY GREGERSEN,10,2027,A,3.77 pts,0,,404,,Yes
27,3/18/25,3,S2,MAT523 / 23,GEOMETRY B,ROCHELLE AITON,10,2027,B+,3.23 pts,0,,404,,Yes
27,3/18/25,4,S2,SCI602 / 24,BIOLOGY B,GRANT MERRILL,10,2027,F,1.63 pts,0,,404,,Yes
27,3/18/25,3,S2,MAT702 / 23,ALGEBRA II B,JENNIFER REILLY,10,2027,D+,1.94 pts,0,,405,,Yes
27,3/18/25,4,S2,SCI602 / 24,BIOLOGY B,GRANT MERRILL,10,2027,B+,3.38 pts,0,,405,,Yes
27,3/18/25,5,S2,ENG602 / 25,SOPH ENG/B,MARCEE SALAS,10,2027,A,3.63 pts,0,,405,,Yes
27,3/18/25,3,S2,MAT702 / 23,ALGEBRA II B,JENNIFER REILLY,11,2026,D,1.70 pts,1.86,,406,,Yes
27,3/18/25,1,S2,MAT523 / 21,GEOMETRY B,ROCHELLE AITON,10,2027,F,0.63 pts,10.57,,407,,Yes
27,3/18/25,2,S2,ENG602 / 22,SOPH ENG/B,KELLY GREGERSEN,10,2027,B+,3.34 pts,10.71,,407,,Yes
27,3/18/25,6,S2,SCI602 / 46,BIOLOGY B,WILLIAM BAUR,10,2027,C,2.25 pts,11.71,,407,,Yes
27,3/18/25,5,S2,BUS302 / 25,PERSONAL FINANCE B,NICOLE SIMEK,12,2025,B,3.04 pts,2.29,,408,,Yes
27,3/18/25,4,S2,SCI602 / 24,BIOLOGY B,GRANT MERRILL,11,2026,C,2.37 pts,0,,591,,Yes
27,3/18/25,5,S2,BUS302 / 25,PERSONAL FINANCE B,NICOLE SIMEK,11,2026,A,3.90 pts,1,,591,,Yes
27,3/18/25,6,S2,ENG502 / 26,FR ENGLISH/B,DAVID HOLLINGSWORTH,9,2028,F,0.38 pts,14.14,,410,,Yes
27,3/18/25,2,S2,MAT523 / 22,GEOMETRY B,ROCHELLE AITON,10,2027,C,2.30 pts,0.29,,411,,Yes
27,3/18/25,3,S2,SCI602 / 23,BIOLOGY B,GRANT MERRILL,10,2027,F,1.61 pts,0,,411,,Yes
27,3/18/25,4,S2,MAT523 / 24,GEOMETRY B,ROCHELLE AITON,10,2027,C,2.23 pts,0.71,,460,,Yes
27,3/18/25,1,S2,SCI504 / 21,PHYSICAL SCIENCE B,JAMES BENNETT,11,2026,C-,2.16 pts,0,,412,,Yes
27,3/18/25,2,S2,MAT702 / 22,ALGEBRA II B,JASON BLAESING,11,2026,,0.00 pts,0,,412,,Yes
27,3/18/25,5,S2,MAT702 / 45,ALGEBRA II B,JENNIFER REILLY,11,2026,C,2.33 pts,0,,412,,Yes
27,3/18/25,1,S2,SCI504 / 21,PHYSICAL SCIENCE B,JAMES BENNETT,9,2028,C+,2.64 pts,0.57,,592,,Yes
27,3/18/25,3,S2,BUS302 / 23,PERSONAL FINANCE B,NICOLE SIMEK,12,2025,A,4.00 pts,21.71,,413,,Yes
27,3/18/25,1,S2,MAT523 / 21,GEOMETRY B,ROCHELLE AITON,10,2027,C-,2.00 pts,0.43,,414,,Yes
27,3/18/25,5,S2,ENG602 / 25,SOPH ENG/B,MARCEE SALAS,10,2027,C-,2.08 pts,0,,414,,Yes
27,3/18/25,6,S2,SCI602 / 46,BIOLOGY B,WILLIAM BAUR,10,2027,B,3.02 pts,0,,414,,Yes
27,3/18/25,5,S2,BUS302 / 25,PERSONAL FINANCE B,NICOLE SIMEK,12,2025,A,4.00 pts,3.2,,593,,Yes
27,3/18/25,1,S2,SCI504 / 21,PHYSICAL SCIENCE B,JAMES BENNETT,12,2025,C-,2.16 pts,3.86,,415,,Yes
27,3/18/25,2,S2,BUS302 / 22,PERSONAL FINANCE B,NICOLE SIMEK,12,2025,B-,2.71 pts,3.43,,415,,Yes
27,3/18/25,2,S2,ENG602 / 22,SOPH ENG/B,KELLY GREGERSEN,10,2027,C+,2.57 pts,8.57,,416,,Yes
27,3/18/25,3,S2,SCI602 / 23,BIOLOGY B,GRANT MERRILL,10,2027,F,1.44 pts,8.71,,416,,Yes
27,3/18/25,4,S2,MAT523 / 24,GEOMETRY B,ROCHELLE AITON,10,2027,C,2.23 pts,8.57,,416,,Yes
27,3/18/25,6,S2,SCI602 / 46,BIOLOGY B,WILLIAM BAUR,10,2027,A,3.98 pts,0,,417,,Yes
27,3/18/25,2,S2,ENG602 / 22,SOPH ENG/B,KELLY GREGERSEN,10,2027,B,2.92 pts,2.86,,418,,Yes
22,2/11/25,4,S2,MAT702 / 24,ALGEBRA II B,JENNIFER REILLY,11,2026,,,0,,550,,Yes
27,3/18/25,6,S2,SCI602 / 26,BIOLOGY B,GRANT MERRILL,10,2027,B-,2.79 pts,2,,418,,Yes
27,3/18/25,3,S2,MAT523 / 23,GEOMETRY B,ROCHELLE AITON,9,2028,F,0.00 pts,19.71,,419,,Yes
27,3/18/25,5,S2,MAT523 / 25,GEOMETRY B,BRIAN ANDERSON,9,2028,C+,2.59 pts,0,,420,,Yes
27,3/18/25,1,S2,SCI504 / 21,PHYSICAL SCIENCE B,JAMES BENNETT,9,2028,B,3.10 pts,1,,594,,Yes
27,3/18/25,4,S2,SCI602 / 24,BIOLOGY B,GRANT MERRILL,10,2027,F,1.60 pts,3,,421,,Yes
27,3/18/25,2,S2,BUS302 / 22,PERSONAL FINANCE B,NICOLE SIMEK,12,2025,F,0.87 pts,11.43,,422,,Yes
27,3/18/25,2,S2,SCI610 / 22,CHEMISTRY/B,GRANT MERRILL,12,2025,F,1.25 pts,3.83,,423,,Yes
27,3/18/25,2,S2,ENG602 / 22,SOPH ENG/B,KELLY GREGERSEN,10,2027,C,2.38 pts,7,,48,,Yes
27,3/18/25,5,S2,MAT523 / 25,GEOMETRY B,BRIAN ANDERSON,10,2027,D,1.66 pts,7.14,,48,,Yes
27,3/18/25,6,S2,SCI602 / 26,BIOLOGY B,GRANT MERRILL,10,2027,B,2.95 pts,7.29,,48,,Yes
27,3/18/25,1,S2,SCI504 / 21,PHYSICAL SCIENCE B,JAMES BENNETT,12,2025,C-,2.13 pts,6.43,,49,,Yes
27,3/18/25,6,S2,MAT702 / 26,ALGEBRA II B,JASON BLAESING,12,2025,F,1.33 pts,6.57,,49,,Yes
28,3/25/25,1,S2,ENG702 / 21,JUNIOR ENG/B,JOHN CARVER,11,2026,F,0.66 pts,11.05,,1,,#N/A
28,3/25/25,2,S2,FAR541 / 22,PERCUSSION/B,DAVID DUARTE,11,2026,,,9.29,,1,,#N/A
28,3/25/25,3,S2,PED101 / 23,PHYSICAL EDUCATION,SCOTT DIZMANG,11,2026,F,1.63 pts,7.76,,1,,#N/A
28,3/25/25,4,S2,CTE115 / 24,ENGINEERING B,JASON BLAESING,11,2026,F,0.64 pts,11.33,,1,,#N/A
28,3/25/25,5,S2,ONT401 / 25,ON-TRACK/B,ROBERT YEE,11,2026,,,4,,1,,#N/A
28,3/25/25,5,S2,MAT702 / 45,ALGEBRA II B,JENNIFER REILLY,11,2026,W,0.98 pts,5.05,,1,,Yes
28,3/25/25,6,S2,SOC702 / 26,US HISTORY/B,SCOTT BOOTHBY,11,2026,F,1.15 pts,8.29,,1,,Yes
28,3/25/25,1,S2,CTA102 / 21,CTA S2,,11,2026,,,0,,3,,#N/A
28,3/25/25,2,S2,CTA102 / 21,CTA S2,,11,2026,,,0,,3,,#N/A
28,3/25/25,3,S2,CTA102 / 21,CTA S2,,11,2026,,,0,,3,,#N/A
23,2/18/25,4,S2,MAT702 / 24,ALGEBRA II B,JENNIFER REILLY,11,2026,,,0,,550,,Yes
28,3/25/25,5,S2,ASL504 / 25,AMERICAN SIGN LANGUAGE II/B,TAMI GRANT,11,2026,A,4.00 pts,2.67,,3,,#N/A
28,3/25/25,6,S2,ENG702 / 26,JUNIOR ENG/B,JOHN CARVER,11,2026,B+,3.21 pts,2.33,,3,,#N/A
28,3/25/25,1,S2,FAR506 / 21,CONCERT CHOIR /B,DAVID DUARTE,10,2027,A-,3.45 pts,5.57,,4,,#N/A
28,3/25/25,2,S2,SPA502 / 22,SPANISH I B,ARELI LOPEZ LOPEZ,10,2027,F,1.47 pts,3.57,,4,,#N/A
28,3/25/25,3,S2,SOC109 / 23,WORLD HISTORY/B,RYAN ISAACSON,10,2027,C,2.31 pts,3.14,,4,,#N/A
28,3/25/25,4,S2,SCI602 / 24,BIOLOGY B,GRANT MERRILL,10,2027,F,1.38 pts,4.86,,4,,Yes
28,3/25/25,5,S2,ENG602 / 25,SOPH ENG/B,MARCEE SALAS,10,2027,F,1.48 pts,3.29,,4,,Yes
28,3/25/25,6,S2,MAT523 / 46,GEOMETRY B,ROCHELLE AITON,10,2027,F,1.60 pts,3,,4,,#N/A
28,3/25/25,1,S2,VOC706 / 21,DIGITAL PHOTOGRAPHY II,ROSANNA RUFF,11,2026,B,3.17 pts,0.57,,5,,#N/A
28,3/25/25,2,S2,SCI504 / 42,PHYSICAL SCIENCE B,WILLIAM BAUR,11,2026,B-,2.72 pts,0.71,,5,,#N/A
28,3/25/25,3,S2,BUS302 / 23,PERSONAL FINANCE B,NICOLE SIMEK,11,2026,C,2.27 pts,0.86,,5,,Yes
28,3/25/25,4,S2,SOC702 / 24,US HISTORY/B,DAVE HAJEK,11,2026,C,2.26 pts,1.71,,5,,#N/A
28,3/25/25,5,S2,ENG702 / 25,JUNIOR ENG/B,JOHN CARVER,11,2026,C+,2.68 pts,1.43,,5,,#N/A
28,3/25/25,6,S2,HFL113 / 26,INTRO CULINARY ART,ALEXANDRA YOST,11,2026,A,3.96 pts,1,,5,,#N/A
28,3/25/25,1,S2,VOC620 / 21,METAL CRAFTS & PRODUCTION I,DONALD O'BRIEN,10,2027,,0.33 pts,0,,6,,#N/A
28,3/25/25,1,S2,PED500 / 21,WEIGHT TRAINING,SCOTT BOOTHBY,10,2027,B,3.17 pts,0.14,,6,,#N/A
28,3/25/25,2,S2,PED500 / 22,WEIGHT TRAINING,SCOTT BOOTHBY,10,2027,,4.00 pts,0,,6,,#N/A
28,3/25/25,2,S2,ELE404 / 22,LANGUAGE SUPPORT/B,HAYLEY ALVARADO,10,2027,A,4.00 pts,0,,6,,#N/A
28,3/25/25,3,S2,SOC109 / 23,WORLD HISTORY/B,RYAN ISAACSON,10,2027,F,1.35 pts,0,,6,,#N/A
28,3/25/25,4,S2,MAT523 / 24,GEOMETRY B,ROCHELLE AITON,10,2027,B-,2.83 pts,0,John L,6,Active,Yes
28,3/25/25,5,S2,ENG602 / 25,SOPH ENG/B,MARCEE SALAS,10,2027,C,2.24 pts,0,Pat,6,Active,Yes
28,3/25/25,6,S2,SCI602 / 46,BIOLOGY B,WILLIAM BAUR,10,2027,A,3.93 pts,0,Mimi,6,Active,Yes
28,3/25/25,1,S2,ENG802 / 21,SENIOR ENG/B,HEATHER CARVER,12,2025,F,0.75 pts,5.14,,7,,#N/A
28,3/25/25,2,S2,BUS302 / 22,PERSONAL FINANCE B,NICOLE SIMEK,12,2025,F,0.95 pts,4.86,,7,,Yes
28,3/25/25,3,S2,ONT401 / 23,ON-TRACK/B,BRIAN ANDERSON,12,2025,U,0.20 pts,4.86,,7,,#N/A
28,3/25/25,4,S2,ENG716 / 24,DRAMATIC LITERATURE,KELLY GREGERSEN,12,2025,F,1.30 pts,4.86,,7,,#N/A
28,3/25/25,5,S2,CTE101 / 25,MEDICAL CAREER & TERMS/B,DONNA SCHATZ,12,2025,B-,2.86 pts,4,,7,,#N/A
28,3/25/25,6,S2,SOC801 / 26,CONTEMPORARY WORLD ISSUES,JIM REED,12,2025,F,1.24 pts,4.86,,7,,#N/A
28,3/25/25,1,S2,FAR721 / 21,PANTHER PLAYERS/B,KELLY GREGERSEN,11,2026,F,0.38 pts,5.43,,46,,#N/A
28,3/25/25,2,S2,SCI610 / 22,CHEMISTRY/B,GRANT MERRILL,11,2026,F,1.24 pts,5.43,,46,,Yes
28,3/25/25,3,S2,MAT702 / 23,ALGEBRA II B,JENNIFER REILLY,11,2026,D,1.65 pts,5.43,,46,,Yes
28,3/25/25,4,S2,ENG716 / 24,DRAMATIC LITERATURE,KELLY GREGERSEN,11,2026,A,3.88 pts,5.43,,46,,#N/A
28,3/25/25,5,S2,SOC702 / 25,US HISTORY/B,DAVE HAJEK,11,2026,C+,2.54 pts,5.14,,46,,#N/A
28,3/25/25,6,S2,SPA502 / 26,SPANISH I B,ARELI LOPEZ LOPEZ,11,2026,D+,1.97 pts,5.14,,46,,#N/A
28,3/25/25,1,S2,FAR721 / 21,PANTHER PLAYERS/B,KELLY GREGERSEN,12,2025,F,0.36 pts,2.14,,8,,#N/A
28,3/25/25,2,S2,BUS302 / 22,PERSONAL FINANCE B,NICOLE SIMEK,12,2025,F,0.72 pts,4.57,,8,,Yes
28,3/25/25,3,S2,HFL113 / 23,INTRO CULINARY ART,ALEXANDRA YOST,12,2025,W,2.22 pts,2.57,,8,,#N/A
28,3/25/25,3,S2,AID102 / HC3,TEACHER AIDE,HEATHER CARVER,12,2025,,,2.14,,8,,#N/A
28,3/25/25,4,S2,ENG718 / 24,AP LITERATURE/COMPOSITION B,HEATHER CARVER,12,2025,F,1.37 pts,4.43,,8,,#N/A
28,3/25/25,5,S2,SOC801 / 25,CONTEMPORARY WORLD ISSUES,SCOTT BOOTHBY,12,2025,C+,2.58 pts,4.43,,8,,#N/A
28,3/25/25,6,S2,SCI504 / 26,PHYSICAL SCIENCE B,JAMES BENNETT,12,2025,F,1.53 pts,4.43,,8,,#N/A
28,3/25/25,1,S2,PED513 / 21,TEAM GAMES,SCOTT DIZMANG,10,2027,A,4.00 pts,1,,9,,#N/A
28,3/25/25,2,S2,SOC109 / 22,WORLD HISTORY/B,DAVID HOLLINGSWORTH,10,2027,B+,3.34 pts,1,,9,,#N/A
28,3/25/25,3,S2,HFL116 / 23,BAKING PASTRY ARTS I,KAYLA PAYNE,10,2027,A,4.00 pts,1,,9,,#N/A
28,3/25/25,4,S2,SCI602 / 24,BIOLOGY B,GRANT MERRILL,10,2027,C,2.31 pts,1.14,Tom C,9,Active,Yes
28,3/25/25,5,S2,MAT523 / 25,GEOMETRY B,BRIAN ANDERSON,10,2027,B-,2.82 pts,1,Linda,9,Active,Yes
28,3/25/25,6,S2,ENG602 / 26,SOPH ENG/B,MARCEE SALAS,10,2027,D+,1.82 pts,1,,9,,#N/A
28,3/25/25,1,S2,MAT523 / 21,GEOMETRY B,ROCHELLE AITON,10,2027,D+,1.94 pts,3,John L,10,Active,Yes
28,3/25/25,2,S2,ENG602 / 22,SOPH ENG/B,KELLY GREGERSEN,10,2027,D+,1.83 pts,3,,10,,Yes
28,3/25/25,3,S2,SOC109 / 23,WORLD HISTORY/B,RYAN ISAACSON,10,2027,B,3.17 pts,3,,10,,#N/A
28,3/25/25,4,S2,HFL119 / 24,ADV CULINARY ARTS B,ALEXANDRA YOST,10,2027,A-,3.57 pts,3,,10,,#N/A
28,3/25/25,5,S2,PED500 / 25,WEIGHT TRAINING,SCOTT DIZMANG,10,2027,A-,3.50 pts,3,,10,,#N/A
28,3/25/25,6,S2,SCI602 / 26,BIOLOGY B,GRANT MERRILL,10,2027,B-,2.82 pts,3,Larry,10,Active,Yes
28,3/25/25,1,S2,SPA602 / 21,SPANISH II B,ARELI LOPEZ LOPEZ,11,2026,A-,3.58 pts,3,,11,,#N/A
28,3/25/25,2,S2,HFL115 / 22,ADVANCED PASTRY ARTS I,KAYLA PAYNE,11,2026,A,3.71 pts,3,,11,,#N/A
28,3/25/25,3,S2,MAT702 / 23,ALGEBRA II B,JENNIFER REILLY,11,2026,C-,2.08 pts,3.14,Larry,11,Active,Yes
28,3/25/25,4,S2,CTE115 / 24,ENGINEERING B,JASON BLAESING,11,2026,C-,2.07 pts,3.14,,11,,#N/A
28,3/25/25,5,S2,SOC704 / 25,AP US HISTORY B,RYAN ISAACSON,11,2026,C-,2.05 pts,3,,11,,#N/A
28,3/25/25,6,S2,ENG702 / 26,JUNIOR ENG/B,JOHN CARVER,11,2026,C+,2.67 pts,3,,11,,#N/A
28,3/25/25,1,S2,CTE115 / 21,ENGINEERING B,JASON BLAESING,11,2026,C-,2.01 pts,2,,12,,#N/A
28,3/25/25,2,S2,VOC705 / 22,DIGITAL PHOTOGRAPHY I,ROSANNA RUFF,11,2026,B+,3.33 pts,2,,12,,#N/A
28,3/25/25,3,S2,PED500 / 23,WEIGHT TRAINING,SCOTT BOOTHBY,11,2026,A,3.83 pts,2.14,,12,,#N/A
28,3/25/25,4,S2,SOC702 / 24,US HISTORY/B,DAVE HAJEK,11,2026,F,0.58 pts,2,,12,,#N/A
28,3/25/25,5,S2,BUS302 / 25,PERSONAL FINANCE B,NICOLE SIMEK,11,2026,D+,1.99 pts,2,Doug,12,Active,Yes
28,3/25/25,6,S2,ENG702 / 26,JUNIOR ENG/B,JOHN CARVER,11,2026,D,1.74 pts,2,,12,,#N/A
28,3/25/25,1,S2,MAT523 / 21,GEOMETRY B,ROCHELLE AITON,10,2027,F,1.57 pts,4,John L,13,Active,Yes
28,3/25/25,2,S2,ENG602 / 22,SOPH ENG/B,KELLY GREGERSEN,10,2027,D,1.75 pts,3.86,,13,,Yes
28,3/25/25,3,S2,SCI602 / 43,BIOLOGY B,DONNA SCHATZ,10,2027,B+,3.39 pts,3.86,,13,,#N/A
28,3/25/25,4,S2,SCI504 / 44,PHYSICAL SCIENCE B,WILLIAM BAUR,10,2027,F,0.03 pts,3.86,,13,,#N/A
28,3/25/25,5,S2,HFL116 / 25,BAKING PASTRY ARTS I,KAYLA PAYNE,10,2027,B,3.00 pts,3.86,,13,,#N/A
28,3/25/25,6,S2,SOC109 / 46,WORLD HISTORY/B,DAVE HAJEK,10,2027,C-,2.09 pts,3.86,,13,,#N/A
28,3/25/25,1,S2,ENG702 / 21,JUNIOR ENG/B,JOHN CARVER,11,2026,C+,2.56 pts,1.43,,14,,#N/A
28,3/25/25,2,S2,VOC107 / 22,METALS MANUF & TECHNOLOGY II,DONALD O'BRIEN,11,2026,A,3.75 pts,1.43,,14,,#N/A
28,3/25/25,3,S2,MAT702 / 23,ALGEBRA II B,JENNIFER REILLY,11,2026,F,0.96 pts,0.71,,14,Active,Yes
28,3/25/25,4,S2,SCI504 / 24,PHYSICAL SCIENCE B,JAMES BENNETT,11,2026,A-,3.45 pts,1.14,,14,,#N/A
28,3/25/25,5,S2,SOC702 / 25,US HISTORY/B,DAVE HAJEK,11,2026,C,2.36 pts,1.14,,14,,#N/A
28,3/25/25,6,S2,AID102 / AL6,TEACHER AIDE,ARELI LOPEZ LOPEZ,11,2026,,,0.57,,14,,#N/A
28,3/25/25,1,S2,SPA602 / 21,SPANISH II B,ARELI LOPEZ LOPEZ,10,2027,B,3.09 pts,0,,15,,#N/A
28,3/25/25,2,S2,ENG602 / 22,SOPH ENG/B,KELLY GREGERSEN,10,2027,C,2.48 pts,0,,15,,Yes
28,3/25/25,3,S2,SCI602 / 23,BIOLOGY B,GRANT MERRILL,10,2027,D,1.70 pts,0.14,Linda,15,Active,Yes
28,3/25/25,4,S2,MAT523 / 24,GEOMETRY B,ROCHELLE AITON,10,2027,F,1.59 pts,0,,15,,Yes
28,3/25/25,5,S2,VOC502 / 25,FINE ARTS WOODWORKING I,BRENT MANSELL,10,2027,A,4.00 pts,0,,15,,#N/A
28,3/25/25,6,S2,SOC109 / 26,WORLD HISTORY/B,RYAN ISAACSON,10,2027,F,1.10 pts,0,,15,,#N/A
28,3/25/25,1,S2,SOC109 / 21,WORLD HISTORY/B,DAVID HOLLINGSWORTH,10,2027,B+,3.36 pts,0.29,,16,,#N/A
28,3/25/25,2,S2,FAR108 / 22,CERAMICS I,ROBERT YEE,10,2027,B,3.00 pts,0,,16,,#N/A
28,3/25/25,3,S2,MAT523 / 23,GEOMETRY B,ROCHELLE AITON,10,2027,F,1.32 pts,0,,16,,Yes
28,3/25/25,4,S2,SCI504 / 44,PHYSICAL SCIENCE B,WILLIAM BAUR,10,2027,F,0.75 pts,0,,16,,#N/A
28,3/25/25,5,S2,HFL116 / 25,BAKING PASTRY ARTS I,KAYLA PAYNE,10,2027,A,4.00 pts,0,,16,,#N/A
28,3/25/25,6,S2,ENG602 / 26,SOPH ENG/B,MARCEE SALAS,10,2027,C,2.42 pts,0,,16,,#N/A
28,3/25/25,1,S2,MAT523 / 21,GEOMETRY B,ROCHELLE AITON,10,2027,,,1,,17,,Yes
28,3/25/25,1,S2,PED513 / 21,TEAM GAMES,SCOTT DIZMANG,10,2027,C-,2.10 pts,4.14,,17,,#N/A
28,3/25/25,2,S2,ENG602 / 22,SOPH ENG/B,KELLY GREGERSEN,10,2027,D+,1.95 pts,3.31,,17,,Yes
28,3/25/25,3,S2,SCI602 / 43,BIOLOGY B,DONNA SCHATZ,10,2027,C-,2.02 pts,3.14,,17,,#N/A
28,3/25/25,4,S2,SOC109 / 24,WORLD HISTORY/B,DAVID HOLLINGSWORTH,10,2027,C+,2.56 pts,4.57,,17,,#N/A
28,3/25/25,5,S2,HFL116 / 25,BAKING PASTRY ARTS I,KAYLA PAYNE,10,2027,A,4.00 pts,3.57,,17,,#N/A
28,3/25/25,6,S2,MAT523 / 46,GEOMETRY B,ROCHELLE AITON,10,2027,F,0.32 pts,4.43,,17,,#N/A
28,3/25/25,1,S2,PED500 / 21,WEIGHT TRAINING,SCOTT BOOTHBY,12,2025,,2.00 pts,0.14,,18,,#N/A
28,3/25/25,1,S2,AACAL2 / 21,ACADEMIC ACHIEVEMENT B,AARON LABREE,12,2025,,,3.57,,18,,#N/A
28,3/25/25,2,S2,BUS302 / 22,PERSONAL FINANCE B,NICOLE SIMEK,12,2025,D+,1.88 pts,2.57,,18,,Yes
28,3/25/25,3,S2,SOC801 / 23,CONTEMPORARY WORLD ISSUES,JIM REED,12,2025,C-,2.09 pts,2.43,,18,,#N/A
28,3/25/25,4,S2,PED513 / 24,TEAM GAMES,SCOTT DIZMANG,12,2025,C-,2.10 pts,3.71,,18,,#N/A
28,3/25/25,5,S2,ONT401 / 25,ON-TRACK/B,ROBERT YEE,12,2025,,,1.14,,18,,#N/A
28,3/25/25,6,S2,ENG802 / 26,SENIOR ENG/B,HEATHER CARVER,12,2025,C,2.33 pts,1.29,,18,,#N/A
28,3/25/25,1,S2,HFL114 / 21,FAMILY HEALTH,THOMAS KESSINGER,9,2028,A,4.00 pts,1,,2,,#N/A
28,3/25/25,2,S2,ASL502 / 22,AMERICAN  SIGN LANGUAGE I/B,KYLA RITCHEY,9,2028,C-,2.11 pts,1,,2,,#N/A
28,3/25/25,3,S2,MAT521 / 43,ALGEBRA I B,JANET GROVE,9,2028,C,2.41 pts,1,,2,,#N/A
28,3/25/25,4,S2,SCI504 / 24,PHYSICAL SCIENCE B,JAMES BENNETT,9,2028,C-,2.19 pts,1.14,,2,,#N/A
28,3/25/25,5,S2,VOC705 / 25,DIGITAL PHOTOGRAPHY I,ROSANNA RUFF,9,2028,B-,2.74 pts,1.43,,2,,#N/A
28,3/25/25,6,S2,ENG502 / 26,FR ENGLISH/B,DAVID HOLLINGSWORTH,9,2028,A,3.99 pts,1.57,Melanie,2,Active,Yes
28,3/25/25,1,S2,CTE115 / 21,ENGINEERING B,JASON BLAESING,11,2026,F,1.30 pts,0,,19,,#N/A
28,3/25/25,2,S2,FAR108 / 22,CERAMICS I,ROBERT YEE,11,2026,B,3.00 pts,0,,19,,#N/A
28,3/25/25,3,S2,PED101 / 23,PHYSICAL EDUCATION,SCOTT DIZMANG,11,2026,A-,3.53 pts,0,,19,,#N/A
28,3/25/25,4,S2,ENG702 / 24,JUNIOR ENG/B,JOHN CARVER,11,2026,C,2.29 pts,0.14,,19,,#N/A
28,3/25/25,5,S2,SOC704 / 25,AP US HISTORY B,RYAN ISAACSON,11,2026,F,0.10 pts,0,,19,,#N/A
28,3/25/25,6,S2,MAT702 / 26,ALGEBRA II B,JASON BLAESING,11,2026,C,2.21 pts,0,Larry,19,Active,Yes
28,3/25/25,1,S2,ENG602 / 21,SOPH ENG/B,MARCEE SALAS,10,2027,A-,3.58 pts,4.14,,20,,#N/A
28,3/25/25,2,S2,MAT523 / 42,GEOMETRY B,BRIAN ANDERSON,10,2027,B,3.07 pts,4,,20,,#N/A
28,3/25/25,3,S2,FAR109 / 23,CERAMICS II,ROBERT YEE,10,2027,,,1,,20,,#N/A
28,3/25/25,3,S2,FAR108 / 23,CERAMICS I,ROBERT YEE,10,2027,,,3,,20,,#N/A
28,3/25/25,4,S2,SCI602 / 24,BIOLOGY B,GRANT MERRILL,10,2027,B+,3.25 pts,4,Linda,20,Active,Yes
28,3/25/25,5,S2,CTE101 / 25,MEDICAL CAREER & TERMS/B,DONNA SCHATZ,10,2027,C-,2.13 pts,4,,20,,#N/A
28,3/25/25,6,S2,SOC109 / 46,WORLD HISTORY/B,DAVE HAJEK,10,2027,B-,2.70 pts,4.14,,20,,#N/A
28,3/25/25,1,S2,SOC702 / 21,US HISTORY/B,DAVE HAJEK,11,2026,F,0.60 pts,5,,21,,#N/A
28,3/25/25,2,S2,MAT523 / 22,GEOMETRY B,ROCHELLE AITON,11,2026,F,0.60 pts,6.29,John,21,Active,Yes
28,3/25/25,3,S2,BUS302 / 23,PERSONAL FINANCE B,NICOLE SIMEK,11,2026,C,2.44 pts,6.29,,21,,Yes
28,3/25/25,4,S2,HFL119 / 24,ADV CULINARY ARTS B,ALEXANDRA YOST,11,2026,A-,3.58 pts,6.57,,21,,#N/A
28,3/25/25,5,S2,ENG702 / 25,JUNIOR ENG/B,JOHN CARVER,11,2026,D+,1.81 pts,6.71,,21,,#N/A
28,3/25/25,6,S2,FAR113 / 26,INTRO TO ART AND DESIGN,ROBERT YEE,11,2026,,3.00 pts,5.14,,21,,#N/A
28,3/25/25,6,S2,FAR114 / 26,INTERMEDIATE ART,ROBERT YEE,11,2026,,,1,,21,,#N/A
28,3/25/25,1,S2,PED513 / 21,TEAM GAMES,SCOTT DIZMANG,11,2026,A,4.00 pts,2,,22,,#N/A
28,3/25/25,2,S2,HFL115 / 22,ADVANCED PASTRY ARTS I,KAYLA PAYNE,11,2026,A,3.93 pts,2,,22,,#N/A
28,3/25/25,3,S2,MAT702 / 23,ALGEBRA II B,JENNIFER REILLY,11,2026,C,2.35 pts,2.14,Larry,22,Active,Yes
28,3/25/25,4,S2,SCI504 / 44,PHYSICAL SCIENCE B,WILLIAM BAUR,11,2026,B,3.03 pts,2,,22,,#N/A
28,3/25/25,5,S2,SOC702 / 25,US HISTORY/B,DAVE HAJEK,11,2026,B,3.18 pts,2.29,,22,,#N/A
28,3/25/25,6,S2,ENG702 / 26,JUNIOR ENG/B,JOHN CARVER,11,2026,C,2.49 pts,2.43,,22,,#N/A
28,3/25/25,1,S2,MAT705 / 21,PRE-CALC B MAT 154,BRIAN ANDERSON,12,2025,D+,1.95 pts,0.5,,24,,#N/A
28,3/25/25,2,S2,RUN102 / 22,RUNNING START/B,,12,2025,,,0,,24,,#N/A
28,3/25/25,3,S2,RUN102 / 23,RUNNING START/B,,12,2025,,,0,,24,,#N/A
28,3/25/25,4,S2,RUN102 / 24,RUNNING START/B,,12,2025,,,0,,24,,#N/A
28,3/25/25,5,S2,ENG802 / 25,SENIOR ENG/B,HEATHER CARVER,12,2025,B+,3.28 pts,0.25,,24,,#N/A
28,3/25/25,6,S2,SOC801 / 26,CONTEMPORARY WORLD ISSUES,JIM REED,12,2025,A,4.00 pts,0.5,,24,,#N/A
28,3/25/25,1,S2,PED500 / 21,WEIGHT TRAINING,SCOTT BOOTHBY,9,2028,B+,3.25 pts,0,,25,,#N/A
28,3/25/25,2,S2,SCI504 / 42,PHYSICAL SCIENCE B,WILLIAM BAUR,9,2028,F,1.29 pts,0,,25,,#N/A
28,3/25/25,3,S2,FAR108 / 23,CERAMICS I,ROBERT YEE,9,2028,A,4.00 pts,0,,25,,#N/A
28,3/25/25,4,S2,CTE230 / 24,SOCIAL MEDIA MARKETING I,NICOLE SIMEK,9,2028,B,2.95 pts,0,,25,,#N/A
28,3/25/25,5,S2,MAT521 / 25,ALGEBRA I B,KEVIN REILLY,9,2028,C+,2.64 pts,0,,25,,#N/A
28,3/25/25,6,S2,ENG502 / 26,FR ENGLISH/B,DAVID HOLLINGSWORTH,9,2028,F,0.96 pts,0,Alex W,25,Active,Yes
28,3/25/25,1,S2,ENG702 / 21,JUNIOR ENG/B,JOHN CARVER,11,2026,F,0.71 pts,13.14,,26,,#N/A
28,3/25/25,2,S2,SCI504 / 22,PHYSICAL SCIENCE B,JAMES BENNETT,11,2026,B+,3.23 pts,11.29,,26,,#N/A
28,3/25/25,3,S2,BUS302 / 23,PERSONAL FINANCE B,NICOLE SIMEK,11,2026,F,1.29 pts,10.43,,26,,Yes
28,3/25/25,4,S2,SOC702 / 24,US HISTORY/B,DAVE HAJEK,11,2026,C,2.20 pts,8.71,,26,,#N/A
28,3/25/25,5,S2,ONT401 / 25,ON-TRACK/B,ROBERT YEE,11,2026,,,11.29,,26,,#N/A
28,3/25/25,6,S2,FAR113 / 26,INTRO TO ART AND DESIGN,ROBERT YEE,11,2026,F,0.00 pts,11.71,,26,,#N/A
28,3/25/25,1,S2,MAT702 / 21,ALGEBRA II B,JENNIFER REILLY,11,2026,C,2.44 pts,6.43,,29,,#N/A
28,3/25/25,2,S2,SCI504 / 42,PHYSICAL SCIENCE B,WILLIAM BAUR,11,2026,B+,3.23 pts,5.57,,29,,#N/A
28,3/25/25,3,S2,ENG720 / 23,AP LANGUAGE/ COMPOSITON B,HEATHER CARVER,11,2026,C+,2.65 pts,5.14,,29,,#N/A
28,3/25/25,4,S2,ASL506 / 24,AMER SIGN III/B,TAMI GRANT,11,2026,A-,3.50 pts,4.29,,29,,#N/A
28,3/25/25,5,S2,CTE502 / 25,PROJECT IN  LEADERSHIP/B,KYLA RITCHEY,11,2026,A-,3.59 pts,4,,29,,#N/A
28,3/25/25,6,S2,SOC702 / 26,US HISTORY/B,SCOTT BOOTHBY,11,2026,B,2.93 pts,5.29,Melanie,29,Active,Yes
28,3/25/25,1,S2,ENG802 / 21,SENIOR ENG/B,HEATHER CARVER,12,2025,F,1.52 pts,0.29,,27,,#N/A
28,3/25/25,2,S2,BUS302 / 22,PERSONAL FINANCE B,NICOLE SIMEK,12,2025,F,0.49 pts,0.29,,27,,Yes
28,3/25/25,3,S2,ONT401 / 23,ON-TRACK/B,BRIAN ANDERSON,12,2025,U,0.17 pts,0,,27,,#N/A
28,3/25/25,4,S2,SOC801 / 24,CONTEMPORARY WORLD ISSUES,JIM REED,12,2025,F,0.49 pts,0,,27,,#N/A
28,3/25/25,5,S2,CTE101 / 25,MEDICAL CAREER & TERMS/B,DONNA SCHATZ,12,2025,F,1.39 pts,0,,27,,#N/A
28,3/25/25,6,S2,ENG715 / 26,FILM AS LITERATURE,KELLY GREGERSEN,12,2025,F,1.55 pts,0,,27,,#N/A
28,3/25/25,1,S2,ENG602 / 21,SOPH ENG/B,MARCEE SALAS,10,2027,D,1.77 pts,1,,28,,#N/A
28,3/25/25,2,S2,SCI602 / 42,BIOLOGY B,DONNA SCHATZ,10,2027,C,2.26 pts,1.29,,28,,#N/A
28,3/25/25,3,S2,ASL502 / 23,AMERICAN  SIGN LANGUAGE I/B,KYLA RITCHEY,10,2027,B,2.92 pts,1,,28,,#N/A
28,3/25/25,4,S2,MAT523 / 24,GEOMETRY B,ROCHELLE AITON,10,2027,F,1.30 pts,1,,28,,Yes
28,3/25/25,5,S2,HFL116 / 25,BAKING PASTRY ARTS I,KAYLA PAYNE,10,2027,B,3.00 pts,1,,28,,#N/A
28,3/25/25,6,S2,SOC109 / 26,WORLD HISTORY/B,RYAN ISAACSON,10,2027,C+,2.56 pts,1.43,,28,,#N/A
28,3/25/25,1,S2,ENG802 / 21,SENIOR ENG/B,HEATHER CARVER,12,2025,C-,2.09 pts,6.29,,30,,#N/A
28,3/25/25,2,S2,ASL504 / 22,AMERICAN SIGN LANGUAGE II/B,TAMI GRANT,12,2025,A-,3.42 pts,5.43,,30,,#N/A
28,3/25/25,3,S2,HFL113 / 23,INTRO CULINARY ART,ALEXANDRA YOST,12,2025,A,3.98 pts,5.86,,30,,#N/A
28,3/25/25,4,S2,SOC801 / 24,CONTEMPORARY WORLD ISSUES,JIM REED,12,2025,A,3.67 pts,5.43,,30,,#N/A
28,3/25/25,5,S2,BUS302 / 25,PERSONAL FINANCE B,NICOLE SIMEK,12,2025,B,3.16 pts,5,,30,,Yes
28,3/25/25,6,S2,VOC621 / 26,METAL CRAFTS & PRODUCTION II,DONALD O'BRIEN,12,2025,B,2.95 pts,5.71,,30,,#N/A
28,3/25/25,1,S2,SOC109 / 21,WORLD HISTORY/B,DAVID HOLLINGSWORTH,10,2027,A,3.66 pts,2.14,,32,,#N/A
28,3/25/25,2,S2,HFL114 / 22,FAMILY HEALTH,THOMAS KESSINGER,10,2027,A,3.68 pts,2,,32,,#N/A
28,3/25/25,3,S2,SCI602 / 43,BIOLOGY B,DONNA SCHATZ,10,2027,B,3.17 pts,2,,32,,#N/A
28,3/25/25,4,S2,MAT523 / 24,GEOMETRY B,ROCHELLE AITON,10,2027,F,1.29 pts,2.71,,32,,Yes
28,3/25/25,5,S2,ASL504 / 25,AMERICAN SIGN LANGUAGE II/B,TAMI GRANT,10,2027,B,2.92 pts,2.57,,32,,#N/A
28,3/25/25,6,S2,ENG602 / 26,SOPH ENG/B,MARCEE SALAS,10,2027,C-,2.18 pts,2.57,,32,,#N/A
28,3/25/25,1,S2,PED513 / 21,TEAM GAMES,SCOTT DIZMANG,10,2027,A,4.00 pts,1.29,,33,,#N/A
28,3/25/25,2,S2,MAT523 / 22,GEOMETRY B,ROCHELLE AITON,10,2027,F,0.95 pts,1.29,John L,33,Active,Yes
28,3/25/25,3,S2,ASL502 / 23,AMERICAN  SIGN LANGUAGE I/B,KYLA RITCHEY,10,2027,C+,2.60 pts,1.43,,33,,#N/A
28,3/25/25,4,S2,SOC109 / 24,WORLD HISTORY/B,DAVID HOLLINGSWORTH,10,2027,F,0.88 pts,1.43,,33,,#N/A
28,3/25/25,5,S2,ENG602 / 25,SOPH ENG/B,MARCEE SALAS,10,2027,F,1.18 pts,1.43,,33,,Yes
28,3/25/25,6,S2,SCI602 / 46,BIOLOGY B,WILLIAM BAUR,10,2027,F,0.00 pts,1.71,,33,,Yes
28,3/25/25,1,S2,VOC504 / 21,ADV FINE ARTS WOODWORKING I,BRENT MANSELL,10,2027,D+,1.95 pts,4.14,,34,,#N/A
28,3/25/25,2,S2,ENG602 / 22,SOPH ENG/B,KELLY GREGERSEN,10,2027,F,0.30 pts,0.57,,34,,Yes
28,3/25/25,3,S2,MAT523 / 23,GEOMETRY B,ROCHELLE AITON,10,2027,F,0.60 pts,3.86,,34,,Yes
28,3/25/25,4,S2,PED513 / 24,TEAM GAMES,SCOTT DIZMANG,10,2027,F,0.68 pts,4.29,,34,,#N/A
28,3/25/25,5,S2,SCI602 / 25,BIOLOGY B,GRANT MERRILL,10,2027,F,0.91 pts,2.14,,34,,#N/A
28,3/25/25,6,S2,SOC109 / 26,WORLD HISTORY/B,RYAN ISAACSON,10,2027,F,0.61 pts,1.86,,34,,#N/A
28,3/25/25,1,S2,ENG802 / 21,SENIOR ENG/B,HEATHER CARVER,12,2025,F,1.48 pts,1,,35,,#N/A
28,3/25/25,2,S2,SCI504 / 22,PHYSICAL SCIENCE B,JAMES BENNETT,12,2025,C,2.36 pts,2.29,,35,,#N/A
28,3/25/25,3,S2,SOC801 / 23,CONTEMPORARY WORLD ISSUES,JIM REED,12,2025,C-,2.02 pts,1,,35,,#N/A
28,3/25/25,4,S2,MAT521 / 24,ALGEBRA I B,KEVIN REILLY,12,2025,F,1.62 pts,1.57,,35,,#N/A
28,3/25/25,5,S2,ONT401 / 25,ON-TRACK/B,ROBERT YEE,12,2025,,,2.29,,35,,#N/A
28,3/25/25,6,S2,SCI602 / 46,BIOLOGY B,WILLIAM BAUR,12,2025,D+,1.97 pts,2.14,,35,,Yes
28,3/25/25,1,S2,CTE115 / 21,ENGINEERING B,JASON BLAESING,11,2026,D,1.76 pts,0,,36,,#N/A
28,3/25/25,2,S2,MAT702 / 22,ALGEBRA II B,JASON BLAESING,11,2026,F,1.63 pts,0,Larry,36,Active,Yes
28,3/25/25,3,S2,FAR604 / 23,SCENE DESIGN,KELLY GREGERSEN,11,2026,B+,3.28 pts,0,,36,,#N/A
28,3/25/25,4,S2,ENG702 / 24,JUNIOR ENG/B,JOHN CARVER,11,2026,B-,2.71 pts,0,,36,,#N/A
28,3/25/25,5,S2,SOC702 / 25,US HISTORY/B,DAVE HAJEK,11,2026,C+,2.56 pts,0.29,,36,,#N/A
28,3/25/25,6,S2,FAR543 / 26,WIND ENSEMB/B,DAVID DUARTE,11,2026,B,3.07 pts,0.29,,36,,#N/A
28,3/25/25,1,S2,PED500 / 21,WEIGHT TRAINING,SCOTT BOOTHBY,11,2026,C,2.42 pts,5.14,,37,,#N/A
28,3/25/25,2,S2,SCI504 / 22,PHYSICAL SCIENCE B,JAMES BENNETT,11,2026,F,0.25 pts,4.86,,37,,#N/A
28,3/25/25,3,S2,ONT401 / 23,ON-TRACK/B,BRIAN ANDERSON,11,2026,U,0.20 pts,4.86,,37,,#N/A
28,3/25/25,4,S2,ENG716 / 24,DRAMATIC LITERATURE,KELLY GREGERSEN,11,2026,C-,2.04 pts,4.86,,37,,#N/A
28,3/25/25,5,S2,BUS302 / 25,PERSONAL FINANCE B,NICOLE SIMEK,11,2026,F,0.64 pts,5,,37,,Yes
28,3/25/25,6,S2,SOC702 / 26,US HISTORY/B,SCOTT BOOTHBY,11,2026,F,1.44 pts,4.86,,37,,Yes
28,3/25/25,1,S2,MAT523 / 21,GEOMETRY B,ROCHELLE AITON,10,2027,F,1.22 pts,6.29,,38,,Yes
28,3/25/25,2,S2,VOC107 / 22,METALS MANUF & TECHNOLOGY II,DONALD O'BRIEN,10,2027,A,4.00 pts,5.71,,38,,#N/A
28,3/25/25,3,S2,SCI602 / 43,BIOLOGY B,DONNA SCHATZ,10,2027,C-,2.15 pts,5.43,,38,,#N/A
28,3/25/25,4,S2,SOC109 / 24,WORLD HISTORY/B,DAVID HOLLINGSWORTH,10,2027,B-,2.74 pts,5.86,,38,,#N/A
28,3/25/25,5,S2,ENG602 / 25,SOPH ENG/B,MARCEE SALAS,10,2027,C-,2.07 pts,5.57,,38,,Yes
28,3/25/25,6,S2,PED500 / 26,WEIGHT TRAINING,SCOTT DIZMANG,10,2027,A,3.75 pts,5.86,,38,,#N/A
28,3/25/25,1,S2,VOC620 / 21,METAL CRAFTS & PRODUCTION I,DONALD O'BRIEN,10,2027,A,4.00 pts,1.29,,39,,#N/A
28,3/25/25,2,S2,SOC109 / 22,WORLD HISTORY/B,DAVID HOLLINGSWORTH,10,2027,B,3.09 pts,1.14,,39,,#N/A
28,3/25/25,3,S2,MAT523 / 23,GEOMETRY B,ROCHELLE AITON,10,2027,F,1.62 pts,1.14,,39,,Yes
28,3/25/25,4,S2,VOC503 / 24,FINE ARTS WOODS II,BRENT MANSELL,10,2027,A,4.00 pts,1,,39,,#N/A
28,3/25/25,5,S2,ENG602 / 25,SOPH ENG/B,MARCEE SALAS,10,2027,C-,2.04 pts,1.14,,39,,Yes
28,3/25/25,6,S2,SCI602 / 46,BIOLOGY B,WILLIAM BAUR,10,2027,D+,1.93 pts,1.14,,39,,Yes
28,3/25/25,1,S2,ENG702 / 21,JUNIOR ENG/B,JOHN CARVER,11,2026,C,2.46 pts,0.14,,40,,#N/A
28,3/25/25,2,S2,MAT702 / 22,ALGEBRA II B,JASON BLAESING,11,2026,F,1.00 pts,0.29,Larry,40,Active,Yes
28,3/25/25,3,S2,SCI504 / 43,PHYSICAL SCIENCE B,WILLIAM BAUR,11,2026,F,1.31 pts,0,,40,,#N/A
28,3/25/25,4,S2,VOC504 / 24,ADV FINE ARTS WOODWORKING I,BRENT MANSELL,11,2026,A,4.00 pts,0,,40,,#N/A
28,3/25/25,5,S2,SPA602 / 25,SPANISH II B,ARELI LOPEZ LOPEZ,11,2026,C+,2.56 pts,0,,40,,#N/A
28,3/25/25,6,S2,SOC702 / 26,US HISTORY/B,SCOTT BOOTHBY,11,2026,C+,2.67 pts,0,,40,,Yes
28,3/25/25,1,S2,MAT702 / 21,ALGEBRA II B,JENNIFER REILLY,11,2026,B,3.05 pts,5.29,,47,,#N/A
28,3/25/25,2,S2,SCI610 / 22,CHEMISTRY/B,GRANT MERRILL,11,2026,D,1.74 pts,5.29,,47,,Yes
28,3/25/25,3,S2,ASL504 / 23,AMERICAN SIGN LANGUAGE II/B,TAMI GRANT,11,2026,B,3.17 pts,5,,47,,#N/A
28,3/25/25,4,S2,SOC702 / 24,US HISTORY/B,DAVE HAJEK,11,2026,F,0.66 pts,5,,47,,#N/A
28,3/25/25,5,S2,PED500 / 25,WEIGHT TRAINING,SCOTT DIZMANG,11,2026,A,3.75 pts,5,,47,,#N/A
28,3/25/25,6,S2,ENG702 / 26,JUNIOR ENG/B,JOHN CARVER,11,2026,B+,3.24 pts,5,,47,,#N/A
28,3/25/25,1,S2,ENG702 / 21,JUNIOR ENG/B,JOHN CARVER,11,2026,B-,2.78 pts,0.57,,41,,#N/A
28,3/25/25,2,S2,SCI504 / 42,PHYSICAL SCIENCE B,WILLIAM BAUR,11,2026,C,2.26 pts,0,,41,,#N/A
28,3/25/25,3,S2,ASL504 / 23,AMERICAN SIGN LANGUAGE II/B,TAMI GRANT,11,2026,B+,3.33 pts,0.14,,41,,#N/A
28,3/25/25,4,S2,SOC702 / 24,US HISTORY/B,DAVE HAJEK,11,2026,C-,2.10 pts,0.43,,41,,#N/A
28,3/25/25,5,S2,MAT702 / 45,ALGEBRA II B,JENNIFER REILLY,11,2026,D,1.73 pts,0.43,,41,,Yes
28,3/25/25,6,S2,FAR113 / 26,INTRO TO ART AND DESIGN,ROBERT YEE,11,2026,C-,2.12 pts,0.57,,41,,#N/A
28,3/25/25,1,S2,FAR607 / 21,ADVANCED ACTING/ B,KELLY GREGERSEN,12,2025,C+,2.67 pts,1,,42,,#N/A
28,3/25/25,2,S2,SCI610 / 22,CHEMISTRY/B,GRANT MERRILL,12,2025,F,0.99 pts,1.14,Jay,42,Active,Yes
28,3/25/25,3,S2,ENG802 / 23,SENIOR ENG/B,JOHN CARVER,12,2025,F,0.69 pts,1.14,,42,,#N/A
28,3/25/25,4,S2,HFL119 / 24,ADV CULINARY ARTS B,ALEXANDRA YOST,12,2025,A-,3.57 pts,1,,42,,#N/A
28,3/25/25,5,S2,BUS302 / 25,PERSONAL FINANCE B,NICOLE SIMEK,12,2025,C+,2.52 pts,1,,42,,Yes
28,3/25/25,6,S2,FAR543 / 26,WIND ENSEMB/B,DAVID DUARTE,12,2025,A,3.92 pts,1,,42,,#N/A
28,3/25/25,1,S2,ENG702 / 21,JUNIOR ENG/B,JOHN CARVER,11,2026,B,2.96 pts,6.14,,43,,#N/A
28,3/25/25,2,S2,SCI504 / 22,PHYSICAL SCIENCE B,JAMES BENNETT,11,2026,B,2.99 pts,6.14,Larry,43,Active,#N/A
28,3/25/25,3,S2,ASL504 / 23,AMERICAN SIGN LANGUAGE II/B,TAMI GRANT,11,2026,B,3.17 pts,6.14,,43,,#N/A
28,3/25/25,4,S2,SOC702 / 24,US HISTORY/B,DAVE HAJEK,11,2026,B-,2.79 pts,5.57,,43,,#N/A
28,3/25/25,5,S2,SOC106 / 25,AP PSYCHOLOGY B,JIM REED,11,2026,C,2.36 pts,5.57,,43,,#N/A
28,3/25/25,6,S2,MAT702 / 26,ALGEBRA II B,JASON BLAESING,11,2026,F,1.51 pts,5.71,,43,,Yes
28,3/25/25,1,S2,MAT523 / 21,GEOMETRY B,ROCHELLE AITON,10,2027,F,0.00 pts,12.29,,44,,Yes
28,3/25/25,2,S2,SCI602 / 42,BIOLOGY B,DONNA SCHATZ,10,2027,F,0.10 pts,10,,44,,#N/A
28,3/25/25,3,S2,FAR604 / 23,SCENE DESIGN,KELLY GREGERSEN,10,2027,B,2.94 pts,10.86,,44,,#N/A
28,3/25/25,4,S2,HFL113 / 24,INTRO CULINARY ART,KAYLA PAYNE,10,2027,B,3.00 pts,9.57,,44,,#N/A
28,3/25/25,5,S2,ENG602 / 25,SOPH ENG/B,MARCEE SALAS,10,2027,F,0.79 pts,9.86,,44,,Yes
28,3/25/25,6,S2,SOC109 / 26,WORLD HISTORY/B,RYAN ISAACSON,10,2027,F,0.00 pts,11.71,,44,,#N/A
28,3/25/25,1,S2,PED101 / 21,PHYSICAL EDUCATION,KATHERINE STURDYVIN-SCOBBA,11,2026,B,3.00 pts,1.29,,45,,#N/A
28,3/25/25,2,S2,SCI610 / 22,CHEMISTRY/B,GRANT MERRILL,11,2026,D,1.74 pts,1.29,Jay,45,Active,Yes
28,3/25/25,3,S2,ENG720 / 23,AP LANGUAGE/ COMPOSITON B,HEATHER CARVER,11,2026,B+,3.34 pts,1,,45,,#N/A
28,3/25/25,4,S2,CTE231 / 24,SOCIAL MEDIA MARKETING II,NICOLE SIMEK,11,2026,A,4.00 pts,1,,45,,#N/A
28,3/25/25,5,S2,SOC704 / 25,AP US HISTORY B,RYAN ISAACSON,11,2026,C,2.38 pts,1,,45,,#N/A
28,3/25/25,6,S2,MAT702 / 26,ALGEBRA II B,JASON BLAESING,11,2026,F,1.35 pts,1,,45,,Yes
28,3/25/25,6,S2,MAT702 / 26,ALGEBRA II B,JASON BLAESING,11,2026,C,2.32 pts,1,,50,,Yes
28,3/25/25,2,S2,ENG602 / 22,SOPH ENG/B,KELLY GREGERSEN,10,2027,B+,3.25 pts,1.86,,52,,Yes
28,3/25/25,4,S2,MAT523 / 24,GEOMETRY B,ROCHELLE AITON,10,2027,D,1.79 pts,1.14,,52,,Yes
28,3/25/25,2,S2,MAT523 / 22,GEOMETRY B,ROCHELLE AITON,10,2027,F,0.65 pts,9.57,,53,,Yes
28,3/25/25,4,S2,SCI602 / 24,BIOLOGY B,GRANT MERRILL,10,2027,F,1.09 pts,8.86,,53,,Yes
28,3/25/25,6,S2,MAT702 / 26,ALGEBRA II B,JASON BLAESING,10,2027,A,3.76 pts,0,,54,,Yes
28,3/25/25,2,S2,SCI610 / 22,CHEMISTRY/B,GRANT MERRILL,11,2026,F,1.23 pts,3.57,,55,,Yes
28,3/25/25,2,S2,MAT702 / 22,ALGEBRA II B,JASON BLAESING,11,2026,B-,2.78 pts,0.14,,56,,Yes
28,3/25/25,5,S2,MAT523 / 25,GEOMETRY B,BRIAN ANDERSON,10,2027,F,0.95 pts,0,,59,,Yes
28,3/25/25,2,S2,SCI610 / 22,CHEMISTRY/B,GRANT MERRILL,11,2026,C+,2.69 pts,1.67,,60,,Yes
28,3/25/25,3,S2,MAT702 / 23,ALGEBRA II B,JENNIFER REILLY,11,2026,B+,3.26 pts,1.67,,60,,Yes
28,3/25/25,1,S2,ENG504 / 21,PRE-AP FRESHMAN ENGLISH/B,ANGELINA MERRILL,9,2028,B-,2.74 pts,0.57,,470,,Yes
28,3/25/25,2,S2,SCI610 / 22,CHEMISTRY/B,GRANT MERRILL,10,2027,W,1.49 pts,4.43,,471,,Yes
28,3/25/25,3,S2,MAT702 / 23,ALGEBRA II B,JENNIFER REILLY,10,2027,C,2.32 pts,4,,471,,Yes
28,3/25/25,2,S2,BUS302 / 22,PERSONAL FINANCE B,NICOLE SIMEK,12,2025,C+,2.61 pts,5.29,,61,,Yes
28,3/25/25,5,S2,MAT523 / 25,GEOMETRY B,BRIAN ANDERSON,10,2027,F,1.64 pts,7.57,,63,,Yes
28,3/25/25,6,S2,ENG502 / 26,FR ENGLISH/B,DAVID HOLLINGSWORTH,9,2028,A-,3.43 pts,1.29,,472,,Yes
28,3/25/25,3,S2,BUS302 / 23,PERSONAL FINANCE B,NICOLE SIMEK,11,2026,D,1.74 pts,8.71,,65,,Yes
28,3/25/25,5,S2,MAT702 / 45,ALGEBRA II B,JENNIFER REILLY,11,2026,D+,1.93 pts,7.71,,65,,Yes
28,3/25/25,2,S2,MAT702 / 22,ALGEBRA II B,JASON BLAESING,10,2027,A,4.00 pts,3.86,,66,,Yes
28,3/25/25,5,S2,MAT702 / 45,ALGEBRA II B,JENNIFER REILLY,12,2025,F,1.20 pts,2.43,,473,,Yes
28,3/25/25,3,S2,MAT523 / 23,GEOMETRY B,ROCHELLE AITON,10,2027,F,1.38 pts,2.14,,67,,Yes
28,3/25/25,6,S2,SOC702 / 26,US HISTORY/B,SCOTT BOOTHBY,11,2026,A,3.96 pts,5,,68,,Yes
28,3/25/25,3,S2,MAT523 / 23,GEOMETRY B,ROCHELLE AITON,10,2027,D+,1.87 pts,1.86,,424,,Yes
28,3/25/25,3,S2,MAT523 / 23,GEOMETRY B,ROCHELLE AITON,9,2028,C+,2.59 pts,3.43,,69,,Yes
28,3/25/25,1,S2,SCI504 / 21,PHYSICAL SCIENCE B,JAMES BENNETT,9,2028,D,1.74 pts,2.14,,70,,Yes
28,3/25/25,6,S2,ENG502 / 26,FR ENGLISH/B,DAVID HOLLINGSWORTH,9,2028,A,4.00 pts,1.71,,70,,Yes
28,3/25/25,6,S2,SOC702 / 26,US HISTORY/B,SCOTT BOOTHBY,11,2026,C+,2.64 pts,0,,71,,Yes
28,3/25/25,1,S2,MAT523 / 21,GEOMETRY B,ROCHELLE AITON,10,2027,F,1.22 pts,6,,72,,Yes
28,3/25/25,5,S2,ENG602 / 25,SOPH ENG/B,MARCEE SALAS,10,2027,C,2.25 pts,6,,72,,Yes
24,2/25/25,4,S2,MAT702 / 24,ALGEBRA II B,JENNIFER REILLY,11,2026,C-,2.14 pts,0.33,,550,,Yes
28,3/25/25,2,S2,MAT523 / 22,GEOMETRY B,ROCHELLE AITON,9,2028,B,3.17 pts,2.43,,76,,Yes
28,3/25/25,5,S2,MAT702 / 45,ALGEBRA II B,JENNIFER REILLY,11,2026,B,3.04 pts,7,,475,,Yes
28,3/25/25,2,S2,ENG602 / 22,SOPH ENG/B,KELLY GREGERSEN,10,2027,C,2.25 pts,7,,77,,Yes
28,3/25/25,3,S2,SCI602 / 23,BIOLOGY B,GRANT MERRILL,10,2027,B+,3.34 pts,7,,77,,Yes
28,3/25/25,1,S2,ENG504 / 21,PRE-AP FRESHMAN ENGLISH/B,ANGELINA MERRILL,9,2028,A,3.79 pts,0,,476,,Yes
28,3/25/25,4,S2,MAT523 / 24,GEOMETRY B,ROCHELLE AITON,10,2027,C,2.24 pts,1.29,,425,,Yes
28,3/25/25,6,S2,MAT702 / 26,ALGEBRA II B,JASON BLAESING,10,2027,B+,3.29 pts,0,,477,,Yes
28,3/25/25,1,S2,MAT523 / 21,GEOMETRY B,ROCHELLE AITON,9,2028,F,1.57 pts,4.86,,79,,Yes
28,3/25/25,5,S2,MAT523 / 25,GEOMETRY B,BRIAN ANDERSON,10,2027,A-,3.47 pts,0.86,,80,,Yes
28,3/25/25,2,S2,SCI610 / 22,CHEMISTRY/B,GRANT MERRILL,12,2025,D,1.68 pts,8.29,,82,,Yes
28,3/25/25,1,S2,MAT523 / 21,GEOMETRY B,ROCHELLE AITON,10,2027,C-,2.17 pts,5.14,,83,,Yes
28,3/25/25,1,S2,MAT523 / 21,GEOMETRY B,ROCHELLE AITON,10,2027,F,0.65 pts,1.14,,84,,Yes
28,3/25/25,6,S2,SOC702 / 26,US HISTORY/B,SCOTT BOOTHBY,11,2026,A-,3.51 pts,0,,85,,Yes
28,3/25/25,2,S2,SCI610 / 22,CHEMISTRY/B,GRANT MERRILL,11,2026,B,2.98 pts,1.86,,86,,Yes
28,3/25/25,6,S2,SOC702 / 26,US HISTORY/B,SCOTT BOOTHBY,11,2026,A-,3.57 pts,1.86,,86,,Yes
28,3/25/25,3,S2,MAT523 / 23,GEOMETRY B,ROCHELLE AITON,10,2027,F,0.00 pts,7.29,,88,,Yes
28,3/25/25,5,S2,ENG602 / 25,SOPH ENG/B,MARCEE SALAS,10,2027,F,1.13 pts,7.14,,88,,Yes
28,3/25/25,6,S2,SCI602 / 46,BIOLOGY B,WILLIAM BAUR,10,2027,F,0.02 pts,7.14,,88,,Yes
28,3/25/25,6,S2,MAT702 / 26,ALGEBRA II B,JASON BLAESING,10,2027,C-,2.03 pts,8.14,,89,,Yes
28,3/25/25,2,S2,BUS302 / 22,PERSONAL FINANCE B,NICOLE SIMEK,12,2025,W,0.21 pts,6.43,,426,,Yes
28,3/25/25,3,S2,BUS302 / 23,PERSONAL FINANCE B,NICOLE SIMEK,12,2025,B+,3.38 pts,2.14,,90,,Yes
28,3/25/25,5,S2,BUS302 / 25,PERSONAL FINANCE B,NICOLE SIMEK,12,2025,A,3.99 pts,13.5,,478,,Yes
28,3/25/25,3,S2,SCI602 / 23,BIOLOGY B,GRANT MERRILL,10,2027,W,0.15 pts,16.43,,92,,Yes
28,3/25/25,2,S2,BUS302 / 22,PERSONAL FINANCE B,NICOLE SIMEK,12,2025,A,3.99 pts,4.29,,93,,Yes
28,3/25/25,2,S2,ENG602 / 22,SOPH ENG/B,KELLY GREGERSEN,10,2027,F,0.12 pts,0,,94,,Yes
28,3/25/25,3,S2,BUS302 / 23,PERSONAL FINANCE B,NICOLE SIMEK,11,2026,B,3.06 pts,0,,479,,Yes
28,3/25/25,1,S2,ENG504 / 21,PRE-AP FRESHMAN ENGLISH/B,ANGELINA MERRILL,9,2028,A,3.70 pts,0,,480,,Yes
28,3/25/25,3,S2,BUS302 / 23,PERSONAL FINANCE B,NICOLE SIMEK,12,2025,A,3.89 pts,1.29,,481,,Yes
28,3/25/25,2,S2,BUS302 / 22,PERSONAL FINANCE B,NICOLE SIMEK,12,2025,B,3.07 pts,1.14,,96,,Yes
28,3/25/25,2,S2,BUS302 / 22,PERSONAL FINANCE B,NICOLE SIMEK,12,2025,A,3.71 pts,4.71,,97,,Yes
28,3/25/25,6,S2,ENG502 / 26,FR ENGLISH/B,DAVID HOLLINGSWORTH,9,2028,B-,2.75 pts,5.71,,98,,Yes
28,3/25/25,3,S2,SCI602 / 23,BIOLOGY B,GRANT MERRILL,10,2027,B,2.99 pts,0,,99,,Yes
28,3/25/25,2,S2,SCI610 / 22,CHEMISTRY/B,GRANT MERRILL,11,2026,A,3.94 pts,0,,100,,Yes
28,3/25/25,2,S2,SCI610 / 22,CHEMISTRY/B,GRANT MERRILL,11,2026,B+,3.26 pts,0.29,,101,,Yes
28,3/25/25,3,S2,SCI602 / 23,BIOLOGY B,GRANT MERRILL,10,2027,,3.01 pts,1.57,,482,,Yes
28,3/25/25,1,S2,MAT523 / 21,GEOMETRY B,ROCHELLE AITON,10,2027,B+,3.38 pts,0,,102,,Yes
28,3/25/25,2,S2,ENG602 / 22,SOPH ENG/B,KELLY GREGERSEN,10,2027,A-,3.55 pts,0,,102,,Yes
28,3/25/25,3,S2,SCI602 / 23,BIOLOGY B,GRANT MERRILL,10,2027,C+,2.56 pts,0,,102,,Yes
28,3/25/25,3,S2,MAT702 / 23,ALGEBRA II B,JENNIFER REILLY,11,2026,A,3.67 pts,1.33,,103,,Yes
28,3/25/25,2,S2,BUS302 / 22,PERSONAL FINANCE B,NICOLE SIMEK,12,2025,F,1.03 pts,12.29,,104,,Yes
28,3/25/25,1,S2,SCI504 / 21,PHYSICAL SCIENCE B,JAMES BENNETT,12,2025,C-,2.09 pts,0.86,,105,,Yes
28,3/25/25,2,S2,BUS302 / 22,PERSONAL FINANCE B,NICOLE SIMEK,12,2025,C,2.48 pts,0,,105,,Yes
28,3/25/25,6,S2,MAT702 / 26,ALGEBRA II B,JASON BLAESING,11,2026,C,2.30 pts,2.14,,107,,Yes
28,3/25/25,5,S2,ENG602 / 25,SOPH ENG/B,MARCEE SALAS,10,2027,D,1.71 pts,0,,108,,Yes
28,3/25/25,5,S2,ENG602 / 25,SOPH ENG/B,MARCEE SALAS,10,2027,F,1.03 pts,1.43,,110,,Yes
28,3/25/25,6,S2,SCI602 / 26,BIOLOGY B,GRANT MERRILL,10,2027,F,0.90 pts,2,,110,,Yes
28,3/25/25,4,S2,SCI602 / 24,BIOLOGY B,GRANT MERRILL,10,2027,A-,3.49 pts,0,,428,,Yes
28,3/25/25,6,S2,ENG502 / 26,FR ENGLISH/B,DAVID HOLLINGSWORTH,9,2028,A,3.66 pts,0,,111,,Yes
28,3/25/25,6,S2,MAT702 / 26,ALGEBRA II B,JASON BLAESING,11,2026,B+,3.27 pts,1.5,,112,,Yes
28,3/25/25,2,S2,MAT702 / 22,ALGEBRA II B,JASON BLAESING,11,2026,F,1.54 pts,7,,113,,Yes
28,3/25/25,2,S2,SCI610 / 22,CHEMISTRY/B,GRANT MERRILL,11,2026,C+,2.51 pts,0.14,,114,,Yes
28,3/25/25,3,S2,SCI602 / 23,BIOLOGY B,GRANT MERRILL,10,2027,A-,3.45 pts,11.14,,429,,Yes
28,3/25/25,1,S2,MAT523 / 21,GEOMETRY B,ROCHELLE AITON,10,2027,F,1.57 pts,5.14,,116,,Yes
28,3/25/25,2,S2,ENG602 / 22,SOPH ENG/B,KELLY GREGERSEN,10,2027,C-,2.11 pts,4.29,,116,,Yes
28,3/25/25,2,S2,ENG602 / 22,SOPH ENG/B,KELLY GREGERSEN,10,2027,D+,1.80 pts,1.71,,117,,Yes
28,3/25/25,3,S2,MAT523 / 23,GEOMETRY B,ROCHELLE AITON,10,2027,F,0.00 pts,6.71,,117,,Yes
28,3/25/25,6,S2,SCI602 / 26,BIOLOGY B,GRANT MERRILL,10,2027,F,1.44 pts,7.14,,117,,Yes
28,3/25/25,3,S2,MAT523 / 23,GEOMETRY B,ROCHELLE AITON,10,2027,B,3.17 pts,2.86,,118,,Yes
28,3/25/25,1,S2,ENG504 / 21,PRE-AP FRESHMAN ENGLISH/B,ANGELINA MERRILL,9,2028,A,3.99 pts,2,,483,,Yes
28,3/25/25,6,S2,MAT702 / 26,ALGEBRA II B,JASON BLAESING,11,2026,B,3.05 pts,5,,119,,Yes
28,3/25/25,5,S2,MAT523 / 25,GEOMETRY B,BRIAN ANDERSON,10,2027,F,1.41 pts,8.86,,120,,Yes
28,3/25/25,2,S2,MAT702 / 22,ALGEBRA II B,JASON BLAESING,11,2026,F,0.95 pts,11.48,,121,,Yes
28,3/25/25,1,S2,MAT523 / 21,GEOMETRY B,ROCHELLE AITON,10,2027,F,1.52 pts,1.14,,122,,Yes
28,3/25/25,2,S2,ENG602 / 22,SOPH ENG/B,KELLY GREGERSEN,10,2027,F,0.79 pts,0.14,,122,,Yes
25,3/4/25,4,S2,MAT702 / 24,ALGEBRA II B,JENNIFER REILLY,11,2026,B,3.09 pts,0.33,,550,,Yes
28,3/25/25,3,S2,SCI602 / 23,BIOLOGY B,GRANT MERRILL,10,2027,A-,3.50 pts,0,,126,,Yes
28,3/25/25,5,S2,MAT523 / 25,GEOMETRY B,BRIAN ANDERSON,10,2027,B,3.16 pts,0,,126,,Yes
28,3/25/25,5,S2,MAT702 / 45,ALGEBRA II B,JENNIFER REILLY,10,2027,F,1.04 pts,12.14,,485,,Yes
28,3/25/25,6,S2,SCI602 / 26,BIOLOGY B,GRANT MERRILL,10,2027,B,3.03 pts,0,,125,,Yes
28,3/25/25,6,S2,MAT702 / 26,ALGEBRA II B,JASON BLAESING,11,2026,A-,3.51 pts,2.67,,127,,Yes
28,3/25/25,3,S2,MAT702 / 23,ALGEBRA II B,JENNIFER REILLY,11,2026,A,3.71 pts,1.43,,128,,Yes
26,3/11/25,4,S2,MAT702 / 24,ALGEBRA II B,JENNIFER REILLY,11,2026,A-,3.52 pts,1.33,,550,,Yes
28,3/25/25,5,S2,ENG602 / 25,SOPH ENG/B,MARCEE SALAS,10,2027,A,3.63 pts,2,,130,,Yes
28,3/25/25,5,S2,BUS302 / 25,PERSONAL FINANCE B,NICOLE SIMEK,11,2026,A,3.62 pts,0,,486,,Yes
28,3/25/25,1,S2,MAT523 / 21,GEOMETRY B,ROCHELLE AITON,10,2027,B-,2.83 pts,3,,487,,Yes
28,3/25/25,4,S2,SCI602 / 24,BIOLOGY B,GRANT MERRILL,10,2027,A-,3.40 pts,3.14,,487,,Yes
28,3/25/25,3,S2,MAT523 / 23,GEOMETRY B,ROCHELLE AITON,9,2028,C,2.48 pts,0,,488,,Yes
28,3/25/25,2,S2,ENG602 / 22,SOPH ENG/B,KELLY GREGERSEN,10,2027,F,0.44 pts,0,,132,,Yes
28,3/25/25,3,S2,MAT523 / 23,GEOMETRY B,ROCHELLE AITON,10,2027,F,0.95 pts,0,,132,,Yes
28,3/25/25,4,S2,SCI602 / 24,BIOLOGY B,GRANT MERRILL,10,2027,A-,3.50 pts,2.29,,431,,Yes
28,3/25/25,3,S2,MAT702 / 23,ALGEBRA II B,JENNIFER REILLY,10,2027,A,3.91 pts,4.57,,432,,Yes
28,3/25/25,4,S2,SCI602 / 24,BIOLOGY B,GRANT MERRILL,10,2027,A,3.84 pts,5.57,,432,,Yes
28,3/25/25,6,S2,SCI602 / 46,BIOLOGY B,WILLIAM BAUR,10,2027,C+,2.61 pts,3,,133,,Yes
28,3/25/25,6,S2,SOC702 / 26,US HISTORY/B,SCOTT BOOTHBY,11,2026,B,2.98 pts,6.17,,134,,Yes
28,3/25/25,2,S2,BUS302 / 22,PERSONAL FINANCE B,NICOLE SIMEK,12,2025,C,2.42 pts,2,,135,,Yes
28,3/25/25,6,S2,SCI602 / 26,BIOLOGY B,GRANT MERRILL,10,2027,C,2.36 pts,0.43,,136,,Yes
28,3/25/25,3,S2,MAT523 / 23,GEOMETRY B,ROCHELLE AITON,10,2027,B,3.10 pts,0,,137,,Yes
28,3/25/25,4,S2,SCI602 / 24,BIOLOGY B,GRANT MERRILL,10,2027,B,3.05 pts,0.29,,137,,Yes
28,3/25/25,1,S2,ENG504 / 21,PRE-AP FRESHMAN ENGLISH/B,ANGELINA MERRILL,9,2028,C+,2.60 pts,4,,489,,Yes
28,3/25/25,2,S2,ENG602 / 22,SOPH ENG/B,KELLY GREGERSEN,10,2027,B+,3.23 pts,6.57,,433,,Yes
28,3/25/25,3,S2,SCI602 / 23,BIOLOGY B,GRANT MERRILL,10,2027,C,2.28 pts,7.71,,433,,Yes
28,3/25/25,5,S2,MAT523 / 25,GEOMETRY B,BRIAN ANDERSON,10,2027,C-,2.13 pts,6.29,,433,,Yes
28,3/25/25,6,S2,SCI602 / 46,BIOLOGY B,WILLIAM BAUR,10,2027,A,3.97 pts,0,,490,,Yes
28,3/25/25,5,S2,ENG602 / 25,SOPH ENG/B,MARCEE SALAS,10,2027,C,2.20 pts,1.43,,139,,Yes
27,3/18/25,4,S2,MAT702 / 24,ALGEBRA II B,JENNIFER REILLY,11,2026,B,3.05 pts,1.33,,550,,Yes
28,3/25/25,1,S2,ENG504 / 21,PRE-AP FRESHMAN ENGLISH/B,ANGELINA MERRILL,9,2028,B,3.12 pts,5,,434,,Yes
28,3/25/25,2,S2,MAT523 / 22,GEOMETRY B,ROCHELLE AITON,9,2028,B-,2.70 pts,5,,434,,Yes
28,3/25/25,2,S2,ENG602 / 22,SOPH ENG/B,KELLY GREGERSEN,10,2027,B-,2.85 pts,8.86,,143,,Yes
28,3/25/25,4,S2,MAT523 / 24,GEOMETRY B,ROCHELLE AITON,10,2027,F,0.37 pts,9.14,,143,,Yes
28,3/25/25,5,S2,MAT523 / 25,GEOMETRY B,BRIAN ANDERSON,10,2027,C,2.30 pts,2.29,,144,,Yes
28,3/25/25,6,S2,SCI602 / 26,BIOLOGY B,GRANT MERRILL,10,2027,B,2.90 pts,2.29,,144,,Yes
28,3/25/25,6,S2,MAT702 / 26,ALGEBRA II B,JASON BLAESING,11,2026,B+,3.29 pts,6.86,,145,,Yes
28,3/25/25,4,S2,MAT523 / 24,GEOMETRY B,ROCHELLE AITON,10,2027,B+,3.27 pts,1.14,,146,,Yes
28,3/25/25,6,S2,SCI602 / 26,BIOLOGY B,GRANT MERRILL,10,2027,B+,3.39 pts,1.14,,146,,Yes
28,3/25/25,3,S2,BUS302 / 23,PERSONAL FINANCE B,NICOLE SIMEK,11,2026,F,0.54 pts,0.43,,435,,Yes
28,3/25/25,3,S2,MAT702 / 23,ALGEBRA II B,JENNIFER REILLY,11,2026,B,2.94 pts,4,,492,,Yes
28,3/25/25,6,S2,SOC702 / 26,US HISTORY/B,SCOTT BOOTHBY,11,2026,D+,1.82 pts,11.71,,147,,Yes
28,3/25/25,6,S2,MAT702 / 26,ALGEBRA II B,JASON BLAESING,11,2026,B+,3.29 pts,2,,148,,Yes
28,3/25/25,3,S2,MAT702 / 23,ALGEBRA II B,JENNIFER REILLY,12,2025,A,3.73 pts,1,,149,,Yes
28,3/25/25,1,S2,SCI504 / 21,PHYSICAL SCIENCE B,JAMES BENNETT,9,2028,A,4.00 pts,3.71,,493,,Yes
28,3/25/25,5,S2,MAT702 / 45,ALGEBRA II B,JENNIFER REILLY,11,2026,A,3.72 pts,0.43,,494,,Yes
28,3/25/25,2,S2,SCI610 / 22,CHEMISTRY/B,GRANT MERRILL,11,2026,B-,2.70 pts,2.86,,150,,Yes
28,3/25/25,3,S2,MAT702 / 23,ALGEBRA II B,JENNIFER REILLY,11,2026,B+,3.21 pts,3,,150,,Yes
28,3/25/25,5,S2,BUS302 / 25,PERSONAL FINANCE B,NICOLE SIMEK,12,2025,B,3.03 pts,0,,495,,Yes
28,3/25/25,1,S2,ENG504 / 21,PRE-AP FRESHMAN ENGLISH/B,ANGELINA MERRILL,9,2028,A,3.74 pts,0.86,,496,,Yes
28,3/25/25,2,S2,MAT702 / 22,ALGEBRA II B,JASON BLAESING,11,2026,F,1.56 pts,0.57,,152,,Yes
28,3/25/25,1,S2,SCI504 / 21,PHYSICAL SCIENCE B,JAMES BENNETT,9,2028,B,3.10 pts,4,,497,,Yes
28,3/25/25,1,S2,ENG504 / 21,PRE-AP FRESHMAN ENGLISH/B,ANGELINA MERRILL,9,2028,,3.00 pts,0,,497,,Yes
28,3/25/25,3,S2,MAT702 / 23,ALGEBRA II B,JENNIFER REILLY,10,2027,A,3.83 pts,1.86,,153,,Yes
28,3/25/25,2,S2,MAT523 / 22,GEOMETRY B,ROCHELLE AITON,10,2027,A,3.79 pts,2,,155,,Yes
28,3/25/25,3,S2,SCI602 / 23,BIOLOGY B,GRANT MERRILL,10,2027,A,3.93 pts,2,,155,,Yes
28,3/25/25,1,S2,ENG504 / 21,PRE-AP FRESHMAN ENGLISH/B,ANGELINA MERRILL,9,2028,B,3.13 pts,2,,154,,Yes
28,3/25/25,5,S2,MAT523 / 25,GEOMETRY B,BRIAN ANDERSON,9,2028,D+,1.94 pts,2,,154,,Yes
28,3/25/25,2,S2,MAT702 / 22,ALGEBRA II B,JASON BLAESING,11,2026,B-,2.81 pts,0,,498,,Yes
28,3/25/25,5,S2,BUS302 / 25,PERSONAL FINANCE B,NICOLE SIMEK,12,2025,C-,2.10 pts,2,,156,,Yes
28,3/25/25,2,S2,SCI610 / 22,CHEMISTRY/B,GRANT MERRILL,11,2026,D+,1.98 pts,4,,158,,Yes
28,3/25/25,5,S2,MAT523 / 25,GEOMETRY B,BRIAN ANDERSON,10,2027,C-,2.10 pts,0,,499,,Yes
28,3/25/25,5,S2,MAT523 / 25,GEOMETRY B,BRIAN ANDERSON,10,2027,F,1.04 pts,6.14,,159,,Yes
28,3/25/25,6,S2,SCI602 / 46,BIOLOGY B,WILLIAM BAUR,10,2027,F,1.41 pts,5.86,,159,,Yes
28,3/25/25,6,S2,MAT702 / 26,ALGEBRA II B,JASON BLAESING,11,2026,C,2.31 pts,8.5,,161,,Yes
28,3/25/25,2,S2,BUS302 / 22,PERSONAL FINANCE B,NICOLE SIMEK,12,2025,W,0.00 pts,4,,500,,Yes
28,3/25/25,4,S2,SCI602 / 24,BIOLOGY B,GRANT MERRILL,12,2025,W,,4.4,,500,,Yes
28,3/25/25,2,S2,ENG602 / 22,SOPH ENG/B,KELLY GREGERSEN,10,2027,C-,2.05 pts,0.14,,162,,Yes
28,3/25/25,4,S2,MAT523 / 24,GEOMETRY B,ROCHELLE AITON,10,2027,A-,3.48 pts,0,,162,,Yes
28,3/25/25,6,S2,SCI602 / 46,BIOLOGY B,WILLIAM BAUR,10,2027,C,2.37 pts,0.14,,162,,Yes
28,3/25/25,1,S2,SCI504 / 21,PHYSICAL SCIENCE B,JAMES BENNETT,11,2026,F,0.00 pts,22.57,,164,,Yes
28,3/25/25,5,S2,MAT702 / 45,ALGEBRA II B,JENNIFER REILLY,11,2026,F,0.00 pts,22.57,,164,,Yes
28,3/25/25,6,S2,SCI602 / 46,BIOLOGY B,WILLIAM BAUR,10,2027,C-,2.05 pts,1,,165,,Yes
28,3/25/25,2,S2,MAT523 / 22,GEOMETRY B,ROCHELLE AITON,9,2028,A,3.79 pts,4,,166,,Yes
28,3/25/25,6,S2,ENG502 / 26,FR ENGLISH/B,DAVID HOLLINGSWORTH,9,2028,A,3.76 pts,4.43,,166,,Yes
28,3/25/25,6,S2,SCI602 / 46,BIOLOGY B,WILLIAM BAUR,10,2027,D+,1.98 pts,14.14,,462,,Yes
28,3/25/25,2,S2,MAT702 / 22,ALGEBRA II B,JASON BLAESING,11,2026,D+,1.80 pts,5.71,,167,,Yes
28,3/25/25,6,S2,SOC702 / 26,US HISTORY/B,SCOTT BOOTHBY,11,2026,D+,1.91 pts,5.14,,167,,Yes
28,3/25/25,2,S2,MAT523 / 22,GEOMETRY B,ROCHELLE AITON,10,2027,C+,2.56 pts,8.71,,168,,Yes
28,3/25/25,6,S2,SCI602 / 26,BIOLOGY B,GRANT MERRILL,10,2027,C,2.46 pts,3,,169,,Yes
28,3/25/25,1,S2,SCI504 / 21,PHYSICAL SCIENCE B,JAMES BENNETT,9,2028,C-,2.16 pts,14.29,,464,,Yes
28,3/25/25,6,S2,ENG502 / 26,FR ENGLISH/B,DAVID HOLLINGSWORTH,9,2028,F,0.48 pts,14.86,,464,,Yes
28,3/25/25,6,S2,ENG502 / 26,FR ENGLISH/B,DAVID HOLLINGSWORTH,9,2028,C-,2.08 pts,4,,501,,Yes
28,3/25/25,4,S2,MAT523 / 24,GEOMETRY B,ROCHELLE AITON,10,2027,F,1.29 pts,2.71,,170,,Yes
28,3/25/25,5,S2,ENG602 / 25,SOPH ENG/B,MARCEE SALAS,10,2027,F,1.39 pts,2.71,,170,,Yes
28,3/25/25,6,S2,SCI602 / 46,BIOLOGY B,WILLIAM BAUR,10,2027,F,0.98 pts,2,,170,,Yes
28,3/25/25,4,S2,MAT523 / 24,GEOMETRY B,ROCHELLE AITON,10,2027,C,2.49 pts,3.14,,171,,Yes
28,3/25/25,6,S2,SCI602 / 46,BIOLOGY B,WILLIAM BAUR,10,2027,C,2.29 pts,4.57,,171,,Yes
28,3/25/25,3,S2,MAT702 / 23,ALGEBRA II B,JENNIFER REILLY,11,2026,A,3.74 pts,0.67,,172,,Yes
28,3/25/25,1,S2,SCI504 / 21,PHYSICAL SCIENCE B,JAMES BENNETT,9,2028,C-,2.04 pts,0.57,,502,,Yes
28,3/25/25,2,S2,MAT523 / 22,GEOMETRY B,ROCHELLE AITON,10,2027,B-,2.86 pts,2.29,,173,,Yes
28,3/25/25,6,S2,SCI602 / 46,BIOLOGY B,WILLIAM BAUR,10,2027,B,2.95 pts,2,,173,,Yes
28,3/25/25,6,S2,SCI602 / 46,BIOLOGY B,WILLIAM BAUR,10,2027,A,3.97 pts,4.29,,174,,Yes
28,3/25/25,3,S2,BUS302 / 23,PERSONAL FINANCE B,NICOLE SIMEK,12,2025,A,3.99 pts,2.86,,176,,Yes
28,3/25/25,4,S2,MAT702 / 24,ALGEBRA II B,JENNIFER REILLY,11,2026,A,3.75 pts,1.33,,550,,Yes
28,3/25/25,2,S2,MAT523 / 22,GEOMETRY B,ROCHELLE AITON,10,2027,F,1.56 pts,4,,437,,Yes
28,3/25/25,4,S2,SCI602 / 24,BIOLOGY B,GRANT MERRILL,10,2027,D+,1.99 pts,4.29,,437,,Yes
28,3/25/25,6,S2,SCI602 / 46,BIOLOGY B,WILLIAM BAUR,12,2025,C-,2.00 pts,6.5,,178,,Yes
28,3/25/25,6,S2,SCI602 / 26,BIOLOGY B,GRANT MERRILL,12,2025,,0.00 pts,5,,178,,Yes
28,3/25/25,4,S2,MAT523 / 24,GEOMETRY B,ROCHELLE AITON,10,2027,C,2.38 pts,0,,179,,Yes
28,3/25/25,5,S2,BUS302 / 25,PERSONAL FINANCE B,NICOLE SIMEK,12,2025,B-,2.75 pts,7.57,,503,,Yes
28,3/25/25,1,S2,SCI504 / 21,PHYSICAL SCIENCE B,JAMES BENNETT,11,2026,F,0.06 pts,17.29,,438,,Yes
28,3/25/25,3,S2,MAT702 / 23,ALGEBRA II B,JENNIFER REILLY,11,2026,D+,1.88 pts,12.29,,438,,Yes
28,3/25/25,6,S2,ENG502 / 26,FR ENGLISH/B,DAVID HOLLINGSWORTH,9,2028,C+,2.63 pts,1.29,,181,,Yes
28,3/25/25,5,S2,MAT702 / 45,ALGEBRA II B,JENNIFER REILLY,11,2026,B,3.02 pts,4,,504,,Yes
28,3/25/25,2,S2,MAT523 / 22,GEOMETRY B,ROCHELLE AITON,10,2027,B+,3.30 pts,2,,184,,Yes
28,3/25/25,4,S2,SCI602 / 24,BIOLOGY B,GRANT MERRILL,10,2027,C+,2.53 pts,2,,184,,Yes
28,3/25/25,2,S2,BUS302 / 22,PERSONAL FINANCE B,NICOLE SIMEK,11,2026,A,3.69 pts,5.86,,185,,Yes
28,3/25/25,5,S2,BUS302 / 25,PERSONAL FINANCE B,NICOLE SIMEK,12,2025,C-,2.15 pts,8.86,,505,,Yes
28,3/25/25,5,S2,MAT702 / 45,ALGEBRA II B,JENNIFER REILLY,10,2027,A,3.94 pts,3,,186,,Yes
28,3/25/25,6,S2,SCI602 / 46,BIOLOGY B,WILLIAM BAUR,10,2027,A,4.00 pts,3.57,,186,,Yes
28,3/25/25,6,S2,SOC702 / 26,US HISTORY/B,SCOTT BOOTHBY,11,2026,C-,2.01 pts,8.14,,187,,Yes
28,3/25/25,6,S2,SCI602 / 46,BIOLOGY B,WILLIAM BAUR,12,2025,C-,2.07 pts,3,,188,,Yes
28,3/25/25,6,S2,ENG502 / 26,FR ENGLISH/B,DAVID HOLLINGSWORTH,9,2028,B,3.09 pts,0.14,,189,,Yes
28,3/25/25,3,S2,MAT702 / 23,ALGEBRA II B,JENNIFER REILLY,11,2026,B+,3.35 pts,3.86,,439,,Yes
28,3/25/25,1,S2,MAT523 / 21,GEOMETRY B,ROCHELLE AITON,10,2027,C-,2.19 pts,3.71,,190,,Yes
28,3/25/25,6,S2,SCI602 / 26,BIOLOGY B,GRANT MERRILL,10,2027,B-,2.84 pts,3.57,,190,,Yes
28,3/25/25,3,S2,MAT702 / 23,ALGEBRA II B,JENNIFER REILLY,11,2026,A,3.93 pts,8,,191,,Yes
28,3/25/25,1,S2,MAT523 / 21,GEOMETRY B,ROCHELLE AITON,9,2028,A,4.00 pts,0,,192,,Yes
28,3/25/25,1,S2,SCI504 / 21,PHYSICAL SCIENCE B,JAMES BENNETT,9,2028,F,0.03 pts,24.29,,506,,Yes
28,3/25/25,6,S2,ENG502 / 26,FR ENGLISH/B,DAVID HOLLINGSWORTH,9,2028,F,0.03 pts,23.3,,506,,Yes
28,3/25/25,1,S2,MAT523 / 21,GEOMETRY B,ROCHELLE AITON,10,2027,F,1.32 pts,1.14,,193,,Yes
28,3/25/25,5,S2,ENG602 / 25,SOPH ENG/B,MARCEE SALAS,10,2027,B-,2.86 pts,1.57,,193,,Yes
28,3/25/25,5,S2,MAT523 / 25,GEOMETRY B,BRIAN ANDERSON,10,2027,D,1.79 pts,7.19,,194,,Yes
28,3/25/25,3,S2,BUS302 / 23,PERSONAL FINANCE B,NICOLE SIMEK,12,2025,F,0.01 pts,7.86,,195,,Yes
29,4/8/25,4,S2,MAT702 / 24,ALGEBRA II B,JENNIFER REILLY,11,2026,A,3.80 pts,2.33,,550,,Yes
28,3/25/25,6,S2,ENG502 / 26,FR ENGLISH/B,DAVID HOLLINGSWORTH,9,2028,B-,2.89 pts,2,,196,,Yes
28,3/25/25,1,S2,MAT523 / 21,GEOMETRY B,ROCHELLE AITON,10,2027,F,1.60 pts,4.43,,198,,Yes
28,3/25/25,4,S2,SCI602 / 24,BIOLOGY B,GRANT MERRILL,10,2027,C+,2.55 pts,4.43,,198,,Yes
28,3/25/25,5,S2,MAT523 / 25,GEOMETRY B,BRIAN ANDERSON,10,2027,B-,2.76 pts,0,,199,,Yes
28,3/25/25,5,S2,BUS302 / 25,PERSONAL FINANCE B,NICOLE SIMEK,12,2025,A-,3.57 pts,0.57,,200,,Yes
30,4/15/25,4,S2,MAT702 / 24,ALGEBRA II B,JENNIFER REILLY,11,2026,A,3.78 pts,3.33,,550,,Yes
28,3/25/25,3,S2,MAT702 / 23,ALGEBRA II B,JENNIFER REILLY,10,2027,A,3.74 pts,1.57,,509,,Yes
28,3/25/25,4,S2,MAT523 / 24,GEOMETRY B,ROCHELLE AITON,10,2027,A,3.94 pts,0,,440,,Yes
28,3/25/25,1,S2,SCI504 / 21,PHYSICAL SCIENCE B,JAMES BENNETT,12,2025,F,1.57 pts,17.14,,201,,Yes
28,3/25/25,2,S2,BUS302 / 22,PERSONAL FINANCE B,NICOLE SIMEK,12,2025,F,1.29 pts,15.86,,201,,Yes
28,3/25/25,6,S2,MAT702 / 26,ALGEBRA II B,JASON BLAESING,11,2026,F,1.30 pts,7.19,,510,,Yes
28,3/25/25,1,S2,MAT523 / 21,GEOMETRY B,ROCHELLE AITON,10,2027,F,1.62 pts,0.29,,202,,Yes
28,3/25/25,6,S2,SCI602 / 26,BIOLOGY B,GRANT MERRILL,10,2027,C+,2.54 pts,0,,202,,Yes
28,3/25/25,5,S2,MAT523 / 25,GEOMETRY B,BRIAN ANDERSON,10,2027,B+,3.29 pts,0.71,,204,,Yes
28,3/25/25,6,S2,SCI602 / 26,BIOLOGY B,GRANT MERRILL,10,2027,A-,3.50 pts,0,,204,,Yes
28,3/25/25,5,S2,BUS302 / 25,PERSONAL FINANCE B,NICOLE SIMEK,12,2025,A-,3.41 pts,5.67,,511,,Yes
28,3/25/25,3,S2,MAT523 / 23,GEOMETRY B,ROCHELLE AITON,10,2027,B-,2.79 pts,2.14,,205,,Yes
28,3/25/25,2,S2,MAT523 / 22,GEOMETRY B,ROCHELLE AITON,10,2027,B+,3.33 pts,0,,206,,Yes
28,3/25/25,6,S2,SCI602 / 46,BIOLOGY B,WILLIAM BAUR,10,2027,B+,3.36 pts,0.14,,206,,Yes
28,3/25/25,1,S2,ENG504 / 21,PRE-AP FRESHMAN ENGLISH/B,ANGELINA MERRILL,9,2028,F,1.16 pts,8,,512,,Yes
28,3/25/25,5,S2,MAT702 / 45,ALGEBRA II B,JENNIFER REILLY,11,2026,B,3.06 pts,9.86,,207,,Yes
28,3/25/25,3,S2,MAT702 / 23,ALGEBRA II B,JENNIFER REILLY,11,2026,A,3.70 pts,1.86,,208,,Yes
21,2/4/25,4,S2,MAT702 / 24,ALGEBRA II B,JENNIFER REILLY,11,2026,A,3.77 pts,1.67,,555,,Yes
28,3/25/25,3,S2,BUS302 / 23,PERSONAL FINANCE B,NICOLE SIMEK,11,2026,F,0.27 pts,3.43,,209,,Yes
28,3/25/25,6,S2,SOC702 / 26,US HISTORY/B,SCOTT BOOTHBY,11,2026,,1.93 pts,2,,209,,Yes
28,3/25/25,5,S2,BUS302 / 25,PERSONAL FINANCE B,NICOLE SIMEK,12,2025,B,3.10 pts,11.14,,514,,Yes
28,3/25/25,6,S2,SOC702 / 26,US HISTORY/B,SCOTT BOOTHBY,11,2026,A,3.65 pts,4,,210,,Yes
28,3/25/25,2,S2,MAT702 / 22,ALGEBRA II B,JASON BLAESING,10,2027,,0.00 pts,0,,515,,Yes
28,3/25/25,3,S2,MAT523 / 23,GEOMETRY B,ROCHELLE AITON,10,2027,B,3.16 pts,3.43,,516,,Yes
28,3/25/25,5,S2,BUS302 / 25,PERSONAL FINANCE B,NICOLE SIMEK,12,2025,W,3.91 pts,2.43,,517,,Yes
28,3/25/25,3,S2,MAT523 / 23,GEOMETRY B,ROCHELLE AITON,9,2028,C,2.43 pts,3,,211,,Yes
22,2/11/25,4,S2,MAT702 / 24,ALGEBRA II B,JENNIFER REILLY,11,2026,,,0,,555,,Yes
28,3/25/25,1,S2,MAT523 / 21,GEOMETRY B,ROCHELLE AITON,10,2027,F,1.60 pts,2,,469,,Yes
28,3/25/25,1,S2,SCI504 / 21,PHYSICAL SCIENCE B,JAMES BENNETT,9,2028,F,1.29 pts,0,,212,,Yes
28,3/25/25,6,S2,ENG502 / 26,FR ENGLISH/B,DAVID HOLLINGSWORTH,9,2028,B,3.06 pts,2.29,,212,,Yes
28,3/25/25,5,S2,BUS302 / 25,PERSONAL FINANCE B,NICOLE SIMEK,12,2025,A,3.97 pts,0,,213,,Yes
28,3/25/25,5,S2,BUS302 / 25,PERSONAL FINANCE B,NICOLE SIMEK,12,2025,B,2.97 pts,5,,519,,Yes
28,3/25/25,6,S2,MAT702 / 26,ALGEBRA II B,JASON BLAESING,10,2027,A,3.77 pts,4,,520,,Yes
28,3/25/25,5,S2,MAT523 / 25,GEOMETRY B,BRIAN ANDERSON,10,2027,F,1.10 pts,2,,521,,Yes
28,3/25/25,5,S2,MAT523 / 25,GEOMETRY B,BRIAN ANDERSON,9,2028,A,3.99 pts,0,,522,,Yes
28,3/25/25,3,S2,BUS302 / 23,PERSONAL FINANCE B,NICOLE SIMEK,11,2026,B,3.14 pts,0,,523,,Yes
28,3/25/25,2,S2,MAT523 / 22,GEOMETRY B,ROCHELLE AITON,10,2027,A,3.62 pts,0,,524,,Yes
28,3/25/25,4,S2,MAT523 / 24,GEOMETRY B,ROCHELLE AITON,11,2026,F,0.62 pts,4.57,,214,,Yes
28,3/25/25,1,S2,MAT523 / 21,GEOMETRY B,ROCHELLE AITON,10,2027,F,1.48 pts,5.57,,215,,Yes
28,3/25/25,6,S2,SCI602 / 26,BIOLOGY B,GRANT MERRILL,10,2027,B+,3.31 pts,5,,215,,Yes
28,3/25/25,3,S2,SCI602 / 23,BIOLOGY B,GRANT MERRILL,10,2027,B+,3.22 pts,13.86,,220,,Yes
28,3/25/25,2,S2,BUS302 / 22,PERSONAL FINANCE B,NICOLE SIMEK,12,2025,D+,1.84 pts,5.29,,216,,Yes
28,3/25/25,1,S2,ENG504 / 21,PRE-AP FRESHMAN ENGLISH/B,ANGELINA MERRILL,9,2028,,3.01 pts,0.83,,219,,Yes
28,3/25/25,2,S2,MAT523 / 22,GEOMETRY B,ROCHELLE AITON,9,2028,,0.15 pts,0.83,,219,,Yes
28,3/25/25,3,S2,MAT523 / 23,GEOMETRY B,ROCHELLE AITON,9,2028,A,3.86 pts,3,,219,,Yes
28,3/25/25,1,S2,SCI504 / 21,PHYSICAL SCIENCE B,JAMES BENNETT,11,2026,C-,2.12 pts,11.71,,218,,Yes
23,2/18/25,4,S2,MAT702 / 24,ALGEBRA II B,JENNIFER REILLY,11,2026,,,1,,555,,Yes
28,3/25/25,6,S2,SOC702 / 26,US HISTORY/B,SCOTT BOOTHBY,11,2026,B+,3.21 pts,10.57,,218,,Yes
28,3/25/25,6,S2,ENG502 / 26,FR ENGLISH/B,DAVID HOLLINGSWORTH,9,2028,B,3.00 pts,5,,217,,Yes
28,3/25/25,6,S2,SOC702 / 26,US HISTORY/B,SCOTT BOOTHBY,11,2026,A,3.94 pts,6.67,,224,,Yes
28,3/25/25,2,S2,MAT702 / 22,ALGEBRA II B,JASON BLAESING,11,2026,B+,3.28 pts,0,,222,,Yes
28,3/25/25,4,S2,MAT523 / 24,GEOMETRY B,ROCHELLE AITON,10,2027,C,2.37 pts,5,,221,,Yes
28,3/25/25,5,S2,ENG602 / 25,SOPH ENG/B,MARCEE SALAS,10,2027,D,1.70 pts,5.57,,221,,Yes
28,3/25/25,5,S2,MAT702 / 45,ALGEBRA II B,JENNIFER REILLY,10,2027,A,3.96 pts,1,,525,,Yes
28,3/25/25,3,S2,BUS302 / 23,PERSONAL FINANCE B,NICOLE SIMEK,12,2025,D+,1.93 pts,2,,526,,Yes
28,3/25/25,2,S2,MAT702 / 22,ALGEBRA II B,JASON BLAESING,11,2026,C,2.21 pts,0,,225,,Yes
28,3/25/25,5,S2,BUS302 / 25,PERSONAL FINANCE B,NICOLE SIMEK,12,2025,B-,2.74 pts,3.67,,527,,Yes
28,3/25/25,2,S2,MAT702 / 22,ALGEBRA II B,JASON BLAESING,10,2027,A,3.77 pts,0,,226,,Yes
28,3/25/25,6,S2,SCI602 / 26,BIOLOGY B,GRANT MERRILL,10,2027,A-,3.43 pts,0,,226,,Yes
28,3/25/25,2,S2,MAT523 / 22,GEOMETRY B,ROCHELLE AITON,9,2028,A,3.68 pts,0,,228,,Yes
28,3/25/25,6,S2,ENG502 / 26,FR ENGLISH/B,DAVID HOLLINGSWORTH,9,2028,C+,2.54 pts,0.14,,229,,Yes
28,3/25/25,3,S2,MAT702 / 23,ALGEBRA II B,JENNIFER REILLY,11,2026,A,3.63 pts,5.43,,528,,Yes
28,3/25/25,2,S2,BUS302 / 22,PERSONAL FINANCE B,NICOLE SIMEK,11,2026,B+,3.22 pts,4,,230,,Yes
28,3/25/25,2,S2,BUS302 / 22,PERSONAL FINANCE B,NICOLE SIMEK,12,2025,B,2.96 pts,12.71,,233,,Yes
28,3/25/25,2,S2,MAT523 / 22,GEOMETRY B,ROCHELLE AITON,10,2027,C+,2.51 pts,2,,236,,Yes
28,3/25/25,3,S2,SCI602 / 23,BIOLOGY B,GRANT MERRILL,10,2027,B+,3.39 pts,2,,236,,Yes
28,3/25/25,5,S2,ENG602 / 25,SOPH ENG/B,MARCEE SALAS,10,2027,C,2.22 pts,2,,236,,Yes
28,3/25/25,2,S2,ENG602 / 22,SOPH ENG/B,KELLY GREGERSEN,10,2027,B,3.02 pts,2.43,,235,,Yes
28,3/25/25,4,S2,SCI602 / 24,BIOLOGY B,GRANT MERRILL,10,2027,C+,2.69 pts,2.29,,235,,Yes
28,3/25/25,2,S2,MAT702 / 22,ALGEBRA II B,JASON BLAESING,10,2027,A,3.77 pts,2.86,,237,,Yes
28,3/25/25,3,S2,SCI602 / 23,BIOLOGY B,GRANT MERRILL,10,2027,A,3.99 pts,2.86,,237,,Yes
28,3/25/25,4,S2,MAT523 / 24,GEOMETRY B,ROCHELLE AITON,10,2027,D,1.79 pts,0.43,,238,,Yes
28,3/25/25,5,S2,ENG602 / 25,SOPH ENG/B,MARCEE SALAS,10,2027,C-,2.01 pts,0.43,,238,,Yes
28,3/25/25,6,S2,SCI602 / 46,BIOLOGY B,WILLIAM BAUR,10,2027,B+,3.36 pts,0.43,,238,,Yes
28,3/25/25,2,S2,BUS302 / 22,PERSONAL FINANCE B,NICOLE SIMEK,12,2025,C+,2.64 pts,2.17,,240,,Yes
28,3/25/25,2,S2,MAT702 / 22,ALGEBRA II B,JASON BLAESING,11,2026,C-,2.07 pts,4.43,,241,,Yes
28,3/25/25,6,S2,ENG502 / 26,FR ENGLISH/B,DAVID HOLLINGSWORTH,9,2028,F,0.48 pts,12.71,,243,,Yes
28,3/25/25,2,S2,SCI610 / 22,CHEMISTRY/B,GRANT MERRILL,11,2026,B-,2.73 pts,8.57,,242,,Yes
28,3/25/25,3,S2,BUS302 / 23,PERSONAL FINANCE B,NICOLE SIMEK,11,2026,A,3.99 pts,9.29,,242,,Yes
28,3/25/25,5,S2,MAT523 / 25,GEOMETRY B,BRIAN ANDERSON,10,2027,D+,1.80 pts,1.29,,244,,Yes
28,3/25/25,2,S2,MAT523 / 22,GEOMETRY B,ROCHELLE AITON,10,2027,F,1.37 pts,5.71,,246,,Yes
28,3/25/25,3,S2,MAT702 / 23,ALGEBRA II B,JENNIFER REILLY,10,2027,A-,3.43 pts,3.14,,247,,Yes
28,3/25/25,1,S2,MAT523 / 21,GEOMETRY B,ROCHELLE AITON,10,2027,F,0.90 pts,8.86,,248,,Yes
28,3/25/25,2,S2,ENG602 / 22,SOPH ENG/B,KELLY GREGERSEN,10,2027,F,0.14 pts,5.29,,249,,Yes
28,3/25/25,5,S2,MAT702 / 45,ALGEBRA II B,JENNIFER REILLY,11,2026,B-,2.78 pts,6.29,,250,,Yes
28,3/25/25,6,S2,SOC702 / 26,US HISTORY/B,SCOTT BOOTHBY,11,2026,B,2.95 pts,6.29,,250,,Yes
28,3/25/25,4,S2,MAT523 / 24,GEOMETRY B,ROCHELLE AITON,10,2027,F,1.21 pts,3.14,,251,,Yes
28,3/25/25,5,S2,MAT523 / 25,GEOMETRY B,BRIAN ANDERSON,10,2027,B-,2.77 pts,6.29,,252,,Yes
28,3/25/25,6,S2,SCI602 / 26,BIOLOGY B,GRANT MERRILL,10,2027,C-,2.01 pts,6.57,,252,,Yes
28,3/25/25,3,S2,BUS302 / 23,PERSONAL FINANCE B,NICOLE SIMEK,11,2026,D+,1.91 pts,1.57,,253,,Yes
28,3/25/25,6,S2,SOC702 / 26,US HISTORY/B,SCOTT BOOTHBY,11,2026,C,2.46 pts,2.86,,253,,Yes
24,2/25/25,4,S2,MAT702 / 24,ALGEBRA II B,JENNIFER REILLY,11,2026,C-,2.10 pts,1,,555,,Yes
28,3/25/25,6,S2,SOC702 / 26,US HISTORY/B,SCOTT BOOTHBY,11,2026,B,2.92 pts,6,,255,,Yes
28,3/25/25,6,S2,MAT702 / 26,ALGEBRA II B,JASON BLAESING,11,2026,A,3.98 pts,5,,257,,Yes
28,3/25/25,6,S2,MAT702 / 26,ALGEBRA II B,JASON BLAESING,11,2026,F,1.55 pts,4,,258,,Yes
28,3/25/25,2,S2,MAT702 / 22,ALGEBRA II B,JASON BLAESING,11,2026,B,2.98 pts,0.71,,260,,Yes
28,3/25/25,2,S2,BUS302 / 22,PERSONAL FINANCE B,NICOLE SIMEK,12,2025,A,3.97 pts,0,,259,,Yes
28,3/25/25,2,S2,MAT702 / 22,ALGEBRA II B,JASON BLAESING,11,2026,B,3.06 pts,2,,262,,Yes
28,3/25/25,6,S2,ENG502 / 26,FR ENGLISH/B,DAVID HOLLINGSWORTH,9,2028,F,1.31 pts,8.43,,529,,Yes
28,3/25/25,4,S2,MAT523 / 24,GEOMETRY B,ROCHELLE AITON,10,2027,A,3.76 pts,2.29,,264,,Yes
28,3/25/25,3,S2,BUS302 / 23,PERSONAL FINANCE B,NICOLE SIMEK,11,2026,C,2.42 pts,1.43,,267,,Yes
28,3/25/25,6,S2,ENG502 / 26,FR ENGLISH/B,DAVID HOLLINGSWORTH,9,2028,B-,2.73 pts,5.43,,268,,Yes
28,3/25/25,5,S2,MAT523 / 25,GEOMETRY B,BRIAN ANDERSON,10,2027,B+,3.27 pts,10,,269,,Yes
28,3/25/25,6,S2,SCI602 / 46,BIOLOGY B,WILLIAM BAUR,10,2027,A,3.63 pts,10,,269,,Yes
25,3/4/25,4,S2,MAT702 / 24,ALGEBRA II B,JENNIFER REILLY,11,2026,A,3.91 pts,1.33,,555,,Yes
28,3/25/25,6,S2,ENG502 / 26,FR ENGLISH/B,DAVID HOLLINGSWORTH,9,2028,C,2.39 pts,1.71,,270,,Yes
28,3/25/25,5,S2,MAT702 / 45,ALGEBRA II B,JENNIFER REILLY,10,2027,B+,3.22 pts,1,,531,,Yes
28,3/25/25,3,S2,MAT702 / 23,ALGEBRA II B,JENNIFER REILLY,11,2026,A-,3.42 pts,3.86,,271,,Yes
28,3/25/25,6,S2,SOC702 / 26,US HISTORY/B,SCOTT BOOTHBY,11,2026,F,1.61 pts,4.71,,271,,Yes
28,3/25/25,2,S2,MAT523 / 22,GEOMETRY B,ROCHELLE AITON,10,2027,C,2.46 pts,13.57,,272,,Yes
28,3/25/25,3,S2,SCI602 / 23,BIOLOGY B,GRANT MERRILL,10,2027,B,2.95 pts,12.86,,272,,Yes
28,3/25/25,5,S2,ENG602 / 25,SOPH ENG/B,MARCEE SALAS,10,2027,B,3.01 pts,14.43,,272,,Yes
28,3/25/25,2,S2,MAT523 / 22,GEOMETRY B,ROCHELLE AITON,10,2027,F,0.47 pts,7.71,,273,,Yes
28,3/25/25,5,S2,ENG602 / 25,SOPH ENG/B,MARCEE SALAS,10,2027,F,1.60 pts,3.71,,273,,Yes
28,3/25/25,6,S2,SCI602 / 46,BIOLOGY B,WILLIAM BAUR,10,2027,D+,1.97 pts,4,,273,,Yes
28,3/25/25,3,S2,MAT523 / 23,GEOMETRY B,ROCHELLE AITON,9,2028,A-,3.43 pts,3,,532,,Yes
28,3/25/25,2,S2,MAT702 / 22,ALGEBRA II B,JASON BLAESING,11,2026,F,1.48 pts,18.29,,274,,Yes
28,3/25/25,5,S2,MAT523 / 25,GEOMETRY B,BRIAN ANDERSON,10,2027,B-,2.83 pts,10,,533,,Yes
28,3/25/25,6,S2,SOC702 / 26,US HISTORY/B,SCOTT BOOTHBY,11,2026,B-,2.75 pts,4.17,,275,,Yes
28,3/25/25,5,S2,BUS302 / 25,PERSONAL FINANCE B,NICOLE SIMEK,11,2026,F,0.00 pts,8.57,,276,,Yes
28,3/25/25,6,S2,SOC702 / 26,US HISTORY/B,SCOTT BOOTHBY,11,2026,B-,2.76 pts,6,,277,,Yes
28,3/25/25,1,S2,SCI504 / 21,PHYSICAL SCIENCE B,JAMES BENNETT,9,2028,B,3.06 pts,5.71,,534,,Yes
28,3/25/25,1,S2,ENG504 / 21,PRE-AP FRESHMAN ENGLISH/B,ANGELINA MERRILL,9,2028,B+,3.37 pts,1.86,,535,,Yes
28,3/25/25,6,S2,MAT702 / 26,ALGEBRA II B,JASON BLAESING,11,2026,A-,3.50 pts,11,,278,,Yes
28,3/25/25,1,S2,MAT523 / 21,GEOMETRY B,ROCHELLE AITON,9,2028,A,4.00 pts,1,,279,,Yes
28,3/25/25,1,S2,ENG504 / 21,PRE-AP FRESHMAN ENGLISH/B,ANGELINA MERRILL,9,2028,A,3.88 pts,4,,536,,Yes
28,3/25/25,3,S2,BUS302 / 23,PERSONAL FINANCE B,NICOLE SIMEK,12,2025,B,2.93 pts,7.86,,280,,Yes
28,3/25/25,5,S2,BUS302 / 25,PERSONAL FINANCE B,NICOLE SIMEK,12,2025,,3.88 pts,1.29,,280,,Yes
28,3/25/25,5,S2,BUS302 / 25,PERSONAL FINANCE B,NICOLE SIMEK,12,2025,A-,3.54 pts,12,,537,,Yes
28,3/25/25,2,S2,MAT523 / 22,GEOMETRY B,ROCHELLE AITON,9,2028,A,3.92 pts,0,,281,,Yes
28,3/25/25,2,S2,SCI610 / 22,CHEMISTRY/B,GRANT MERRILL,11,2026,C-,2.16 pts,14,,282,,Yes
28,3/25/25,3,S2,MAT702 / 23,ALGEBRA II B,JENNIFER REILLY,11,2026,B-,2.80 pts,14,,282,,Yes
28,3/25/25,3,S2,BUS302 / 23,PERSONAL FINANCE B,NICOLE SIMEK,12,2025,A,3.67 pts,0.71,,283,,Yes
28,3/25/25,3,S2,MAT523 / 23,GEOMETRY B,ROCHELLE AITON,9,2028,A,3.68 pts,1,,284,,Yes
26,3/11/25,4,S2,MAT702 / 24,ALGEBRA II B,JENNIFER REILLY,11,2026,A,3.86 pts,1.33,,555,,Yes
28,3/25/25,1,S2,SCI504 / 21,PHYSICAL SCIENCE B,JAMES BENNETT,9,2028,A-,3.55 pts,1.29,,285,,Yes
28,3/25/25,6,S2,ENG502 / 26,FR ENGLISH/B,DAVID HOLLINGSWORTH,9,2028,A,3.96 pts,1.14,,285,,Yes
28,3/25/25,6,S2,ENG502 / 26,FR ENGLISH/B,DAVID HOLLINGSWORTH,9,2028,B,2.98 pts,0.14,,596,,Yes
28,3/25/25,5,S2,BUS302 / 25,PERSONAL FINANCE B,NICOLE SIMEK,12,2025,B+,3.38 pts,2.43,,539,,Yes
28,3/25/25,1,S2,ENG504 / 21,PRE-AP FRESHMAN ENGLISH/B,ANGELINA MERRILL,9,2028,A-,3.49 pts,0,,540,,Yes
28,3/25/25,5,S2,MAT702 / 45,ALGEBRA II B,JENNIFER REILLY,10,2027,B,3.01 pts,8,,287,,Yes
28,3/25/25,6,S2,SCI602 / 26,BIOLOGY B,GRANT MERRILL,10,2027,D,1.67 pts,8,,287,,Yes
28,3/25/25,5,S2,MAT702 / 45,ALGEBRA II B,JENNIFER REILLY,11,2026,A-,3.51 pts,1,,288,,Yes
28,3/25/25,6,S2,SOC702 / 26,US HISTORY/B,SCOTT BOOTHBY,11,2026,A,3.81 pts,1,,288,,Yes
28,3/25/25,2,S2,ENG602 / 22,SOPH ENG/B,KELLY GREGERSEN,10,2027,F,0.75 pts,4.29,,290,,Yes
28,3/25/25,5,S2,BUS302 / 25,PERSONAL FINANCE B,NICOLE SIMEK,12,2025,F,0.75 pts,5.57,,541,,Yes
28,3/25/25,4,S2,SCI602 / 24,BIOLOGY B,GRANT MERRILL,10,2027,C,2.40 pts,2,,291,,Yes
28,3/25/25,3,S2,BUS302 / 23,PERSONAL FINANCE B,NICOLE SIMEK,12,2025,B+,3.34 pts,0,,542,,Yes
28,3/25/25,3,S2,MAT523 / 23,GEOMETRY B,ROCHELLE AITON,10,2027,F,1.59 pts,8.43,,293,,Yes
28,3/25/25,4,S2,SCI602 / 24,BIOLOGY B,GRANT MERRILL,10,2027,C,2.40 pts,8.43,,293,,Yes
28,3/25/25,5,S2,MAT523 / 25,GEOMETRY B,BRIAN ANDERSON,10,2027,C,2.39 pts,1.14,,294,,Yes
28,3/25/25,6,S2,SCI602 / 46,BIOLOGY B,WILLIAM BAUR,10,2027,A,3.98 pts,0.86,,294,,Yes
28,3/25/25,6,S2,ENG502 / 26,FR ENGLISH/B,DAVID HOLLINGSWORTH,9,2028,A,3.88 pts,0.14,,295,,Yes
28,3/25/25,6,S2,MAT702 / 26,ALGEBRA II B,JASON BLAESING,11,2026,F,1.04 pts,11.43,,296,,Yes
27,3/18/25,4,S2,MAT702 / 24,ALGEBRA II B,JENNIFER REILLY,11,2026,B+,3.33 pts,1.33,,555,,Yes
28,3/25/25,4,S2,MAT702 / 24,ALGEBRA II B,JENNIFER REILLY,11,2026,A-,3.49 pts,1.33,,555,,Yes
28,3/25/25,2,S2,SCI610 / 22,CHEMISTRY/B,GRANT MERRILL,11,2026,B,3.15 pts,1.86,,297,,Yes
28,3/25/25,6,S2,MAT702 / 26,ALGEBRA II B,JASON BLAESING,11,2026,A-,3.53 pts,1.71,,297,,Yes
28,3/25/25,3,S2,MAT702 / 23,ALGEBRA II B,JENNIFER REILLY,11,2026,A,4.00 pts,0,,298,,Yes
28,3/25/25,2,S2,BUS302 / 22,PERSONAL FINANCE B,NICOLE SIMEK,12,2025,A,3.62 pts,3,,299,,Yes
28,3/25/25,3,S2,BUS302 / 23,PERSONAL FINANCE B,NICOLE SIMEK,11,2026,,0.00 pts,2.57,,300,,Yes
28,3/25/25,1,S2,MAT523 / 21,GEOMETRY B,ROCHELLE AITON,10,2027,A-,3.48 pts,1,,301,,Yes
28,3/25/25,4,S2,MAT523 / 24,GEOMETRY B,ROCHELLE AITON,10,2027,C+,2.63 pts,0,,443,,Yes
28,3/25/25,3,S2,MAT523 / 23,GEOMETRY B,ROCHELLE AITON,9,2028,B+,3.33 pts,8.29,,302,,Yes
28,3/25/25,6,S2,ENG502 / 26,FR ENGLISH/B,DAVID HOLLINGSWORTH,9,2028,B+,3.21 pts,8,,302,,Yes
28,3/25/25,2,S2,MAT702 / 22,ALGEBRA II B,JASON BLAESING,11,2026,A,4.00 pts,0.8,,545,,Yes
28,3/25/25,3,S2,BUS302 / 23,PERSONAL FINANCE B,NICOLE SIMEK,12,2025,C-,2.16 pts,1,,305,,Yes
28,3/25/25,5,S2,BUS302 / 25,PERSONAL FINANCE B,NICOLE SIMEK,12,2025,F,1.61 pts,6.14,,546,,Yes
28,3/25/25,5,S2,MAT523 / 25,GEOMETRY B,BRIAN ANDERSON,9,2028,A-,3.49 pts,7.86,,547,,Yes
28,3/25/25,1,S2,SCI504 / 21,PHYSICAL SCIENCE B,JAMES BENNETT,9,2028,B,3.10 pts,9,,306,,Yes
28,3/25/25,3,S2,MAT523 / 23,GEOMETRY B,ROCHELLE AITON,9,2028,B,3.13 pts,10.29,,306,,Yes
28,3/25/25,2,S2,MAT702 / 22,ALGEBRA II B,JASON BLAESING,11,2026,A,3.77 pts,4,,307,,Yes
28,3/25/25,2,S2,ENG602 / 22,SOPH ENG/B,KELLY GREGERSEN,10,2027,F,0.00 pts,17.71,,309,,Yes
28,3/25/25,5,S2,MAT523 / 25,GEOMETRY B,BRIAN ANDERSON,10,2027,F,0.00 pts,16.86,,309,,Yes
28,3/25/25,6,S2,SCI602 / 26,BIOLOGY B,GRANT MERRILL,10,2027,F,0.46 pts,17.71,,309,,Yes
28,3/25/25,1,S2,SCI504 / 21,PHYSICAL SCIENCE B,JAMES BENNETT,9,2028,F,1.29 pts,1.43,,308,,Yes
28,3/25/25,6,S2,ENG502 / 26,FR ENGLISH/B,DAVID HOLLINGSWORTH,9,2028,C,2.42 pts,1.57,,308,,Yes
28,3/25/25,1,S2,SCI504 / 21,PHYSICAL SCIENCE B,JAMES BENNETT,9,2028,A-,3.55 pts,6,,548,,Yes
28,3/25/25,3,S2,SCI602 / 23,BIOLOGY B,GRANT MERRILL,10,2027,B,3.05 pts,3,,310,,Yes
28,3/25/25,4,S2,MAT523 / 24,GEOMETRY B,ROCHELLE AITON,10,2027,C,2.21 pts,3,,310,,Yes
28,3/25/25,2,S2,MAT702 / 22,ALGEBRA II B,JASON BLAESING,11,2026,D+,1.98 pts,7.43,,312,,Yes
28,3/25/25,6,S2,SOC702 / 26,US HISTORY/B,SCOTT BOOTHBY,11,2026,C,2.43 pts,7.57,,312,,Yes
28,3/25/25,3,S2,SCI602 / 23,BIOLOGY B,GRANT MERRILL,10,2027,B,3.00 pts,0,,549,,Yes
29,4/8/25,4,S2,MAT702 / 24,ALGEBRA II B,JENNIFER REILLY,11,2026,A,3.78 pts,1.33,,555,,Yes
28,3/25/25,6,S2,MAT702 / 26,ALGEBRA II B,JASON BLAESING,11,2026,B,3.06 pts,3,,313,,Yes
28,3/25/25,2,S2,MAT702 / 22,ALGEBRA II B,JASON BLAESING,11,2026,C+,2.52 pts,2,,314,,Yes
28,3/25/25,2,S2,SCI610 / 22,CHEMISTRY/B,GRANT MERRILL,11,2026,B+,3.38 pts,0,,315,,Yes
30,4/15/25,4,S2,MAT702 / 24,ALGEBRA II B,JENNIFER REILLY,11,2026,A,3.76 pts,1.33,,555,,Yes
28,3/25/25,1,S2,ENG504 / 21,PRE-AP FRESHMAN ENGLISH/B,ANGELINA MERRILL,9,2028,A,3.99 pts,0.86,,551,,Yes
28,3/25/25,6,S2,MAT702 / 26,ALGEBRA II B,JASON BLAESING,11,2026,A,3.72 pts,3.57,,316,,Yes
28,3/25/25,2,S2,ENG602 / 22,SOPH ENG/B,KELLY GREGERSEN,10,2027,D,1.75 pts,12.29,,317,,Yes
28,3/25/25,3,S2,MAT523 / 23,GEOMETRY B,ROCHELLE AITON,10,2027,F,1.52 pts,12,,317,,Yes
28,3/25/25,4,S2,SCI602 / 24,BIOLOGY B,GRANT MERRILL,10,2027,D+,1.86 pts,10.86,,317,,Yes
28,3/25/25,1,S2,MAT523 / 21,GEOMETRY B,ROCHELLE AITON,10,2027,F,1.56 pts,6,,318,,Yes
28,3/25/25,3,S2,SCI602 / 23,BIOLOGY B,GRANT MERRILL,10,2027,B-,2.81 pts,6.43,,318,,Yes
28,3/25/25,2,S2,MAT702 / 22,ALGEBRA II B,JASON BLAESING,11,2026,B-,2.74 pts,0.83,,319,,Yes
28,3/25/25,2,S2,MAT702 / 22,ALGEBRA II B,JASON BLAESING,11,2026,B+,3.30 pts,0,,320,,Yes
28,3/25/25,6,S2,SOC702 / 26,US HISTORY/B,SCOTT BOOTHBY,11,2026,B,2.91 pts,1.14,,320,,Yes
28,3/25/25,1,S2,ENG504 / 21,PRE-AP FRESHMAN ENGLISH/B,ANGELINA MERRILL,9,2028,A-,3.48 pts,0.57,,552,,Yes
28,3/25/25,2,S2,BUS302 / 22,PERSONAL FINANCE B,NICOLE SIMEK,12,2025,F,0.00 pts,22.14,,321,,Yes
28,3/25/25,2,S2,BUS302 / 22,PERSONAL FINANCE B,NICOLE SIMEK,12,2025,C,2.24 pts,8.43,,322,,Yes
28,3/25/25,3,S2,BUS302 / 23,PERSONAL FINANCE B,NICOLE SIMEK,12,2025,B+,3.34 pts,2.29,,323,,Yes
28,3/25/25,2,S2,ENG602 / 22,SOPH ENG/B,KELLY GREGERSEN,10,2027,A-,3.56 pts,0.43,,324,,Yes
28,3/25/25,4,S2,MAT523 / 24,GEOMETRY B,ROCHELLE AITON,10,2027,B+,3.35 pts,0,,324,,Yes
28,3/25/25,5,S2,BUS302 / 25,PERSONAL FINANCE B,NICOLE SIMEK,12,2025,C-,2.05 pts,6.29,,553,,Yes
28,3/25/25,4,S2,SCI602 / 24,BIOLOGY B,GRANT MERRILL,10,2027,B,3.00 pts,4.57,,445,,Yes
28,3/25/25,2,S2,BUS302 / 22,PERSONAL FINANCE B,NICOLE SIMEK,12,2025,A,3.91 pts,3.86,,325,,Yes
28,3/25/25,3,S2,BUS302 / 23,PERSONAL FINANCE B,NICOLE SIMEK,12,2025,A,3.67 pts,2.17,,326,,Yes
28,3/25/25,2,S2,BUS302 / 22,PERSONAL FINANCE B,NICOLE SIMEK,11,2026,B+,3.34 pts,0.29,,327,,Yes
28,3/25/25,6,S2,SOC702 / 26,US HISTORY/B,SCOTT BOOTHBY,11,2026,B,3.15 pts,0,,327,,Yes
28,3/25/25,2,S2,MAT702 / 22,ALGEBRA II B,JASON BLAESING,11,2026,C,2.34 pts,6,,554,,Yes
21,2/4/25,4,S2,MAT702 / 24,ALGEBRA II B,JENNIFER REILLY,11,2026,A,3.99 pts,0.5,,558,,Yes
28,3/25/25,5,S2,MAT702 / 45,ALGEBRA II B,JENNIFER REILLY,11,2026,C,2.22 pts,0,,556,,Yes
28,3/25/25,6,S2,SCI602 / 46,BIOLOGY B,WILLIAM BAUR,10,2027,D,1.68 pts,0.86,,330,,Yes
28,3/25/25,3,S2,BUS302 / 23,PERSONAL FINANCE B,NICOLE SIMEK,12,2025,F,1.56 pts,19.43,,331,,Yes
28,3/25/25,5,S2,MAT702 / 45,ALGEBRA II B,JENNIFER REILLY,12,2025,A-,3.42 pts,3.57,,557,,Yes
28,3/25/25,3,S2,BUS302 / 23,PERSONAL FINANCE B,NICOLE SIMEK,12,2025,B+,3.20 pts,3.29,,332,,Yes
28,3/25/25,3,S2,SCI602 / 23,BIOLOGY B,GRANT MERRILL,10,2027,B+,3.38 pts,6,,333,,Yes
28,3/25/25,5,S2,ENG602 / 25,SOPH ENG/B,MARCEE SALAS,10,2027,C+,2.59 pts,6,,333,,Yes
28,3/25/25,5,S2,MAT523 / 25,GEOMETRY B,BRIAN ANDERSON,10,2027,B-,2.88 pts,6.71,,334,,Yes
22,2/11/25,4,S2,MAT702 / 24,ALGEBRA II B,JENNIFER REILLY,11,2026,,,0.5,,558,,Yes
28,3/25/25,2,S2,MAT523 / 22,GEOMETRY B,ROCHELLE AITON,10,2027,C,2.38 pts,1,,335,,Yes
28,3/25/25,3,S2,SCI602 / 23,BIOLOGY B,GRANT MERRILL,10,2027,C,2.49 pts,1,,335,,Yes
28,3/25/25,6,S2,SCI602 / 46,BIOLOGY B,WILLIAM BAUR,10,2027,B-,2.71 pts,4.57,,337,,Yes
28,3/25/25,6,S2,MAT702 / 26,ALGEBRA II B,JASON BLAESING,11,2026,A-,3.51 pts,3,,336,,Yes
28,3/25/25,5,S2,MAT702 / 45,ALGEBRA II B,JENNIFER REILLY,11,2026,C,2.38 pts,3.29,,559,,Yes
28,3/25/25,5,S2,BUS302 / 25,PERSONAL FINANCE B,NICOLE SIMEK,12,2025,B,2.92 pts,0.14,,560,,Yes
28,3/25/25,4,S2,MAT523 / 24,GEOMETRY B,ROCHELLE AITON,10,2027,B-,2.84 pts,4,,338,,Yes
28,3/25/25,5,S2,ENG602 / 25,SOPH ENG/B,MARCEE SALAS,10,2027,C-,2.18 pts,4,,338,,Yes
28,3/25/25,3,S2,MAT702 / 23,ALGEBRA II B,JENNIFER REILLY,11,2026,B,3.19 pts,0,,339,,Yes
28,3/25/25,4,S2,MAT523 / 24,GEOMETRY B,ROCHELLE AITON,10,2027,F,0.00 pts,21.43,,446,,Yes
28,3/25/25,5,S2,MAT523 / 25,GEOMETRY B,BRIAN ANDERSON,10,2027,F,1.44 pts,5,,340,,Yes
28,3/25/25,6,S2,SCI602 / 46,BIOLOGY B,WILLIAM BAUR,10,2027,F,1.02 pts,4.29,,340,,Yes
28,3/25/25,1,S2,ENG504 / 21,PRE-AP FRESHMAN ENGLISH/B,ANGELINA MERRILL,9,2028,A,3.84 pts,3,,561,,Yes
28,3/25/25,3,S2,BUS302 / 23,PERSONAL FINANCE B,NICOLE SIMEK,12,2025,A-,3.42 pts,1,,341,,Yes
28,3/25/25,6,S2,MAT702 / 26,ALGEBRA II B,JASON BLAESING,11,2026,A-,3.53 pts,3,,342,,Yes
28,3/25/25,2,S2,ENG602 / 22,SOPH ENG/B,KELLY GREGERSEN,10,2027,D+,1.83 pts,2.43,,347,,Yes
28,3/25/25,4,S2,SCI602 / 24,BIOLOGY B,GRANT MERRILL,10,2027,B+,3.38 pts,2.86,,347,,Yes
28,3/25/25,1,S2,ENG504 / 21,PRE-AP FRESHMAN ENGLISH/B,ANGELINA MERRILL,9,2028,A-,3.48 pts,0,,348,,Yes
28,3/25/25,2,S2,MAT523 / 22,GEOMETRY B,ROCHELLE AITON,9,2028,A,3.94 pts,0,,348,,Yes
28,3/25/25,2,S2,SCI610 / 22,CHEMISTRY/B,GRANT MERRILL,11,2026,B+,3.20 pts,1.43,,350,,Yes
28,3/25/25,1,S2,ENG504 / 21,PRE-AP FRESHMAN ENGLISH/B,ANGELINA MERRILL,9,2028,F,0.67 pts,11.14,,562,,Yes
28,3/25/25,5,S2,MAT523 / 25,GEOMETRY B,BRIAN ANDERSON,9,2028,B,3.08 pts,1.57,,351,,Yes
28,3/25/25,3,S2,MAT702 / 23,ALGEBRA II B,JENNIFER REILLY,10,2027,C+,2.67 pts,5.57,,353,,Yes
28,3/25/25,5,S2,ENG602 / 25,SOPH ENG/B,MARCEE SALAS,10,2027,D+,1.94 pts,4.71,,353,,Yes
28,3/25/25,6,S2,SCI602 / 46,BIOLOGY B,WILLIAM BAUR,10,2027,A,3.95 pts,4.71,,353,,Yes
28,3/25/25,2,S2,SCI610 / 22,CHEMISTRY/B,GRANT MERRILL,12,2025,W,1.43 pts,8.14,,354,,Yes
28,3/25/25,1,S2,ENG504 / 21,PRE-AP FRESHMAN ENGLISH/B,ANGELINA MERRILL,9,2028,C,2.28 pts,0,,563,,Yes
28,3/25/25,6,S2,SOC702 / 26,US HISTORY/B,SCOTT BOOTHBY,11,2026,F,1.60 pts,11.07,,356,,Yes
28,3/25/25,6,S2,MAT702 / 26,ALGEBRA II B,JASON BLAESING,11,2026,D+,1.95 pts,3.57,,357,,Yes
23,2/18/25,4,S2,MAT702 / 24,ALGEBRA II B,JENNIFER REILLY,11,2026,,,0.5,,558,,Yes
28,3/25/25,3,S2,MAT523 / 23,GEOMETRY B,ROCHELLE AITON,9,2028,A,3.71 pts,4,,358,,Yes
28,3/25/25,1,S2,SCI504 / 21,PHYSICAL SCIENCE B,JAMES BENNETT,9,2028,C+,2.64 pts,0,,565,,Yes
28,3/25/25,6,S2,ENG502 / 26,FR ENGLISH/B,DAVID HOLLINGSWORTH,9,2028,A,3.75 pts,0,,565,,Yes
28,3/25/25,2,S2,MAT523 / 22,GEOMETRY B,ROCHELLE AITON,10,2027,F,0.00 pts,20.57,,360,,Yes
28,3/25/25,1,S2,ENG504 / 21,PRE-AP FRESHMAN ENGLISH/B,ANGELINA MERRILL,9,2028,A,3.88 pts,2,,566,,Yes
28,3/25/25,1,S2,SCI504 / 21,PHYSICAL SCIENCE B,JAMES BENNETT,11,2026,C+,2.64 pts,0.71,,361,,Yes
28,3/25/25,6,S2,MAT702 / 26,ALGEBRA II B,JASON BLAESING,11,2026,C+,2.59 pts,0,,361,,Yes
28,3/25/25,5,S2,BUS302 / 25,PERSONAL FINANCE B,NICOLE SIMEK,12,2025,F,0.12 pts,18.14,,362,,Yes
28,3/25/25,1,S2,ENG504 / 21,PRE-AP FRESHMAN ENGLISH/B,ANGELINA MERRILL,9,2028,,3.83 pts,0,,363,,Yes
28,3/25/25,3,S2,MAT523 / 23,GEOMETRY B,ROCHELLE AITON,9,2028,A,3.95 pts,0,,363,,Yes
28,3/25/25,6,S2,ENG502 / 26,FR ENGLISH/B,DAVID HOLLINGSWORTH,9,2028,A,3.76 pts,3,,567,,Yes
28,3/25/25,3,S2,MAT702 / 23,ALGEBRA II B,JENNIFER REILLY,10,2027,A,3.99 pts,1,,364,,Yes
28,3/25/25,4,S2,SCI602 / 24,BIOLOGY B,GRANT MERRILL,10,2027,B,2.90 pts,1.43,,364,,Yes
28,3/25/25,1,S2,ENG504 / 21,PRE-AP FRESHMAN ENGLISH/B,ANGELINA MERRILL,9,2028,A-,3.50 pts,0,,568,,Yes
28,3/25/25,5,S2,MAT702 / 45,ALGEBRA II B,JENNIFER REILLY,11,2026,C+,2.69 pts,4.33,,569,,Yes
28,3/25/25,4,S2,SCI602 / 24,BIOLOGY B,GRANT MERRILL,10,2027,C+,2.56 pts,2,,448,,Yes
28,3/25/25,6,S2,ENG502 / 26,FR ENGLISH/B,DAVID HOLLINGSWORTH,9,2028,C,2.47 pts,14.14,,366,,Yes
28,3/25/25,2,S2,BUS302 / 22,PERSONAL FINANCE B,NICOLE SIMEK,12,2025,D+,1.94 pts,0.71,,365,,Yes
28,3/25/25,1,S2,ENG504 / 21,PRE-AP FRESHMAN ENGLISH/B,ANGELINA MERRILL,9,2028,B+,3.20 pts,5.57,,450,,Yes
28,3/25/25,4,S2,MAT523 / 24,GEOMETRY B,ROCHELLE AITON,9,2028,C,2.41 pts,6.43,,450,,Yes
28,3/25/25,1,S2,SCI504 / 21,PHYSICAL SCIENCE B,JAMES BENNETT,11,2026,B,3.06 pts,7,,570,,Yes
24,2/25/25,4,S2,MAT702 / 24,ALGEBRA II B,JENNIFER REILLY,11,2026,A,3.95 pts,0.5,,558,,Yes
28,3/25/25,1,S2,SCI504 / 21,PHYSICAL SCIENCE B,JAMES BENNETT,9,2028,F,1.63 pts,4.29,,461,,Yes
28,3/25/25,6,S2,ENG502 / 26,FR ENGLISH/B,DAVID HOLLINGSWORTH,9,2028,B-,2.89 pts,3.57,,461,,Yes
28,3/25/25,3,S2,BUS302 / 23,PERSONAL FINANCE B,NICOLE SIMEK,12,2025,A,3.95 pts,6,,367,,Yes
28,3/25/25,2,S2,SCI610 / 22,CHEMISTRY/B,GRANT MERRILL,11,2026,F,1.28 pts,12.29,,368,,Yes
25,3/4/25,4,S2,MAT702 / 24,ALGEBRA II B,JENNIFER REILLY,11,2026,A,3.95 pts,0.5,,558,,Yes
28,3/25/25,6,S2,SOC702 / 26,US HISTORY/B,SCOTT BOOTHBY,11,2026,D+,1.96 pts,9.86,,368,,Yes
28,3/25/25,5,S2,MAT523 / 25,GEOMETRY B,BRIAN ANDERSON,9,2028,A,3.89 pts,0.29,,369,,Yes
28,3/25/25,2,S2,BUS302 / 22,PERSONAL FINANCE B,NICOLE SIMEK,11,2026,F,0.94 pts,16,,451,,Yes
28,3/25/25,6,S2,MAT702 / 26,ALGEBRA II B,JASON BLAESING,11,2026,A-,3.53 pts,1.43,,370,,Yes
28,3/25/25,1,S2,ENG504 / 21,PRE-AP FRESHMAN ENGLISH/B,ANGELINA MERRILL,9,2028,A,3.86 pts,3.71,,571,,Yes
28,3/25/25,5,S2,ENG602 / 25,SOPH ENG/B,MARCEE SALAS,10,2027,C,2.34 pts,5.86,,371,,Yes
28,3/25/25,3,S2,SCI602 / 23,BIOLOGY B,GRANT MERRILL,10,2027,B,3.04 pts,2.43,,372,,Yes
28,3/25/25,5,S2,MAT523 / 25,GEOMETRY B,BRIAN ANDERSON,10,2027,C-,2.18 pts,2.43,,372,,Yes
28,3/25/25,4,S2,MAT523 / 24,GEOMETRY B,ROCHELLE AITON,10,2027,A,3.62 pts,0.43,,452,,Yes
28,3/25/25,6,S2,SCI602 / 26,BIOLOGY B,GRANT MERRILL,10,2027,A,3.87 pts,0.43,,452,,Yes
28,3/25/25,2,S2,ENG602 / 22,SOPH ENG/B,KELLY GREGERSEN,10,2027,B,3.14 pts,4,,572,,Yes
28,3/25/25,3,S2,MAT523 / 23,GEOMETRY B,ROCHELLE AITON,10,2027,B+,3.24 pts,4.14,,572,,Yes
28,3/25/25,6,S2,SCI602 / 26,BIOLOGY B,GRANT MERRILL,10,2027,C,2.47 pts,1,,453,,Yes
28,3/25/25,5,S2,ENG602 / 25,SOPH ENG/B,MARCEE SALAS,10,2027,B-,2.83 pts,0,,373,,Yes
28,3/25/25,6,S2,SCI602 / 46,BIOLOGY B,WILLIAM BAUR,10,2027,A,4.00 pts,0,,373,,Yes
28,3/25/25,1,S2,ENG504 / 21,PRE-AP FRESHMAN ENGLISH/B,ANGELINA MERRILL,9,2028,C,2.48 pts,3,,573,,Yes
28,3/25/25,3,S2,BUS302 / 23,PERSONAL FINANCE B,NICOLE SIMEK,11,2026,B-,2.73 pts,5,,574,,Yes
28,3/25/25,6,S2,SCI602 / 26,BIOLOGY B,GRANT MERRILL,10,2027,C,2.34 pts,2.29,,375,,Yes
28,3/25/25,6,S2,SOC702 / 26,US HISTORY/B,SCOTT BOOTHBY,11,2026,B,3.14 pts,2,,376,,Yes
28,3/25/25,4,S2,SCI602 / 24,BIOLOGY B,GRANT MERRILL,10,2027,C,2.49 pts,1,,374,,Yes
28,3/25/25,2,S2,BUS302 / 22,PERSONAL FINANCE B,NICOLE SIMEK,12,2025,F,1.61 pts,7.86,,377,,Yes
28,3/25/25,1,S2,MAT523 / 21,GEOMETRY B,ROCHELLE AITON,10,2027,B,3.10 pts,1.29,,454,,Yes
28,3/25/25,3,S2,MAT702 / 23,ALGEBRA II B,JENNIFER REILLY,11,2026,F,1.17 pts,7.95,,380,,Yes
28,3/25/25,6,S2,SOC702 / 26,US HISTORY/B,SCOTT BOOTHBY,11,2026,C,2.30 pts,5.6,,380,,Yes
28,3/25/25,5,S2,MAT702 / 45,ALGEBRA II B,JENNIFER REILLY,11,2026,A,3.87 pts,2,,575,,Yes
26,3/11/25,4,S2,MAT702 / 24,ALGEBRA II B,JENNIFER REILLY,11,2026,A,3.94 pts,0.5,,558,,Yes
28,3/25/25,5,S2,ENG602 / 25,SOPH ENG/B,MARCEE SALAS,10,2027,D,1.69 pts,1.57,,455,,Yes
28,3/25/25,5,S2,ENG602 / 25,SOPH ENG/B,MARCEE SALAS,10,2027,B+,3.32 pts,6.57,,456,,Yes
28,3/25/25,2,S2,MAT523 / 22,GEOMETRY B,ROCHELLE AITON,10,2027,C+,2.52 pts,2,,382,,Yes
28,3/25/25,2,S2,MAT523 / 22,GEOMETRY B,ROCHELLE AITON,10,2027,B-,2.81 pts,7.86,,383,,Yes
28,3/25/25,3,S2,SCI602 / 23,BIOLOGY B,GRANT MERRILL,10,2027,A,3.90 pts,8,,383,,Yes
28,3/25/25,5,S2,ENG602 / 25,SOPH ENG/B,MARCEE SALAS,10,2027,D+,1.96 pts,8.71,,383,,Yes
28,3/25/25,6,S2,MAT702 / 26,ALGEBRA II B,JASON BLAESING,10,2027,B,3.03 pts,1,,384,,Yes
28,3/25/25,3,S2,BUS302 / 23,PERSONAL FINANCE B,NICOLE SIMEK,12,2025,B-,2.83 pts,3.71,,385,,Yes
28,3/25/25,2,S2,MAT523 / 22,GEOMETRY B,ROCHELLE AITON,10,2027,C,2.30 pts,7.71,,386,,Yes
28,3/25/25,4,S2,SCI602 / 24,BIOLOGY B,GRANT MERRILL,10,2027,A,3.66 pts,8.14,,386,,Yes
28,3/25/25,5,S2,MAT523 / 25,GEOMETRY B,BRIAN ANDERSON,10,2027,B,3.04 pts,1,,576,,Yes
27,3/18/25,4,S2,MAT702 / 24,ALGEBRA II B,JENNIFER REILLY,11,2026,A,3.67 pts,0.5,,558,,Yes
28,3/25/25,5,S2,MAT702 / 45,ALGEBRA II B,JENNIFER REILLY,10,2027,A,3.99 pts,0,,578,,Yes
28,3/25/25,2,S2,SCI610 / 22,CHEMISTRY/B,GRANT MERRILL,11,2026,B,3.19 pts,0.29,,387,,Yes
28,3/25/25,3,S2,MAT702 / 23,ALGEBRA II B,JENNIFER REILLY,11,2026,A,3.98 pts,0,,387,,Yes
28,3/25/25,2,S2,SCI610 / 22,CHEMISTRY/B,GRANT MERRILL,11,2026,B,2.99 pts,0,,388,,Yes
28,3/25/25,4,S2,MAT702 / 24,ALGEBRA II B,JENNIFER REILLY,11,2026,A,3.99 pts,0.5,,558,,Yes
28,3/25/25,5,S2,BUS302 / 25,PERSONAL FINANCE B,NICOLE SIMEK,12,2025,A,3.66 pts,1,,579,,Yes
28,3/25/25,1,S2,MAT523 / 21,GEOMETRY B,ROCHELLE AITON,10,2027,B+,3.25 pts,3.14,,389,,Yes
28,3/25/25,3,S2,SCI602 / 23,BIOLOGY B,GRANT MERRILL,10,2027,A-,3.48 pts,3,,389,,Yes
28,3/25/25,6,S2,SOC702 / 26,US HISTORY/B,SCOTT BOOTHBY,11,2026,F,0.96 pts,18.29,,580,,Yes
28,3/25/25,3,S2,SCI602 / 23,BIOLOGY B,GRANT MERRILL,10,2027,F,1.49 pts,6,,391,,Yes
28,3/25/25,2,S2,ENG602 / 22,SOPH ENG/B,KELLY GREGERSEN,10,2027,B,3.15 pts,2,,392,,Yes
28,3/25/25,5,S2,MAT702 / 45,ALGEBRA II B,JENNIFER REILLY,10,2027,C+,2.65 pts,3.14,,581,,Yes
28,3/25/25,3,S2,BUS302 / 23,PERSONAL FINANCE B,NICOLE SIMEK,12,2025,B-,2.75 pts,3.86,,394,,Yes
28,3/25/25,4,S2,MAT523 / 24,GEOMETRY B,ROCHELLE AITON,10,2027,C,2.30 pts,0.43,,458,,Yes
28,3/25/25,5,S2,MAT702 / 45,ALGEBRA II B,JENNIFER REILLY,11,2026,C+,2.69 pts,3,,582,,Yes
28,3/25/25,1,S2,SCI504 / 21,PHYSICAL SCIENCE B,JAMES BENNETT,9,2028,C-,2.13 pts,7,,583,,Yes
28,3/25/25,6,S2,ENG502 / 26,FR ENGLISH/B,DAVID HOLLINGSWORTH,9,2028,B-,2.85 pts,6.71,,583,,Yes
28,3/25/25,1,S2,SCI504 / 21,PHYSICAL SCIENCE B,JAMES BENNETT,9,2028,C+,2.61 pts,5.29,,584,,Yes
28,3/25/25,2,S2,MAT702 / 22,ALGEBRA II B,JASON BLAESING,10,2027,A,4.00 pts,1.29,,398,,Yes
28,3/25/25,3,S2,SCI602 / 23,BIOLOGY B,GRANT MERRILL,10,2027,A,3.76 pts,1,,398,,Yes
28,3/25/25,1,S2,MAT523 / 21,GEOMETRY B,ROCHELLE AITON,10,2027,F,1.05 pts,4.14,,399,,Yes
28,3/25/25,2,S2,ENG602 / 22,SOPH ENG/B,KELLY GREGERSEN,10,2027,C+,2.60 pts,4.14,,399,,Yes
28,3/25/25,6,S2,SCI602 / 26,BIOLOGY B,GRANT MERRILL,10,2027,B-,2.81 pts,4.71,,399,,Yes
28,3/25/25,3,S2,SCI602 / 23,BIOLOGY B,GRANT MERRILL,10,2027,F,0.48 pts,19.43,,585,,Yes
28,3/25/25,1,S2,SCI504 / 21,PHYSICAL SCIENCE B,JAMES BENNETT,11,2026,C-,2.09 pts,14,,586,,Yes
29,4/8/25,4,S2,MAT702 / 24,ALGEBRA II B,JENNIFER REILLY,11,2026,A,3.99 pts,0.5,,558,,Yes
28,3/25/25,1,S2,ENG504 / 21,PRE-AP FRESHMAN ENGLISH/B,ANGELINA MERRILL,9,2028,B,2.99 pts,2.14,,587,,Yes
28,3/25/25,1,S2,SCI504 / 21,PHYSICAL SCIENCE B,JAMES BENNETT,12,2025,C-,2.19 pts,3,,588,,Yes
28,3/25/25,4,S2,SCI602 / 24,BIOLOGY B,GRANT MERRILL,10,2027,A-,3.41 pts,11.57,,401,,Yes
28,3/25/25,5,S2,ENG602 / 25,SOPH ENG/B,MARCEE SALAS,10,2027,C-,2.04 pts,12.29,,401,,Yes
28,3/25/25,5,S2,MAT523 / 25,GEOMETRY B,BRIAN ANDERSON,10,2027,F,0.86 pts,4.14,,402,,Yes
28,3/25/25,3,S2,MAT523 / 23,GEOMETRY B,ROCHELLE AITON,10,2027,F,1.40 pts,4,,403,,Yes
28,3/25/25,5,S2,ENG602 / 25,SOPH ENG/B,MARCEE SALAS,10,2027,B,2.96 pts,4,,403,,Yes
30,4/15/25,4,S2,MAT702 / 24,ALGEBRA II B,JENNIFER REILLY,11,2026,A,3.95 pts,0.5,,558,,Yes
21,2/4/25,4,S2,MAT702 / 24,ALGEBRA II B,JENNIFER REILLY,11,2026,B,3.01 pts,9.02,,564,,Yes
28,3/25/25,2,S2,ENG602 / 22,SOPH ENG/B,KELLY GREGERSEN,10,2027,C-,2.17 pts,0,,404,,Yes
28,3/25/25,3,S2,MAT523 / 23,GEOMETRY B,ROCHELLE AITON,10,2027,B,3.16 pts,0,,404,,Yes
28,3/25/25,4,S2,SCI602 / 24,BIOLOGY B,GRANT MERRILL,10,2027,B,2.99 pts,0,,404,,Yes
28,3/25/25,3,S2,MAT702 / 23,ALGEBRA II B,JENNIFER REILLY,10,2027,C,2.42 pts,0,,405,,Yes
28,3/25/25,4,S2,SCI602 / 24,BIOLOGY B,GRANT MERRILL,10,2027,B+,3.39 pts,0,,405,,Yes
28,3/25/25,5,S2,ENG602 / 25,SOPH ENG/B,MARCEE SALAS,10,2027,A,3.63 pts,0,,405,,Yes
28,3/25/25,3,S2,MAT702 / 23,ALGEBRA II B,JENNIFER REILLY,11,2026,C-,2.04 pts,1.86,,406,,Yes
28,3/25/25,1,S2,MAT523 / 21,GEOMETRY B,ROCHELLE AITON,10,2027,F,0.60 pts,12,,407,,Yes
28,3/25/25,2,S2,ENG602 / 22,SOPH ENG/B,KELLY GREGERSEN,10,2027,D+,1.93 pts,11.57,,407,,Yes
28,3/25/25,6,S2,SCI602 / 46,BIOLOGY B,WILLIAM BAUR,10,2027,C,2.25 pts,13.57,,407,,Yes
28,3/25/25,5,S2,BUS302 / 25,PERSONAL FINANCE B,NICOLE SIMEK,12,2025,B-,2.70 pts,2.29,,408,,Yes
28,3/25/25,4,S2,SCI602 / 24,BIOLOGY B,GRANT MERRILL,11,2026,C,2.38 pts,0,,591,,Yes
28,3/25/25,5,S2,BUS302 / 25,PERSONAL FINANCE B,NICOLE SIMEK,11,2026,A,3.90 pts,1,,591,,Yes
28,3/25/25,6,S2,ENG502 / 26,FR ENGLISH/B,DAVID HOLLINGSWORTH,9,2028,F,0.71 pts,18.86,,410,,Yes
28,3/25/25,2,S2,MAT523 / 22,GEOMETRY B,ROCHELLE AITON,10,2027,C,2.24 pts,0.29,,411,,Yes
28,3/25/25,3,S2,SCI602 / 23,BIOLOGY B,GRANT MERRILL,10,2027,F,1.33 pts,0,,411,,Yes
28,3/25/25,4,S2,MAT523 / 24,GEOMETRY B,ROCHELLE AITON,10,2027,C-,2.17 pts,0.71,,460,,Yes
28,3/25/25,1,S2,SCI504 / 21,PHYSICAL SCIENCE B,JAMES BENNETT,11,2026,C-,2.12 pts,0,,412,,Yes
28,3/25/25,2,S2,MAT702 / 22,ALGEBRA II B,JASON BLAESING,11,2026,,0.00 pts,0,,412,,Yes
28,3/25/25,5,S2,MAT702 / 45,ALGEBRA II B,JENNIFER REILLY,11,2026,B,2.98 pts,0,,412,,Yes
28,3/25/25,1,S2,SCI504 / 21,PHYSICAL SCIENCE B,JAMES BENNETT,9,2028,C+,2.64 pts,1.86,,592,,Yes
28,3/25/25,3,S2,BUS302 / 23,PERSONAL FINANCE B,NICOLE SIMEK,12,2025,A,4.00 pts,26.86,,413,,Yes
28,3/25/25,1,S2,MAT523 / 21,GEOMETRY B,ROCHELLE AITON,10,2027,D+,1.95 pts,0.43,,414,,Yes
28,3/25/25,5,S2,ENG602 / 25,SOPH ENG/B,MARCEE SALAS,10,2027,C-,2.01 pts,0,,414,,Yes
28,3/25/25,6,S2,SCI602 / 46,BIOLOGY B,WILLIAM BAUR,10,2027,B,3.02 pts,0,,414,,Yes
28,3/25/25,5,S2,BUS302 / 25,PERSONAL FINANCE B,NICOLE SIMEK,12,2025,A,4.00 pts,3.4,,593,,Yes
28,3/25/25,1,S2,SCI504 / 21,PHYSICAL SCIENCE B,JAMES BENNETT,12,2025,C-,2.12 pts,3.86,,415,,Yes
28,3/25/25,2,S2,BUS302 / 22,PERSONAL FINANCE B,NICOLE SIMEK,12,2025,B-,2.72 pts,3.43,,415,,Yes
28,3/25/25,2,S2,ENG602 / 22,SOPH ENG/B,KELLY GREGERSEN,10,2027,C,2.28 pts,9.57,,416,,Yes
28,3/25/25,3,S2,SCI602 / 23,BIOLOGY B,GRANT MERRILL,10,2027,D+,1.88 pts,9.71,,416,,Yes
28,3/25/25,4,S2,MAT523 / 24,GEOMETRY B,ROCHELLE AITON,10,2027,C-,2.13 pts,9.57,,416,,Yes
28,3/25/25,6,S2,SCI602 / 46,BIOLOGY B,WILLIAM BAUR,10,2027,A,3.98 pts,0,,417,,Yes
28,3/25/25,2,S2,ENG602 / 22,SOPH ENG/B,KELLY GREGERSEN,10,2027,D,1.75 pts,3,,418,,Yes
22,2/11/25,4,S2,MAT702 / 24,ALGEBRA II B,JENNIFER REILLY,11,2026,,,1.17,,564,,Yes
28,3/25/25,6,S2,SCI602 / 26,BIOLOGY B,GRANT MERRILL,10,2027,B-,2.78 pts,2.43,,418,,Yes
28,3/25/25,3,S2,MAT523 / 23,GEOMETRY B,ROCHELLE AITON,9,2028,F,0.00 pts,24.57,,419,,Yes
28,3/25/25,5,S2,MAT523 / 25,GEOMETRY B,BRIAN ANDERSON,9,2028,D+,1.99 pts,0,,420,,Yes
28,3/25/25,1,S2,SCI504 / 21,PHYSICAL SCIENCE B,JAMES BENNETT,9,2028,B,3.10 pts,2,,594,,Yes
28,3/25/25,4,S2,SCI602 / 24,BIOLOGY B,GRANT MERRILL,10,2027,A-,3.43 pts,3,,421,,Yes
28,3/25/25,2,S2,BUS302 / 22,PERSONAL FINANCE B,NICOLE SIMEK,12,2025,F,0.87 pts,14.29,,422,,Yes
28,3/25/25,2,S2,SCI610 / 22,CHEMISTRY/B,GRANT MERRILL,12,2025,C,2.44 pts,3.83,,423,,Yes
28,3/25/25,2,S2,ENG602 / 22,SOPH ENG/B,KELLY GREGERSEN,10,2027,F,1.39 pts,10,,48,,Yes
28,3/25/25,5,S2,MAT523 / 25,GEOMETRY B,BRIAN ANDERSON,10,2027,F,1.57 pts,10.14,,48,,Yes
28,3/25/25,6,S2,SCI602 / 26,BIOLOGY B,GRANT MERRILL,10,2027,C+,2.51 pts,10.29,,48,,Yes
28,3/25/25,1,S2,SCI504 / 21,PHYSICAL SCIENCE B,JAMES BENNETT,12,2025,C-,2.09 pts,9.43,,49,,Yes
28,3/25/25,6,S2,MAT702 / 26,ALGEBRA II B,JASON BLAESING,12,2025,F,1.00 pts,9.57,,49,,Yes
29,4/8/25,1,S2,ENG702 / 21,JUNIOR ENG/B,JOHN CARVER,11,2026,F,0.75 pts,12.33,,1,,#N/A
29,4/8/25,2,S2,FAR541 / 22,PERCUSSION/B,DAVID DUARTE,11,2026,,,10.57,,1,,#N/A
29,4/8/25,3,S2,PED101 / 23,PHYSICAL EDUCATION,SCOTT DIZMANG,11,2026,F,1.63 pts,8.76,,1,,#N/A
29,4/8/25,4,S2,CTE115 / 24,ENGINEERING B,JASON BLAESING,11,2026,F,0.87 pts,12.76,,1,,#N/A
29,4/8/25,5,S2,ONT401 / 25,ON-TRACK/B,ROBERT YEE,11,2026,,,5.14,,1,,#N/A
29,4/8/25,5,S2,MAT702 / 45,ALGEBRA II B,JENNIFER REILLY,11,2026,W,0.98 pts,5.05,,1,,Yes
29,4/8/25,6,S2,SOC702 / 26,US HISTORY/B,SCOTT BOOTHBY,11,2026,F,1.14 pts,9.57,,1,,Yes
29,4/8/25,1,S2,CTA102 / 21,CTA S2,,11,2026,,,0,,3,,#N/A
29,4/8/25,2,S2,CTA102 / 21,CTA S2,,11,2026,,,0,,3,,#N/A
29,4/8/25,3,S2,CTA102 / 21,CTA S2,,11,2026,,,0,,3,,#N/A
23,2/18/25,4,S2,MAT702 / 24,ALGEBRA II B,JENNIFER REILLY,11,2026,,,2.17,,564,,Yes
29,4/8/25,5,S2,ASL504 / 25,AMERICAN SIGN LANGUAGE II/B,TAMI GRANT,11,2026,A,4.00 pts,4,,3,,#N/A
29,4/8/25,6,S2,ENG702 / 26,JUNIOR ENG/B,JOHN CARVER,11,2026,B,3.19 pts,3,,3,,#N/A
29,4/8/25,1,S2,FAR506 / 21,CONCERT CHOIR /B,DAVID DUARTE,10,2027,A-,3.45 pts,6.86,,4,,#N/A
29,4/8/25,2,S2,SPA502 / 22,SPANISH I B,ARELI LOPEZ LOPEZ,10,2027,C-,2.11 pts,4.86,,4,,#N/A
29,4/8/25,3,S2,SOC109 / 23,WORLD HISTORY/B,RYAN ISAACSON,10,2027,F,1.35 pts,4.14,,4,,#N/A
29,4/8/25,4,S2,SCI602 / 24,BIOLOGY B,GRANT MERRILL,10,2027,F,0.72 pts,5.86,,4,,Yes
29,4/8/25,5,S2,ENG602 / 25,SOPH ENG/B,MARCEE SALAS,10,2027,C,2.22 pts,4.29,Alex W,4,Active,Yes
29,4/8/25,6,S2,MAT523 / 46,GEOMETRY B,ROCHELLE AITON,10,2027,C,2.46 pts,4.29,,4,,#N/A
29,4/8/25,1,S2,VOC706 / 21,DIGITAL PHOTOGRAPHY II,ROSANNA RUFF,11,2026,B+,3.23 pts,0.57,,5,,#N/A
29,4/8/25,2,S2,SCI504 / 42,PHYSICAL SCIENCE B,WILLIAM BAUR,11,2026,B-,2.72 pts,0.71,,5,,#N/A
29,4/8/25,3,S2,BUS302 / 23,PERSONAL FINANCE B,NICOLE SIMEK,11,2026,C,2.27 pts,0.86,,5,,Yes
29,4/8/25,4,S2,SOC702 / 24,US HISTORY/B,DAVE HAJEK,11,2026,C-,2.07 pts,2,,5,,#N/A
29,4/8/25,5,S2,ENG702 / 25,JUNIOR ENG/B,JOHN CARVER,11,2026,C+,2.62 pts,1.71,,5,,#N/A
29,4/8/25,6,S2,HFL113 / 26,INTRO CULINARY ART,ALEXANDRA YOST,11,2026,A,3.96 pts,1.29,,5,,#N/A
29,4/8/25,1,S2,VOC620 / 21,METAL CRAFTS & PRODUCTION I,DONALD O'BRIEN,10,2027,,0.33 pts,0,,6,,#N/A
29,4/8/25,1,S2,PED500 / 21,WEIGHT TRAINING,SCOTT BOOTHBY,10,2027,B+,3.29 pts,0.14,,6,,#N/A
29,4/8/25,2,S2,PED500 / 22,WEIGHT TRAINING,SCOTT BOOTHBY,10,2027,,4.00 pts,0,,6,,#N/A
29,4/8/25,2,S2,ELE404 / 22,LANGUAGE SUPPORT/B,HAYLEY ALVARADO,10,2027,A,4.00 pts,0,,6,,#N/A
29,4/8/25,3,S2,SOC109 / 23,WORLD HISTORY/B,RYAN ISAACSON,10,2027,B+,3.26 pts,0,,6,,#N/A
29,4/8/25,4,S2,MAT523 / 24,GEOMETRY B,ROCHELLE AITON,10,2027,B,2.91 pts,0,John L,6,Active,Yes
29,4/8/25,5,S2,ENG602 / 25,SOPH ENG/B,MARCEE SALAS,10,2027,C+,2.55 pts,0,Pat,6,Active,Yes
29,4/8/25,6,S2,SCI602 / 46,BIOLOGY B,WILLIAM BAUR,10,2027,A,3.95 pts,0,Mimi,6,Active,Yes
29,4/8/25,1,S2,ENG802 / 21,SENIOR ENG/B,HEATHER CARVER,12,2025,F,0.53 pts,7,,7,,#N/A
29,4/8/25,2,S2,BUS302 / 22,PERSONAL FINANCE B,NICOLE SIMEK,12,2025,F,0.95 pts,6.71,,7,,Yes
29,4/8/25,3,S2,ONT401 / 23,ON-TRACK/B,BRIAN ANDERSON,12,2025,U,0.20 pts,6.71,,7,,#N/A
29,4/8/25,4,S2,ENG716 / 24,DRAMATIC LITERATURE,KELLY GREGERSEN,12,2025,F,0.89 pts,7.14,,7,,#N/A
29,4/8/25,5,S2,CTE101 / 25,MEDICAL CAREER & TERMS/B,DONNA SCHATZ,12,2025,B-,2.86 pts,6.29,,7,,#N/A
29,4/8/25,6,S2,SOC801 / 26,CONTEMPORARY WORLD ISSUES,JIM REED,12,2025,F,1.09 pts,7.14,,7,,#N/A
29,4/8/25,1,S2,FAR721 / 21,PANTHER PLAYERS/B,KELLY GREGERSEN,11,2026,A,4.00 pts,6.29,,46,,#N/A
29,4/8/25,2,S2,SCI610 / 22,CHEMISTRY/B,GRANT MERRILL,11,2026,F,1.19 pts,6.29,,46,,Yes
29,4/8/25,3,S2,MAT702 / 23,ALGEBRA II B,JENNIFER REILLY,11,2026,C,2.48 pts,6.29,,46,,Yes
29,4/8/25,4,S2,ENG716 / 24,DRAMATIC LITERATURE,KELLY GREGERSEN,11,2026,C+,2.65 pts,6.29,,46,,#N/A
29,4/8/25,5,S2,SOC702 / 25,US HISTORY/B,DAVE HAJEK,11,2026,C-,2.08 pts,6.29,,46,,#N/A
29,4/8/25,6,S2,SPA502 / 26,SPANISH I B,ARELI LOPEZ LOPEZ,11,2026,C,2.29 pts,6.29,,46,,#N/A
29,4/8/25,1,S2,FAR721 / 21,PANTHER PLAYERS/B,KELLY GREGERSEN,12,2025,C-,2.09 pts,2.14,,8,,#N/A
29,4/8/25,2,S2,BUS302 / 22,PERSONAL FINANCE B,NICOLE SIMEK,12,2025,F,0.72 pts,4.57,,8,,Yes
29,4/8/25,3,S2,HFL113 / 23,INTRO CULINARY ART,ALEXANDRA YOST,12,2025,W,2.22 pts,2.57,,8,,#N/A
29,4/8/25,3,S2,AID102 / HC3,TEACHER AIDE,HEATHER CARVER,12,2025,,,2.14,,8,,#N/A
29,4/8/25,4,S2,ENG718 / 24,AP LITERATURE/COMPOSITION B,HEATHER CARVER,12,2025,C-,2.01 pts,4.43,,8,,#N/A
29,4/8/25,5,S2,SOC801 / 25,CONTEMPORARY WORLD ISSUES,SCOTT BOOTHBY,12,2025,C+,2.64 pts,4.57,,8,,#N/A
29,4/8/25,6,S2,SCI504 / 26,PHYSICAL SCIENCE B,JAMES BENNETT,12,2025,D,1.77 pts,4.57,,8,,#N/A
29,4/8/25,1,S2,PED513 / 21,TEAM GAMES,SCOTT DIZMANG,10,2027,A,4.00 pts,1,,9,,#N/A
29,4/8/25,2,S2,SOC109 / 22,WORLD HISTORY/B,DAVID HOLLINGSWORTH,10,2027,B+,3.29 pts,1,,9,,#N/A
29,4/8/25,3,S2,HFL116 / 23,BAKING PASTRY ARTS I,KAYLA PAYNE,10,2027,A,4.00 pts,1,,9,,#N/A
29,4/8/25,4,S2,SCI602 / 24,BIOLOGY B,GRANT MERRILL,10,2027,D,1.69 pts,1.29,Tom C,9,Active,Yes
29,4/8/25,5,S2,MAT523 / 25,GEOMETRY B,BRIAN ANDERSON,10,2027,B,3.06 pts,1.14,Linda,9,Active,Yes
29,4/8/25,6,S2,ENG602 / 26,SOPH ENG/B,MARCEE SALAS,10,2027,D+,1.84 pts,1,,9,,#N/A
29,4/8/25,1,S2,MAT523 / 21,GEOMETRY B,ROCHELLE AITON,10,2027,C,2.21 pts,3.14,John L,10,Active,Yes
29,4/8/25,2,S2,ENG602 / 22,SOPH ENG/B,KELLY GREGERSEN,10,2027,B-,2.72 pts,3,,10,,Yes
29,4/8/25,3,S2,SOC109 / 23,WORLD HISTORY/B,RYAN ISAACSON,10,2027,C,2.45 pts,3,,10,,#N/A
29,4/8/25,4,S2,HFL119 / 24,ADV CULINARY ARTS B,ALEXANDRA YOST,10,2027,A,3.94 pts,3,,10,,#N/A
29,4/8/25,5,S2,PED500 / 25,WEIGHT TRAINING,SCOTT DIZMANG,10,2027,A-,3.50 pts,3,,10,,#N/A
29,4/8/25,6,S2,SCI602 / 26,BIOLOGY B,GRANT MERRILL,10,2027,D+,1.95 pts,3.14,Larry,10,Active,Yes
29,4/8/25,1,S2,SPA602 / 21,SPANISH II B,ARELI LOPEZ LOPEZ,11,2026,A-,3.58 pts,3,,11,,#N/A
29,4/8/25,2,S2,HFL115 / 22,ADVANCED PASTRY ARTS I,KAYLA PAYNE,11,2026,A,3.97 pts,3,,11,,#N/A
29,4/8/25,3,S2,MAT702 / 23,ALGEBRA II B,JENNIFER REILLY,11,2026,C,2.44 pts,3.14,Larry,11,Active,Yes
29,4/8/25,4,S2,CTE115 / 24,ENGINEERING B,JASON BLAESING,11,2026,B+,3.36 pts,3.14,,11,,#N/A
29,4/8/25,5,S2,SOC704 / 25,AP US HISTORY B,RYAN ISAACSON,11,2026,A,4.00 pts,3,,11,,#N/A
29,4/8/25,6,S2,ENG702 / 26,JUNIOR ENG/B,JOHN CARVER,11,2026,B,2.97 pts,3,,11,,#N/A
29,4/8/25,1,S2,CTE115 / 21,ENGINEERING B,JASON BLAESING,11,2026,D+,1.98 pts,2,,12,,#N/A
29,4/8/25,2,S2,VOC705 / 22,DIGITAL PHOTOGRAPHY I,ROSANNA RUFF,11,2026,B+,3.36 pts,2,,12,,#N/A
29,4/8/25,3,S2,PED500 / 23,WEIGHT TRAINING,SCOTT BOOTHBY,11,2026,A,3.86 pts,2.14,,12,,#N/A
29,4/8/25,4,S2,SOC702 / 24,US HISTORY/B,DAVE HAJEK,11,2026,F,0.46 pts,2,,12,,#N/A
29,4/8/25,5,S2,BUS302 / 25,PERSONAL FINANCE B,NICOLE SIMEK,11,2026,D+,1.99 pts,2,,12,,Yes
29,4/8/25,6,S2,ENG702 / 26,JUNIOR ENG/B,JOHN CARVER,11,2026,D,1.78 pts,2,,12,,#N/A
29,4/8/25,1,S2,MAT523 / 21,GEOMETRY B,ROCHELLE AITON,10,2027,F,1.46 pts,4,John L,13,Active,Yes
29,4/8/25,2,S2,ENG602 / 22,SOPH ENG/B,KELLY GREGERSEN,10,2027,D,1.79 pts,3.86,,13,,Yes
29,4/8/25,3,S2,SCI602 / 43,BIOLOGY B,DONNA SCHATZ,10,2027,B+,3.28 pts,3.86,,13,,#N/A
29,4/8/25,4,S2,SCI504 / 44,PHYSICAL SCIENCE B,WILLIAM BAUR,10,2027,D,1.74 pts,3.86,,13,,#N/A
29,4/8/25,5,S2,HFL116 / 25,BAKING PASTRY ARTS I,KAYLA PAYNE,10,2027,A-,3.57 pts,3.86,,13,,#N/A
29,4/8/25,6,S2,SOC109 / 46,WORLD HISTORY/B,DAVE HAJEK,10,2027,F,1.44 pts,3.86,,13,,#N/A
29,4/8/25,1,S2,ENG702 / 21,JUNIOR ENG/B,JOHN CARVER,11,2026,C+,2.56 pts,1.57,,14,,#N/A
29,4/8/25,2,S2,VOC107 / 22,METALS MANUF & TECHNOLOGY II,DONALD O'BRIEN,11,2026,A-,3.55 pts,1.43,,14,,#N/A
29,4/8/25,3,S2,MAT702 / 23,ALGEBRA II B,JENNIFER REILLY,11,2026,F,0.97 pts,0.86,,14,Active,Yes
29,4/8/25,4,S2,SCI504 / 24,PHYSICAL SCIENCE B,JAMES BENNETT,11,2026,B-,2.76 pts,1.29,,14,,#N/A
29,4/8/25,5,S2,SOC702 / 25,US HISTORY/B,DAVE HAJEK,11,2026,C,2.30 pts,1.29,,14,,#N/A
29,4/8/25,6,S2,AID102 / AL6,TEACHER AIDE,ARELI LOPEZ LOPEZ,11,2026,,,0.86,,14,,#N/A
29,4/8/25,1,S2,SPA602 / 21,SPANISH II B,ARELI LOPEZ LOPEZ,10,2027,B,3.09 pts,0,,15,,#N/A
29,4/8/25,2,S2,ENG602 / 22,SOPH ENG/B,KELLY GREGERSEN,10,2027,C+,2.50 pts,0,,15,,Yes
29,4/8/25,3,S2,SCI602 / 23,BIOLOGY B,GRANT MERRILL,10,2027,D,1.70 pts,0.14,Linda,15,Active,Yes
29,4/8/25,4,S2,MAT523 / 24,GEOMETRY B,ROCHELLE AITON,10,2027,C,2.26 pts,0,,15,,Yes
29,4/8/25,5,S2,VOC502 / 25,FINE ARTS WOODWORKING I,BRENT MANSELL,10,2027,A,4.00 pts,0,,15,,#N/A
29,4/8/25,6,S2,SOC109 / 26,WORLD HISTORY/B,RYAN ISAACSON,10,2027,F,1.37 pts,0,,15,,#N/A
29,4/8/25,1,S2,SOC109 / 21,WORLD HISTORY/B,DAVID HOLLINGSWORTH,10,2027,B+,3.34 pts,0.71,,16,,#N/A
29,4/8/25,2,S2,FAR108 / 22,CERAMICS I,ROBERT YEE,10,2027,F,0.15 pts,0.43,,16,,#N/A
29,4/8/25,3,S2,MAT523 / 23,GEOMETRY B,ROCHELLE AITON,10,2027,F,0.93 pts,0.43,,16,,Yes
29,4/8/25,4,S2,SCI504 / 44,PHYSICAL SCIENCE B,WILLIAM BAUR,10,2027,C-,2.03 pts,0,,16,,#N/A
29,4/8/25,5,S2,HFL116 / 25,BAKING PASTRY ARTS I,KAYLA PAYNE,10,2027,A,3.91 pts,0,,16,,#N/A
29,4/8/25,6,S2,ENG602 / 26,SOPH ENG/B,MARCEE SALAS,10,2027,B,3.06 pts,0,,16,,#N/A
29,4/8/25,1,S2,MAT523 / 21,GEOMETRY B,ROCHELLE AITON,10,2027,,,1,,17,,Yes
29,4/8/25,1,S2,PED513 / 21,TEAM GAMES,SCOTT DIZMANG,10,2027,C-,2.10 pts,5.14,,17,,#N/A
29,4/8/25,2,S2,ENG602 / 22,SOPH ENG/B,KELLY GREGERSEN,10,2027,D+,1.97 pts,4.02,,17,,Yes
29,4/8/25,3,S2,SCI602 / 43,BIOLOGY B,DONNA SCHATZ,10,2027,D,1.71 pts,3.43,,17,,#N/A
29,4/8/25,4,S2,SOC109 / 24,WORLD HISTORY/B,DAVID HOLLINGSWORTH,10,2027,C+,2.60 pts,5.57,,17,,#N/A
29,4/8/25,5,S2,HFL116 / 25,BAKING PASTRY ARTS I,KAYLA PAYNE,10,2027,A-,3.59 pts,4.29,,17,,#N/A
29,4/8/25,6,S2,MAT523 / 46,GEOMETRY B,ROCHELLE AITON,10,2027,F,0.63 pts,5.43,,17,,#N/A
29,4/8/25,1,S2,PED500 / 21,WEIGHT TRAINING,SCOTT BOOTHBY,12,2025,,2.00 pts,0.14,,18,,#N/A
29,4/8/25,1,S2,AACAL2 / 21,ACADEMIC ACHIEVEMENT B,AARON LABREE,12,2025,,,3.71,,18,,#N/A
29,4/8/25,2,S2,BUS302 / 22,PERSONAL FINANCE B,NICOLE SIMEK,12,2025,D+,1.88 pts,2.71,,18,,Yes
29,4/8/25,3,S2,SOC801 / 23,CONTEMPORARY WORLD ISSUES,JIM REED,12,2025,C+,2.64 pts,2.43,,18,,#N/A
29,4/8/25,4,S2,PED513 / 24,TEAM GAMES,SCOTT DIZMANG,12,2025,C-,2.10 pts,3.86,,18,,#N/A
29,4/8/25,5,S2,ONT401 / 25,ON-TRACK/B,ROBERT YEE,12,2025,,,1.14,,18,,#N/A
29,4/8/25,6,S2,ENG802 / 26,SENIOR ENG/B,HEATHER CARVER,12,2025,B-,2.76 pts,1.29,,18,,#N/A
29,4/8/25,1,S2,HFL114 / 21,FAMILY HEALTH,THOMAS KESSINGER,9,2028,A,3.68 pts,1,,2,,#N/A
29,4/8/25,2,S2,ASL502 / 22,AMERICAN  SIGN LANGUAGE I/B,KYLA RITCHEY,9,2028,C+,2.69 pts,1,,2,,#N/A
29,4/8/25,3,S2,MAT521 / 43,ALGEBRA I B,JANET GROVE,9,2028,C+,2.52 pts,1,,2,,#N/A
29,4/8/25,4,S2,SCI504 / 24,PHYSICAL SCIENCE B,JAMES BENNETT,9,2028,F,1.63 pts,1.14,,2,,#N/A
29,4/8/25,5,S2,VOC705 / 25,DIGITAL PHOTOGRAPHY I,ROSANNA RUFF,9,2028,B-,2.73 pts,1.43,,2,,#N/A
29,4/8/25,6,S2,ENG502 / 26,FR ENGLISH/B,DAVID HOLLINGSWORTH,9,2028,A,3.99 pts,1.57,Melanie,2,Active,Yes
29,4/8/25,1,S2,CTE115 / 21,ENGINEERING B,JASON BLAESING,11,2026,C,2.22 pts,0,,19,,#N/A
29,4/8/25,2,S2,FAR108 / 22,CERAMICS I,ROBERT YEE,11,2026,F,0.15 pts,0,,19,,#N/A
29,4/8/25,3,S2,PED101 / 23,PHYSICAL EDUCATION,SCOTT DIZMANG,11,2026,A-,3.53 pts,0,,19,,#N/A
29,4/8/25,4,S2,ENG702 / 24,JUNIOR ENG/B,JOHN CARVER,11,2026,B+,3.20 pts,0.14,,19,,#N/A
29,4/8/25,5,S2,SOC704 / 25,AP US HISTORY B,RYAN ISAACSON,11,2026,F,1.03 pts,0,,19,,#N/A
29,4/8/25,6,S2,MAT702 / 26,ALGEBRA II B,JASON BLAESING,11,2026,B-,2.72 pts,0,Larry,19,Active,Yes
29,4/8/25,1,S2,ENG602 / 21,SOPH ENG/B,MARCEE SALAS,10,2027,A-,3.44 pts,6,,20,,#N/A
29,4/8/25,2,S2,MAT523 / 42,GEOMETRY B,BRIAN ANDERSON,10,2027,C,2.38 pts,5.86,,20,,#N/A
29,4/8/25,3,S2,FAR109 / 23,CERAMICS II,ROBERT YEE,10,2027,,,1,,20,,#N/A
29,4/8/25,3,S2,FAR108 / 23,CERAMICS I,ROBERT YEE,10,2027,F,0.15 pts,4.86,,20,,#N/A
29,4/8/25,4,S2,SCI602 / 24,BIOLOGY B,GRANT MERRILL,10,2027,B,3.13 pts,5.86,Linda,20,Active,Yes
29,4/8/25,5,S2,CTE101 / 25,MEDICAL CAREER & TERMS/B,DONNA SCHATZ,10,2027,C-,2.13 pts,5.86,,20,,#N/A
29,4/8/25,6,S2,SOC109 / 46,WORLD HISTORY/B,DAVE HAJEK,10,2027,B-,2.75 pts,6,,20,,#N/A
29,4/8/25,1,S2,SOC702 / 21,US HISTORY/B,DAVE HAJEK,11,2026,F,0.70 pts,5.14,,21,,#N/A
29,4/8/25,2,S2,MAT523 / 22,GEOMETRY B,ROCHELLE AITON,11,2026,F,0.32 pts,6.43,John,21,Active,Yes
29,4/8/25,3,S2,BUS302 / 23,PERSONAL FINANCE B,NICOLE SIMEK,11,2026,C,2.44 pts,6.29,,21,,Yes
29,4/8/25,4,S2,HFL119 / 24,ADV CULINARY ARTS B,ALEXANDRA YOST,11,2026,A,3.90 pts,6.57,,21,,#N/A
29,4/8/25,5,S2,ENG702 / 25,JUNIOR ENG/B,JOHN CARVER,11,2026,D,1.67 pts,6.71,,21,,#N/A
29,4/8/25,6,S2,FAR113 / 26,INTRO TO ART AND DESIGN,ROBERT YEE,11,2026,,3.00 pts,5.14,,21,,#N/A
29,4/8/25,6,S2,FAR114 / 26,INTERMEDIATE ART,ROBERT YEE,11,2026,,,1,,21,,#N/A
29,4/8/25,1,S2,PED513 / 21,TEAM GAMES,SCOTT DIZMANG,11,2026,A,4.00 pts,2,,22,,#N/A
29,4/8/25,2,S2,HFL115 / 22,ADVANCED PASTRY ARTS I,KAYLA PAYNE,11,2026,A,3.99 pts,2,,22,,#N/A
29,4/8/25,3,S2,MAT702 / 23,ALGEBRA II B,JENNIFER REILLY,11,2026,C,2.47 pts,2.14,Larry,22,Active,Yes
29,4/8/25,4,S2,SCI504 / 44,PHYSICAL SCIENCE B,WILLIAM BAUR,11,2026,B,3.03 pts,2,,22,,#N/A
29,4/8/25,5,S2,SOC702 / 25,US HISTORY/B,DAVE HAJEK,11,2026,B,3.00 pts,2.29,,22,,#N/A
29,4/8/25,6,S2,ENG702 / 26,JUNIOR ENG/B,JOHN CARVER,11,2026,C+,2.53 pts,2.43,,22,,#N/A
29,4/8/25,1,S2,MAT705 / 21,PRE-CALC B MAT 154,BRIAN ANDERSON,12,2025,C-,2.06 pts,1.25,,24,,#N/A
29,4/8/25,2,S2,RUN102 / 22,RUNNING START/B,,12,2025,,,0,,24,,#N/A
29,4/8/25,3,S2,RUN102 / 23,RUNNING START/B,,12,2025,,,0,,24,,#N/A
29,4/8/25,4,S2,RUN102 / 24,RUNNING START/B,,12,2025,,,0,,24,,#N/A
29,4/8/25,5,S2,ENG802 / 25,SENIOR ENG/B,HEATHER CARVER,12,2025,B+,3.28 pts,1,,24,,#N/A
29,4/8/25,6,S2,SOC801 / 26,CONTEMPORARY WORLD ISSUES,JIM REED,12,2025,B+,3.36 pts,1.5,,24,,#N/A
29,4/8/25,1,S2,PED500 / 21,WEIGHT TRAINING,SCOTT BOOTHBY,9,2028,B,3.07 pts,1,,25,,#N/A
29,4/8/25,2,S2,SCI504 / 42,PHYSICAL SCIENCE B,WILLIAM BAUR,9,2028,F,1.29 pts,1,,25,,#N/A
29,4/8/25,3,S2,FAR108 / 23,CERAMICS I,ROBERT YEE,9,2028,A,3.95 pts,1,,25,,#N/A
29,4/8/25,4,S2,CTE230 / 24,SOCIAL MEDIA MARKETING I,NICOLE SIMEK,9,2028,C+,2.59 pts,1,,25,,#N/A
29,4/8/25,5,S2,MAT521 / 25,ALGEBRA I B,KEVIN REILLY,9,2028,B-,2.72 pts,1,,25,,#N/A
29,4/8/25,6,S2,ENG502 / 26,FR ENGLISH/B,DAVID HOLLINGSWORTH,9,2028,D+,1.84 pts,1,Alex W,25,Active,Yes
29,4/8/25,1,S2,ENG702 / 21,JUNIOR ENG/B,JOHN CARVER,11,2026,F,0.81 pts,15.29,,26,,#N/A
29,4/8/25,2,S2,SCI504 / 22,PHYSICAL SCIENCE B,JAMES BENNETT,11,2026,D,1.70 pts,13.43,,26,,#N/A
29,4/8/25,3,S2,BUS302 / 23,PERSONAL FINANCE B,NICOLE SIMEK,11,2026,F,1.29 pts,12.57,,26,,Yes
29,4/8/25,4,S2,SOC702 / 24,US HISTORY/B,DAVE HAJEK,11,2026,D,1.69 pts,10.57,,26,,#N/A
29,4/8/25,5,S2,ONT401 / 25,ON-TRACK/B,ROBERT YEE,11,2026,,,13.14,,26,,#N/A
29,4/8/25,6,S2,FAR113 / 26,INTRO TO ART AND DESIGN,ROBERT YEE,11,2026,F,0.00 pts,13.57,,26,,#N/A
29,4/8/25,1,S2,MAT702 / 21,ALGEBRA II B,JENNIFER REILLY,11,2026,B,2.93 pts,7.14,,29,,#N/A
29,4/8/25,2,S2,SCI504 / 42,PHYSICAL SCIENCE B,WILLIAM BAUR,11,2026,B+,3.24 pts,6.14,,29,,#N/A
29,4/8/25,3,S2,ENG720 / 23,AP LANGUAGE/ COMPOSITON B,HEATHER CARVER,11,2026,D+,1.86 pts,5.71,,29,,#N/A
29,4/8/25,4,S2,ASL506 / 24,AMER SIGN III/B,TAMI GRANT,11,2026,A-,3.50 pts,4.29,,29,,#N/A
29,4/8/25,5,S2,CTE502 / 25,PROJECT IN  LEADERSHIP/B,KYLA RITCHEY,11,2026,A-,3.59 pts,4,,29,,#N/A
29,4/8/25,6,S2,SOC702 / 26,US HISTORY/B,SCOTT BOOTHBY,11,2026,B,2.93 pts,5.86,Melanie,29,Active,Yes
29,4/8/25,1,S2,ENG802 / 21,SENIOR ENG/B,HEATHER CARVER,12,2025,F,0.14 pts,0.43,,27,,#N/A
29,4/8/25,2,S2,BUS302 / 22,PERSONAL FINANCE B,NICOLE SIMEK,12,2025,F,0.49 pts,0.29,,27,,Yes
29,4/8/25,3,S2,ONT401 / 23,ON-TRACK/B,BRIAN ANDERSON,12,2025,U,0.17 pts,0,,27,,#N/A
29,4/8/25,4,S2,SOC801 / 24,CONTEMPORARY WORLD ISSUES,JIM REED,12,2025,F,0.69 pts,0,,27,,#N/A
29,4/8/25,5,S2,CTE101 / 25,MEDICAL CAREER & TERMS/B,DONNA SCHATZ,12,2025,F,1.39 pts,0,,27,,#N/A
29,4/8/25,6,S2,ENG715 / 26,FILM AS LITERATURE,KELLY GREGERSEN,12,2025,F,1.51 pts,0,,27,,#N/A
29,4/8/25,1,S2,ENG602 / 21,SOPH ENG/B,MARCEE SALAS,10,2027,C,2.45 pts,1,,28,,#N/A
29,4/8/25,2,S2,SCI602 / 42,BIOLOGY B,DONNA SCHATZ,10,2027,B-,2.70 pts,1.29,,28,,#N/A
29,4/8/25,3,S2,ASL502 / 23,AMERICAN  SIGN LANGUAGE I/B,KYLA RITCHEY,10,2027,B,2.92 pts,1,,28,,#N/A
29,4/8/25,4,S2,MAT523 / 24,GEOMETRY B,ROCHELLE AITON,10,2027,F,1.16 pts,1,,28,,Yes
29,4/8/25,5,S2,HFL116 / 25,BAKING PASTRY ARTS I,KAYLA PAYNE,10,2027,A,3.77 pts,1,,28,,#N/A
29,4/8/25,6,S2,SOC109 / 26,WORLD HISTORY/B,RYAN ISAACSON,10,2027,D,1.65 pts,1.43,,28,,#N/A
29,4/8/25,1,S2,ENG802 / 21,SENIOR ENG/B,HEATHER CARVER,12,2025,C+,2.55 pts,7,,30,,#N/A
29,4/8/25,2,S2,ASL504 / 22,AMERICAN SIGN LANGUAGE II/B,TAMI GRANT,12,2025,A-,3.42 pts,5.43,,30,,#N/A
29,4/8/25,3,S2,HFL113 / 23,INTRO CULINARY ART,ALEXANDRA YOST,12,2025,A,3.98 pts,6.14,,30,,#N/A
29,4/8/25,4,S2,SOC801 / 24,CONTEMPORARY WORLD ISSUES,JIM REED,12,2025,A,3.62 pts,6,,30,,#N/A
29,4/8/25,5,S2,BUS302 / 25,PERSONAL FINANCE B,NICOLE SIMEK,12,2025,B,3.16 pts,5.43,,30,,Yes
29,4/8/25,6,S2,VOC621 / 26,METAL CRAFTS & PRODUCTION II,DONALD O'BRIEN,12,2025,B,2.97 pts,6.29,,30,,#N/A
29,4/8/25,1,S2,SOC109 / 21,WORLD HISTORY/B,DAVID HOLLINGSWORTH,10,2027,A,3.60 pts,2.14,,32,,#N/A
29,4/8/25,2,S2,HFL114 / 22,FAMILY HEALTH,THOMAS KESSINGER,10,2027,A,3.72 pts,2,,32,,#N/A
29,4/8/25,3,S2,SCI602 / 43,BIOLOGY B,DONNA SCHATZ,10,2027,B+,3.20 pts,2,,32,,#N/A
29,4/8/25,4,S2,MAT523 / 24,GEOMETRY B,ROCHELLE AITON,10,2027,C,2.34 pts,2.71,John,32,Active,Yes
29,4/8/25,5,S2,ASL504 / 25,AMERICAN SIGN LANGUAGE II/B,TAMI GRANT,10,2027,B,2.92 pts,2.57,,32,,#N/A
29,4/8/25,6,S2,ENG602 / 26,SOPH ENG/B,MARCEE SALAS,10,2027,B-,2.73 pts,2.57,,32,,#N/A
29,4/8/25,1,S2,PED513 / 21,TEAM GAMES,SCOTT DIZMANG,10,2027,A,4.00 pts,1.29,,33,,#N/A
29,4/8/25,2,S2,MAT523 / 22,GEOMETRY B,ROCHELLE AITON,10,2027,F,0.98 pts,1.29,John L,33,Active,Yes
29,4/8/25,3,S2,ASL502 / 23,AMERICAN  SIGN LANGUAGE I/B,KYLA RITCHEY,10,2027,C+,2.60 pts,1.43,,33,,#N/A
29,4/8/25,4,S2,SOC109 / 24,WORLD HISTORY/B,DAVID HOLLINGSWORTH,10,2027,F,0.63 pts,1.43,,33,,#N/A
29,4/8/25,5,S2,ENG602 / 25,SOPH ENG/B,MARCEE SALAS,10,2027,F,0.81 pts,1.43,,33,,Yes
29,4/8/25,6,S2,SCI602 / 46,BIOLOGY B,WILLIAM BAUR,10,2027,F,0.00 pts,1.71,,33,,Yes
29,4/8/25,1,S2,VOC504 / 21,ADV FINE ARTS WOODWORKING I,BRENT MANSELL,10,2027,A,3.90 pts,4.43,,34,,#N/A
29,4/8/25,2,S2,ENG602 / 22,SOPH ENG/B,KELLY GREGERSEN,10,2027,F,0.33 pts,0.57,,34,,Yes
29,4/8/25,3,S2,MAT523 / 23,GEOMETRY B,ROCHELLE AITON,10,2027,F,0.55 pts,4.14,,34,,Yes
29,4/8/25,4,S2,PED513 / 24,TEAM GAMES,SCOTT DIZMANG,10,2027,F,0.68 pts,4.29,,34,,#N/A
29,4/8/25,5,S2,SCI602 / 25,BIOLOGY B,GRANT MERRILL,10,2027,F,0.48 pts,2.14,,34,,#N/A
29,4/8/25,6,S2,SOC109 / 26,WORLD HISTORY/B,RYAN ISAACSON,10,2027,F,0.61 pts,1.86,,34,,#N/A
29,4/8/25,1,S2,ENG802 / 21,SENIOR ENG/B,HEATHER CARVER,12,2025,F,0.79 pts,1,,35,,#N/A
29,4/8/25,2,S2,SCI504 / 22,PHYSICAL SCIENCE B,JAMES BENNETT,12,2025,C-,2.19 pts,2.29,,35,,#N/A
29,4/8/25,3,S2,SOC801 / 23,CONTEMPORARY WORLD ISSUES,JIM REED,12,2025,C-,2.11 pts,1,,35,,#N/A
29,4/8/25,4,S2,MAT521 / 24,ALGEBRA I B,KEVIN REILLY,12,2025,D,1.71 pts,1.57,,35,,#N/A
29,4/8/25,5,S2,ONT401 / 25,ON-TRACK/B,ROBERT YEE,12,2025,,,2.29,,35,,#N/A
29,4/8/25,6,S2,SCI602 / 46,BIOLOGY B,WILLIAM BAUR,12,2025,D+,1.97 pts,2.14,,35,,Yes
29,4/8/25,1,S2,CTE115 / 21,ENGINEERING B,JASON BLAESING,11,2026,D,1.71 pts,0,,36,,#N/A
29,4/8/25,2,S2,MAT702 / 22,ALGEBRA II B,JASON BLAESING,11,2026,C-,2.10 pts,0,Larry,36,Active,Yes
29,4/8/25,3,S2,FAR604 / 23,SCENE DESIGN,KELLY GREGERSEN,11,2026,B+,3.28 pts,0,,36,,#N/A
29,4/8/25,4,S2,ENG702 / 24,JUNIOR ENG/B,JOHN CARVER,11,2026,B-,2.72 pts,0,,36,,#N/A
29,4/8/25,5,S2,SOC702 / 25,US HISTORY/B,DAVE HAJEK,11,2026,C+,2.57 pts,0.29,,36,,#N/A
29,4/8/25,6,S2,FAR543 / 26,WIND ENSEMB/B,DAVID DUARTE,11,2026,B,3.07 pts,0.29,,36,,#N/A
29,4/8/25,1,S2,PED500 / 21,WEIGHT TRAINING,SCOTT BOOTHBY,11,2026,C+,2.64 pts,7.14,,37,,#N/A
29,4/8/25,2,S2,SCI504 / 22,PHYSICAL SCIENCE B,JAMES BENNETT,11,2026,F,0.84 pts,6.86,,37,,#N/A
29,4/8/25,3,S2,ONT401 / 23,ON-TRACK/B,BRIAN ANDERSON,11,2026,U,0.20 pts,6.86,,37,,#N/A
29,4/8/25,4,S2,ENG716 / 24,DRAMATIC LITERATURE,KELLY GREGERSEN,11,2026,F,1.40 pts,7.29,,37,,#N/A
29,4/8/25,5,S2,BUS302 / 25,PERSONAL FINANCE B,NICOLE SIMEK,11,2026,F,0.64 pts,7.43,,37,,Yes
29,4/8/25,6,S2,SOC702 / 26,US HISTORY/B,SCOTT BOOTHBY,11,2026,F,1.42 pts,7.29,,37,,Yes
29,4/8/25,1,S2,MAT523 / 21,GEOMETRY B,ROCHELLE AITON,10,2027,F,1.59 pts,7.29,,38,,Yes
29,4/8/25,2,S2,VOC107 / 22,METALS MANUF & TECHNOLOGY II,DONALD O'BRIEN,10,2027,C-,2.00 pts,6.71,,38,,#N/A
29,4/8/25,3,S2,SCI602 / 43,BIOLOGY B,DONNA SCHATZ,10,2027,B,3.16 pts,6.43,,38,,#N/A
29,4/8/25,4,S2,SOC109 / 24,WORLD HISTORY/B,DAVID HOLLINGSWORTH,10,2027,B-,2.70 pts,6.86,,38,,#N/A
29,4/8/25,5,S2,ENG602 / 25,SOPH ENG/B,MARCEE SALAS,10,2027,C-,2.01 pts,6.57,,38,,Yes
29,4/8/25,6,S2,PED500 / 26,WEIGHT TRAINING,SCOTT DIZMANG,10,2027,A,3.75 pts,6.86,,38,,#N/A
29,4/8/25,1,S2,VOC620 / 21,METAL CRAFTS & PRODUCTION I,DONALD O'BRIEN,10,2027,C-,2.00 pts,1.29,,39,,#N/A
29,4/8/25,2,S2,SOC109 / 22,WORLD HISTORY/B,DAVID HOLLINGSWORTH,10,2027,C+,2.55 pts,1.29,,39,,#N/A
29,4/8/25,3,S2,MAT523 / 23,GEOMETRY B,ROCHELLE AITON,10,2027,F,1.09 pts,1.29,,39,,Yes
29,4/8/25,4,S2,VOC503 / 24,FINE ARTS WOODS II,BRENT MANSELL,10,2027,C-,2.05 pts,1.14,,39,,#N/A
29,4/8/25,5,S2,ENG602 / 25,SOPH ENG/B,MARCEE SALAS,10,2027,C-,2.11 pts,1,,39,,Yes
29,4/8/25,6,S2,SCI602 / 46,BIOLOGY B,WILLIAM BAUR,10,2027,D,1.71 pts,1,,39,,Yes
29,4/8/25,1,S2,ENG702 / 21,JUNIOR ENG/B,JOHN CARVER,11,2026,C,2.47 pts,1.14,,40,,#N/A
29,4/8/25,2,S2,MAT702 / 22,ALGEBRA II B,JASON BLAESING,11,2026,F,0.99 pts,1.29,Larry,40,Active,Yes
29,4/8/25,3,S2,SCI504 / 43,PHYSICAL SCIENCE B,WILLIAM BAUR,11,2026,F,1.31 pts,1,,40,,#N/A
29,4/8/25,4,S2,VOC504 / 24,ADV FINE ARTS WOODWORKING I,BRENT MANSELL,11,2026,C-,2.05 pts,1,,40,,#N/A
29,4/8/25,5,S2,SPA602 / 25,SPANISH II B,ARELI LOPEZ LOPEZ,11,2026,C+,2.56 pts,1,,40,,#N/A
29,4/8/25,6,S2,SOC702 / 26,US HISTORY/B,SCOTT BOOTHBY,11,2026,C+,2.67 pts,1,,40,,Yes
29,4/8/25,1,S2,MAT702 / 21,ALGEBRA II B,JENNIFER REILLY,11,2026,B,3.04 pts,5.29,,47,,#N/A
29,4/8/25,2,S2,SCI610 / 22,CHEMISTRY/B,GRANT MERRILL,11,2026,F,1.60 pts,5.29,,47,,Yes
29,4/8/25,3,S2,ASL504 / 23,AMERICAN SIGN LANGUAGE II/B,TAMI GRANT,11,2026,B,3.17 pts,5,,47,,#N/A
29,4/8/25,4,S2,SOC702 / 24,US HISTORY/B,DAVE HAJEK,11,2026,F,1.46 pts,5,,47,,#N/A
29,4/8/25,5,S2,PED500 / 25,WEIGHT TRAINING,SCOTT DIZMANG,11,2026,A,3.75 pts,5,,47,,#N/A
29,4/8/25,6,S2,ENG702 / 26,JUNIOR ENG/B,JOHN CARVER,11,2026,B+,3.23 pts,5,,47,,#N/A
29,4/8/25,1,S2,ENG702 / 21,JUNIOR ENG/B,JOHN CARVER,11,2026,B-,2.83 pts,0.57,,41,,#N/A
29,4/8/25,2,S2,SCI504 / 42,PHYSICAL SCIENCE B,WILLIAM BAUR,11,2026,C,2.26 pts,0,,41,,#N/A
29,4/8/25,3,S2,ASL504 / 23,AMERICAN SIGN LANGUAGE II/B,TAMI GRANT,11,2026,A,4.00 pts,0.14,,41,,#N/A
29,4/8/25,4,S2,SOC702 / 24,US HISTORY/B,DAVE HAJEK,11,2026,D+,1.97 pts,0.43,,41,,#N/A
29,4/8/25,5,S2,MAT702 / 45,ALGEBRA II B,JENNIFER REILLY,11,2026,F,1.59 pts,0.43,,41,,Yes
29,4/8/25,6,S2,FAR113 / 26,INTRO TO ART AND DESIGN,ROBERT YEE,11,2026,C-,2.12 pts,0.57,,41,,#N/A
29,4/8/25,1,S2,FAR607 / 21,ADVANCED ACTING/ B,KELLY GREGERSEN,12,2025,B,2.99 pts,1.14,,42,,#N/A
29,4/8/25,2,S2,SCI610 / 22,CHEMISTRY/B,GRANT MERRILL,12,2025,F,0.99 pts,1.14,Jay,42,Active,Yes
29,4/8/25,3,S2,ENG802 / 23,SENIOR ENG/B,JOHN CARVER,12,2025,F,1.20 pts,1.14,,42,,#N/A
29,4/8/25,4,S2,HFL119 / 24,ADV CULINARY ARTS B,ALEXANDRA YOST,12,2025,A,3.96 pts,1,,42,,#N/A
29,4/8/25,5,S2,BUS302 / 25,PERSONAL FINANCE B,NICOLE SIMEK,12,2025,C+,2.52 pts,1,,42,,Yes
29,4/8/25,6,S2,FAR543 / 26,WIND ENSEMB/B,DAVID DUARTE,12,2025,A,3.92 pts,1,,42,,#N/A
29,4/8/25,1,S2,ENG702 / 21,JUNIOR ENG/B,JOHN CARVER,11,2026,B,2.97 pts,6.57,,43,,#N/A
29,4/8/25,2,S2,SCI504 / 22,PHYSICAL SCIENCE B,JAMES BENNETT,11,2026,C-,2.04 pts,6.43,Larry,43,Active,#N/A
29,4/8/25,3,S2,ASL504 / 23,AMERICAN SIGN LANGUAGE II/B,TAMI GRANT,11,2026,B,3.17 pts,6.14,,43,,#N/A
29,4/8/25,4,S2,SOC702 / 24,US HISTORY/B,DAVE HAJEK,11,2026,B,2.99 pts,5.57,,43,,#N/A
29,4/8/25,5,S2,SOC106 / 25,AP PSYCHOLOGY B,JIM REED,11,2026,C,2.30 pts,5.57,,43,,#N/A
29,4/8/25,6,S2,MAT702 / 26,ALGEBRA II B,JASON BLAESING,11,2026,F,1.59 pts,5.71,,43,,Yes
29,4/8/25,1,S2,MAT523 / 21,GEOMETRY B,ROCHELLE AITON,10,2027,F,0.00 pts,13.14,,44,,Yes
29,4/8/25,2,S2,SCI602 / 42,BIOLOGY B,DONNA SCHATZ,10,2027,C-,2.19 pts,10.14,,44,,#N/A
29,4/8/25,3,S2,FAR604 / 23,SCENE DESIGN,KELLY GREGERSEN,10,2027,B,2.94 pts,11,,44,,#N/A
29,4/8/25,4,S2,HFL113 / 24,INTRO CULINARY ART,KAYLA PAYNE,10,2027,A-,3.49 pts,9.57,,44,,#N/A
29,4/8/25,5,S2,ENG602 / 25,SOPH ENG/B,MARCEE SALAS,10,2027,F,0.87 pts,10.29,,44,,Yes
29,4/8/25,6,S2,SOC109 / 26,WORLD HISTORY/B,RYAN ISAACSON,10,2027,F,0.00 pts,12.29,,44,,#N/A
29,4/8/25,1,S2,PED101 / 21,PHYSICAL EDUCATION,KATHERINE STURDYVIN-SCOBBA,11,2026,B,3.00 pts,1.29,,45,,#N/A
29,4/8/25,2,S2,SCI610 / 22,CHEMISTRY/B,GRANT MERRILL,11,2026,F,1.60 pts,1.29,Jay,45,Active,Yes
29,4/8/25,3,S2,ENG720 / 23,AP LANGUAGE/ COMPOSITON B,HEATHER CARVER,11,2026,F,1.23 pts,1,,45,,#N/A
29,4/8/25,4,S2,CTE231 / 24,SOCIAL MEDIA MARKETING II,NICOLE SIMEK,11,2026,A,4.00 pts,1,,45,,#N/A
29,4/8/25,5,S2,SOC704 / 25,AP US HISTORY B,RYAN ISAACSON,11,2026,B,2.93 pts,1,,45,,#N/A
29,4/8/25,6,S2,MAT702 / 26,ALGEBRA II B,JASON BLAESING,11,2026,D+,1.84 pts,1,,45,,Yes
29,4/8/25,6,S2,MAT702 / 26,ALGEBRA II B,JASON BLAESING,11,2026,C+,2.63 pts,1,,50,,Yes
29,4/8/25,2,S2,ENG602 / 22,SOPH ENG/B,KELLY GREGERSEN,10,2027,B+,3.27 pts,2.86,,52,,Yes
29,4/8/25,4,S2,MAT523 / 24,GEOMETRY B,ROCHELLE AITON,10,2027,C,2.37 pts,2.14,,52,,Yes
29,4/8/25,2,S2,MAT523 / 22,GEOMETRY B,ROCHELLE AITON,10,2027,D+,1.93 pts,10,,53,,Yes
29,4/8/25,4,S2,SCI602 / 24,BIOLOGY B,GRANT MERRILL,10,2027,F,1.52 pts,9,,53,,Yes
29,4/8/25,6,S2,MAT702 / 26,ALGEBRA II B,JASON BLAESING,10,2027,A,4.00 pts,0,,54,,Yes
29,4/8/25,2,S2,SCI610 / 22,CHEMISTRY/B,GRANT MERRILL,11,2026,F,1.18 pts,3.57,,55,,Yes
29,4/8/25,2,S2,MAT702 / 22,ALGEBRA II B,JASON BLAESING,11,2026,B,3.00 pts,0.14,,56,,Yes
29,4/8/25,5,S2,MAT523 / 25,GEOMETRY B,BRIAN ANDERSON,10,2027,F,0.73 pts,1,,59,,Yes
29,4/8/25,2,S2,SCI610 / 22,CHEMISTRY/B,GRANT MERRILL,11,2026,C,2.36 pts,2.67,,60,,Yes
29,4/8/25,3,S2,MAT702 / 23,ALGEBRA II B,JENNIFER REILLY,11,2026,A-,3.59 pts,2.67,,60,,Yes
29,4/8/25,1,S2,ENG504 / 21,PRE-AP FRESHMAN ENGLISH/B,ANGELINA MERRILL,9,2028,B-,2.86 pts,0.57,,470,,Yes
29,4/8/25,2,S2,SCI610 / 22,CHEMISTRY/B,GRANT MERRILL,10,2027,W,1.49 pts,4.43,,471,,Yes
29,4/8/25,3,S2,MAT702 / 23,ALGEBRA II B,JENNIFER REILLY,10,2027,B,3.03 pts,4,,471,,Yes
29,4/8/25,2,S2,BUS302 / 22,PERSONAL FINANCE B,NICOLE SIMEK,12,2025,C+,2.64 pts,5.29,,61,,Yes
29,4/8/25,5,S2,MAT523 / 25,GEOMETRY B,BRIAN ANDERSON,10,2027,F,1.17 pts,8.86,,63,,Yes
29,4/8/25,6,S2,ENG502 / 26,FR ENGLISH/B,DAVID HOLLINGSWORTH,9,2028,A-,3.51 pts,1.29,,472,,Yes
29,4/8/25,3,S2,BUS302 / 23,PERSONAL FINANCE B,NICOLE SIMEK,11,2026,D,1.74 pts,9.14,,65,,Yes
29,4/8/25,5,S2,MAT702 / 45,ALGEBRA II B,JENNIFER REILLY,11,2026,A-,3.46 pts,8.14,,65,,Yes
29,4/8/25,2,S2,MAT702 / 22,ALGEBRA II B,JASON BLAESING,10,2027,A,4.00 pts,4,,66,,Yes
29,4/8/25,5,S2,MAT702 / 45,ALGEBRA II B,JENNIFER REILLY,12,2025,F,1.16 pts,2.43,,473,,Yes
29,4/8/25,3,S2,MAT523 / 23,GEOMETRY B,ROCHELLE AITON,10,2027,C-,2.15 pts,2.43,,67,,Yes
29,4/8/25,6,S2,SOC702 / 26,US HISTORY/B,SCOTT BOOTHBY,11,2026,A,3.95 pts,6,,68,,Yes
29,4/8/25,3,S2,MAT523 / 23,GEOMETRY B,ROCHELLE AITON,10,2027,D,1.70 pts,1.86,,424,,Yes
29,4/8/25,3,S2,MAT523 / 23,GEOMETRY B,ROCHELLE AITON,9,2028,B,3.02 pts,6.71,,69,,Yes
29,4/8/25,1,S2,SCI504 / 21,PHYSICAL SCIENCE B,JAMES BENNETT,9,2028,F,1.15 pts,2.14,,70,,Yes
29,4/8/25,6,S2,ENG502 / 26,FR ENGLISH/B,DAVID HOLLINGSWORTH,9,2028,A,4.00 pts,1.71,,70,,Yes
29,4/8/25,6,S2,SOC702 / 26,US HISTORY/B,SCOTT BOOTHBY,11,2026,C+,2.63 pts,0,,71,,Yes
29,4/8/25,1,S2,MAT523 / 21,GEOMETRY B,ROCHELLE AITON,10,2027,F,0.64 pts,10.14,,72,,Yes
29,4/8/25,5,S2,ENG602 / 25,SOPH ENG/B,MARCEE SALAS,10,2027,C,2.34 pts,10.14,,72,,Yes
24,2/25/25,4,S2,MAT702 / 24,ALGEBRA II B,JENNIFER REILLY,11,2026,F,0.33 pts,3.17,,564,,Yes
29,4/8/25,2,S2,MAT523 / 22,GEOMETRY B,ROCHELLE AITON,9,2028,A-,3.57 pts,3.29,,76,,Yes
29,4/8/25,5,S2,MAT702 / 45,ALGEBRA II B,JENNIFER REILLY,11,2026,A,4.00 pts,7,,475,,Yes
29,4/8/25,2,S2,ENG602 / 22,SOPH ENG/B,KELLY GREGERSEN,10,2027,C,2.29 pts,8,,77,,Yes
29,4/8/25,3,S2,SCI602 / 23,BIOLOGY B,GRANT MERRILL,10,2027,B-,2.71 pts,8,,77,,Yes
29,4/8/25,1,S2,ENG504 / 21,PRE-AP FRESHMAN ENGLISH/B,ANGELINA MERRILL,9,2028,A,3.79 pts,0,,476,,Yes
29,4/8/25,4,S2,MAT523 / 24,GEOMETRY B,ROCHELLE AITON,10,2027,C,2.36 pts,1.29,,425,,Yes
29,4/8/25,6,S2,MAT702 / 26,ALGEBRA II B,JASON BLAESING,10,2027,A-,3.41 pts,0,,477,,Yes
29,4/8/25,1,S2,MAT523 / 21,GEOMETRY B,ROCHELLE AITON,9,2028,F,1.54 pts,6.29,,79,,Yes
29,4/8/25,5,S2,MAT523 / 25,GEOMETRY B,BRIAN ANDERSON,10,2027,C+,2.57 pts,2.57,,80,,Yes
29,4/8/25,2,S2,SCI610 / 22,CHEMISTRY/B,GRANT MERRILL,12,2025,C-,2.10 pts,9.29,,82,,Yes
29,4/8/25,1,S2,MAT523 / 21,GEOMETRY B,ROCHELLE AITON,10,2027,C+,2.57 pts,5.14,,83,,Yes
29,4/8/25,1,S2,MAT523 / 21,GEOMETRY B,ROCHELLE AITON,10,2027,F,0.58 pts,1.14,,84,,Yes
29,4/8/25,6,S2,SOC702 / 26,US HISTORY/B,SCOTT BOOTHBY,11,2026,A-,3.52 pts,0,,85,,Yes
29,4/8/25,2,S2,SCI610 / 22,CHEMISTRY/B,GRANT MERRILL,11,2026,C+,2.60 pts,3.86,,86,,Yes
29,4/8/25,6,S2,SOC702 / 26,US HISTORY/B,SCOTT BOOTHBY,11,2026,A-,3.57 pts,3.86,,86,,Yes
29,4/8/25,3,S2,MAT523 / 23,GEOMETRY B,ROCHELLE AITON,10,2027,F,0.00 pts,7.86,,88,,Yes
29,4/8/25,5,S2,ENG602 / 25,SOPH ENG/B,MARCEE SALAS,10,2027,D,1.70 pts,7.71,,88,,Yes
29,4/8/25,6,S2,SCI602 / 46,BIOLOGY B,WILLIAM BAUR,10,2027,F,0.26 pts,7.71,,88,,Yes
29,4/8/25,6,S2,MAT702 / 26,ALGEBRA II B,JASON BLAESING,10,2027,A,3.80 pts,8.14,,89,,Yes
29,4/8/25,2,S2,BUS302 / 22,PERSONAL FINANCE B,NICOLE SIMEK,12,2025,W,0.21 pts,6.43,,426,,Yes
29,4/8/25,3,S2,BUS302 / 23,PERSONAL FINANCE B,NICOLE SIMEK,12,2025,B+,3.38 pts,2.14,,90,,Yes
29,4/8/25,5,S2,BUS302 / 25,PERSONAL FINANCE B,NICOLE SIMEK,12,2025,A,3.99 pts,15,,478,,Yes
29,4/8/25,3,S2,SCI602 / 23,BIOLOGY B,GRANT MERRILL,10,2027,W,0.15 pts,16.43,,92,,Yes
29,4/8/25,2,S2,BUS302 / 22,PERSONAL FINANCE B,NICOLE SIMEK,12,2025,A,3.99 pts,5.14,,93,,Yes
29,4/8/25,2,S2,ENG602 / 22,SOPH ENG/B,KELLY GREGERSEN,10,2027,F,0.15 pts,0,,94,,Yes
29,4/8/25,3,S2,BUS302 / 23,PERSONAL FINANCE B,NICOLE SIMEK,11,2026,B,3.06 pts,0,,479,,Yes
29,4/8/25,1,S2,ENG504 / 21,PRE-AP FRESHMAN ENGLISH/B,ANGELINA MERRILL,9,2028,A,3.61 pts,0,,480,,Yes
29,4/8/25,3,S2,BUS302 / 23,PERSONAL FINANCE B,NICOLE SIMEK,12,2025,A,3.89 pts,1.29,,481,,Yes
29,4/8/25,2,S2,BUS302 / 22,PERSONAL FINANCE B,NICOLE SIMEK,12,2025,B,3.07 pts,2.86,,96,,Yes
29,4/8/25,2,S2,BUS302 / 22,PERSONAL FINANCE B,NICOLE SIMEK,12,2025,A,3.71 pts,4.71,,97,,Yes
29,4/8/25,6,S2,ENG502 / 26,FR ENGLISH/B,DAVID HOLLINGSWORTH,9,2028,B-,2.79 pts,5.71,,98,,Yes
29,4/8/25,3,S2,SCI602 / 23,BIOLOGY B,GRANT MERRILL,10,2027,A-,3.47 pts,0,,99,,Yes
29,4/8/25,2,S2,SCI610 / 22,CHEMISTRY/B,GRANT MERRILL,11,2026,A,3.75 pts,0.14,,100,,Yes
29,4/8/25,2,S2,SCI610 / 22,CHEMISTRY/B,GRANT MERRILL,11,2026,B+,3.22 pts,1.29,,101,,Yes
29,4/8/25,3,S2,SCI602 / 23,BIOLOGY B,GRANT MERRILL,10,2027,,3.01 pts,1.57,,482,,Yes
29,4/8/25,1,S2,MAT523 / 21,GEOMETRY B,ROCHELLE AITON,10,2027,B+,3.20 pts,0,,102,,Yes
29,4/8/25,2,S2,ENG602 / 22,SOPH ENG/B,KELLY GREGERSEN,10,2027,A,3.89 pts,0,,102,,Yes
29,4/8/25,3,S2,SCI602 / 23,BIOLOGY B,GRANT MERRILL,10,2027,B-,2.77 pts,0.14,,102,,Yes
29,4/8/25,3,S2,MAT702 / 23,ALGEBRA II B,JENNIFER REILLY,11,2026,A-,3.54 pts,1.67,,103,,Yes
29,4/8/25,2,S2,BUS302 / 22,PERSONAL FINANCE B,NICOLE SIMEK,12,2025,F,1.03 pts,14,,104,,Yes
29,4/8/25,1,S2,SCI504 / 21,PHYSICAL SCIENCE B,JAMES BENNETT,12,2025,C-,2.05 pts,1.71,,105,,Yes
29,4/8/25,2,S2,BUS302 / 22,PERSONAL FINANCE B,NICOLE SIMEK,12,2025,C,2.48 pts,1,,105,,Yes
29,4/8/25,6,S2,MAT702 / 26,ALGEBRA II B,JASON BLAESING,11,2026,C,2.43 pts,2.14,,107,,Yes
29,4/8/25,5,S2,ENG602 / 25,SOPH ENG/B,MARCEE SALAS,10,2027,C,2.30 pts,0,,108,,Yes
29,4/8/25,5,S2,ENG602 / 25,SOPH ENG/B,MARCEE SALAS,10,2027,F,0.70 pts,3.29,,110,,Yes
29,4/8/25,6,S2,SCI602 / 26,BIOLOGY B,GRANT MERRILL,10,2027,F,0.48 pts,3.86,,110,,Yes
29,4/8/25,4,S2,SCI602 / 24,BIOLOGY B,GRANT MERRILL,10,2027,A,3.73 pts,0,,428,,Yes
29,4/8/25,6,S2,ENG502 / 26,FR ENGLISH/B,DAVID HOLLINGSWORTH,9,2028,A,3.71 pts,0,,111,,Yes
29,4/8/25,6,S2,MAT702 / 26,ALGEBRA II B,JASON BLAESING,11,2026,A,3.60 pts,2,,112,,Yes
29,4/8/25,2,S2,MAT702 / 22,ALGEBRA II B,JASON BLAESING,11,2026,C,2.41 pts,13,,113,,Yes
29,4/8/25,2,S2,SCI610 / 22,CHEMISTRY/B,GRANT MERRILL,11,2026,C,2.23 pts,0.14,,114,,Yes
29,4/8/25,3,S2,SCI602 / 23,BIOLOGY B,GRANT MERRILL,10,2027,A-,3.45 pts,11.14,,429,,Yes
29,4/8/25,1,S2,MAT523 / 21,GEOMETRY B,ROCHELLE AITON,10,2027,C-,2.09 pts,5.29,,116,,Yes
29,4/8/25,2,S2,ENG602 / 22,SOPH ENG/B,KELLY GREGERSEN,10,2027,A,3.83 pts,4.29,,116,,Yes
29,4/8/25,2,S2,ENG602 / 22,SOPH ENG/B,KELLY GREGERSEN,10,2027,D+,1.80 pts,3.14,,117,,Yes
29,4/8/25,3,S2,MAT523 / 23,GEOMETRY B,ROCHELLE AITON,10,2027,F,0.00 pts,9.14,,117,,Yes
29,4/8/25,6,S2,SCI602 / 26,BIOLOGY B,GRANT MERRILL,10,2027,D,1.71 pts,9.43,,117,,Yes
29,4/8/25,3,S2,MAT523 / 23,GEOMETRY B,ROCHELLE AITON,10,2027,A,3.64 pts,2.86,,118,,Yes
29,4/8/25,1,S2,ENG504 / 21,PRE-AP FRESHMAN ENGLISH/B,ANGELINA MERRILL,9,2028,A,3.99 pts,3,,483,,Yes
29,4/8/25,6,S2,MAT702 / 26,ALGEBRA II B,JASON BLAESING,11,2026,A-,3.43 pts,6,,119,,Yes
29,4/8/25,5,S2,MAT523 / 25,GEOMETRY B,BRIAN ANDERSON,10,2027,F,1.46 pts,8.86,,120,,Yes
29,4/8/25,2,S2,MAT702 / 22,ALGEBRA II B,JASON BLAESING,11,2026,F,1.14 pts,12.05,,121,,Yes
29,4/8/25,1,S2,MAT523 / 21,GEOMETRY B,ROCHELLE AITON,10,2027,F,1.05 pts,1,,122,,Yes
29,4/8/25,2,S2,ENG602 / 22,SOPH ENG/B,KELLY GREGERSEN,10,2027,F,0.80 pts,0.14,,122,,Yes
25,3/4/25,4,S2,MAT702 / 24,ALGEBRA II B,JENNIFER REILLY,11,2026,B,3.09 pts,3.17,,564,,Yes
29,4/8/25,3,S2,SCI602 / 23,BIOLOGY B,GRANT MERRILL,10,2027,A,3.74 pts,0,,126,,Yes
29,4/8/25,5,S2,MAT523 / 25,GEOMETRY B,BRIAN ANDERSON,10,2027,A-,3.40 pts,0,,126,,Yes
29,4/8/25,5,S2,MAT702 / 45,ALGEBRA II B,JENNIFER REILLY,10,2027,F,0.84 pts,13.71,,485,,Yes
29,4/8/25,6,S2,SCI602 / 26,BIOLOGY B,GRANT MERRILL,10,2027,C+,2.54 pts,0,,125,,Yes
29,4/8/25,6,S2,MAT702 / 26,ALGEBRA II B,JASON BLAESING,11,2026,A,3.62 pts,3.33,,127,,Yes
29,4/8/25,3,S2,MAT702 / 23,ALGEBRA II B,JENNIFER REILLY,11,2026,A,3.77 pts,1.43,,128,,Yes
26,3/11/25,4,S2,MAT702 / 24,ALGEBRA II B,JENNIFER REILLY,11,2026,A-,3.46 pts,3.45,,564,,Yes
29,4/8/25,5,S2,ENG602 / 25,SOPH ENG/B,MARCEE SALAS,10,2027,C,2.38 pts,2,,130,,Yes
29,4/8/25,5,S2,BUS302 / 25,PERSONAL FINANCE B,NICOLE SIMEK,11,2026,A,3.62 pts,0,,486,,Yes
29,4/8/25,1,S2,MAT523 / 21,GEOMETRY B,ROCHELLE AITON,10,2027,B,2.91 pts,4,,487,,Yes
29,4/8/25,4,S2,SCI602 / 24,BIOLOGY B,GRANT MERRILL,10,2027,B-,2.74 pts,4.14,,487,,Yes
29,4/8/25,3,S2,MAT523 / 23,GEOMETRY B,ROCHELLE AITON,9,2028,C,2.49 pts,0,,488,,Yes
29,4/8/25,2,S2,ENG602 / 22,SOPH ENG/B,KELLY GREGERSEN,10,2027,F,0.47 pts,0,,132,,Yes
29,4/8/25,3,S2,MAT523 / 23,GEOMETRY B,ROCHELLE AITON,10,2027,F,0.98 pts,0,,132,,Yes
29,4/8/25,4,S2,SCI602 / 24,BIOLOGY B,GRANT MERRILL,10,2027,B+,3.26 pts,2.71,,431,,Yes
29,4/8/25,3,S2,MAT702 / 23,ALGEBRA II B,JENNIFER REILLY,10,2027,A,3.73 pts,5.43,,432,,Yes
29,4/8/25,4,S2,SCI602 / 24,BIOLOGY B,GRANT MERRILL,10,2027,A,3.92 pts,6.43,,432,,Yes
29,4/8/25,6,S2,SCI602 / 46,BIOLOGY B,WILLIAM BAUR,10,2027,A,3.68 pts,3,,133,,Yes
29,4/8/25,6,S2,SOC702 / 26,US HISTORY/B,SCOTT BOOTHBY,11,2026,B,2.98 pts,7.67,,134,,Yes
29,4/8/25,2,S2,BUS302 / 22,PERSONAL FINANCE B,NICOLE SIMEK,12,2025,C,2.42 pts,4,,135,,Yes
29,4/8/25,6,S2,SCI602 / 26,BIOLOGY B,GRANT MERRILL,10,2027,D,1.72 pts,0.43,,136,,Yes
29,4/8/25,3,S2,MAT523 / 23,GEOMETRY B,ROCHELLE AITON,10,2027,B,3.05 pts,1,,137,,Yes
29,4/8/25,4,S2,SCI602 / 24,BIOLOGY B,GRANT MERRILL,10,2027,A-,3.50 pts,1.71,,137,,Yes
29,4/8/25,1,S2,ENG504 / 21,PRE-AP FRESHMAN ENGLISH/B,ANGELINA MERRILL,9,2028,C-,2.11 pts,5.14,,489,,Yes
29,4/8/25,2,S2,ENG602 / 22,SOPH ENG/B,KELLY GREGERSEN,10,2027,B+,3.23 pts,7.29,,433,,Yes
29,4/8/25,3,S2,SCI602 / 23,BIOLOGY B,GRANT MERRILL,10,2027,C+,2.62 pts,8.43,,433,,Yes
29,4/8/25,5,S2,MAT523 / 25,GEOMETRY B,BRIAN ANDERSON,10,2027,D,1.68 pts,6.86,,433,,Yes
29,4/8/25,6,S2,SCI602 / 46,BIOLOGY B,WILLIAM BAUR,10,2027,A,3.97 pts,0,,490,,Yes
29,4/8/25,5,S2,ENG602 / 25,SOPH ENG/B,MARCEE SALAS,10,2027,B,3.06 pts,2.14,,139,,Yes
27,3/18/25,4,S2,MAT702 / 24,ALGEBRA II B,JENNIFER REILLY,11,2026,B+,3.36 pts,3.6,,564,,Yes
29,4/8/25,1,S2,ENG504 / 21,PRE-AP FRESHMAN ENGLISH/B,ANGELINA MERRILL,9,2028,B-,2.88 pts,7,,434,,Yes
29,4/8/25,2,S2,MAT523 / 22,GEOMETRY B,ROCHELLE AITON,9,2028,C+,2.60 pts,7,,434,,Yes
29,4/8/25,2,S2,ENG602 / 22,SOPH ENG/B,KELLY GREGERSEN,10,2027,B-,2.86 pts,10.29,,143,,Yes
29,4/8/25,4,S2,MAT523 / 24,GEOMETRY B,ROCHELLE AITON,10,2027,F,1.54 pts,10.14,,143,,Yes
29,4/8/25,5,S2,MAT523 / 25,GEOMETRY B,BRIAN ANDERSON,10,2027,D+,1.84 pts,2.71,,144,,Yes
29,4/8/25,6,S2,SCI602 / 26,BIOLOGY B,GRANT MERRILL,10,2027,A-,3.43 pts,2.71,,144,,Yes
29,4/8/25,6,S2,MAT702 / 26,ALGEBRA II B,JASON BLAESING,11,2026,A-,3.43 pts,6.86,,145,,Yes
29,4/8/25,4,S2,MAT523 / 24,GEOMETRY B,ROCHELLE AITON,10,2027,A,3.62 pts,1.14,,146,,Yes
29,4/8/25,6,S2,SCI602 / 26,BIOLOGY B,GRANT MERRILL,10,2027,B+,3.21 pts,1.29,,146,,Yes
29,4/8/25,3,S2,BUS302 / 23,PERSONAL FINANCE B,NICOLE SIMEK,11,2026,F,0.54 pts,0.43,,435,,Yes
29,4/8/25,3,S2,MAT702 / 23,ALGEBRA II B,JENNIFER REILLY,11,2026,B,3.14 pts,4,,492,,Yes
29,4/8/25,6,S2,SOC702 / 26,US HISTORY/B,SCOTT BOOTHBY,11,2026,D+,1.80 pts,14.86,,147,,Yes
29,4/8/25,6,S2,MAT702 / 26,ALGEBRA II B,JASON BLAESING,11,2026,A-,3.41 pts,2.67,,148,,Yes
29,4/8/25,3,S2,MAT702 / 23,ALGEBRA II B,JENNIFER REILLY,12,2025,A,3.78 pts,1,,149,,Yes
29,4/8/25,1,S2,SCI504 / 21,PHYSICAL SCIENCE B,JAMES BENNETT,9,2028,A-,3.53 pts,3.71,,493,,Yes
29,4/8/25,5,S2,MAT702 / 45,ALGEBRA II B,JENNIFER REILLY,11,2026,A,3.77 pts,0.43,,494,,Yes
29,4/8/25,2,S2,SCI610 / 22,CHEMISTRY/B,GRANT MERRILL,11,2026,C,2.37 pts,2.86,,150,,Yes
29,4/8/25,3,S2,MAT702 / 23,ALGEBRA II B,JENNIFER REILLY,11,2026,B+,3.36 pts,3,,150,,Yes
29,4/8/25,5,S2,BUS302 / 25,PERSONAL FINANCE B,NICOLE SIMEK,12,2025,B,3.03 pts,0,,495,,Yes
29,4/8/25,1,S2,ENG504 / 21,PRE-AP FRESHMAN ENGLISH/B,ANGELINA MERRILL,9,2028,A,3.68 pts,1.57,,496,,Yes
29,4/8/25,2,S2,MAT702 / 22,ALGEBRA II B,JASON BLAESING,11,2026,D+,1.82 pts,0.57,,152,,Yes
29,4/8/25,1,S2,SCI504 / 21,PHYSICAL SCIENCE B,JAMES BENNETT,9,2028,C+,2.58 pts,5,,497,,Yes
29,4/8/25,1,S2,ENG504 / 21,PRE-AP FRESHMAN ENGLISH/B,ANGELINA MERRILL,9,2028,,3.00 pts,0,,497,,Yes
29,4/8/25,3,S2,MAT702 / 23,ALGEBRA II B,JENNIFER REILLY,10,2027,A,3.67 pts,2.86,,153,,Yes
29,4/8/25,2,S2,MAT523 / 22,GEOMETRY B,ROCHELLE AITON,10,2027,A,3.89 pts,2,,155,,Yes
29,4/8/25,3,S2,SCI602 / 23,BIOLOGY B,GRANT MERRILL,10,2027,B,3.01 pts,2,,155,,Yes
29,4/8/25,1,S2,ENG504 / 21,PRE-AP FRESHMAN ENGLISH/B,ANGELINA MERRILL,9,2028,B-,2.89 pts,2,,154,,Yes
29,4/8/25,5,S2,MAT523 / 25,GEOMETRY B,BRIAN ANDERSON,9,2028,D,1.78 pts,2,,154,,Yes
29,4/8/25,2,S2,MAT702 / 22,ALGEBRA II B,JASON BLAESING,11,2026,B,3.04 pts,0,,498,,Yes
29,4/8/25,5,S2,BUS302 / 25,PERSONAL FINANCE B,NICOLE SIMEK,12,2025,C-,2.10 pts,2,,156,,Yes
29,4/8/25,2,S2,SCI610 / 22,CHEMISTRY/B,GRANT MERRILL,11,2026,D,1.79 pts,4,,158,,Yes
29,4/8/25,5,S2,MAT523 / 25,GEOMETRY B,BRIAN ANDERSON,10,2027,D,1.65 pts,0,,499,,Yes
29,4/8/25,5,S2,MAT523 / 25,GEOMETRY B,BRIAN ANDERSON,10,2027,F,0.82 pts,6.71,,159,,Yes
29,4/8/25,6,S2,SCI602 / 46,BIOLOGY B,WILLIAM BAUR,10,2027,F,1.41 pts,6.43,,159,,Yes
29,4/8/25,6,S2,MAT702 / 26,ALGEBRA II B,JASON BLAESING,11,2026,D+,1.87 pts,10.5,,161,,Yes
29,4/8/25,2,S2,BUS302 / 22,PERSONAL FINANCE B,NICOLE SIMEK,12,2025,W,0.00 pts,4,,500,,Yes
29,4/8/25,4,S2,SCI602 / 24,BIOLOGY B,GRANT MERRILL,12,2025,W,,4.4,,500,,Yes
29,4/8/25,2,S2,ENG602 / 22,SOPH ENG/B,KELLY GREGERSEN,10,2027,A,3.67 pts,0.14,,162,,Yes
29,4/8/25,4,S2,MAT523 / 24,GEOMETRY B,ROCHELLE AITON,10,2027,B,3.01 pts,0,,162,,Yes
29,4/8/25,6,S2,SCI602 / 46,BIOLOGY B,WILLIAM BAUR,10,2027,C-,2.04 pts,0.14,,162,,Yes
29,4/8/25,1,S2,SCI504 / 21,PHYSICAL SCIENCE B,JAMES BENNETT,11,2026,F,0.71 pts,24.86,,164,,Yes
29,4/8/25,5,S2,MAT702 / 45,ALGEBRA II B,JENNIFER REILLY,11,2026,F,0.00 pts,24.86,,164,,Yes
29,4/8/25,6,S2,SCI602 / 46,BIOLOGY B,WILLIAM BAUR,10,2027,C,2.28 pts,1,,165,,Yes
29,4/8/25,2,S2,MAT523 / 22,GEOMETRY B,ROCHELLE AITON,9,2028,C,2.47 pts,4,,166,,Yes
29,4/8/25,6,S2,ENG502 / 26,FR ENGLISH/B,DAVID HOLLINGSWORTH,9,2028,A,3.76 pts,4.43,,166,,Yes
29,4/8/25,6,S2,SCI602 / 46,BIOLOGY B,WILLIAM BAUR,10,2027,C,2.23 pts,15,,462,,Yes
29,4/8/25,2,S2,MAT702 / 22,ALGEBRA II B,JASON BLAESING,11,2026,B,2.96 pts,6.43,,167,,Yes
29,4/8/25,6,S2,SOC702 / 26,US HISTORY/B,SCOTT BOOTHBY,11,2026,D+,1.92 pts,5.71,,167,,Yes
29,4/8/25,2,S2,MAT523 / 22,GEOMETRY B,ROCHELLE AITON,10,2027,F,1.34 pts,10.14,,168,,Yes
29,4/8/25,6,S2,SCI602 / 26,BIOLOGY B,GRANT MERRILL,10,2027,B-,2.72 pts,3,,169,,Yes
29,4/8/25,1,S2,SCI504 / 21,PHYSICAL SCIENCE B,JAMES BENNETT,9,2028,F,1.13 pts,15.29,,464,,Yes
29,4/8/25,6,S2,ENG502 / 26,FR ENGLISH/B,DAVID HOLLINGSWORTH,9,2028,F,0.38 pts,15.86,,464,,Yes
29,4/8/25,6,S2,ENG502 / 26,FR ENGLISH/B,DAVID HOLLINGSWORTH,9,2028,B-,2.81 pts,4.86,,501,,Yes
29,4/8/25,4,S2,MAT523 / 24,GEOMETRY B,ROCHELLE AITON,10,2027,D+,1.86 pts,2.71,,170,,Yes
29,4/8/25,5,S2,ENG602 / 25,SOPH ENG/B,MARCEE SALAS,10,2027,B-,2.81 pts,2.71,,170,,Yes
29,4/8/25,6,S2,SCI602 / 46,BIOLOGY B,WILLIAM BAUR,10,2027,F,1.47 pts,2,,170,,Yes
29,4/8/25,4,S2,MAT523 / 24,GEOMETRY B,ROCHELLE AITON,10,2027,B-,2.73 pts,3.29,,171,,Yes
29,4/8/25,6,S2,SCI602 / 46,BIOLOGY B,WILLIAM BAUR,10,2027,B-,2.71 pts,5,,171,,Yes
29,4/8/25,3,S2,MAT702 / 23,ALGEBRA II B,JENNIFER REILLY,11,2026,A,3.79 pts,0.67,,172,,Yes
29,4/8/25,1,S2,SCI504 / 21,PHYSICAL SCIENCE B,JAMES BENNETT,9,2028,C,2.32 pts,0.57,,502,,Yes
29,4/8/25,2,S2,MAT523 / 22,GEOMETRY B,ROCHELLE AITON,10,2027,C+,2.55 pts,2.29,,173,,Yes
29,4/8/25,6,S2,SCI602 / 46,BIOLOGY B,WILLIAM BAUR,10,2027,A-,3.45 pts,2,,173,,Yes
29,4/8/25,6,S2,SCI602 / 46,BIOLOGY B,WILLIAM BAUR,10,2027,A,3.97 pts,4.29,,174,,Yes
29,4/8/25,3,S2,BUS302 / 23,PERSONAL FINANCE B,NICOLE SIMEK,12,2025,A,3.99 pts,2.86,,176,,Yes
28,3/25/25,4,S2,MAT702 / 24,ALGEBRA II B,JENNIFER REILLY,11,2026,B-,2.81 pts,5.6,,564,,Yes
29,4/8/25,2,S2,MAT523 / 22,GEOMETRY B,ROCHELLE AITON,10,2027,B,3.03 pts,4,,437,,Yes
29,4/8/25,4,S2,SCI602 / 24,BIOLOGY B,GRANT MERRILL,10,2027,C,2.47 pts,4.71,,437,,Yes
29,4/8/25,6,S2,SCI602 / 46,BIOLOGY B,WILLIAM BAUR,12,2025,C,2.25 pts,8.5,,178,,Yes
29,4/8/25,6,S2,SCI602 / 26,BIOLOGY B,GRANT MERRILL,12,2025,,0.00 pts,5,,178,,Yes
29,4/8/25,4,S2,MAT523 / 24,GEOMETRY B,ROCHELLE AITON,10,2027,B,2.91 pts,0.86,,179,,Yes
29,4/8/25,5,S2,BUS302 / 25,PERSONAL FINANCE B,NICOLE SIMEK,12,2025,B-,2.75 pts,7.57,,503,,Yes
29,4/8/25,1,S2,SCI504 / 21,PHYSICAL SCIENCE B,JAMES BENNETT,11,2026,F,0.03 pts,18.57,,438,,Yes
29,4/8/25,3,S2,MAT702 / 23,ALGEBRA II B,JENNIFER REILLY,11,2026,C-,2.09 pts,12.71,,438,,Yes
29,4/8/25,6,S2,ENG502 / 26,FR ENGLISH/B,DAVID HOLLINGSWORTH,9,2028,B,3.18 pts,2,,181,,Yes
29,4/8/25,5,S2,MAT702 / 45,ALGEBRA II B,JENNIFER REILLY,11,2026,B+,3.20 pts,5,,504,,Yes
29,4/8/25,2,S2,MAT523 / 22,GEOMETRY B,ROCHELLE AITON,10,2027,A-,3.40 pts,2,,184,,Yes
29,4/8/25,4,S2,SCI602 / 24,BIOLOGY B,GRANT MERRILL,10,2027,B+,3.23 pts,2.57,,184,,Yes
29,4/8/25,2,S2,BUS302 / 22,PERSONAL FINANCE B,NICOLE SIMEK,11,2026,A,3.69 pts,7.43,,185,,Yes
29,4/8/25,5,S2,BUS302 / 25,PERSONAL FINANCE B,NICOLE SIMEK,12,2025,C-,2.15 pts,9.29,,505,,Yes
29,4/8/25,5,S2,MAT702 / 45,ALGEBRA II B,JENNIFER REILLY,10,2027,A,3.95 pts,3,,186,,Yes
29,4/8/25,6,S2,SCI602 / 46,BIOLOGY B,WILLIAM BAUR,10,2027,A,4.00 pts,3.57,,186,,Yes
29,4/8/25,6,S2,SOC702 / 26,US HISTORY/B,SCOTT BOOTHBY,11,2026,C-,2.01 pts,9.14,,187,,Yes
29,4/8/25,6,S2,SCI602 / 46,BIOLOGY B,WILLIAM BAUR,12,2025,C-,2.07 pts,3,,188,,Yes
29,4/8/25,6,S2,ENG502 / 26,FR ENGLISH/B,DAVID HOLLINGSWORTH,9,2028,B+,3.36 pts,0.14,,189,,Yes
29,4/8/25,3,S2,MAT702 / 23,ALGEBRA II B,JENNIFER REILLY,11,2026,A-,3.47 pts,4.71,,439,,Yes
29,4/8/25,1,S2,MAT523 / 21,GEOMETRY B,ROCHELLE AITON,10,2027,C+,2.58 pts,4.57,,190,,Yes
29,4/8/25,6,S2,SCI602 / 26,BIOLOGY B,GRANT MERRILL,10,2027,C,2.44 pts,4.86,,190,,Yes
29,4/8/25,3,S2,MAT702 / 23,ALGEBRA II B,JENNIFER REILLY,11,2026,A,3.94 pts,10,,191,,Yes
29,4/8/25,1,S2,MAT523 / 21,GEOMETRY B,ROCHELLE AITON,9,2028,A,3.76 pts,0,,192,,Yes
29,4/8/25,1,S2,MAT523 / 21,GEOMETRY B,ROCHELLE AITON,10,2027,D+,1.90 pts,1.29,,193,,Yes
29,4/8/25,5,S2,ENG602 / 25,SOPH ENG/B,MARCEE SALAS,10,2027,A-,3.44 pts,1.57,,193,,Yes
29,4/8/25,5,S2,MAT523 / 25,GEOMETRY B,BRIAN ANDERSON,10,2027,F,1.43 pts,7.9,,194,,Yes
29,4/8/25,3,S2,BUS302 / 23,PERSONAL FINANCE B,NICOLE SIMEK,12,2025,F,0.01 pts,8.86,,195,,Yes
29,4/8/25,4,S2,MAT702 / 24,ALGEBRA II B,JENNIFER REILLY,11,2026,B,3.04 pts,6.45,,564,,Yes
29,4/8/25,6,S2,ENG502 / 26,FR ENGLISH/B,DAVID HOLLINGSWORTH,9,2028,C,2.24 pts,2,,196,,Yes
29,4/8/25,1,S2,MAT523 / 21,GEOMETRY B,ROCHELLE AITON,10,2027,C-,2.03 pts,4.43,,198,,Yes
29,4/8/25,4,S2,SCI602 / 24,BIOLOGY B,GRANT MERRILL,10,2027,B-,2.76 pts,4.43,,198,,Yes
29,4/8/25,5,S2,MAT523 / 25,GEOMETRY B,BRIAN ANDERSON,10,2027,C-,2.19 pts,0,,199,,Yes
29,4/8/25,5,S2,BUS302 / 25,PERSONAL FINANCE B,NICOLE SIMEK,12,2025,A-,3.57 pts,0.57,,200,,Yes
30,4/15/25,4,S2,MAT702 / 24,ALGEBRA II B,JENNIFER REILLY,11,2026,B,3.01 pts,6.88,,564,,Yes
29,4/8/25,3,S2,MAT702 / 23,ALGEBRA II B,JENNIFER REILLY,10,2027,A,3.79 pts,2.14,,509,,Yes
29,4/8/25,4,S2,MAT523 / 24,GEOMETRY B,ROCHELLE AITON,10,2027,A,3.97 pts,0,,440,,Yes
29,4/8/25,1,S2,SCI504 / 21,PHYSICAL SCIENCE B,JAMES BENNETT,12,2025,F,1.08 pts,18.86,,201,,Yes
29,4/8/25,2,S2,BUS302 / 22,PERSONAL FINANCE B,NICOLE SIMEK,12,2025,F,1.29 pts,17.57,,201,,Yes
29,4/8/25,6,S2,MAT702 / 26,ALGEBRA II B,JASON BLAESING,11,2026,F,1.61 pts,8.52,,510,,Yes
29,4/8/25,1,S2,MAT523 / 21,GEOMETRY B,ROCHELLE AITON,10,2027,C,2.28 pts,0.29,,202,,Yes
29,4/8/25,6,S2,SCI602 / 26,BIOLOGY B,GRANT MERRILL,10,2027,C,2.28 pts,0,,202,,Yes
29,4/8/25,5,S2,MAT523 / 25,GEOMETRY B,BRIAN ANDERSON,10,2027,C+,2.60 pts,0.71,,204,,Yes
29,4/8/25,6,S2,SCI602 / 26,BIOLOGY B,GRANT MERRILL,10,2027,B+,3.26 pts,0,,204,,Yes
29,4/8/25,5,S2,BUS302 / 25,PERSONAL FINANCE B,NICOLE SIMEK,12,2025,A-,3.41 pts,6.33,,511,,Yes
29,4/8/25,3,S2,MAT523 / 23,GEOMETRY B,ROCHELLE AITON,10,2027,B+,3.37 pts,2.14,,205,,Yes
29,4/8/25,2,S2,MAT523 / 22,GEOMETRY B,ROCHELLE AITON,10,2027,A-,3.41 pts,0,,206,,Yes
29,4/8/25,6,S2,SCI602 / 46,BIOLOGY B,WILLIAM BAUR,10,2027,A-,3.51 pts,0,,206,,Yes
29,4/8/25,1,S2,ENG504 / 21,PRE-AP FRESHMAN ENGLISH/B,ANGELINA MERRILL,9,2028,F,1.01 pts,8,,512,,Yes
29,4/8/25,5,S2,MAT702 / 45,ALGEBRA II B,JENNIFER REILLY,11,2026,B,3.05 pts,11.29,,207,,Yes
29,4/8/25,3,S2,MAT702 / 23,ALGEBRA II B,JENNIFER REILLY,11,2026,A,3.76 pts,2.86,,208,,Yes
21,2/4/25,4,S2,MAT702 / 24,ALGEBRA II B,JENNIFER REILLY,11,2026,B-,2.73 pts,6.74,,570,,Yes
29,4/8/25,3,S2,BUS302 / 23,PERSONAL FINANCE B,NICOLE SIMEK,11,2026,F,0.27 pts,3.43,,209,,Yes
29,4/8/25,6,S2,SOC702 / 26,US HISTORY/B,SCOTT BOOTHBY,11,2026,,1.93 pts,2,,209,,Yes
29,4/8/25,5,S2,BUS302 / 25,PERSONAL FINANCE B,NICOLE SIMEK,12,2025,B,3.10 pts,12.14,,514,,Yes
29,4/8/25,6,S2,SOC702 / 26,US HISTORY/B,SCOTT BOOTHBY,11,2026,A,3.65 pts,4,,210,,Yes
29,4/8/25,2,S2,MAT702 / 22,ALGEBRA II B,JASON BLAESING,10,2027,,0.00 pts,0,,515,,Yes
29,4/8/25,3,S2,MAT523 / 23,GEOMETRY B,ROCHELLE AITON,10,2027,C+,2.68 pts,5.43,,516,,Yes
29,4/8/25,5,S2,BUS302 / 25,PERSONAL FINANCE B,NICOLE SIMEK,12,2025,W,3.91 pts,2.43,,517,,Yes
29,4/8/25,3,S2,MAT523 / 23,GEOMETRY B,ROCHELLE AITON,9,2028,C,2.46 pts,3,,211,,Yes
22,2/11/25,4,S2,MAT702 / 24,ALGEBRA II B,JENNIFER REILLY,11,2026,,,1,,570,,Yes
29,4/8/25,1,S2,MAT523 / 21,GEOMETRY B,ROCHELLE AITON,10,2027,C-,2.03 pts,3,,469,,Yes
29,4/8/25,1,S2,SCI504 / 21,PHYSICAL SCIENCE B,JAMES BENNETT,9,2028,F,1.39 pts,0,,212,,Yes
29,4/8/25,6,S2,ENG502 / 26,FR ENGLISH/B,DAVID HOLLINGSWORTH,9,2028,B,3.10 pts,2.57,,212,,Yes
29,4/8/25,5,S2,BUS302 / 25,PERSONAL FINANCE B,NICOLE SIMEK,12,2025,A,3.97 pts,0,,213,,Yes
29,4/8/25,5,S2,BUS302 / 25,PERSONAL FINANCE B,NICOLE SIMEK,12,2025,B,2.97 pts,7.29,,519,,Yes
29,4/8/25,6,S2,MAT702 / 26,ALGEBRA II B,JASON BLAESING,10,2027,B+,3.24 pts,4,,520,,Yes
29,4/8/25,5,S2,MAT523 / 25,GEOMETRY B,BRIAN ANDERSON,10,2027,F,0.88 pts,2.29,,521,,Yes
29,4/8/25,5,S2,MAT523 / 25,GEOMETRY B,BRIAN ANDERSON,9,2028,A,3.99 pts,0,,522,,Yes
29,4/8/25,3,S2,BUS302 / 23,PERSONAL FINANCE B,NICOLE SIMEK,11,2026,B,3.14 pts,0,,523,,Yes
29,4/8/25,2,S2,MAT523 / 22,GEOMETRY B,ROCHELLE AITON,10,2027,A-,3.56 pts,1,,524,,Yes
29,4/8/25,4,S2,MAT523 / 24,GEOMETRY B,ROCHELLE AITON,11,2026,F,0.33 pts,5.14,,214,,Yes
29,4/8/25,1,S2,MAT523 / 21,GEOMETRY B,ROCHELLE AITON,10,2027,D+,1.96 pts,5.57,,215,,Yes
29,4/8/25,6,S2,SCI602 / 26,BIOLOGY B,GRANT MERRILL,10,2027,C+,2.69 pts,5,,215,,Yes
29,4/8/25,3,S2,SCI602 / 23,BIOLOGY B,GRANT MERRILL,10,2027,D,1.69 pts,17.29,,220,,Yes
29,4/8/25,2,S2,BUS302 / 22,PERSONAL FINANCE B,NICOLE SIMEK,12,2025,D+,1.84 pts,6,,216,,Yes
29,4/8/25,1,S2,ENG504 / 21,PRE-AP FRESHMAN ENGLISH/B,ANGELINA MERRILL,9,2028,,3.01 pts,0.83,,219,,Yes
29,4/8/25,2,S2,MAT523 / 22,GEOMETRY B,ROCHELLE AITON,9,2028,,0.15 pts,0.83,,219,,Yes
29,4/8/25,3,S2,MAT523 / 23,GEOMETRY B,ROCHELLE AITON,9,2028,A,3.95 pts,3,,219,,Yes
29,4/8/25,1,S2,SCI504 / 21,PHYSICAL SCIENCE B,JAMES BENNETT,11,2026,D+,1.83 pts,12.71,,218,,Yes
23,2/18/25,4,S2,MAT702 / 24,ALGEBRA II B,JENNIFER REILLY,11,2026,,,2,,570,,Yes
29,4/8/25,6,S2,SOC702 / 26,US HISTORY/B,SCOTT BOOTHBY,11,2026,B,3.19 pts,11.57,,218,,Yes
29,4/8/25,6,S2,ENG502 / 26,FR ENGLISH/B,DAVID HOLLINGSWORTH,9,2028,A,3.95 pts,5,,217,,Yes
29,4/8/25,6,S2,SOC702 / 26,US HISTORY/B,SCOTT BOOTHBY,11,2026,A,3.92 pts,7.67,,224,,Yes
29,4/8/25,2,S2,MAT702 / 22,ALGEBRA II B,JASON BLAESING,11,2026,A-,3.59 pts,0,,222,,Yes
29,4/8/25,4,S2,MAT523 / 24,GEOMETRY B,ROCHELLE AITON,10,2027,B,2.90 pts,5,,221,,Yes
29,4/8/25,5,S2,ENG602 / 25,SOPH ENG/B,MARCEE SALAS,10,2027,C+,2.67 pts,5.57,,221,,Yes
29,4/8/25,5,S2,MAT702 / 45,ALGEBRA II B,JENNIFER REILLY,10,2027,A,3.78 pts,1,,525,,Yes
29,4/8/25,3,S2,BUS302 / 23,PERSONAL FINANCE B,NICOLE SIMEK,12,2025,D+,1.93 pts,3,,526,,Yes
29,4/8/25,2,S2,MAT702 / 22,ALGEBRA II B,JASON BLAESING,11,2026,C-,2.15 pts,0,,225,,Yes
29,4/8/25,5,S2,BUS302 / 25,PERSONAL FINANCE B,NICOLE SIMEK,12,2025,B-,2.74 pts,5,,527,,Yes
29,4/8/25,2,S2,MAT702 / 22,ALGEBRA II B,JASON BLAESING,10,2027,A,3.81 pts,0,,226,,Yes
29,4/8/25,6,S2,SCI602 / 26,BIOLOGY B,GRANT MERRILL,10,2027,B+,3.22 pts,0,,226,,Yes
29,4/8/25,2,S2,MAT523 / 22,GEOMETRY B,ROCHELLE AITON,9,2028,A,3.60 pts,0,,228,,Yes
29,4/8/25,6,S2,ENG502 / 26,FR ENGLISH/B,DAVID HOLLINGSWORTH,9,2028,D+,1.86 pts,0.14,,229,,Yes
29,4/8/25,3,S2,MAT702 / 23,ALGEBRA II B,JENNIFER REILLY,11,2026,A,3.70 pts,5.43,,528,,Yes
29,4/8/25,2,S2,BUS302 / 22,PERSONAL FINANCE B,NICOLE SIMEK,11,2026,B+,3.22 pts,4.43,,230,,Yes
29,4/8/25,2,S2,BUS302 / 22,PERSONAL FINANCE B,NICOLE SIMEK,12,2025,B,2.96 pts,13.29,,233,,Yes
29,4/8/25,2,S2,MAT523 / 22,GEOMETRY B,ROCHELLE AITON,10,2027,C,2.27 pts,4,,236,,Yes
29,4/8/25,3,S2,SCI602 / 23,BIOLOGY B,GRANT MERRILL,10,2027,B-,2.73 pts,4,,236,,Yes
29,4/8/25,5,S2,ENG602 / 25,SOPH ENG/B,MARCEE SALAS,10,2027,C,2.33 pts,4.43,,236,,Yes
29,4/8/25,2,S2,ENG602 / 22,SOPH ENG/B,KELLY GREGERSEN,10,2027,B,3.02 pts,3.43,,235,,Yes
29,4/8/25,4,S2,SCI602 / 24,BIOLOGY B,GRANT MERRILL,10,2027,C+,2.69 pts,3.71,,235,,Yes
29,4/8/25,2,S2,MAT702 / 22,ALGEBRA II B,JASON BLAESING,10,2027,A,3.81 pts,2.86,,237,,Yes
29,4/8/25,3,S2,SCI602 / 23,BIOLOGY B,GRANT MERRILL,10,2027,A,3.99 pts,2.86,,237,,Yes
29,4/8/25,4,S2,MAT523 / 24,GEOMETRY B,ROCHELLE AITON,10,2027,C,2.37 pts,0.43,,238,,Yes
29,4/8/25,5,S2,ENG602 / 25,SOPH ENG/B,MARCEE SALAS,10,2027,D+,1.94 pts,0.43,,238,,Yes
29,4/8/25,6,S2,SCI602 / 46,BIOLOGY B,WILLIAM BAUR,10,2027,B-,2.78 pts,0.43,,238,,Yes
29,4/8/25,2,S2,BUS302 / 22,PERSONAL FINANCE B,NICOLE SIMEK,12,2025,C+,2.64 pts,2.17,,240,,Yes
29,4/8/25,2,S2,MAT702 / 22,ALGEBRA II B,JASON BLAESING,11,2026,B,2.99 pts,4.43,,241,,Yes
29,4/8/25,6,S2,ENG502 / 26,FR ENGLISH/B,DAVID HOLLINGSWORTH,9,2028,F,0.56 pts,13.43,,243,,Yes
29,4/8/25,2,S2,SCI610 / 22,CHEMISTRY/B,GRANT MERRILL,11,2026,C,2.39 pts,9.71,,242,,Yes
29,4/8/25,3,S2,BUS302 / 23,PERSONAL FINANCE B,NICOLE SIMEK,11,2026,A,3.99 pts,10.43,,242,,Yes
29,4/8/25,5,S2,MAT523 / 25,GEOMETRY B,BRIAN ANDERSON,10,2027,C+,2.51 pts,2.71,,244,,Yes
29,4/8/25,2,S2,MAT523 / 22,GEOMETRY B,ROCHELLE AITON,10,2027,C-,2.14 pts,5.71,,246,,Yes
29,4/8/25,3,S2,MAT702 / 23,ALGEBRA II B,JENNIFER REILLY,10,2027,A-,3.54 pts,3.14,,247,,Yes
29,4/8/25,1,S2,MAT523 / 21,GEOMETRY B,ROCHELLE AITON,10,2027,F,0.48 pts,10,,248,,Yes
29,4/8/25,2,S2,ENG602 / 22,SOPH ENG/B,KELLY GREGERSEN,10,2027,F,0.14 pts,5.57,,249,,Yes
29,4/8/25,5,S2,MAT702 / 45,ALGEBRA II B,JENNIFER REILLY,11,2026,A,3.81 pts,6.29,,250,,Yes
29,4/8/25,6,S2,SOC702 / 26,US HISTORY/B,SCOTT BOOTHBY,11,2026,B,2.93 pts,6.29,,250,,Yes
29,4/8/25,4,S2,MAT523 / 24,GEOMETRY B,ROCHELLE AITON,10,2027,F,0.63 pts,4.29,,251,,Yes
29,4/8/25,5,S2,MAT523 / 25,GEOMETRY B,BRIAN ANDERSON,10,2027,B,3.01 pts,7.29,,252,,Yes
29,4/8/25,6,S2,SCI602 / 26,BIOLOGY B,GRANT MERRILL,10,2027,C,2.48 pts,7.57,,252,,Yes
29,4/8/25,3,S2,BUS302 / 23,PERSONAL FINANCE B,NICOLE SIMEK,11,2026,D+,1.91 pts,2.43,,253,,Yes
29,4/8/25,6,S2,SOC702 / 26,US HISTORY/B,SCOTT BOOTHBY,11,2026,C,2.46 pts,3.71,,253,,Yes
24,2/25/25,4,S2,MAT702 / 24,ALGEBRA II B,JENNIFER REILLY,11,2026,F,0.19 pts,3.57,,570,,Yes
29,4/8/25,6,S2,SOC702 / 26,US HISTORY/B,SCOTT BOOTHBY,11,2026,B,2.92 pts,7,,255,,Yes
29,4/8/25,6,S2,MAT702 / 26,ALGEBRA II B,JASON BLAESING,11,2026,A,4.00 pts,6,,257,,Yes
29,4/8/25,6,S2,MAT702 / 26,ALGEBRA II B,JASON BLAESING,11,2026,D+,1.81 pts,4.67,,258,,Yes
29,4/8/25,2,S2,MAT702 / 22,ALGEBRA II B,JASON BLAESING,11,2026,B,3.19 pts,0.71,,260,,Yes
29,4/8/25,2,S2,BUS302 / 22,PERSONAL FINANCE B,NICOLE SIMEK,12,2025,A,3.99 pts,0,,259,,Yes
29,4/8/25,2,S2,MAT702 / 22,ALGEBRA II B,JASON BLAESING,11,2026,B+,3.24 pts,2,,262,,Yes
29,4/8/25,6,S2,ENG502 / 26,FR ENGLISH/B,DAVID HOLLINGSWORTH,9,2028,C,2.30 pts,9.29,,529,,Yes
29,4/8/25,4,S2,MAT523 / 24,GEOMETRY B,ROCHELLE AITON,10,2027,A,3.88 pts,2.71,,264,,Yes
29,4/8/25,3,S2,BUS302 / 23,PERSONAL FINANCE B,NICOLE SIMEK,11,2026,C,2.42 pts,1.43,,267,,Yes
29,4/8/25,6,S2,ENG502 / 26,FR ENGLISH/B,DAVID HOLLINGSWORTH,9,2028,B,2.92 pts,6.86,,268,,Yes
29,4/8/25,5,S2,MAT523 / 25,GEOMETRY B,BRIAN ANDERSON,10,2027,B,3.16 pts,10,,269,,Yes
29,4/8/25,6,S2,SCI602 / 46,BIOLOGY B,WILLIAM BAUR,10,2027,A,3.72 pts,10,,269,,Yes
25,3/4/25,4,S2,MAT702 / 24,ALGEBRA II B,JENNIFER REILLY,11,2026,F,0.18 pts,6.57,,570,,Yes
29,4/8/25,6,S2,ENG502 / 26,FR ENGLISH/B,DAVID HOLLINGSWORTH,9,2028,F,1.47 pts,2.57,,270,,Yes
29,4/8/25,5,S2,MAT702 / 45,ALGEBRA II B,JENNIFER REILLY,10,2027,B+,3.37 pts,1,,531,,Yes
29,4/8/25,3,S2,MAT702 / 23,ALGEBRA II B,JENNIFER REILLY,11,2026,A-,3.53 pts,3.86,,271,,Yes
29,4/8/25,6,S2,SOC702 / 26,US HISTORY/B,SCOTT BOOTHBY,11,2026,F,1.61 pts,4.71,,271,,Yes
29,4/8/25,2,S2,MAT523 / 22,GEOMETRY B,ROCHELLE AITON,10,2027,C-,2.00 pts,15.29,,272,,Yes
29,4/8/25,3,S2,SCI602 / 23,BIOLOGY B,GRANT MERRILL,10,2027,F,1.55 pts,14.57,,272,,Yes
29,4/8/25,5,S2,ENG602 / 25,SOPH ENG/B,MARCEE SALAS,10,2027,D+,1.99 pts,16.14,,272,,Yes
29,4/8/25,2,S2,MAT523 / 22,GEOMETRY B,ROCHELLE AITON,10,2027,F,1.20 pts,8.14,,273,,Yes
29,4/8/25,5,S2,ENG602 / 25,SOPH ENG/B,MARCEE SALAS,10,2027,F,0.99 pts,4,,273,,Yes
29,4/8/25,6,S2,SCI602 / 46,BIOLOGY B,WILLIAM BAUR,10,2027,D+,1.97 pts,4.29,,273,,Yes
29,4/8/25,3,S2,MAT523 / 23,GEOMETRY B,ROCHELLE AITON,9,2028,B,2.99 pts,4,,532,,Yes
29,4/8/25,2,S2,MAT702 / 22,ALGEBRA II B,JASON BLAESING,11,2026,F,1.56 pts,19.86,,274,,Yes
29,4/8/25,5,S2,MAT523 / 25,GEOMETRY B,BRIAN ANDERSON,10,2027,B,3.08 pts,10.86,,533,,Yes
29,4/8/25,6,S2,SOC702 / 26,US HISTORY/B,SCOTT BOOTHBY,11,2026,B-,2.74 pts,4.17,,275,,Yes
29,4/8/25,5,S2,BUS302 / 25,PERSONAL FINANCE B,NICOLE SIMEK,11,2026,F,0.00 pts,10.14,,276,,Yes
29,4/8/25,6,S2,SOC702 / 26,US HISTORY/B,SCOTT BOOTHBY,11,2026,B-,2.75 pts,7.14,,277,,Yes
29,4/8/25,1,S2,SCI504 / 21,PHYSICAL SCIENCE B,JAMES BENNETT,9,2028,C,2.32 pts,6.43,,534,,Yes
29,4/8/25,1,S2,ENG504 / 21,PRE-AP FRESHMAN ENGLISH/B,ANGELINA MERRILL,9,2028,A-,3.53 pts,1.86,,535,,Yes
29,4/8/25,6,S2,MAT702 / 26,ALGEBRA II B,JASON BLAESING,11,2026,B-,2.80 pts,11,,278,,Yes
29,4/8/25,1,S2,MAT523 / 21,GEOMETRY B,ROCHELLE AITON,9,2028,A,4.00 pts,1,,279,,Yes
29,4/8/25,1,S2,ENG504 / 21,PRE-AP FRESHMAN ENGLISH/B,ANGELINA MERRILL,9,2028,A,3.88 pts,4,,536,,Yes
29,4/8/25,3,S2,BUS302 / 23,PERSONAL FINANCE B,NICOLE SIMEK,12,2025,B,2.93 pts,8.86,,280,,Yes
29,4/8/25,5,S2,BUS302 / 25,PERSONAL FINANCE B,NICOLE SIMEK,12,2025,,3.88 pts,1.29,,280,,Yes
29,4/8/25,5,S2,BUS302 / 25,PERSONAL FINANCE B,NICOLE SIMEK,12,2025,A-,3.54 pts,13.14,,537,,Yes
29,4/8/25,2,S2,MAT523 / 22,GEOMETRY B,ROCHELLE AITON,9,2028,A,3.72 pts,0,,281,,Yes
29,4/8/25,2,S2,SCI610 / 22,CHEMISTRY/B,GRANT MERRILL,11,2026,D,1.74 pts,16,,282,,Yes
29,4/8/25,3,S2,MAT702 / 23,ALGEBRA II B,JENNIFER REILLY,11,2026,B,3.03 pts,16,,282,,Yes
29,4/8/25,3,S2,BUS302 / 23,PERSONAL FINANCE B,NICOLE SIMEK,12,2025,A,3.67 pts,1.71,,283,,Yes
29,4/8/25,3,S2,MAT523 / 23,GEOMETRY B,ROCHELLE AITON,9,2028,A,3.75 pts,1,,284,,Yes
26,3/11/25,4,S2,MAT702 / 24,ALGEBRA II B,JENNIFER REILLY,11,2026,F,1.03 pts,6.57,,570,,Yes
29,4/8/25,1,S2,SCI504 / 21,PHYSICAL SCIENCE B,JAMES BENNETT,9,2028,B,3.05 pts,1.29,,285,,Yes
29,4/8/25,6,S2,ENG502 / 26,FR ENGLISH/B,DAVID HOLLINGSWORTH,9,2028,A,3.96 pts,1.14,,285,,Yes
29,4/8/25,6,S2,ENG502 / 26,FR ENGLISH/B,DAVID HOLLINGSWORTH,9,2028,B+,3.31 pts,1.14,,596,,Yes
29,4/8/25,5,S2,BUS302 / 25,PERSONAL FINANCE B,NICOLE SIMEK,12,2025,B+,3.38 pts,3.43,,539,,Yes
29,4/8/25,1,S2,ENG504 / 21,PRE-AP FRESHMAN ENGLISH/B,ANGELINA MERRILL,9,2028,A-,3.48 pts,0,,540,,Yes
29,4/8/25,5,S2,MAT702 / 45,ALGEBRA II B,JENNIFER REILLY,10,2027,A,4.00 pts,8,,287,,Yes
29,4/8/25,6,S2,SCI602 / 26,BIOLOGY B,GRANT MERRILL,10,2027,B+,3.25 pts,8,,287,,Yes
29,4/8/25,5,S2,MAT702 / 45,ALGEBRA II B,JENNIFER REILLY,11,2026,A,3.60 pts,1,,288,,Yes
29,4/8/25,6,S2,SOC702 / 26,US HISTORY/B,SCOTT BOOTHBY,11,2026,A,3.81 pts,1,,288,,Yes
29,4/8/25,2,S2,ENG602 / 22,SOPH ENG/B,KELLY GREGERSEN,10,2027,F,0.79 pts,4.29,,290,,Yes
29,4/8/25,5,S2,BUS302 / 25,PERSONAL FINANCE B,NICOLE SIMEK,12,2025,F,0.75 pts,6.86,,541,,Yes
29,4/8/25,4,S2,SCI602 / 24,BIOLOGY B,GRANT MERRILL,10,2027,C,2.21 pts,2,,291,,Yes
29,4/8/25,3,S2,BUS302 / 23,PERSONAL FINANCE B,NICOLE SIMEK,12,2025,B+,3.34 pts,0,,542,,Yes
29,4/8/25,3,S2,MAT523 / 23,GEOMETRY B,ROCHELLE AITON,10,2027,F,1.31 pts,9.71,,293,,Yes
29,4/8/25,4,S2,SCI602 / 24,BIOLOGY B,GRANT MERRILL,10,2027,F,1.26 pts,9.57,,293,,Yes
29,4/8/25,5,S2,MAT523 / 25,GEOMETRY B,BRIAN ANDERSON,10,2027,C+,2.62 pts,1.14,,294,,Yes
29,4/8/25,6,S2,SCI602 / 46,BIOLOGY B,WILLIAM BAUR,10,2027,A,3.99 pts,0.86,,294,,Yes
29,4/8/25,6,S2,ENG502 / 26,FR ENGLISH/B,DAVID HOLLINGSWORTH,9,2028,A,3.99 pts,0.14,,295,,Yes
29,4/8/25,6,S2,MAT702 / 26,ALGEBRA II B,JASON BLAESING,11,2026,F,1.59 pts,12.43,,296,,Yes
27,3/18/25,4,S2,MAT702 / 24,ALGEBRA II B,JENNIFER REILLY,11,2026,F,1.64 pts,6.57,,570,,Yes
28,3/25/25,4,S2,MAT702 / 24,ALGEBRA II B,JENNIFER REILLY,11,2026,C,2.22 pts,6.57,,570,,Yes
29,4/8/25,2,S2,SCI610 / 22,CHEMISTRY/B,GRANT MERRILL,11,2026,B-,2.72 pts,2.86,,297,,Yes
29,4/8/25,6,S2,MAT702 / 26,ALGEBRA II B,JASON BLAESING,11,2026,B+,3.20 pts,2.71,,297,,Yes
29,4/8/25,3,S2,MAT702 / 23,ALGEBRA II B,JENNIFER REILLY,11,2026,A,4.00 pts,0,,298,,Yes
29,4/8/25,2,S2,BUS302 / 22,PERSONAL FINANCE B,NICOLE SIMEK,12,2025,A,3.62 pts,4.43,,299,,Yes
29,4/8/25,3,S2,BUS302 / 23,PERSONAL FINANCE B,NICOLE SIMEK,11,2026,,0.00 pts,2.57,,300,,Yes
29,4/8/25,1,S2,MAT523 / 21,GEOMETRY B,ROCHELLE AITON,10,2027,B+,3.25 pts,1.71,,301,,Yes
29,4/8/25,4,S2,MAT523 / 24,GEOMETRY B,ROCHELLE AITON,10,2027,B,3.05 pts,0,,443,,Yes
29,4/8/25,3,S2,MAT523 / 23,GEOMETRY B,ROCHELLE AITON,9,2028,A-,3.41 pts,8.29,,302,,Yes
29,4/8/25,6,S2,ENG502 / 26,FR ENGLISH/B,DAVID HOLLINGSWORTH,9,2028,B,3.06 pts,8.14,,302,,Yes
29,4/8/25,2,S2,MAT702 / 22,ALGEBRA II B,JASON BLAESING,11,2026,A,3.81 pts,1.8,,545,,Yes
29,4/8/25,3,S2,BUS302 / 23,PERSONAL FINANCE B,NICOLE SIMEK,12,2025,C-,2.16 pts,1,,305,,Yes
29,4/8/25,5,S2,BUS302 / 25,PERSONAL FINANCE B,NICOLE SIMEK,12,2025,F,1.61 pts,6.14,,546,,Yes
29,4/8/25,5,S2,MAT523 / 25,GEOMETRY B,BRIAN ANDERSON,9,2028,A,3.77 pts,7.86,,547,,Yes
29,4/8/25,1,S2,SCI504 / 21,PHYSICAL SCIENCE B,JAMES BENNETT,9,2028,C-,2.10 pts,9.43,,306,,Yes
29,4/8/25,3,S2,MAT523 / 23,GEOMETRY B,ROCHELLE AITON,9,2028,C,2.35 pts,10.71,,306,,Yes
29,4/8/25,2,S2,MAT702 / 22,ALGEBRA II B,JASON BLAESING,11,2026,A,3.81 pts,4.43,,307,,Yes
29,4/8/25,2,S2,ENG602 / 22,SOPH ENG/B,KELLY GREGERSEN,10,2027,F,0.00 pts,19.71,,309,,Yes
29,4/8/25,5,S2,MAT523 / 25,GEOMETRY B,BRIAN ANDERSON,10,2027,F,0.01 pts,18.86,,309,,Yes
29,4/8/25,6,S2,SCI602 / 26,BIOLOGY B,GRANT MERRILL,10,2027,F,0.24 pts,19.71,,309,,Yes
29,4/8/25,1,S2,SCI504 / 21,PHYSICAL SCIENCE B,JAMES BENNETT,9,2028,F,1.15 pts,1.43,,308,,Yes
29,4/8/25,6,S2,ENG502 / 26,FR ENGLISH/B,DAVID HOLLINGSWORTH,9,2028,C-,2.12 pts,1.57,,308,,Yes
29,4/8/25,1,S2,SCI504 / 21,PHYSICAL SCIENCE B,JAMES BENNETT,9,2028,B+,3.29 pts,6,,548,,Yes
29,4/8/25,3,S2,SCI602 / 23,BIOLOGY B,GRANT MERRILL,10,2027,B,3.03 pts,3,,310,,Yes
29,4/8/25,4,S2,MAT523 / 24,GEOMETRY B,ROCHELLE AITON,10,2027,C+,2.58 pts,3,,310,,Yes
29,4/8/25,2,S2,MAT702 / 22,ALGEBRA II B,JASON BLAESING,11,2026,C-,2.19 pts,7.43,,312,,Yes
29,4/8/25,6,S2,SOC702 / 26,US HISTORY/B,SCOTT BOOTHBY,11,2026,C+,2.59 pts,7.57,,312,,Yes
29,4/8/25,3,S2,SCI602 / 23,BIOLOGY B,GRANT MERRILL,10,2027,C+,2.53 pts,1,,549,,Yes
29,4/8/25,4,S2,MAT702 / 24,ALGEBRA II B,JENNIFER REILLY,11,2026,B-,2.75 pts,6.57,,570,,Yes
29,4/8/25,6,S2,MAT702 / 26,ALGEBRA II B,JASON BLAESING,11,2026,A-,3.43 pts,4,,313,,Yes
29,4/8/25,2,S2,MAT702 / 22,ALGEBRA II B,JASON BLAESING,11,2026,B,2.96 pts,2.29,,314,,Yes
29,4/8/25,2,S2,SCI610 / 22,CHEMISTRY/B,GRANT MERRILL,11,2026,B,2.90 pts,0,,315,,Yes
30,4/15/25,4,S2,MAT702 / 24,ALGEBRA II B,JENNIFER REILLY,11,2026,B-,2.74 pts,6.57,,570,,Yes
29,4/8/25,1,S2,ENG504 / 21,PRE-AP FRESHMAN ENGLISH/B,ANGELINA MERRILL,9,2028,A,3.87 pts,0.86,,551,,Yes
29,4/8/25,6,S2,MAT702 / 26,ALGEBRA II B,JASON BLAESING,11,2026,B,2.99 pts,6.14,,316,,Yes
29,4/8/25,2,S2,ENG602 / 22,SOPH ENG/B,KELLY GREGERSEN,10,2027,D,1.77 pts,13.43,,317,,Yes
29,4/8/25,3,S2,MAT523 / 23,GEOMETRY B,ROCHELLE AITON,10,2027,F,0.80 pts,12.71,,317,,Yes
29,4/8/25,4,S2,SCI602 / 24,BIOLOGY B,GRANT MERRILL,10,2027,F,1.45 pts,12.29,,317,,Yes
29,4/8/25,1,S2,MAT523 / 21,GEOMETRY B,ROCHELLE AITON,10,2027,C,2.24 pts,6,,318,,Yes
29,4/8/25,3,S2,SCI602 / 23,BIOLOGY B,GRANT MERRILL,10,2027,B+,3.38 pts,6.71,,318,,Yes
29,4/8/25,2,S2,MAT702 / 22,ALGEBRA II B,JASON BLAESING,11,2026,B+,3.33 pts,1.33,,319,,Yes
29,4/8/25,2,S2,MAT702 / 22,ALGEBRA II B,JASON BLAESING,11,2026,A,3.60 pts,0,,320,,Yes
29,4/8/25,6,S2,SOC702 / 26,US HISTORY/B,SCOTT BOOTHBY,11,2026,B-,2.89 pts,1.43,,320,,Yes
29,4/8/25,1,S2,ENG504 / 21,PRE-AP FRESHMAN ENGLISH/B,ANGELINA MERRILL,9,2028,B,3.11 pts,1.57,,552,,Yes
29,4/8/25,2,S2,BUS302 / 22,PERSONAL FINANCE B,NICOLE SIMEK,12,2025,F,0.00 pts,27.38,,321,,Yes
29,4/8/25,2,S2,BUS302 / 22,PERSONAL FINANCE B,NICOLE SIMEK,12,2025,C,2.24 pts,9.86,,322,,Yes
29,4/8/25,3,S2,BUS302 / 23,PERSONAL FINANCE B,NICOLE SIMEK,12,2025,B+,3.34 pts,3.29,,323,,Yes
29,4/8/25,2,S2,ENG602 / 22,SOPH ENG/B,KELLY GREGERSEN,10,2027,A-,3.57 pts,0.43,,324,,Yes
29,4/8/25,4,S2,MAT523 / 24,GEOMETRY B,ROCHELLE AITON,10,2027,A-,3.42 pts,0,,324,,Yes
29,4/8/25,5,S2,BUS302 / 25,PERSONAL FINANCE B,NICOLE SIMEK,12,2025,C-,2.05 pts,7.86,,553,,Yes
29,4/8/25,4,S2,SCI602 / 24,BIOLOGY B,GRANT MERRILL,10,2027,F,1.58 pts,7,,445,,Yes
29,4/8/25,2,S2,BUS302 / 22,PERSONAL FINANCE B,NICOLE SIMEK,12,2025,A,3.91 pts,6,,325,,Yes
29,4/8/25,3,S2,BUS302 / 23,PERSONAL FINANCE B,NICOLE SIMEK,12,2025,A,3.67 pts,2.5,,326,,Yes
29,4/8/25,2,S2,BUS302 / 22,PERSONAL FINANCE B,NICOLE SIMEK,11,2026,B+,3.34 pts,0.29,,327,,Yes
29,4/8/25,6,S2,SOC702 / 26,US HISTORY/B,SCOTT BOOTHBY,11,2026,B,3.15 pts,0,,327,,Yes
29,4/8/25,2,S2,MAT702 / 22,ALGEBRA II B,JASON BLAESING,11,2026,C,2.48 pts,7,,554,,Yes
21,2/4/25,4,S2,MAT702 / 24,ALGEBRA II B,JENNIFER REILLY,11,2026,C+,2.54 pts,1,,577,,Yes
29,4/8/25,5,S2,MAT702 / 45,ALGEBRA II B,JENNIFER REILLY,11,2026,C+,2.60 pts,0,,556,,Yes
29,4/8/25,6,S2,SCI602 / 46,BIOLOGY B,WILLIAM BAUR,10,2027,D,1.68 pts,1,,330,,Yes
29,4/8/25,3,S2,BUS302 / 23,PERSONAL FINANCE B,NICOLE SIMEK,12,2025,F,1.56 pts,21.43,,331,,Yes
29,4/8/25,5,S2,MAT702 / 45,ALGEBRA II B,JENNIFER REILLY,12,2025,A-,3.53 pts,4.57,,557,,Yes
29,4/8/25,3,S2,BUS302 / 23,PERSONAL FINANCE B,NICOLE SIMEK,12,2025,B+,3.20 pts,4.14,,332,,Yes
29,4/8/25,3,S2,SCI602 / 23,BIOLOGY B,GRANT MERRILL,10,2027,D,1.78 pts,6,,333,,Yes
29,4/8/25,5,S2,ENG602 / 25,SOPH ENG/B,MARCEE SALAS,10,2027,D+,1.84 pts,6,,333,,Yes
29,4/8/25,5,S2,MAT523 / 25,GEOMETRY B,BRIAN ANDERSON,10,2027,C,2.48 pts,8.14,,334,,Yes
22,2/11/25,4,S2,MAT702 / 24,ALGEBRA II B,JENNIFER REILLY,11,2026,,,0,,577,,Yes
29,4/8/25,2,S2,MAT523 / 22,GEOMETRY B,ROCHELLE AITON,10,2027,C+,2.68 pts,1,,335,,Yes
29,4/8/25,3,S2,SCI602 / 23,BIOLOGY B,GRANT MERRILL,10,2027,C,2.26 pts,1,,335,,Yes
29,4/8/25,6,S2,SCI602 / 46,BIOLOGY B,WILLIAM BAUR,10,2027,B-,2.71 pts,4.57,,337,,Yes
29,4/8/25,6,S2,MAT702 / 26,ALGEBRA II B,JASON BLAESING,11,2026,A-,3.41 pts,5,,336,,Yes
29,4/8/25,5,S2,MAT702 / 45,ALGEBRA II B,JENNIFER REILLY,11,2026,B-,2.88 pts,3.57,,559,,Yes
29,4/8/25,5,S2,BUS302 / 25,PERSONAL FINANCE B,NICOLE SIMEK,12,2025,B,2.92 pts,0.43,,560,,Yes
29,4/8/25,4,S2,MAT523 / 24,GEOMETRY B,ROCHELLE AITON,10,2027,C,2.20 pts,4,,338,,Yes
29,4/8/25,5,S2,ENG602 / 25,SOPH ENG/B,MARCEE SALAS,10,2027,C+,2.68 pts,4,,338,,Yes
29,4/8/25,3,S2,MAT702 / 23,ALGEBRA II B,JENNIFER REILLY,11,2026,B+,3.35 pts,0,,339,,Yes
29,4/8/25,4,S2,MAT523 / 24,GEOMETRY B,ROCHELLE AITON,10,2027,F,0.00 pts,24.14,,446,,Yes
29,4/8/25,5,S2,MAT523 / 25,GEOMETRY B,BRIAN ANDERSON,10,2027,F,1.21 pts,7.29,,340,,Yes
29,4/8/25,6,S2,SCI602 / 46,BIOLOGY B,WILLIAM BAUR,10,2027,F,1.02 pts,6.57,,340,,Yes
29,4/8/25,1,S2,ENG504 / 21,PRE-AP FRESHMAN ENGLISH/B,ANGELINA MERRILL,9,2028,B+,3.31 pts,3,,561,,Yes
29,4/8/25,3,S2,BUS302 / 23,PERSONAL FINANCE B,NICOLE SIMEK,12,2025,A-,3.42 pts,1,,341,,Yes
29,4/8/25,6,S2,MAT702 / 26,ALGEBRA II B,JASON BLAESING,11,2026,A-,3.43 pts,3,,342,,Yes
29,4/8/25,2,S2,MAT702 / 22,ALGEBRA II B,JASON BLAESING,12,2025,,,0,,597,,Yes
29,4/8/25,1,S2,ENG504 / 21,PRE-AP FRESHMAN ENGLISH/B,ANGELINA MERRILL,9,2028,B+,3.31 pts,0.14,,348,,Yes
29,4/8/25,2,S2,MAT523 / 22,GEOMETRY B,ROCHELLE AITON,9,2028,A,3.73 pts,0,,348,,Yes
29,4/8/25,2,S2,SCI610 / 22,CHEMISTRY/B,GRANT MERRILL,11,2026,B,2.96 pts,1.43,,350,,Yes
29,4/8/25,1,S2,ENG504 / 21,PRE-AP FRESHMAN ENGLISH/B,ANGELINA MERRILL,9,2028,F,0.87 pts,14.43,,562,,Yes
29,4/8/25,5,S2,MAT523 / 25,GEOMETRY B,BRIAN ANDERSON,9,2028,C,2.40 pts,1.57,,351,,Yes
29,4/8/25,3,S2,MAT702 / 23,ALGEBRA II B,JENNIFER REILLY,10,2027,B+,3.31 pts,5.71,,353,,Yes
29,4/8/25,5,S2,ENG602 / 25,SOPH ENG/B,MARCEE SALAS,10,2027,C-,2.18 pts,4.86,,353,,Yes
29,4/8/25,6,S2,SCI602 / 46,BIOLOGY B,WILLIAM BAUR,10,2027,A,3.95 pts,4.86,,353,,Yes
29,4/8/25,2,S2,SCI610 / 22,CHEMISTRY/B,GRANT MERRILL,12,2025,W,1.43 pts,8.14,,354,,Yes
29,4/8/25,1,S2,ENG504 / 21,PRE-AP FRESHMAN ENGLISH/B,ANGELINA MERRILL,9,2028,C,2.39 pts,0,,563,,Yes
29,4/8/25,6,S2,SOC702 / 26,US HISTORY/B,SCOTT BOOTHBY,11,2026,F,1.61 pts,12.07,,356,,Yes
29,4/8/25,6,S2,MAT702 / 26,ALGEBRA II B,JASON BLAESING,11,2026,B-,2.89 pts,3.57,,357,,Yes
23,2/18/25,4,S2,MAT702 / 24,ALGEBRA II B,JENNIFER REILLY,11,2026,,,0,,577,,Yes
29,4/8/25,3,S2,MAT523 / 23,GEOMETRY B,ROCHELLE AITON,9,2028,C,2.43 pts,4,,358,,Yes
29,4/8/25,1,S2,SCI504 / 21,PHYSICAL SCIENCE B,JAMES BENNETT,9,2028,C,2.34 pts,0,,565,,Yes
29,4/8/25,6,S2,ENG502 / 26,FR ENGLISH/B,DAVID HOLLINGSWORTH,9,2028,A,3.82 pts,0,,565,,Yes
29,4/8/25,2,S2,MAT523 / 22,GEOMETRY B,ROCHELLE AITON,10,2027,F,0.00 pts,23.71,,360,,Yes
29,4/8/25,1,S2,ENG504 / 21,PRE-AP FRESHMAN ENGLISH/B,ANGELINA MERRILL,9,2028,A,3.76 pts,3,,566,,Yes
29,4/8/25,1,S2,SCI504 / 21,PHYSICAL SCIENCE B,JAMES BENNETT,11,2026,C-,2.10 pts,0.71,,361,,Yes
29,4/8/25,6,S2,MAT702 / 26,ALGEBRA II B,JASON BLAESING,11,2026,C+,2.65 pts,0,,361,,Yes
29,4/8/25,5,S2,BUS302 / 25,PERSONAL FINANCE B,NICOLE SIMEK,12,2025,F,0.12 pts,19.43,,362,,Yes
29,4/8/25,1,S2,ENG504 / 21,PRE-AP FRESHMAN ENGLISH/B,ANGELINA MERRILL,9,2028,,3.83 pts,0,,363,,Yes
29,4/8/25,3,S2,MAT523 / 23,GEOMETRY B,ROCHELLE AITON,9,2028,A,3.98 pts,0,,363,,Yes
29,4/8/25,6,S2,ENG502 / 26,FR ENGLISH/B,DAVID HOLLINGSWORTH,9,2028,A,3.80 pts,3,,567,,Yes
29,4/8/25,3,S2,MAT702 / 23,ALGEBRA II B,JENNIFER REILLY,10,2027,A,3.99 pts,1,,364,,Yes
29,4/8/25,4,S2,SCI602 / 24,BIOLOGY B,GRANT MERRILL,10,2027,A-,3.42 pts,1.43,,364,,Yes
29,4/8/25,1,S2,ENG504 / 21,PRE-AP FRESHMAN ENGLISH/B,ANGELINA MERRILL,9,2028,B+,3.38 pts,0,,568,,Yes
29,4/8/25,5,S2,MAT702 / 45,ALGEBRA II B,JENNIFER REILLY,11,2026,B-,2.81 pts,5.33,,569,,Yes
29,4/8/25,4,S2,SCI602 / 24,BIOLOGY B,GRANT MERRILL,10,2027,B-,2.77 pts,3,,448,,Yes
29,4/8/25,6,S2,ENG502 / 26,FR ENGLISH/B,DAVID HOLLINGSWORTH,9,2028,B-,2.75 pts,14.29,,366,,Yes
29,4/8/25,2,S2,BUS302 / 22,PERSONAL FINANCE B,NICOLE SIMEK,12,2025,D+,1.94 pts,1.86,,365,,Yes
29,4/8/25,1,S2,ENG504 / 21,PRE-AP FRESHMAN ENGLISH/B,ANGELINA MERRILL,9,2028,B+,3.20 pts,6.57,,450,,Yes
29,4/8/25,4,S2,MAT523 / 24,GEOMETRY B,ROCHELLE AITON,9,2028,D,1.74 pts,7.43,,450,,Yes
29,4/8/25,1,S2,SCI504 / 21,PHYSICAL SCIENCE B,JAMES BENNETT,11,2026,B,3.03 pts,7,,570,,Yes
24,2/25/25,4,S2,MAT702 / 24,ALGEBRA II B,JENNIFER REILLY,11,2026,C-,2.14 pts,0,,577,,Yes
29,4/8/25,1,S2,SCI504 / 21,PHYSICAL SCIENCE B,JAMES BENNETT,9,2028,C-,2.04 pts,4.29,,461,,Yes
29,4/8/25,6,S2,ENG502 / 26,FR ENGLISH/B,DAVID HOLLINGSWORTH,9,2028,C-,2.06 pts,3.57,,461,,Yes
29,4/8/25,3,S2,BUS302 / 23,PERSONAL FINANCE B,NICOLE SIMEK,12,2025,A,3.95 pts,6,,367,,Yes
29,4/8/25,5,S2,MAT523 / 25,GEOMETRY B,BRIAN ANDERSON,9,2028,B,2.97 pts,3.29,,369,,Yes
29,4/8/25,2,S2,BUS302 / 22,PERSONAL FINANCE B,NICOLE SIMEK,11,2026,F,0.94 pts,17,,451,,Yes
29,4/8/25,6,S2,MAT702 / 26,ALGEBRA II B,JASON BLAESING,11,2026,A-,3.43 pts,1.43,,370,,Yes
29,4/8/25,1,S2,ENG504 / 21,PRE-AP FRESHMAN ENGLISH/B,ANGELINA MERRILL,9,2028,A,3.61 pts,4.71,,571,,Yes
29,4/8/25,5,S2,ENG602 / 25,SOPH ENG/B,MARCEE SALAS,10,2027,F,1.64 pts,7.14,,371,,Yes
29,4/8/25,3,S2,SCI602 / 23,BIOLOGY B,GRANT MERRILL,10,2027,C-,2.07 pts,2.43,,372,,Yes
29,4/8/25,5,S2,MAT523 / 25,GEOMETRY B,BRIAN ANDERSON,10,2027,C+,2.65 pts,2.43,,372,,Yes
29,4/8/25,4,S2,MAT523 / 24,GEOMETRY B,ROCHELLE AITON,10,2027,A-,3.56 pts,0.43,,452,,Yes
29,4/8/25,6,S2,SCI602 / 26,BIOLOGY B,GRANT MERRILL,10,2027,A-,3.46 pts,0.43,,452,,Yes
29,4/8/25,2,S2,ENG602 / 22,SOPH ENG/B,KELLY GREGERSEN,10,2027,A-,3.58 pts,5,,572,,Yes
29,4/8/25,3,S2,MAT523 / 23,GEOMETRY B,ROCHELLE AITON,10,2027,B,3.13 pts,5.14,,572,,Yes
29,4/8/25,6,S2,SCI602 / 26,BIOLOGY B,GRANT MERRILL,10,2027,B-,2.72 pts,2.14,,453,,Yes
29,4/8/25,5,S2,ENG602 / 25,SOPH ENG/B,MARCEE SALAS,10,2027,A,3.84 pts,0,,373,,Yes
29,4/8/25,6,S2,SCI602 / 46,BIOLOGY B,WILLIAM BAUR,10,2027,A,4.00 pts,0,,373,,Yes
29,4/8/25,1,S2,ENG504 / 21,PRE-AP FRESHMAN ENGLISH/B,ANGELINA MERRILL,9,2028,C,2.34 pts,3,,573,,Yes
29,4/8/25,3,S2,BUS302 / 23,PERSONAL FINANCE B,NICOLE SIMEK,11,2026,B-,2.73 pts,5.86,,574,,Yes
29,4/8/25,6,S2,SCI602 / 26,BIOLOGY B,GRANT MERRILL,10,2027,D,1.71 pts,2.29,,375,,Yes
29,4/8/25,6,S2,SOC702 / 26,US HISTORY/B,SCOTT BOOTHBY,11,2026,B,3.15 pts,3,,376,,Yes
29,4/8/25,4,S2,SCI602 / 24,BIOLOGY B,GRANT MERRILL,10,2027,C,2.49 pts,1,,374,,Yes
29,4/8/25,2,S2,BUS302 / 22,PERSONAL FINANCE B,NICOLE SIMEK,12,2025,F,1.61 pts,8.86,,377,,Yes
29,4/8/25,1,S2,MAT523 / 21,GEOMETRY B,ROCHELLE AITON,10,2027,B,3.05 pts,1.29,,454,,Yes
29,4/8/25,3,S2,MAT702 / 23,ALGEBRA II B,JENNIFER REILLY,11,2026,F,0.95 pts,9.45,,380,,Yes
29,4/8/25,6,S2,SOC702 / 26,US HISTORY/B,SCOTT BOOTHBY,11,2026,C,2.31 pts,6.76,,380,,Yes
29,4/8/25,5,S2,MAT702 / 45,ALGEBRA II B,JENNIFER REILLY,11,2026,A,3.90 pts,2,,575,,Yes
25,3/4/25,4,S2,MAT702 / 24,ALGEBRA II B,JENNIFER REILLY,11,2026,C-,2.17 pts,0,,577,,Yes
29,4/8/25,5,S2,ENG602 / 25,SOPH ENG/B,MARCEE SALAS,10,2027,B,2.98 pts,1.57,,455,,Yes
29,4/8/25,5,S2,ENG602 / 25,SOPH ENG/B,MARCEE SALAS,10,2027,B,2.96 pts,6.86,,456,,Yes
29,4/8/25,2,S2,MAT523 / 22,GEOMETRY B,ROCHELLE AITON,10,2027,D+,1.80 pts,2,,382,,Yes
29,4/8/25,2,S2,MAT523 / 22,GEOMETRY B,ROCHELLE AITON,10,2027,B+,3.38 pts,8.86,,383,,Yes
29,4/8/25,3,S2,SCI602 / 23,BIOLOGY B,GRANT MERRILL,10,2027,C-,2.05 pts,9,,383,,Yes
29,4/8/25,5,S2,ENG602 / 25,SOPH ENG/B,MARCEE SALAS,10,2027,C-,2.19 pts,9.71,,383,,Yes
29,4/8/25,6,S2,MAT702 / 26,ALGEBRA II B,JASON BLAESING,10,2027,B+,3.38 pts,1,,384,,Yes
29,4/8/25,3,S2,BUS302 / 23,PERSONAL FINANCE B,NICOLE SIMEK,12,2025,A-,3.48 pts,3.71,,385,,Yes
29,4/8/25,2,S2,MAT523 / 22,GEOMETRY B,ROCHELLE AITON,10,2027,C+,2.55 pts,7.71,,386,,Yes
29,4/8/25,4,S2,SCI602 / 24,BIOLOGY B,GRANT MERRILL,10,2027,D+,1.92 pts,8.29,,386,,Yes
29,4/8/25,5,S2,MAT523 / 25,GEOMETRY B,BRIAN ANDERSON,10,2027,B,3.03 pts,2,,576,,Yes
26,3/11/25,4,S2,MAT702 / 24,ALGEBRA II B,JENNIFER REILLY,11,2026,C,2.49 pts,0,,577,,Yes
29,4/8/25,5,S2,MAT702 / 45,ALGEBRA II B,JENNIFER REILLY,10,2027,A,3.80 pts,1,,578,,Yes
29,4/8/25,2,S2,SCI610 / 22,CHEMISTRY/B,GRANT MERRILL,11,2026,B,2.95 pts,0.29,,387,,Yes
29,4/8/25,3,S2,MAT702 / 23,ALGEBRA II B,JENNIFER REILLY,11,2026,A,3.98 pts,0,,387,,Yes
29,4/8/25,2,S2,SCI610 / 22,CHEMISTRY/B,GRANT MERRILL,11,2026,C+,2.61 pts,0,,388,,Yes
27,3/18/25,4,S2,MAT702 / 24,ALGEBRA II B,JENNIFER REILLY,11,2026,C,2.34 pts,1,,577,,Yes
29,4/8/25,5,S2,BUS302 / 25,PERSONAL FINANCE B,NICOLE SIMEK,12,2025,A,3.66 pts,1.86,,579,,Yes
29,4/8/25,1,S2,MAT523 / 21,GEOMETRY B,ROCHELLE AITON,10,2027,B+,3.37 pts,3.14,,389,,Yes
29,4/8/25,3,S2,SCI602 / 23,BIOLOGY B,GRANT MERRILL,10,2027,B+,3.25 pts,3,,389,,Yes
29,4/8/25,6,S2,SOC702 / 26,US HISTORY/B,SCOTT BOOTHBY,11,2026,F,0.95 pts,20.98,,580,,Yes
29,4/8/25,3,S2,SCI602 / 23,BIOLOGY B,GRANT MERRILL,10,2027,F,1.49 pts,6,,391,,Yes
29,4/8/25,2,S2,ENG602 / 22,SOPH ENG/B,KELLY GREGERSEN,10,2027,B,3.15 pts,3.43,,392,,Yes
29,4/8/25,5,S2,MAT702 / 45,ALGEBRA II B,JENNIFER REILLY,10,2027,B,3.10 pts,4.14,,581,,Yes
29,4/8/25,3,S2,BUS302 / 23,PERSONAL FINANCE B,NICOLE SIMEK,12,2025,B-,2.75 pts,3.86,,394,,Yes
29,4/8/25,4,S2,MAT523 / 24,GEOMETRY B,ROCHELLE AITON,10,2027,B-,2.87 pts,0.43,,458,,Yes
29,4/8/25,5,S2,MAT702 / 45,ALGEBRA II B,JENNIFER REILLY,11,2026,C+,2.56 pts,3.71,,582,,Yes
29,4/8/25,1,S2,SCI504 / 21,PHYSICAL SCIENCE B,JAMES BENNETT,9,2028,F,1.59 pts,8,,583,,Yes
29,4/8/25,6,S2,ENG502 / 26,FR ENGLISH/B,DAVID HOLLINGSWORTH,9,2028,C+,2.69 pts,7.71,,583,,Yes
29,4/8/25,1,S2,SCI504 / 21,PHYSICAL SCIENCE B,JAMES BENNETT,9,2028,C+,2.56 pts,5.29,,584,,Yes
29,4/8/25,2,S2,MAT702 / 22,ALGEBRA II B,JASON BLAESING,10,2027,B+,3.24 pts,2.71,,398,,Yes
29,4/8/25,3,S2,SCI602 / 23,BIOLOGY B,GRANT MERRILL,10,2027,A,3.88 pts,2.43,,398,,Yes
29,4/8/25,1,S2,MAT523 / 21,GEOMETRY B,ROCHELLE AITON,10,2027,D+,1.98 pts,5,,399,,Yes
29,4/8/25,2,S2,ENG602 / 22,SOPH ENG/B,KELLY GREGERSEN,10,2027,A-,3.46 pts,5,,399,,Yes
29,4/8/25,6,S2,SCI602 / 26,BIOLOGY B,GRANT MERRILL,10,2027,C,2.43 pts,5.57,,399,,Yes
29,4/8/25,3,S2,SCI602 / 23,BIOLOGY B,GRANT MERRILL,10,2027,F,0.48 pts,23,,585,,Yes
29,4/8/25,1,S2,SCI504 / 21,PHYSICAL SCIENCE B,JAMES BENNETT,11,2026,C-,2.05 pts,15,,586,,Yes
28,3/25/25,4,S2,MAT702 / 24,ALGEBRA II B,JENNIFER REILLY,11,2026,C,2.23 pts,1,,577,,Yes
29,4/8/25,1,S2,ENG504 / 21,PRE-AP FRESHMAN ENGLISH/B,ANGELINA MERRILL,9,2028,B-,2.87 pts,2.14,,587,,Yes
29,4/8/25,1,S2,SCI504 / 21,PHYSICAL SCIENCE B,JAMES BENNETT,12,2025,D+,1.86 pts,4,,588,,Yes
29,4/8/25,4,S2,SCI602 / 24,BIOLOGY B,GRANT MERRILL,10,2027,D,1.79 pts,10,,401,,Yes
29,4/8/25,5,S2,ENG602 / 25,SOPH ENG/B,MARCEE SALAS,10,2027,C,2.20 pts,10.71,,401,,Yes
29,4/8/25,5,S2,MAT523 / 25,GEOMETRY B,BRIAN ANDERSON,10,2027,F,1.56 pts,4.29,,402,,Yes
29,4/8/25,3,S2,MAT523 / 23,GEOMETRY B,ROCHELLE AITON,10,2027,C,2.40 pts,4.14,,403,,Yes
29,4/8/25,5,S2,ENG602 / 25,SOPH ENG/B,MARCEE SALAS,10,2027,B,3.02 pts,4,,403,,Yes
29,4/8/25,4,S2,MAT702 / 24,ALGEBRA II B,JENNIFER REILLY,11,2026,C+,2.57 pts,1,,577,,Yes
30,4/15/25,4,S2,MAT702 / 24,ALGEBRA II B,JENNIFER REILLY,11,2026,C+,2.54 pts,1,,577,,Yes
29,4/8/25,2,S2,ENG602 / 22,SOPH ENG/B,KELLY GREGERSEN,10,2027,C,2.20 pts,0,,404,,Yes
29,4/8/25,3,S2,MAT523 / 23,GEOMETRY B,ROCHELLE AITON,10,2027,B+,3.32 pts,0,,404,,Yes
29,4/8/25,4,S2,SCI602 / 24,BIOLOGY B,GRANT MERRILL,10,2027,B,2.99 pts,0,,404,,Yes
29,4/8/25,3,S2,MAT702 / 23,ALGEBRA II B,JENNIFER REILLY,10,2027,B,2.91 pts,0,,405,,Yes
29,4/8/25,4,S2,SCI602 / 24,BIOLOGY B,GRANT MERRILL,10,2027,B-,2.73 pts,0,,405,,Yes
29,4/8/25,5,S2,ENG602 / 25,SOPH ENG/B,MARCEE SALAS,10,2027,A,3.71 pts,0,,405,,Yes
29,4/8/25,3,S2,MAT702 / 23,ALGEBRA II B,JENNIFER REILLY,11,2026,B-,2.79 pts,1.86,,406,,Yes
29,4/8/25,1,S2,MAT523 / 21,GEOMETRY B,ROCHELLE AITON,10,2027,F,0.32 pts,13.43,,407,,Yes
29,4/8/25,2,S2,ENG602 / 22,SOPH ENG/B,KELLY GREGERSEN,10,2027,D+,1.93 pts,13,,407,,Yes
29,4/8/25,6,S2,SCI602 / 46,BIOLOGY B,WILLIAM BAUR,10,2027,C,2.25 pts,14.57,,407,,Yes
29,4/8/25,5,S2,BUS302 / 25,PERSONAL FINANCE B,NICOLE SIMEK,12,2025,B-,2.70 pts,2.29,,408,,Yes
29,4/8/25,4,S2,SCI602 / 24,BIOLOGY B,GRANT MERRILL,11,2026,C+,2.68 pts,0.14,,591,,Yes
29,4/8/25,5,S2,BUS302 / 25,PERSONAL FINANCE B,NICOLE SIMEK,11,2026,A,3.90 pts,1,,591,,Yes
29,4/8/25,6,S2,ENG502 / 26,FR ENGLISH/B,DAVID HOLLINGSWORTH,9,2028,F,0.70 pts,21.43,,410,,Yes
29,4/8/25,2,S2,MAT523 / 22,GEOMETRY B,ROCHELLE AITON,10,2027,C-,2.13 pts,0.29,,411,,Yes
29,4/8/25,3,S2,SCI602 / 23,BIOLOGY B,GRANT MERRILL,10,2027,D+,1.80 pts,0,,411,,Yes
29,4/8/25,4,S2,MAT523 / 24,GEOMETRY B,ROCHELLE AITON,10,2027,C+,2.57 pts,0.71,,460,,Yes
29,4/8/25,1,S2,SCI504 / 21,PHYSICAL SCIENCE B,JAMES BENNETT,11,2026,D+,1.83 pts,0,,412,,Yes
29,4/8/25,2,S2,MAT702 / 22,ALGEBRA II B,JASON BLAESING,11,2026,,0.00 pts,0,,412,,Yes
29,4/8/25,5,S2,MAT702 / 45,ALGEBRA II B,JENNIFER REILLY,11,2026,B,2.98 pts,0,,412,,Yes
29,4/8/25,1,S2,SCI504 / 21,PHYSICAL SCIENCE B,JAMES BENNETT,9,2028,C,2.34 pts,1.86,,592,,Yes
29,4/8/25,3,S2,BUS302 / 23,PERSONAL FINANCE B,NICOLE SIMEK,12,2025,A,4.00 pts,29.71,,413,,Yes
29,4/8/25,1,S2,MAT523 / 21,GEOMETRY B,ROCHELLE AITON,10,2027,C,2.45 pts,0.71,,414,,Yes
29,4/8/25,5,S2,ENG602 / 25,SOPH ENG/B,MARCEE SALAS,10,2027,C,2.24 pts,0,,414,,Yes
29,4/8/25,6,S2,SCI602 / 46,BIOLOGY B,WILLIAM BAUR,10,2027,C+,2.53 pts,0,,414,,Yes
29,4/8/25,5,S2,BUS302 / 25,PERSONAL FINANCE B,NICOLE SIMEK,12,2025,A,4.00 pts,4.4,,593,,Yes
29,4/8/25,1,S2,SCI504 / 21,PHYSICAL SCIENCE B,JAMES BENNETT,12,2025,C,2.30 pts,5,,415,,Yes
29,4/8/25,2,S2,BUS302 / 22,PERSONAL FINANCE B,NICOLE SIMEK,12,2025,B-,2.72 pts,4.43,,415,,Yes
29,4/8/25,2,S2,ENG602 / 22,SOPH ENG/B,KELLY GREGERSEN,10,2027,C,2.28 pts,11,,416,,Yes
29,4/8/25,3,S2,SCI602 / 23,BIOLOGY B,GRANT MERRILL,10,2027,B-,2.89 pts,11.14,,416,,Yes
29,4/8/25,4,S2,MAT523 / 24,GEOMETRY B,ROCHELLE AITON,10,2027,D+,1.83 pts,11.43,,416,,Yes
29,4/8/25,6,S2,SCI602 / 46,BIOLOGY B,WILLIAM BAUR,10,2027,A-,3.50 pts,1,,417,,Yes
29,4/8/25,2,S2,ENG602 / 22,SOPH ENG/B,KELLY GREGERSEN,10,2027,D,1.79 pts,6,,418,,Yes
21,2/4/25,4,S2,MAT702 / 24,ALGEBRA II B,JENNIFER REILLY,11,2026,F,1.61 pts,21.86,,586,,Yes
29,4/8/25,6,S2,SCI602 / 26,BIOLOGY B,GRANT MERRILL,10,2027,B-,2.89 pts,5.43,,418,,Yes
29,4/8/25,3,S2,MAT523 / 23,GEOMETRY B,ROCHELLE AITON,9,2028,F,0.00 pts,27,,419,,Yes
29,4/8/25,5,S2,MAT523 / 25,GEOMETRY B,BRIAN ANDERSON,9,2028,B,2.93 pts,0,,420,,Yes
29,4/8/25,1,S2,SCI504 / 21,PHYSICAL SCIENCE B,JAMES BENNETT,9,2028,B,3.05 pts,3,,594,,Yes
29,4/8/25,4,S2,SCI602 / 24,BIOLOGY B,GRANT MERRILL,10,2027,B+,3.22 pts,3,,421,,Yes
29,4/8/25,2,S2,BUS302 / 22,PERSONAL FINANCE B,NICOLE SIMEK,12,2025,F,0.87 pts,15.57,,422,,Yes
29,4/8/25,2,S2,SCI610 / 22,CHEMISTRY/B,GRANT MERRILL,12,2025,C-,2.15 pts,5.33,,423,,Yes
29,4/8/25,2,S2,ENG602 / 22,SOPH ENG/B,KELLY GREGERSEN,10,2027,F,1.39 pts,10.43,,48,,Yes
29,4/8/25,5,S2,MAT523 / 25,GEOMETRY B,BRIAN ANDERSON,10,2027,F,0.85 pts,10.14,,48,,Yes
29,4/8/25,6,S2,SCI602 / 26,BIOLOGY B,GRANT MERRILL,10,2027,F,1.32 pts,10.29,,48,,Yes
29,4/8/25,1,S2,SCI504 / 21,PHYSICAL SCIENCE B,JAMES BENNETT,12,2025,F,1.57 pts,9.86,,49,,Yes
29,4/8/25,6,S2,MAT702 / 26,ALGEBRA II B,JASON BLAESING,12,2025,F,1.18 pts,9.86,,49,,Yes
30,4/15/25,1,S2,ENG702 / 21,JUNIOR ENG/B,JOHN CARVER,11,2026,F,0.65 pts,14.33,,1,,#N/A
30,4/15/25,2,S2,FAR541 / 22,PERCUSSION/B,DAVID DUARTE,11,2026,,,12,,1,,#N/A
30,4/15/25,3,S2,PED101 / 23,PHYSICAL EDUCATION,SCOTT DIZMANG,11,2026,F,1.63 pts,9.48,,1,,#N/A
30,4/15/25,4,S2,CTE115 / 24,ENGINEERING B,JASON BLAESING,11,2026,F,0.87 pts,14.76,,1,,#N/A
30,4/15/25,5,S2,ONT401 / 25,ON-TRACK/B,ROBERT YEE,11,2026,F,0.00 pts,6.86,,1,,#N/A
30,4/15/25,5,S2,MAT702 / 45,ALGEBRA II B,JENNIFER REILLY,11,2026,W,0.98 pts,5.05,,1,,Yes
30,4/15/25,6,S2,SOC702 / 26,US HISTORY/B,SCOTT BOOTHBY,11,2026,F,1.01 pts,11.14,,1,,Yes
30,4/15/25,1,S2,CTA102 / 21,CTA S2,,11,2026,,,0,,3,,#N/A
30,4/15/25,2,S2,CTA102 / 21,CTA S2,,11,2026,,,0,,3,,#N/A
30,4/15/25,3,S2,CTA102 / 21,CTA S2,,11,2026,,,0,,3,,#N/A
22,2/11/25,4,S2,MAT702 / 24,ALGEBRA II B,JENNIFER REILLY,11,2026,,,2.57,,586,,Yes
30,4/15/25,5,S2,ASL504 / 25,AMERICAN SIGN LANGUAGE II/B,TAMI GRANT,11,2026,A,4.00 pts,4,,3,,#N/A
30,4/15/25,6,S2,ENG702 / 26,JUNIOR ENG/B,JOHN CARVER,11,2026,B+,3.24 pts,3,,3,,#N/A
30,4/15/25,1,S2,FAR506 / 21,CONCERT CHOIR /B,DAVID DUARTE,10,2027,A-,3.45 pts,7.14,,4,,#N/A
30,4/15/25,2,S2,SPA502 / 22,SPANISH I B,ARELI LOPEZ LOPEZ,10,2027,C,2.20 pts,5,,4,,#N/A
30,4/15/25,3,S2,SOC109 / 23,WORLD HISTORY/B,RYAN ISAACSON,10,2027,F,1.59 pts,4.14,,4,,#N/A
30,4/15/25,4,S2,SCI602 / 24,BIOLOGY B,GRANT MERRILL,10,2027,F,1.20 pts,5.86,,4,,Yes
30,4/15/25,5,S2,ENG602 / 25,SOPH ENG/B,MARCEE SALAS,10,2027,C,2.27 pts,4.29,Alex W,4,Active,Yes
30,4/15/25,6,S2,MAT523 / 46,GEOMETRY B,ROCHELLE AITON,10,2027,C,2.46 pts,4.43,,4,,#N/A
30,4/15/25,1,S2,VOC706 / 21,DIGITAL PHOTOGRAPHY II,ROSANNA RUFF,11,2026,B+,3.21 pts,0.57,,5,,#N/A
30,4/15/25,2,S2,SCI504 / 42,PHYSICAL SCIENCE B,WILLIAM BAUR,11,2026,B-,2.72 pts,0.71,,5,,#N/A
30,4/15/25,3,S2,BUS302 / 23,PERSONAL FINANCE B,NICOLE SIMEK,11,2026,C-,2.16 pts,0.86,,5,,Yes
30,4/15/25,4,S2,SOC702 / 24,US HISTORY/B,DAVE HAJEK,11,2026,C,2.27 pts,2,,5,,#N/A
30,4/15/25,5,S2,ENG702 / 25,JUNIOR ENG/B,JOHN CARVER,11,2026,C,2.48 pts,1.71,,5,,#N/A
30,4/15/25,6,S2,HFL113 / 26,INTRO CULINARY ART,ALEXANDRA YOST,11,2026,A,3.87 pts,1.29,,5,,#N/A
30,4/15/25,1,S2,VOC620 / 21,METAL CRAFTS & PRODUCTION I,DONALD O'BRIEN,10,2027,,0.33 pts,0,,6,,#N/A
30,4/15/25,1,S2,PED500 / 21,WEIGHT TRAINING,SCOTT BOOTHBY,10,2027,B+,3.25 pts,0.29,,6,,#N/A
30,4/15/25,2,S2,PED500 / 22,WEIGHT TRAINING,SCOTT BOOTHBY,10,2027,,4.00 pts,0,,6,,#N/A
30,4/15/25,2,S2,ELE404 / 22,LANGUAGE SUPPORT/B,HAYLEY ALVARADO,10,2027,A,4.00 pts,0,,6,,#N/A
30,4/15/25,3,S2,SOC109 / 23,WORLD HISTORY/B,RYAN ISAACSON,10,2027,B+,3.26 pts,0,,6,,#N/A
30,4/15/25,4,S2,MAT523 / 24,GEOMETRY B,ROCHELLE AITON,10,2027,B,2.91 pts,0,John L,6,Active,Yes
30,4/15/25,5,S2,ENG602 / 25,SOPH ENG/B,MARCEE SALAS,10,2027,C+,2.57 pts,0,Pat,6,Active,Yes
30,4/15/25,6,S2,SCI602 / 46,BIOLOGY B,WILLIAM BAUR,10,2027,A,3.95 pts,0,Mimi,6,Active,Yes
30,4/15/25,1,S2,ENG802 / 21,SENIOR ENG/B,HEATHER CARVER,12,2025,F,0.53 pts,9,,7,,#N/A
30,4/15/25,2,S2,BUS302 / 22,PERSONAL FINANCE B,NICOLE SIMEK,12,2025,,0.79 pts,8.71,,7,,Yes
30,4/15/25,2,S2,ELE404 / 22,LANGUAGE SUPPORT/B,HAYLEY ALVARADO,12,2025,,,0,,7,,#N/A
30,4/15/25,3,S2,ONT401 / 23,ON-TRACK/B,BRIAN ANDERSON,12,2025,U,0.20 pts,8.71,,7,,#N/A
30,4/15/25,4,S2,ENG716 / 24,DRAMATIC LITERATURE,KELLY GREGERSEN,12,2025,F,0.89 pts,9.14,,7,,#N/A
30,4/15/25,5,S2,CTE101 / 25,MEDICAL CAREER & TERMS/B,DONNA SCHATZ,12,2025,B-,2.86 pts,8.29,,7,,#N/A
30,4/15/25,6,S2,SOC801 / 26,CONTEMPORARY WORLD ISSUES,JIM REED,12,2025,F,1.09 pts,9.43,,7,,#N/A
30,4/15/25,1,S2,FAR721 / 21,PANTHER PLAYERS/B,KELLY GREGERSEN,11,2026,B+,3.36 pts,6.29,,46,,#N/A
30,4/15/25,2,S2,SCI610 / 22,CHEMISTRY/B,GRANT MERRILL,11,2026,F,1.23 pts,6.29,Jay,46,Active,Yes
30,4/15/25,3,S2,MAT702 / 23,ALGEBRA II B,JENNIFER REILLY,11,2026,C,2.46 pts,6.29,,46,,Yes
30,4/15/25,4,S2,ENG716 / 24,DRAMATIC LITERATURE,KELLY GREGERSEN,11,2026,C+,2.65 pts,6.29,,46,,#N/A
30,4/15/25,5,S2,SOC702 / 25,US HISTORY/B,DAVE HAJEK,11,2026,C,2.25 pts,6.29,,46,,#N/A
30,4/15/25,6,S2,SPA502 / 26,SPANISH I B,ARELI LOPEZ LOPEZ,11,2026,B-,2.81 pts,6.29,,46,,#N/A
30,4/15/25,1,S2,FAR721 / 21,PANTHER PLAYERS/B,KELLY GREGERSEN,12,2025,B+,3.35 pts,3.57,,8,,#N/A
30,4/15/25,2,S2,BUS302 / 22,PERSONAL FINANCE B,NICOLE SIMEK,12,2025,F,0.67 pts,5.86,,8,,Yes
30,4/15/25,3,S2,HFL113 / 23,INTRO CULINARY ART,ALEXANDRA YOST,12,2025,W,2.22 pts,2.57,,8,,#N/A
30,4/15/25,3,S2,AID102 / HC3,TEACHER AIDE,HEATHER CARVER,12,2025,,,3.14,,8,,#N/A
30,4/15/25,4,S2,ENG718 / 24,AP LITERATURE/COMPOSITION B,HEATHER CARVER,12,2025,C-,2.01 pts,5.43,,8,,#N/A
30,4/15/25,5,S2,SOC801 / 25,CONTEMPORARY WORLD ISSUES,SCOTT BOOTHBY,12,2025,C+,2.56 pts,5.43,,8,,#N/A
30,4/15/25,6,S2,SCI504 / 26,PHYSICAL SCIENCE B,JAMES BENNETT,12,2025,D,1.75 pts,5.43,,8,,#N/A
30,4/15/25,1,S2,PED513 / 21,TEAM GAMES,SCOTT DIZMANG,10,2027,A,4.00 pts,1,,9,,#N/A
30,4/15/25,2,S2,SOC109 / 22,WORLD HISTORY/B,DAVID HOLLINGSWORTH,10,2027,B+,3.22 pts,1,,9,,#N/A
30,4/15/25,3,S2,HFL116 / 23,BAKING PASTRY ARTS I,KAYLA PAYNE,10,2027,A,4.00 pts,1,,9,,#N/A
30,4/15/25,4,S2,SCI602 / 24,BIOLOGY B,GRANT MERRILL,10,2027,C,2.41 pts,1.29,Tom C,9,Active,Yes
30,4/15/25,5,S2,MAT523 / 25,GEOMETRY B,BRIAN ANDERSON,10,2027,B,3.08 pts,1.14,Linda,9,Active,Yes
30,4/15/25,6,S2,ENG602 / 26,SOPH ENG/B,MARCEE SALAS,10,2027,D+,1.84 pts,1,,9,,#N/A
30,4/15/25,1,S2,MAT523 / 21,GEOMETRY B,ROCHELLE AITON,10,2027,C,2.21 pts,3.43,John L,10,Active,Yes
30,4/15/25,2,S2,ENG602 / 22,SOPH ENG/B,KELLY GREGERSEN,10,2027,B,3.02 pts,3.29,,10,,Yes
30,4/15/25,3,S2,SOC109 / 23,WORLD HISTORY/B,RYAN ISAACSON,10,2027,C,2.45 pts,3.29,,10,,#N/A
30,4/15/25,4,S2,HFL119 / 24,ADV CULINARY ARTS B,ALEXANDRA YOST,10,2027,A,3.98 pts,3,,10,,#N/A
30,4/15/25,5,S2,PED500 / 25,WEIGHT TRAINING,SCOTT DIZMANG,10,2027,A-,3.50 pts,3,,10,,#N/A
30,4/15/25,6,S2,SCI602 / 26,BIOLOGY B,GRANT MERRILL,10,2027,C-,2.19 pts,3.14,Larry,10,Active,Yes
30,4/15/25,1,S2,SPA602 / 21,SPANISH II B,ARELI LOPEZ LOPEZ,11,2026,A-,3.57 pts,3,,11,,#N/A
30,4/15/25,2,S2,HFL115 / 22,ADVANCED PASTRY ARTS I,KAYLA PAYNE,11,2026,A,3.97 pts,3,,11,,#N/A
30,4/15/25,3,S2,MAT702 / 23,ALGEBRA II B,JENNIFER REILLY,11,2026,C,2.46 pts,3.29,Larry,11,Active,Yes
30,4/15/25,4,S2,CTE115 / 24,ENGINEERING B,JASON BLAESING,11,2026,B+,3.39 pts,3.14,,11,,#N/A
30,4/15/25,5,S2,SOC704 / 25,AP US HISTORY B,RYAN ISAACSON,11,2026,A,4.00 pts,3,,11,,#N/A
30,4/15/25,6,S2,ENG702 / 26,JUNIOR ENG/B,JOHN CARVER,11,2026,B,2.98 pts,3.14,,11,,#N/A
30,4/15/25,1,S2,CTE115 / 21,ENGINEERING B,JASON BLAESING,11,2026,D+,1.99 pts,2,,12,,#N/A
30,4/15/25,2,S2,VOC705 / 22,DIGITAL PHOTOGRAPHY I,ROSANNA RUFF,11,2026,B+,3.33 pts,2,,12,,#N/A
30,4/15/25,3,S2,PED500 / 23,WEIGHT TRAINING,SCOTT BOOTHBY,11,2026,A,3.88 pts,2.14,,12,,#N/A
30,4/15/25,4,S2,SOC702 / 24,US HISTORY/B,DAVE HAJEK,11,2026,F,0.54 pts,2,,12,,#N/A
30,4/15/25,5,S2,BUS302 / 25,PERSONAL FINANCE B,NICOLE SIMEK,11,2026,C,2.27 pts,2,,12,,Yes
30,4/15/25,6,S2,ENG702 / 26,JUNIOR ENG/B,JOHN CARVER,11,2026,C-,2.09 pts,2,,12,,#N/A
30,4/15/25,1,S2,MAT523 / 21,GEOMETRY B,ROCHELLE AITON,10,2027,F,1.46 pts,4.14,John L,13,Active,Yes
30,4/15/25,2,S2,ENG602 / 22,SOPH ENG/B,KELLY GREGERSEN,10,2027,D+,1.84 pts,3.86,,13,,Yes
30,4/15/25,3,S2,SCI602 / 43,BIOLOGY B,DONNA SCHATZ,10,2027,B+,3.28 pts,3.86,,13,,#N/A
30,4/15/25,4,S2,SCI504 / 44,PHYSICAL SCIENCE B,WILLIAM BAUR,10,2027,D,1.74 pts,4,,13,,#N/A
30,4/15/25,5,S2,HFL116 / 25,BAKING PASTRY ARTS I,KAYLA PAYNE,10,2027,A-,3.57 pts,3.86,,13,,#N/A
30,4/15/25,6,S2,SOC109 / 46,WORLD HISTORY/B,DAVE HAJEK,10,2027,F,1.44 pts,3.86,,13,,#N/A
30,4/15/25,1,S2,ENG702 / 21,JUNIOR ENG/B,JOHN CARVER,11,2026,C,2.47 pts,1.71,,14,,#N/A
30,4/15/25,2,S2,VOC107 / 22,METALS MANUF & TECHNOLOGY II,DONALD O'BRIEN,11,2026,A-,3.55 pts,1.43,,14,,#N/A
30,4/15/25,3,S2,MAT702 / 23,ALGEBRA II B,JENNIFER REILLY,11,2026,F,0.96 pts,0.86,,14,Active,Yes
30,4/15/25,4,S2,SCI504 / 24,PHYSICAL SCIENCE B,JAMES BENNETT,11,2026,B-,2.79 pts,1.29,,14,,#N/A
30,4/15/25,5,S2,SOC702 / 25,US HISTORY/B,DAVE HAJEK,11,2026,C,2.29 pts,1.29,,14,,#N/A
30,4/15/25,6,S2,AID102 / AL6,TEACHER AIDE,ARELI LOPEZ LOPEZ,11,2026,,,1,,14,,#N/A
30,4/15/25,1,S2,SPA602 / 21,SPANISH II B,ARELI LOPEZ LOPEZ,10,2027,B-,2.84 pts,0,,15,,#N/A
30,4/15/25,2,S2,ENG602 / 22,SOPH ENG/B,KELLY GREGERSEN,10,2027,C+,2.50 pts,0,,15,,Yes
30,4/15/25,3,S2,SCI602 / 23,BIOLOGY B,GRANT MERRILL,10,2027,F,1.46 pts,0.14,Linda,15,Active,Yes
30,4/15/25,4,S2,MAT523 / 24,GEOMETRY B,ROCHELLE AITON,10,2027,C,2.26 pts,0,,15,,Yes
30,4/15/25,5,S2,VOC502 / 25,FINE ARTS WOODWORKING I,BRENT MANSELL,10,2027,A,4.00 pts,0,,15,,#N/A
30,4/15/25,6,S2,SOC109 / 26,WORLD HISTORY/B,RYAN ISAACSON,10,2027,F,1.37 pts,0,,15,,#N/A
30,4/15/25,1,S2,SOC109 / 21,WORLD HISTORY/B,DAVID HOLLINGSWORTH,10,2027,A-,3.55 pts,0.71,,16,,#N/A
30,4/15/25,2,S2,FAR108 / 22,CERAMICS I,ROBERT YEE,10,2027,C-,2.05 pts,0.43,,16,,#N/A
30,4/15/25,3,S2,MAT523 / 23,GEOMETRY B,ROCHELLE AITON,10,2027,F,1.40 pts,0.43,John L,16,Active,Yes
30,4/15/25,4,S2,SCI504 / 44,PHYSICAL SCIENCE B,WILLIAM BAUR,10,2027,C-,2.03 pts,0,,16,,#N/A
30,4/15/25,5,S2,HFL116 / 25,BAKING PASTRY ARTS I,KAYLA PAYNE,10,2027,A,3.91 pts,0,,16,,#N/A
30,4/15/25,6,S2,ENG602 / 26,SOPH ENG/B,MARCEE SALAS,10,2027,B,3.06 pts,0,,16,,#N/A
30,4/15/25,1,S2,MAT523 / 21,GEOMETRY B,ROCHELLE AITON,10,2027,,,1,,17,,Yes
30,4/15/25,1,S2,PED513 / 21,TEAM GAMES,SCOTT DIZMANG,10,2027,C-,2.10 pts,5.71,,17,,#N/A
30,4/15/25,2,S2,ENG602 / 22,SOPH ENG/B,KELLY GREGERSEN,10,2027,C-,2.11 pts,4.45,,17,,Yes
30,4/15/25,3,S2,SCI602 / 43,BIOLOGY B,DONNA SCHATZ,10,2027,D,1.71 pts,3.71,,17,,#N/A
30,4/15/25,4,S2,SOC109 / 24,WORLD HISTORY/B,DAVID HOLLINGSWORTH,10,2027,B-,2.74 pts,6.29,,17,,#N/A
30,4/15/25,5,S2,HFL116 / 25,BAKING PASTRY ARTS I,KAYLA PAYNE,10,2027,A-,3.59 pts,4.43,,17,,#N/A
30,4/15/25,6,S2,MAT523 / 46,GEOMETRY B,ROCHELLE AITON,10,2027,F,0.63 pts,6,,17,,#N/A
30,4/15/25,1,S2,PED500 / 21,WEIGHT TRAINING,SCOTT BOOTHBY,12,2025,,2.00 pts,0.14,,18,,#N/A
30,4/15/25,1,S2,AACAL2 / 21,ACADEMIC ACHIEVEMENT B,AARON LABREE,12,2025,,,7.14,,18,,#N/A
30,4/15/25,2,S2,BUS302 / 22,PERSONAL FINANCE B,NICOLE SIMEK,12,2025,D,1.72 pts,5.29,,18,,Yes
30,4/15/25,3,S2,SOC801 / 23,CONTEMPORARY WORLD ISSUES,JIM REED,12,2025,C+,2.58 pts,5.71,,18,,#N/A
30,4/15/25,4,S2,PED513 / 24,TEAM GAMES,SCOTT DIZMANG,12,2025,C-,2.10 pts,7.29,,18,,#N/A
30,4/15/25,5,S2,ONT401 / 25,ON-TRACK/B,ROBERT YEE,12,2025,F,0.00 pts,4.43,,18,,#N/A
30,4/15/25,6,S2,ENG802 / 26,SENIOR ENG/B,HEATHER CARVER,12,2025,B-,2.76 pts,4.57,,18,,#N/A
30,4/15/25,1,S2,HFL114 / 21,FAMILY HEALTH,THOMAS KESSINGER,9,2028,A,3.68 pts,1,,2,,#N/A
30,4/15/25,2,S2,ASL502 / 22,AMERICAN  SIGN LANGUAGE I/B,KYLA RITCHEY,9,2028,C+,2.69 pts,1,,2,,#N/A
30,4/15/25,3,S2,MAT521 / 43,ALGEBRA I B,JANET GROVE,9,2028,C+,2.61 pts,1,,2,,#N/A
30,4/15/25,4,S2,SCI504 / 24,PHYSICAL SCIENCE B,JAMES BENNETT,9,2028,C-,2.15 pts,1.14,,2,,#N/A
30,4/15/25,5,S2,VOC705 / 25,DIGITAL PHOTOGRAPHY I,ROSANNA RUFF,9,2028,B-,2.71 pts,1.43,,2,,#N/A
30,4/15/25,6,S2,ENG502 / 26,FR ENGLISH/B,DAVID HOLLINGSWORTH,9,2028,A,3.98 pts,1.57,Melanie,2,Active,Yes
30,4/15/25,1,S2,CTE115 / 21,ENGINEERING B,JASON BLAESING,11,2026,C,2.23 pts,0,,19,,#N/A
30,4/15/25,2,S2,FAR108 / 22,CERAMICS I,ROBERT YEE,11,2026,C-,2.05 pts,0,,19,,#N/A
30,4/15/25,3,S2,PED101 / 23,PHYSICAL EDUCATION,SCOTT DIZMANG,11,2026,A-,3.53 pts,0,,19,,#N/A
30,4/15/25,4,S2,ENG702 / 24,JUNIOR ENG/B,JOHN CARVER,11,2026,B+,3.22 pts,0.14,,19,,#N/A
30,4/15/25,5,S2,SOC704 / 25,AP US HISTORY B,RYAN ISAACSON,11,2026,F,1.03 pts,0,,19,,#N/A
30,4/15/25,6,S2,MAT702 / 26,ALGEBRA II B,JASON BLAESING,11,2026,B-,2.70 pts,0,Larry,19,Active,Yes
30,4/15/25,1,S2,ENG602 / 21,SOPH ENG/B,MARCEE SALAS,10,2027,A-,3.44 pts,6.14,,20,,#N/A
30,4/15/25,2,S2,MAT523 / 42,GEOMETRY B,BRIAN ANDERSON,10,2027,C,2.37 pts,6,,20,,#N/A
30,4/15/25,3,S2,FAR109 / 23,CERAMICS II,ROBERT YEE,10,2027,,,1,,20,,#N/A
30,4/15/25,3,S2,FAR108 / 23,CERAMICS I,ROBERT YEE,10,2027,F,1.58 pts,5,,20,,#N/A
30,4/15/25,4,S2,SCI602 / 24,BIOLOGY B,GRANT MERRILL,10,2027,B+,3.37 pts,6,Linda,20,Active,Yes
30,4/15/25,5,S2,CTE101 / 25,MEDICAL CAREER & TERMS/B,DONNA SCHATZ,10,2027,C-,2.13 pts,6,,20,,#N/A
30,4/15/25,6,S2,SOC109 / 46,WORLD HISTORY/B,DAVE HAJEK,10,2027,B-,2.75 pts,6.14,,20,,#N/A
30,4/15/25,1,S2,SOC702 / 21,US HISTORY/B,DAVE HAJEK,11,2026,F,0.69 pts,5.14,,21,,#N/A
30,4/15/25,2,S2,MAT523 / 22,GEOMETRY B,ROCHELLE AITON,11,2026,F,0.32 pts,6.43,John,21,Active,Yes
30,4/15/25,3,S2,BUS302 / 23,PERSONAL FINANCE B,NICOLE SIMEK,11,2026,C,2.39 pts,6.29,,21,,Yes
30,4/15/25,4,S2,HFL119 / 24,ADV CULINARY ARTS B,ALEXANDRA YOST,11,2026,A,3.96 pts,6.57,,21,,#N/A
30,4/15/25,5,S2,ENG702 / 25,JUNIOR ENG/B,JOHN CARVER,11,2026,D,1.78 pts,6.71,,21,,#N/A
30,4/15/25,6,S2,FAR113 / 26,INTRO TO ART AND DESIGN,ROBERT YEE,11,2026,,3.00 pts,5.14,,21,,#N/A
30,4/15/25,6,S2,FAR114 / 26,INTERMEDIATE ART,ROBERT YEE,11,2026,,,1,,21,,#N/A
30,4/15/25,1,S2,PED513 / 21,TEAM GAMES,SCOTT DIZMANG,11,2026,A,4.00 pts,2.43,,22,,#N/A
30,4/15/25,2,S2,HFL115 / 22,ADVANCED PASTRY ARTS I,KAYLA PAYNE,11,2026,A,3.99 pts,2.43,,22,,#N/A
30,4/15/25,3,S2,MAT702 / 23,ALGEBRA II B,JENNIFER REILLY,11,2026,C,2.47 pts,2.43,Larry,22,Active,Yes
30,4/15/25,4,S2,SCI504 / 44,PHYSICAL SCIENCE B,WILLIAM BAUR,11,2026,B,3.03 pts,2,,22,,#N/A
30,4/15/25,5,S2,SOC702 / 25,US HISTORY/B,DAVE HAJEK,11,2026,B,2.99 pts,2.57,,22,,#N/A
30,4/15/25,6,S2,ENG702 / 26,JUNIOR ENG/B,JOHN CARVER,11,2026,B-,2.72 pts,2.43,,22,,#N/A
30,4/15/25,1,S2,MAT705 / 21,PRE-CALC B MAT 154,BRIAN ANDERSON,12,2025,D,1.69 pts,1.25,,24,,#N/A
30,4/15/25,2,S2,RUN102 / 22,RUNNING START/B,,12,2025,,,0,,24,,#N/A
30,4/15/25,3,S2,RUN102 / 23,RUNNING START/B,,12,2025,,,0,,24,,#N/A
30,4/15/25,4,S2,RUN102 / 24,RUNNING START/B,,12,2025,,,0,,24,,#N/A
30,4/15/25,5,S2,ENG802 / 25,SENIOR ENG/B,HEATHER CARVER,12,2025,B+,3.28 pts,1,,24,,#N/A
30,4/15/25,6,S2,SOC801 / 26,CONTEMPORARY WORLD ISSUES,JIM REED,12,2025,A,4.00 pts,1.5,,24,,#N/A
30,4/15/25,1,S2,PED500 / 21,WEIGHT TRAINING,SCOTT BOOTHBY,9,2028,B,3.06 pts,1,,25,,#N/A
30,4/15/25,2,S2,SCI504 / 42,PHYSICAL SCIENCE B,WILLIAM BAUR,9,2028,F,1.29 pts,1,,25,,#N/A
30,4/15/25,3,S2,FAR108 / 23,CERAMICS I,ROBERT YEE,9,2028,A,3.95 pts,1,,25,,#N/A
30,4/15/25,4,S2,CTE230 / 24,SOCIAL MEDIA MARKETING I,NICOLE SIMEK,9,2028,C+,2.59 pts,1,,25,,#N/A
30,4/15/25,5,S2,MAT521 / 25,ALGEBRA I B,KEVIN REILLY,9,2028,C+,2.69 pts,1,,25,,#N/A
30,4/15/25,6,S2,ENG502 / 26,FR ENGLISH/B,DAVID HOLLINGSWORTH,9,2028,D+,1.84 pts,1,Alex W,25,Active,Yes
30,4/15/25,1,S2,ENG702 / 21,JUNIOR ENG/B,JOHN CARVER,11,2026,F,1.17 pts,16.86,,26,,#N/A
30,4/15/25,2,S2,SCI504 / 22,PHYSICAL SCIENCE B,JAMES BENNETT,11,2026,C,2.35 pts,15.14,,26,,#N/A
30,4/15/25,3,S2,BUS302 / 23,PERSONAL FINANCE B,NICOLE SIMEK,11,2026,F,1.19 pts,13.57,,26,,Yes
30,4/15/25,4,S2,SOC702 / 24,US HISTORY/B,DAVE HAJEK,11,2026,D,1.71 pts,12.14,,26,,#N/A
30,4/15/25,5,S2,ONT401 / 25,ON-TRACK/B,ROBERT YEE,11,2026,F,0.00 pts,14.86,,26,,#N/A
30,4/15/25,6,S2,FAR113 / 26,INTRO TO ART AND DESIGN,ROBERT YEE,11,2026,F,0.00 pts,15.29,,26,,#N/A
30,4/15/25,1,S2,MAT702 / 21,ALGEBRA II B,JENNIFER REILLY,11,2026,B,2.90 pts,7.57,,29,,#N/A
30,4/15/25,2,S2,SCI504 / 42,PHYSICAL SCIENCE B,WILLIAM BAUR,11,2026,B+,3.24 pts,6.57,,29,,#N/A
30,4/15/25,3,S2,ENG720 / 23,AP LANGUAGE/ COMPOSITON B,HEATHER CARVER,11,2026,D+,1.86 pts,6.14,,29,,#N/A
30,4/15/25,4,S2,ASL506 / 24,AMER SIGN III/B,TAMI GRANT,11,2026,A-,3.50 pts,4.29,,29,,#N/A
30,4/15/25,5,S2,CTE502 / 25,PROJECT IN  LEADERSHIP/B,KYLA RITCHEY,11,2026,A-,3.59 pts,4,,29,,#N/A
30,4/15/25,6,S2,SOC702 / 26,US HISTORY/B,SCOTT BOOTHBY,11,2026,B,3.06 pts,6.43,Melanie,29,Active,Yes
30,4/15/25,1,S2,ENG802 / 21,SENIOR ENG/B,HEATHER CARVER,12,2025,F,0.14 pts,0.43,,27,,#N/A
30,4/15/25,2,S2,BUS302 / 22,PERSONAL FINANCE B,NICOLE SIMEK,12,2025,F,0.76 pts,0.29,,27,,Yes
30,4/15/25,3,S2,ONT401 / 23,ON-TRACK/B,BRIAN ANDERSON,12,2025,U,0.17 pts,0,,27,,#N/A
30,4/15/25,4,S2,SOC801 / 24,CONTEMPORARY WORLD ISSUES,JIM REED,12,2025,F,0.69 pts,0.29,,27,,#N/A
30,4/15/25,5,S2,CTE101 / 25,MEDICAL CAREER & TERMS/B,DONNA SCHATZ,12,2025,F,1.39 pts,0.29,,27,,#N/A
30,4/15/25,6,S2,ENG715 / 26,FILM AS LITERATURE,KELLY GREGERSEN,12,2025,F,1.51 pts,0,,27,,#N/A
30,4/15/25,1,S2,ENG602 / 21,SOPH ENG/B,MARCEE SALAS,10,2027,C+,2.63 pts,1,,28,,#N/A
30,4/15/25,2,S2,SCI602 / 42,BIOLOGY B,DONNA SCHATZ,10,2027,B-,2.70 pts,1.29,,28,,#N/A
30,4/15/25,3,S2,ASL502 / 23,AMERICAN  SIGN LANGUAGE I/B,KYLA RITCHEY,10,2027,B,2.96 pts,1,,28,,#N/A
30,4/15/25,4,S2,MAT523 / 24,GEOMETRY B,ROCHELLE AITON,10,2027,F,1.16 pts,1,,28,,Yes
30,4/15/25,5,S2,HFL116 / 25,BAKING PASTRY ARTS I,KAYLA PAYNE,10,2027,A,3.77 pts,1,,28,,#N/A
30,4/15/25,6,S2,SOC109 / 26,WORLD HISTORY/B,RYAN ISAACSON,10,2027,D,1.65 pts,1.43,,28,,#N/A
30,4/15/25,1,S2,ENG802 / 21,SENIOR ENG/B,HEATHER CARVER,12,2025,C+,2.55 pts,7.14,,30,,#N/A
30,4/15/25,2,S2,ASL504 / 22,AMERICAN SIGN LANGUAGE II/B,TAMI GRANT,12,2025,A-,3.47 pts,5.43,,30,,#N/A
30,4/15/25,3,S2,HFL113 / 23,INTRO CULINARY ART,ALEXANDRA YOST,12,2025,A,3.75 pts,6.14,,30,,#N/A
30,4/15/25,4,S2,SOC801 / 24,CONTEMPORARY WORLD ISSUES,JIM REED,12,2025,A,3.61 pts,6,,30,,#N/A
30,4/15/25,5,S2,BUS302 / 25,PERSONAL FINANCE B,NICOLE SIMEK,12,2025,B,3.10 pts,5.43,,30,,Yes
30,4/15/25,6,S2,VOC621 / 26,METAL CRAFTS & PRODUCTION II,DONALD O'BRIEN,12,2025,B,2.97 pts,6.29,,30,,#N/A
30,4/15/25,1,S2,SOC109 / 21,WORLD HISTORY/B,DAVID HOLLINGSWORTH,10,2027,A,3.75 pts,2.14,,32,,#N/A
30,4/15/25,2,S2,HFL114 / 22,FAMILY HEALTH,THOMAS KESSINGER,10,2027,A,3.72 pts,2,,32,,#N/A
30,4/15/25,3,S2,SCI602 / 43,BIOLOGY B,DONNA SCHATZ,10,2027,B+,3.20 pts,2,,32,,#N/A
30,4/15/25,4,S2,MAT523 / 24,GEOMETRY B,ROCHELLE AITON,10,2027,C,2.34 pts,3.29,John,32,Active,Yes
30,4/15/25,5,S2,ASL504 / 25,AMERICAN SIGN LANGUAGE II/B,TAMI GRANT,10,2027,B,2.92 pts,3.14,,32,,#N/A
30,4/15/25,6,S2,ENG602 / 26,SOPH ENG/B,MARCEE SALAS,10,2027,B-,2.74 pts,3.14,,32,,#N/A
30,4/15/25,1,S2,PED513 / 21,TEAM GAMES,SCOTT DIZMANG,10,2027,A,4.00 pts,1.43,,33,,#N/A
30,4/15/25,2,S2,MAT523 / 22,GEOMETRY B,ROCHELLE AITON,10,2027,F,0.98 pts,1.43,John L,33,Active,Yes
30,4/15/25,3,S2,ASL502 / 23,AMERICAN  SIGN LANGUAGE I/B,KYLA RITCHEY,10,2027,C+,2.56 pts,1.43,,33,,#N/A
30,4/15/25,4,S2,SOC109 / 24,WORLD HISTORY/B,DAVID HOLLINGSWORTH,10,2027,F,1.11 pts,1.43,,33,,#N/A
30,4/15/25,5,S2,ENG602 / 25,SOPH ENG/B,MARCEE SALAS,10,2027,F,0.84 pts,1.43,,33,,Yes
30,4/15/25,6,S2,SCI602 / 46,BIOLOGY B,WILLIAM BAUR,10,2027,F,0.00 pts,1.71,,33,,Yes
30,4/15/25,1,S2,VOC504 / 21,ADV FINE ARTS WOODWORKING I,BRENT MANSELL,10,2027,A,3.90 pts,4.71,,34,,#N/A
30,4/15/25,2,S2,ENG602 / 22,SOPH ENG/B,KELLY GREGERSEN,10,2027,F,0.84 pts,1,,34,,Yes
30,4/15/25,3,S2,MAT523 / 23,GEOMETRY B,ROCHELLE AITON,10,2027,F,0.79 pts,4.43,,34,,Yes
30,4/15/25,4,S2,PED513 / 24,TEAM GAMES,SCOTT DIZMANG,10,2027,F,0.68 pts,4.71,,34,,#N/A
30,4/15/25,5,S2,SCI602 / 25,BIOLOGY B,GRANT MERRILL,10,2027,F,0.48 pts,2.29,,34,,#N/A
30,4/15/25,6,S2,SOC109 / 26,WORLD HISTORY/B,RYAN ISAACSON,10,2027,F,0.61 pts,1.86,,34,,#N/A
30,4/15/25,1,S2,ENG802 / 21,SENIOR ENG/B,HEATHER CARVER,12,2025,F,0.79 pts,1,,35,,#N/A
30,4/15/25,2,S2,SCI504 / 22,PHYSICAL SCIENCE B,JAMES BENNETT,12,2025,C-,2.13 pts,2.43,,35,,#N/A
30,4/15/25,3,S2,SOC801 / 23,CONTEMPORARY WORLD ISSUES,JIM REED,12,2025,C-,2.15 pts,1.14,,35,,#N/A
30,4/15/25,4,S2,MAT521 / 24,ALGEBRA I B,KEVIN REILLY,12,2025,D,1.69 pts,1.57,,35,,#N/A
30,4/15/25,5,S2,ONT401 / 25,ON-TRACK/B,ROBERT YEE,12,2025,C-,2.00 pts,2.29,,35,,#N/A
30,4/15/25,6,S2,SCI602 / 46,BIOLOGY B,WILLIAM BAUR,12,2025,D+,1.97 pts,2.14,,35,,Yes
30,4/15/25,1,S2,CTE115 / 21,ENGINEERING B,JASON BLAESING,11,2026,D,1.70 pts,0,,36,,#N/A
30,4/15/25,2,S2,MAT702 / 22,ALGEBRA II B,JASON BLAESING,11,2026,C-,2.11 pts,0,Larry,36,Active,Yes
30,4/15/25,3,S2,FAR604 / 23,SCENE DESIGN,KELLY GREGERSEN,11,2026,B,2.94 pts,0,,36,,#N/A
30,4/15/25,4,S2,ENG702 / 24,JUNIOR ENG/B,JOHN CARVER,11,2026,B-,2.73 pts,0,,36,,#N/A
30,4/15/25,5,S2,SOC702 / 25,US HISTORY/B,DAVE HAJEK,11,2026,C+,2.57 pts,0.29,,36,,#N/A
30,4/15/25,6,S2,FAR543 / 26,WIND ENSEMB/B,DAVID DUARTE,11,2026,A,3.66 pts,0.43,,36,,#N/A
30,4/15/25,1,S2,PED500 / 21,WEIGHT TRAINING,SCOTT BOOTHBY,11,2026,C+,2.56 pts,8.14,,37,,#N/A
30,4/15/25,2,S2,SCI504 / 22,PHYSICAL SCIENCE B,JAMES BENNETT,11,2026,F,0.92 pts,7.86,,37,,#N/A
30,4/15/25,3,S2,ONT401 / 23,ON-TRACK/B,BRIAN ANDERSON,11,2026,U,0.20 pts,7.86,,37,,#N/A
30,4/15/25,4,S2,ENG716 / 24,DRAMATIC LITERATURE,KELLY GREGERSEN,11,2026,F,1.40 pts,8.29,,37,,#N/A
30,4/15/25,5,S2,BUS302 / 25,PERSONAL FINANCE B,NICOLE SIMEK,11,2026,F,0.76 pts,8.43,,37,,Yes
30,4/15/25,6,S2,SOC702 / 26,US HISTORY/B,SCOTT BOOTHBY,11,2026,F,1.22 pts,8.29,,37,,Yes
30,4/15/25,1,S2,MAT523 / 21,GEOMETRY B,ROCHELLE AITON,10,2027,F,1.59 pts,7.29,,38,,Yes
30,4/15/25,2,S2,VOC107 / 22,METALS MANUF & TECHNOLOGY II,DONALD O'BRIEN,10,2027,C-,2.00 pts,6.71,,38,,#N/A
30,4/15/25,3,S2,SCI602 / 43,BIOLOGY B,DONNA SCHATZ,10,2027,B,3.16 pts,6.43,,38,,#N/A
30,4/15/25,4,S2,SOC109 / 24,WORLD HISTORY/B,DAVID HOLLINGSWORTH,10,2027,C,2.47 pts,6.86,,38,,#N/A
30,4/15/25,5,S2,ENG602 / 25,SOPH ENG/B,MARCEE SALAS,10,2027,C-,2.03 pts,6.57,,38,,Yes
30,4/15/25,6,S2,PED500 / 26,WEIGHT TRAINING,SCOTT DIZMANG,10,2027,A,3.75 pts,6.86,,38,,#N/A
30,4/15/25,1,S2,VOC620 / 21,METAL CRAFTS & PRODUCTION I,DONALD O'BRIEN,10,2027,C-,2.00 pts,2.57,,39,,#N/A
30,4/15/25,2,S2,SOC109 / 22,WORLD HISTORY/B,DAVID HOLLINGSWORTH,10,2027,B,3.12 pts,2.57,,39,,#N/A
30,4/15/25,3,S2,MAT523 / 23,GEOMETRY B,ROCHELLE AITON,10,2027,F,1.09 pts,2.43,John L,39,Active,Yes
30,4/15/25,4,S2,VOC503 / 24,FINE ARTS WOODS II,BRENT MANSELL,10,2027,C-,2.05 pts,2,,39,,#N/A
30,4/15/25,5,S2,ENG602 / 25,SOPH ENG/B,MARCEE SALAS,10,2027,C-,2.14 pts,2.14,,39,,Yes
30,4/15/25,6,S2,SCI602 / 46,BIOLOGY B,WILLIAM BAUR,10,2027,D,1.71 pts,2,,39,,Yes
30,4/15/25,1,S2,ENG702 / 21,JUNIOR ENG/B,JOHN CARVER,11,2026,C,2.39 pts,1.14,,40,,#N/A
30,4/15/25,2,S2,MAT702 / 22,ALGEBRA II B,JASON BLAESING,11,2026,F,0.98 pts,1.29,,40,,Yes
30,4/15/25,3,S2,SCI504 / 43,PHYSICAL SCIENCE B,WILLIAM BAUR,11,2026,F,1.31 pts,1,,40,,#N/A
30,4/15/25,4,S2,VOC504 / 24,ADV FINE ARTS WOODWORKING I,BRENT MANSELL,11,2026,C-,2.05 pts,1,,40,,#N/A
30,4/15/25,5,S2,SPA602 / 25,SPANISH II B,ARELI LOPEZ LOPEZ,11,2026,C,2.32 pts,1,,40,,#N/A
30,4/15/25,6,S2,SOC702 / 26,US HISTORY/B,SCOTT BOOTHBY,11,2026,B-,2.86 pts,1,,40,,Yes
30,4/15/25,1,S2,MAT702 / 21,ALGEBRA II B,JENNIFER REILLY,11,2026,B,3.04 pts,5.29,,47,,#N/A
30,4/15/25,2,S2,SCI610 / 22,CHEMISTRY/B,GRANT MERRILL,11,2026,F,1.61 pts,5.29,Jay,47,Active,Yes
30,4/15/25,3,S2,ASL504 / 23,AMERICAN SIGN LANGUAGE II/B,TAMI GRANT,11,2026,B+,3.22 pts,5,,47,,#N/A
30,4/15/25,4,S2,SOC702 / 24,US HISTORY/B,DAVE HAJEK,11,2026,D+,1.90 pts,5,,47,,#N/A
30,4/15/25,5,S2,PED500 / 25,WEIGHT TRAINING,SCOTT DIZMANG,11,2026,A,3.75 pts,5,,47,,#N/A
30,4/15/25,6,S2,ENG702 / 26,JUNIOR ENG/B,JOHN CARVER,11,2026,B+,3.21 pts,5,,47,,#N/A
30,4/15/25,1,S2,ENG702 / 21,JUNIOR ENG/B,JOHN CARVER,11,2026,B,2.92 pts,0.86,,41,,#N/A
30,4/15/25,2,S2,SCI504 / 42,PHYSICAL SCIENCE B,WILLIAM BAUR,11,2026,C,2.26 pts,0,,41,,#N/A
30,4/15/25,3,S2,ASL504 / 23,AMERICAN SIGN LANGUAGE II/B,TAMI GRANT,11,2026,A,3.86 pts,0.14,,41,,#N/A
30,4/15/25,4,S2,SOC702 / 24,US HISTORY/B,DAVE HAJEK,11,2026,D+,1.97 pts,0.43,,41,,#N/A
30,4/15/25,5,S2,MAT702 / 45,ALGEBRA II B,JENNIFER REILLY,11,2026,D,1.79 pts,0.43,,41,,Yes
30,4/15/25,6,S2,FAR113 / 26,INTRO TO ART AND DESIGN,ROBERT YEE,11,2026,C-,2.12 pts,0.57,,41,,#N/A
30,4/15/25,1,S2,FAR607 / 21,ADVANCED ACTING/ B,KELLY GREGERSEN,12,2025,B,2.99 pts,1.14,,42,,#N/A
30,4/15/25,2,S2,SCI610 / 22,CHEMISTRY/B,GRANT MERRILL,12,2025,F,1.04 pts,1.14,Jay,42,Active,Yes
30,4/15/25,3,S2,ENG802 / 23,SENIOR ENG/B,JOHN CARVER,12,2025,F,1.24 pts,1.14,,42,,#N/A
30,4/15/25,4,S2,HFL119 / 24,ADV CULINARY ARTS B,ALEXANDRA YOST,12,2025,A,3.96 pts,1,,42,,#N/A
30,4/15/25,5,S2,BUS302 / 25,PERSONAL FINANCE B,NICOLE SIMEK,12,2025,C,2.36 pts,1,,42,,Yes
30,4/15/25,6,S2,FAR543 / 26,WIND ENSEMB/B,DAVID DUARTE,12,2025,A,3.92 pts,1,,42,,#N/A
30,4/15/25,1,S2,ENG702 / 21,JUNIOR ENG/B,JOHN CARVER,11,2026,B,2.98 pts,7.57,,43,,#N/A
30,4/15/25,2,S2,SCI504 / 22,PHYSICAL SCIENCE B,JAMES BENNETT,11,2026,C-,2.09 pts,7.29,Larry,43,Active,#N/A
30,4/15/25,3,S2,ASL504 / 23,AMERICAN SIGN LANGUAGE II/B,TAMI GRANT,11,2026,B+,3.25 pts,7,,43,,#N/A
30,4/15/25,4,S2,SOC702 / 24,US HISTORY/B,DAVE HAJEK,11,2026,B,2.99 pts,6.43,,43,,#N/A
30,4/15/25,5,S2,SOC106 / 25,AP PSYCHOLOGY B,JIM REED,11,2026,C-,2.07 pts,6.43,,43,,#N/A
30,4/15/25,6,S2,MAT702 / 26,ALGEBRA II B,JASON BLAESING,11,2026,F,1.59 pts,6.57,,43,,Yes
30,4/15/25,1,S2,MAT523 / 21,GEOMETRY B,ROCHELLE AITON,10,2027,F,0.00 pts,14.43,,44,,Yes
30,4/15/25,2,S2,SCI602 / 42,BIOLOGY B,DONNA SCHATZ,10,2027,C-,2.19 pts,11.14,,44,,#N/A
30,4/15/25,3,S2,FAR604 / 23,SCENE DESIGN,KELLY GREGERSEN,10,2027,C,2.48 pts,12.29,,44,,#N/A
30,4/15/25,4,S2,HFL113 / 24,INTRO CULINARY ART,KAYLA PAYNE,10,2027,A-,3.49 pts,9.86,,44,,#N/A
30,4/15/25,5,S2,ENG602 / 25,SOPH ENG/B,MARCEE SALAS,10,2027,F,0.90 pts,10.86,,44,,Yes
30,4/15/25,6,S2,SOC109 / 26,WORLD HISTORY/B,RYAN ISAACSON,10,2027,F,0.00 pts,13.29,,44,,#N/A
30,4/15/25,1,S2,PED101 / 21,PHYSICAL EDUCATION,KATHERINE STURDYVIN-SCOBBA,11,2026,B,3.00 pts,1.29,,45,,#N/A
30,4/15/25,2,S2,SCI610 / 22,CHEMISTRY/B,GRANT MERRILL,11,2026,D,1.71 pts,1.29,Jay,45,Active,Yes
30,4/15/25,3,S2,ENG720 / 23,AP LANGUAGE/ COMPOSITON B,HEATHER CARVER,11,2026,F,1.23 pts,1,,45,,#N/A
30,4/15/25,4,S2,CTE231 / 24,SOCIAL MEDIA MARKETING II,NICOLE SIMEK,11,2026,B+,3.35 pts,1,,45,,#N/A
30,4/15/25,5,S2,SOC704 / 25,AP US HISTORY B,RYAN ISAACSON,11,2026,B,2.93 pts,1,,45,,#N/A
30,4/15/25,6,S2,MAT702 / 26,ALGEBRA II B,JASON BLAESING,11,2026,D+,1.85 pts,1,,45,,Yes
30,4/15/25,6,S2,MAT702 / 26,ALGEBRA II B,JASON BLAESING,11,2026,C+,2.62 pts,1,,50,,Yes
30,4/15/25,2,S2,ENG602 / 22,SOPH ENG/B,KELLY GREGERSEN,10,2027,B+,3.21 pts,3.14,,52,,Yes
30,4/15/25,4,S2,MAT523 / 24,GEOMETRY B,ROCHELLE AITON,10,2027,C,2.37 pts,2.14,,52,,Yes
30,4/15/25,2,S2,MAT523 / 22,GEOMETRY B,ROCHELLE AITON,10,2027,D+,1.93 pts,11.14,,53,,Yes
30,4/15/25,4,S2,SCI602 / 24,BIOLOGY B,GRANT MERRILL,10,2027,F,1.52 pts,9.71,,53,,Yes
30,4/15/25,6,S2,MAT702 / 26,ALGEBRA II B,JASON BLAESING,10,2027,A,4.00 pts,0,,54,,Yes
30,4/15/25,2,S2,SCI610 / 22,CHEMISTRY/B,GRANT MERRILL,11,2026,F,1.22 pts,3.57,,55,,Yes
30,4/15/25,2,S2,MAT702 / 22,ALGEBRA II B,JASON BLAESING,11,2026,B,3.00 pts,0.14,,56,,Yes
30,4/15/25,5,S2,MAT523 / 25,GEOMETRY B,BRIAN ANDERSON,10,2027,F,0.75 pts,1.86,,59,,Yes
30,4/15/25,2,S2,SCI610 / 22,CHEMISTRY/B,GRANT MERRILL,11,2026,C,2.34 pts,2.67,,60,,Yes
30,4/15/25,3,S2,MAT702 / 23,ALGEBRA II B,JENNIFER REILLY,11,2026,A-,3.58 pts,2.67,,60,,Yes
30,4/15/25,1,S2,ENG504 / 21,PRE-AP FRESHMAN ENGLISH/B,ANGELINA MERRILL,9,2028,B-,2.85 pts,0.57,,470,,Yes
30,4/15/25,2,S2,SCI610 / 22,CHEMISTRY/B,GRANT MERRILL,10,2027,W,1.49 pts,4.43,,471,,Yes
30,4/15/25,3,S2,MAT702 / 23,ALGEBRA II B,JENNIFER REILLY,10,2027,B,3.04 pts,4.43,,471,,Yes
30,4/15/25,2,S2,BUS302 / 22,PERSONAL FINANCE B,NICOLE SIMEK,12,2025,C+,2.63 pts,5.29,,61,,Yes
30,4/15/25,5,S2,MAT523 / 25,GEOMETRY B,BRIAN ANDERSON,10,2027,F,1.17 pts,10.71,,63,,Yes
30,4/15/25,6,S2,ENG502 / 26,FR ENGLISH/B,DAVID HOLLINGSWORTH,9,2028,A-,3.50 pts,1.29,,472,,Yes
30,4/15/25,3,S2,BUS302 / 23,PERSONAL FINANCE B,NICOLE SIMEK,11,2026,F,1.56 pts,9.86,,65,,Yes
30,4/15/25,5,S2,MAT702 / 45,ALGEBRA II B,JENNIFER REILLY,11,2026,A-,3.44 pts,8.86,,65,,Yes
30,4/15/25,2,S2,MAT702 / 22,ALGEBRA II B,JASON BLAESING,10,2027,A,3.98 pts,8,,66,,Yes
30,4/15/25,5,S2,MAT702 / 45,ALGEBRA II B,JENNIFER REILLY,12,2025,F,1.15 pts,2.43,,473,,Yes
30,4/15/25,3,S2,MAT523 / 23,GEOMETRY B,ROCHELLE AITON,10,2027,C-,2.15 pts,4.29,,67,,Yes
30,4/15/25,6,S2,SOC702 / 26,US HISTORY/B,SCOTT BOOTHBY,11,2026,A,3.93 pts,6,,68,,Yes
30,4/15/25,3,S2,MAT523 / 23,GEOMETRY B,ROCHELLE AITON,10,2027,D,1.70 pts,1.86,,424,,Yes
30,4/15/25,3,S2,MAT523 / 23,GEOMETRY B,ROCHELLE AITON,9,2028,B,3.02 pts,7.57,,69,,Yes
30,4/15/25,1,S2,SCI504 / 21,PHYSICAL SCIENCE B,JAMES BENNETT,9,2028,D,1.68 pts,2.29,,70,,Yes
30,4/15/25,6,S2,ENG502 / 26,FR ENGLISH/B,DAVID HOLLINGSWORTH,9,2028,A,4.00 pts,2,,70,,Yes
30,4/15/25,6,S2,SOC702 / 26,US HISTORY/B,SCOTT BOOTHBY,11,2026,C,2.29 pts,0,,71,,Yes
30,4/15/25,1,S2,MAT523 / 21,GEOMETRY B,ROCHELLE AITON,10,2027,F,0.64 pts,15.43,,72,,Yes
30,4/15/25,5,S2,ENG602 / 25,SOPH ENG/B,MARCEE SALAS,10,2027,C,2.33 pts,15.43,,72,,Yes
23,2/18/25,4,S2,MAT702 / 24,ALGEBRA II B,JENNIFER REILLY,11,2026,,,3.29,,586,,Yes
30,4/15/25,2,S2,MAT523 / 22,GEOMETRY B,ROCHELLE AITON,9,2028,A-,3.57 pts,4.43,,76,,Yes
30,4/15/25,5,S2,MAT702 / 45,ALGEBRA II B,JENNIFER REILLY,11,2026,A,3.99 pts,7,,475,,Yes
30,4/15/25,2,S2,ENG602 / 22,SOPH ENG/B,KELLY GREGERSEN,10,2027,C+,2.57 pts,9,,77,,Yes
30,4/15/25,3,S2,SCI602 / 23,BIOLOGY B,GRANT MERRILL,10,2027,B,2.93 pts,9,,77,,Yes
30,4/15/25,1,S2,ENG504 / 21,PRE-AP FRESHMAN ENGLISH/B,ANGELINA MERRILL,9,2028,A,3.79 pts,0,,476,,Yes
30,4/15/25,4,S2,MAT523 / 24,GEOMETRY B,ROCHELLE AITON,10,2027,C,2.36 pts,1.29,,425,,Yes
30,4/15/25,6,S2,MAT702 / 26,ALGEBRA II B,JASON BLAESING,10,2027,A-,3.40 pts,0.14,,477,,Yes
30,4/15/25,1,S2,MAT523 / 21,GEOMETRY B,ROCHELLE AITON,9,2028,F,1.54 pts,6.29,,79,,Yes
30,4/15/25,5,S2,MAT523 / 25,GEOMETRY B,BRIAN ANDERSON,10,2027,C+,2.59 pts,2.86,,80,,Yes
30,4/15/25,2,S2,SCI610 / 22,CHEMISTRY/B,GRANT MERRILL,12,2025,C-,2.19 pts,9.71,,82,,Yes
30,4/15/25,1,S2,MAT523 / 21,GEOMETRY B,ROCHELLE AITON,10,2027,C+,2.57 pts,5.14,,83,,Yes
30,4/15/25,1,S2,MAT523 / 21,GEOMETRY B,ROCHELLE AITON,10,2027,F,0.58 pts,1.14,,84,,Yes
30,4/15/25,6,S2,SOC702 / 26,US HISTORY/B,SCOTT BOOTHBY,11,2026,A-,3.58 pts,0,,85,,Yes
30,4/15/25,2,S2,SCI610 / 22,CHEMISTRY/B,GRANT MERRILL,11,2026,C+,2.57 pts,3.86,,86,,Yes
30,4/15/25,6,S2,SOC702 / 26,US HISTORY/B,SCOTT BOOTHBY,11,2026,A,3.63 pts,3.86,,86,,Yes
30,4/15/25,3,S2,MAT523 / 23,GEOMETRY B,ROCHELLE AITON,10,2027,F,0.95 pts,8,,88,,Yes
30,4/15/25,5,S2,ENG602 / 25,SOPH ENG/B,MARCEE SALAS,10,2027,D,1.73 pts,7.71,,88,,Yes
30,4/15/25,6,S2,SCI602 / 46,BIOLOGY B,WILLIAM BAUR,10,2027,F,0.26 pts,7.71,,88,,Yes
30,4/15/25,6,S2,MAT702 / 26,ALGEBRA II B,JASON BLAESING,10,2027,A,3.79 pts,8.14,,89,,Yes
30,4/15/25,2,S2,BUS302 / 22,PERSONAL FINANCE B,NICOLE SIMEK,12,2025,W,0.21 pts,6.43,,426,,Yes
30,4/15/25,3,S2,BUS302 / 23,PERSONAL FINANCE B,NICOLE SIMEK,12,2025,A-,3.50 pts,2.43,,90,,Yes
30,4/15/25,5,S2,BUS302 / 25,PERSONAL FINANCE B,NICOLE SIMEK,12,2025,A,3.99 pts,15.5,,478,,Yes
30,4/15/25,3,S2,SCI602 / 23,BIOLOGY B,GRANT MERRILL,10,2027,W,0.15 pts,16.43,,92,,Yes
30,4/15/25,2,S2,BUS302 / 22,PERSONAL FINANCE B,NICOLE SIMEK,12,2025,A,3.98 pts,5.14,,93,,Yes
30,4/15/25,2,S2,ENG602 / 22,SOPH ENG/B,KELLY GREGERSEN,10,2027,F,1.07 pts,0.14,,94,,Yes
30,4/15/25,3,S2,BUS302 / 23,PERSONAL FINANCE B,NICOLE SIMEK,11,2026,B,2.90 pts,0,,479,,Yes
30,4/15/25,1,S2,ENG504 / 21,PRE-AP FRESHMAN ENGLISH/B,ANGELINA MERRILL,9,2028,A,3.61 pts,0,,480,,Yes
30,4/15/25,3,S2,BUS302 / 23,PERSONAL FINANCE B,NICOLE SIMEK,12,2025,A,3.68 pts,1.29,,481,,Yes
30,4/15/25,2,S2,BUS302 / 22,PERSONAL FINANCE B,NICOLE SIMEK,12,2025,B,3.12 pts,11.14,,96,,Yes
30,4/15/25,2,S2,BUS302 / 22,PERSONAL FINANCE B,NICOLE SIMEK,12,2025,A,3.71 pts,5.57,,97,,Yes
30,4/15/25,6,S2,ENG502 / 26,FR ENGLISH/B,DAVID HOLLINGSWORTH,9,2028,B-,2.78 pts,5.71,,98,,Yes
30,4/15/25,3,S2,SCI602 / 23,BIOLOGY B,GRANT MERRILL,10,2027,B+,3.23 pts,0,,99,,Yes
30,4/15/25,2,S2,SCI610 / 22,CHEMISTRY/B,GRANT MERRILL,11,2026,A,3.66 pts,0.14,,100,,Yes
30,4/15/25,2,S2,SCI610 / 22,CHEMISTRY/B,GRANT MERRILL,11,2026,B+,3.25 pts,1.29,,101,,Yes
30,4/15/25,3,S2,SCI602 / 23,BIOLOGY B,GRANT MERRILL,10,2027,,3.03 pts,1.57,,482,,Yes
30,4/15/25,1,S2,MAT523 / 21,GEOMETRY B,ROCHELLE AITON,10,2027,B+,3.20 pts,0,,102,,Yes
30,4/15/25,2,S2,ENG602 / 22,SOPH ENG/B,KELLY GREGERSEN,10,2027,A,3.80 pts,0,,102,,Yes
30,4/15/25,3,S2,SCI602 / 23,BIOLOGY B,GRANT MERRILL,10,2027,C+,2.53 pts,0.14,,102,,Yes
30,4/15/25,3,S2,MAT702 / 23,ALGEBRA II B,JENNIFER REILLY,11,2026,A-,3.52 pts,1.67,,103,,Yes
30,4/15/25,2,S2,BUS302 / 22,PERSONAL FINANCE B,NICOLE SIMEK,12,2025,F,0.92 pts,15.29,,104,,Yes
30,4/15/25,1,S2,SCI504 / 21,PHYSICAL SCIENCE B,JAMES BENNETT,12,2025,C-,2.09 pts,2.71,,105,,Yes
30,4/15/25,2,S2,BUS302 / 22,PERSONAL FINANCE B,NICOLE SIMEK,12,2025,C-,2.15 pts,2,,105,,Yes
30,4/15/25,6,S2,MAT702 / 26,ALGEBRA II B,JASON BLAESING,11,2026,C,2.42 pts,2.14,,107,,Yes
30,4/15/25,5,S2,ENG602 / 25,SOPH ENG/B,MARCEE SALAS,10,2027,C,2.30 pts,1,,108,,Yes
30,4/15/25,5,S2,ENG602 / 25,SOPH ENG/B,MARCEE SALAS,10,2027,F,0.71 pts,7.43,,110,,Yes
30,4/15/25,6,S2,SCI602 / 26,BIOLOGY B,GRANT MERRILL,10,2027,F,0.71 pts,8,,110,,Yes
30,4/15/25,4,S2,SCI602 / 24,BIOLOGY B,GRANT MERRILL,10,2027,A-,3.48 pts,0,,428,,Yes
30,4/15/25,6,S2,ENG502 / 26,FR ENGLISH/B,DAVID HOLLINGSWORTH,9,2028,A,3.70 pts,0.43,,111,,Yes
30,4/15/25,6,S2,MAT702 / 26,ALGEBRA II B,JASON BLAESING,11,2026,A,3.60 pts,2,,112,,Yes
30,4/15/25,2,S2,MAT702 / 22,ALGEBRA II B,JASON BLAESING,11,2026,C,2.42 pts,13,,113,,Yes
30,4/15/25,2,S2,SCI610 / 22,CHEMISTRY/B,GRANT MERRILL,11,2026,C,2.22 pts,0.14,,114,,Yes
30,4/15/25,3,S2,SCI602 / 23,BIOLOGY B,GRANT MERRILL,10,2027,A-,3.44 pts,11.14,,429,,Yes
30,4/15/25,1,S2,MAT523 / 21,GEOMETRY B,ROCHELLE AITON,10,2027,C-,2.09 pts,5.43,,116,,Yes
30,4/15/25,2,S2,ENG602 / 22,SOPH ENG/B,KELLY GREGERSEN,10,2027,A,3.76 pts,4.29,,116,,Yes
30,4/15/25,2,S2,ENG602 / 22,SOPH ENG/B,KELLY GREGERSEN,10,2027,D+,1.86 pts,5.71,,117,,Yes
30,4/15/25,3,S2,MAT523 / 23,GEOMETRY B,ROCHELLE AITON,10,2027,F,0.00 pts,12.71,,117,,Yes
30,4/15/25,6,S2,SCI602 / 26,BIOLOGY B,GRANT MERRILL,10,2027,F,1.47 pts,13,,117,,Yes
30,4/15/25,3,S2,MAT523 / 23,GEOMETRY B,ROCHELLE AITON,10,2027,A,3.64 pts,2.86,,118,,Yes
30,4/15/25,1,S2,ENG504 / 21,PRE-AP FRESHMAN ENGLISH/B,ANGELINA MERRILL,9,2028,A,3.99 pts,3,,483,,Yes
30,4/15/25,6,S2,MAT702 / 26,ALGEBRA II B,JASON BLAESING,11,2026,A-,3.43 pts,7,,119,,Yes
30,4/15/25,5,S2,MAT523 / 25,GEOMETRY B,BRIAN ANDERSON,10,2027,F,1.45 pts,9.14,,120,,Yes
30,4/15/25,2,S2,MAT702 / 22,ALGEBRA II B,JASON BLAESING,11,2026,F,1.13 pts,14.9,,121,,Yes
30,4/15/25,1,S2,MAT523 / 21,GEOMETRY B,ROCHELLE AITON,10,2027,F,1.05 pts,1.14,,122,,Yes
30,4/15/25,2,S2,ENG602 / 22,SOPH ENG/B,KELLY GREGERSEN,10,2027,D+,1.91 pts,0.14,,122,,Yes
24,2/25/25,4,S2,MAT702 / 24,ALGEBRA II B,JENNIFER REILLY,11,2026,F,0.00 pts,5.57,,586,,Yes
30,4/15/25,3,S2,SCI602 / 23,BIOLOGY B,GRANT MERRILL,10,2027,A,3.75 pts,0,,126,,Yes
30,4/15/25,5,S2,MAT523 / 25,GEOMETRY B,BRIAN ANDERSON,10,2027,B+,3.37 pts,0,,126,,Yes
30,4/15/25,5,S2,MAT702 / 45,ALGEBRA II B,JENNIFER REILLY,10,2027,F,0.83 pts,15.43,,485,,Yes
30,4/15/25,6,S2,SCI602 / 26,BIOLOGY B,GRANT MERRILL,10,2027,B-,2.77 pts,0,,125,,Yes
30,4/15/25,6,S2,MAT702 / 26,ALGEBRA II B,JASON BLAESING,11,2026,A,3.61 pts,3.33,,127,,Yes
30,4/15/25,3,S2,MAT702 / 23,ALGEBRA II B,JENNIFER REILLY,11,2026,A,3.74 pts,2.86,,128,,Yes
25,3/4/25,4,S2,MAT702 / 24,ALGEBRA II B,JENNIFER REILLY,11,2026,F,0.12 pts,6.43,,586,,Yes
30,4/15/25,5,S2,ENG602 / 25,SOPH ENG/B,MARCEE SALAS,10,2027,C,2.39 pts,2,,130,,Yes
30,4/15/25,5,S2,BUS302 / 25,PERSONAL FINANCE B,NICOLE SIMEK,11,2026,A,3.74 pts,0,,486,,Yes
30,4/15/25,1,S2,MAT523 / 21,GEOMETRY B,ROCHELLE AITON,10,2027,B,2.91 pts,4,,487,,Yes
30,4/15/25,4,S2,SCI602 / 24,BIOLOGY B,GRANT MERRILL,10,2027,B+,3.21 pts,4.14,,487,,Yes
30,4/15/25,3,S2,MAT523 / 23,GEOMETRY B,ROCHELLE AITON,9,2028,C,2.49 pts,0,,488,,Yes
30,4/15/25,2,S2,ENG602 / 22,SOPH ENG/B,KELLY GREGERSEN,10,2027,F,1.63 pts,0,,132,,Yes
30,4/15/25,3,S2,MAT523 / 23,GEOMETRY B,ROCHELLE AITON,10,2027,F,0.98 pts,0,,132,,Yes
30,4/15/25,4,S2,SCI602 / 24,BIOLOGY B,GRANT MERRILL,10,2027,B+,3.25 pts,5.29,,431,,Yes
30,4/15/25,3,S2,MAT702 / 23,ALGEBRA II B,JENNIFER REILLY,10,2027,A,3.71 pts,5.43,,432,,Yes
30,4/15/25,4,S2,SCI602 / 24,BIOLOGY B,GRANT MERRILL,10,2027,A,3.92 pts,6.43,,432,,Yes
30,4/15/25,6,S2,SCI602 / 46,BIOLOGY B,WILLIAM BAUR,10,2027,A,3.68 pts,3,,133,,Yes
30,4/15/25,6,S2,SOC702 / 26,US HISTORY/B,SCOTT BOOTHBY,11,2026,B,3.13 pts,7.67,,134,,Yes
30,4/15/25,2,S2,BUS302 / 22,PERSONAL FINANCE B,NICOLE SIMEK,12,2025,C,2.26 pts,6,,135,,Yes
30,4/15/25,6,S2,SCI602 / 26,BIOLOGY B,GRANT MERRILL,10,2027,D+,1.95 pts,0.86,,136,,Yes
30,4/15/25,3,S2,MAT523 / 23,GEOMETRY B,ROCHELLE AITON,10,2027,B,3.05 pts,1.14,,137,,Yes
30,4/15/25,4,S2,SCI602 / 24,BIOLOGY B,GRANT MERRILL,10,2027,A-,3.50 pts,1.86,,137,,Yes
30,4/15/25,1,S2,ENG504 / 21,PRE-AP FRESHMAN ENGLISH/B,ANGELINA MERRILL,9,2028,C-,2.11 pts,5.29,,489,,Yes
30,4/15/25,2,S2,ENG602 / 22,SOPH ENG/B,KELLY GREGERSEN,10,2027,B,3.05 pts,7.57,,433,,Yes
30,4/15/25,3,S2,SCI602 / 23,BIOLOGY B,GRANT MERRILL,10,2027,C,2.38 pts,8.43,,433,,Yes
30,4/15/25,5,S2,MAT523 / 25,GEOMETRY B,BRIAN ANDERSON,10,2027,C,2.35 pts,6.86,,433,,Yes
30,4/15/25,6,S2,SCI602 / 46,BIOLOGY B,WILLIAM BAUR,10,2027,A,3.97 pts,1.57,,490,,Yes
30,4/15/25,5,S2,ENG602 / 25,SOPH ENG/B,MARCEE SALAS,10,2027,B,3.06 pts,2.57,,139,,Yes
26,3/11/25,4,S2,MAT702 / 24,ALGEBRA II B,JENNIFER REILLY,11,2026,F,1.52 pts,8,,586,,Yes
30,4/15/25,1,S2,ENG504 / 21,PRE-AP FRESHMAN ENGLISH/B,ANGELINA MERRILL,9,2028,B-,2.88 pts,8.14,,434,,Yes
30,4/15/25,2,S2,MAT523 / 22,GEOMETRY B,ROCHELLE AITON,9,2028,C+,2.60 pts,8.14,,434,,Yes
30,4/15/25,2,S2,ENG602 / 22,SOPH ENG/B,KELLY GREGERSEN,10,2027,B-,2.88 pts,12.29,,143,,Yes
30,4/15/25,4,S2,MAT523 / 24,GEOMETRY B,ROCHELLE AITON,10,2027,F,1.54 pts,12.14,,143,,Yes
30,4/15/25,5,S2,MAT523 / 25,GEOMETRY B,BRIAN ANDERSON,10,2027,D+,1.82 pts,2.71,,144,,Yes
30,4/15/25,6,S2,SCI602 / 26,BIOLOGY B,GRANT MERRILL,10,2027,B,3.18 pts,2.71,,144,,Yes
30,4/15/25,6,S2,MAT702 / 26,ALGEBRA II B,JASON BLAESING,11,2026,A-,3.42 pts,6.86,,145,,Yes
30,4/15/25,4,S2,MAT523 / 24,GEOMETRY B,ROCHELLE AITON,10,2027,A,3.62 pts,1.29,,146,,Yes
30,4/15/25,6,S2,SCI602 / 26,BIOLOGY B,GRANT MERRILL,10,2027,B+,3.20 pts,1.43,,146,,Yes
30,4/15/25,3,S2,BUS302 / 23,PERSONAL FINANCE B,NICOLE SIMEK,11,2026,F,0.43 pts,1.86,,435,,Yes
30,4/15/25,3,S2,MAT702 / 23,ALGEBRA II B,JENNIFER REILLY,11,2026,B,3.12 pts,5,,492,,Yes
30,4/15/25,6,S2,SOC702 / 26,US HISTORY/B,SCOTT BOOTHBY,11,2026,F,1.54 pts,17.71,,147,,Yes
30,4/15/25,6,S2,MAT702 / 26,ALGEBRA II B,JASON BLAESING,11,2026,A-,3.42 pts,3,,148,,Yes
30,4/15/25,3,S2,MAT702 / 23,ALGEBRA II B,JENNIFER REILLY,12,2025,A,3.78 pts,1,,149,,Yes
30,4/15/25,1,S2,SCI504 / 21,PHYSICAL SCIENCE B,JAMES BENNETT,9,2028,A-,3.54 pts,3.71,,493,,Yes
30,4/15/25,5,S2,MAT702 / 45,ALGEBRA II B,JENNIFER REILLY,11,2026,A,3.76 pts,0.43,,494,,Yes
30,4/15/25,2,S2,SCI610 / 22,CHEMISTRY/B,GRANT MERRILL,11,2026,C,2.35 pts,2.86,,150,,Yes
30,4/15/25,3,S2,MAT702 / 23,ALGEBRA II B,JENNIFER REILLY,11,2026,B+,3.33 pts,3,,150,,Yes
30,4/15/25,5,S2,BUS302 / 25,PERSONAL FINANCE B,NICOLE SIMEK,12,2025,B,2.93 pts,0.33,,495,,Yes
30,4/15/25,1,S2,ENG504 / 21,PRE-AP FRESHMAN ENGLISH/B,ANGELINA MERRILL,9,2028,A,3.68 pts,1.57,,496,,Yes
30,4/15/25,2,S2,MAT702 / 22,ALGEBRA II B,JASON BLAESING,11,2026,D+,1.80 pts,0.57,,152,,Yes
30,4/15/25,1,S2,SCI504 / 21,PHYSICAL SCIENCE B,JAMES BENNETT,9,2028,B,3.07 pts,5,,497,,Yes
30,4/15/25,1,S2,ENG504 / 21,PRE-AP FRESHMAN ENGLISH/B,ANGELINA MERRILL,9,2028,,3.00 pts,0,,497,,Yes
30,4/15/25,3,S2,MAT702 / 23,ALGEBRA II B,JENNIFER REILLY,10,2027,A,3.66 pts,2.86,,153,,Yes
30,4/15/25,2,S2,MAT523 / 22,GEOMETRY B,ROCHELLE AITON,10,2027,A,3.89 pts,2,,155,,Yes
30,4/15/25,3,S2,SCI602 / 23,BIOLOGY B,GRANT MERRILL,10,2027,A-,3.48 pts,2,,155,,Yes
30,4/15/25,1,S2,ENG504 / 21,PRE-AP FRESHMAN ENGLISH/B,ANGELINA MERRILL,9,2028,B-,2.89 pts,2,,154,,Yes
30,4/15/25,5,S2,MAT523 / 25,GEOMETRY B,BRIAN ANDERSON,9,2028,C,2.47 pts,2,,154,,Yes
30,4/15/25,2,S2,MAT702 / 22,ALGEBRA II B,JASON BLAESING,11,2026,B,3.04 pts,0,,498,,Yes
30,4/15/25,5,S2,BUS302 / 25,PERSONAL FINANCE B,NICOLE SIMEK,12,2025,C,2.20 pts,2.43,,156,,Yes
30,4/15/25,2,S2,SCI610 / 22,CHEMISTRY/B,GRANT MERRILL,11,2026,D+,1.89 pts,4.43,,158,,Yes
30,4/15/25,5,S2,MAT523 / 25,GEOMETRY B,BRIAN ANDERSON,10,2027,C-,2.09 pts,0,,499,,Yes
30,4/15/25,5,S2,MAT523 / 25,GEOMETRY B,BRIAN ANDERSON,10,2027,F,1.24 pts,9.71,,159,,Yes
30,4/15/25,6,S2,SCI602 / 46,BIOLOGY B,WILLIAM BAUR,10,2027,F,1.41 pts,9.43,,159,,Yes
30,4/15/25,6,S2,MAT702 / 26,ALGEBRA II B,JASON BLAESING,11,2026,A-,3.42 pts,11.5,,161,,Yes
30,4/15/25,2,S2,BUS302 / 22,PERSONAL FINANCE B,NICOLE SIMEK,12,2025,W,0.00 pts,4,,500,,Yes
30,4/15/25,4,S2,SCI602 / 24,BIOLOGY B,GRANT MERRILL,12,2025,W,,4.4,,500,,Yes
30,4/15/25,2,S2,ENG602 / 22,SOPH ENG/B,KELLY GREGERSEN,10,2027,A,3.62 pts,0.14,,162,,Yes
30,4/15/25,4,S2,MAT523 / 24,GEOMETRY B,ROCHELLE AITON,10,2027,B,3.01 pts,0,,162,,Yes
30,4/15/25,6,S2,SCI602 / 46,BIOLOGY B,WILLIAM BAUR,10,2027,C-,2.04 pts,0.14,,162,,Yes
30,4/15/25,1,S2,SCI504 / 21,PHYSICAL SCIENCE B,JAMES BENNETT,11,2026,F,0.70 pts,28.86,,164,,Yes
30,4/15/25,5,S2,MAT702 / 45,ALGEBRA II B,JENNIFER REILLY,11,2026,F,0.00 pts,28.86,,164,,Yes
30,4/15/25,6,S2,SCI602 / 46,BIOLOGY B,WILLIAM BAUR,10,2027,C,2.28 pts,1,,165,,Yes
30,4/15/25,2,S2,MAT523 / 22,GEOMETRY B,ROCHELLE AITON,9,2028,C,2.47 pts,4,,166,,Yes
30,4/15/25,6,S2,ENG502 / 26,FR ENGLISH/B,DAVID HOLLINGSWORTH,9,2028,A,3.76 pts,4.43,,166,,Yes
30,4/15/25,6,S2,SCI602 / 46,BIOLOGY B,WILLIAM BAUR,10,2027,C,2.23 pts,17,,462,,Yes
30,4/15/25,2,S2,MAT702 / 22,ALGEBRA II B,JASON BLAESING,11,2026,B,2.95 pts,6.86,,167,,Yes
30,4/15/25,6,S2,SOC702 / 26,US HISTORY/B,SCOTT BOOTHBY,11,2026,C,2.22 pts,6.14,,167,,Yes
30,4/15/25,2,S2,MAT523 / 22,GEOMETRY B,ROCHELLE AITON,10,2027,C-,2.05 pts,10.14,,168,,Yes
30,4/15/25,6,S2,SCI602 / 26,BIOLOGY B,GRANT MERRILL,10,2027,C,2.48 pts,3,,169,,Yes
30,4/15/25,1,S2,SCI504 / 21,PHYSICAL SCIENCE B,JAMES BENNETT,9,2028,F,1.11 pts,24.29,,464,,Yes
30,4/15/25,6,S2,ENG502 / 26,FR ENGLISH/B,DAVID HOLLINGSWORTH,9,2028,F,0.37 pts,24.86,,464,,Yes
30,4/15/25,6,S2,ENG502 / 26,FR ENGLISH/B,DAVID HOLLINGSWORTH,9,2028,B-,2.80 pts,5,,501,,Yes
30,4/15/25,4,S2,MAT523 / 24,GEOMETRY B,ROCHELLE AITON,10,2027,D+,1.86 pts,2.71,,170,,Yes
30,4/15/25,5,S2,ENG602 / 25,SOPH ENG/B,MARCEE SALAS,10,2027,B-,2.83 pts,2.71,,170,,Yes
30,4/15/25,6,S2,SCI602 / 46,BIOLOGY B,WILLIAM BAUR,10,2027,F,1.47 pts,2,,170,,Yes
30,4/15/25,4,S2,MAT523 / 24,GEOMETRY B,ROCHELLE AITON,10,2027,B-,2.73 pts,3.29,,171,,Yes
30,4/15/25,6,S2,SCI602 / 46,BIOLOGY B,WILLIAM BAUR,10,2027,B-,2.71 pts,5.71,,171,,Yes
30,4/15/25,3,S2,MAT702 / 23,ALGEBRA II B,JENNIFER REILLY,11,2026,A,3.75 pts,0.67,,172,,Yes
30,4/15/25,1,S2,SCI504 / 21,PHYSICAL SCIENCE B,JAMES BENNETT,9,2028,C,2.36 pts,0.71,,502,,Yes
30,4/15/25,2,S2,MAT523 / 22,GEOMETRY B,ROCHELLE AITON,10,2027,C+,2.67 pts,2.29,,173,,Yes
30,4/15/25,6,S2,SCI602 / 46,BIOLOGY B,WILLIAM BAUR,10,2027,A-,3.45 pts,2,,173,,Yes
30,4/15/25,6,S2,SCI602 / 46,BIOLOGY B,WILLIAM BAUR,10,2027,A,3.97 pts,4.57,,174,,Yes
30,4/15/25,3,S2,BUS302 / 23,PERSONAL FINANCE B,NICOLE SIMEK,12,2025,A,3.99 pts,2.86,,176,,Yes
27,3/18/25,4,S2,MAT702 / 24,ALGEBRA II B,JENNIFER REILLY,11,2026,D+,1.98 pts,11.43,,586,,Yes
30,4/15/25,2,S2,MAT523 / 22,GEOMETRY B,ROCHELLE AITON,10,2027,C-,2.08 pts,4,,437,,Yes
30,4/15/25,4,S2,SCI602 / 24,BIOLOGY B,GRANT MERRILL,10,2027,D+,1.99 pts,4.71,,437,,Yes
30,4/15/25,6,S2,SCI602 / 46,BIOLOGY B,WILLIAM BAUR,12,2025,C,2.25 pts,9,,178,,Yes
30,4/15/25,6,S2,SCI602 / 26,BIOLOGY B,GRANT MERRILL,12,2025,,0.00 pts,5,,178,,Yes
30,4/15/25,4,S2,MAT523 / 24,GEOMETRY B,ROCHELLE AITON,10,2027,B,2.91 pts,1,,179,,Yes
30,4/15/25,5,S2,BUS302 / 25,PERSONAL FINANCE B,NICOLE SIMEK,12,2025,B-,2.81 pts,8.71,,503,,Yes
30,4/15/25,1,S2,SCI504 / 21,PHYSICAL SCIENCE B,JAMES BENNETT,11,2026,F,0.13 pts,20.14,,438,,Yes
30,4/15/25,3,S2,MAT702 / 23,ALGEBRA II B,JENNIFER REILLY,11,2026,C-,2.08 pts,14.14,,438,,Yes
30,4/15/25,6,S2,ENG502 / 26,FR ENGLISH/B,DAVID HOLLINGSWORTH,9,2028,B,3.15 pts,4.29,,181,,Yes
30,4/15/25,5,S2,MAT702 / 45,ALGEBRA II B,JENNIFER REILLY,11,2026,B,3.17 pts,5,,504,,Yes
30,4/15/25,2,S2,MAT523 / 22,GEOMETRY B,ROCHELLE AITON,10,2027,A-,3.40 pts,2,,184,,Yes
30,4/15/25,4,S2,SCI602 / 24,BIOLOGY B,GRANT MERRILL,10,2027,B,2.98 pts,2.57,,184,,Yes
30,4/15/25,2,S2,BUS302 / 22,PERSONAL FINANCE B,NICOLE SIMEK,11,2026,A,3.75 pts,8.43,,185,,Yes
30,4/15/25,5,S2,BUS302 / 25,PERSONAL FINANCE B,NICOLE SIMEK,12,2025,C-,2.15 pts,9.86,,505,,Yes
30,4/15/25,5,S2,MAT702 / 45,ALGEBRA II B,JENNIFER REILLY,10,2027,A,3.94 pts,3,,186,,Yes
30,4/15/25,6,S2,SCI602 / 46,BIOLOGY B,WILLIAM BAUR,10,2027,A,4.00 pts,3.57,,186,,Yes
30,4/15/25,6,S2,SOC702 / 26,US HISTORY/B,SCOTT BOOTHBY,11,2026,D,1.71 pts,9.14,,187,,Yes
30,4/15/25,6,S2,SCI602 / 46,BIOLOGY B,WILLIAM BAUR,12,2025,C-,2.07 pts,3.14,,188,,Yes
30,4/15/25,6,S2,ENG502 / 26,FR ENGLISH/B,DAVID HOLLINGSWORTH,9,2028,B+,3.33 pts,0.14,,189,,Yes
30,4/15/25,3,S2,MAT702 / 23,ALGEBRA II B,JENNIFER REILLY,11,2026,A-,3.45 pts,4.71,,439,,Yes
30,4/15/25,1,S2,MAT523 / 21,GEOMETRY B,ROCHELLE AITON,10,2027,C+,2.58 pts,4.57,,190,,Yes
30,4/15/25,6,S2,SCI602 / 26,BIOLOGY B,GRANT MERRILL,10,2027,C+,2.68 pts,4.86,,190,,Yes
30,4/15/25,3,S2,MAT702 / 23,ALGEBRA II B,JENNIFER REILLY,11,2026,A,3.90 pts,11,,191,,Yes
30,4/15/25,1,S2,MAT523 / 21,GEOMETRY B,ROCHELLE AITON,9,2028,A,3.76 pts,0,,192,,Yes
30,4/15/25,1,S2,MAT523 / 21,GEOMETRY B,ROCHELLE AITON,10,2027,D+,1.90 pts,1.29,,193,,Yes
30,4/15/25,5,S2,ENG602 / 25,SOPH ENG/B,MARCEE SALAS,10,2027,A-,3.43 pts,1.57,,193,,Yes
30,4/15/25,5,S2,MAT523 / 25,GEOMETRY B,BRIAN ANDERSON,10,2027,F,1.43 pts,8.33,,194,,Yes
30,4/15/25,3,S2,BUS302 / 23,PERSONAL FINANCE B,NICOLE SIMEK,12,2025,F,0.01 pts,10.29,,195,,Yes
28,3/25/25,4,S2,MAT702 / 24,ALGEBRA II B,JENNIFER REILLY,11,2026,F,1.53 pts,14.29,,586,,Yes
30,4/15/25,6,S2,ENG502 / 26,FR ENGLISH/B,DAVID HOLLINGSWORTH,9,2028,C,2.22 pts,2,,196,,Yes
30,4/15/25,1,S2,MAT523 / 21,GEOMETRY B,ROCHELLE AITON,10,2027,C-,2.03 pts,4.43,,198,,Yes
30,4/15/25,4,S2,SCI602 / 24,BIOLOGY B,GRANT MERRILL,10,2027,B-,2.75 pts,4.43,,198,,Yes
30,4/15/25,5,S2,MAT523 / 25,GEOMETRY B,BRIAN ANDERSON,10,2027,C,2.24 pts,0,,199,,Yes
30,4/15/25,5,S2,BUS302 / 25,PERSONAL FINANCE B,NICOLE SIMEK,12,2025,A,3.68 pts,0.57,,200,,Yes
29,4/8/25,4,S2,MAT702 / 24,ALGEBRA II B,JENNIFER REILLY,11,2026,F,1.62 pts,15.57,,586,,Yes
30,4/15/25,3,S2,MAT702 / 23,ALGEBRA II B,JENNIFER REILLY,10,2027,A,3.76 pts,2.14,,509,,Yes
30,4/15/25,4,S2,MAT523 / 24,GEOMETRY B,ROCHELLE AITON,10,2027,A,3.97 pts,0,,440,,Yes
30,4/15/25,1,S2,SCI504 / 21,PHYSICAL SCIENCE B,JAMES BENNETT,12,2025,F,1.05 pts,21.14,,201,,Yes
30,4/15/25,2,S2,BUS302 / 22,PERSONAL FINANCE B,NICOLE SIMEK,12,2025,F,1.41 pts,19.71,,201,,Yes
30,4/15/25,6,S2,MAT702 / 26,ALGEBRA II B,JASON BLAESING,11,2026,F,1.61 pts,9.69,,510,,Yes
30,4/15/25,1,S2,MAT523 / 21,GEOMETRY B,ROCHELLE AITON,10,2027,C,2.28 pts,0.71,,202,,Yes
30,4/15/25,6,S2,SCI602 / 26,BIOLOGY B,GRANT MERRILL,10,2027,C,2.28 pts,0,,202,,Yes
30,4/15/25,5,S2,MAT523 / 25,GEOMETRY B,BRIAN ANDERSON,10,2027,C+,2.60 pts,0.71,,204,,Yes
30,4/15/25,6,S2,SCI602 / 26,BIOLOGY B,GRANT MERRILL,10,2027,A-,3.49 pts,0,,204,,Yes
30,4/15/25,5,S2,BUS302 / 25,PERSONAL FINANCE B,NICOLE SIMEK,12,2025,A-,3.46 pts,6.33,,511,,Yes
30,4/15/25,3,S2,MAT523 / 23,GEOMETRY B,ROCHELLE AITON,10,2027,B+,3.37 pts,2.14,,205,,Yes
30,4/15/25,2,S2,MAT523 / 22,GEOMETRY B,ROCHELLE AITON,10,2027,A-,3.41 pts,0,,206,,Yes
30,4/15/25,6,S2,SCI602 / 46,BIOLOGY B,WILLIAM BAUR,10,2027,A-,3.51 pts,0,,206,,Yes
30,4/15/25,1,S2,ENG504 / 21,PRE-AP FRESHMAN ENGLISH/B,ANGELINA MERRILL,9,2028,C,2.28 pts,8,,512,,Yes
30,4/15/25,5,S2,MAT702 / 45,ALGEBRA II B,JENNIFER REILLY,11,2026,B,3.02 pts,14,,207,,Yes
30,4/15/25,3,S2,MAT702 / 23,ALGEBRA II B,JENNIFER REILLY,11,2026,A,3.75 pts,2.86,,208,,Yes
30,4/15/25,4,S2,MAT702 / 24,ALGEBRA II B,JENNIFER REILLY,11,2026,F,1.62 pts,18.57,,586,,Yes
30,4/15/25,3,S2,BUS302 / 23,PERSONAL FINANCE B,NICOLE SIMEK,11,2026,F,0.33 pts,3.43,,209,,Yes
30,4/15/25,6,S2,SOC702 / 26,US HISTORY/B,SCOTT BOOTHBY,11,2026,,1.93 pts,2,,209,,Yes
30,4/15/25,5,S2,BUS302 / 25,PERSONAL FINANCE B,NICOLE SIMEK,12,2025,B+,3.21 pts,13.14,,514,,Yes
30,4/15/25,6,S2,SOC702 / 26,US HISTORY/B,SCOTT BOOTHBY,11,2026,A,3.70 pts,4,,210,,Yes
30,4/15/25,2,S2,MAT702 / 22,ALGEBRA II B,JASON BLAESING,10,2027,,0.00 pts,0,,515,,Yes
30,4/15/25,3,S2,MAT523 / 23,GEOMETRY B,ROCHELLE AITON,10,2027,C+,2.68 pts,5.43,,516,,Yes
30,4/15/25,5,S2,BUS302 / 25,PERSONAL FINANCE B,NICOLE SIMEK,12,2025,W,3.91 pts,2.43,,517,,Yes
30,4/15/25,3,S2,MAT523 / 23,GEOMETRY B,ROCHELLE AITON,9,2028,C,2.46 pts,3,,211,,Yes
21,2/4/25,4,S2,MAT702 / 24,ALGEBRA II B,JENNIFER REILLY,11,2026,A,4.00 pts,3,,589,,Yes
30,4/15/25,1,S2,MAT523 / 21,GEOMETRY B,ROCHELLE AITON,10,2027,C-,2.03 pts,4,,469,,Yes
30,4/15/25,1,S2,SCI504 / 21,PHYSICAL SCIENCE B,JAMES BENNETT,9,2028,F,1.45 pts,0,,212,,Yes
30,4/15/25,6,S2,ENG502 / 26,FR ENGLISH/B,DAVID HOLLINGSWORTH,9,2028,B,3.09 pts,2.86,,212,,Yes
30,4/15/25,5,S2,BUS302 / 25,PERSONAL FINANCE B,NICOLE SIMEK,12,2025,A,3.97 pts,0,,213,,Yes
30,4/15/25,5,S2,BUS302 / 25,PERSONAL FINANCE B,NICOLE SIMEK,12,2025,B,3.08 pts,8.29,,519,,Yes
30,4/15/25,6,S2,MAT702 / 26,ALGEBRA II B,JASON BLAESING,10,2027,A,3.99 pts,4,,520,,Yes
30,4/15/25,5,S2,MAT523 / 25,GEOMETRY B,BRIAN ANDERSON,10,2027,F,1.57 pts,3.29,,521,,Yes
30,4/15/25,5,S2,MAT523 / 25,GEOMETRY B,BRIAN ANDERSON,9,2028,A,3.99 pts,0,,522,,Yes
30,4/15/25,3,S2,BUS302 / 23,PERSONAL FINANCE B,NICOLE SIMEK,11,2026,B,2.97 pts,0,,523,,Yes
30,4/15/25,2,S2,MAT523 / 22,GEOMETRY B,ROCHELLE AITON,10,2027,A-,3.56 pts,1,,524,,Yes
30,4/15/25,4,S2,MAT523 / 24,GEOMETRY B,ROCHELLE AITON,11,2026,F,0.33 pts,5.14,,214,,Yes
30,4/15/25,1,S2,MAT523 / 21,GEOMETRY B,ROCHELLE AITON,10,2027,D+,1.96 pts,5.57,,215,,Yes
30,4/15/25,6,S2,SCI602 / 26,BIOLOGY B,GRANT MERRILL,10,2027,B,3.16 pts,5,,215,,Yes
30,4/15/25,3,S2,SCI602 / 23,BIOLOGY B,GRANT MERRILL,10,2027,C+,2.64 pts,21.14,,220,,Yes
30,4/15/25,2,S2,BUS302 / 22,PERSONAL FINANCE B,NICOLE SIMEK,12,2025,F,1.62 pts,6.57,,216,,Yes
30,4/15/25,1,S2,ENG504 / 21,PRE-AP FRESHMAN ENGLISH/B,ANGELINA MERRILL,9,2028,,3.01 pts,0.83,,219,,Yes
30,4/15/25,2,S2,MAT523 / 22,GEOMETRY B,ROCHELLE AITON,9,2028,,0.15 pts,0.83,,219,,Yes
30,4/15/25,3,S2,MAT523 / 23,GEOMETRY B,ROCHELLE AITON,9,2028,A,3.95 pts,3,,219,,Yes
30,4/15/25,1,S2,SCI504 / 21,PHYSICAL SCIENCE B,JAMES BENNETT,11,2026,C-,2.11 pts,13.14,,218,,Yes
22,2/11/25,4,S2,MAT702 / 24,ALGEBRA II B,JENNIFER REILLY,11,2026,,,1,,589,,Yes
30,4/15/25,6,S2,SOC702 / 26,US HISTORY/B,SCOTT BOOTHBY,11,2026,B+,3.30 pts,11.57,,218,,Yes
30,4/15/25,6,S2,ENG502 / 26,FR ENGLISH/B,DAVID HOLLINGSWORTH,9,2028,A,3.94 pts,6,,217,,Yes
30,4/15/25,6,S2,SOC702 / 26,US HISTORY/B,SCOTT BOOTHBY,11,2026,A,3.91 pts,7.67,,224,,Yes
30,4/15/25,2,S2,MAT702 / 22,ALGEBRA II B,JASON BLAESING,11,2026,A-,3.59 pts,0,,222,,Yes
30,4/15/25,4,S2,MAT523 / 24,GEOMETRY B,ROCHELLE AITON,10,2027,B,2.90 pts,5,,221,,Yes
30,4/15/25,5,S2,ENG602 / 25,SOPH ENG/B,MARCEE SALAS,10,2027,B-,2.70 pts,5.57,,221,,Yes
30,4/15/25,5,S2,MAT702 / 45,ALGEBRA II B,JENNIFER REILLY,10,2027,A,3.76 pts,1.14,,525,,Yes
30,4/15/25,3,S2,BUS302 / 23,PERSONAL FINANCE B,NICOLE SIMEK,12,2025,D+,1.93 pts,4.71,,526,,Yes
30,4/15/25,2,S2,MAT702 / 22,ALGEBRA II B,JASON BLAESING,11,2026,C-,2.16 pts,0,,225,,Yes
30,4/15/25,5,S2,BUS302 / 25,PERSONAL FINANCE B,NICOLE SIMEK,12,2025,C+,2.69 pts,5,,527,,Yes
30,4/15/25,2,S2,MAT702 / 22,ALGEBRA II B,JASON BLAESING,10,2027,A,3.81 pts,0,,226,,Yes
30,4/15/25,6,S2,SCI602 / 26,BIOLOGY B,GRANT MERRILL,10,2027,B+,3.22 pts,0,,226,,Yes
30,4/15/25,2,S2,MAT523 / 22,GEOMETRY B,ROCHELLE AITON,9,2028,A,3.60 pts,0,,228,,Yes
30,4/15/25,6,S2,ENG502 / 26,FR ENGLISH/B,DAVID HOLLINGSWORTH,9,2028,D+,1.86 pts,0.14,,229,,Yes
30,4/15/25,3,S2,MAT702 / 23,ALGEBRA II B,JENNIFER REILLY,11,2026,A,3.67 pts,5.43,,528,,Yes
30,4/15/25,2,S2,BUS302 / 22,PERSONAL FINANCE B,NICOLE SIMEK,11,2026,B+,3.33 pts,5.43,,230,,Yes
30,4/15/25,2,S2,BUS302 / 22,PERSONAL FINANCE B,NICOLE SIMEK,12,2025,B,3.12 pts,14.43,,233,,Yes
30,4/15/25,2,S2,MAT523 / 22,GEOMETRY B,ROCHELLE AITON,10,2027,C,2.27 pts,4,,236,,Yes
30,4/15/25,3,S2,SCI602 / 23,BIOLOGY B,GRANT MERRILL,10,2027,B,2.96 pts,4,,236,,Yes
30,4/15/25,5,S2,ENG602 / 25,SOPH ENG/B,MARCEE SALAS,10,2027,C,2.33 pts,4.43,,236,,Yes
30,4/15/25,2,S2,ENG602 / 22,SOPH ENG/B,KELLY GREGERSEN,10,2027,B+,3.25 pts,3.43,,235,,Yes
30,4/15/25,4,S2,SCI602 / 24,BIOLOGY B,GRANT MERRILL,10,2027,C,2.21 pts,3.71,,235,,Yes
30,4/15/25,2,S2,MAT702 / 22,ALGEBRA II B,JASON BLAESING,10,2027,A,3.81 pts,2.86,,237,,Yes
30,4/15/25,3,S2,SCI602 / 23,BIOLOGY B,GRANT MERRILL,10,2027,A,4.00 pts,2.86,,237,,Yes
30,4/15/25,4,S2,MAT523 / 24,GEOMETRY B,ROCHELLE AITON,10,2027,C,2.37 pts,0.43,,238,,Yes
30,4/15/25,5,S2,ENG602 / 25,SOPH ENG/B,MARCEE SALAS,10,2027,D+,1.94 pts,0.43,,238,,Yes
30,4/15/25,6,S2,SCI602 / 46,BIOLOGY B,WILLIAM BAUR,10,2027,B-,2.78 pts,0.43,,238,,Yes
30,4/15/25,2,S2,BUS302 / 22,PERSONAL FINANCE B,NICOLE SIMEK,12,2025,C+,2.59 pts,2.5,,240,,Yes
30,4/15/25,2,S2,MAT702 / 22,ALGEBRA II B,JASON BLAESING,11,2026,B,3.00 pts,4.43,,241,,Yes
30,4/15/25,6,S2,ENG502 / 26,FR ENGLISH/B,DAVID HOLLINGSWORTH,9,2028,F,0.56 pts,15.43,,243,,Yes
30,4/15/25,2,S2,SCI610 / 22,CHEMISTRY/B,GRANT MERRILL,11,2026,C+,2.65 pts,11.57,,242,,Yes
30,4/15/25,3,S2,BUS302 / 23,PERSONAL FINANCE B,NICOLE SIMEK,11,2026,A,3.98 pts,12.14,,242,,Yes
30,4/15/25,5,S2,MAT523 / 25,GEOMETRY B,BRIAN ANDERSON,10,2027,C+,2.51 pts,2.71,,244,,Yes
30,4/15/25,2,S2,MAT523 / 22,GEOMETRY B,ROCHELLE AITON,10,2027,C-,2.14 pts,6.29,,246,,Yes
30,4/15/25,3,S2,MAT702 / 23,ALGEBRA II B,JENNIFER REILLY,10,2027,A-,3.50 pts,8.14,,247,,Yes
30,4/15/25,1,S2,MAT523 / 21,GEOMETRY B,ROCHELLE AITON,10,2027,F,0.48 pts,12.29,,248,,Yes
30,4/15/25,2,S2,ENG602 / 22,SOPH ENG/B,KELLY GREGERSEN,10,2027,F,0.83 pts,6.14,,249,,Yes
30,4/15/25,5,S2,MAT702 / 45,ALGEBRA II B,JENNIFER REILLY,11,2026,A,3.77 pts,6.29,,250,,Yes
30,4/15/25,6,S2,SOC702 / 26,US HISTORY/B,SCOTT BOOTHBY,11,2026,B,3.09 pts,6.29,,250,,Yes
30,4/15/25,4,S2,MAT523 / 24,GEOMETRY B,ROCHELLE AITON,10,2027,F,0.63 pts,5.57,,251,,Yes
30,4/15/25,5,S2,MAT523 / 25,GEOMETRY B,BRIAN ANDERSON,10,2027,B,3.01 pts,8.71,,252,,Yes
30,4/15/25,6,S2,SCI602 / 26,BIOLOGY B,GRANT MERRILL,10,2027,C,2.24 pts,9,,252,,Yes
30,4/15/25,3,S2,BUS302 / 23,PERSONAL FINANCE B,NICOLE SIMEK,11,2026,C-,2.07 pts,2.43,,253,,Yes
30,4/15/25,6,S2,SOC702 / 26,US HISTORY/B,SCOTT BOOTHBY,11,2026,C-,2.11 pts,4.43,,253,,Yes
23,2/18/25,4,S2,MAT702 / 24,ALGEBRA II B,JENNIFER REILLY,11,2026,,,1,,589,,Yes
30,4/15/25,6,S2,SOC702 / 26,US HISTORY/B,SCOTT BOOTHBY,11,2026,B,3.07 pts,7,,255,,Yes
30,4/15/25,6,S2,MAT702 / 26,ALGEBRA II B,JASON BLAESING,11,2026,A,4.00 pts,6,,257,,Yes
30,4/15/25,6,S2,MAT702 / 26,ALGEBRA II B,JASON BLAESING,11,2026,D+,1.83 pts,4.67,,258,,Yes
30,4/15/25,2,S2,MAT702 / 22,ALGEBRA II B,JASON BLAESING,11,2026,B,3.17 pts,1.14,,260,,Yes
30,4/15/25,2,S2,BUS302 / 22,PERSONAL FINANCE B,NICOLE SIMEK,12,2025,A,3.98 pts,0,,259,,Yes
30,4/15/25,2,S2,MAT702 / 22,ALGEBRA II B,JASON BLAESING,11,2026,B+,3.24 pts,3,,262,,Yes
30,4/15/25,6,S2,ENG502 / 26,FR ENGLISH/B,DAVID HOLLINGSWORTH,9,2028,C,2.29 pts,10.71,,529,,Yes
30,4/15/25,4,S2,MAT523 / 24,GEOMETRY B,ROCHELLE AITON,10,2027,A,3.88 pts,2.71,,264,,Yes
30,4/15/25,3,S2,BUS302 / 23,PERSONAL FINANCE B,NICOLE SIMEK,11,2026,C,2.49 pts,1.43,,267,,Yes
30,4/15/25,6,S2,ENG502 / 26,FR ENGLISH/B,DAVID HOLLINGSWORTH,9,2028,B,2.99 pts,6.86,,268,,Yes
30,4/15/25,5,S2,MAT523 / 25,GEOMETRY B,BRIAN ANDERSON,10,2027,B,3.16 pts,11,,269,,Yes
30,4/15/25,6,S2,SCI602 / 46,BIOLOGY B,WILLIAM BAUR,10,2027,A,3.72 pts,11.14,,269,,Yes
24,2/25/25,4,S2,MAT702 / 24,ALGEBRA II B,JENNIFER REILLY,11,2026,A,4.00 pts,1,,589,,Yes
30,4/15/25,6,S2,ENG502 / 26,FR ENGLISH/B,DAVID HOLLINGSWORTH,9,2028,F,1.46 pts,2.57,,270,,Yes
30,4/15/25,5,S2,MAT702 / 45,ALGEBRA II B,JENNIFER REILLY,10,2027,B+,3.37 pts,1,,531,,Yes
30,4/15/25,3,S2,MAT702 / 23,ALGEBRA II B,JENNIFER REILLY,11,2026,A-,3.53 pts,3.86,,271,,Yes
30,4/15/25,6,S2,SOC702 / 26,US HISTORY/B,SCOTT BOOTHBY,11,2026,F,1.37 pts,4.71,,271,,Yes
30,4/15/25,2,S2,MAT523 / 22,GEOMETRY B,ROCHELLE AITON,10,2027,C,2.48 pts,17.57,,272,,Yes
30,4/15/25,3,S2,SCI602 / 23,BIOLOGY B,GRANT MERRILL,10,2027,C-,2.02 pts,16.86,,272,,Yes
30,4/15/25,5,S2,ENG602 / 25,SOPH ENG/B,MARCEE SALAS,10,2027,C-,2.00 pts,18,,272,,Yes
30,4/15/25,2,S2,MAT523 / 22,GEOMETRY B,ROCHELLE AITON,10,2027,F,0.72 pts,9.57,,273,,Yes
30,4/15/25,5,S2,ENG602 / 25,SOPH ENG/B,MARCEE SALAS,10,2027,F,1.02 pts,4,,273,,Yes
30,4/15/25,6,S2,SCI602 / 46,BIOLOGY B,WILLIAM BAUR,10,2027,D+,1.97 pts,4.29,,273,,Yes
30,4/15/25,3,S2,MAT523 / 23,GEOMETRY B,ROCHELLE AITON,9,2028,B,2.99 pts,4,,532,,Yes
30,4/15/25,2,S2,MAT702 / 22,ALGEBRA II B,JASON BLAESING,11,2026,F,1.56 pts,22.57,,274,,Yes
30,4/15/25,5,S2,MAT523 / 25,GEOMETRY B,BRIAN ANDERSON,10,2027,B,3.07 pts,12.43,,533,,Yes
30,4/15/25,6,S2,SOC702 / 26,US HISTORY/B,SCOTT BOOTHBY,11,2026,C,2.35 pts,5.17,,275,,Yes
30,4/15/25,5,S2,BUS302 / 25,PERSONAL FINANCE B,NICOLE SIMEK,11,2026,F,0.00 pts,12.29,,276,,Yes
30,4/15/25,6,S2,SOC702 / 26,US HISTORY/B,SCOTT BOOTHBY,11,2026,B,2.91 pts,7.14,,277,,Yes
30,4/15/25,1,S2,SCI504 / 21,PHYSICAL SCIENCE B,JAMES BENNETT,9,2028,C,2.36 pts,6.57,,534,,Yes
30,4/15/25,1,S2,ENG504 / 21,PRE-AP FRESHMAN ENGLISH/B,ANGELINA MERRILL,9,2028,A-,3.52 pts,2.14,,535,,Yes
30,4/15/25,6,S2,MAT702 / 26,ALGEBRA II B,JASON BLAESING,11,2026,B+,3.37 pts,11,,278,,Yes
30,4/15/25,1,S2,MAT523 / 21,GEOMETRY B,ROCHELLE AITON,9,2028,A,4.00 pts,1,,279,,Yes
30,4/15/25,1,S2,ENG504 / 21,PRE-AP FRESHMAN ENGLISH/B,ANGELINA MERRILL,9,2028,A,3.88 pts,4,,536,,Yes
30,4/15/25,3,S2,BUS302 / 23,PERSONAL FINANCE B,NICOLE SIMEK,12,2025,B,3.10 pts,9.86,,280,,Yes
30,4/15/25,5,S2,BUS302 / 25,PERSONAL FINANCE B,NICOLE SIMEK,12,2025,,3.88 pts,1.29,,280,,Yes
30,4/15/25,5,S2,BUS302 / 25,PERSONAL FINANCE B,NICOLE SIMEK,12,2025,A-,3.54 pts,13.29,,537,,Yes
30,4/15/25,2,S2,MAT523 / 22,GEOMETRY B,ROCHELLE AITON,9,2028,A,3.72 pts,0,,281,,Yes
30,4/15/25,2,S2,SCI610 / 22,CHEMISTRY/B,GRANT MERRILL,11,2026,D,1.75 pts,17,,282,,Yes
30,4/15/25,3,S2,MAT702 / 23,ALGEBRA II B,JENNIFER REILLY,11,2026,B,3.03 pts,17,,282,,Yes
30,4/15/25,3,S2,BUS302 / 23,PERSONAL FINANCE B,NICOLE SIMEK,12,2025,A,3.77 pts,1.86,,283,,Yes
30,4/15/25,3,S2,MAT523 / 23,GEOMETRY B,ROCHELLE AITON,9,2028,A,3.75 pts,1,,284,,Yes
25,3/4/25,4,S2,MAT702 / 24,ALGEBRA II B,JENNIFER REILLY,11,2026,A,4.00 pts,1,,589,,Yes
30,4/15/25,1,S2,SCI504 / 21,PHYSICAL SCIENCE B,JAMES BENNETT,9,2028,B,3.07 pts,2.14,,285,,Yes
30,4/15/25,6,S2,ENG502 / 26,FR ENGLISH/B,DAVID HOLLINGSWORTH,9,2028,A,3.94 pts,2,,285,,Yes
30,4/15/25,6,S2,ENG502 / 26,FR ENGLISH/B,DAVID HOLLINGSWORTH,9,2028,B+,3.25 pts,1.14,,596,,Yes
30,4/15/25,5,S2,BUS302 / 25,PERSONAL FINANCE B,NICOLE SIMEK,12,2025,B+,3.38 pts,3.57,,539,,Yes
30,4/15/25,1,S2,ENG504 / 21,PRE-AP FRESHMAN ENGLISH/B,ANGELINA MERRILL,9,2028,A-,3.48 pts,0,,540,,Yes
30,4/15/25,5,S2,MAT702 / 45,ALGEBRA II B,JENNIFER REILLY,10,2027,A,4.00 pts,8,,287,,Yes
30,4/15/25,6,S2,SCI602 / 26,BIOLOGY B,GRANT MERRILL,10,2027,A-,3.49 pts,8,,287,,Yes
30,4/15/25,5,S2,MAT702 / 45,ALGEBRA II B,JENNIFER REILLY,11,2026,A,3.60 pts,1,,288,,Yes
30,4/15/25,6,S2,SOC702 / 26,US HISTORY/B,SCOTT BOOTHBY,11,2026,A,3.84 pts,1,,288,,Yes
30,4/15/25,2,S2,ENG602 / 22,SOPH ENG/B,KELLY GREGERSEN,10,2027,F,1.45 pts,4.71,,290,,Yes
30,4/15/25,5,S2,BUS302 / 25,PERSONAL FINANCE B,NICOLE SIMEK,12,2025,F,0.87 pts,7.71,,541,,Yes
30,4/15/25,4,S2,SCI602 / 24,BIOLOGY B,GRANT MERRILL,10,2027,C,2.21 pts,2,,291,,Yes
30,4/15/25,3,S2,BUS302 / 23,PERSONAL FINANCE B,NICOLE SIMEK,12,2025,A-,3.50 pts,0,,542,,Yes
30,4/15/25,3,S2,MAT523 / 23,GEOMETRY B,ROCHELLE AITON,10,2027,F,1.31 pts,9.71,,293,,Yes
30,4/15/25,4,S2,SCI602 / 24,BIOLOGY B,GRANT MERRILL,10,2027,F,1.49 pts,10.29,,293,,Yes
30,4/15/25,5,S2,MAT523 / 25,GEOMETRY B,BRIAN ANDERSON,10,2027,C+,2.60 pts,1.14,,294,,Yes
30,4/15/25,6,S2,SCI602 / 46,BIOLOGY B,WILLIAM BAUR,10,2027,A,3.99 pts,0.86,,294,,Yes
30,4/15/25,6,S2,ENG502 / 26,FR ENGLISH/B,DAVID HOLLINGSWORTH,9,2028,A,3.98 pts,0.14,,295,,Yes
30,4/15/25,6,S2,MAT702 / 26,ALGEBRA II B,JASON BLAESING,11,2026,F,1.59 pts,14,,296,,Yes
26,3/11/25,4,S2,MAT702 / 24,ALGEBRA II B,JENNIFER REILLY,11,2026,A,3.94 pts,1,,589,,Yes
27,3/18/25,4,S2,MAT702 / 24,ALGEBRA II B,JENNIFER REILLY,11,2026,A,4.00 pts,1,,589,,Yes
30,4/15/25,2,S2,SCI610 / 22,CHEMISTRY/B,GRANT MERRILL,11,2026,C+,2.69 pts,2.86,,297,,Yes
30,4/15/25,6,S2,MAT702 / 26,ALGEBRA II B,JASON BLAESING,11,2026,B,3.19 pts,2.71,,297,,Yes
30,4/15/25,3,S2,MAT702 / 23,ALGEBRA II B,JENNIFER REILLY,11,2026,A,4.00 pts,0,,298,,Yes
30,4/15/25,2,S2,BUS302 / 22,PERSONAL FINANCE B,NICOLE SIMEK,12,2025,A-,3.46 pts,4.43,,299,,Yes
30,4/15/25,3,S2,BUS302 / 23,PERSONAL FINANCE B,NICOLE SIMEK,11,2026,,0.00 pts,2.57,,300,,Yes
30,4/15/25,1,S2,MAT523 / 21,GEOMETRY B,ROCHELLE AITON,10,2027,B+,3.25 pts,1.71,,301,,Yes
30,4/15/25,4,S2,MAT523 / 24,GEOMETRY B,ROCHELLE AITON,10,2027,B,3.05 pts,1,,443,,Yes
30,4/15/25,3,S2,MAT523 / 23,GEOMETRY B,ROCHELLE AITON,9,2028,A-,3.41 pts,11.29,,302,,Yes
30,4/15/25,6,S2,ENG502 / 26,FR ENGLISH/B,DAVID HOLLINGSWORTH,9,2028,B,3.04 pts,11.14,,302,,Yes
30,4/15/25,2,S2,MAT702 / 22,ALGEBRA II B,JASON BLAESING,11,2026,A,3.81 pts,2.2,,545,,Yes
30,4/15/25,3,S2,BUS302 / 23,PERSONAL FINANCE B,NICOLE SIMEK,12,2025,C-,2.16 pts,1,,305,,Yes
30,4/15/25,5,S2,BUS302 / 25,PERSONAL FINANCE B,NICOLE SIMEK,12,2025,D+,1.83 pts,6.14,,546,,Yes
30,4/15/25,5,S2,MAT523 / 25,GEOMETRY B,BRIAN ANDERSON,9,2028,A,3.77 pts,8.86,,547,,Yes
30,4/15/25,1,S2,SCI504 / 21,PHYSICAL SCIENCE B,JAMES BENNETT,9,2028,C+,2.61 pts,10.43,,306,,Yes
30,4/15/25,3,S2,MAT523 / 23,GEOMETRY B,ROCHELLE AITON,9,2028,C,2.35 pts,11.71,,306,,Yes
30,4/15/25,2,S2,MAT702 / 22,ALGEBRA II B,JASON BLAESING,11,2026,A,3.81 pts,5.43,,307,,Yes
30,4/15/25,2,S2,ENG602 / 22,SOPH ENG/B,KELLY GREGERSEN,10,2027,F,0.13 pts,23.57,,309,,Yes
30,4/15/25,5,S2,MAT523 / 25,GEOMETRY B,BRIAN ANDERSON,10,2027,F,0.01 pts,22,,309,,Yes
30,4/15/25,6,S2,SCI602 / 26,BIOLOGY B,GRANT MERRILL,10,2027,F,0.24 pts,22.86,,309,,Yes
30,4/15/25,1,S2,SCI504 / 21,PHYSICAL SCIENCE B,JAMES BENNETT,9,2028,F,1.22 pts,1.71,,308,,Yes
30,4/15/25,6,S2,ENG502 / 26,FR ENGLISH/B,DAVID HOLLINGSWORTH,9,2028,C-,2.12 pts,1.57,,308,,Yes
30,4/15/25,1,S2,SCI504 / 21,PHYSICAL SCIENCE B,JAMES BENNETT,9,2028,B+,3.30 pts,6,,548,,Yes
30,4/15/25,3,S2,SCI602 / 23,BIOLOGY B,GRANT MERRILL,10,2027,B+,3.26 pts,3,,310,,Yes
30,4/15/25,4,S2,MAT523 / 24,GEOMETRY B,ROCHELLE AITON,10,2027,C+,2.58 pts,3,,310,,Yes
30,4/15/25,2,S2,MAT702 / 22,ALGEBRA II B,JASON BLAESING,11,2026,C,2.20 pts,8.43,,312,,Yes
30,4/15/25,6,S2,SOC702 / 26,US HISTORY/B,SCOTT BOOTHBY,11,2026,C,2.24 pts,8.86,,312,,Yes
30,4/15/25,3,S2,SCI602 / 23,BIOLOGY B,GRANT MERRILL,10,2027,B-,2.76 pts,1.57,,549,,Yes
28,3/25/25,4,S2,MAT702 / 24,ALGEBRA II B,JENNIFER REILLY,11,2026,A,4.00 pts,1,,589,,Yes
30,4/15/25,6,S2,MAT702 / 26,ALGEBRA II B,JASON BLAESING,11,2026,A-,3.44 pts,4,,313,,Yes
30,4/15/25,2,S2,MAT702 / 22,ALGEBRA II B,JASON BLAESING,11,2026,B,2.96 pts,2.29,,314,,Yes
30,4/15/25,2,S2,SCI610 / 22,CHEMISTRY/B,GRANT MERRILL,11,2026,B-,2.86 pts,0.29,,315,,Yes
29,4/8/25,4,S2,MAT702 / 24,ALGEBRA II B,JENNIFER REILLY,11,2026,B+,3.24 pts,3,,589,,Yes
30,4/15/25,1,S2,ENG504 / 21,PRE-AP FRESHMAN ENGLISH/B,ANGELINA MERRILL,9,2028,A,3.87 pts,0.86,,551,,Yes
30,4/15/25,6,S2,MAT702 / 26,ALGEBRA II B,JASON BLAESING,11,2026,B+,3.34 pts,6.14,,316,,Yes
30,4/15/25,2,S2,ENG602 / 22,SOPH ENG/B,KELLY GREGERSEN,10,2027,D+,1.84 pts,13.71,,317,,Yes
30,4/15/25,3,S2,MAT523 / 23,GEOMETRY B,ROCHELLE AITON,10,2027,F,0.80 pts,13.14,,317,,Yes
30,4/15/25,4,S2,SCI602 / 24,BIOLOGY B,GRANT MERRILL,10,2027,F,1.46 pts,12.29,,317,,Yes
30,4/15/25,1,S2,MAT523 / 21,GEOMETRY B,ROCHELLE AITON,10,2027,B-,2.72 pts,6.57,,318,,Yes
30,4/15/25,3,S2,SCI602 / 23,BIOLOGY B,GRANT MERRILL,10,2027,B,3.13 pts,7.29,,318,,Yes
30,4/15/25,2,S2,MAT702 / 22,ALGEBRA II B,JASON BLAESING,11,2026,B+,3.31 pts,1.33,,319,,Yes
30,4/15/25,2,S2,MAT702 / 22,ALGEBRA II B,JASON BLAESING,11,2026,A,3.60 pts,0,,320,,Yes
30,4/15/25,6,S2,SOC702 / 26,US HISTORY/B,SCOTT BOOTHBY,11,2026,C,2.48 pts,1.43,,320,,Yes
30,4/15/25,1,S2,ENG504 / 21,PRE-AP FRESHMAN ENGLISH/B,ANGELINA MERRILL,9,2028,B,3.11 pts,1.57,,552,,Yes
30,4/15/25,2,S2,BUS302 / 22,PERSONAL FINANCE B,NICOLE SIMEK,12,2025,F,0.22 pts,30.38,,321,,Yes
30,4/15/25,2,S2,BUS302 / 22,PERSONAL FINANCE B,NICOLE SIMEK,12,2025,C+,2.52 pts,10.71,,322,,Yes
30,4/15/25,3,S2,BUS302 / 23,PERSONAL FINANCE B,NICOLE SIMEK,12,2025,B+,3.24 pts,3.29,,323,,Yes
30,4/15/25,2,S2,ENG602 / 22,SOPH ENG/B,KELLY GREGERSEN,10,2027,A-,3.54 pts,0.71,,324,,Yes
30,4/15/25,4,S2,MAT523 / 24,GEOMETRY B,ROCHELLE AITON,10,2027,A-,3.42 pts,0,,324,,Yes
30,4/15/25,5,S2,BUS302 / 25,PERSONAL FINANCE B,NICOLE SIMEK,12,2025,C-,2.05 pts,8.71,,553,,Yes
30,4/15/25,4,S2,SCI602 / 24,BIOLOGY B,GRANT MERRILL,10,2027,C-,2.05 pts,7,,445,,Yes
30,4/15/25,2,S2,BUS302 / 22,PERSONAL FINANCE B,NICOLE SIMEK,12,2025,A,3.80 pts,6,,325,,Yes
30,4/15/25,3,S2,BUS302 / 23,PERSONAL FINANCE B,NICOLE SIMEK,12,2025,A,3.77 pts,2.83,,326,,Yes
30,4/15/25,2,S2,BUS302 / 22,PERSONAL FINANCE B,NICOLE SIMEK,11,2026,A-,3.45 pts,0.29,,327,,Yes
30,4/15/25,6,S2,SOC702 / 26,US HISTORY/B,SCOTT BOOTHBY,11,2026,B+,3.27 pts,0,,327,,Yes
30,4/15/25,2,S2,MAT702 / 22,ALGEBRA II B,JASON BLAESING,11,2026,C,2.49 pts,7,,554,,Yes
30,4/15/25,4,S2,MAT702 / 24,ALGEBRA II B,JENNIFER REILLY,11,2026,A,4.00 pts,3,,589,,Yes
30,4/15/25,5,S2,MAT702 / 45,ALGEBRA II B,JENNIFER REILLY,11,2026,C+,2.57 pts,0,,556,,Yes
30,4/15/25,6,S2,SCI602 / 46,BIOLOGY B,WILLIAM BAUR,10,2027,D,1.68 pts,1.14,,330,,Yes
30,4/15/25,3,S2,BUS302 / 23,PERSONAL FINANCE B,NICOLE SIMEK,12,2025,F,1.50 pts,26.14,,331,,Yes
30,4/15/25,5,S2,MAT702 / 45,ALGEBRA II B,JENNIFER REILLY,12,2025,A-,3.52 pts,4.71,,557,,Yes
30,4/15/25,3,S2,BUS302 / 23,PERSONAL FINANCE B,NICOLE SIMEK,12,2025,B,3.04 pts,4.43,,332,,Yes
30,4/15/25,3,S2,SCI602 / 23,BIOLOGY B,GRANT MERRILL,10,2027,C+,2.50 pts,7,,333,,Yes
30,4/15/25,5,S2,ENG602 / 25,SOPH ENG/B,MARCEE SALAS,10,2027,D+,1.88 pts,7,,333,,Yes
30,4/15/25,5,S2,MAT523 / 25,GEOMETRY B,BRIAN ANDERSON,10,2027,C,2.48 pts,9.14,,334,,Yes
30,4/15/25,4,S2,SCI602 / 24,BIOLOGY B,GRANT MERRILL,9,2028,F,0.00 pts,0,,598,,Yes
30,4/15/25,6,S2,ENG502 / 26,FR ENGLISH/B,DAVID HOLLINGSWORTH,9,2028,A,4.00 pts,0,,598,,Yes
21,2/4/25,4,S2,MAT702 / 24,ALGEBRA II B,JENNIFER REILLY,12,2025,B-,2.71 pts,1.33,,590,,Yes
30,4/15/25,2,S2,MAT523 / 22,GEOMETRY B,ROCHELLE AITON,10,2027,C+,2.68 pts,1,,335,,Yes
30,4/15/25,3,S2,SCI602 / 23,BIOLOGY B,GRANT MERRILL,10,2027,C,2.48 pts,1,,335,,Yes
30,4/15/25,6,S2,SCI602 / 46,BIOLOGY B,WILLIAM BAUR,10,2027,B-,2.71 pts,4.57,,337,,Yes
30,4/15/25,6,S2,MAT702 / 26,ALGEBRA II B,JASON BLAESING,11,2026,A-,3.41 pts,5,,336,,Yes
30,4/15/25,5,S2,MAT702 / 45,ALGEBRA II B,JENNIFER REILLY,11,2026,B-,2.86 pts,3.71,,559,,Yes
30,4/15/25,5,S2,BUS302 / 25,PERSONAL FINANCE B,NICOLE SIMEK,12,2025,B-,2.81 pts,0.43,,560,,Yes
30,4/15/25,4,S2,MAT523 / 24,GEOMETRY B,ROCHELLE AITON,10,2027,C,2.20 pts,4,,338,,Yes
30,4/15/25,5,S2,ENG602 / 25,SOPH ENG/B,MARCEE SALAS,10,2027,C+,2.69 pts,4,,338,,Yes
30,4/15/25,3,S2,MAT702 / 23,ALGEBRA II B,JENNIFER REILLY,11,2026,B+,3.31 pts,0,,339,,Yes
30,4/15/25,5,S2,MAT523 / 25,GEOMETRY B,BRIAN ANDERSON,10,2027,F,1.17 pts,8.86,,340,,Yes
30,4/15/25,6,S2,SCI602 / 46,BIOLOGY B,WILLIAM BAUR,10,2027,F,1.02 pts,8.14,,340,,Yes
30,4/15/25,1,S2,ENG504 / 21,PRE-AP FRESHMAN ENGLISH/B,ANGELINA MERRILL,9,2028,B+,3.32 pts,5,,561,,Yes
30,4/15/25,3,S2,BUS302 / 23,PERSONAL FINANCE B,NICOLE SIMEK,12,2025,A-,3.42 pts,1,,341,,Yes
30,4/15/25,6,S2,MAT702 / 26,ALGEBRA II B,JASON BLAESING,11,2026,A-,3.44 pts,3.43,,342,,Yes
30,4/15/25,2,S2,MAT702 / 22,ALGEBRA II B,JASON BLAESING,12,2025,A,4.00 pts,5,,597,,Yes
30,4/15/25,1,S2,ENG504 / 21,PRE-AP FRESHMAN ENGLISH/B,ANGELINA MERRILL,9,2028,B+,3.32 pts,0.14,,348,,Yes
30,4/15/25,2,S2,MAT523 / 22,GEOMETRY B,ROCHELLE AITON,9,2028,A,3.73 pts,0,,348,,Yes
30,4/15/25,2,S2,SCI610 / 22,CHEMISTRY/B,GRANT MERRILL,11,2026,B,2.92 pts,1.43,,350,,Yes
30,4/15/25,1,S2,ENG504 / 21,PRE-AP FRESHMAN ENGLISH/B,ANGELINA MERRILL,9,2028,F,0.86 pts,16.14,,562,,Yes
30,4/15/25,5,S2,MAT523 / 25,GEOMETRY B,BRIAN ANDERSON,9,2028,B+,3.36 pts,3.86,,351,,Yes
30,4/15/25,3,S2,MAT702 / 23,ALGEBRA II B,JENNIFER REILLY,10,2027,B+,3.30 pts,5.71,,353,,Yes
30,4/15/25,5,S2,ENG602 / 25,SOPH ENG/B,MARCEE SALAS,10,2027,C,2.20 pts,4.86,,353,,Yes
30,4/15/25,6,S2,SCI602 / 46,BIOLOGY B,WILLIAM BAUR,10,2027,A,3.95 pts,4.86,,353,,Yes
30,4/15/25,2,S2,SCI610 / 22,CHEMISTRY/B,GRANT MERRILL,12,2025,W,1.43 pts,8.14,,354,,Yes
30,4/15/25,1,S2,ENG504 / 21,PRE-AP FRESHMAN ENGLISH/B,ANGELINA MERRILL,9,2028,C,2.40 pts,0,,563,,Yes
30,4/15/25,6,S2,SOC702 / 26,US HISTORY/B,SCOTT BOOTHBY,11,2026,F,1.38 pts,12.24,,356,,Yes
30,4/15/25,6,S2,MAT702 / 26,ALGEBRA II B,JASON BLAESING,11,2026,B-,2.86 pts,4.86,,357,,Yes
22,2/11/25,4,S2,MAT702 / 24,ALGEBRA II B,JENNIFER REILLY,12,2025,,,0,,590,,Yes
30,4/15/25,3,S2,MAT523 / 23,GEOMETRY B,ROCHELLE AITON,9,2028,C,2.43 pts,5,,358,,Yes
30,4/15/25,1,S2,SCI504 / 21,PHYSICAL SCIENCE B,JAMES BENNETT,9,2028,C,2.38 pts,0,,565,,Yes
30,4/15/25,6,S2,ENG502 / 26,FR ENGLISH/B,DAVID HOLLINGSWORTH,9,2028,A,3.81 pts,0,,565,,Yes
30,4/15/25,2,S2,MAT523 / 22,GEOMETRY B,ROCHELLE AITON,10,2027,F,0.00 pts,27.71,,360,,Yes
30,4/15/25,1,S2,ENG504 / 21,PRE-AP FRESHMAN ENGLISH/B,ANGELINA MERRILL,9,2028,A,3.76 pts,3,,566,,Yes
30,4/15/25,1,S2,SCI504 / 21,PHYSICAL SCIENCE B,JAMES BENNETT,11,2026,C,2.38 pts,0.71,,361,,Yes
30,4/15/25,6,S2,MAT702 / 26,ALGEBRA II B,JASON BLAESING,11,2026,C+,2.65 pts,0,,361,,Yes
30,4/15/25,5,S2,BUS302 / 25,PERSONAL FINANCE B,NICOLE SIMEK,12,2025,F,0.12 pts,20.57,,362,,Yes
30,4/15/25,1,S2,ENG504 / 21,PRE-AP FRESHMAN ENGLISH/B,ANGELINA MERRILL,9,2028,,3.83 pts,0,,363,,Yes
30,4/15/25,3,S2,MAT523 / 23,GEOMETRY B,ROCHELLE AITON,9,2028,A,3.98 pts,0,,363,,Yes
30,4/15/25,6,S2,ENG502 / 26,FR ENGLISH/B,DAVID HOLLINGSWORTH,9,2028,A,3.80 pts,3,,567,,Yes
30,4/15/25,3,S2,MAT702 / 23,ALGEBRA II B,JENNIFER REILLY,10,2027,A,3.99 pts,1,,364,,Yes
30,4/15/25,4,S2,SCI602 / 24,BIOLOGY B,GRANT MERRILL,10,2027,A-,3.42 pts,1.43,,364,,Yes
30,4/15/25,1,S2,ENG504 / 21,PRE-AP FRESHMAN ENGLISH/B,ANGELINA MERRILL,9,2028,B+,3.39 pts,0,,568,,Yes
30,4/15/25,5,S2,MAT702 / 45,ALGEBRA II B,JENNIFER REILLY,11,2026,B-,2.84 pts,6.33,,569,,Yes
30,4/15/25,4,S2,SCI602 / 24,BIOLOGY B,GRANT MERRILL,10,2027,C+,2.53 pts,6.71,,448,,Yes
30,4/15/25,6,S2,ENG502 / 26,FR ENGLISH/B,DAVID HOLLINGSWORTH,9,2028,B-,2.75 pts,14.29,,366,,Yes
30,4/15/25,2,S2,BUS302 / 22,PERSONAL FINANCE B,NICOLE SIMEK,12,2025,C-,2.06 pts,2.86,,365,,Yes
30,4/15/25,1,S2,ENG504 / 21,PRE-AP FRESHMAN ENGLISH/B,ANGELINA MERRILL,9,2028,B+,3.20 pts,6.57,,450,,Yes
30,4/15/25,4,S2,MAT523 / 24,GEOMETRY B,ROCHELLE AITON,9,2028,D,1.74 pts,7.43,,450,,Yes
30,4/15/25,1,S2,SCI504 / 21,PHYSICAL SCIENCE B,JAMES BENNETT,11,2026,B,3.05 pts,7,,570,,Yes
23,2/18/25,4,S2,MAT702 / 24,ALGEBRA II B,JENNIFER REILLY,12,2025,,,0,,590,,Yes
30,4/15/25,1,S2,SCI504 / 21,PHYSICAL SCIENCE B,JAMES BENNETT,9,2028,C-,2.09 pts,4.29,,461,,Yes
30,4/15/25,6,S2,ENG502 / 26,FR ENGLISH/B,DAVID HOLLINGSWORTH,9,2028,C-,2.16 pts,3.57,,461,,Yes
30,4/15/25,3,S2,BUS302 / 23,PERSONAL FINANCE B,NICOLE SIMEK,12,2025,A,3.96 pts,7,,367,,Yes
30,4/15/25,5,S2,MAT523 / 25,GEOMETRY B,BRIAN ANDERSON,9,2028,B,2.97 pts,3.29,,369,,Yes
30,4/15/25,2,S2,BUS302 / 22,PERSONAL FINANCE B,NICOLE SIMEK,11,2026,F,0.77 pts,18,,451,,Yes
30,4/15/25,6,S2,MAT702 / 26,ALGEBRA II B,JASON BLAESING,11,2026,A-,3.44 pts,1.43,,370,,Yes
30,4/15/25,1,S2,ENG504 / 21,PRE-AP FRESHMAN ENGLISH/B,ANGELINA MERRILL,9,2028,A,3.61 pts,4.71,,571,,Yes
30,4/15/25,5,S2,ENG602 / 25,SOPH ENG/B,MARCEE SALAS,10,2027,F,1.63 pts,9,,371,,Yes
30,4/15/25,3,S2,SCI602 / 23,BIOLOGY B,GRANT MERRILL,10,2027,C+,2.53 pts,4.43,,372,,Yes
30,4/15/25,5,S2,MAT523 / 25,GEOMETRY B,BRIAN ANDERSON,10,2027,C+,2.68 pts,4.43,,372,,Yes
30,4/15/25,4,S2,MAT523 / 24,GEOMETRY B,ROCHELLE AITON,10,2027,A-,3.56 pts,0.43,,452,,Yes
30,4/15/25,6,S2,SCI602 / 26,BIOLOGY B,GRANT MERRILL,10,2027,A,3.93 pts,0.43,,452,,Yes
30,4/15/25,2,S2,ENG602 / 22,SOPH ENG/B,KELLY GREGERSEN,10,2027,A-,3.44 pts,5,,572,,Yes
30,4/15/25,3,S2,MAT523 / 23,GEOMETRY B,ROCHELLE AITON,10,2027,B,3.13 pts,5.14,,572,,Yes
30,4/15/25,6,S2,SCI602 / 26,BIOLOGY B,GRANT MERRILL,10,2027,C,2.48 pts,2.14,,453,,Yes
30,4/15/25,6,S2,SCI602 / 26,BIOLOGY B,GRANT MERRILL,9,2028,F,0.00 pts,0.14,,599,,Yes
30,4/15/25,5,S2,ENG602 / 25,SOPH ENG/B,MARCEE SALAS,10,2027,A,3.85 pts,0,,373,,Yes
30,4/15/25,6,S2,SCI602 / 46,BIOLOGY B,WILLIAM BAUR,10,2027,A,4.00 pts,0,,373,,Yes
30,4/15/25,1,S2,ENG504 / 21,PRE-AP FRESHMAN ENGLISH/B,ANGELINA MERRILL,9,2028,C,2.34 pts,5,,573,,Yes
30,4/15/25,3,S2,BUS302 / 23,PERSONAL FINANCE B,NICOLE SIMEK,11,2026,C+,2.51 pts,7.43,,574,,Yes
30,4/15/25,6,S2,SCI602 / 26,BIOLOGY B,GRANT MERRILL,10,2027,D,1.70 pts,2.29,,375,,Yes
30,4/15/25,6,S2,SOC702 / 26,US HISTORY/B,SCOTT BOOTHBY,11,2026,B-,2.71 pts,3,,376,,Yes
30,4/15/25,4,S2,SCI602 / 24,BIOLOGY B,GRANT MERRILL,10,2027,C,2.24 pts,1,,374,,Yes
30,4/15/25,2,S2,BUS302 / 22,PERSONAL FINANCE B,NICOLE SIMEK,12,2025,F,1.62 pts,9.86,,377,,Yes
30,4/15/25,1,S2,MAT523 / 21,GEOMETRY B,ROCHELLE AITON,10,2027,B,3.05 pts,1.29,,454,,Yes
30,4/15/25,3,S2,MAT702 / 23,ALGEBRA II B,JENNIFER REILLY,11,2026,F,0.94 pts,9.79,,380,,Yes
30,4/15/25,6,S2,SOC702 / 26,US HISTORY/B,SCOTT BOOTHBY,11,2026,C-,2.00 pts,7.26,,380,,Yes
30,4/15/25,5,S2,MAT702 / 45,ALGEBRA II B,JENNIFER REILLY,11,2026,A,3.88 pts,2,,575,,Yes
24,2/25/25,4,S2,MAT702 / 24,ALGEBRA II B,JENNIFER REILLY,12,2025,F,0.90 pts,1.33,,590,,Yes
30,4/15/25,5,S2,ENG602 / 25,SOPH ENG/B,MARCEE SALAS,10,2027,B,2.99 pts,1.57,,455,,Yes
30,4/15/25,5,S2,ENG602 / 25,SOPH ENG/B,MARCEE SALAS,10,2027,B,2.94 pts,8.14,,456,,Yes
30,4/15/25,2,S2,MAT523 / 22,GEOMETRY B,ROCHELLE AITON,10,2027,D+,1.80 pts,2,,382,,Yes
30,4/15/25,2,S2,MAT523 / 22,GEOMETRY B,ROCHELLE AITON,10,2027,C,2.43 pts,11.86,,383,,Yes
30,4/15/25,3,S2,SCI602 / 23,BIOLOGY B,GRANT MERRILL,10,2027,B,2.98 pts,12,,383,,Yes
30,4/15/25,5,S2,ENG602 / 25,SOPH ENG/B,MARCEE SALAS,10,2027,C,2.22 pts,12.71,,383,,Yes
30,4/15/25,6,S2,MAT702 / 26,ALGEBRA II B,JASON BLAESING,10,2027,B+,3.38 pts,1,,384,,Yes
30,4/15/25,3,S2,BUS302 / 23,PERSONAL FINANCE B,NICOLE SIMEK,12,2025,A,3.60 pts,3.71,,385,,Yes
30,4/15/25,2,S2,MAT523 / 22,GEOMETRY B,ROCHELLE AITON,10,2027,C+,2.55 pts,8.43,,386,,Yes
30,4/15/25,4,S2,SCI602 / 24,BIOLOGY B,GRANT MERRILL,10,2027,B+,3.36 pts,9,,386,,Yes
30,4/15/25,5,S2,MAT523 / 25,GEOMETRY B,BRIAN ANDERSON,10,2027,B,3.02 pts,2,,576,,Yes
25,3/4/25,4,S2,MAT702 / 24,ALGEBRA II B,JENNIFER REILLY,12,2025,F,0.86 pts,1.33,,590,,Yes
30,4/15/25,5,S2,MAT702 / 45,ALGEBRA II B,JENNIFER REILLY,10,2027,A,3.80 pts,1,,578,,Yes
30,4/15/25,2,S2,SCI610 / 22,CHEMISTRY/B,GRANT MERRILL,11,2026,B,3.00 pts,0.29,,387,,Yes
30,4/15/25,3,S2,MAT702 / 23,ALGEBRA II B,JENNIFER REILLY,11,2026,A,3.97 pts,0,,387,,Yes
30,4/15/25,2,S2,SCI610 / 22,CHEMISTRY/B,GRANT MERRILL,11,2026,C+,2.58 pts,0,,388,,Yes
26,3/11/25,4,S2,MAT702 / 24,ALGEBRA II B,JENNIFER REILLY,12,2025,F,1.45 pts,1.33,,590,,Yes
30,4/15/25,5,S2,BUS302 / 25,PERSONAL FINANCE B,NICOLE SIMEK,12,2025,A,3.72 pts,1.86,,579,,Yes
30,4/15/25,1,S2,MAT523 / 21,GEOMETRY B,ROCHELLE AITON,10,2027,B+,3.37 pts,3.14,,389,,Yes
30,4/15/25,3,S2,SCI602 / 23,BIOLOGY B,GRANT MERRILL,10,2027,B+,3.26 pts,3,,389,,Yes
30,4/15/25,6,S2,SOC702 / 26,US HISTORY/B,SCOTT BOOTHBY,11,2026,F,0.82 pts,23.48,,580,,Yes
30,4/15/25,3,S2,SCI602 / 23,BIOLOGY B,GRANT MERRILL,10,2027,F,1.25 pts,7.71,,391,,Yes
30,4/15/25,2,S2,ENG602 / 22,SOPH ENG/B,KELLY GREGERSEN,10,2027,B+,3.36 pts,3.43,,392,,Yes
30,4/15/25,5,S2,MAT702 / 45,ALGEBRA II B,JENNIFER REILLY,10,2027,B,3.07 pts,5.43,,581,,Yes
30,4/15/25,3,S2,BUS302 / 23,PERSONAL FINANCE B,NICOLE SIMEK,12,2025,B-,2.70 pts,3.86,,394,,Yes
30,4/15/25,4,S2,MAT523 / 24,GEOMETRY B,ROCHELLE AITON,10,2027,B-,2.87 pts,0.43,,458,,Yes
30,4/15/25,5,S2,MAT702 / 45,ALGEBRA II B,JENNIFER REILLY,11,2026,C+,2.53 pts,3.71,,582,,Yes
30,4/15/25,1,S2,SCI504 / 21,PHYSICAL SCIENCE B,JAMES BENNETT,9,2028,C-,2.11 pts,8,,583,,Yes
30,4/15/25,6,S2,ENG502 / 26,FR ENGLISH/B,DAVID HOLLINGSWORTH,9,2028,C+,2.68 pts,7.71,,583,,Yes
30,4/15/25,1,S2,SCI504 / 21,PHYSICAL SCIENCE B,JAMES BENNETT,9,2028,C+,2.59 pts,6.29,,584,,Yes
30,4/15/25,2,S2,MAT702 / 22,ALGEBRA II B,JASON BLAESING,10,2027,A,4.00 pts,2.71,,398,,Yes
30,4/15/25,3,S2,SCI602 / 23,BIOLOGY B,GRANT MERRILL,10,2027,A,3.88 pts,2.43,,398,,Yes
30,4/15/25,1,S2,MAT523 / 21,GEOMETRY B,ROCHELLE AITON,10,2027,D+,1.98 pts,9.43,,399,,Yes
30,4/15/25,2,S2,ENG602 / 22,SOPH ENG/B,KELLY GREGERSEN,10,2027,C+,2.63 pts,9.43,,399,,Yes
30,4/15/25,6,S2,SCI602 / 26,BIOLOGY B,GRANT MERRILL,10,2027,C+,2.66 pts,9.71,,399,,Yes
30,4/15/25,3,S2,SCI602 / 23,BIOLOGY B,GRANT MERRILL,10,2027,F,0.95 pts,24.71,,585,,Yes
30,4/15/25,1,S2,SCI504 / 21,PHYSICAL SCIENCE B,JAMES BENNETT,11,2026,C-,2.09 pts,18,,586,,Yes
27,3/18/25,4,S2,MAT702 / 24,ALGEBRA II B,JENNIFER REILLY,12,2025,F,1.62 pts,1.33,,590,,Yes
30,4/15/25,1,S2,ENG504 / 21,PRE-AP FRESHMAN ENGLISH/B,ANGELINA MERRILL,9,2028,B-,2.86 pts,2.14,,587,,Yes
30,4/15/25,1,S2,SCI504 / 21,PHYSICAL SCIENCE B,JAMES BENNETT,12,2025,C-,2.15 pts,5,,588,,Yes
30,4/15/25,4,S2,SCI602 / 24,BIOLOGY B,GRANT MERRILL,10,2027,A-,3.45 pts,10.14,,401,,Yes
30,4/15/25,5,S2,ENG602 / 25,SOPH ENG/B,MARCEE SALAS,10,2027,C,2.24 pts,10.71,,401,,Yes
30,4/15/25,5,S2,MAT523 / 25,GEOMETRY B,BRIAN ANDERSON,10,2027,F,1.59 pts,4.86,,402,,Yes
30,4/15/25,3,S2,MAT523 / 23,GEOMETRY B,ROCHELLE AITON,10,2027,C,2.40 pts,6.14,,403,,Yes
30,4/15/25,5,S2,ENG602 / 25,SOPH ENG/B,MARCEE SALAS,10,2027,B,3.00 pts,6,,403,,Yes
28,3/25/25,4,S2,MAT702 / 24,ALGEBRA II B,JENNIFER REILLY,12,2025,C,2.21 pts,1.33,,590,,Yes
29,4/8/25,4,S2,MAT702 / 24,ALGEBRA II B,JENNIFER REILLY,12,2025,B-,2.74 pts,1.33,,590,,Yes
30,4/15/25,2,S2,ENG602 / 22,SOPH ENG/B,KELLY GREGERSEN,10,2027,C+,2.64 pts,0,,404,,Yes
30,4/15/25,3,S2,MAT523 / 23,GEOMETRY B,ROCHELLE AITON,10,2027,B+,3.32 pts,0,,404,,Yes
30,4/15/25,4,S2,SCI602 / 24,BIOLOGY B,GRANT MERRILL,10,2027,B,2.98 pts,0,,404,,Yes
30,4/15/25,3,S2,MAT702 / 23,ALGEBRA II B,JENNIFER REILLY,10,2027,B-,2.88 pts,0,,405,,Yes
30,4/15/25,4,S2,SCI602 / 24,BIOLOGY B,GRANT MERRILL,10,2027,B,2.96 pts,0,,405,,Yes
30,4/15/25,5,S2,ENG602 / 25,SOPH ENG/B,MARCEE SALAS,10,2027,A,3.71 pts,0,,405,,Yes
30,4/15/25,3,S2,MAT702 / 23,ALGEBRA II B,JENNIFER REILLY,11,2026,B-,2.78 pts,1.86,,406,,Yes
30,4/15/25,1,S2,MAT523 / 21,GEOMETRY B,ROCHELLE AITON,10,2027,F,0.32 pts,15.14,,407,,Yes
30,4/15/25,2,S2,ENG602 / 22,SOPH ENG/B,KELLY GREGERSEN,10,2027,C,2.32 pts,14.86,,407,,Yes
30,4/15/25,6,S2,SCI602 / 46,BIOLOGY B,WILLIAM BAUR,10,2027,C,2.25 pts,16.43,,407,,Yes
30,4/15/25,5,S2,BUS302 / 25,PERSONAL FINANCE B,NICOLE SIMEK,12,2025,C+,2.60 pts,2.29,,408,,Yes
30,4/15/25,4,S2,SCI602 / 24,BIOLOGY B,GRANT MERRILL,11,2026,C,2.44 pts,1.14,,591,,Yes
30,4/15/25,5,S2,BUS302 / 25,PERSONAL FINANCE B,NICOLE SIMEK,11,2026,A,3.68 pts,2,,591,,Yes
30,4/15/25,6,S2,ENG502 / 26,FR ENGLISH/B,DAVID HOLLINGSWORTH,9,2028,F,0.69 pts,25.57,,410,,Yes
30,4/15/25,2,S2,MAT523 / 22,GEOMETRY B,ROCHELLE AITON,10,2027,C-,2.13 pts,0.29,,411,,Yes
30,4/15/25,3,S2,SCI602 / 23,BIOLOGY B,GRANT MERRILL,10,2027,C+,2.51 pts,0,,411,,Yes
30,4/15/25,4,S2,MAT523 / 24,GEOMETRY B,ROCHELLE AITON,10,2027,C+,2.57 pts,0.71,,460,,Yes
30,4/15/25,1,S2,SCI504 / 21,PHYSICAL SCIENCE B,JAMES BENNETT,11,2026,D+,1.88 pts,0,,412,,Yes
30,4/15/25,2,S2,MAT702 / 22,ALGEBRA II B,JASON BLAESING,11,2026,,0.00 pts,0,,412,,Yes
30,4/15/25,5,S2,MAT702 / 45,ALGEBRA II B,JENNIFER REILLY,11,2026,B,2.95 pts,0,,412,,Yes
30,4/15/25,1,S2,SCI504 / 21,PHYSICAL SCIENCE B,JAMES BENNETT,9,2028,C,2.38 pts,2,,592,,Yes
30,4/15/25,3,S2,BUS302 / 23,PERSONAL FINANCE B,NICOLE SIMEK,12,2025,A,4.00 pts,34.43,,413,,Yes
30,4/15/25,1,S2,MAT523 / 21,GEOMETRY B,ROCHELLE AITON,10,2027,C,2.45 pts,0.71,,414,,Yes
30,4/15/25,5,S2,ENG602 / 25,SOPH ENG/B,MARCEE SALAS,10,2027,C,2.24 pts,0,,414,,Yes
30,4/15/25,6,S2,SCI602 / 46,BIOLOGY B,WILLIAM BAUR,10,2027,C+,2.53 pts,0,,414,,Yes
30,4/15/25,5,S2,BUS302 / 25,PERSONAL FINANCE B,NICOLE SIMEK,12,2025,A,4.00 pts,5,,593,,Yes
30,4/15/25,1,S2,SCI504 / 21,PHYSICAL SCIENCE B,JAMES BENNETT,12,2025,C,2.34 pts,5.86,,415,,Yes
30,4/15/25,2,S2,BUS302 / 22,PERSONAL FINANCE B,NICOLE SIMEK,12,2025,C+,2.61 pts,5.14,,415,,Yes
30,4/15/25,2,S2,ENG602 / 22,SOPH ENG/B,KELLY GREGERSEN,10,2027,C-,2.09 pts,11.43,,416,,Yes
30,4/15/25,3,S2,SCI602 / 23,BIOLOGY B,GRANT MERRILL,10,2027,C+,2.65 pts,11.14,,416,,Yes
30,4/15/25,4,S2,MAT523 / 24,GEOMETRY B,ROCHELLE AITON,10,2027,D+,1.83 pts,12.43,,416,,Yes
30,4/15/25,6,S2,SCI602 / 46,BIOLOGY B,WILLIAM BAUR,10,2027,A-,3.50 pts,1,,417,,Yes
30,4/15/25,2,S2,ENG602 / 22,SOPH ENG/B,KELLY GREGERSEN,10,2027,C-,2.19 pts,7,,418,,Yes
30,4/15/25,4,S2,MAT702 / 24,ALGEBRA II B,JENNIFER REILLY,12,2025,B-,2.71 pts,1.33,,590,,Yes
30,4/15/25,6,S2,SCI602 / 26,BIOLOGY B,GRANT MERRILL,10,2027,B-,2.88 pts,6.43,,418,,Yes
30,4/15/25,3,S2,MAT523 / 23,GEOMETRY B,ROCHELLE AITON,9,2028,F,0.00 pts,32,,419,,Yes
30,4/15/25,5,S2,MAT523 / 25,GEOMETRY B,BRIAN ANDERSON,9,2028,B,2.90 pts,0,,420,,Yes
30,4/15/25,1,S2,SCI504 / 21,PHYSICAL SCIENCE B,JAMES BENNETT,9,2028,B,2.98 pts,5,,594,,Yes
30,4/15/25,4,S2,SCI602 / 24,BIOLOGY B,GRANT MERRILL,10,2027,B+,3.21 pts,3,,421,,Yes
30,4/15/25,2,S2,BUS302 / 22,PERSONAL FINANCE B,NICOLE SIMEK,12,2025,F,0.87 pts,16.74,,422,,Yes
30,4/15/25,2,S2,SCI610 / 22,CHEMISTRY/B,GRANT MERRILL,12,2025,C,2.42 pts,5.33,,423,,Yes
30,4/15/25,2,S2,ENG602 / 22,SOPH ENG/B,KELLY GREGERSEN,10,2027,F,1.43 pts,11.43,,48,,Yes
30,4/15/25,5,S2,MAT523 / 25,GEOMETRY B,BRIAN ANDERSON,10,2027,F,0.85 pts,11.14,,48,,Yes
30,4/15/25,6,S2,SCI602 / 26,BIOLOGY B,GRANT MERRILL,10,2027,C-,2.03 pts,11.29,,48,,Yes
30,4/15/25,1,S2,SCI504 / 21,PHYSICAL SCIENCE B,JAMES BENNETT,12,2025,F,1.63 pts,9.86,,49,,Yes
30,4/15/25,6,S2,MAT702 / 26,ALGEBRA II B,JASON BLAESING,12,2025,F,1.21 pts,9.86,,49,,Yes